reference,time_center,mov_type,target,model,fold,group,group_by,embargo_seconds,prob_walking,prediction
02548893X-118,2025-02-28 09:48:08+00:00,not_walking,0,random_forest,1,02548893X-118,reference,0.0,0.33016824125813193,0
02548893X-118,2025-02-28 09:48:09+00:00,not_walking,0,random_forest,1,02548893X-118,reference,0.0,0.38947536710887953,0
02548893X-118,2025-02-28 09:48:10+00:00,not_walking,0,random_forest,1,02548893X-118,reference,0.0,0.27191136530649423,0
02548893X-118,2025-02-28 09:48:11+00:00,not_walking,0,random_forest,1,02548893X-118,reference,0.0,0.2551463756205877,0
02548893X-118,2025-02-28 09:48:12+00:00,not_walking,0,random_forest,1,02548893X-118,reference,0.0,0.23422318717627108,0
02548893X-118,2025-02-28 09:48:13+00:00,not_walking,0,random_forest,1,02548893X-118,reference,0.0,0.16510345754948422,0
02548893X-118,2025-02-28 09:48:14+00:00,not_walking,0,random_forest,1,02548893X-118,reference,0.0,0.16497458677086985,0
02548893X-118,2025-02-28 09:48:15+00:00,not_walking,0,random_forest,1,02548893X-118,reference,0.0,0.23775743352585746,0
02548893X-118,2025-02-28 09:48:16+00:00,not_walking,0,random_forest,1,02548893X-118,reference,0.0,0.37810468144004294,0
02548893X-118,2025-02-28 09:48:17+00:00,not_walking,0,random_forest,1,02548893X-118,reference,0.0,0.24364658504549974,0
02548893X-118,2025-02-28 09:48:18+00:00,not_walking,0,random_forest,1,02548893X-118,reference,0.0,0.15525699571501722,0
02548893X-118,2025-02-28 09:48:19+00:00,not_walking,0,random_forest,1,02548893X-118,reference,0.0,0.14183990625149578,0
02548893X-118,2025-02-28 09:48:20+00:00,not_walking,0,random_forest,1,02548893X-118,reference,0.0,0.2079517100881447,0
02548893X-118,2025-02-28 09:48:21+00:00,not_walking,0,random_forest,1,02548893X-118,reference,0.0,0.16437099039401093,0
02548893X-118,2025-02-28 09:48:22+00:00,not_walking,0,random_forest,1,02548893X-118,reference,0.0,0.19105459484633322,0
02548893X-118,2025-02-28 09:48:23+00:00,not_walking,0,random_forest,1,02548893X-118,reference,0.0,0.3158059133237877,0
02548893X-118,2025-02-28 09:48:24+00:00,not_walking,0,random_forest,1,02548893X-118,reference,0.0,0.26102350102693056,0
02548893X-118,2025-02-28 09:48:25+00:00,not_walking,0,random_forest,1,02548893X-118,reference,0.0,0.18354294610360494,0
02548893X-118,2025-02-28 09:48:26+00:00,not_walking,0,random_forest,1,02548893X-118,reference,0.0,0.17758031697973706,0
02548893X-118,2025-02-28 09:48:27+00:00,not_walking,0,random_forest,1,02548893X-118,reference,0.0,0.208072146346667,0
02548893X-118,2025-02-28 09:48:28+00:00,not_walking,0,random_forest,1,02548893X-118,reference,0.0,0.18619642745310677,0
02548893X-118,2025-02-28 09:48:29+00:00,not_walking,0,random_forest,1,02548893X-118,reference,0.0,0.26529851974037755,0
02548893X-118,2025-02-28 09:48:30+00:00,not_walking,0,random_forest,1,02548893X-118,reference,0.0,0.3228138956313616,0
02548893X-118,2025-02-28 09:48:31+00:00,not_walking,0,random_forest,1,02548893X-118,reference,0.0,0.31963436455389543,0
02548893X-118,2025-02-28 09:48:32+00:00,not_walking,0,random_forest,1,02548893X-118,reference,0.0,0.5465859264504639,1
02548893X-118,2025-02-28 09:48:33+00:00,not_walking,0,random_forest,1,02548893X-118,reference,0.0,0.40661892438270325,0
02548893X-118,2025-02-28 09:48:34+00:00,not_walking,0,random_forest,1,02548893X-118,reference,0.0,0.38846174390688104,0
02548893X-118,2025-02-28 09:48:35+00:00,not_walking,0,random_forest,1,02548893X-118,reference,0.0,0.33130215313104755,0
02548893X-118,2025-02-28 09:48:36+00:00,not_walking,0,random_forest,1,02548893X-118,reference,0.0,0.29452451654147854,0
02548893X-118,2025-02-28 09:48:37+00:00,not_walking,0,random_forest,1,02548893X-118,reference,0.0,0.30864587735341403,0
02548893X-118,2025-02-28 09:48:38+00:00,not_walking,0,random_forest,1,02548893X-118,reference,0.0,0.31595627954621863,0
02548893X-118,2025-02-28 09:48:39+00:00,not_walking,0,random_forest,1,02548893X-118,reference,0.0,0.3089140652375924,0
02548893X-118,2025-02-28 09:48:40+00:00,not_walking,0,random_forest,1,02548893X-118,reference,0.0,0.3191120194785208,0
02548893X-118,2025-02-28 09:48:41+00:00,not_walking,0,random_forest,1,02548893X-118,reference,0.0,0.3305045131023013,0
02548893X-118,2025-02-28 09:48:42+00:00,not_walking,0,random_forest,1,02548893X-118,reference,0.0,0.3117905464676798,0
02548893X-118,2025-02-28 09:48:43+00:00,not_walking,0,random_forest,1,02548893X-118,reference,0.0,0.27545762599477575,0
02548893X-118,2025-02-28 09:48:44+00:00,not_walking,0,random_forest,1,02548893X-118,reference,0.0,0.3281529911407852,0
02548893X-118,2025-02-28 09:48:45+00:00,not_walking,0,random_forest,1,02548893X-118,reference,0.0,0.31222014628693096,0
02548893X-118,2025-02-28 09:48:46+00:00,not_walking,0,random_forest,1,02548893X-118,reference,0.0,0.33834961702873495,0
02548893X-118,2025-02-28 09:48:47+00:00,not_walking,0,random_forest,1,02548893X-118,reference,0.0,0.347368789810682,0
02548893X-118,2025-02-28 09:48:48+00:00,not_walking,0,random_forest,1,02548893X-118,reference,0.0,0.3054986137247356,0
02548893X-118,2025-02-28 09:48:49+00:00,not_walking,0,random_forest,1,02548893X-118,reference,0.0,0.3739178831352143,0
02548893X-118,2025-02-28 09:48:50+00:00,not_walking,0,random_forest,1,02548893X-118,reference,0.0,0.36691368668994373,0
02548893X-118,2025-02-28 09:48:51+00:00,not_walking,0,random_forest,1,02548893X-118,reference,0.0,0.37089171934397835,0
02548893X-118,2025-02-28 09:48:52+00:00,not_walking,0,random_forest,1,02548893X-118,reference,0.0,0.34807026170916605,0
02548893X-118,2025-02-28 09:48:53+00:00,not_walking,0,random_forest,1,02548893X-118,reference,0.0,0.35520963360856894,0
02548893X-118,2025-02-28 09:48:54+00:00,not_walking,0,random_forest,1,02548893X-118,reference,0.0,0.35785829759724774,0
02548893X-118,2025-02-28 09:48:55+00:00,not_walking,0,random_forest,1,02548893X-118,reference,0.0,0.3898338744504982,0
02548893X-118,2025-02-28 09:48:56+00:00,not_walking,0,random_forest,1,02548893X-118,reference,0.0,0.38428410151088505,0
02548893X-118,2025-02-28 09:48:57+00:00,not_walking,0,random_forest,1,02548893X-118,reference,0.0,0.2553049579817374,0
02548893X-118,2025-02-28 09:48:58+00:00,not_walking,0,random_forest,1,02548893X-118,reference,0.0,0.37582416498762045,0
02548893X-118,2025-02-28 09:48:59+00:00,not_walking,0,random_forest,1,02548893X-118,reference,0.0,0.34948876245805943,0
02548893X-118,2025-02-28 09:49:00+00:00,not_walking,0,random_forest,1,02548893X-118,reference,0.0,0.3243190560147444,0
02548893X-118,2025-02-28 09:49:01+00:00,not_walking,0,random_forest,1,02548893X-118,reference,0.0,0.3272407048068943,0
02548893X-118,2025-02-28 09:49:02+00:00,not_walking,0,random_forest,1,02548893X-118,reference,0.0,0.36055129902121574,0
02548893X-118,2025-02-28 09:49:03+00:00,not_walking,0,random_forest,1,02548893X-118,reference,0.0,0.36302335463837704,0
02548893X-118,2025-02-28 09:49:04+00:00,not_walking,0,random_forest,1,02548893X-118,reference,0.0,0.34720641172417854,0
02548893X-118,2025-02-28 09:49:05+00:00,not_walking,0,random_forest,1,02548893X-118,reference,0.0,0.35871247173358156,0
02548893X-118,2025-02-28 09:49:06+00:00,not_walking,0,random_forest,1,02548893X-118,reference,0.0,0.31935697248460626,0
02548893X-118,2025-02-28 09:49:07+00:00,not_walking,0,random_forest,1,02548893X-118,reference,0.0,0.36422806447065353,0
02548893X-118,2025-02-28 09:49:08+00:00,not_walking,0,random_forest,1,02548893X-118,reference,0.0,0.3446557839124341,0
02548893X-118,2025-02-28 09:49:09+00:00,not_walking,0,random_forest,1,02548893X-118,reference,0.0,0.39830832850680464,0
02548893X-118,2025-02-28 09:49:10+00:00,not_walking,0,random_forest,1,02548893X-118,reference,0.0,0.2902349628965522,0
02548893X-118,2025-02-28 09:49:11+00:00,not_walking,0,random_forest,1,02548893X-118,reference,0.0,0.28464826518871394,0
02548893X-118,2025-02-28 09:49:12+00:00,not_walking,0,random_forest,1,02548893X-118,reference,0.0,0.2382300706123841,0
02548893X-118,2025-02-28 09:49:13+00:00,not_walking,0,random_forest,1,02548893X-118,reference,0.0,0.25361254854711834,0
02548893X-118,2025-02-28 09:49:14+00:00,not_walking,0,random_forest,1,02548893X-118,reference,0.0,0.13131178229760254,0
02548893X-118,2025-02-28 09:49:15+00:00,not_walking,0,random_forest,1,02548893X-118,reference,0.0,0.25436354746426404,0
02548893X-118,2025-02-28 09:49:16+00:00,not_walking,0,random_forest,1,02548893X-118,reference,0.0,0.23307741057965647,0
02548893X-118,2025-02-28 09:49:17+00:00,not_walking,0,random_forest,1,02548893X-118,reference,0.0,0.2764221556224426,0
02548893X-118,2025-02-28 09:49:18+00:00,not_walking,0,random_forest,1,02548893X-118,reference,0.0,0.33915663822367703,0
02548893X-118,2025-02-28 09:49:19+00:00,not_walking,0,random_forest,1,02548893X-118,reference,0.0,0.36691160555070335,0
02548893X-118,2025-02-28 09:49:20+00:00,not_walking,0,random_forest,1,02548893X-118,reference,0.0,0.3959008563598437,0
02548893X-118,2025-02-28 09:49:21+00:00,not_walking,0,random_forest,1,02548893X-118,reference,0.0,0.4216135301298891,0
02548893X-118,2025-02-28 09:49:22+00:00,not_walking,0,random_forest,1,02548893X-118,reference,0.0,0.4773935344416831,0
02548893X-118,2025-02-28 09:49:23+00:00,not_walking,0,random_forest,1,02548893X-118,reference,0.0,0.44702890708339565,0
02548893X-118,2025-02-28 09:49:24+00:00,not_walking,0,random_forest,1,02548893X-118,reference,0.0,0.36315545324266824,0
02548893X-118,2025-02-28 09:49:25+00:00,not_walking,0,random_forest,1,02548893X-118,reference,0.0,0.4872246682303484,0
02548893X-118,2025-02-28 09:49:26+00:00,not_walking,0,random_forest,1,02548893X-118,reference,0.0,0.422730023235975,0
02548893X-118,2025-02-28 09:49:27+00:00,not_walking,0,random_forest,1,02548893X-118,reference,0.0,0.6984359384411877,1
02548893X-118,2025-02-28 09:49:28+00:00,not_walking,0,random_forest,1,02548893X-118,reference,0.0,0.6368336811436508,1
02548893X-118,2025-02-28 09:49:29+00:00,not_walking,0,random_forest,1,02548893X-118,reference,0.0,0.8172648736758793,1
02548893X-118,2025-02-28 09:49:30+00:00,not_walking,0,random_forest,1,02548893X-118,reference,0.0,0.6887689230002453,1
02548893X-118,2025-02-28 09:49:31+00:00,not_walking,0,random_forest,1,02548893X-118,reference,0.0,0.7683333046733506,1
02548893X-118,2025-02-28 09:49:32+00:00,not_walking,0,random_forest,1,02548893X-118,reference,0.0,0.7561103590203909,1
02548893X-118,2025-02-28 09:49:33+00:00,not_walking,0,random_forest,1,02548893X-118,reference,0.0,0.4739358150321249,0
02548893X-118,2025-02-28 09:49:34+00:00,not_walking,0,random_forest,1,02548893X-118,reference,0.0,0.7330289133425313,1
02548893X-118,2025-02-28 09:49:35+00:00,not_walking,0,random_forest,1,02548893X-118,reference,0.0,0.6409244830238581,1
02548893X-118,2025-02-28 09:49:36+00:00,not_walking,0,random_forest,1,02548893X-118,reference,0.0,0.6474426283206428,1
02548893X-118,2025-02-28 09:49:37+00:00,not_walking,0,random_forest,1,02548893X-118,reference,0.0,0.7109645894605919,1
02548893X-118,2025-02-28 09:49:38+00:00,not_walking,0,random_forest,1,02548893X-118,reference,0.0,0.6810433752600723,1
02548893X-118,2025-02-28 09:49:39+00:00,not_walking,0,random_forest,1,02548893X-118,reference,0.0,0.6314376136477335,1
02548893X-118,2025-02-28 09:49:40+00:00,not_walking,0,random_forest,1,02548893X-118,reference,0.0,0.6694998616664246,1
02548893X-118,2025-02-28 09:49:41+00:00,not_walking,0,random_forest,1,02548893X-118,reference,0.0,0.6378537611486882,1
02548893X-118,2025-02-28 09:49:42+00:00,not_walking,0,random_forest,1,02548893X-118,reference,0.0,0.6508568212037725,1
02548893X-118,2025-02-28 09:49:43+00:00,not_walking,0,random_forest,1,02548893X-118,reference,0.0,0.6768810215911735,1
02548893X-118,2025-02-28 09:49:44+00:00,not_walking,0,random_forest,1,02548893X-118,reference,0.0,0.5380212399035371,1
02548893X-118,2025-02-28 09:49:45+00:00,not_walking,0,random_forest,1,02548893X-118,reference,0.0,0.6959070655365378,1
02548893X-118,2025-02-28 09:49:46+00:00,not_walking,0,random_forest,1,02548893X-118,reference,0.0,0.5134770364609561,1
02548893X-118,2025-02-28 09:49:47+00:00,not_walking,0,random_forest,1,02548893X-118,reference,0.0,0.47852419894266557,0
02548893X-118,2025-02-28 09:49:48+00:00,not_walking,0,random_forest,1,02548893X-118,reference,0.0,0.42956107490829804,0
02548893X-118,2025-02-28 09:49:49+00:00,not_walking,0,random_forest,1,02548893X-118,reference,0.0,0.4569034961148634,0
02548893X-118,2025-02-28 09:49:50+00:00,not_walking,0,random_forest,1,02548893X-118,reference,0.0,0.552337571499037,1
02548893X-118,2025-02-28 09:49:51+00:00,not_walking,0,random_forest,1,02548893X-118,reference,0.0,0.46487503351829257,0
02548893X-118,2025-02-28 09:49:52+00:00,not_walking,0,random_forest,1,02548893X-118,reference,0.0,0.6965658872329376,1
02548893X-118,2025-02-28 09:49:53+00:00,not_walking,0,random_forest,1,02548893X-118,reference,0.0,0.4089864105523607,0
02548893X-118,2025-02-28 09:49:54+00:00,not_walking,0,random_forest,1,02548893X-118,reference,0.0,0.6762430764338442,1
02548893X-118,2025-02-28 09:49:55+00:00,not_walking,0,random_forest,1,02548893X-118,reference,0.0,0.6711851141588181,1
02548893X-118,2025-02-28 09:49:56+00:00,not_walking,0,random_forest,1,02548893X-118,reference,0.0,0.7361056156916603,1
02548893X-118,2025-02-28 09:49:57+00:00,not_walking,0,random_forest,1,02548893X-118,reference,0.0,0.625234314496424,1
02548893X-118,2025-02-28 09:49:58+00:00,not_walking,0,random_forest,1,02548893X-118,reference,0.0,0.6748382098817399,1
02548893X-118,2025-02-28 09:49:59+00:00,not_walking,0,random_forest,1,02548893X-118,reference,0.0,0.6969981833435931,1
02548893X-118,2025-02-28 09:50:00+00:00,not_walking,0,random_forest,1,02548893X-118,reference,0.0,0.5921234593715581,1
02548893X-118,2025-02-28 09:50:01+00:00,not_walking,0,random_forest,1,02548893X-118,reference,0.0,0.6197677270099223,1
02548893X-118,2025-02-28 09:50:02+00:00,not_walking,0,random_forest,1,02548893X-118,reference,0.0,0.7093620872268551,1
02548893X-118,2025-02-28 09:50:03+00:00,not_walking,0,random_forest,1,02548893X-118,reference,0.0,0.6915054398875073,1
02548893X-118,2025-02-28 09:50:04+00:00,not_walking,0,random_forest,1,02548893X-118,reference,0.0,0.6861586292819338,1
02548893X-118,2025-02-28 09:50:05+00:00,not_walking,0,random_forest,1,02548893X-118,reference,0.0,0.7114245827173966,1
04845288Q-121,2025-03-01 11:32:18+00:00,walking,1,random_forest,2,04845288Q-121,reference,0.0,0.07283149782983488,0
04845288Q-121,2025-03-01 11:32:19+00:00,walking,1,random_forest,2,04845288Q-121,reference,0.0,0.22082672920784246,0
04845288Q-121,2025-03-01 11:32:20+00:00,walking,1,random_forest,2,04845288Q-121,reference,0.0,0.7564770927078913,1
04845288Q-121,2025-03-01 11:32:21+00:00,walking,1,random_forest,2,04845288Q-121,reference,0.0,0.6047687423501027,1
04845288Q-121,2025-03-01 11:32:22+00:00,walking,1,random_forest,2,04845288Q-121,reference,0.0,0.6974630963437233,1
04845288Q-121,2025-03-01 11:32:23+00:00,walking,1,random_forest,2,04845288Q-121,reference,0.0,0.7049857431032743,1
04845288Q-121,2025-03-01 11:32:24+00:00,walking,1,random_forest,2,04845288Q-121,reference,0.0,0.6391869232890507,1
04845288Q-121,2025-03-01 11:32:25+00:00,walking,1,random_forest,2,04845288Q-121,reference,0.0,0.6080847646716686,1
04845288Q-121,2025-03-01 11:32:26+00:00,walking,1,random_forest,2,04845288Q-121,reference,0.0,0.47879409655171723,0
04845288Q-121,2025-03-01 11:32:27+00:00,walking,1,random_forest,2,04845288Q-121,reference,0.0,0.7296655389885282,1
04845288Q-121,2025-03-01 11:32:28+00:00,walking,1,random_forest,2,04845288Q-121,reference,0.0,0.4149040122719169,0
04845288Q-121,2025-03-01 11:32:29+00:00,walking,1,random_forest,2,04845288Q-121,reference,0.0,0.467689836294607,0
04845288Q-121,2025-03-01 11:32:30+00:00,not_walking,0,random_forest,2,04845288Q-121,reference,0.0,0.6573919115994251,1
04845288Q-121,2025-03-01 11:32:31+00:00,not_walking,0,random_forest,2,04845288Q-121,reference,0.0,0.7258718696243969,1
04845288Q-121,2025-03-01 11:32:32+00:00,not_walking,0,random_forest,2,04845288Q-121,reference,0.0,0.49304885844677426,0
04845288Q-121,2025-03-01 11:32:33+00:00,not_walking,0,random_forest,2,04845288Q-121,reference,0.0,0.6185900308870769,1
04845288Q-121,2025-03-01 11:32:34+00:00,not_walking,0,random_forest,2,04845288Q-121,reference,0.0,0.5373700088513672,1
04845288Q-121,2025-03-01 11:32:35+00:00,not_walking,0,random_forest,2,04845288Q-121,reference,0.0,0.5609219712009487,1
04845288Q-121,2025-03-01 11:32:36+00:00,not_walking,0,random_forest,2,04845288Q-121,reference,0.0,0.5624358387811077,1
04845288Q-121,2025-03-01 11:32:37+00:00,not_walking,0,random_forest,2,04845288Q-121,reference,0.0,0.3668207288656163,0
04845288Q-121,2025-03-01 11:32:38+00:00,not_walking,0,random_forest,2,04845288Q-121,reference,0.0,0.6700132775865735,1
04845288Q-121,2025-03-01 11:32:39+00:00,not_walking,0,random_forest,2,04845288Q-121,reference,0.0,0.6434123980045808,1
04845288Q-121,2025-03-01 11:32:40+00:00,not_walking,0,random_forest,2,04845288Q-121,reference,0.0,0.67310137462428,1
04845288Q-121,2025-03-01 11:32:41+00:00,not_walking,0,random_forest,2,04845288Q-121,reference,0.0,0.6599695631450252,1
04845288Q-121,2025-03-01 11:32:42+00:00,walking,1,random_forest,2,04845288Q-121,reference,0.0,0.6535266771952642,1
04845288Q-121,2025-03-01 11:32:43+00:00,walking,1,random_forest,2,04845288Q-121,reference,0.0,0.6968589912216914,1
04845288Q-121,2025-03-01 11:32:44+00:00,walking,1,random_forest,2,04845288Q-121,reference,0.0,0.72547813668979,1
04845288Q-121,2025-03-01 11:32:45+00:00,walking,1,random_forest,2,04845288Q-121,reference,0.0,0.6592632136594591,1
04845288Q-121,2025-03-01 11:32:46+00:00,walking,1,random_forest,2,04845288Q-121,reference,0.0,0.6783290531082179,1
04845288Q-121,2025-03-01 11:32:47+00:00,walking,1,random_forest,2,04845288Q-121,reference,0.0,0.7255738873454608,1
04845288Q-121,2025-03-01 11:32:48+00:00,walking,1,random_forest,2,04845288Q-121,reference,0.0,0.6732922813466106,1
04845288Q-121,2025-03-01 11:32:49+00:00,not_walking,0,random_forest,2,04845288Q-121,reference,0.0,0.6886830305172515,1
04845288Q-121,2025-03-01 11:32:50+00:00,not_walking,0,random_forest,2,04845288Q-121,reference,0.0,0.5120060654431784,1
04845288Q-121,2025-03-01 11:32:51+00:00,not_walking,0,random_forest,2,04845288Q-121,reference,0.0,0.644420534280887,1
04845288Q-121,2025-03-01 11:32:52+00:00,not_walking,0,random_forest,2,04845288Q-121,reference,0.0,0.6078314632154626,1
04845288Q-121,2025-03-01 11:32:53+00:00,not_walking,0,random_forest,2,04845288Q-121,reference,0.0,0.45300535606912934,0
04845288Q-121,2025-03-01 11:32:54+00:00,not_walking,0,random_forest,2,04845288Q-121,reference,0.0,0.4412353932593757,0
04845288Q-121,2025-03-01 11:32:55+00:00,not_walking,0,random_forest,2,04845288Q-121,reference,0.0,0.7018847964546802,1
04845288Q-121,2025-03-01 11:32:56+00:00,not_walking,0,random_forest,2,04845288Q-121,reference,0.0,0.7330854795410461,1
04845288Q-121,2025-03-01 11:32:57+00:00,not_walking,0,random_forest,2,04845288Q-121,reference,0.0,0.6737839057908499,1
04845288Q-121,2025-03-01 11:32:58+00:00,not_walking,0,random_forest,2,04845288Q-121,reference,0.0,0.7206174632345089,1
04845288Q-121,2025-03-01 11:32:59+00:00,not_walking,0,random_forest,2,04845288Q-121,reference,0.0,0.7330340504802261,1
04845288Q-121,2025-03-01 11:33:00+00:00,not_walking,0,random_forest,2,04845288Q-121,reference,0.0,0.6959236186618418,1
04845288Q-121,2025-03-01 11:33:01+00:00,not_walking,0,random_forest,2,04845288Q-121,reference,0.0,0.6839234693626044,1
04845288Q-121,2025-03-01 11:33:02+00:00,not_walking,0,random_forest,2,04845288Q-121,reference,0.0,0.6669271874000123,1
04845288Q-121,2025-03-01 11:33:03+00:00,not_walking,0,random_forest,2,04845288Q-121,reference,0.0,0.6118949718927111,1
04845288Q-121,2025-03-01 11:33:04+00:00,not_walking,0,random_forest,2,04845288Q-121,reference,0.0,0.7237765653104096,1
04845288Q-121,2025-03-01 11:33:09+00:00,not_walking,0,random_forest,2,04845288Q-121,reference,0.0,0.10447501577400094,0
04845288Q-121,2025-03-01 11:33:10+00:00,not_walking,0,random_forest,2,04845288Q-121,reference,0.0,0.5481877030699096,1
04845288Q-121,2025-03-01 11:33:11+00:00,not_walking,0,random_forest,2,04845288Q-121,reference,0.0,0.7059392151711608,1
04845288Q-121,2025-03-01 11:33:12+00:00,not_walking,0,random_forest,2,04845288Q-121,reference,0.0,0.6806995926987051,1
04845288Q-121,2025-03-01 11:33:13+00:00,not_walking,0,random_forest,2,04845288Q-121,reference,0.0,0.6348867409440545,1
04845288Q-121,2025-03-01 11:33:14+00:00,not_walking,0,random_forest,2,04845288Q-121,reference,0.0,0.6692196776029874,1
04845288Q-121,2025-03-01 11:33:15+00:00,not_walking,0,random_forest,2,04845288Q-121,reference,0.0,0.6864565960389726,1
04845288Q-121,2025-03-01 11:33:16+00:00,not_walking,0,random_forest,2,04845288Q-121,reference,0.0,0.6323414353029755,1
04845288Q-121,2025-03-01 11:33:17+00:00,not_walking,0,random_forest,2,04845288Q-121,reference,0.0,0.6589222375272957,1
04845288Q-121,2025-03-01 11:33:18+00:00,not_walking,0,random_forest,2,04845288Q-121,reference,0.0,0.6686618268368559,1
04845288Q-121,2025-03-01 11:33:19+00:00,not_walking,0,random_forest,2,04845288Q-121,reference,0.0,0.6734732948689074,1
04845288Q-121,2025-03-01 11:33:20+00:00,not_walking,0,random_forest,2,04845288Q-121,reference,0.0,0.6701921432359913,1
04845288Q-121,2025-03-01 11:33:21+00:00,not_walking,0,random_forest,2,04845288Q-121,reference,0.0,0.6887624161903545,1
04845288Q-121,2025-03-01 11:33:22+00:00,not_walking,0,random_forest,2,04845288Q-121,reference,0.0,0.6382066343033937,1
04845288Q-121,2025-03-01 11:33:23+00:00,not_walking,0,random_forest,2,04845288Q-121,reference,0.0,0.6938208567116694,1
04845288Q-121,2025-03-01 11:33:24+00:00,not_walking,0,random_forest,2,04845288Q-121,reference,0.0,0.6980378528917426,1
04845288Q-121,2025-03-01 11:33:25+00:00,not_walking,0,random_forest,2,04845288Q-121,reference,0.0,0.6114246087917191,1
04845288Q-121,2025-03-01 11:33:26+00:00,not_walking,0,random_forest,2,04845288Q-121,reference,0.0,0.5367531060901126,1
04845288Q-121,2025-03-01 11:33:27+00:00,not_walking,0,random_forest,2,04845288Q-121,reference,0.0,0.5658036952495936,1
04845288Q-121,2025-03-01 11:33:28+00:00,not_walking,0,random_forest,2,04845288Q-121,reference,0.0,0.6643621330823545,1
04845288Q-121,2025-03-01 11:33:29+00:00,not_walking,0,random_forest,2,04845288Q-121,reference,0.0,0.659370558577606,1
04845288Q-121,2025-03-01 11:33:30+00:00,not_walking,0,random_forest,2,04845288Q-121,reference,0.0,0.6646488950874788,1
04845288Q-121,2025-03-01 11:33:31+00:00,not_walking,0,random_forest,2,04845288Q-121,reference,0.0,0.4354934054834124,0
04845288Q-121,2025-03-01 11:33:32+00:00,not_walking,0,random_forest,2,04845288Q-121,reference,0.0,0.6872272284191785,1
04845288Q-121,2025-03-01 11:33:33+00:00,not_walking,0,random_forest,2,04845288Q-121,reference,0.0,0.712560861644949,1
04845288Q-121,2025-03-01 11:33:34+00:00,not_walking,0,random_forest,2,04845288Q-121,reference,0.0,0.6242082058832743,1
04845288Q-121,2025-03-01 11:33:35+00:00,not_walking,0,random_forest,2,04845288Q-121,reference,0.0,0.6621089622294374,1
04845288Q-121,2025-03-01 11:33:36+00:00,not_walking,0,random_forest,2,04845288Q-121,reference,0.0,0.6977701250479381,1
04845288Q-121,2025-03-01 11:33:37+00:00,not_walking,0,random_forest,2,04845288Q-121,reference,0.0,0.657207142960957,1
04845288Q-121,2025-03-01 11:33:38+00:00,not_walking,0,random_forest,2,04845288Q-121,reference,0.0,0.6820651760424445,1
04845288Q-121,2025-03-01 11:33:39+00:00,not_walking,0,random_forest,2,04845288Q-121,reference,0.0,0.7012810247003606,1
04845288Q-121,2025-03-01 11:33:40+00:00,not_walking,0,random_forest,2,04845288Q-121,reference,0.0,0.6872511818696935,1
04845288Q-121,2025-03-01 11:33:41+00:00,not_walking,0,random_forest,2,04845288Q-121,reference,0.0,0.7131131870503282,1
04845288Q-121,2025-03-01 11:33:42+00:00,not_walking,0,random_forest,2,04845288Q-121,reference,0.0,0.6616081775195043,1
04845288Q-121,2025-03-01 11:33:43+00:00,not_walking,0,random_forest,2,04845288Q-121,reference,0.0,0.6793280647921521,1
04845288Q-121,2025-03-01 11:33:44+00:00,not_walking,0,random_forest,2,04845288Q-121,reference,0.0,0.6530007983491892,1
04845288Q-121,2025-03-01 11:33:45+00:00,not_walking,0,random_forest,2,04845288Q-121,reference,0.0,0.7362883074491485,1
04845288Q-121,2025-03-01 11:33:46+00:00,not_walking,0,random_forest,2,04845288Q-121,reference,0.0,0.546223715921364,1
04845288Q-121,2025-03-01 11:33:47+00:00,not_walking,0,random_forest,2,04845288Q-121,reference,0.0,0.4935450748538086,0
04845288Q-121,2025-03-01 11:33:48+00:00,not_walking,0,random_forest,2,04845288Q-121,reference,0.0,0.5866980833332517,1
04845288Q-121,2025-03-01 11:33:49+00:00,not_walking,0,random_forest,2,04845288Q-121,reference,0.0,0.641052995656025,1
04845288Q-121,2025-03-01 11:33:50+00:00,not_walking,0,random_forest,2,04845288Q-121,reference,0.0,0.6557543539774319,1
04845288Q-121,2025-03-01 11:33:51+00:00,not_walking,0,random_forest,2,04845288Q-121,reference,0.0,0.6030450779036244,1
04845288Q-121,2025-03-01 11:33:52+00:00,not_walking,0,random_forest,2,04845288Q-121,reference,0.0,0.7265501744582786,1
04845288Q-121,2025-03-01 11:33:53+00:00,not_walking,0,random_forest,2,04845288Q-121,reference,0.0,0.7316764143555894,1
04845288Q-121,2025-03-01 11:33:54+00:00,not_walking,0,random_forest,2,04845288Q-121,reference,0.0,0.6575959350252155,1
04845288Q-121,2025-03-01 11:33:55+00:00,not_walking,0,random_forest,2,04845288Q-121,reference,0.0,0.6712499787506906,1
04845288Q-121,2025-03-01 11:33:56+00:00,not_walking,0,random_forest,2,04845288Q-121,reference,0.0,0.6604886278226333,1
04845288Q-121,2025-03-01 11:33:57+00:00,not_walking,0,random_forest,2,04845288Q-121,reference,0.0,0.6986239703630839,1
04845288Q-121,2025-03-01 11:33:58+00:00,not_walking,0,random_forest,2,04845288Q-121,reference,0.0,0.4690165316683091,0
04845288Q-121,2025-03-01 11:33:59+00:00,not_walking,0,random_forest,2,04845288Q-121,reference,0.0,0.5663833695687022,1
04845288Q-121,2025-03-01 11:34:00+00:00,not_walking,0,random_forest,2,04845288Q-121,reference,0.0,0.6950817050790895,1
04845288Q-121,2025-03-01 11:34:01+00:00,not_walking,0,random_forest,2,04845288Q-121,reference,0.0,0.698545406496162,1
04845288Q-121,2025-03-01 11:34:02+00:00,not_walking,0,random_forest,2,04845288Q-121,reference,0.0,0.6411567464770159,1
04845288Q-121,2025-03-01 11:34:03+00:00,not_walking,0,random_forest,2,04845288Q-121,reference,0.0,0.44651724132348214,0
04845288Q-121,2025-03-01 11:34:04+00:00,not_walking,0,random_forest,2,04845288Q-121,reference,0.0,0.5907580296718942,1
04845288Q-121,2025-03-01 11:34:05+00:00,not_walking,0,random_forest,2,04845288Q-121,reference,0.0,0.6948799398646023,1
04845288Q-121,2025-03-01 11:34:06+00:00,not_walking,0,random_forest,2,04845288Q-121,reference,0.0,0.7038445564311152,1
04845288Q-121,2025-03-01 11:34:07+00:00,not_walking,0,random_forest,2,04845288Q-121,reference,0.0,0.7543050723515404,1
04845288Q-121,2025-03-01 11:34:08+00:00,not_walking,0,random_forest,2,04845288Q-121,reference,0.0,0.6494618513364275,1
04845288Q-121,2025-03-01 11:34:09+00:00,not_walking,0,random_forest,2,04845288Q-121,reference,0.0,0.7010112697463261,1
04845288Q-121,2025-03-01 11:34:10+00:00,not_walking,0,random_forest,2,04845288Q-121,reference,0.0,0.6677586372141896,1
04845288Q-121,2025-03-01 11:34:11+00:00,not_walking,0,random_forest,2,04845288Q-121,reference,0.0,0.6966747714974194,1
04845288Q-121,2025-03-01 11:34:12+00:00,not_walking,0,random_forest,2,04845288Q-121,reference,0.0,0.6801474317758679,1
04845288Q-121,2025-03-01 11:34:13+00:00,not_walking,0,random_forest,2,04845288Q-121,reference,0.0,0.6930199614430079,1
04845288Q-121,2025-03-01 11:34:14+00:00,not_walking,0,random_forest,2,04845288Q-121,reference,0.0,0.7562278729482824,1
04845288Q-121,2025-03-01 11:34:15+00:00,not_walking,0,random_forest,2,04845288Q-121,reference,0.0,0.7884132031087774,1
04845288Q-121,2025-03-01 11:34:16+00:00,not_walking,0,random_forest,2,04845288Q-121,reference,0.0,0.6762537995680189,1
04845288Q-121,2025-03-01 11:34:17+00:00,not_walking,0,random_forest,2,04845288Q-121,reference,0.0,0.7265020366165368,1
04845288Q-121,2025-03-01 11:34:18+00:00,not_walking,0,random_forest,2,04845288Q-121,reference,0.0,0.7048007414218804,1
04845288Q-121,2025-03-01 11:34:19+00:00,not_walking,0,random_forest,2,04845288Q-121,reference,0.0,0.6514343489973171,1
04845288Q-121,2025-03-01 11:34:20+00:00,not_walking,0,random_forest,2,04845288Q-121,reference,0.0,0.6786433758830429,1
04845288Q-121,2025-03-01 11:34:21+00:00,not_walking,0,random_forest,2,04845288Q-121,reference,0.0,0.6715427009146495,1
04845288Q-121,2025-03-01 11:34:22+00:00,not_walking,0,random_forest,2,04845288Q-121,reference,0.0,0.6873856033384365,1
04845288Q-121,2025-03-01 11:34:23+00:00,not_walking,0,random_forest,2,04845288Q-121,reference,0.0,0.6919511368000161,1
04845288Q-121,2025-03-01 11:34:24+00:00,not_walking,0,random_forest,2,04845288Q-121,reference,0.0,0.7261823119555881,1
04845288Q-121,2025-03-01 11:34:25+00:00,not_walking,0,random_forest,2,04845288Q-121,reference,0.0,0.6837188085029736,1
04845288Q-121,2025-03-01 11:34:26+00:00,not_walking,0,random_forest,2,04845288Q-121,reference,0.0,0.7108824768697863,1
04845288Q-121,2025-03-01 11:34:27+00:00,not_walking,0,random_forest,2,04845288Q-121,reference,0.0,0.5313439739143562,1
04845288Q-121,2025-03-01 11:34:28+00:00,not_walking,0,random_forest,2,04845288Q-121,reference,0.0,0.6097759188953734,1
04845288Q-121,2025-03-01 11:34:29+00:00,not_walking,0,random_forest,2,04845288Q-121,reference,0.0,0.42193031675490045,0
04845288Q-121,2025-03-01 11:34:30+00:00,not_walking,0,random_forest,2,04845288Q-121,reference,0.0,0.6045211894738327,1
04845288Q-121,2025-03-01 11:34:31+00:00,not_walking,0,random_forest,2,04845288Q-121,reference,0.0,0.7472221034764158,1
04845288Q-121,2025-03-01 11:34:32+00:00,not_walking,0,random_forest,2,04845288Q-121,reference,0.0,0.6963592179685292,1
04845288Q-121,2025-03-01 11:34:33+00:00,not_walking,0,random_forest,2,04845288Q-121,reference,0.0,0.6762729534113131,1
04845288Q-121,2025-03-01 11:34:34+00:00,not_walking,0,random_forest,2,04845288Q-121,reference,0.0,0.6479169575839362,1
04845288Q-121,2025-03-01 11:34:35+00:00,not_walking,0,random_forest,2,04845288Q-121,reference,0.0,0.7120091263761652,1
04845288Q-121,2025-03-01 11:34:36+00:00,not_walking,0,random_forest,2,04845288Q-121,reference,0.0,0.6760669977048098,1
04845288Q-121,2025-03-01 11:34:37+00:00,not_walking,0,random_forest,2,04845288Q-121,reference,0.0,0.6577746701391339,1
04845288Q-121,2025-03-01 11:34:38+00:00,not_walking,0,random_forest,2,04845288Q-121,reference,0.0,0.627440789459343,1
04845288Q-121,2025-03-01 11:34:39+00:00,not_walking,0,random_forest,2,04845288Q-121,reference,0.0,0.6887862114930836,1
04845288Q-121,2025-03-01 11:34:40+00:00,not_walking,0,random_forest,2,04845288Q-121,reference,0.0,0.6672160473823162,1
04845288Q-121,2025-03-01 11:34:41+00:00,not_walking,0,random_forest,2,04845288Q-121,reference,0.0,0.5993505718610892,1
04845288Q-121,2025-03-01 11:34:42+00:00,not_walking,0,random_forest,2,04845288Q-121,reference,0.0,0.6753544185238612,1
04845288Q-121,2025-03-01 11:34:43+00:00,not_walking,0,random_forest,2,04845288Q-121,reference,0.0,0.7289285336058028,1
04845288Q-121,2025-03-01 11:34:44+00:00,not_walking,0,random_forest,2,04845288Q-121,reference,0.0,0.7021584589649387,1
04845288Q-121,2025-03-01 11:34:45+00:00,not_walking,0,random_forest,2,04845288Q-121,reference,0.0,0.7438894563018703,1
04845288Q-121,2025-03-01 11:34:46+00:00,not_walking,0,random_forest,2,04845288Q-121,reference,0.0,0.6800367173098602,1
04845288Q-121,2025-03-01 11:34:47+00:00,not_walking,0,random_forest,2,04845288Q-121,reference,0.0,0.6887374297794213,1
04845288Q-121,2025-03-01 11:34:48+00:00,not_walking,0,random_forest,2,04845288Q-121,reference,0.0,0.6390791353450436,1
04845288Q-121,2025-03-01 11:34:49+00:00,not_walking,0,random_forest,2,04845288Q-121,reference,0.0,0.6878447519115528,1
04845288Q-121,2025-03-01 11:34:59+00:00,not_walking,0,random_forest,2,04845288Q-121,reference,0.0,0.6164502013387004,1
04845288Q-121,2025-03-01 11:35:00+00:00,not_walking,0,random_forest,2,04845288Q-121,reference,0.0,0.6603786669277852,1
04845288Q-121,2025-03-01 11:35:01+00:00,not_walking,0,random_forest,2,04845288Q-121,reference,0.0,0.6113879559733906,1
04845288Q-121,2025-03-01 11:35:02+00:00,not_walking,0,random_forest,2,04845288Q-121,reference,0.0,0.6599994747296307,1
04845288Q-121,2025-03-01 11:35:03+00:00,not_walking,0,random_forest,2,04845288Q-121,reference,0.0,0.546176737376407,1
04845288Q-121,2025-03-01 11:35:04+00:00,not_walking,0,random_forest,2,04845288Q-121,reference,0.0,0.5558605998577878,1
04845288Q-121,2025-03-01 11:35:05+00:00,not_walking,0,random_forest,2,04845288Q-121,reference,0.0,0.44820750100119267,0
04845288Q-121,2025-03-01 11:35:06+00:00,not_walking,0,random_forest,2,04845288Q-121,reference,0.0,0.5310631618497644,1
04845288Q-121,2025-03-01 11:35:07+00:00,not_walking,0,random_forest,2,04845288Q-121,reference,0.0,0.6270548005562219,1
04845288Q-121,2025-03-01 11:35:08+00:00,not_walking,0,random_forest,2,04845288Q-121,reference,0.0,0.7152990454513021,1
04845288Q-121,2025-03-01 11:35:09+00:00,not_walking,0,random_forest,2,04845288Q-121,reference,0.0,0.6055406392780149,1
04845288Q-121,2025-03-01 11:35:10+00:00,not_walking,0,random_forest,2,04845288Q-121,reference,0.0,0.4867840450922563,0
04845288Q-121,2025-03-01 11:35:11+00:00,not_walking,0,random_forest,2,04845288Q-121,reference,0.0,0.6617573612175447,1
04845288Q-121,2025-03-01 11:35:12+00:00,not_walking,0,random_forest,2,04845288Q-121,reference,0.0,0.4172981671017225,0
04845288Q-121,2025-03-01 11:35:13+00:00,not_walking,0,random_forest,2,04845288Q-121,reference,0.0,0.6872090415943239,1
04845288Q-121,2025-03-01 11:35:14+00:00,not_walking,0,random_forest,2,04845288Q-121,reference,0.0,0.6839636903844158,1
04845288Q-121,2025-03-01 11:35:15+00:00,not_walking,0,random_forest,2,04845288Q-121,reference,0.0,0.6828035356947412,1
04845288Q-121,2025-03-01 11:35:16+00:00,not_walking,0,random_forest,2,04845288Q-121,reference,0.0,0.651615486853719,1
04845288Q-121,2025-03-01 11:35:17+00:00,not_walking,0,random_forest,2,04845288Q-121,reference,0.0,0.6852266298847822,1
04845288Q-121,2025-03-01 11:35:18+00:00,not_walking,0,random_forest,2,04845288Q-121,reference,0.0,0.6990435614755508,1
04845288Q-121,2025-03-01 11:35:19+00:00,not_walking,0,random_forest,2,04845288Q-121,reference,0.0,0.6280322981646245,1
04845288Q-121,2025-03-01 11:35:20+00:00,not_walking,0,random_forest,2,04845288Q-121,reference,0.0,0.6794595652281731,1
04845288Q-121,2025-03-01 11:35:21+00:00,not_walking,0,random_forest,2,04845288Q-121,reference,0.0,0.6175933849793739,1
04845288Q-121,2025-03-01 11:35:22+00:00,not_walking,0,random_forest,2,04845288Q-121,reference,0.0,0.6994179762095729,1
04845288Q-121,2025-03-01 11:35:23+00:00,not_walking,0,random_forest,2,04845288Q-121,reference,0.0,0.6320967629026605,1
04845288Q-121,2025-03-01 11:35:24+00:00,not_walking,0,random_forest,2,04845288Q-121,reference,0.0,0.695892463417539,1
04845288Q-121,2025-03-01 11:35:25+00:00,not_walking,0,random_forest,2,04845288Q-121,reference,0.0,0.6818559459578545,1
04845288Q-121,2025-03-01 11:35:26+00:00,not_walking,0,random_forest,2,04845288Q-121,reference,0.0,0.6552799125363965,1
04845288Q-121,2025-03-01 11:35:27+00:00,not_walking,0,random_forest,2,04845288Q-121,reference,0.0,0.6572844911409775,1
04845288Q-121,2025-03-01 11:35:28+00:00,not_walking,0,random_forest,2,04845288Q-121,reference,0.0,0.6083004408804636,1
04845288Q-121,2025-03-01 11:35:29+00:00,not_walking,0,random_forest,2,04845288Q-121,reference,0.0,0.6797165277519354,1
04845288Q-121,2025-03-01 11:35:30+00:00,not_walking,0,random_forest,2,04845288Q-121,reference,0.0,0.5829800697579783,1
04845288Q-121,2025-03-01 11:35:31+00:00,not_walking,0,random_forest,2,04845288Q-121,reference,0.0,0.4672362305776517,0
04845288Q-121,2025-03-01 11:35:33+00:00,walking,1,random_forest,2,04845288Q-121,reference,0.0,0.7403471740757136,1
04845288Q-121,2025-03-01 11:35:34+00:00,walking,1,random_forest,2,04845288Q-121,reference,0.0,0.6846615047022538,1
04845288Q-121,2025-03-01 11:35:35+00:00,walking,1,random_forest,2,04845288Q-121,reference,0.0,0.451275459923743,0
04845288Q-121,2025-03-01 11:35:36+00:00,walking,1,random_forest,2,04845288Q-121,reference,0.0,0.5340378032638842,1
04845288Q-121,2025-03-01 11:35:37+00:00,walking,1,random_forest,2,04845288Q-121,reference,0.0,0.6890694334815936,1
04845288Q-121,2025-03-01 11:35:38+00:00,walking,1,random_forest,2,04845288Q-121,reference,0.0,0.6367010490594409,1
04845288Q-121,2025-03-01 11:35:39+00:00,walking,1,random_forest,2,04845288Q-121,reference,0.0,0.6803732469078947,1
04845288Q-121,2025-03-01 11:35:40+00:00,walking,1,random_forest,2,04845288Q-121,reference,0.0,0.6899755670295881,1
04845288Q-121,2025-03-01 11:35:41+00:00,walking,1,random_forest,2,04845288Q-121,reference,0.0,0.6333960110215104,1
04845288Q-121,2025-03-01 11:35:42+00:00,walking,1,random_forest,2,04845288Q-121,reference,0.0,0.7041035686114472,1
04845288Q-121,2025-03-01 11:35:43+00:00,walking,1,random_forest,2,04845288Q-121,reference,0.0,0.6791336826509295,1
04845288Q-121,2025-03-01 11:35:45+00:00,not_walking,0,random_forest,2,04845288Q-121,reference,0.0,0.6981318882970097,1
04845288Q-121,2025-03-01 11:35:46+00:00,not_walking,0,random_forest,2,04845288Q-121,reference,0.0,0.6851618579286793,1
04845288Q-121,2025-03-01 11:35:47+00:00,not_walking,0,random_forest,2,04845288Q-121,reference,0.0,0.5101308263707641,1
04845288Q-121,2025-03-01 11:35:48+00:00,not_walking,0,random_forest,2,04845288Q-121,reference,0.0,0.27335629019290614,0
04845288Q-121,2025-03-01 11:35:49+00:00,not_walking,0,random_forest,2,04845288Q-121,reference,0.0,0.06609487987087947,0
04845288Q-121,2025-03-01 11:35:50+00:00,not_walking,0,random_forest,2,04845288Q-121,reference,0.0,0.09011799362514288,0
04845288Q-121,2025-03-01 11:35:51+00:00,not_walking,0,random_forest,2,04845288Q-121,reference,0.0,0.11549696852085013,0
04845288Q-121,2025-03-01 11:35:52+00:00,not_walking,0,random_forest,2,04845288Q-121,reference,0.0,0.07991659485249403,0
04845288Q-121,2025-03-01 11:35:53+00:00,not_walking,0,random_forest,2,04845288Q-121,reference,0.0,0.31341090980379566,0
04845288Q-121,2025-03-01 11:35:54+00:00,not_walking,0,random_forest,2,04845288Q-121,reference,0.0,0.26314069937215206,0
04845288Q-121,2025-03-01 11:35:55+00:00,not_walking,0,random_forest,2,04845288Q-121,reference,0.0,0.27616955754394523,0
04845288Q-121,2025-03-01 11:35:56+00:00,not_walking,0,random_forest,2,04845288Q-121,reference,0.0,0.6522100176829725,1
04845288Q-121,2025-03-01 11:35:57+00:00,not_walking,0,random_forest,2,04845288Q-121,reference,0.0,0.26815365979605943,0
04845288Q-121,2025-03-01 11:35:58+00:00,not_walking,0,random_forest,2,04845288Q-121,reference,0.0,0.3040251171094729,0
04845288Q-121,2025-03-01 11:35:59+00:00,not_walking,0,random_forest,2,04845288Q-121,reference,0.0,0.23182065540132876,0
04845288Q-121,2025-03-01 11:36:00+00:00,not_walking,0,random_forest,2,04845288Q-121,reference,0.0,0.03892038191340538,0
04845288Q-121,2025-03-01 11:36:01+00:00,not_walking,0,random_forest,2,04845288Q-121,reference,0.0,0.046130336331282884,0
04845288Q-121,2025-03-01 11:36:02+00:00,not_walking,0,random_forest,2,04845288Q-121,reference,0.0,0.005920464347398719,0
04845288Q-121,2025-03-01 11:36:03+00:00,not_walking,0,random_forest,2,04845288Q-121,reference,0.0,0.06687313946932237,0
04845288Q-121,2025-03-01 11:36:04+00:00,not_walking,0,random_forest,2,04845288Q-121,reference,0.0,0.017290763231849193,0
04845288Q-121,2025-03-01 11:36:05+00:00,not_walking,0,random_forest,2,04845288Q-121,reference,0.0,0.2528750617300102,0
04845288Q-121,2025-03-01 11:36:06+00:00,not_walking,0,random_forest,2,04845288Q-121,reference,0.0,0.18175233185150622,0
04845288Q-121,2025-03-01 11:36:07+00:00,not_walking,0,random_forest,2,04845288Q-121,reference,0.0,0.5265813781404534,1
04845288Q-121,2025-03-01 11:36:08+00:00,not_walking,0,random_forest,2,04845288Q-121,reference,0.0,0.6390532079684933,1
04845288Q-121,2025-03-01 11:36:09+00:00,not_walking,0,random_forest,2,04845288Q-121,reference,0.0,0.056978711994081575,0
04845288Q-121,2025-03-01 11:36:10+00:00,not_walking,0,random_forest,2,04845288Q-121,reference,0.0,0.03302627079697636,0
04845288Q-121,2025-03-01 11:36:11+00:00,not_walking,0,random_forest,2,04845288Q-121,reference,0.0,0.39581101531633245,0
04845288Q-121,2025-03-01 11:36:12+00:00,not_walking,0,random_forest,2,04845288Q-121,reference,0.0,0.6932596365051171,1
04845288Q-121,2025-03-01 11:36:13+00:00,not_walking,0,random_forest,2,04845288Q-121,reference,0.0,0.6038996246613073,1
04845288Q-121,2025-03-01 11:36:14+00:00,not_walking,0,random_forest,2,04845288Q-121,reference,0.0,0.6630492405623746,1
04845288Q-121,2025-03-01 11:36:15+00:00,not_walking,0,random_forest,2,04845288Q-121,reference,0.0,0.5760038308709889,1
04845288Q-121,2025-03-01 11:36:16+00:00,not_walking,0,random_forest,2,04845288Q-121,reference,0.0,0.19767478374754835,0
04845288Q-121,2025-03-01 11:36:17+00:00,not_walking,0,random_forest,2,04845288Q-121,reference,0.0,0.17229505574288842,0
04845288Q-121,2025-03-01 11:36:18+00:00,not_walking,0,random_forest,2,04845288Q-121,reference,0.0,0.08190609477937803,0
04845288Q-121,2025-03-01 11:36:19+00:00,not_walking,0,random_forest,2,04845288Q-121,reference,0.0,0.1232430812412927,0
04845288Q-121,2025-03-01 11:36:20+00:00,not_walking,0,random_forest,2,04845288Q-121,reference,0.0,0.09110553902344973,0
04845288Q-121,2025-03-01 11:36:21+00:00,not_walking,0,random_forest,2,04845288Q-121,reference,0.0,0.13642432949491573,0
04845288Q-121,2025-03-01 11:36:22+00:00,not_walking,0,random_forest,2,04845288Q-121,reference,0.0,0.07738231735489985,0
04845288Q-121,2025-03-01 11:36:23+00:00,not_walking,0,random_forest,2,04845288Q-121,reference,0.0,0.15752550841923468,0
04845288Q-121,2025-03-01 11:36:24+00:00,not_walking,0,random_forest,2,04845288Q-121,reference,0.0,0.08083856680023986,0
04845288Q-121,2025-03-01 11:36:25+00:00,not_walking,0,random_forest,2,04845288Q-121,reference,0.0,0.14737819472418454,0
04845288Q-121,2025-03-01 11:36:26+00:00,not_walking,0,random_forest,2,04845288Q-121,reference,0.0,0.11880060931929298,0
04845288Q-121,2025-03-01 11:36:27+00:00,not_walking,0,random_forest,2,04845288Q-121,reference,0.0,0.05963176304103148,0
04845288Q-121,2025-03-01 11:36:28+00:00,not_walking,0,random_forest,2,04845288Q-121,reference,0.0,0.06176702759655483,0
04845288Q-121,2025-03-01 11:36:29+00:00,not_walking,0,random_forest,2,04845288Q-121,reference,0.0,0.07190597609035904,0
04845288Q-121,2025-03-01 11:36:30+00:00,not_walking,0,random_forest,2,04845288Q-121,reference,0.0,0.06024715412866267,0
04845288Q-121,2025-03-01 11:36:31+00:00,not_walking,0,random_forest,2,04845288Q-121,reference,0.0,0.10479197335159225,0
04845288Q-121,2025-03-01 11:36:32+00:00,not_walking,0,random_forest,2,04845288Q-121,reference,0.0,0.1120472145100566,0
04845288Q-121,2025-03-01 11:36:33+00:00,not_walking,0,random_forest,2,04845288Q-121,reference,0.0,0.09043972007613178,0
04845288Q-121,2025-03-01 11:36:34+00:00,not_walking,0,random_forest,2,04845288Q-121,reference,0.0,0.12103587800446182,0
04845288Q-121,2025-03-01 11:36:35+00:00,not_walking,0,random_forest,2,04845288Q-121,reference,0.0,0.09584894739095702,0
04845288Q-121,2025-03-01 11:36:36+00:00,not_walking,0,random_forest,2,04845288Q-121,reference,0.0,0.09471125443032674,0
04845288Q-121,2025-03-01 11:36:37+00:00,not_walking,0,random_forest,2,04845288Q-121,reference,0.0,0.046478097207168764,0
04845288Q-121,2025-03-01 11:36:38+00:00,not_walking,0,random_forest,2,04845288Q-121,reference,0.0,0.08048145756260808,0
04845288Q-121,2025-03-01 11:36:39+00:00,not_walking,0,random_forest,2,04845288Q-121,reference,0.0,0.05784659174007893,0
04845288Q-121,2025-03-01 11:36:40+00:00,not_walking,0,random_forest,2,04845288Q-121,reference,0.0,0.08768729244770414,0
04845288Q-121,2025-03-01 11:36:41+00:00,not_walking,0,random_forest,2,04845288Q-121,reference,0.0,0.10909884094138282,0
04845288Q-121,2025-03-01 11:36:42+00:00,not_walking,0,random_forest,2,04845288Q-121,reference,0.0,0.09968209162334325,0
04845288Q-121,2025-03-01 11:36:43+00:00,not_walking,0,random_forest,2,04845288Q-121,reference,0.0,0.11032821285346422,0
04845288Q-121,2025-03-01 11:36:44+00:00,not_walking,0,random_forest,2,04845288Q-121,reference,0.0,0.13000563430770765,0
04845288Q-121,2025-03-01 11:36:45+00:00,not_walking,0,random_forest,2,04845288Q-121,reference,0.0,0.09474245207062178,0
04845288Q-121,2025-03-01 11:36:46+00:00,not_walking,0,random_forest,2,04845288Q-121,reference,0.0,0.12933110274172635,0
04845288Q-121,2025-03-01 11:36:47+00:00,not_walking,0,random_forest,2,04845288Q-121,reference,0.0,0.0983130912875589,0
04845288Q-121,2025-03-01 11:36:48+00:00,not_walking,0,random_forest,2,04845288Q-121,reference,0.0,0.08486825022841987,0
04845288Q-121,2025-03-01 11:36:49+00:00,not_walking,0,random_forest,2,04845288Q-121,reference,0.0,0.10281227646744916,0
04845288Q-121,2025-03-01 11:36:50+00:00,not_walking,0,random_forest,2,04845288Q-121,reference,0.0,0.11135714936594847,0
04845288Q-121,2025-03-01 11:36:51+00:00,not_walking,0,random_forest,2,04845288Q-121,reference,0.0,0.07026397397813186,0
04845288Q-121,2025-03-01 11:36:52+00:00,not_walking,0,random_forest,2,04845288Q-121,reference,0.0,0.09867470907672439,0
04845288Q-121,2025-03-01 11:36:53+00:00,not_walking,0,random_forest,2,04845288Q-121,reference,0.0,0.0514644221456606,0
04845288Q-121,2025-03-01 11:36:54+00:00,not_walking,0,random_forest,2,04845288Q-121,reference,0.0,0.08802594305193825,0
04845288Q-121,2025-03-01 11:36:55+00:00,not_walking,0,random_forest,2,04845288Q-121,reference,0.0,0.08875333959659365,0
04845288Q-121,2025-03-01 11:36:56+00:00,not_walking,0,random_forest,2,04845288Q-121,reference,0.0,0.08952967108988437,0
04845288Q-121,2025-03-01 11:36:57+00:00,not_walking,0,random_forest,2,04845288Q-121,reference,0.0,0.0728889448964245,0
04845288Q-121,2025-03-01 11:36:58+00:00,not_walking,0,random_forest,2,04845288Q-121,reference,0.0,0.08190792148929421,0
04845288Q-121,2025-03-01 11:36:59+00:00,not_walking,0,random_forest,2,04845288Q-121,reference,0.0,0.06203340574935896,0
04845288Q-121,2025-03-01 11:37:00+00:00,not_walking,0,random_forest,2,04845288Q-121,reference,0.0,0.07483572832727085,0
04845288Q-121,2025-03-01 11:37:01+00:00,not_walking,0,random_forest,2,04845288Q-121,reference,0.0,0.06779150242299621,0
04845288Q-121,2025-03-01 11:37:02+00:00,not_walking,0,random_forest,2,04845288Q-121,reference,0.0,0.07614150363077997,0
04845288Q-121,2025-03-01 11:37:03+00:00,not_walking,0,random_forest,2,04845288Q-121,reference,0.0,0.17244302422770724,0
04845288Q-121,2025-03-01 11:37:04+00:00,not_walking,0,random_forest,2,04845288Q-121,reference,0.0,0.060005736050531944,0
04845288Q-121,2025-03-01 11:37:05+00:00,not_walking,0,random_forest,2,04845288Q-121,reference,0.0,0.10933588187142189,0
04845288Q-121,2025-03-01 11:37:06+00:00,not_walking,0,random_forest,2,04845288Q-121,reference,0.0,0.0815950949076882,0
04845288Q-121,2025-03-01 11:37:07+00:00,not_walking,0,random_forest,2,04845288Q-121,reference,0.0,0.13085563074607215,0
04845288Q-121,2025-03-01 11:37:08+00:00,not_walking,0,random_forest,2,04845288Q-121,reference,0.0,0.08088378814902807,0
04845288Q-121,2025-03-01 11:37:09+00:00,not_walking,0,random_forest,2,04845288Q-121,reference,0.0,0.06714371825249404,0
04845288Q-121,2025-03-01 11:37:10+00:00,not_walking,0,random_forest,2,04845288Q-121,reference,0.0,0.1677474750552761,0
04845288Q-121,2025-03-01 11:37:11+00:00,not_walking,0,random_forest,2,04845288Q-121,reference,0.0,0.20512272040352922,0
04845288Q-121,2025-03-01 11:37:12+00:00,not_walking,0,random_forest,2,04845288Q-121,reference,0.0,0.1583663353081836,0
04845288Q-121,2025-03-01 11:37:13+00:00,not_walking,0,random_forest,2,04845288Q-121,reference,0.0,0.0671121189017237,0
04845288Q-121,2025-03-01 11:37:14+00:00,not_walking,0,random_forest,2,04845288Q-121,reference,0.0,0.09034697169541236,0
04845288Q-121,2025-03-01 11:37:15+00:00,not_walking,0,random_forest,2,04845288Q-121,reference,0.0,0.08233943792799425,0
04845288Q-121,2025-03-01 11:37:16+00:00,not_walking,0,random_forest,2,04845288Q-121,reference,0.0,0.06455916417249909,0
04845288Q-121,2025-03-01 11:37:17+00:00,not_walking,0,random_forest,2,04845288Q-121,reference,0.0,0.10986428073614242,0
04845288Q-121,2025-03-01 11:37:18+00:00,not_walking,0,random_forest,2,04845288Q-121,reference,0.0,0.11431890515693369,0
04845288Q-121,2025-03-01 11:37:19+00:00,not_walking,0,random_forest,2,04845288Q-121,reference,0.0,0.11129122085024883,0
04845288Q-121,2025-03-01 11:37:20+00:00,not_walking,0,random_forest,2,04845288Q-121,reference,0.0,0.11284512336553698,0
04845288Q-121,2025-03-01 11:37:21+00:00,not_walking,0,random_forest,2,04845288Q-121,reference,0.0,0.1622649912724273,0
04845288Q-121,2025-03-01 11:37:22+00:00,not_walking,0,random_forest,2,04845288Q-121,reference,0.0,0.07752215022281654,0
04845288Q-121,2025-03-01 11:37:23+00:00,not_walking,0,random_forest,2,04845288Q-121,reference,0.0,0.16875524405907041,0
04845288Q-121,2025-03-01 11:37:24+00:00,not_walking,0,random_forest,2,04845288Q-121,reference,0.0,0.14550006439636629,0
04845288Q-121,2025-03-01 11:37:25+00:00,not_walking,0,random_forest,2,04845288Q-121,reference,0.0,0.11582461500162852,0
04845288Q-121,2025-03-01 11:37:26+00:00,not_walking,0,random_forest,2,04845288Q-121,reference,0.0,0.28492915115732365,0
04845288Q-121,2025-03-01 11:37:27+00:00,not_walking,0,random_forest,2,04845288Q-121,reference,0.0,0.23485344418346035,0
04845288Q-121,2025-03-01 11:37:28+00:00,not_walking,0,random_forest,2,04845288Q-121,reference,0.0,0.14722963028699224,0
04845288Q-121,2025-03-01 11:37:29+00:00,not_walking,0,random_forest,2,04845288Q-121,reference,0.0,0.12479566524521471,0
04845288Q-121,2025-03-01 11:37:30+00:00,not_walking,0,random_forest,2,04845288Q-121,reference,0.0,0.13215715824938734,0
04845288Q-121,2025-03-01 11:37:31+00:00,not_walking,0,random_forest,2,04845288Q-121,reference,0.0,0.19168796611174124,0
04845288Q-121,2025-03-01 11:37:32+00:00,not_walking,0,random_forest,2,04845288Q-121,reference,0.0,0.1518556157902758,0
04845288Q-121,2025-03-01 11:37:33+00:00,not_walking,0,random_forest,2,04845288Q-121,reference,0.0,0.08845179208238008,0
04845288Q-121,2025-03-01 11:37:34+00:00,not_walking,0,random_forest,2,04845288Q-121,reference,0.0,0.09769949221308055,0
04845288Q-121,2025-03-01 11:37:35+00:00,not_walking,0,random_forest,2,04845288Q-121,reference,0.0,0.09489164130294801,0
04845288Q-121,2025-03-01 11:37:36+00:00,not_walking,0,random_forest,2,04845288Q-121,reference,0.0,0.07088440784860507,0
04845288Q-121,2025-03-01 11:37:37+00:00,not_walking,0,random_forest,2,04845288Q-121,reference,0.0,0.09515017587475948,0
04845288Q-121,2025-03-01 11:37:38+00:00,not_walking,0,random_forest,2,04845288Q-121,reference,0.0,0.13390156257996264,0
04845288Q-121,2025-03-01 11:37:39+00:00,not_walking,0,random_forest,2,04845288Q-121,reference,0.0,0.14224821982244754,0
04845288Q-121,2025-03-01 11:37:40+00:00,not_walking,0,random_forest,2,04845288Q-121,reference,0.0,0.07371346116253219,0
04845288Q-121,2025-03-01 11:37:41+00:00,not_walking,0,random_forest,2,04845288Q-121,reference,0.0,0.08677401898087381,0
04845288Q-121,2025-03-01 11:37:42+00:00,not_walking,0,random_forest,2,04845288Q-121,reference,0.0,0.0760401471398741,0
04845288Q-121,2025-03-01 11:37:43+00:00,not_walking,0,random_forest,2,04845288Q-121,reference,0.0,0.007917233820065255,0
04845288Q-121,2025-03-01 11:37:44+00:00,not_walking,0,random_forest,2,04845288Q-121,reference,0.0,0.05264458801602447,0
04845288Q-121,2025-03-01 11:37:45+00:00,not_walking,0,random_forest,2,04845288Q-121,reference,0.0,0.061560825002378576,0
04845288Q-121,2025-03-01 11:37:46+00:00,not_walking,0,random_forest,2,04845288Q-121,reference,0.0,0.06435353429968325,0
04845288Q-121,2025-03-01 11:37:47+00:00,not_walking,0,random_forest,2,04845288Q-121,reference,0.0,0.10314524815652511,0
04845288Q-121,2025-03-01 11:37:48+00:00,not_walking,0,random_forest,2,04845288Q-121,reference,0.0,0.09390455965429481,0
04845288Q-121,2025-03-01 11:37:49+00:00,not_walking,0,random_forest,2,04845288Q-121,reference,0.0,0.09627955245025227,0
04845288Q-121,2025-03-01 11:37:50+00:00,not_walking,0,random_forest,2,04845288Q-121,reference,0.0,0.09121966115632812,0
04845288Q-121,2025-03-01 11:37:51+00:00,not_walking,0,random_forest,2,04845288Q-121,reference,0.0,0.09359687007921812,0
04845288Q-121,2025-03-01 11:37:52+00:00,not_walking,0,random_forest,2,04845288Q-121,reference,0.0,0.11900497568965951,0
04845288Q-121,2025-03-01 11:37:53+00:00,not_walking,0,random_forest,2,04845288Q-121,reference,0.0,0.22292562768824833,0
04845288Q-121,2025-03-01 11:37:54+00:00,not_walking,0,random_forest,2,04845288Q-121,reference,0.0,0.2860032635405857,0
04845288Q-121,2025-03-01 11:37:55+00:00,not_walking,0,random_forest,2,04845288Q-121,reference,0.0,0.2501676546456184,0
04845288Q-121,2025-03-01 11:37:56+00:00,not_walking,0,random_forest,2,04845288Q-121,reference,0.0,0.13945259351510816,0
04845288Q-121,2025-03-01 11:37:57+00:00,not_walking,0,random_forest,2,04845288Q-121,reference,0.0,0.08736377576635562,0
04845288Q-121,2025-03-01 11:37:58+00:00,not_walking,0,random_forest,2,04845288Q-121,reference,0.0,0.6604838284604709,1
04845288Q-121,2025-03-01 11:37:59+00:00,not_walking,0,random_forest,2,04845288Q-121,reference,0.0,0.6962412301123085,1
04845288Q-121,2025-03-01 11:38:00+00:00,not_walking,0,random_forest,2,04845288Q-121,reference,0.0,0.7081769339740831,1
04845288Q-121,2025-03-01 11:38:01+00:00,not_walking,0,random_forest,2,04845288Q-121,reference,0.0,0.6647926081964707,1
04845288Q-121,2025-03-01 11:38:02+00:00,not_walking,0,random_forest,2,04845288Q-121,reference,0.0,0.5433664799538934,1
04845288Q-121,2025-03-01 11:38:03+00:00,not_walking,0,random_forest,2,04845288Q-121,reference,0.0,0.2028819282849657,0
04845288Q-121,2025-03-01 11:38:04+00:00,not_walking,0,random_forest,2,04845288Q-121,reference,0.0,0.49688513131170625,0
04845288Q-121,2025-03-01 11:38:05+00:00,not_walking,0,random_forest,2,04845288Q-121,reference,0.0,0.5687379986563154,1
04845288Q-121,2025-03-01 11:38:06+00:00,not_walking,0,random_forest,2,04845288Q-121,reference,0.0,0.47205565452683745,0
04845288Q-121,2025-03-01 11:38:07+00:00,not_walking,0,random_forest,2,04845288Q-121,reference,0.0,0.12773530448882064,0
04845288Q-121,2025-03-01 11:38:08+00:00,not_walking,0,random_forest,2,04845288Q-121,reference,0.0,0.054176521037326564,0
04845288Q-121,2025-03-01 11:38:09+00:00,not_walking,0,random_forest,2,04845288Q-121,reference,0.0,0.06916850126392793,0
04845288Q-121,2025-03-01 11:38:10+00:00,not_walking,0,random_forest,2,04845288Q-121,reference,0.0,0.08251452598718595,0
04845288Q-121,2025-03-01 11:38:11+00:00,not_walking,0,random_forest,2,04845288Q-121,reference,0.0,0.08800609424439065,0
04845288Q-121,2025-03-01 11:38:12+00:00,not_walking,0,random_forest,2,04845288Q-121,reference,0.0,0.08588042071645735,0
04845288Q-121,2025-03-01 11:38:13+00:00,not_walking,0,random_forest,2,04845288Q-121,reference,0.0,0.18214458058497768,0
04845288Q-121,2025-03-01 11:38:14+00:00,not_walking,0,random_forest,2,04845288Q-121,reference,0.0,0.1522622760673531,0
04845288Q-121,2025-03-01 11:38:15+00:00,not_walking,0,random_forest,2,04845288Q-121,reference,0.0,0.45213568210482585,0
04845288Q-121,2025-03-01 11:38:16+00:00,not_walking,0,random_forest,2,04845288Q-121,reference,0.0,0.245250240833304,0
04845288Q-121,2025-03-01 11:38:17+00:00,not_walking,0,random_forest,2,04845288Q-121,reference,0.0,0.07258786748206378,0
04845288Q-121,2025-03-01 11:38:18+00:00,walking,1,random_forest,2,04845288Q-121,reference,0.0,0.09665660068800715,0
04845288Q-121,2025-03-01 11:38:19+00:00,walking,1,random_forest,2,04845288Q-121,reference,0.0,0.5237983106510342,1
04845288Q-121,2025-03-01 11:38:20+00:00,walking,1,random_forest,2,04845288Q-121,reference,0.0,0.6350748558455156,1
04845288Q-121,2025-03-01 11:38:21+00:00,walking,1,random_forest,2,04845288Q-121,reference,0.0,0.5615272516926241,1
04845288Q-121,2025-03-01 11:38:22+00:00,walking,1,random_forest,2,04845288Q-121,reference,0.0,0.38626996997306307,0
04845288Q-121,2025-03-01 11:38:23+00:00,walking,1,random_forest,2,04845288Q-121,reference,0.0,0.16374429415547975,0
04845288Q-121,2025-03-01 11:38:24+00:00,walking,1,random_forest,2,04845288Q-121,reference,0.0,0.2293715499673928,0
04845288Q-121,2025-03-01 11:38:25+00:00,walking,1,random_forest,2,04845288Q-121,reference,0.0,0.5657787220344479,1
04845288Q-121,2025-03-01 11:38:26+00:00,walking,1,random_forest,2,04845288Q-121,reference,0.0,0.3038291704213041,0
04845288Q-121,2025-03-01 11:38:27+00:00,walking,1,random_forest,2,04845288Q-121,reference,0.0,0.42071944223114077,0
04845288Q-121,2025-03-01 11:38:28+00:00,walking,1,random_forest,2,04845288Q-121,reference,0.0,0.39319533295182024,0
04845288Q-121,2025-03-01 11:38:29+00:00,walking,1,random_forest,2,04845288Q-121,reference,0.0,0.24205271388701727,0
04845288Q-121,2025-03-01 11:38:30+00:00,walking,1,random_forest,2,04845288Q-121,reference,0.0,0.11197888674549632,0
04845288Q-121,2025-03-01 11:38:31+00:00,walking,1,random_forest,2,04845288Q-121,reference,0.0,0.14984420819118352,0
04845288Q-121,2025-03-01 11:38:32+00:00,walking,1,random_forest,2,04845288Q-121,reference,0.0,0.25861235649412717,0
04845288Q-121,2025-03-01 11:38:33+00:00,walking,1,random_forest,2,04845288Q-121,reference,0.0,0.3788500678694875,0
04845288Q-121,2025-03-01 11:38:34+00:00,walking,1,random_forest,2,04845288Q-121,reference,0.0,0.14071805752256134,0
04845288Q-121,2025-03-01 11:38:35+00:00,walking,1,random_forest,2,04845288Q-121,reference,0.0,0.11996055418018954,0
04845288Q-121,2025-03-01 11:38:36+00:00,walking,1,random_forest,2,04845288Q-121,reference,0.0,0.08784900108961828,0
04845288Q-121,2025-03-01 11:38:37+00:00,walking,1,random_forest,2,04845288Q-121,reference,0.0,0.2228328652906984,0
04845288Q-121,2025-03-01 11:38:38+00:00,walking,1,random_forest,2,04845288Q-121,reference,0.0,0.3621400040592663,0
04845288Q-121,2025-03-01 11:38:39+00:00,walking,1,random_forest,2,04845288Q-121,reference,0.0,0.10484261087252911,0
04845288Q-121,2025-03-01 11:38:40+00:00,walking,1,random_forest,2,04845288Q-121,reference,0.0,0.2292267736751962,0
04845288Q-121,2025-03-01 11:38:41+00:00,walking,1,random_forest,2,04845288Q-121,reference,0.0,0.04873632851568362,0
04845288Q-121,2025-03-01 11:38:44+00:00,not_walking,0,random_forest,2,04845288Q-121,reference,0.0,0.07542983649359404,0
04845288Q-121,2025-03-01 11:38:45+00:00,not_walking,0,random_forest,2,04845288Q-121,reference,0.0,0.0885553191713886,0
04845288Q-121,2025-03-01 11:38:46+00:00,not_walking,0,random_forest,2,04845288Q-121,reference,0.0,0.10388621899552375,0
04845288Q-121,2025-03-01 11:38:47+00:00,not_walking,0,random_forest,2,04845288Q-121,reference,0.0,0.09962842268674114,0
04845288Q-121,2025-03-01 11:38:48+00:00,not_walking,0,random_forest,2,04845288Q-121,reference,0.0,0.11145512772629276,0
04845288Q-121,2025-03-01 11:38:49+00:00,not_walking,0,random_forest,2,04845288Q-121,reference,0.0,0.12454064522354888,0
04845288Q-121,2025-03-01 11:38:50+00:00,not_walking,0,random_forest,2,04845288Q-121,reference,0.0,0.21932273158128113,0
04845288Q-121,2025-03-01 11:38:51+00:00,not_walking,0,random_forest,2,04845288Q-121,reference,0.0,0.2177821376827257,0
04845288Q-121,2025-03-01 11:38:52+00:00,not_walking,0,random_forest,2,04845288Q-121,reference,0.0,0.29093115097065286,0
04845288Q-121,2025-03-01 11:38:53+00:00,not_walking,0,random_forest,2,04845288Q-121,reference,0.0,0.28514688642187774,0
04845288Q-121,2025-03-01 11:38:54+00:00,not_walking,0,random_forest,2,04845288Q-121,reference,0.0,0.198589353397409,0
04845288Q-121,2025-03-01 11:38:55+00:00,not_walking,0,random_forest,2,04845288Q-121,reference,0.0,0.18108225497965783,0
04845288Q-121,2025-03-01 11:38:56+00:00,not_walking,0,random_forest,2,04845288Q-121,reference,0.0,0.14118394710901577,0
04845288Q-121,2025-03-01 11:38:57+00:00,not_walking,0,random_forest,2,04845288Q-121,reference,0.0,0.17213870529256725,0
04845288Q-121,2025-03-01 11:38:58+00:00,not_walking,0,random_forest,2,04845288Q-121,reference,0.0,0.14611023745788948,0
04845288Q-121,2025-03-01 11:38:59+00:00,not_walking,0,random_forest,2,04845288Q-121,reference,0.0,0.12201695595632515,0
04845288Q-121,2025-03-01 11:39:00+00:00,not_walking,0,random_forest,2,04845288Q-121,reference,0.0,0.148780491363495,0
04845288Q-121,2025-03-01 11:39:01+00:00,not_walking,0,random_forest,2,04845288Q-121,reference,0.0,0.1797757341846519,0
04845288Q-121,2025-03-01 11:39:02+00:00,not_walking,0,random_forest,2,04845288Q-121,reference,0.0,0.2557856001374218,0
04845288Q-121,2025-03-01 11:39:03+00:00,not_walking,0,random_forest,2,04845288Q-121,reference,0.0,0.08151070752575737,0
04845288Q-121,2025-03-01 11:39:04+00:00,not_walking,0,random_forest,2,04845288Q-121,reference,0.0,0.10199649998529749,0
04845288Q-121,2025-03-01 11:39:05+00:00,not_walking,0,random_forest,2,04845288Q-121,reference,0.0,0.07241708384007364,0
04845288Q-121,2025-03-01 11:39:06+00:00,not_walking,0,random_forest,2,04845288Q-121,reference,0.0,0.045292337455835135,0
04845288Q-121,2025-03-01 11:39:07+00:00,not_walking,0,random_forest,2,04845288Q-121,reference,0.0,0.18091165348262572,0
04845288Q-121,2025-03-01 11:39:08+00:00,not_walking,0,random_forest,2,04845288Q-121,reference,0.0,0.08178761330925201,0
04845288Q-121,2025-03-01 11:39:09+00:00,not_walking,0,random_forest,2,04845288Q-121,reference,0.0,0.12534742767328974,0
04845288Q-121,2025-03-01 11:39:10+00:00,not_walking,0,random_forest,2,04845288Q-121,reference,0.0,0.09751770293326424,0
04845288Q-121,2025-03-01 11:39:11+00:00,not_walking,0,random_forest,2,04845288Q-121,reference,0.0,0.10591378368842554,0
04845288Q-121,2025-03-01 11:39:12+00:00,not_walking,0,random_forest,2,04845288Q-121,reference,0.0,0.11924002883893389,0
04845288Q-121,2025-03-01 11:39:13+00:00,not_walking,0,random_forest,2,04845288Q-121,reference,0.0,0.10468210441202357,0
04845288Q-121,2025-03-01 11:39:14+00:00,not_walking,0,random_forest,2,04845288Q-121,reference,0.0,0.12229770813678714,0
04845288Q-121,2025-03-01 11:39:15+00:00,not_walking,0,random_forest,2,04845288Q-121,reference,0.0,0.12294863085958485,0
04845288Q-121,2025-03-01 11:39:16+00:00,not_walking,0,random_forest,2,04845288Q-121,reference,0.0,0.36204903882168354,0
04845288Q-121,2025-03-01 11:39:17+00:00,not_walking,0,random_forest,2,04845288Q-121,reference,0.0,0.19954801163114125,0
04845288Q-121,2025-03-01 11:39:18+00:00,not_walking,0,random_forest,2,04845288Q-121,reference,0.0,0.2446697204780815,0
04845288Q-121,2025-03-01 11:39:19+00:00,not_walking,0,random_forest,2,04845288Q-121,reference,0.0,0.19525188502042834,0
04845288Q-121,2025-03-01 11:39:20+00:00,not_walking,0,random_forest,2,04845288Q-121,reference,0.0,0.18380062731965124,0
04845288Q-121,2025-03-01 11:39:21+00:00,not_walking,0,random_forest,2,04845288Q-121,reference,0.0,0.13201472328448338,0
04845288Q-121,2025-03-01 11:39:22+00:00,not_walking,0,random_forest,2,04845288Q-121,reference,0.0,0.16725189420417952,0
04845288Q-121,2025-03-01 11:39:23+00:00,walking,1,random_forest,2,04845288Q-121,reference,0.0,0.07320046089675589,0
04845288Q-121,2025-03-01 11:39:24+00:00,walking,1,random_forest,2,04845288Q-121,reference,0.0,0.20128603243139837,0
04845288Q-121,2025-03-01 11:39:25+00:00,walking,1,random_forest,2,04845288Q-121,reference,0.0,0.08539981035030542,0
04845288Q-121,2025-03-01 11:39:26+00:00,walking,1,random_forest,2,04845288Q-121,reference,0.0,0.07982075868042594,0
04845288Q-121,2025-03-01 11:39:27+00:00,walking,1,random_forest,2,04845288Q-121,reference,0.0,0.12643955331479628,0
04845288Q-121,2025-03-01 11:39:28+00:00,walking,1,random_forest,2,04845288Q-121,reference,0.0,0.06935216217157782,0
04845288Q-121,2025-03-01 11:39:29+00:00,walking,1,random_forest,2,04845288Q-121,reference,0.0,0.07163269107087086,0
04845288Q-121,2025-03-01 11:39:30+00:00,walking,1,random_forest,2,04845288Q-121,reference,0.0,0.11960285274989246,0
04845288Q-121,2025-03-01 11:39:31+00:00,walking,1,random_forest,2,04845288Q-121,reference,0.0,0.07665880303452485,0
04845288Q-121,2025-03-01 11:39:32+00:00,walking,1,random_forest,2,04845288Q-121,reference,0.0,0.05954580885700453,0
04845288Q-121,2025-03-01 11:39:33+00:00,walking,1,random_forest,2,04845288Q-121,reference,0.0,0.045079415594001304,0
04845288Q-121,2025-03-01 11:39:34+00:00,not_walking,0,random_forest,2,04845288Q-121,reference,0.0,0.06519699621414134,0
04845288Q-121,2025-03-01 11:39:35+00:00,not_walking,0,random_forest,2,04845288Q-121,reference,0.0,0.06852477833020441,0
04845288Q-121,2025-03-01 11:39:36+00:00,not_walking,0,random_forest,2,04845288Q-121,reference,0.0,0.10970843583682907,0
04845288Q-121,2025-03-01 11:39:37+00:00,not_walking,0,random_forest,2,04845288Q-121,reference,0.0,0.13234780732486534,0
04845288Q-121,2025-03-01 11:39:38+00:00,not_walking,0,random_forest,2,04845288Q-121,reference,0.0,0.07324138729544327,0
04845288Q-121,2025-03-01 11:39:39+00:00,not_walking,0,random_forest,2,04845288Q-121,reference,0.0,0.12189589141267648,0
04845288Q-121,2025-03-01 11:39:40+00:00,not_walking,0,random_forest,2,04845288Q-121,reference,0.0,0.15366999769155634,0
04845288Q-121,2025-03-01 11:39:41+00:00,not_walking,0,random_forest,2,04845288Q-121,reference,0.0,0.12697448924596524,0
04845288Q-121,2025-03-01 11:39:42+00:00,not_walking,0,random_forest,2,04845288Q-121,reference,0.0,0.17832527717258112,0
04845288Q-121,2025-03-01 11:39:43+00:00,not_walking,0,random_forest,2,04845288Q-121,reference,0.0,0.36873726519237204,0
04845288Q-121,2025-03-01 11:39:44+00:00,not_walking,0,random_forest,2,04845288Q-121,reference,0.0,0.4800082170856717,0
04845288Q-121,2025-03-01 11:39:51+00:00,not_walking,0,random_forest,2,04845288Q-121,reference,0.0,0.15543423658506528,0
04845288Q-121,2025-03-01 11:39:52+00:00,not_walking,0,random_forest,2,04845288Q-121,reference,0.0,0.21847551063275547,0
04845288Q-121,2025-03-01 11:39:53+00:00,not_walking,0,random_forest,2,04845288Q-121,reference,0.0,0.284571621870845,0
04845288Q-121,2025-03-01 11:39:54+00:00,not_walking,0,random_forest,2,04845288Q-121,reference,0.0,0.23988999792076854,0
04845288Q-121,2025-03-01 11:39:55+00:00,not_walking,0,random_forest,2,04845288Q-121,reference,0.0,0.3005706149471588,0
04845288Q-121,2025-03-01 11:39:56+00:00,not_walking,0,random_forest,2,04845288Q-121,reference,0.0,0.2585447083286934,0
04845288Q-121,2025-03-01 11:39:57+00:00,not_walking,0,random_forest,2,04845288Q-121,reference,0.0,0.1104306672019766,0
04845288Q-121,2025-03-01 11:39:58+00:00,not_walking,0,random_forest,2,04845288Q-121,reference,0.0,0.1691410358653788,0
04845288Q-121,2025-03-01 11:39:59+00:00,not_walking,0,random_forest,2,04845288Q-121,reference,0.0,0.19777186269998503,0
04845288Q-121,2025-03-01 11:40:04+00:00,walking,1,random_forest,2,04845288Q-121,reference,0.0,0.13302907147296322,0
04845288Q-121,2025-03-01 11:40:05+00:00,walking,1,random_forest,2,04845288Q-121,reference,0.0,0.07247824628756275,0
04845288Q-121,2025-03-01 11:40:06+00:00,walking,1,random_forest,2,04845288Q-121,reference,0.0,0.08435684099422885,0
04845288Q-121,2025-03-01 11:40:07+00:00,walking,1,random_forest,2,04845288Q-121,reference,0.0,0.06641409547538414,0
04845288Q-121,2025-03-01 11:40:08+00:00,walking,1,random_forest,2,04845288Q-121,reference,0.0,0.0332261165225733,0
04845288Q-121,2025-03-01 11:40:09+00:00,walking,1,random_forest,2,04845288Q-121,reference,0.0,0.08162326929407146,0
04845288Q-121,2025-03-01 11:40:10+00:00,walking,1,random_forest,2,04845288Q-121,reference,0.0,0.09857010395859671,0
04845288Q-121,2025-03-01 11:40:11+00:00,walking,1,random_forest,2,04845288Q-121,reference,0.0,0.10099823928412438,0
04845288Q-121,2025-03-01 11:40:12+00:00,walking,1,random_forest,2,04845288Q-121,reference,0.0,0.10846407498078396,0
04845288Q-121,2025-03-01 11:40:13+00:00,walking,1,random_forest,2,04845288Q-121,reference,0.0,0.10117773809124055,0
04845288Q-121,2025-03-01 11:40:14+00:00,walking,1,random_forest,2,04845288Q-121,reference,0.0,0.11806932823231402,0
04845288Q-121,2025-03-01 11:40:15+00:00,walking,1,random_forest,2,04845288Q-121,reference,0.0,0.15035800817576778,0
04845288Q-121,2025-03-01 11:40:16+00:00,walking,1,random_forest,2,04845288Q-121,reference,0.0,0.34569103666840933,0
04845288Q-121,2025-03-01 11:40:17+00:00,walking,1,random_forest,2,04845288Q-121,reference,0.0,0.19958863455451087,0
04845288Q-121,2025-03-01 11:40:18+00:00,walking,1,random_forest,2,04845288Q-121,reference,0.0,0.10010000727109752,0
04845288Q-121,2025-03-01 11:40:19+00:00,walking,1,random_forest,2,04845288Q-121,reference,0.0,0.07963664462480938,0
04845288Q-121,2025-03-01 11:40:20+00:00,walking,1,random_forest,2,04845288Q-121,reference,0.0,0.07465493355276928,0
04845288Q-121,2025-03-01 11:40:21+00:00,walking,1,random_forest,2,04845288Q-121,reference,0.0,0.0645042129944051,0
04845288Q-121,2025-03-01 11:40:22+00:00,walking,1,random_forest,2,04845288Q-121,reference,0.0,0.21660102161824427,0
04845288Q-121,2025-03-01 11:40:23+00:00,walking,1,random_forest,2,04845288Q-121,reference,0.0,0.1149375070248466,0
04845288Q-121,2025-03-01 11:40:24+00:00,walking,1,random_forest,2,04845288Q-121,reference,0.0,0.16219612079811183,0
04845288Q-121,2025-03-01 11:40:25+00:00,not_walking,0,random_forest,2,04845288Q-121,reference,0.0,0.1888851807237689,0
04845288Q-121,2025-03-01 11:40:26+00:00,not_walking,0,random_forest,2,04845288Q-121,reference,0.0,0.2476406314162906,0
04845288Q-121,2025-03-01 11:40:27+00:00,not_walking,0,random_forest,2,04845288Q-121,reference,0.0,0.24617237005554282,0
04845288Q-121,2025-03-01 11:40:28+00:00,not_walking,0,random_forest,2,04845288Q-121,reference,0.0,0.1506173677226481,0
04845288Q-121,2025-03-01 11:40:29+00:00,not_walking,0,random_forest,2,04845288Q-121,reference,0.0,0.2654343165343683,0
04845288Q-121,2025-03-01 11:40:30+00:00,not_walking,0,random_forest,2,04845288Q-121,reference,0.0,0.17836928606541388,0
04845288Q-121,2025-03-01 11:40:31+00:00,not_walking,0,random_forest,2,04845288Q-121,reference,0.0,0.09071572260297035,0
04845288Q-121,2025-03-01 11:40:32+00:00,not_walking,0,random_forest,2,04845288Q-121,reference,0.0,0.07382781041505442,0
04845288Q-121,2025-03-01 11:40:33+00:00,not_walking,0,random_forest,2,04845288Q-121,reference,0.0,0.11292210540470857,0
04845288Q-121,2025-03-01 11:40:34+00:00,not_walking,0,random_forest,2,04845288Q-121,reference,0.0,0.23080413508739028,0
04845288Q-121,2025-03-01 11:40:35+00:00,not_walking,0,random_forest,2,04845288Q-121,reference,0.0,0.2775222819471842,0
04845288Q-121,2025-03-01 11:40:36+00:00,not_walking,0,random_forest,2,04845288Q-121,reference,0.0,0.21422610046182367,0
04845288Q-121,2025-03-01 11:40:37+00:00,not_walking,0,random_forest,2,04845288Q-121,reference,0.0,0.20175361526603333,0
04845288Q-121,2025-03-01 11:40:38+00:00,not_walking,0,random_forest,2,04845288Q-121,reference,0.0,0.10863118432665739,0
47046344M-104,2024-10-15 07:28:59+00:00,not_walking,0,random_forest,3,47046344M-104,reference,0.0,0.3009759170420657,0
47046344M-104,2024-10-15 07:29:00+00:00,not_walking,0,random_forest,3,47046344M-104,reference,0.0,0.376642625458529,0
47046344M-104,2024-10-15 07:29:01+00:00,not_walking,0,random_forest,3,47046344M-104,reference,0.0,0.3499428315137606,0
47046344M-104,2024-10-15 07:29:02+00:00,not_walking,0,random_forest,3,47046344M-104,reference,0.0,0.3797312923960538,0
47046344M-104,2024-10-15 07:29:03+00:00,not_walking,0,random_forest,3,47046344M-104,reference,0.0,0.3180678613412829,0
47046344M-104,2024-10-15 07:29:04+00:00,not_walking,0,random_forest,3,47046344M-104,reference,0.0,0.3682017056922241,0
47046344M-104,2024-10-15 07:29:05+00:00,not_walking,0,random_forest,3,47046344M-104,reference,0.0,0.3369226962676305,0
47046344M-104,2024-10-15 07:29:06+00:00,not_walking,0,random_forest,3,47046344M-104,reference,0.0,0.39729169962193267,0
47046344M-104,2024-10-15 07:29:07+00:00,not_walking,0,random_forest,3,47046344M-104,reference,0.0,0.372968111390189,0
47046344M-104,2024-10-15 07:29:08+00:00,not_walking,0,random_forest,3,47046344M-104,reference,0.0,0.3717260931169408,0
47046344M-104,2024-10-15 07:29:09+00:00,not_walking,0,random_forest,3,47046344M-104,reference,0.0,0.35340312884277,0
47046344M-104,2024-10-15 07:29:10+00:00,not_walking,0,random_forest,3,47046344M-104,reference,0.0,0.3236898073813704,0
47046344M-104,2024-10-15 07:29:11+00:00,not_walking,0,random_forest,3,47046344M-104,reference,0.0,0.3630373761355723,0
47046344M-104,2024-10-15 07:29:12+00:00,not_walking,0,random_forest,3,47046344M-104,reference,0.0,0.38702192327330676,0
47046344M-104,2024-10-15 07:29:13+00:00,not_walking,0,random_forest,3,47046344M-104,reference,0.0,0.36720266947754526,0
47046344M-104,2024-10-15 07:29:14+00:00,not_walking,0,random_forest,3,47046344M-104,reference,0.0,0.41547140839156765,0
47046344M-104,2024-10-15 07:29:15+00:00,not_walking,0,random_forest,3,47046344M-104,reference,0.0,0.3253410782668982,0
47046344M-104,2024-10-15 07:29:16+00:00,not_walking,0,random_forest,3,47046344M-104,reference,0.0,0.3445497047609793,0
47046344M-104,2024-10-15 07:29:17+00:00,not_walking,0,random_forest,3,47046344M-104,reference,0.0,0.37598424948931836,0
47046344M-104,2024-10-15 07:29:18+00:00,not_walking,0,random_forest,3,47046344M-104,reference,0.0,0.3059772000938444,0
47046344M-104,2024-10-15 07:29:19+00:00,not_walking,0,random_forest,3,47046344M-104,reference,0.0,0.3535545309364661,0
47046344M-104,2024-10-15 07:29:20+00:00,not_walking,0,random_forest,3,47046344M-104,reference,0.0,0.37424997557453243,0
47046344M-104,2024-10-15 07:29:21+00:00,not_walking,0,random_forest,3,47046344M-104,reference,0.0,0.32320629528392064,0
47046344M-104,2024-10-15 07:29:22+00:00,not_walking,0,random_forest,3,47046344M-104,reference,0.0,0.3421597285137606,0
47046344M-104,2024-10-15 07:29:23+00:00,not_walking,0,random_forest,3,47046344M-104,reference,0.0,0.32441226221428204,0
47046344M-104,2024-10-15 07:29:24+00:00,not_walking,0,random_forest,3,47046344M-104,reference,0.0,0.3606434170021566,0
47046344M-104,2024-10-15 07:29:25+00:00,not_walking,0,random_forest,3,47046344M-104,reference,0.0,0.37004149440529693,0
47046344M-104,2024-10-15 07:29:26+00:00,not_walking,0,random_forest,3,47046344M-104,reference,0.0,0.4042168589581577,0
47046344M-104,2024-10-15 07:29:27+00:00,not_walking,0,random_forest,3,47046344M-104,reference,0.0,0.38195728716942784,0
47046344M-104,2024-10-15 07:29:28+00:00,not_walking,0,random_forest,3,47046344M-104,reference,0.0,0.39151529376303235,0
47046344M-104,2024-10-15 07:29:29+00:00,not_walking,0,random_forest,3,47046344M-104,reference,0.0,0.38161565844154266,0
47046344M-104,2024-10-15 07:29:30+00:00,not_walking,0,random_forest,3,47046344M-104,reference,0.0,0.3275087106216058,0
47046344M-104,2024-10-15 07:29:31+00:00,not_walking,0,random_forest,3,47046344M-104,reference,0.0,0.35632398093543216,0
47046344M-104,2024-10-15 07:29:32+00:00,not_walking,0,random_forest,3,47046344M-104,reference,0.0,0.3696561943026487,0
47046344M-104,2024-10-15 07:29:33+00:00,not_walking,0,random_forest,3,47046344M-104,reference,0.0,0.3138887914843976,0
47046344M-104,2024-10-15 07:29:34+00:00,not_walking,0,random_forest,3,47046344M-104,reference,0.0,0.3949791569331339,0
47046344M-104,2024-10-15 07:29:35+00:00,not_walking,0,random_forest,3,47046344M-104,reference,0.0,0.3858364280356649,0
47046344M-104,2024-10-15 07:29:36+00:00,not_walking,0,random_forest,3,47046344M-104,reference,0.0,0.3741894452424313,0
47046344M-104,2024-10-15 07:29:37+00:00,not_walking,0,random_forest,3,47046344M-104,reference,0.0,0.3721981961747852,0
47046344M-104,2024-10-15 07:29:38+00:00,not_walking,0,random_forest,3,47046344M-104,reference,0.0,0.3635823828920271,0
47046344M-104,2024-10-15 07:29:39+00:00,not_walking,0,random_forest,3,47046344M-104,reference,0.0,0.35461764423692593,0
47046344M-104,2024-10-15 07:29:40+00:00,not_walking,0,random_forest,3,47046344M-104,reference,0.0,0.38253783209014586,0
47046344M-104,2024-10-15 07:29:41+00:00,not_walking,0,random_forest,3,47046344M-104,reference,0.0,0.3374665532404637,0
47046344M-104,2024-10-15 07:29:42+00:00,not_walking,0,random_forest,3,47046344M-104,reference,0.0,0.338857520101253,0
47046344M-104,2024-10-15 07:29:43+00:00,not_walking,0,random_forest,3,47046344M-104,reference,0.0,0.32553779172976843,0
47046344M-104,2024-10-15 07:29:44+00:00,not_walking,0,random_forest,3,47046344M-104,reference,0.0,0.3059056390208565,0
47046344M-104,2024-10-15 07:29:45+00:00,not_walking,0,random_forest,3,47046344M-104,reference,0.0,0.3376739350590533,0
47046344M-104,2024-10-15 07:29:46+00:00,not_walking,0,random_forest,3,47046344M-104,reference,0.0,0.3008609465641575,0
47046344M-104,2024-10-15 07:29:47+00:00,not_walking,0,random_forest,3,47046344M-104,reference,0.0,0.30541873406733316,0
47046344M-104,2024-10-15 07:29:48+00:00,not_walking,0,random_forest,3,47046344M-104,reference,0.0,0.307589947710031,0
47046344M-104,2024-10-15 07:29:49+00:00,not_walking,0,random_forest,3,47046344M-104,reference,0.0,0.30949436487150594,0
47046344M-104,2024-10-15 07:29:50+00:00,not_walking,0,random_forest,3,47046344M-104,reference,0.0,0.3128482617293373,0
47046344M-104,2024-10-15 07:29:51+00:00,not_walking,0,random_forest,3,47046344M-104,reference,0.0,0.3137265964047357,0
47046344M-104,2024-10-15 07:29:52+00:00,not_walking,0,random_forest,3,47046344M-104,reference,0.0,0.28353551018407047,0
47046344M-104,2024-10-15 07:29:53+00:00,not_walking,0,random_forest,3,47046344M-104,reference,0.0,0.2682693765443376,0
47046344M-104,2024-10-15 07:29:54+00:00,not_walking,0,random_forest,3,47046344M-104,reference,0.0,0.31731429839286324,0
47046344M-104,2024-10-15 07:29:55+00:00,not_walking,0,random_forest,3,47046344M-104,reference,0.0,0.4383032026174618,0
47046344M-104,2024-10-15 07:29:56+00:00,not_walking,0,random_forest,3,47046344M-104,reference,0.0,0.4452982873172133,0
47046344M-104,2024-10-15 07:29:57+00:00,not_walking,0,random_forest,3,47046344M-104,reference,0.0,0.4003909056011864,0
47046344M-104,2024-10-15 07:29:58+00:00,not_walking,0,random_forest,3,47046344M-104,reference,0.0,0.44022480349599324,0
47046344M-104,2024-10-15 07:29:59+00:00,not_walking,0,random_forest,3,47046344M-104,reference,0.0,0.4308405161313515,0
47046344M-104,2024-10-15 07:30:02+00:00,walking,1,random_forest,3,47046344M-104,reference,0.0,0.37949942360741123,0
47046344M-104,2024-10-15 07:30:03+00:00,walking,1,random_forest,3,47046344M-104,reference,0.0,0.38248371728409736,0
47046344M-104,2024-10-15 07:30:04+00:00,walking,1,random_forest,3,47046344M-104,reference,0.0,0.3582189115783786,0
47046344M-104,2024-10-15 07:30:05+00:00,walking,1,random_forest,3,47046344M-104,reference,0.0,0.3861350214453707,0
47046344M-104,2024-10-15 07:30:06+00:00,walking,1,random_forest,3,47046344M-104,reference,0.0,0.33667447651870824,0
47046344M-104,2024-10-15 07:30:07+00:00,walking,1,random_forest,3,47046344M-104,reference,0.0,0.36746698946177836,0
47046344M-104,2024-10-15 07:30:08+00:00,walking,1,random_forest,3,47046344M-104,reference,0.0,0.3527316773771439,0
47046344M-104,2024-10-15 07:30:09+00:00,walking,1,random_forest,3,47046344M-104,reference,0.0,0.4007052242814634,0
47046344M-104,2024-10-15 07:30:10+00:00,walking,1,random_forest,3,47046344M-104,reference,0.0,0.4158916204307728,0
47046344M-104,2024-10-15 07:30:11+00:00,walking,1,random_forest,3,47046344M-104,reference,0.0,0.39616379971947474,0
47046344M-104,2024-10-15 07:30:12+00:00,walking,1,random_forest,3,47046344M-104,reference,0.0,0.3660021001786732,0
47046344M-104,2024-10-15 07:30:13+00:00,walking,1,random_forest,3,47046344M-104,reference,0.0,0.36122208815658075,0
47046344M-104,2024-10-15 07:30:14+00:00,walking,1,random_forest,3,47046344M-104,reference,0.0,0.35079081591072525,0
47046344M-104,2024-10-15 07:30:15+00:00,walking,1,random_forest,3,47046344M-104,reference,0.0,0.3975985693278131,0
47046344M-104,2024-10-15 07:30:16+00:00,not_walking,0,random_forest,3,47046344M-104,reference,0.0,0.3881168710774963,0
47046344M-104,2024-10-15 07:30:17+00:00,not_walking,0,random_forest,3,47046344M-104,reference,0.0,0.3739033964190908,0
47046344M-104,2024-10-15 07:30:18+00:00,not_walking,0,random_forest,3,47046344M-104,reference,0.0,0.39699446024387036,0
47046344M-104,2024-10-15 07:30:19+00:00,not_walking,0,random_forest,3,47046344M-104,reference,0.0,0.3959544698023985,0
47046344M-104,2024-10-15 07:30:20+00:00,not_walking,0,random_forest,3,47046344M-104,reference,0.0,0.35211090557973385,0
47046344M-104,2024-10-15 07:30:21+00:00,not_walking,0,random_forest,3,47046344M-104,reference,0.0,0.38567583127092137,0
47046344M-104,2024-10-15 07:30:22+00:00,not_walking,0,random_forest,3,47046344M-104,reference,0.0,0.40796788033326076,0
47046344M-104,2024-10-15 07:30:23+00:00,not_walking,0,random_forest,3,47046344M-104,reference,0.0,0.3794131059558959,0
47046344M-104,2024-10-15 07:30:24+00:00,not_walking,0,random_forest,3,47046344M-104,reference,0.0,0.39634618341824857,0
47046344M-104,2024-10-15 07:30:25+00:00,not_walking,0,random_forest,3,47046344M-104,reference,0.0,0.39537683353634895,0
47046344M-104,2024-10-15 07:30:26+00:00,not_walking,0,random_forest,3,47046344M-104,reference,0.0,0.39066568781539174,0
47046344M-104,2024-10-15 07:30:27+00:00,not_walking,0,random_forest,3,47046344M-104,reference,0.0,0.3888774803244382,0
47046344M-104,2024-10-15 07:30:28+00:00,not_walking,0,random_forest,3,47046344M-104,reference,0.0,0.3725608856148854,0
47046344M-104,2024-10-15 07:30:29+00:00,not_walking,0,random_forest,3,47046344M-104,reference,0.0,0.37295881363795164,0
47046344M-104,2024-10-15 07:30:30+00:00,not_walking,0,random_forest,3,47046344M-104,reference,0.0,0.3972540305688233,0
47046344M-104,2024-10-15 07:30:31+00:00,not_walking,0,random_forest,3,47046344M-104,reference,0.0,0.3748379149699217,0
47046344M-104,2024-10-15 07:30:32+00:00,not_walking,0,random_forest,3,47046344M-104,reference,0.0,0.4033669064453267,0
47046344M-104,2024-10-15 07:30:33+00:00,not_walking,0,random_forest,3,47046344M-104,reference,0.0,0.3700628650360021,0
47046344M-104,2024-10-15 07:30:34+00:00,not_walking,0,random_forest,3,47046344M-104,reference,0.0,0.41988186089018076,0
47046344M-104,2024-10-15 07:30:35+00:00,not_walking,0,random_forest,3,47046344M-104,reference,0.0,0.40745210379277735,0
47046344M-104,2024-10-15 07:30:36+00:00,not_walking,0,random_forest,3,47046344M-104,reference,0.0,0.40618762894541,0
47046344M-104,2024-10-15 07:30:37+00:00,not_walking,0,random_forest,3,47046344M-104,reference,0.0,0.3349848995607843,0
47046344M-104,2024-10-15 07:30:38+00:00,not_walking,0,random_forest,3,47046344M-104,reference,0.0,0.3929279425235703,0
47046344M-104,2024-10-15 07:30:39+00:00,not_walking,0,random_forest,3,47046344M-104,reference,0.0,0.3223386755870612,0
47046344M-104,2024-10-15 07:30:40+00:00,not_walking,0,random_forest,3,47046344M-104,reference,0.0,0.380194969071801,0
47046344M-104,2024-10-15 07:30:41+00:00,not_walking,0,random_forest,3,47046344M-104,reference,0.0,0.3659931874477353,0
47046344M-104,2024-10-15 07:30:42+00:00,not_walking,0,random_forest,3,47046344M-104,reference,0.0,0.38391115096303063,0
47046344M-104,2024-10-15 07:30:43+00:00,not_walking,0,random_forest,3,47046344M-104,reference,0.0,0.3909571013875399,0
47046344M-104,2024-10-15 07:30:44+00:00,not_walking,0,random_forest,3,47046344M-104,reference,0.0,0.3856024584934692,0
47046344M-104,2024-10-15 07:30:45+00:00,not_walking,0,random_forest,3,47046344M-104,reference,0.0,0.3633395614835104,0
47046344M-104,2024-10-15 07:30:46+00:00,not_walking,0,random_forest,3,47046344M-104,reference,0.0,0.39785288893043375,0
47046344M-104,2024-10-15 07:30:47+00:00,not_walking,0,random_forest,3,47046344M-104,reference,0.0,0.4071339931545613,0
47046344M-104,2024-10-15 07:30:48+00:00,not_walking,0,random_forest,3,47046344M-104,reference,0.0,0.4026993312828386,0
47046344M-104,2024-10-15 07:30:49+00:00,not_walking,0,random_forest,3,47046344M-104,reference,0.0,0.3415146673870899,0
47046344M-104,2024-10-15 07:30:50+00:00,not_walking,0,random_forest,3,47046344M-104,reference,0.0,0.3960683286639268,0
47046344M-104,2024-10-15 07:30:51+00:00,not_walking,0,random_forest,3,47046344M-104,reference,0.0,0.3810458985559517,0
47046344M-104,2024-10-15 07:30:52+00:00,not_walking,0,random_forest,3,47046344M-104,reference,0.0,0.40375953468427844,0
47046344M-104,2024-10-15 07:30:53+00:00,not_walking,0,random_forest,3,47046344M-104,reference,0.0,0.40392597539687375,0
47046344M-104,2024-10-15 07:30:54+00:00,not_walking,0,random_forest,3,47046344M-104,reference,0.0,0.4013581210492995,0
47046344M-104,2024-10-15 07:30:55+00:00,not_walking,0,random_forest,3,47046344M-104,reference,0.0,0.4023255062541934,0
47046344M-104,2024-10-15 07:30:56+00:00,not_walking,0,random_forest,3,47046344M-104,reference,0.0,0.405054977658298,0
47046344M-104,2024-10-15 07:30:57+00:00,not_walking,0,random_forest,3,47046344M-104,reference,0.0,0.38881280394873924,0
47046344M-104,2024-10-15 07:30:58+00:00,not_walking,0,random_forest,3,47046344M-104,reference,0.0,0.36125472665886105,0
47046344M-104,2024-10-15 07:30:59+00:00,not_walking,0,random_forest,3,47046344M-104,reference,0.0,0.3993384038603731,0
47046344M-104,2024-10-15 07:31:00+00:00,not_walking,0,random_forest,3,47046344M-104,reference,0.0,0.39377171136421135,0
47046344M-104,2024-10-15 07:31:01+00:00,not_walking,0,random_forest,3,47046344M-104,reference,0.0,0.3905371312707588,0
47046344M-104,2024-10-15 07:31:02+00:00,not_walking,0,random_forest,3,47046344M-104,reference,0.0,0.3833057942494751,0
47046344M-104,2024-10-15 07:31:03+00:00,not_walking,0,random_forest,3,47046344M-104,reference,0.0,0.4070457537423238,0
47046344M-104,2024-10-15 07:31:04+00:00,not_walking,0,random_forest,3,47046344M-104,reference,0.0,0.4157219811876352,0
47046344M-104,2024-10-15 07:31:05+00:00,not_walking,0,random_forest,3,47046344M-104,reference,0.0,0.3993500163503974,0
47046344M-104,2024-10-15 07:31:06+00:00,not_walking,0,random_forest,3,47046344M-104,reference,0.0,0.37953395887808894,0
47046344M-104,2024-10-15 07:31:07+00:00,not_walking,0,random_forest,3,47046344M-104,reference,0.0,0.40521006919495584,0
47046344M-104,2024-10-15 07:31:08+00:00,not_walking,0,random_forest,3,47046344M-104,reference,0.0,0.39443399654636646,0
47046344M-104,2024-10-15 07:31:09+00:00,not_walking,0,random_forest,3,47046344M-104,reference,0.0,0.39992373504919754,0
47046344M-104,2024-10-15 07:31:10+00:00,not_walking,0,random_forest,3,47046344M-104,reference,0.0,0.36185583735477567,0
47046344M-104,2024-10-15 07:31:11+00:00,not_walking,0,random_forest,3,47046344M-104,reference,0.0,0.2989584334085841,0
47046344M-104,2024-10-15 07:31:12+00:00,not_walking,0,random_forest,3,47046344M-104,reference,0.0,0.2862450282980875,0
47046344M-104,2024-10-15 07:31:13+00:00,not_walking,0,random_forest,3,47046344M-104,reference,0.0,0.31688790053596594,0
47046344M-104,2024-10-15 07:31:14+00:00,not_walking,0,random_forest,3,47046344M-104,reference,0.0,0.3081395244386731,0
47046344M-104,2024-10-15 07:31:15+00:00,not_walking,0,random_forest,3,47046344M-104,reference,0.0,0.2895457354654145,0
47046344M-104,2024-10-15 07:31:16+00:00,not_walking,0,random_forest,3,47046344M-104,reference,0.0,0.3493248987948888,0
47046344M-104,2024-10-15 07:31:17+00:00,not_walking,0,random_forest,3,47046344M-104,reference,0.0,0.27294038724885006,0
47046344M-104,2024-10-15 07:31:18+00:00,not_walking,0,random_forest,3,47046344M-104,reference,0.0,0.2768977310118508,0
47046344M-104,2024-10-15 07:31:19+00:00,not_walking,0,random_forest,3,47046344M-104,reference,0.0,0.2767310011190501,0
47046344M-104,2024-10-15 07:31:20+00:00,not_walking,0,random_forest,3,47046344M-104,reference,0.0,0.28337094458880047,0
47046344M-104,2024-10-15 07:31:21+00:00,not_walking,0,random_forest,3,47046344M-104,reference,0.0,0.3077172442336826,0
47046344M-104,2024-10-15 07:31:22+00:00,not_walking,0,random_forest,3,47046344M-104,reference,0.0,0.23576846242623442,0
47046344M-104,2024-10-15 07:31:23+00:00,not_walking,0,random_forest,3,47046344M-104,reference,0.0,0.32070153493246417,0
47046344M-104,2024-10-15 07:31:24+00:00,not_walking,0,random_forest,3,47046344M-104,reference,0.0,0.29026744212551253,0
47046344M-104,2024-10-15 07:31:25+00:00,not_walking,0,random_forest,3,47046344M-104,reference,0.0,0.3422173983555266,0
47046344M-104,2024-10-15 07:31:26+00:00,not_walking,0,random_forest,3,47046344M-104,reference,0.0,0.34944576369643987,0
47046344M-104,2024-10-15 07:31:27+00:00,not_walking,0,random_forest,3,47046344M-104,reference,0.0,0.3490917370257896,0
47046344M-104,2024-10-15 07:31:28+00:00,not_walking,0,random_forest,3,47046344M-104,reference,0.0,0.39287581713729464,0
47046344M-104,2024-10-15 07:31:29+00:00,not_walking,0,random_forest,3,47046344M-104,reference,0.0,0.28696136515221526,0
47046344M-104,2024-10-15 07:31:30+00:00,not_walking,0,random_forest,3,47046344M-104,reference,0.0,0.28251608873767975,0
47046344M-104,2024-10-15 07:31:31+00:00,not_walking,0,random_forest,3,47046344M-104,reference,0.0,0.27242240239565757,0
47046344M-104,2024-10-15 07:31:32+00:00,not_walking,0,random_forest,3,47046344M-104,reference,0.0,0.3181739371277025,0
47046344M-104,2024-10-15 07:31:33+00:00,not_walking,0,random_forest,3,47046344M-104,reference,0.0,0.35789368261156596,0
47046344M-104,2024-10-15 07:31:34+00:00,not_walking,0,random_forest,3,47046344M-104,reference,0.0,0.38096100881065575,0
47046344M-104,2024-10-15 07:31:35+00:00,not_walking,0,random_forest,3,47046344M-104,reference,0.0,0.36490449264877567,0
47046344M-104,2024-10-15 07:31:36+00:00,not_walking,0,random_forest,3,47046344M-104,reference,0.0,0.3469379996740985,0
47046344M-104,2024-10-15 07:31:37+00:00,not_walking,0,random_forest,3,47046344M-104,reference,0.0,0.3588985567472005,0
47046344M-104,2024-10-15 07:31:38+00:00,not_walking,0,random_forest,3,47046344M-104,reference,0.0,0.3439795922533026,0
47046344M-104,2024-10-15 07:31:39+00:00,not_walking,0,random_forest,3,47046344M-104,reference,0.0,0.3623397928486358,0
47046344M-104,2024-10-15 07:31:40+00:00,not_walking,0,random_forest,3,47046344M-104,reference,0.0,0.37068202960027613,0
47046344M-104,2024-10-15 07:31:41+00:00,not_walking,0,random_forest,3,47046344M-104,reference,0.0,0.3839450028165311,0
47046344M-104,2024-10-15 07:31:42+00:00,not_walking,0,random_forest,3,47046344M-104,reference,0.0,0.3733485388168824,0
47046344M-104,2024-10-15 07:31:43+00:00,not_walking,0,random_forest,3,47046344M-104,reference,0.0,0.32460294682633295,0
47046344M-104,2024-10-15 07:31:44+00:00,not_walking,0,random_forest,3,47046344M-104,reference,0.0,0.3655821205355098,0
47046344M-104,2024-10-15 07:31:45+00:00,not_walking,0,random_forest,3,47046344M-104,reference,0.0,0.33085032911874634,0
47046344M-104,2024-10-15 07:31:46+00:00,not_walking,0,random_forest,3,47046344M-104,reference,0.0,0.3210598396221848,0
47046344M-104,2024-10-15 07:31:47+00:00,not_walking,0,random_forest,3,47046344M-104,reference,0.0,0.32248963527191843,0
47046344M-104,2024-10-15 07:31:48+00:00,not_walking,0,random_forest,3,47046344M-104,reference,0.0,0.36634463205031753,0
47046344M-104,2024-10-15 07:31:49+00:00,not_walking,0,random_forest,3,47046344M-104,reference,0.0,0.3897411939773297,0
47046344M-104,2024-10-15 07:31:50+00:00,not_walking,0,random_forest,3,47046344M-104,reference,0.0,0.4229023171855342,0
47046344M-104,2024-10-15 07:31:54+00:00,walking,1,random_forest,3,47046344M-104,reference,0.0,0.403976641820607,0
47046344M-104,2024-10-15 07:31:55+00:00,walking,1,random_forest,3,47046344M-104,reference,0.0,0.399416474043249,0
47046344M-104,2024-10-15 07:31:56+00:00,walking,1,random_forest,3,47046344M-104,reference,0.0,0.4113022351932877,0
47046344M-104,2024-10-15 07:31:57+00:00,walking,1,random_forest,3,47046344M-104,reference,0.0,0.3999816368356573,0
47046344M-104,2024-10-15 07:31:58+00:00,walking,1,random_forest,3,47046344M-104,reference,0.0,0.34191799545714985,0
47046344M-104,2024-10-15 07:31:59+00:00,walking,1,random_forest,3,47046344M-104,reference,0.0,0.33709246124156705,0
47046344M-104,2024-10-15 07:32:00+00:00,walking,1,random_forest,3,47046344M-104,reference,0.0,0.35788490809561135,0
47046344M-104,2024-10-15 07:32:01+00:00,walking,1,random_forest,3,47046344M-104,reference,0.0,0.33036510453899653,0
47046344M-104,2024-10-15 07:32:02+00:00,walking,1,random_forest,3,47046344M-104,reference,0.0,0.37284128700179625,0
47046344M-104,2024-10-15 07:32:03+00:00,walking,1,random_forest,3,47046344M-104,reference,0.0,0.3690235946647281,0
47046344M-104,2024-10-15 07:32:04+00:00,walking,1,random_forest,3,47046344M-104,reference,0.0,0.38824254921046747,0
47046344M-104,2024-10-15 07:32:05+00:00,walking,1,random_forest,3,47046344M-104,reference,0.0,0.3011600967605048,0
47046344M-104,2024-10-15 07:32:06+00:00,walking,1,random_forest,3,47046344M-104,reference,0.0,0.4064657565879399,0
47046344M-104,2024-10-15 07:32:07+00:00,walking,1,random_forest,3,47046344M-104,reference,0.0,0.3671195857031892,0
47046344M-104,2024-10-15 07:32:08+00:00,walking,1,random_forest,3,47046344M-104,reference,0.0,0.3426246705265049,0
47046344M-104,2024-10-15 07:32:09+00:00,walking,1,random_forest,3,47046344M-104,reference,0.0,0.37446479169958463,0
47046344M-104,2024-10-15 07:32:10+00:00,walking,1,random_forest,3,47046344M-104,reference,0.0,0.371393505343375,0
47046344M-104,2024-10-15 07:32:11+00:00,walking,1,random_forest,3,47046344M-104,reference,0.0,0.35962765394089685,0
47046344M-104,2024-10-15 07:32:12+00:00,walking,1,random_forest,3,47046344M-104,reference,0.0,0.313625771022926,0
47046344M-104,2024-10-15 07:32:13+00:00,walking,1,random_forest,3,47046344M-104,reference,0.0,0.3733843456054215,0
47046344M-104,2024-10-15 07:32:14+00:00,walking,1,random_forest,3,47046344M-104,reference,0.0,0.3695397388572212,0
47046344M-104,2024-10-15 07:32:15+00:00,walking,1,random_forest,3,47046344M-104,reference,0.0,0.3685427469398242,0
47046344M-104,2024-10-15 07:32:16+00:00,walking,1,random_forest,3,47046344M-104,reference,0.0,0.37623032312701743,0
47046344M-104,2024-10-15 07:32:17+00:00,walking,1,random_forest,3,47046344M-104,reference,0.0,0.3719625602855483,0
47046344M-104,2024-10-15 07:32:18+00:00,walking,1,random_forest,3,47046344M-104,reference,0.0,0.34878620798502186,0
47046344M-104,2024-10-15 07:32:19+00:00,walking,1,random_forest,3,47046344M-104,reference,0.0,0.36562917580982884,0
47046344M-104,2024-10-15 07:32:20+00:00,walking,1,random_forest,3,47046344M-104,reference,0.0,0.3682368095119787,0
47046344M-104,2024-10-15 07:32:21+00:00,walking,1,random_forest,3,47046344M-104,reference,0.0,0.3354622389636157,0
47046344M-104,2024-10-15 07:32:22+00:00,walking,1,random_forest,3,47046344M-104,reference,0.0,0.27323786386962645,0
47046344M-104,2024-10-15 07:32:23+00:00,walking,1,random_forest,3,47046344M-104,reference,0.0,0.28076709100470104,0
47046344M-104,2024-10-15 07:32:24+00:00,walking,1,random_forest,3,47046344M-104,reference,0.0,0.28307085211926425,0
47046344M-104,2024-10-15 07:32:25+00:00,walking,1,random_forest,3,47046344M-104,reference,0.0,0.28501495079961875,0
47046344M-104,2024-10-15 07:32:26+00:00,walking,1,random_forest,3,47046344M-104,reference,0.0,0.28296617897158305,0
47046344M-104,2024-10-15 07:32:27+00:00,walking,1,random_forest,3,47046344M-104,reference,0.0,0.28661798714121756,0
47046344M-104,2024-10-15 07:32:28+00:00,walking,1,random_forest,3,47046344M-104,reference,0.0,0.2978689735312877,0
47046344M-104,2024-10-15 07:33:39+00:00,walking,1,random_forest,3,47046344M-104,reference,0.0,0.29666655401641323,0
47046344M-104,2024-10-15 07:33:40+00:00,walking,1,random_forest,3,47046344M-104,reference,0.0,0.37206459728914154,0
47046344M-104,2024-10-15 07:33:41+00:00,walking,1,random_forest,3,47046344M-104,reference,0.0,0.3256006443714312,0
47046344M-104,2024-10-15 07:33:42+00:00,walking,1,random_forest,3,47046344M-104,reference,0.0,0.3203549883584879,0
47046344M-104,2024-10-15 07:33:43+00:00,walking,1,random_forest,3,47046344M-104,reference,0.0,0.30407630803207675,0
47046344M-104,2024-10-15 07:33:44+00:00,walking,1,random_forest,3,47046344M-104,reference,0.0,0.32720595783330286,0
47046344M-104,2024-10-15 07:33:45+00:00,walking,1,random_forest,3,47046344M-104,reference,0.0,0.3434187898583008,0
47046344M-104,2024-10-15 07:33:46+00:00,walking,1,random_forest,3,47046344M-104,reference,0.0,0.24497310744827666,0
47046344M-104,2024-10-15 07:33:47+00:00,walking,1,random_forest,3,47046344M-104,reference,0.0,0.30339976618219167,0
47046344M-104,2024-10-15 07:33:48+00:00,walking,1,random_forest,3,47046344M-104,reference,0.0,0.2637568979627871,0
47046344M-104,2024-10-15 07:33:49+00:00,walking,1,random_forest,3,47046344M-104,reference,0.0,0.24508538250103265,0
47046344M-104,2024-10-15 07:33:50+00:00,walking,1,random_forest,3,47046344M-104,reference,0.0,0.30952818745970884,0
47046344M-104,2024-10-15 07:33:51+00:00,walking,1,random_forest,3,47046344M-104,reference,0.0,0.23315079271990535,0
47046344M-104,2024-10-15 07:33:52+00:00,walking,1,random_forest,3,47046344M-104,reference,0.0,0.2847115729301405,0
47046344M-104,2024-10-15 07:33:53+00:00,walking,1,random_forest,3,47046344M-104,reference,0.0,0.2878921116731435,0
47046344M-104,2024-10-15 07:33:54+00:00,walking,1,random_forest,3,47046344M-104,reference,0.0,0.305078045957797,0
47046344M-104,2024-10-15 07:33:55+00:00,walking,1,random_forest,3,47046344M-104,reference,0.0,0.2999609605445555,0
47046344M-104,2024-10-15 07:33:56+00:00,walking,1,random_forest,3,47046344M-104,reference,0.0,0.3704216912742958,0
47046344M-104,2024-10-15 07:33:57+00:00,walking,1,random_forest,3,47046344M-104,reference,0.0,0.3239477785961553,0
47046344M-104,2024-10-15 07:33:58+00:00,walking,1,random_forest,3,47046344M-104,reference,0.0,0.3176972170484236,0
47046344M-104,2024-10-15 07:33:59+00:00,walking,1,random_forest,3,47046344M-104,reference,0.0,0.37481210673247217,0
47046344M-104,2024-10-15 07:34:00+00:00,walking,1,random_forest,3,47046344M-104,reference,0.0,0.3347074691903472,0
47046344M-104,2024-10-15 07:34:01+00:00,walking,1,random_forest,3,47046344M-104,reference,0.0,0.31834492084815696,0
47046344M-104,2024-10-15 07:34:02+00:00,walking,1,random_forest,3,47046344M-104,reference,0.0,0.3756178398948398,0
47046344M-104,2024-10-15 07:34:03+00:00,walking,1,random_forest,3,47046344M-104,reference,0.0,0.4769501458677355,0
47046344M-104,2024-10-15 07:34:04+00:00,walking,1,random_forest,3,47046344M-104,reference,0.0,0.4128848387190007,0
47046344M-104,2024-10-15 07:34:05+00:00,walking,1,random_forest,3,47046344M-104,reference,0.0,0.4135576801357589,0
47046344M-104,2024-10-15 07:34:06+00:00,walking,1,random_forest,3,47046344M-104,reference,0.0,0.385956653838145,0
47046344M-104,2024-10-15 07:34:07+00:00,walking,1,random_forest,3,47046344M-104,reference,0.0,0.3476919704489612,0
47046344M-104,2024-10-15 07:34:08+00:00,walking,1,random_forest,3,47046344M-104,reference,0.0,0.35725477185151494,0
47046344M-104,2024-10-15 07:34:09+00:00,walking,1,random_forest,3,47046344M-104,reference,0.0,0.3372455400156034,0
47046344M-104,2024-10-15 07:34:10+00:00,walking,1,random_forest,3,47046344M-104,reference,0.0,0.22685017367002924,0
47046344M-104,2024-10-15 07:34:11+00:00,walking,1,random_forest,3,47046344M-104,reference,0.0,0.26748083794499505,0
47046344M-104,2024-10-15 07:34:12+00:00,walking,1,random_forest,3,47046344M-104,reference,0.0,0.23896309634877544,0
47046344M-104,2024-10-15 07:34:13+00:00,walking,1,random_forest,3,47046344M-104,reference,0.0,0.28570856401233824,0
47046344M-104,2024-10-15 07:34:14+00:00,walking,1,random_forest,3,47046344M-104,reference,0.0,0.3039843343363639,0
47046344M-104,2024-10-15 07:34:15+00:00,walking,1,random_forest,3,47046344M-104,reference,0.0,0.3005031304890691,0
47046344M-104,2024-10-15 07:34:16+00:00,walking,1,random_forest,3,47046344M-104,reference,0.0,0.36984202715077535,0
47046344M-104,2024-10-15 07:34:17+00:00,walking,1,random_forest,3,47046344M-104,reference,0.0,0.3008473443070631,0
47046344M-104,2024-10-15 07:34:18+00:00,walking,1,random_forest,3,47046344M-104,reference,0.0,0.3019225433238753,0
47046344M-104,2024-10-15 07:34:19+00:00,walking,1,random_forest,3,47046344M-104,reference,0.0,0.31170372813121233,0
47046344M-104,2024-10-15 07:34:20+00:00,walking,1,random_forest,3,47046344M-104,reference,0.0,0.2725993923830122,0
47046344M-104,2024-10-15 07:34:21+00:00,walking,1,random_forest,3,47046344M-104,reference,0.0,0.2564291075150078,0
47046344M-104,2024-10-15 07:34:22+00:00,walking,1,random_forest,3,47046344M-104,reference,0.0,0.29294990394713966,0
47046344M-104,2024-10-15 07:34:23+00:00,walking,1,random_forest,3,47046344M-104,reference,0.0,0.2617851677533117,0
47046344M-104,2024-10-15 07:34:24+00:00,walking,1,random_forest,3,47046344M-104,reference,0.0,0.2787122096814599,0
47046344M-104,2024-10-15 07:34:25+00:00,walking,1,random_forest,3,47046344M-104,reference,0.0,0.30320315491373634,0
47046344M-104,2024-10-15 07:34:26+00:00,walking,1,random_forest,3,47046344M-104,reference,0.0,0.3443482508221668,0
47046344M-104,2024-10-15 07:34:27+00:00,walking,1,random_forest,3,47046344M-104,reference,0.0,0.2981261902992463,0
47046344M-104,2024-10-15 07:34:28+00:00,walking,1,random_forest,3,47046344M-104,reference,0.0,0.23378302597601505,0
47046344M-104,2024-10-15 07:34:29+00:00,walking,1,random_forest,3,47046344M-104,reference,0.0,0.2848233055671486,0
47046344M-104,2024-10-15 07:34:30+00:00,walking,1,random_forest,3,47046344M-104,reference,0.0,0.2860519459779084,0
47046344M-104,2024-10-15 07:34:31+00:00,walking,1,random_forest,3,47046344M-104,reference,0.0,0.3046626273110872,0
47046344M-104,2024-10-15 07:34:32+00:00,walking,1,random_forest,3,47046344M-104,reference,0.0,0.35048298079303414,0
47046344M-104,2024-10-15 07:34:33+00:00,walking,1,random_forest,3,47046344M-104,reference,0.0,0.29517318784466406,0
47046344M-104,2024-10-15 07:34:34+00:00,walking,1,random_forest,3,47046344M-104,reference,0.0,0.25488571994319154,0
47046344M-104,2024-10-15 07:34:35+00:00,walking,1,random_forest,3,47046344M-104,reference,0.0,0.3078970606725668,0
47046344M-104,2024-10-15 07:34:36+00:00,walking,1,random_forest,3,47046344M-104,reference,0.0,0.30396543799031533,0
47046344M-104,2024-10-15 07:34:37+00:00,walking,1,random_forest,3,47046344M-104,reference,0.0,0.24796617059981652,0
47046344M-104,2024-10-15 07:34:38+00:00,walking,1,random_forest,3,47046344M-104,reference,0.0,0.325605136911081,0
47046344M-104,2024-10-15 07:34:39+00:00,walking,1,random_forest,3,47046344M-104,reference,0.0,0.42044315766646595,0
47046344M-104,2024-10-15 07:34:40+00:00,walking,1,random_forest,3,47046344M-104,reference,0.0,0.4848314104755705,0
47046344M-104,2024-10-15 07:34:41+00:00,walking,1,random_forest,3,47046344M-104,reference,0.0,0.40937562282798673,0
47046344M-104,2024-10-15 07:34:42+00:00,walking,1,random_forest,3,47046344M-104,reference,0.0,0.46011544537818255,0
47046344M-104,2024-10-15 07:34:43+00:00,walking,1,random_forest,3,47046344M-104,reference,0.0,0.4232891307153309,0
47046344M-104,2024-10-15 07:34:44+00:00,walking,1,random_forest,3,47046344M-104,reference,0.0,0.4257504165849154,0
47046344M-104,2024-10-15 07:34:45+00:00,walking,1,random_forest,3,47046344M-104,reference,0.0,0.28356788245677655,0
47046344M-104,2024-10-15 07:34:46+00:00,walking,1,random_forest,3,47046344M-104,reference,0.0,0.3377669047413311,0
47046344M-104,2024-10-15 07:34:47+00:00,walking,1,random_forest,3,47046344M-104,reference,0.0,0.32311036039281554,0
47046344M-104,2024-10-15 07:34:48+00:00,walking,1,random_forest,3,47046344M-104,reference,0.0,0.26778106942479946,0
47046344M-104,2024-10-15 07:34:49+00:00,walking,1,random_forest,3,47046344M-104,reference,0.0,0.30519132281642875,0
47046344M-104,2024-10-15 07:34:50+00:00,walking,1,random_forest,3,47046344M-104,reference,0.0,0.3336732729688708,0
47046344M-104,2024-10-15 07:34:51+00:00,walking,1,random_forest,3,47046344M-104,reference,0.0,0.338934095183649,0
47046344M-104,2024-10-15 07:34:52+00:00,walking,1,random_forest,3,47046344M-104,reference,0.0,0.2925281670738833,0
47046344M-104,2024-10-15 07:34:53+00:00,walking,1,random_forest,3,47046344M-104,reference,0.0,0.3777711991552819,0
47046344M-104,2024-10-15 07:34:54+00:00,walking,1,random_forest,3,47046344M-104,reference,0.0,0.2983431075439285,0
47046344M-104,2024-10-15 07:34:55+00:00,walking,1,random_forest,3,47046344M-104,reference,0.0,0.42543087566926197,0
47046344M-104,2024-10-15 07:34:56+00:00,walking,1,random_forest,3,47046344M-104,reference,0.0,0.484086433030591,0
47046344M-104,2024-10-15 07:34:57+00:00,walking,1,random_forest,3,47046344M-104,reference,0.0,0.38757890862473293,0
47046344M-104,2024-10-15 07:34:58+00:00,walking,1,random_forest,3,47046344M-104,reference,0.0,0.4123397880993465,0
47046344M-104,2024-10-15 07:34:59+00:00,walking,1,random_forest,3,47046344M-104,reference,0.0,0.4456344205429458,0
47046344M-104,2024-10-15 07:35:00+00:00,walking,1,random_forest,3,47046344M-104,reference,0.0,0.3745438237184181,0
47046344M-104,2024-10-15 07:35:01+00:00,walking,1,random_forest,3,47046344M-104,reference,0.0,0.4436179469933294,0
47046344M-104,2024-10-15 07:35:02+00:00,walking,1,random_forest,3,47046344M-104,reference,0.0,0.39255190416078173,0
47046344M-104,2024-10-15 07:35:03+00:00,walking,1,random_forest,3,47046344M-104,reference,0.0,0.4468185256018449,0
47046344M-104,2024-10-15 07:35:04+00:00,walking,1,random_forest,3,47046344M-104,reference,0.0,0.3582307417325635,0
47046344M-104,2024-10-15 07:35:05+00:00,walking,1,random_forest,3,47046344M-104,reference,0.0,0.3293979085763753,0
47046344M-104,2024-10-15 07:35:06+00:00,walking,1,random_forest,3,47046344M-104,reference,0.0,0.3834952094154115,0
47046344M-104,2024-10-15 07:35:07+00:00,walking,1,random_forest,3,47046344M-104,reference,0.0,0.38897670349682906,0
47046344M-104,2024-10-15 07:35:08+00:00,walking,1,random_forest,3,47046344M-104,reference,0.0,0.3699941270683328,0
47046344M-104,2024-10-15 07:35:09+00:00,walking,1,random_forest,3,47046344M-104,reference,0.0,0.48937317331927904,0
47046344M-104,2024-10-15 07:35:10+00:00,walking,1,random_forest,3,47046344M-104,reference,0.0,0.4290077755144418,0
47046344M-104,2024-10-15 07:35:11+00:00,walking,1,random_forest,3,47046344M-104,reference,0.0,0.42372121905918797,0
47046344M-104,2024-10-15 07:35:12+00:00,walking,1,random_forest,3,47046344M-104,reference,0.0,0.4054953693172178,0
47046344M-104,2024-10-15 07:35:13+00:00,walking,1,random_forest,3,47046344M-104,reference,0.0,0.3487382563957558,0
47046344M-104,2024-10-15 07:35:14+00:00,walking,1,random_forest,3,47046344M-104,reference,0.0,0.259567372852563,0
47046344M-104,2024-10-15 07:35:15+00:00,walking,1,random_forest,3,47046344M-104,reference,0.0,0.3130560781977374,0
47046344M-104,2024-10-15 07:35:16+00:00,walking,1,random_forest,3,47046344M-104,reference,0.0,0.27525416326241553,0
47046344M-104,2024-10-15 07:35:17+00:00,walking,1,random_forest,3,47046344M-104,reference,0.0,0.31907382726961425,0
47046344M-104,2024-10-15 07:35:18+00:00,walking,1,random_forest,3,47046344M-104,reference,0.0,0.27856779077386135,0
47046344M-104,2024-10-15 07:35:19+00:00,walking,1,random_forest,3,47046344M-104,reference,0.0,0.3099060483073913,0
47046344M-104,2024-10-15 07:35:20+00:00,walking,1,random_forest,3,47046344M-104,reference,0.0,0.3607230142389097,0
47046344M-104,2024-10-15 07:35:21+00:00,walking,1,random_forest,3,47046344M-104,reference,0.0,0.3402705364167928,0
47046344M-104,2024-10-15 07:35:22+00:00,walking,1,random_forest,3,47046344M-104,reference,0.0,0.234690278428558,0
47046344M-104,2024-10-15 07:35:23+00:00,walking,1,random_forest,3,47046344M-104,reference,0.0,0.39288106920304383,0
47046344M-104,2024-10-15 07:35:24+00:00,walking,1,random_forest,3,47046344M-104,reference,0.0,0.5027075529833059,1
47046344M-104,2024-10-15 07:35:25+00:00,walking,1,random_forest,3,47046344M-104,reference,0.0,0.5027355571508277,1
47046344M-104,2024-10-15 07:35:26+00:00,walking,1,random_forest,3,47046344M-104,reference,0.0,0.4307830575852422,0
47046344M-104,2024-10-15 07:35:27+00:00,walking,1,random_forest,3,47046344M-104,reference,0.0,0.44902776376867953,0
47046344M-104,2024-10-15 07:35:28+00:00,walking,1,random_forest,3,47046344M-104,reference,0.0,0.3977638895581767,0
47046344M-104,2024-10-15 07:37:19+00:00,walking,1,random_forest,3,47046344M-104,reference,0.0,0.26101134807565224,0
47046344M-104,2024-10-15 07:37:20+00:00,walking,1,random_forest,3,47046344M-104,reference,0.0,0.32745289224327884,0
47046344M-104,2024-10-15 07:37:21+00:00,walking,1,random_forest,3,47046344M-104,reference,0.0,0.26504821033396536,0
47046344M-104,2024-10-15 07:37:22+00:00,walking,1,random_forest,3,47046344M-104,reference,0.0,0.2451753482822534,0
47046344M-104,2024-10-15 07:37:23+00:00,walking,1,random_forest,3,47046344M-104,reference,0.0,0.28497648203188497,0
47046344M-104,2024-10-15 07:37:24+00:00,walking,1,random_forest,3,47046344M-104,reference,0.0,0.2820423511753729,0
47046344M-104,2024-10-15 07:37:25+00:00,walking,1,random_forest,3,47046344M-104,reference,0.0,0.28005409263823816,0
47046344M-104,2024-10-15 07:37:26+00:00,walking,1,random_forest,3,47046344M-104,reference,0.0,0.2762444391136235,0
47046344M-104,2024-10-15 07:37:27+00:00,walking,1,random_forest,3,47046344M-104,reference,0.0,0.3502519065629504,0
47046344M-104,2024-10-15 07:37:28+00:00,walking,1,random_forest,3,47046344M-104,reference,0.0,0.39250334419226335,0
47046344M-104,2024-10-15 07:37:29+00:00,walking,1,random_forest,3,47046344M-104,reference,0.0,0.4085616258929119,0
47046344M-104,2024-10-15 07:37:30+00:00,walking,1,random_forest,3,47046344M-104,reference,0.0,0.40111446770709014,0
47046344M-104,2024-10-15 07:37:31+00:00,walking,1,random_forest,3,47046344M-104,reference,0.0,0.3322607945481012,0
47046344M-104,2024-10-15 07:37:32+00:00,walking,1,random_forest,3,47046344M-104,reference,0.0,0.40384268653731686,0
47046344M-104,2024-10-15 07:37:33+00:00,walking,1,random_forest,3,47046344M-104,reference,0.0,0.344676564404993,0
47046344M-104,2024-10-15 07:37:34+00:00,walking,1,random_forest,3,47046344M-104,reference,0.0,0.2762949721712458,0
47046344M-104,2024-10-15 07:37:35+00:00,walking,1,random_forest,3,47046344M-104,reference,0.0,0.3153799694754075,0
47046344M-104,2024-10-15 07:37:36+00:00,walking,1,random_forest,3,47046344M-104,reference,0.0,0.2876957465856971,0
47046344M-104,2024-10-15 07:37:37+00:00,walking,1,random_forest,3,47046344M-104,reference,0.0,0.22996128264128696,0
47046344M-104,2024-10-15 07:37:38+00:00,walking,1,random_forest,3,47046344M-104,reference,0.0,0.2784309204369595,0
47046344M-104,2024-10-15 07:37:39+00:00,walking,1,random_forest,3,47046344M-104,reference,0.0,0.29984131807017134,0
47046344M-104,2024-10-15 07:37:40+00:00,walking,1,random_forest,3,47046344M-104,reference,0.0,0.33367302374410285,0
47046344M-104,2024-10-15 07:37:41+00:00,walking,1,random_forest,3,47046344M-104,reference,0.0,0.30110207806390693,0
47046344M-104,2024-10-15 07:37:42+00:00,walking,1,random_forest,3,47046344M-104,reference,0.0,0.30840921077693934,0
47046344M-104,2024-10-15 07:37:43+00:00,walking,1,random_forest,3,47046344M-104,reference,0.0,0.2517428433249173,0
47046344M-104,2024-10-15 07:37:44+00:00,walking,1,random_forest,3,47046344M-104,reference,0.0,0.24547145876407805,0
47046344M-104,2024-10-15 07:37:45+00:00,walking,1,random_forest,3,47046344M-104,reference,0.0,0.34217678603254,0
47046344M-104,2024-10-15 07:37:46+00:00,walking,1,random_forest,3,47046344M-104,reference,0.0,0.26994399481405185,0
47046344M-104,2024-10-15 07:37:47+00:00,walking,1,random_forest,3,47046344M-104,reference,0.0,0.24376204831319592,0
47046344M-104,2024-10-15 07:37:48+00:00,walking,1,random_forest,3,47046344M-104,reference,0.0,0.26080953321799155,0
47046344M-104,2024-10-15 07:37:49+00:00,walking,1,random_forest,3,47046344M-104,reference,0.0,0.2679119449679352,0
47046344M-104,2024-10-15 07:37:50+00:00,walking,1,random_forest,3,47046344M-104,reference,0.0,0.2631035558890162,0
47046344M-104,2024-10-15 07:37:51+00:00,walking,1,random_forest,3,47046344M-104,reference,0.0,0.28474793979713053,0
47046344M-104,2024-10-15 07:37:52+00:00,walking,1,random_forest,3,47046344M-104,reference,0.0,0.25966904789052003,0
47046344M-104,2024-10-15 07:37:53+00:00,walking,1,random_forest,3,47046344M-104,reference,0.0,0.23350353685821854,0
47046344M-104,2024-10-15 07:37:54+00:00,walking,1,random_forest,3,47046344M-104,reference,0.0,0.26310260162812005,0
47046344M-104,2024-10-15 07:37:55+00:00,walking,1,random_forest,3,47046344M-104,reference,0.0,0.3309221951336607,0
47046344M-104,2024-10-15 07:37:56+00:00,walking,1,random_forest,3,47046344M-104,reference,0.0,0.3284757896458452,0
47046344M-104,2024-10-15 07:37:57+00:00,walking,1,random_forest,3,47046344M-104,reference,0.0,0.3507486380644909,0
47046344M-104,2024-10-15 07:37:58+00:00,walking,1,random_forest,3,47046344M-104,reference,0.0,0.2475533899298998,0
47046344M-104,2024-10-15 07:37:59+00:00,walking,1,random_forest,3,47046344M-104,reference,0.0,0.27165474824358143,0
47046344M-104,2024-10-15 07:38:00+00:00,walking,1,random_forest,3,47046344M-104,reference,0.0,0.2919542079855136,0
47046344M-104,2024-10-15 07:38:01+00:00,walking,1,random_forest,3,47046344M-104,reference,0.0,0.2572494042699198,0
47046344M-104,2024-10-15 07:38:02+00:00,walking,1,random_forest,3,47046344M-104,reference,0.0,0.277797028940994,0
47046344M-104,2024-10-15 07:38:03+00:00,walking,1,random_forest,3,47046344M-104,reference,0.0,0.26039568183303313,0
47046344M-104,2024-10-15 07:38:04+00:00,walking,1,random_forest,3,47046344M-104,reference,0.0,0.24180049145105081,0
47046344M-104,2024-10-15 07:38:05+00:00,walking,1,random_forest,3,47046344M-104,reference,0.0,0.34938411664698776,0
47046344M-104,2024-10-15 07:38:06+00:00,walking,1,random_forest,3,47046344M-104,reference,0.0,0.27059985534077646,0
47046344M-104,2024-10-15 07:38:07+00:00,walking,1,random_forest,3,47046344M-104,reference,0.0,0.23398505878665915,0
47046344M-104,2024-10-15 07:38:08+00:00,walking,1,random_forest,3,47046344M-104,reference,0.0,0.26041405039423604,0
47046344M-104,2024-10-15 07:38:09+00:00,walking,1,random_forest,3,47046344M-104,reference,0.0,0.25946481571412716,0
47046344M-104,2024-10-15 07:38:11+00:00,not_walking,0,random_forest,3,47046344M-104,reference,0.0,0.23519221879480498,0
47046344M-104,2024-10-15 07:38:12+00:00,not_walking,0,random_forest,3,47046344M-104,reference,0.0,0.24748949242780172,0
47046344M-104,2024-10-15 07:38:13+00:00,not_walking,0,random_forest,3,47046344M-104,reference,0.0,0.23679491530169672,0
47046344M-104,2024-10-15 07:38:14+00:00,not_walking,0,random_forest,3,47046344M-104,reference,0.0,0.23041788808223443,0
47046344M-104,2024-10-15 07:38:15+00:00,not_walking,0,random_forest,3,47046344M-104,reference,0.0,0.24102450340615092,0
47046344M-104,2024-10-15 07:38:16+00:00,not_walking,0,random_forest,3,47046344M-104,reference,0.0,0.2367846050988418,0
47046344M-104,2024-10-15 07:38:17+00:00,not_walking,0,random_forest,3,47046344M-104,reference,0.0,0.23932695547188965,0
47046344M-104,2024-10-15 07:38:18+00:00,not_walking,0,random_forest,3,47046344M-104,reference,0.0,0.24139463382237736,0
47046344M-104,2024-10-15 07:38:19+00:00,not_walking,0,random_forest,3,47046344M-104,reference,0.0,0.2520488794789278,0
47046344M-104,2024-10-15 07:38:20+00:00,not_walking,0,random_forest,3,47046344M-104,reference,0.0,0.24233771852719144,0
47046344M-104,2024-10-15 07:38:21+00:00,not_walking,0,random_forest,3,47046344M-104,reference,0.0,0.25826721141519754,0
47046344M-104,2024-10-15 07:38:22+00:00,not_walking,0,random_forest,3,47046344M-104,reference,0.0,0.3139369980128686,0
47046344M-104,2024-10-15 07:38:23+00:00,not_walking,0,random_forest,3,47046344M-104,reference,0.0,0.3858230603581969,0
47046344M-104,2024-10-15 07:38:25+00:00,not_walking,0,random_forest,3,47046344M-104,reference,0.0,0.2685301583481023,0
47046344M-104,2024-10-15 07:38:26+00:00,not_walking,0,random_forest,3,47046344M-104,reference,0.0,0.30194394483226317,0
47046344M-104,2024-10-15 07:38:27+00:00,not_walking,0,random_forest,3,47046344M-104,reference,0.0,0.31091700917230736,0
47046344M-104,2024-10-15 07:38:28+00:00,not_walking,0,random_forest,3,47046344M-104,reference,0.0,0.3016811889051149,0
47046344M-104,2024-10-15 07:38:29+00:00,not_walking,0,random_forest,3,47046344M-104,reference,0.0,0.25279469051172704,0
47046344M-104,2024-10-15 07:38:30+00:00,not_walking,0,random_forest,3,47046344M-104,reference,0.0,0.3041319026375477,0
47046344M-104,2024-10-15 07:38:31+00:00,not_walking,0,random_forest,3,47046344M-104,reference,0.0,0.2751668409429761,0
47046344M-104,2024-10-15 07:38:32+00:00,walking,1,random_forest,3,47046344M-104,reference,0.0,0.306911175385274,0
47046344M-104,2024-10-15 07:38:33+00:00,walking,1,random_forest,3,47046344M-104,reference,0.0,0.3309186808784027,0
47046344M-104,2024-10-15 07:38:34+00:00,walking,1,random_forest,3,47046344M-104,reference,0.0,0.2725020259580664,0
47046344M-104,2024-10-15 07:38:35+00:00,walking,1,random_forest,3,47046344M-104,reference,0.0,0.27909627481088495,0
47046344M-104,2024-10-15 07:38:36+00:00,walking,1,random_forest,3,47046344M-104,reference,0.0,0.2887866282762238,0
47046344M-104,2024-10-15 07:38:37+00:00,walking,1,random_forest,3,47046344M-104,reference,0.0,0.26511402316153315,0
47046344M-104,2024-10-15 07:38:38+00:00,walking,1,random_forest,3,47046344M-104,reference,0.0,0.29264166674370184,0
47046344M-104,2024-10-15 07:38:39+00:00,walking,1,random_forest,3,47046344M-104,reference,0.0,0.2378236978462357,0
47046344M-104,2024-10-15 07:38:40+00:00,walking,1,random_forest,3,47046344M-104,reference,0.0,0.31107390075273794,0
47046344M-104,2024-10-15 07:38:41+00:00,walking,1,random_forest,3,47046344M-104,reference,0.0,0.41044740661874496,0
47046344M-104,2024-10-15 07:38:42+00:00,walking,1,random_forest,3,47046344M-104,reference,0.0,0.40256820834708185,0
47046344M-104,2024-10-15 07:38:43+00:00,walking,1,random_forest,3,47046344M-104,reference,0.0,0.45183249990112945,0
47046344M-104,2024-10-15 07:38:44+00:00,walking,1,random_forest,3,47046344M-104,reference,0.0,0.40177165898993905,0
47046344M-104,2024-10-15 07:38:45+00:00,walking,1,random_forest,3,47046344M-104,reference,0.0,0.33719153396292534,0
47046344M-104,2024-10-15 07:38:46+00:00,walking,1,random_forest,3,47046344M-104,reference,0.0,0.34093085295039366,0
47046344M-104,2024-10-15 07:38:47+00:00,walking,1,random_forest,3,47046344M-104,reference,0.0,0.3287167927221572,0
47046344M-104,2024-10-15 07:38:59+00:00,not_walking,0,random_forest,3,47046344M-104,reference,0.0,0.39679809744590616,0
47046344M-104,2024-10-15 07:39:00+00:00,not_walking,0,random_forest,3,47046344M-104,reference,0.0,0.4061852814880122,0
47046344M-104,2024-10-15 07:39:01+00:00,not_walking,0,random_forest,3,47046344M-104,reference,0.0,0.4306669503164856,0
47046344M-104,2024-10-15 07:39:02+00:00,not_walking,0,random_forest,3,47046344M-104,reference,0.0,0.39246690397795897,0
47046344M-104,2024-10-15 07:39:03+00:00,not_walking,0,random_forest,3,47046344M-104,reference,0.0,0.3248695166080665,0
47046344M-104,2024-10-15 07:39:04+00:00,not_walking,0,random_forest,3,47046344M-104,reference,0.0,0.2691344178925407,0
47046344M-104,2024-10-15 07:39:05+00:00,not_walking,0,random_forest,3,47046344M-104,reference,0.0,0.2795257484397867,0
47046344M-104,2024-10-15 07:39:06+00:00,not_walking,0,random_forest,3,47046344M-104,reference,0.0,0.32655664831177506,0
47046344M-104,2024-10-15 07:39:07+00:00,not_walking,0,random_forest,3,47046344M-104,reference,0.0,0.32143191453020575,0
47046344M-104,2024-10-15 07:39:08+00:00,not_walking,0,random_forest,3,47046344M-104,reference,0.0,0.33216571895918107,0
47046344M-104,2024-10-15 07:39:09+00:00,not_walking,0,random_forest,3,47046344M-104,reference,0.0,0.35167973385447776,0
47046344M-104,2024-10-15 07:39:10+00:00,not_walking,0,random_forest,3,47046344M-104,reference,0.0,0.3057815064809561,0
47046344M-104,2024-10-15 07:39:11+00:00,not_walking,0,random_forest,3,47046344M-104,reference,0.0,0.3114780443254348,0
47046344M-104,2024-10-15 07:39:26+00:00,walking,1,random_forest,3,47046344M-104,reference,0.0,0.4456090922253202,0
47046344M-104,2024-10-15 07:39:27+00:00,walking,1,random_forest,3,47046344M-104,reference,0.0,0.44787834712383945,0
47046344M-104,2024-10-15 07:39:28+00:00,walking,1,random_forest,3,47046344M-104,reference,0.0,0.4600831374985745,0
47046344M-104,2024-10-15 07:39:29+00:00,walking,1,random_forest,3,47046344M-104,reference,0.0,0.4498270936888098,0
47046344M-104,2024-10-15 07:39:30+00:00,walking,1,random_forest,3,47046344M-104,reference,0.0,0.44599050434775916,0
47046344M-104,2024-10-15 07:39:31+00:00,walking,1,random_forest,3,47046344M-104,reference,0.0,0.42606485975906105,0
47046344M-104,2024-10-15 07:39:32+00:00,walking,1,random_forest,3,47046344M-104,reference,0.0,0.4444304318003513,0
47046344M-104,2024-10-15 07:39:33+00:00,walking,1,random_forest,3,47046344M-104,reference,0.0,0.47799660441442815,0
47046344M-104,2024-10-15 07:39:34+00:00,walking,1,random_forest,3,47046344M-104,reference,0.0,0.4398818746013235,0
47046344M-104,2024-10-15 07:39:35+00:00,walking,1,random_forest,3,47046344M-104,reference,0.0,0.47093078545571826,0
47046344M-104,2024-10-15 07:39:36+00:00,walking,1,random_forest,3,47046344M-104,reference,0.0,0.4691754342916746,0
47046344M-104,2024-10-15 07:39:37+00:00,walking,1,random_forest,3,47046344M-104,reference,0.0,0.41558133468657804,0
47046344M-104,2024-10-15 07:39:38+00:00,walking,1,random_forest,3,47046344M-104,reference,0.0,0.5304905789200026,1
47046344M-104,2024-10-15 07:39:39+00:00,walking,1,random_forest,3,47046344M-104,reference,0.0,0.44909400581296677,0
47046344M-104,2024-10-15 07:39:40+00:00,walking,1,random_forest,3,47046344M-104,reference,0.0,0.49142297250861827,0
47046344M-104,2024-10-15 07:39:41+00:00,walking,1,random_forest,3,47046344M-104,reference,0.0,0.44335047439761366,0
47046344M-104,2024-10-15 07:39:42+00:00,walking,1,random_forest,3,47046344M-104,reference,0.0,0.3909445776205705,0
47046344M-104,2024-10-15 07:39:43+00:00,walking,1,random_forest,3,47046344M-104,reference,0.0,0.3896192267947892,0
47046344M-104,2024-10-15 07:39:44+00:00,walking,1,random_forest,3,47046344M-104,reference,0.0,0.40415092054818597,0
47046344M-104,2024-10-15 07:39:45+00:00,walking,1,random_forest,3,47046344M-104,reference,0.0,0.4041926541955695,0
47046344M-104,2024-10-15 07:39:46+00:00,walking,1,random_forest,3,47046344M-104,reference,0.0,0.3633986002817178,0
47046344M-104,2024-10-15 07:39:47+00:00,walking,1,random_forest,3,47046344M-104,reference,0.0,0.38572803230612934,0
47046344M-104,2024-10-15 07:39:48+00:00,walking,1,random_forest,3,47046344M-104,reference,0.0,0.36039471400217327,0
47046344M-104,2024-10-15 07:39:49+00:00,walking,1,random_forest,3,47046344M-104,reference,0.0,0.4347612772701922,0
47046344M-104,2024-10-15 07:39:50+00:00,walking,1,random_forest,3,47046344M-104,reference,0.0,0.48431535702527895,0
47046344M-104,2024-10-15 07:39:51+00:00,walking,1,random_forest,3,47046344M-104,reference,0.0,0.39818996303120696,0
47046344M-104,2024-10-15 07:39:52+00:00,walking,1,random_forest,3,47046344M-104,reference,0.0,0.4326939734584016,0
47046344M-104,2024-10-15 07:39:53+00:00,walking,1,random_forest,3,47046344M-104,reference,0.0,0.4438349040897967,0
47046344M-104,2024-10-15 07:39:54+00:00,walking,1,random_forest,3,47046344M-104,reference,0.0,0.41279554221398085,0
47046344M-104,2024-10-15 07:39:55+00:00,walking,1,random_forest,3,47046344M-104,reference,0.0,0.42647461689280214,0
47046344M-104,2024-10-15 07:39:56+00:00,walking,1,random_forest,3,47046344M-104,reference,0.0,0.43212414647369635,0
47046344M-104,2024-10-15 07:39:57+00:00,walking,1,random_forest,3,47046344M-104,reference,0.0,0.3731123461632039,0
47046344M-104,2024-10-15 07:39:58+00:00,walking,1,random_forest,3,47046344M-104,reference,0.0,0.34301039662957,0
47046344M-104,2024-10-15 07:39:59+00:00,walking,1,random_forest,3,47046344M-104,reference,0.0,0.30672181074024224,0
47046344M-104,2024-10-15 07:40:00+00:00,walking,1,random_forest,3,47046344M-104,reference,0.0,0.2849683753141607,0
47046344M-104,2024-10-15 07:40:01+00:00,walking,1,random_forest,3,47046344M-104,reference,0.0,0.2533887788263237,0
47046344M-104,2024-10-15 07:40:02+00:00,walking,1,random_forest,3,47046344M-104,reference,0.0,0.3673125958173866,0
47046344M-104,2024-10-15 07:40:03+00:00,walking,1,random_forest,3,47046344M-104,reference,0.0,0.3239961512360454,0
47046344M-104,2024-10-15 07:40:04+00:00,walking,1,random_forest,3,47046344M-104,reference,0.0,0.2550461593973293,0
47046344M-104,2024-10-15 07:40:05+00:00,walking,1,random_forest,3,47046344M-104,reference,0.0,0.2753257622004654,0
47046344M-104,2024-10-15 07:40:06+00:00,walking,1,random_forest,3,47046344M-104,reference,0.0,0.2691678809993731,0
47046344M-104,2024-10-15 07:40:07+00:00,walking,1,random_forest,3,47046344M-104,reference,0.0,0.3553077926992663,0
47046344M-104,2024-10-15 07:40:08+00:00,walking,1,random_forest,3,47046344M-104,reference,0.0,0.3307757472550291,0
47046344M-104,2024-10-15 07:40:09+00:00,walking,1,random_forest,3,47046344M-104,reference,0.0,0.34215145815310255,0
47046344M-104,2024-10-15 07:43:28+00:00,walking,1,random_forest,3,47046344M-104,reference,0.0,0.3902551240630794,0
47046344M-104,2024-10-15 07:43:29+00:00,walking,1,random_forest,3,47046344M-104,reference,0.0,0.35301053269684324,0
47046344M-104,2024-10-15 07:43:30+00:00,walking,1,random_forest,3,47046344M-104,reference,0.0,0.380303479210161,0
47046344M-104,2024-10-15 07:43:31+00:00,walking,1,random_forest,3,47046344M-104,reference,0.0,0.44794216523472774,0
47046344M-104,2024-10-15 07:43:32+00:00,walking,1,random_forest,3,47046344M-104,reference,0.0,0.4591212066258105,0
47046344M-104,2024-10-15 07:43:33+00:00,walking,1,random_forest,3,47046344M-104,reference,0.0,0.3633312388024093,0
47046344M-104,2024-10-15 07:43:34+00:00,walking,1,random_forest,3,47046344M-104,reference,0.0,0.42475723267958654,0
47046344M-104,2024-10-15 07:43:35+00:00,walking,1,random_forest,3,47046344M-104,reference,0.0,0.44644613982323117,0
47046344M-104,2024-10-15 07:43:36+00:00,walking,1,random_forest,3,47046344M-104,reference,0.0,0.4259224378128206,0
47046344M-104,2024-10-15 07:43:37+00:00,walking,1,random_forest,3,47046344M-104,reference,0.0,0.37381551777179517,0
47046344M-104,2024-10-15 07:43:38+00:00,walking,1,random_forest,3,47046344M-104,reference,0.0,0.3921601309211979,0
47046344M-104,2024-10-15 07:43:39+00:00,walking,1,random_forest,3,47046344M-104,reference,0.0,0.3640907430011652,0
47046344M-104,2024-10-15 07:43:40+00:00,walking,1,random_forest,3,47046344M-104,reference,0.0,0.3999166488868469,0
47046344M-104,2024-10-15 07:43:41+00:00,walking,1,random_forest,3,47046344M-104,reference,0.0,0.38079119840111386,0
47046344M-104,2024-10-15 07:43:42+00:00,walking,1,random_forest,3,47046344M-104,reference,0.0,0.43624260312742175,0
47046344M-104,2024-10-15 07:43:43+00:00,walking,1,random_forest,3,47046344M-104,reference,0.0,0.43128044092665174,0
47046344M-104,2024-10-15 07:43:44+00:00,walking,1,random_forest,3,47046344M-104,reference,0.0,0.40280518009173455,0
47046344M-104,2024-10-15 07:43:45+00:00,walking,1,random_forest,3,47046344M-104,reference,0.0,0.40538226423623674,0
47046344M-104,2024-10-15 07:43:46+00:00,walking,1,random_forest,3,47046344M-104,reference,0.0,0.4740214621685993,0
47046344M-104,2024-10-15 07:43:47+00:00,walking,1,random_forest,3,47046344M-104,reference,0.0,0.4399306993336969,0
47046344M-104,2024-10-15 07:43:48+00:00,walking,1,random_forest,3,47046344M-104,reference,0.0,0.3712290674115615,0
47046344M-104,2024-10-15 07:43:49+00:00,walking,1,random_forest,3,47046344M-104,reference,0.0,0.3952146929949954,0
47046344M-104,2024-10-15 07:43:50+00:00,walking,1,random_forest,3,47046344M-104,reference,0.0,0.4512314467356958,0
47046344M-104,2024-10-15 07:43:51+00:00,walking,1,random_forest,3,47046344M-104,reference,0.0,0.413038044239907,0
47046344M-104,2024-10-15 07:43:52+00:00,walking,1,random_forest,3,47046344M-104,reference,0.0,0.39495270472523253,0
47046344M-104,2024-10-15 07:43:53+00:00,walking,1,random_forest,3,47046344M-104,reference,0.0,0.36880199184403956,0
47046344M-104,2024-10-15 07:43:54+00:00,walking,1,random_forest,3,47046344M-104,reference,0.0,0.4094534526931088,0
47046344M-104,2024-10-15 07:43:55+00:00,walking,1,random_forest,3,47046344M-104,reference,0.0,0.427419014017639,0
47046344M-104,2024-10-15 07:43:56+00:00,walking,1,random_forest,3,47046344M-104,reference,0.0,0.3396477712005295,0
47046344M-104,2024-10-15 07:43:57+00:00,walking,1,random_forest,3,47046344M-104,reference,0.0,0.4183157541925807,0
47046344M-104,2024-10-15 07:43:58+00:00,walking,1,random_forest,3,47046344M-104,reference,0.0,0.3957625247200061,0
47046344M-104,2024-10-15 07:43:59+00:00,walking,1,random_forest,3,47046344M-104,reference,0.0,0.39766378355703885,0
47046344M-104,2024-10-15 07:44:00+00:00,walking,1,random_forest,3,47046344M-104,reference,0.0,0.39070876084028067,0
47046344M-104,2024-10-15 07:44:01+00:00,walking,1,random_forest,3,47046344M-104,reference,0.0,0.4132039338173208,0
47046344M-104,2024-10-15 07:44:02+00:00,walking,1,random_forest,3,47046344M-104,reference,0.0,0.40637554880499877,0
47046344M-104,2024-10-15 07:44:03+00:00,walking,1,random_forest,3,47046344M-104,reference,0.0,0.447162774652633,0
47046344M-104,2024-10-15 07:44:04+00:00,walking,1,random_forest,3,47046344M-104,reference,0.0,0.4261775517338708,0
47046344M-104,2024-10-15 07:44:05+00:00,walking,1,random_forest,3,47046344M-104,reference,0.0,0.41091371816631644,0
47046344M-104,2024-10-15 07:44:06+00:00,walking,1,random_forest,3,47046344M-104,reference,0.0,0.33157038732579147,0
47046344M-104,2024-10-15 07:44:07+00:00,walking,1,random_forest,3,47046344M-104,reference,0.0,0.3988433313864572,0
47046344M-104,2024-10-15 07:44:08+00:00,walking,1,random_forest,3,47046344M-104,reference,0.0,0.4163484307855362,0
47046344M-104,2024-10-15 07:44:09+00:00,walking,1,random_forest,3,47046344M-104,reference,0.0,0.34304571127892114,0
47046344M-104,2024-10-15 07:44:10+00:00,walking,1,random_forest,3,47046344M-104,reference,0.0,0.41727760629969296,0
47046344M-104,2024-10-15 07:44:11+00:00,walking,1,random_forest,3,47046344M-104,reference,0.0,0.3594757826969322,0
47046344M-104,2024-10-15 07:44:13+00:00,not_walking,0,random_forest,3,47046344M-104,reference,0.0,0.36945241700648307,0
47046344M-104,2024-10-15 07:44:14+00:00,not_walking,0,random_forest,3,47046344M-104,reference,0.0,0.28953768170275096,0
47046344M-104,2024-10-15 07:44:15+00:00,not_walking,0,random_forest,3,47046344M-104,reference,0.0,0.24972462586717906,0
47046344M-104,2024-10-15 07:44:16+00:00,not_walking,0,random_forest,3,47046344M-104,reference,0.0,0.2728556403366668,0
47046344M-104,2024-10-15 07:44:17+00:00,not_walking,0,random_forest,3,47046344M-104,reference,0.0,0.26548799154336594,0
47046344M-104,2024-10-15 07:44:18+00:00,not_walking,0,random_forest,3,47046344M-104,reference,0.0,0.360078467265884,0
47046344M-104,2024-10-15 07:44:19+00:00,not_walking,0,random_forest,3,47046344M-104,reference,0.0,0.37029450975029754,0
47046344M-104,2024-10-15 07:44:20+00:00,not_walking,0,random_forest,3,47046344M-104,reference,0.0,0.25687914382161925,0
47046344M-104,2024-10-15 07:44:21+00:00,not_walking,0,random_forest,3,47046344M-104,reference,0.0,0.34650456736399277,0
47046344M-104,2024-10-15 07:44:22+00:00,not_walking,0,random_forest,3,47046344M-104,reference,0.0,0.2774776738701078,0
47046344M-104,2024-10-15 07:44:23+00:00,not_walking,0,random_forest,3,47046344M-104,reference,0.0,0.31417024795844617,0
47046344M-104,2024-10-15 07:44:24+00:00,not_walking,0,random_forest,3,47046344M-104,reference,0.0,0.3114072721888996,0
47046344M-104,2024-10-15 07:44:25+00:00,not_walking,0,random_forest,3,47046344M-104,reference,0.0,0.3119784467227459,0
47046344M-104,2024-10-15 07:44:26+00:00,not_walking,0,random_forest,3,47046344M-104,reference,0.0,0.2725077329819808,0
47046344M-104,2024-10-15 07:44:27+00:00,not_walking,0,random_forest,3,47046344M-104,reference,0.0,0.3196151195525568,0
47046344M-104,2024-10-15 07:44:28+00:00,not_walking,0,random_forest,3,47046344M-104,reference,0.0,0.29134276420370403,0
47046344M-104,2024-10-15 07:44:29+00:00,not_walking,0,random_forest,3,47046344M-104,reference,0.0,0.2895991462721047,0
47046344M-104,2024-10-15 07:44:30+00:00,not_walking,0,random_forest,3,47046344M-104,reference,0.0,0.2938958860392353,0
47046344M-104,2024-10-15 07:44:31+00:00,not_walking,0,random_forest,3,47046344M-104,reference,0.0,0.2612860938750728,0
47046344M-104,2024-10-15 07:44:32+00:00,not_walking,0,random_forest,3,47046344M-104,reference,0.0,0.23656462832253988,0
47046344M-104,2024-10-15 07:44:33+00:00,not_walking,0,random_forest,3,47046344M-104,reference,0.0,0.27517980925569824,0
47046344M-104,2024-10-15 07:44:34+00:00,not_walking,0,random_forest,3,47046344M-104,reference,0.0,0.3134377713548188,0
47046344M-104,2024-10-15 07:44:35+00:00,not_walking,0,random_forest,3,47046344M-104,reference,0.0,0.33484605536982376,0
47046344M-104,2024-10-15 07:44:36+00:00,not_walking,0,random_forest,3,47046344M-104,reference,0.0,0.24970092804095273,0
47046344M-104,2024-10-15 07:44:37+00:00,not_walking,0,random_forest,3,47046344M-104,reference,0.0,0.27823524442661784,0
47046344M-104,2024-10-15 07:44:38+00:00,not_walking,0,random_forest,3,47046344M-104,reference,0.0,0.3473977510105682,0
47046344M-104,2024-10-15 07:44:39+00:00,not_walking,0,random_forest,3,47046344M-104,reference,0.0,0.27896003052419893,0
47046344M-104,2024-10-15 07:44:40+00:00,not_walking,0,random_forest,3,47046344M-104,reference,0.0,0.2925047837163901,0
47046344M-104,2024-10-15 07:44:41+00:00,not_walking,0,random_forest,3,47046344M-104,reference,0.0,0.35073359062379805,0
47046344M-104,2024-10-15 07:44:42+00:00,not_walking,0,random_forest,3,47046344M-104,reference,0.0,0.38037120026459464,0
47046344M-104,2024-10-15 07:44:43+00:00,not_walking,0,random_forest,3,47046344M-104,reference,0.0,0.3708466075952647,0
47046344M-104,2024-10-15 07:44:44+00:00,not_walking,0,random_forest,3,47046344M-104,reference,0.0,0.3788207994039883,0
47046344M-104,2024-10-15 07:44:45+00:00,not_walking,0,random_forest,3,47046344M-104,reference,0.0,0.3502760256809916,0
47046344M-104,2024-10-15 07:44:46+00:00,not_walking,0,random_forest,3,47046344M-104,reference,0.0,0.34604520718354614,0
47046344M-104,2024-10-15 07:44:47+00:00,not_walking,0,random_forest,3,47046344M-104,reference,0.0,0.3379559510399579,0
47046344M-104,2024-10-15 07:44:48+00:00,not_walking,0,random_forest,3,47046344M-104,reference,0.0,0.35130512127495434,0
47046344M-104,2024-10-15 07:44:49+00:00,not_walking,0,random_forest,3,47046344M-104,reference,0.0,0.3382165100291606,0
47046344M-104,2024-10-15 07:44:50+00:00,not_walking,0,random_forest,3,47046344M-104,reference,0.0,0.26186718827380184,0
47046344M-104,2024-10-15 07:44:51+00:00,not_walking,0,random_forest,3,47046344M-104,reference,0.0,0.2852352289639215,0
47046344M-104,2024-10-15 07:44:52+00:00,not_walking,0,random_forest,3,47046344M-104,reference,0.0,0.31872270209457454,0
47046344M-104,2024-10-15 07:44:53+00:00,not_walking,0,random_forest,3,47046344M-104,reference,0.0,0.3251784876320862,0
47046344M-104,2024-10-15 07:44:54+00:00,not_walking,0,random_forest,3,47046344M-104,reference,0.0,0.36676641830542084,0
47046344M-104,2024-10-15 07:44:55+00:00,not_walking,0,random_forest,3,47046344M-104,reference,0.0,0.32650968372680994,0
47046344M-104,2024-10-15 07:44:56+00:00,not_walking,0,random_forest,3,47046344M-104,reference,0.0,0.36399023946419556,0
47046344M-104,2024-10-15 07:44:57+00:00,not_walking,0,random_forest,3,47046344M-104,reference,0.0,0.3978004355366372,0
47046344M-104,2024-10-15 07:44:58+00:00,not_walking,0,random_forest,3,47046344M-104,reference,0.0,0.3812807487189213,0
47046344M-104,2024-10-15 07:44:59+00:00,not_walking,0,random_forest,3,47046344M-104,reference,0.0,0.35975428282577016,0
47046344M-104,2024-10-15 07:45:00+00:00,not_walking,0,random_forest,3,47046344M-104,reference,0.0,0.3711617187919163,0
47046344M-104,2024-10-15 07:45:01+00:00,not_walking,0,random_forest,3,47046344M-104,reference,0.0,0.39353716227253777,0
47046344M-104,2024-10-15 07:45:02+00:00,not_walking,0,random_forest,3,47046344M-104,reference,0.0,0.3975582185869518,0
47046344M-104,2024-10-15 07:45:03+00:00,not_walking,0,random_forest,3,47046344M-104,reference,0.0,0.41192453530956463,0
47046344M-104,2024-10-15 07:45:04+00:00,not_walking,0,random_forest,3,47046344M-104,reference,0.0,0.3864765802271496,0
47046344M-104,2024-10-15 07:45:05+00:00,not_walking,0,random_forest,3,47046344M-104,reference,0.0,0.42286780323079465,0
47046344M-104,2024-10-15 07:45:06+00:00,not_walking,0,random_forest,3,47046344M-104,reference,0.0,0.3751917642740952,0
47046344M-104,2024-10-15 07:45:07+00:00,not_walking,0,random_forest,3,47046344M-104,reference,0.0,0.4060778824012842,0
47046344M-104,2024-10-15 07:45:08+00:00,not_walking,0,random_forest,3,47046344M-104,reference,0.0,0.3852876497078569,0
47046344M-104,2024-10-15 07:45:09+00:00,not_walking,0,random_forest,3,47046344M-104,reference,0.0,0.4099561686721201,0
47046344M-104,2024-10-15 07:45:10+00:00,not_walking,0,random_forest,3,47046344M-104,reference,0.0,0.4340646845450243,0
47046344M-104,2024-10-15 07:45:11+00:00,not_walking,0,random_forest,3,47046344M-104,reference,0.0,0.3817328441136341,0
47046344M-104,2024-10-15 07:45:12+00:00,not_walking,0,random_forest,3,47046344M-104,reference,0.0,0.37498963439905836,0
47046344M-104,2024-10-15 07:45:13+00:00,not_walking,0,random_forest,3,47046344M-104,reference,0.0,0.31160398888086005,0
47046344M-104,2024-10-15 07:45:14+00:00,not_walking,0,random_forest,3,47046344M-104,reference,0.0,0.28063931813789106,0
47046344M-104,2024-10-15 07:45:15+00:00,not_walking,0,random_forest,3,47046344M-104,reference,0.0,0.3062592261068725,0
47046344M-104,2024-10-15 07:45:16+00:00,not_walking,0,random_forest,3,47046344M-104,reference,0.0,0.3314200007484091,0
47046344M-104,2024-10-15 07:45:17+00:00,not_walking,0,random_forest,3,47046344M-104,reference,0.0,0.368528572459243,0
47046344M-104,2024-10-15 07:45:18+00:00,not_walking,0,random_forest,3,47046344M-104,reference,0.0,0.3371717801062556,0
47046344M-104,2024-10-15 07:45:19+00:00,not_walking,0,random_forest,3,47046344M-104,reference,0.0,0.2985230689834435,0
47046344M-104,2024-10-15 07:45:20+00:00,not_walking,0,random_forest,3,47046344M-104,reference,0.0,0.3144753135338916,0
47046344M-104,2024-10-15 07:45:21+00:00,not_walking,0,random_forest,3,47046344M-104,reference,0.0,0.309291453944884,0
47046344M-104,2024-10-15 07:45:22+00:00,not_walking,0,random_forest,3,47046344M-104,reference,0.0,0.3981524775672013,0
47046344M-104,2024-10-15 07:45:23+00:00,not_walking,0,random_forest,3,47046344M-104,reference,0.0,0.34243946559342614,0
47046344M-104,2024-10-15 07:45:25+00:00,walking,1,random_forest,3,47046344M-104,reference,0.0,0.3673850057118352,0
47046344M-104,2024-10-15 07:45:26+00:00,walking,1,random_forest,3,47046344M-104,reference,0.0,0.3675928744920668,0
47046344M-104,2024-10-15 07:45:27+00:00,walking,1,random_forest,3,47046344M-104,reference,0.0,0.3109909099697363,0
47046344M-104,2024-10-15 07:45:28+00:00,walking,1,random_forest,3,47046344M-104,reference,0.0,0.291754984305788,0
47046344M-104,2024-10-15 07:45:29+00:00,walking,1,random_forest,3,47046344M-104,reference,0.0,0.3388978182257874,0
47046344M-104,2024-10-15 07:45:30+00:00,walking,1,random_forest,3,47046344M-104,reference,0.0,0.31570971410346804,0
47046344M-104,2024-10-15 07:45:31+00:00,walking,1,random_forest,3,47046344M-104,reference,0.0,0.2901848565847299,0
47046344M-104,2024-10-15 07:45:32+00:00,walking,1,random_forest,3,47046344M-104,reference,0.0,0.31939233287090296,0
47046344M-104,2024-10-15 07:45:33+00:00,walking,1,random_forest,3,47046344M-104,reference,0.0,0.3721054442770482,0
47046344M-104,2024-10-15 07:45:34+00:00,walking,1,random_forest,3,47046344M-104,reference,0.0,0.39762824996628704,0
47046344M-104,2024-10-15 07:45:35+00:00,walking,1,random_forest,3,47046344M-104,reference,0.0,0.37303102668550797,0
47046344M-104,2024-10-15 07:45:36+00:00,walking,1,random_forest,3,47046344M-104,reference,0.0,0.4236192182452033,0
47046344M-104,2024-10-15 07:45:37+00:00,walking,1,random_forest,3,47046344M-104,reference,0.0,0.3651980433031539,0
47046344M-104,2024-10-15 07:45:38+00:00,walking,1,random_forest,3,47046344M-104,reference,0.0,0.4357139624020539,0
47046344M-104,2024-10-15 07:45:39+00:00,walking,1,random_forest,3,47046344M-104,reference,0.0,0.4328275204101652,0
47046344M-104,2024-10-15 07:45:40+00:00,walking,1,random_forest,3,47046344M-104,reference,0.0,0.40675843180416354,0
47046344M-104,2024-10-15 07:45:41+00:00,walking,1,random_forest,3,47046344M-104,reference,0.0,0.34655748814384696,0
47046344M-104,2024-10-15 07:45:42+00:00,walking,1,random_forest,3,47046344M-104,reference,0.0,0.41449506880043985,0
47046344M-104,2024-10-15 07:45:43+00:00,walking,1,random_forest,3,47046344M-104,reference,0.0,0.42929726624000003,0
47046344M-104,2024-10-15 07:45:44+00:00,walking,1,random_forest,3,47046344M-104,reference,0.0,0.3044682092483254,0
47046344M-104,2024-10-15 07:45:45+00:00,walking,1,random_forest,3,47046344M-104,reference,0.0,0.3715792927832525,0
47046344M-104,2024-10-15 07:45:46+00:00,walking,1,random_forest,3,47046344M-104,reference,0.0,0.33154252143572566,0
47046344M-104,2024-10-15 07:45:47+00:00,walking,1,random_forest,3,47046344M-104,reference,0.0,0.2734403489997853,0
47046344M-104,2024-10-15 07:45:48+00:00,walking,1,random_forest,3,47046344M-104,reference,0.0,0.24033548571349422,0
47046344M-104,2024-10-15 07:45:49+00:00,walking,1,random_forest,3,47046344M-104,reference,0.0,0.28128389214208727,0
47046344M-104,2024-10-15 07:45:50+00:00,walking,1,random_forest,3,47046344M-104,reference,0.0,0.29193834119928475,0
47046344M-104,2024-10-15 07:45:51+00:00,walking,1,random_forest,3,47046344M-104,reference,0.0,0.2523887742550653,0
47046344M-104,2024-10-15 07:45:52+00:00,walking,1,random_forest,3,47046344M-104,reference,0.0,0.3119185102596093,0
47046344M-104,2024-10-15 07:45:53+00:00,walking,1,random_forest,3,47046344M-104,reference,0.0,0.2589646306543477,0
47046344M-104,2024-10-15 07:45:54+00:00,walking,1,random_forest,3,47046344M-104,reference,0.0,0.26975180783487523,0
47046344M-104,2024-10-15 07:45:55+00:00,walking,1,random_forest,3,47046344M-104,reference,0.0,0.3226743595924783,0
47046344M-104,2024-10-15 07:45:56+00:00,walking,1,random_forest,3,47046344M-104,reference,0.0,0.3102903041162229,0
47046344M-104,2024-10-15 07:45:57+00:00,walking,1,random_forest,3,47046344M-104,reference,0.0,0.2705513072238233,0
47046344M-104,2024-10-15 07:45:58+00:00,walking,1,random_forest,3,47046344M-104,reference,0.0,0.33251291953660145,0
47046344M-104,2024-10-15 07:45:59+00:00,walking,1,random_forest,3,47046344M-104,reference,0.0,0.3932995256094227,0
47046344M-104,2024-10-15 07:46:00+00:00,walking,1,random_forest,3,47046344M-104,reference,0.0,0.43979153505991986,0
47046344M-104,2024-10-15 07:46:01+00:00,walking,1,random_forest,3,47046344M-104,reference,0.0,0.4275164659080558,0
47046344M-104,2024-10-15 07:46:02+00:00,walking,1,random_forest,3,47046344M-104,reference,0.0,0.4232563031543343,0
47046344M-104,2024-10-15 07:46:03+00:00,walking,1,random_forest,3,47046344M-104,reference,0.0,0.3826646935768837,0
47046344M-104,2024-10-15 07:46:04+00:00,walking,1,random_forest,3,47046344M-104,reference,0.0,0.345366141046239,0
47046344M-104,2024-10-15 07:46:05+00:00,walking,1,random_forest,3,47046344M-104,reference,0.0,0.40116854137853986,0
47046344M-104,2024-10-15 07:46:06+00:00,walking,1,random_forest,3,47046344M-104,reference,0.0,0.40456465867415903,0
47046344M-104,2024-10-15 07:46:07+00:00,walking,1,random_forest,3,47046344M-104,reference,0.0,0.4490997921569746,0
47046344M-104,2024-10-15 07:46:08+00:00,walking,1,random_forest,3,47046344M-104,reference,0.0,0.38172792461989485,0
47046344M-104,2024-10-15 07:46:09+00:00,walking,1,random_forest,3,47046344M-104,reference,0.0,0.3638826109842152,0
47046344M-104,2024-10-15 07:46:10+00:00,walking,1,random_forest,3,47046344M-104,reference,0.0,0.3522415736692606,0
47046344M-104,2024-10-15 07:46:11+00:00,walking,1,random_forest,3,47046344M-104,reference,0.0,0.4619759331206032,0
47046344M-104,2024-10-15 07:46:12+00:00,walking,1,random_forest,3,47046344M-104,reference,0.0,0.4086560707505769,0
47046344M-104,2024-10-15 07:46:13+00:00,walking,1,random_forest,3,47046344M-104,reference,0.0,0.38320486340675863,0
47046344M-104,2024-10-15 07:46:14+00:00,walking,1,random_forest,3,47046344M-104,reference,0.0,0.44086967395673116,0
47046344M-104,2024-10-15 07:46:15+00:00,walking,1,random_forest,3,47046344M-104,reference,0.0,0.3382089660571958,0
47046344M-104,2024-10-15 07:46:16+00:00,walking,1,random_forest,3,47046344M-104,reference,0.0,0.37089367110904503,0
47046344M-104,2024-10-15 07:46:17+00:00,walking,1,random_forest,3,47046344M-104,reference,0.0,0.3340047762348661,0
47046344M-104,2024-10-15 07:46:18+00:00,walking,1,random_forest,3,47046344M-104,reference,0.0,0.4107243117816282,0
47046344M-104,2024-10-15 07:46:19+00:00,walking,1,random_forest,3,47046344M-104,reference,0.0,0.2989217101852981,0
47046344M-104,2024-10-15 07:46:20+00:00,walking,1,random_forest,3,47046344M-104,reference,0.0,0.40946280201600266,0
47046344M-104,2024-10-15 07:46:21+00:00,walking,1,random_forest,3,47046344M-104,reference,0.0,0.36565862646461966,0
47046344M-104,2024-10-15 07:46:22+00:00,walking,1,random_forest,3,47046344M-104,reference,0.0,0.379483223518299,0
47046344M-104,2024-10-15 07:46:23+00:00,walking,1,random_forest,3,47046344M-104,reference,0.0,0.36400297154563344,0
47046344M-104,2024-10-15 07:46:24+00:00,walking,1,random_forest,3,47046344M-104,reference,0.0,0.3737271043611196,0
47046344M-104,2024-10-15 07:46:25+00:00,walking,1,random_forest,3,47046344M-104,reference,0.0,0.34392372687411393,0
47046344M-104,2024-10-15 07:46:26+00:00,walking,1,random_forest,3,47046344M-104,reference,0.0,0.36953197186112047,0
47046344M-104,2024-10-15 07:46:27+00:00,walking,1,random_forest,3,47046344M-104,reference,0.0,0.315765992903265,0
47046344M-104,2024-10-15 07:46:28+00:00,walking,1,random_forest,3,47046344M-104,reference,0.0,0.3268495615328355,0
47046344M-104,2024-10-15 07:46:29+00:00,walking,1,random_forest,3,47046344M-104,reference,0.0,0.4187621368465219,0
47046344M-104,2024-10-15 07:46:30+00:00,walking,1,random_forest,3,47046344M-104,reference,0.0,0.37603576422601476,0
47046344M-104,2024-10-15 07:46:31+00:00,walking,1,random_forest,3,47046344M-104,reference,0.0,0.34815200370217897,0
47046344M-104,2024-10-15 07:46:32+00:00,walking,1,random_forest,3,47046344M-104,reference,0.0,0.3124526576721723,0
47046344M-104,2024-10-15 07:46:33+00:00,walking,1,random_forest,3,47046344M-104,reference,0.0,0.3238626333428812,0
47046344M-104,2024-10-15 07:46:34+00:00,walking,1,random_forest,3,47046344M-104,reference,0.0,0.25893277900710054,0
47046344M-104,2024-10-15 07:46:35+00:00,walking,1,random_forest,3,47046344M-104,reference,0.0,0.30171364031351117,0
47046344M-104,2024-10-15 07:46:36+00:00,walking,1,random_forest,3,47046344M-104,reference,0.0,0.35184422692419604,0
47046344M-104,2024-10-15 07:46:37+00:00,walking,1,random_forest,3,47046344M-104,reference,0.0,0.3214964670023794,0
47046344M-104,2024-10-15 07:46:38+00:00,walking,1,random_forest,3,47046344M-104,reference,0.0,0.29515029747391236,0
47046344M-104,2024-10-15 07:46:39+00:00,walking,1,random_forest,3,47046344M-104,reference,0.0,0.3262950737722897,0
47046344M-104,2024-10-15 07:46:40+00:00,walking,1,random_forest,3,47046344M-104,reference,0.0,0.3175994480342526,0
47046344M-104,2024-10-15 07:46:41+00:00,walking,1,random_forest,3,47046344M-104,reference,0.0,0.39200435228280384,0
47046344M-104,2024-10-15 07:46:42+00:00,walking,1,random_forest,3,47046344M-104,reference,0.0,0.3481934798349839,0
47046344M-104,2024-10-15 07:46:43+00:00,walking,1,random_forest,3,47046344M-104,reference,0.0,0.34007581063243847,0
47046344M-104,2024-10-15 07:46:44+00:00,walking,1,random_forest,3,47046344M-104,reference,0.0,0.3227447454672767,0
47046344M-104,2024-10-15 07:46:45+00:00,walking,1,random_forest,3,47046344M-104,reference,0.0,0.3682471616806166,0
47046344M-104,2024-10-15 07:46:46+00:00,walking,1,random_forest,3,47046344M-104,reference,0.0,0.2945677599127084,0
47046344M-104,2024-10-15 07:47:58+00:00,walking,1,random_forest,3,47046344M-104,reference,0.0,0.4836259722672244,0
47046344M-104,2024-10-15 07:47:59+00:00,walking,1,random_forest,3,47046344M-104,reference,0.0,0.4316804767489669,0
47046344M-104,2024-10-15 07:48:00+00:00,walking,1,random_forest,3,47046344M-104,reference,0.0,0.3932600137249579,0
47046344M-104,2024-10-15 07:48:01+00:00,walking,1,random_forest,3,47046344M-104,reference,0.0,0.39321132211998217,0
47046344M-104,2024-10-15 07:48:02+00:00,walking,1,random_forest,3,47046344M-104,reference,0.0,0.3619192192340768,0
47046344M-104,2024-10-15 07:48:03+00:00,walking,1,random_forest,3,47046344M-104,reference,0.0,0.2411746432895759,0
47046344M-104,2024-10-15 07:48:04+00:00,walking,1,random_forest,3,47046344M-104,reference,0.0,0.25379027567474816,0
47046344M-104,2024-10-15 07:48:05+00:00,walking,1,random_forest,3,47046344M-104,reference,0.0,0.2762132236708965,0
47046344M-104,2024-10-15 07:48:06+00:00,walking,1,random_forest,3,47046344M-104,reference,0.0,0.30698481258149385,0
47046344M-104,2024-10-15 07:48:07+00:00,walking,1,random_forest,3,47046344M-104,reference,0.0,0.34308702435942345,0
47046344M-104,2024-10-15 07:48:08+00:00,walking,1,random_forest,3,47046344M-104,reference,0.0,0.22385792602969565,0
47046344M-104,2024-10-15 07:48:09+00:00,walking,1,random_forest,3,47046344M-104,reference,0.0,0.23293422801847982,0
47046344M-104,2024-10-15 07:48:10+00:00,walking,1,random_forest,3,47046344M-104,reference,0.0,0.2464084907552043,0
47046344M-104,2024-10-15 07:48:11+00:00,walking,1,random_forest,3,47046344M-104,reference,0.0,0.24183417128390342,0
47046344M-104,2024-10-15 07:48:12+00:00,walking,1,random_forest,3,47046344M-104,reference,0.0,0.24031063482264717,0
47046344M-104,2024-10-15 07:48:13+00:00,walking,1,random_forest,3,47046344M-104,reference,0.0,0.20037122058266688,0
47046344M-104,2024-10-15 07:48:14+00:00,walking,1,random_forest,3,47046344M-104,reference,0.0,0.32529868936472045,0
47046344M-104,2024-10-15 07:48:15+00:00,walking,1,random_forest,3,47046344M-104,reference,0.0,0.40413540857742003,0
47046344M-104,2024-10-15 07:48:16+00:00,walking,1,random_forest,3,47046344M-104,reference,0.0,0.4234193570354496,0
47046344M-104,2024-10-15 07:48:17+00:00,walking,1,random_forest,3,47046344M-104,reference,0.0,0.339974538700575,0
47046344M-104,2024-10-15 07:48:18+00:00,walking,1,random_forest,3,47046344M-104,reference,0.0,0.2460998788267994,0
47046344M-104,2024-10-15 07:48:19+00:00,walking,1,random_forest,3,47046344M-104,reference,0.0,0.3477298838293639,0
47046344M-104,2024-10-15 07:48:20+00:00,walking,1,random_forest,3,47046344M-104,reference,0.0,0.4171948614941459,0
47046344M-104,2024-10-15 07:48:21+00:00,walking,1,random_forest,3,47046344M-104,reference,0.0,0.4354221517245217,0
47046344M-104,2024-10-15 07:48:22+00:00,walking,1,random_forest,3,47046344M-104,reference,0.0,0.4384911128753852,0
47046344M-104,2024-10-15 07:48:23+00:00,walking,1,random_forest,3,47046344M-104,reference,0.0,0.38798082859502586,0
47046344M-104,2024-10-15 07:48:24+00:00,walking,1,random_forest,3,47046344M-104,reference,0.0,0.4059037536764678,0
47046344M-104,2024-10-15 07:48:25+00:00,walking,1,random_forest,3,47046344M-104,reference,0.0,0.43285342548627387,0
47046344M-104,2024-10-15 07:48:26+00:00,walking,1,random_forest,3,47046344M-104,reference,0.0,0.4121548293112537,0
47046344M-104,2024-10-15 07:48:27+00:00,walking,1,random_forest,3,47046344M-104,reference,0.0,0.3893574846837368,0
47046344M-104,2024-10-15 07:48:28+00:00,walking,1,random_forest,3,47046344M-104,reference,0.0,0.24398595056392064,0
47046344M-104,2024-10-15 07:48:29+00:00,walking,1,random_forest,3,47046344M-104,reference,0.0,0.26968075619603854,0
47046344M-104,2024-10-15 07:48:30+00:00,walking,1,random_forest,3,47046344M-104,reference,0.0,0.23799275301627396,0
47046344M-104,2024-10-15 07:48:31+00:00,walking,1,random_forest,3,47046344M-104,reference,0.0,0.30339089508472994,0
47046344M-104,2024-10-15 07:48:32+00:00,walking,1,random_forest,3,47046344M-104,reference,0.0,0.3277193536571114,0
47046344M-104,2024-10-15 07:48:33+00:00,walking,1,random_forest,3,47046344M-104,reference,0.0,0.3632406599217741,0
47046344M-104,2024-10-15 07:48:34+00:00,walking,1,random_forest,3,47046344M-104,reference,0.0,0.36372605759002324,0
47046344M-104,2024-10-15 07:48:35+00:00,walking,1,random_forest,3,47046344M-104,reference,0.0,0.44239030539422414,0
47046344M-104,2024-10-15 07:48:36+00:00,walking,1,random_forest,3,47046344M-104,reference,0.0,0.3828623574857346,0
47046344M-104,2024-10-15 07:48:37+00:00,walking,1,random_forest,3,47046344M-104,reference,0.0,0.33814875472358236,0
47046344M-104,2024-10-15 07:48:38+00:00,walking,1,random_forest,3,47046344M-104,reference,0.0,0.23149436233611187,0
47046344M-104,2024-10-15 07:48:39+00:00,walking,1,random_forest,3,47046344M-104,reference,0.0,0.2694895804733495,0
47046344M-104,2024-10-15 07:48:40+00:00,walking,1,random_forest,3,47046344M-104,reference,0.0,0.26682959310968957,0
47046344M-104,2024-10-15 07:48:41+00:00,walking,1,random_forest,3,47046344M-104,reference,0.0,0.3072778770620657,0
47046344M-104,2024-10-15 07:48:42+00:00,walking,1,random_forest,3,47046344M-104,reference,0.0,0.2737842822320663,0
47046344M-104,,not_walking,0,random_forest,3,47046344M-104,reference,0.0,0.3680821303206817,0
47046344M-104,,not_walking,0,random_forest,3,47046344M-104,reference,0.0,0.36744976068823854,0
47046344M-104,,not_walking,0,random_forest,3,47046344M-104,reference,0.0,0.37745116668970424,0
47046344M-104,,not_walking,0,random_forest,3,47046344M-104,reference,0.0,0.3666110115567227,0
47046344M-104,,not_walking,0,random_forest,3,47046344M-104,reference,0.0,0.3743630807685135,0
47046344M-104,,not_walking,0,random_forest,3,47046344M-104,reference,0.0,0.36759074984117557,0
47046344M-104,,not_walking,0,random_forest,3,47046344M-104,reference,0.0,0.3691342639078038,0
47046344M-104,,not_walking,0,random_forest,3,47046344M-104,reference,0.0,0.3695313632298728,0
47046344M-104,,not_walking,0,random_forest,3,47046344M-104,reference,0.0,0.37249627452122697,0
47046344M-104,,not_walking,0,random_forest,3,47046344M-104,reference,0.0,0.36811195116975276,0
47046344M-104,,not_walking,0,random_forest,3,47046344M-104,reference,0.0,0.3776128470719315,0
47046344M-104,,not_walking,0,random_forest,3,47046344M-104,reference,0.0,0.36886717206741093,0
47046344M-104,,not_walking,0,random_forest,3,47046344M-104,reference,0.0,0.37575869159406833,0
47046344M-104,,not_walking,0,random_forest,3,47046344M-104,reference,0.0,0.37692909069818986,0
47046344M-104,,not_walking,0,random_forest,3,47046344M-104,reference,0.0,0.37632604876675124,0
47046344M-104,,not_walking,0,random_forest,3,47046344M-104,reference,0.0,0.3722066274189306,0
47046344M-104,,not_walking,0,random_forest,3,47046344M-104,reference,0.0,0.374536116439384,0
47046344M-104,,not_walking,0,random_forest,3,47046344M-104,reference,0.0,0.363187490053294,0
47046344M-104,,not_walking,0,random_forest,3,47046344M-104,reference,0.0,0.36658798825187416,0
47046344M-104,,not_walking,0,random_forest,3,47046344M-104,reference,0.0,0.37440897564369924,0
47046344M-104,,not_walking,0,random_forest,3,47046344M-104,reference,0.0,0.37720883912340886,0
47046344M-104,,not_walking,0,random_forest,3,47046344M-104,reference,0.0,0.37108572673077017,0
47046344M-104,,not_walking,0,random_forest,3,47046344M-104,reference,0.0,0.3706406168346011,0
47046344M-104,,not_walking,0,random_forest,3,47046344M-104,reference,0.0,0.37172057098595507,0
47046344M-104,,not_walking,0,random_forest,3,47046344M-104,reference,0.0,0.3757365299770869,0
47046344M-104,,not_walking,0,random_forest,3,47046344M-104,reference,0.0,0.3749287162410729,0
47046344M-104,,not_walking,0,random_forest,3,47046344M-104,reference,0.0,0.3766946567274391,0
47046344M-104,,not_walking,0,random_forest,3,47046344M-104,reference,0.0,0.374600781257693,0
47046344M-104,,not_walking,0,random_forest,3,47046344M-104,reference,0.0,0.3758208699329032,0
47046344M-104,,not_walking,0,random_forest,3,47046344M-104,reference,0.0,0.3758208699329032,0
47046344M-104,,not_walking,0,random_forest,3,47046344M-104,reference,0.0,0.3758208699329032,0
47046344M-104,,not_walking,0,random_forest,3,47046344M-104,reference,0.0,0.3758208699329032,0
47046344M-104,,not_walking,0,random_forest,3,47046344M-104,reference,0.0,0.37358069572847974,0
47046344M-104,,not_walking,0,random_forest,3,47046344M-104,reference,0.0,0.3758208699329032,0
47046344M-104,,not_walking,0,random_forest,3,47046344M-104,reference,0.0,0.37421553998366464,0
47046344M-104,,not_walking,0,random_forest,3,47046344M-104,reference,0.0,0.3758208699329032,0
47046344M-104,,not_walking,0,random_forest,3,47046344M-104,reference,0.0,0.374180432362295,0
47046344M-104,,not_walking,0,random_forest,3,47046344M-104,reference,0.0,0.3749287162410729,0
47046344M-104,,not_walking,0,random_forest,3,47046344M-104,reference,0.0,0.3758208699329032,0
47046344M-104,,not_walking,0,random_forest,3,47046344M-104,reference,0.0,0.3763645064185053,0
47046344M-104,,not_walking,0,random_forest,3,47046344M-104,reference,0.0,0.3715441908423909,0
47046344M-104,,not_walking,0,random_forest,3,47046344M-104,reference,0.0,0.3731429250198025,0
47046344M-104,,not_walking,0,random_forest,3,47046344M-104,reference,0.0,0.37607204462772914,0
47046344M-104,,not_walking,0,random_forest,3,47046344M-104,reference,0.0,0.3733259009351937,0
47046344M-104,,not_walking,0,random_forest,3,47046344M-104,reference,0.0,0.37638987142251135,0
47046344M-104,,not_walking,0,random_forest,3,47046344M-104,reference,0.0,0.3733259009351937,0
47046344M-104,,not_walking,0,random_forest,3,47046344M-104,reference,0.0,0.3758208699329032,0
47046344M-104,,not_walking,0,random_forest,3,47046344M-104,reference,0.0,0.3758208699329032,0
47046344M-104,,not_walking,0,random_forest,3,47046344M-104,reference,0.0,0.3758208699329032,0
47046344M-104,,not_walking,0,random_forest,3,47046344M-104,reference,0.0,0.3758208699329032,0
47046344M-104,,not_walking,0,random_forest,3,47046344M-104,reference,0.0,0.3758208699329032,0
47046344M-104,,not_walking,0,random_forest,3,47046344M-104,reference,0.0,0.3758208699329032,0
47046344M-104,,not_walking,0,random_forest,3,47046344M-104,reference,0.0,0.3758208699329032,0
47046344M-104,,not_walking,0,random_forest,3,47046344M-104,reference,0.0,0.3749287162410729,0
47046344M-104,,not_walking,0,random_forest,3,47046344M-104,reference,0.0,0.3758208699329032,0
47046344M-104,,not_walking,0,random_forest,3,47046344M-104,reference,0.0,0.3758208699329032,0
47046344M-104,,not_walking,0,random_forest,3,47046344M-104,reference,0.0,0.3758208699329032,0
47046344M-104,,not_walking,0,random_forest,3,47046344M-104,reference,0.0,0.3758208699329032,0
47046344M-104,,not_walking,0,random_forest,3,47046344M-104,reference,0.0,0.3758208699329032,0
47046344M-104,,not_walking,0,random_forest,3,47046344M-104,reference,0.0,0.3758208699329032,0
47046344M-104,,not_walking,0,random_forest,3,47046344M-104,reference,0.0,0.3758208699329032,0
47046344M-104,,not_walking,0,random_forest,3,47046344M-104,reference,0.0,0.3758208699329032,0
47046344M-104,,not_walking,0,random_forest,3,47046344M-104,reference,0.0,0.3758208699329032,0
47046344M-104,,not_walking,0,random_forest,3,47046344M-104,reference,0.0,0.3758208699329032,0
47046344M-104,,not_walking,0,random_forest,3,47046344M-104,reference,0.0,0.3758208699329032,0
47046344M-104,,not_walking,0,random_forest,3,47046344M-104,reference,0.0,0.3758208699329032,0
47046344M-104,,not_walking,0,random_forest,3,47046344M-104,reference,0.0,0.3758208699329032,0
47046344M-104,,not_walking,0,random_forest,3,47046344M-104,reference,0.0,0.3758208699329032,0
47046344M-104,,not_walking,0,random_forest,3,47046344M-104,reference,0.0,0.3758208699329032,0
47046344M-104,,not_walking,0,random_forest,3,47046344M-104,reference,0.0,0.3758208699329032,0
47046344M-104,,not_walking,0,random_forest,3,47046344M-104,reference,0.0,0.3779117568637459,0
47046344M-104,,not_walking,0,random_forest,3,47046344M-104,reference,0.0,0.3754401768805769,0
47046344M-104,,not_walking,0,random_forest,3,47046344M-104,reference,0.0,0.36697948477942727,0
47046344M-104,,not_walking,0,random_forest,3,47046344M-104,reference,0.0,0.36695721754876315,0
47046344M-104,,not_walking,0,random_forest,3,47046344M-104,reference,0.0,0.37153464478794923,0
47046344M-104,,not_walking,0,random_forest,3,47046344M-104,reference,0.0,0.3707396746813145,0
47046344M-104,,not_walking,0,random_forest,3,47046344M-104,reference,0.0,0.36823224992458464,0
47046344M-104,,not_walking,0,random_forest,3,47046344M-104,reference,0.0,0.37221444595711617,0
47046344M-104,,not_walking,0,random_forest,3,47046344M-104,reference,0.0,0.3813344493385201,0
47046344M-104,,not_walking,0,random_forest,3,47046344M-104,reference,0.0,0.3686197344207284,0
47046344M-104,,not_walking,0,random_forest,3,47046344M-104,reference,0.0,0.37394855455816894,0
47046344M-104,,not_walking,0,random_forest,3,47046344M-104,reference,0.0,0.37161548959160834,0
47046344M-104,,not_walking,0,random_forest,3,47046344M-104,reference,0.0,0.37028907511966014,0
47046344M-104,,not_walking,0,random_forest,3,47046344M-104,reference,0.0,0.37037474317914426,0
47046344M-104,,not_walking,0,random_forest,3,47046344M-104,reference,0.0,0.377022698214874,0
47046344M-104,,not_walking,0,random_forest,3,47046344M-104,reference,0.0,0.37758745071459165,0
47046344M-104,,not_walking,0,random_forest,3,47046344M-104,reference,0.0,0.3787463132434234,0
47046344M-104,,not_walking,0,random_forest,3,47046344M-104,reference,0.0,0.37021884563546764,0
47046344M-104,,not_walking,0,random_forest,3,47046344M-104,reference,0.0,0.36881973142852,0
47046344M-104,,not_walking,0,random_forest,3,47046344M-104,reference,0.0,0.37046793145371915,0
47046344M-104,,not_walking,0,random_forest,3,47046344M-104,reference,0.0,0.37472386870987007,0
47046344M-104,,not_walking,0,random_forest,3,47046344M-104,reference,0.0,0.3737178925424746,0
47046344M-104,,not_walking,0,random_forest,3,47046344M-104,reference,0.0,0.36709598438809965,0
47046344M-104,,not_walking,0,random_forest,3,47046344M-104,reference,0.0,0.3674169958710863,0
47046344M-104,,not_walking,0,random_forest,3,47046344M-104,reference,0.0,0.3680510036514205,0
47046344M-104,,not_walking,0,random_forest,3,47046344M-104,reference,0.0,0.3689716879341632,0
47046344M-104,,not_walking,0,random_forest,3,47046344M-104,reference,0.0,0.3693693872340727,0
47046344M-104,,not_walking,0,random_forest,3,47046344M-104,reference,0.0,0.3711525796816989,0
47046344M-104,,not_walking,0,random_forest,3,47046344M-104,reference,0.0,0.3689303443522879,0
47046344M-104,,not_walking,0,random_forest,3,47046344M-104,reference,0.0,0.36627826870910146,0
47046344M-104,,not_walking,0,random_forest,3,47046344M-104,reference,0.0,0.36856262832227393,0
47046344M-104,,not_walking,0,random_forest,3,47046344M-104,reference,0.0,0.36509748960336225,0
47046344M-104,,not_walking,0,random_forest,3,47046344M-104,reference,0.0,0.3695844487068734,0
47046344M-104,,not_walking,0,random_forest,3,47046344M-104,reference,0.0,0.3691500280552235,0
47046344M-104,,not_walking,0,random_forest,3,47046344M-104,reference,0.0,0.37705387519509287,0
47046344M-104,,not_walking,0,random_forest,3,47046344M-104,reference,0.0,0.36617619198939116,0
47046344M-104,,not_walking,0,random_forest,3,47046344M-104,reference,0.0,0.3682018265199915,0
47046344M-104,,not_walking,0,random_forest,3,47046344M-104,reference,0.0,0.37213959764307997,0
47046344M-104,,not_walking,0,random_forest,3,47046344M-104,reference,0.0,0.368504264637991,0
47046344M-104,,not_walking,0,random_forest,3,47046344M-104,reference,0.0,0.36571827357329045,0
47046344M-104,,not_walking,0,random_forest,3,47046344M-104,reference,0.0,0.37255020650867804,0
47046344M-104,,not_walking,0,random_forest,3,47046344M-104,reference,0.0,0.3646462355791074,0
47046344M-104,,not_walking,0,random_forest,3,47046344M-104,reference,0.0,0.36672417588533385,0
47046344M-104,,not_walking,0,random_forest,3,47046344M-104,reference,0.0,0.3646821396655548,0
47046344M-104,,not_walking,0,random_forest,3,47046344M-104,reference,0.0,0.36744715927727034,0
47046344M-104,,not_walking,0,random_forest,3,47046344M-104,reference,0.0,0.36732368434680124,0
47046344M-104,,not_walking,0,random_forest,3,47046344M-104,reference,0.0,0.3780299329938982,0
47046344M-104,,not_walking,0,random_forest,3,47046344M-104,reference,0.0,0.3728838249782735,0
47046344M-104,,not_walking,0,random_forest,3,47046344M-104,reference,0.0,0.36519232372018473,0
47046344M-104,,not_walking,0,random_forest,3,47046344M-104,reference,0.0,0.3676441422060871,0
47046344M-104,,not_walking,0,random_forest,3,47046344M-104,reference,0.0,0.36823224992458464,0
47046344M-104,,not_walking,0,random_forest,3,47046344M-104,reference,0.0,0.36859069674881606,0
47046344M-104,,not_walking,0,random_forest,3,47046344M-104,reference,0.0,0.3683425635118166,0
47046344M-104,,not_walking,0,random_forest,3,47046344M-104,reference,0.0,0.36972489156764576,0
47046344M-104,,not_walking,0,random_forest,3,47046344M-104,reference,0.0,0.377852439995622,0
47046344M-104,,not_walking,0,random_forest,3,47046344M-104,reference,0.0,0.36604308200018,0
47046344M-104,,not_walking,0,random_forest,3,47046344M-104,reference,0.0,0.37220410145949356,0
47046344M-104,,not_walking,0,random_forest,3,47046344M-104,reference,0.0,0.36724589514875616,0
47046344M-104,,not_walking,0,random_forest,3,47046344M-104,reference,0.0,0.36714402793711387,0
47046344M-104,,not_walking,0,random_forest,3,47046344M-104,reference,0.0,0.37461998740119057,0
47046344M-104,,not_walking,0,random_forest,3,47046344M-104,reference,0.0,0.3742950563403629,0
47046344M-104,,not_walking,0,random_forest,3,47046344M-104,reference,0.0,0.36418476859170945,0
47046344M-104,,not_walking,0,random_forest,3,47046344M-104,reference,0.0,0.370335687892642,0
47046344M-104,,not_walking,0,random_forest,3,47046344M-104,reference,0.0,0.3695774433183074,0
47046344M-104,,not_walking,0,random_forest,3,47046344M-104,reference,0.0,0.36761703592545614,0
47046344M-104,,not_walking,0,random_forest,3,47046344M-104,reference,0.0,0.3659535158702567,0
47046344M-104,,not_walking,0,random_forest,3,47046344M-104,reference,0.0,0.36687740805971697,0
47046344M-104,,not_walking,0,random_forest,3,47046344M-104,reference,0.0,0.374410075574912,0
47046344M-104,,not_walking,0,random_forest,3,47046344M-104,reference,0.0,0.36567957450269595,0
47046344M-104,,not_walking,0,random_forest,3,47046344M-104,reference,0.0,0.36411601445788094,0
47046344M-104,,not_walking,0,random_forest,3,47046344M-104,reference,0.0,0.36355415717481193,0
47046344M-104,,not_walking,0,random_forest,3,47046344M-104,reference,0.0,0.3705156935734598,0
47046344M-104,,not_walking,0,random_forest,3,47046344M-104,reference,0.0,0.36996734979700324,0
47046344M-104,,not_walking,0,random_forest,3,47046344M-104,reference,0.0,0.374857346038291,0
47046344M-104,,not_walking,0,random_forest,3,47046344M-104,reference,0.0,0.36892809263298454,0
47046344M-104,,not_walking,0,random_forest,3,47046344M-104,reference,0.0,0.3693420796308823,0
47046344M-104,,not_walking,0,random_forest,3,47046344M-104,reference,0.0,0.3680980762822418,0
47046344M-104,,not_walking,0,random_forest,3,47046344M-104,reference,0.0,0.3671540802224873,0
47046344M-104,,not_walking,0,random_forest,3,47046344M-104,reference,0.0,0.3793257286773039,0
47046344M-104,,not_walking,0,random_forest,3,47046344M-104,reference,0.0,0.3677338800153605,0
47046344M-104,,not_walking,0,random_forest,3,47046344M-104,reference,0.0,0.3700237423314866,0
47046344M-104,,not_walking,0,random_forest,3,47046344M-104,reference,0.0,0.362603156646131,0
47046344M-104,,not_walking,0,random_forest,3,47046344M-104,reference,0.0,0.3688344704341171,0
47046344M-104,,not_walking,0,random_forest,3,47046344M-104,reference,0.0,0.3746045551820891,0
47046344M-104,,not_walking,0,random_forest,3,47046344M-104,reference,0.0,0.36649493603988775,0
47046344M-104,,not_walking,0,random_forest,3,47046344M-104,reference,0.0,0.3712737902762098,0
47046344M-104,,not_walking,0,random_forest,3,47046344M-104,reference,0.0,0.36810009279582606,0
47046344M-104,,not_walking,0,random_forest,3,47046344M-104,reference,0.0,0.36624243701630554,0
47046344M-104,,not_walking,0,random_forest,3,47046344M-104,reference,0.0,0.3694444277415792,0
47046344M-104,,not_walking,0,random_forest,3,47046344M-104,reference,0.0,0.3676899272645719,0
47046344M-104,,not_walking,0,random_forest,3,47046344M-104,reference,0.0,0.3803265003802281,0
47046344M-104,,not_walking,0,random_forest,3,47046344M-104,reference,0.0,0.36759552645864435,0
47046344M-104,,not_walking,0,random_forest,3,47046344M-104,reference,0.0,0.37278632878605467,0
47046344M-104,,not_walking,0,random_forest,3,47046344M-104,reference,0.0,0.36823224992458464,0
47046344M-104,,not_walking,0,random_forest,3,47046344M-104,reference,0.0,0.36937557178943314,0
47046344M-104,,not_walking,0,random_forest,3,47046344M-104,reference,0.0,0.37576833305810664,0
47046344M-104,,not_walking,0,random_forest,3,47046344M-104,reference,0.0,0.3710805439076057,0
47046344M-104,,not_walking,0,random_forest,3,47046344M-104,reference,0.0,0.3688937716733681,0
47046344M-104,,not_walking,0,random_forest,3,47046344M-104,reference,0.0,0.3712683497364666,0
47046344M-104,,not_walking,0,random_forest,3,47046344M-104,reference,0.0,0.36788250598297473,0
47046344M-104,,not_walking,0,random_forest,3,47046344M-104,reference,0.0,0.36307903588143653,0
47046344M-104,,not_walking,0,random_forest,3,47046344M-104,reference,0.0,0.3718215011862609,0
47046344M-104,,not_walking,0,random_forest,3,47046344M-104,reference,0.0,0.36936432491783605,0
47046344M-104,,not_walking,0,random_forest,3,47046344M-104,reference,0.0,0.37311174152049503,0
47046344M-104,,not_walking,0,random_forest,3,47046344M-104,reference,0.0,0.3727653403663807,0
47046344M-104,,not_walking,0,random_forest,3,47046344M-104,reference,0.0,0.36884898917127024,0
47046344M-104,,not_walking,0,random_forest,3,47046344M-104,reference,0.0,0.3608236229301175,0
47046344M-104,,not_walking,0,random_forest,3,47046344M-104,reference,0.0,0.36972775340303954,0
47046344M-104,,not_walking,0,random_forest,3,47046344M-104,reference,0.0,0.369996422576422,0
47046344M-104,,not_walking,0,random_forest,3,47046344M-104,reference,0.0,0.3656368110681154,0
47046344M-104,,not_walking,0,random_forest,3,47046344M-104,reference,0.0,0.3674813809917783,0
47046344M-104,,not_walking,0,random_forest,3,47046344M-104,reference,0.0,0.3774113145364573,0
47046344M-104,,not_walking,0,random_forest,3,47046344M-104,reference,0.0,0.37282076035489925,0
47046344M-104,,not_walking,0,random_forest,3,47046344M-104,reference,0.0,0.3699399107825874,0
47046344M-104,,not_walking,0,random_forest,3,47046344M-104,reference,0.0,0.36367245063822995,0
47046344M-104,,not_walking,0,random_forest,3,47046344M-104,reference,0.0,0.3692267931387173,0
47046344M-104,,not_walking,0,random_forest,3,47046344M-104,reference,0.0,0.3718688988443071,0
47046344M-104,,not_walking,0,random_forest,3,47046344M-104,reference,0.0,0.36627826870910146,0
47046344M-104,,not_walking,0,random_forest,3,47046344M-104,reference,0.0,0.3654982659793774,0
47046344M-104,,not_walking,0,random_forest,3,47046344M-104,reference,0.0,0.36732368434680124,0
47046344M-104,,not_walking,0,random_forest,3,47046344M-104,reference,0.0,0.3657491727000891,0
47046344M-104,,not_walking,0,random_forest,3,47046344M-104,reference,0.0,0.3634459800560148,0
47046344M-104,,not_walking,0,random_forest,3,47046344M-104,reference,0.0,0.36614859808696487,0
47046344M-104,,not_walking,0,random_forest,3,47046344M-104,reference,0.0,0.37039978001328744,0
47046344M-104,,not_walking,0,random_forest,3,47046344M-104,reference,0.0,0.37296181334928097,0
47046344M-104,,not_walking,0,random_forest,3,47046344M-104,reference,0.0,0.36704399125014747,0
47046344M-104,,not_walking,0,random_forest,3,47046344M-104,reference,0.0,0.36669826290182617,0
47046344M-104,,not_walking,0,random_forest,3,47046344M-104,reference,0.0,0.364246731323367,0
47046344M-104,,not_walking,0,random_forest,3,47046344M-104,reference,0.0,0.3659050839616412,0
47046344M-104,,not_walking,0,random_forest,3,47046344M-104,reference,0.0,0.3691865826357054,0
47046344M-104,,not_walking,0,random_forest,3,47046344M-104,reference,0.0,0.36932107429615446,0
47046344M-104,,not_walking,0,random_forest,3,47046344M-104,reference,0.0,0.3713956510594537,0
47046344M-104,,not_walking,0,random_forest,3,47046344M-104,reference,0.0,0.3666627958514285,0
47046344M-104,,not_walking,0,random_forest,3,47046344M-104,reference,0.0,0.3692416952346326,0
47046344M-104,,not_walking,0,random_forest,3,47046344M-104,reference,0.0,0.36397313678899496,0
47046344M-104,,not_walking,0,random_forest,3,47046344M-104,reference,0.0,0.36769111658077996,0
47046344M-104,,not_walking,0,random_forest,3,47046344M-104,reference,0.0,0.3739666198754328,0
47046344M-104,,not_walking,0,random_forest,3,47046344M-104,reference,0.0,0.36974346993619317,0
47046344M-104,,not_walking,0,random_forest,3,47046344M-104,reference,0.0,0.3635489757077608,0
47046344M-104,,not_walking,0,random_forest,3,47046344M-104,reference,0.0,0.37363003984467746,0
47046344M-104,,not_walking,0,random_forest,3,47046344M-104,reference,0.0,0.36602542490770723,0
47046344M-104,,not_walking,0,random_forest,3,47046344M-104,reference,0.0,0.36554563157302095,0
47046344M-104,,not_walking,0,random_forest,3,47046344M-104,reference,0.0,0.3652812066225188,0
47046344M-104,,not_walking,0,random_forest,3,47046344M-104,reference,0.0,0.3726914331220728,0
47046344M-104,,not_walking,0,random_forest,3,47046344M-104,reference,0.0,0.37658114006076276,0
47046344M-104,,not_walking,0,random_forest,3,47046344M-104,reference,0.0,0.3781989059967861,0
47046344M-104,,not_walking,0,random_forest,3,47046344M-104,reference,0.0,0.3781064000584929,0
47046344M-104,,not_walking,0,random_forest,3,47046344M-104,reference,0.0,0.37302639257823866,0
47046344M-104,,not_walking,0,random_forest,3,47046344M-104,reference,0.0,0.37363089728233057,0
47046344M-104,,not_walking,0,random_forest,3,47046344M-104,reference,0.0,0.36956306367639596,0
47046344M-104,,not_walking,0,random_forest,3,47046344M-104,reference,0.0,0.36394917132470006,0
47046344M-104,,not_walking,0,random_forest,3,47046344M-104,reference,0.0,0.37842172678759484,0
47046344M-104,,not_walking,0,random_forest,3,47046344M-104,reference,0.0,0.37672892325345897,0
02548893X-118,2025-02-28 09:48:08+00:00,not_walking,0,xgboost,1,02548893X-118,reference,0.0,0.2951117157936096,0
02548893X-118,2025-02-28 09:48:09+00:00,not_walking,0,xgboost,1,02548893X-118,reference,0.0,0.23911714553833008,0
02548893X-118,2025-02-28 09:48:10+00:00,not_walking,0,xgboost,1,02548893X-118,reference,0.0,0.2482280284166336,0
02548893X-118,2025-02-28 09:48:11+00:00,not_walking,0,xgboost,1,02548893X-118,reference,0.0,0.22664548456668854,0
02548893X-118,2025-02-28 09:48:12+00:00,not_walking,0,xgboost,1,02548893X-118,reference,0.0,0.11007325351238251,0
02548893X-118,2025-02-28 09:48:13+00:00,not_walking,0,xgboost,1,02548893X-118,reference,0.0,0.02685774490237236,0
02548893X-118,2025-02-28 09:48:14+00:00,not_walking,0,xgboost,1,02548893X-118,reference,0.0,0.03426641598343849,0
02548893X-118,2025-02-28 09:48:15+00:00,not_walking,0,xgboost,1,02548893X-118,reference,0.0,0.07692091166973114,0
02548893X-118,2025-02-28 09:48:16+00:00,not_walking,0,xgboost,1,02548893X-118,reference,0.0,0.25612664222717285,0
02548893X-118,2025-02-28 09:48:17+00:00,not_walking,0,xgboost,1,02548893X-118,reference,0.0,0.16321836411952972,0
02548893X-118,2025-02-28 09:48:18+00:00,not_walking,0,xgboost,1,02548893X-118,reference,0.0,0.04234014451503754,0
02548893X-118,2025-02-28 09:48:19+00:00,not_walking,0,xgboost,1,02548893X-118,reference,0.0,0.02718471735715866,0
02548893X-118,2025-02-28 09:48:20+00:00,not_walking,0,xgboost,1,02548893X-118,reference,0.0,0.048300568014383316,0
02548893X-118,2025-02-28 09:48:21+00:00,not_walking,0,xgboost,1,02548893X-118,reference,0.0,0.06549350172281265,0
02548893X-118,2025-02-28 09:48:22+00:00,not_walking,0,xgboost,1,02548893X-118,reference,0.0,0.022035203874111176,0
02548893X-118,2025-02-28 09:48:23+00:00,not_walking,0,xgboost,1,02548893X-118,reference,0.0,0.17053644359111786,0
02548893X-118,2025-02-28 09:48:24+00:00,not_walking,0,xgboost,1,02548893X-118,reference,0.0,0.04529581218957901,0
02548893X-118,2025-02-28 09:48:25+00:00,not_walking,0,xgboost,1,02548893X-118,reference,0.0,0.0266021266579628,0
02548893X-118,2025-02-28 09:48:26+00:00,not_walking,0,xgboost,1,02548893X-118,reference,0.0,0.030370738357305527,0
02548893X-118,2025-02-28 09:48:27+00:00,not_walking,0,xgboost,1,02548893X-118,reference,0.0,0.04921998083591461,0
02548893X-118,2025-02-28 09:48:28+00:00,not_walking,0,xgboost,1,02548893X-118,reference,0.0,0.05243095010519028,0
02548893X-118,2025-02-28 09:48:29+00:00,not_walking,0,xgboost,1,02548893X-118,reference,0.0,0.09164460003376007,0
02548893X-118,2025-02-28 09:48:30+00:00,not_walking,0,xgboost,1,02548893X-118,reference,0.0,0.143795907497406,0
02548893X-118,2025-02-28 09:48:31+00:00,not_walking,0,xgboost,1,02548893X-118,reference,0.0,0.1502591371536255,0
02548893X-118,2025-02-28 09:48:32+00:00,not_walking,0,xgboost,1,02548893X-118,reference,0.0,0.5439133644104004,1
02548893X-118,2025-02-28 09:48:33+00:00,not_walking,0,xgboost,1,02548893X-118,reference,0.0,0.17961090803146362,0
02548893X-118,2025-02-28 09:48:34+00:00,not_walking,0,xgboost,1,02548893X-118,reference,0.0,0.41849371790885925,0
02548893X-118,2025-02-28 09:48:35+00:00,not_walking,0,xgboost,1,02548893X-118,reference,0.0,0.33947235345840454,0
02548893X-118,2025-02-28 09:48:36+00:00,not_walking,0,xgboost,1,02548893X-118,reference,0.0,0.21001867949962616,0
02548893X-118,2025-02-28 09:48:37+00:00,not_walking,0,xgboost,1,02548893X-118,reference,0.0,0.1925901174545288,0
02548893X-118,2025-02-28 09:48:38+00:00,not_walking,0,xgboost,1,02548893X-118,reference,0.0,0.2272024303674698,0
02548893X-118,2025-02-28 09:48:39+00:00,not_walking,0,xgboost,1,02548893X-118,reference,0.0,0.17119421064853668,0
02548893X-118,2025-02-28 09:48:40+00:00,not_walking,0,xgboost,1,02548893X-118,reference,0.0,0.15997648239135742,0
02548893X-118,2025-02-28 09:48:41+00:00,not_walking,0,xgboost,1,02548893X-118,reference,0.0,0.2629123032093048,0
02548893X-118,2025-02-28 09:48:42+00:00,not_walking,0,xgboost,1,02548893X-118,reference,0.0,0.18925124406814575,0
02548893X-118,2025-02-28 09:48:43+00:00,not_walking,0,xgboost,1,02548893X-118,reference,0.0,0.24028001725673676,0
02548893X-118,2025-02-28 09:48:44+00:00,not_walking,0,xgboost,1,02548893X-118,reference,0.0,0.21419112384319305,0
02548893X-118,2025-02-28 09:48:45+00:00,not_walking,0,xgboost,1,02548893X-118,reference,0.0,0.2356255054473877,0
02548893X-118,2025-02-28 09:48:46+00:00,not_walking,0,xgboost,1,02548893X-118,reference,0.0,0.19622433185577393,0
02548893X-118,2025-02-28 09:48:47+00:00,not_walking,0,xgboost,1,02548893X-118,reference,0.0,0.27101269364356995,0
02548893X-118,2025-02-28 09:48:48+00:00,not_walking,0,xgboost,1,02548893X-118,reference,0.0,0.3807579278945923,0
02548893X-118,2025-02-28 09:48:49+00:00,not_walking,0,xgboost,1,02548893X-118,reference,0.0,0.36027783155441284,0
02548893X-118,2025-02-28 09:48:50+00:00,not_walking,0,xgboost,1,02548893X-118,reference,0.0,0.3094879686832428,0
02548893X-118,2025-02-28 09:48:51+00:00,not_walking,0,xgboost,1,02548893X-118,reference,0.0,0.4086962342262268,0
02548893X-118,2025-02-28 09:48:52+00:00,not_walking,0,xgboost,1,02548893X-118,reference,0.0,0.28752562403678894,0
02548893X-118,2025-02-28 09:48:53+00:00,not_walking,0,xgboost,1,02548893X-118,reference,0.0,0.34512466192245483,0
02548893X-118,2025-02-28 09:48:54+00:00,not_walking,0,xgboost,1,02548893X-118,reference,0.0,0.3716435134410858,0
02548893X-118,2025-02-28 09:48:55+00:00,not_walking,0,xgboost,1,02548893X-118,reference,0.0,0.3618256151676178,0
02548893X-118,2025-02-28 09:48:56+00:00,not_walking,0,xgboost,1,02548893X-118,reference,0.0,0.4591321051120758,0
02548893X-118,2025-02-28 09:48:57+00:00,not_walking,0,xgboost,1,02548893X-118,reference,0.0,0.14384764432907104,0
02548893X-118,2025-02-28 09:48:58+00:00,not_walking,0,xgboost,1,02548893X-118,reference,0.0,0.3447306454181671,0
02548893X-118,2025-02-28 09:48:59+00:00,not_walking,0,xgboost,1,02548893X-118,reference,0.0,0.30519843101501465,0
02548893X-118,2025-02-28 09:49:00+00:00,not_walking,0,xgboost,1,02548893X-118,reference,0.0,0.2927570044994354,0
02548893X-118,2025-02-28 09:49:01+00:00,not_walking,0,xgboost,1,02548893X-118,reference,0.0,0.34803497791290283,0
02548893X-118,2025-02-28 09:49:02+00:00,not_walking,0,xgboost,1,02548893X-118,reference,0.0,0.260023295879364,0
02548893X-118,2025-02-28 09:49:03+00:00,not_walking,0,xgboost,1,02548893X-118,reference,0.0,0.2703174650669098,0
02548893X-118,2025-02-28 09:49:04+00:00,not_walking,0,xgboost,1,02548893X-118,reference,0.0,0.33133023977279663,0
02548893X-118,2025-02-28 09:49:05+00:00,not_walking,0,xgboost,1,02548893X-118,reference,0.0,0.33248743414878845,0
02548893X-118,2025-02-28 09:49:06+00:00,not_walking,0,xgboost,1,02548893X-118,reference,0.0,0.31387975811958313,0
02548893X-118,2025-02-28 09:49:07+00:00,not_walking,0,xgboost,1,02548893X-118,reference,0.0,0.284289687871933,0
02548893X-118,2025-02-28 09:49:08+00:00,not_walking,0,xgboost,1,02548893X-118,reference,0.0,0.4400630295276642,0
02548893X-118,2025-02-28 09:49:09+00:00,not_walking,0,xgboost,1,02548893X-118,reference,0.0,0.6125847101211548,1
02548893X-118,2025-02-28 09:49:10+00:00,not_walking,0,xgboost,1,02548893X-118,reference,0.0,0.12044455856084824,0
02548893X-118,2025-02-28 09:49:11+00:00,not_walking,0,xgboost,1,02548893X-118,reference,0.0,0.18306872248649597,0
02548893X-118,2025-02-28 09:49:12+00:00,not_walking,0,xgboost,1,02548893X-118,reference,0.0,0.22885705530643463,0
02548893X-118,2025-02-28 09:49:13+00:00,not_walking,0,xgboost,1,02548893X-118,reference,0.0,0.21564354002475739,0
02548893X-118,2025-02-28 09:49:14+00:00,not_walking,0,xgboost,1,02548893X-118,reference,0.0,0.031663212925195694,0
02548893X-118,2025-02-28 09:49:15+00:00,not_walking,0,xgboost,1,02548893X-118,reference,0.0,0.10654720664024353,0
02548893X-118,2025-02-28 09:49:16+00:00,not_walking,0,xgboost,1,02548893X-118,reference,0.0,0.14146476984024048,0
02548893X-118,2025-02-28 09:49:17+00:00,not_walking,0,xgboost,1,02548893X-118,reference,0.0,0.17894788086414337,0
02548893X-118,2025-02-28 09:49:18+00:00,not_walking,0,xgboost,1,02548893X-118,reference,0.0,0.3527638912200928,0
02548893X-118,2025-02-28 09:49:19+00:00,not_walking,0,xgboost,1,02548893X-118,reference,0.0,0.4161664545536041,0
02548893X-118,2025-02-28 09:49:20+00:00,not_walking,0,xgboost,1,02548893X-118,reference,0.0,0.5908600687980652,1
02548893X-118,2025-02-28 09:49:21+00:00,not_walking,0,xgboost,1,02548893X-118,reference,0.0,0.599757194519043,1
02548893X-118,2025-02-28 09:49:22+00:00,not_walking,0,xgboost,1,02548893X-118,reference,0.0,0.5253365635871887,1
02548893X-118,2025-02-28 09:49:23+00:00,not_walking,0,xgboost,1,02548893X-118,reference,0.0,0.5843546390533447,1
02548893X-118,2025-02-28 09:49:24+00:00,not_walking,0,xgboost,1,02548893X-118,reference,0.0,0.4954338073730469,0
02548893X-118,2025-02-28 09:49:25+00:00,not_walking,0,xgboost,1,02548893X-118,reference,0.0,0.5762990117073059,1
02548893X-118,2025-02-28 09:49:26+00:00,not_walking,0,xgboost,1,02548893X-118,reference,0.0,0.45583146810531616,0
02548893X-118,2025-02-28 09:49:27+00:00,not_walking,0,xgboost,1,02548893X-118,reference,0.0,0.7141786813735962,1
02548893X-118,2025-02-28 09:49:28+00:00,not_walking,0,xgboost,1,02548893X-118,reference,0.0,0.8138238191604614,1
02548893X-118,2025-02-28 09:49:29+00:00,not_walking,0,xgboost,1,02548893X-118,reference,0.0,0.9582704901695251,1
02548893X-118,2025-02-28 09:49:30+00:00,not_walking,0,xgboost,1,02548893X-118,reference,0.0,0.9283466339111328,1
02548893X-118,2025-02-28 09:49:31+00:00,not_walking,0,xgboost,1,02548893X-118,reference,0.0,0.8431395888328552,1
02548893X-118,2025-02-28 09:49:32+00:00,not_walking,0,xgboost,1,02548893X-118,reference,0.0,0.796036958694458,1
02548893X-118,2025-02-28 09:49:33+00:00,not_walking,0,xgboost,1,02548893X-118,reference,0.0,0.15134528279304504,0
02548893X-118,2025-02-28 09:49:34+00:00,not_walking,0,xgboost,1,02548893X-118,reference,0.0,0.835552990436554,1
02548893X-118,2025-02-28 09:49:35+00:00,not_walking,0,xgboost,1,02548893X-118,reference,0.0,0.746896505355835,1
02548893X-118,2025-02-28 09:49:36+00:00,not_walking,0,xgboost,1,02548893X-118,reference,0.0,0.5603715181350708,1
02548893X-118,2025-02-28 09:49:37+00:00,not_walking,0,xgboost,1,02548893X-118,reference,0.0,0.7514703869819641,1
02548893X-118,2025-02-28 09:49:38+00:00,not_walking,0,xgboost,1,02548893X-118,reference,0.0,0.6405861377716064,1
02548893X-118,2025-02-28 09:49:39+00:00,not_walking,0,xgboost,1,02548893X-118,reference,0.0,0.810673177242279,1
02548893X-118,2025-02-28 09:49:40+00:00,not_walking,0,xgboost,1,02548893X-118,reference,0.0,0.8655076026916504,1
02548893X-118,2025-02-28 09:49:41+00:00,not_walking,0,xgboost,1,02548893X-118,reference,0.0,0.8154090642929077,1
02548893X-118,2025-02-28 09:49:42+00:00,not_walking,0,xgboost,1,02548893X-118,reference,0.0,0.5690850019454956,1
02548893X-118,2025-02-28 09:49:43+00:00,not_walking,0,xgboost,1,02548893X-118,reference,0.0,0.6797923445701599,1
02548893X-118,2025-02-28 09:49:44+00:00,not_walking,0,xgboost,1,02548893X-118,reference,0.0,0.5660738945007324,1
02548893X-118,2025-02-28 09:49:45+00:00,not_walking,0,xgboost,1,02548893X-118,reference,0.0,0.735862672328949,1
02548893X-118,2025-02-28 09:49:46+00:00,not_walking,0,xgboost,1,02548893X-118,reference,0.0,0.48091059923171997,0
02548893X-118,2025-02-28 09:49:47+00:00,not_walking,0,xgboost,1,02548893X-118,reference,0.0,0.27224597334861755,0
02548893X-118,2025-02-28 09:49:48+00:00,not_walking,0,xgboost,1,02548893X-118,reference,0.0,0.30256417393684387,0
02548893X-118,2025-02-28 09:49:49+00:00,not_walking,0,xgboost,1,02548893X-118,reference,0.0,0.2964223027229309,0
02548893X-118,2025-02-28 09:49:50+00:00,not_walking,0,xgboost,1,02548893X-118,reference,0.0,0.7309443354606628,1
02548893X-118,2025-02-28 09:49:51+00:00,not_walking,0,xgboost,1,02548893X-118,reference,0.0,0.4067101776599884,0
02548893X-118,2025-02-28 09:49:52+00:00,not_walking,0,xgboost,1,02548893X-118,reference,0.0,0.8618517518043518,1
02548893X-118,2025-02-28 09:49:53+00:00,not_walking,0,xgboost,1,02548893X-118,reference,0.0,0.12240765243768692,0
02548893X-118,2025-02-28 09:49:54+00:00,not_walking,0,xgboost,1,02548893X-118,reference,0.0,0.28801608085632324,0
02548893X-118,2025-02-28 09:49:55+00:00,not_walking,0,xgboost,1,02548893X-118,reference,0.0,0.5301488637924194,1
02548893X-118,2025-02-28 09:49:56+00:00,not_walking,0,xgboost,1,02548893X-118,reference,0.0,0.8557625412940979,1
02548893X-118,2025-02-28 09:49:57+00:00,not_walking,0,xgboost,1,02548893X-118,reference,0.0,0.9021447896957397,1
02548893X-118,2025-02-28 09:49:58+00:00,not_walking,0,xgboost,1,02548893X-118,reference,0.0,0.8272446393966675,1
02548893X-118,2025-02-28 09:49:59+00:00,not_walking,0,xgboost,1,02548893X-118,reference,0.0,0.6643338799476624,1
02548893X-118,2025-02-28 09:50:00+00:00,not_walking,0,xgboost,1,02548893X-118,reference,0.0,0.3290739953517914,0
02548893X-118,2025-02-28 09:50:01+00:00,not_walking,0,xgboost,1,02548893X-118,reference,0.0,0.46940556168556213,0
02548893X-118,2025-02-28 09:50:02+00:00,not_walking,0,xgboost,1,02548893X-118,reference,0.0,0.5720303058624268,1
02548893X-118,2025-02-28 09:50:03+00:00,not_walking,0,xgboost,1,02548893X-118,reference,0.0,0.8029860258102417,1
02548893X-118,2025-02-28 09:50:04+00:00,not_walking,0,xgboost,1,02548893X-118,reference,0.0,0.6033827662467957,1
02548893X-118,2025-02-28 09:50:05+00:00,not_walking,0,xgboost,1,02548893X-118,reference,0.0,0.8248481154441833,1
04845288Q-121,2025-03-01 11:32:18+00:00,walking,1,xgboost,2,04845288Q-121,reference,0.0,0.050241660326719284,0
04845288Q-121,2025-03-01 11:32:19+00:00,walking,1,xgboost,2,04845288Q-121,reference,0.0,0.1099773570895195,0
04845288Q-121,2025-03-01 11:32:20+00:00,walking,1,xgboost,2,04845288Q-121,reference,0.0,0.715770423412323,1
04845288Q-121,2025-03-01 11:32:21+00:00,walking,1,xgboost,2,04845288Q-121,reference,0.0,0.2511519193649292,0
04845288Q-121,2025-03-01 11:32:22+00:00,walking,1,xgboost,2,04845288Q-121,reference,0.0,0.6277959942817688,1
04845288Q-121,2025-03-01 11:32:23+00:00,walking,1,xgboost,2,04845288Q-121,reference,0.0,0.80118727684021,1
04845288Q-121,2025-03-01 11:32:24+00:00,walking,1,xgboost,2,04845288Q-121,reference,0.0,0.42133909463882446,0
04845288Q-121,2025-03-01 11:32:25+00:00,walking,1,xgboost,2,04845288Q-121,reference,0.0,0.5236086845397949,1
04845288Q-121,2025-03-01 11:32:26+00:00,walking,1,xgboost,2,04845288Q-121,reference,0.0,0.24025419354438782,0
04845288Q-121,2025-03-01 11:32:27+00:00,walking,1,xgboost,2,04845288Q-121,reference,0.0,0.603971540927887,1
04845288Q-121,2025-03-01 11:32:28+00:00,walking,1,xgboost,2,04845288Q-121,reference,0.0,0.43156731128692627,0
04845288Q-121,2025-03-01 11:32:29+00:00,walking,1,xgboost,2,04845288Q-121,reference,0.0,0.2910254895687103,0
04845288Q-121,2025-03-01 11:32:30+00:00,not_walking,0,xgboost,2,04845288Q-121,reference,0.0,0.3639258146286011,0
04845288Q-121,2025-03-01 11:32:31+00:00,not_walking,0,xgboost,2,04845288Q-121,reference,0.0,0.6674009561538696,1
04845288Q-121,2025-03-01 11:32:32+00:00,not_walking,0,xgboost,2,04845288Q-121,reference,0.0,0.5213415026664734,1
04845288Q-121,2025-03-01 11:32:33+00:00,not_walking,0,xgboost,2,04845288Q-121,reference,0.0,0.7636842727661133,1
04845288Q-121,2025-03-01 11:32:34+00:00,not_walking,0,xgboost,2,04845288Q-121,reference,0.0,0.10568693280220032,0
04845288Q-121,2025-03-01 11:32:35+00:00,not_walking,0,xgboost,2,04845288Q-121,reference,0.0,0.7861820459365845,1
04845288Q-121,2025-03-01 11:32:36+00:00,not_walking,0,xgboost,2,04845288Q-121,reference,0.0,0.4492528438568115,0
04845288Q-121,2025-03-01 11:32:37+00:00,not_walking,0,xgboost,2,04845288Q-121,reference,0.0,0.11718690395355225,0
04845288Q-121,2025-03-01 11:32:38+00:00,not_walking,0,xgboost,2,04845288Q-121,reference,0.0,0.36252477765083313,0
04845288Q-121,2025-03-01 11:32:39+00:00,not_walking,0,xgboost,2,04845288Q-121,reference,0.0,0.2869570553302765,0
04845288Q-121,2025-03-01 11:32:40+00:00,not_walking,0,xgboost,2,04845288Q-121,reference,0.0,0.4030511975288391,0
04845288Q-121,2025-03-01 11:32:41+00:00,not_walking,0,xgboost,2,04845288Q-121,reference,0.0,0.19322466850280762,0
04845288Q-121,2025-03-01 11:32:42+00:00,walking,1,xgboost,2,04845288Q-121,reference,0.0,0.3149195909500122,0
04845288Q-121,2025-03-01 11:32:43+00:00,walking,1,xgboost,2,04845288Q-121,reference,0.0,0.18098346889019012,0
04845288Q-121,2025-03-01 11:32:44+00:00,walking,1,xgboost,2,04845288Q-121,reference,0.0,0.7821599841117859,1
04845288Q-121,2025-03-01 11:32:45+00:00,walking,1,xgboost,2,04845288Q-121,reference,0.0,0.4147156774997711,0
04845288Q-121,2025-03-01 11:32:46+00:00,walking,1,xgboost,2,04845288Q-121,reference,0.0,0.4911005198955536,0
04845288Q-121,2025-03-01 11:32:47+00:00,walking,1,xgboost,2,04845288Q-121,reference,0.0,0.6565658450126648,1
04845288Q-121,2025-03-01 11:32:48+00:00,walking,1,xgboost,2,04845288Q-121,reference,0.0,0.31418952345848083,0
04845288Q-121,2025-03-01 11:32:49+00:00,not_walking,0,xgboost,2,04845288Q-121,reference,0.0,0.15171325206756592,0
04845288Q-121,2025-03-01 11:32:50+00:00,not_walking,0,xgboost,2,04845288Q-121,reference,0.0,0.3079131841659546,0
04845288Q-121,2025-03-01 11:32:51+00:00,not_walking,0,xgboost,2,04845288Q-121,reference,0.0,0.19663378596305847,0
04845288Q-121,2025-03-01 11:32:52+00:00,not_walking,0,xgboost,2,04845288Q-121,reference,0.0,0.3182468116283417,0
04845288Q-121,2025-03-01 11:32:53+00:00,not_walking,0,xgboost,2,04845288Q-121,reference,0.0,0.40698084235191345,0
04845288Q-121,2025-03-01 11:32:54+00:00,not_walking,0,xgboost,2,04845288Q-121,reference,0.0,0.23873181641101837,0
04845288Q-121,2025-03-01 11:32:55+00:00,not_walking,0,xgboost,2,04845288Q-121,reference,0.0,0.6601961851119995,1
04845288Q-121,2025-03-01 11:32:56+00:00,not_walking,0,xgboost,2,04845288Q-121,reference,0.0,0.670677661895752,1
04845288Q-121,2025-03-01 11:32:57+00:00,not_walking,0,xgboost,2,04845288Q-121,reference,0.0,0.6589304804801941,1
04845288Q-121,2025-03-01 11:32:58+00:00,not_walking,0,xgboost,2,04845288Q-121,reference,0.0,0.7597514986991882,1
04845288Q-121,2025-03-01 11:32:59+00:00,not_walking,0,xgboost,2,04845288Q-121,reference,0.0,0.8342107534408569,1
04845288Q-121,2025-03-01 11:33:00+00:00,not_walking,0,xgboost,2,04845288Q-121,reference,0.0,0.7011328935623169,1
04845288Q-121,2025-03-01 11:33:01+00:00,not_walking,0,xgboost,2,04845288Q-121,reference,0.0,0.3829110264778137,0
04845288Q-121,2025-03-01 11:33:02+00:00,not_walking,0,xgboost,2,04845288Q-121,reference,0.0,0.4519543945789337,0
04845288Q-121,2025-03-01 11:33:03+00:00,not_walking,0,xgboost,2,04845288Q-121,reference,0.0,0.7884293794631958,1
04845288Q-121,2025-03-01 11:33:04+00:00,not_walking,0,xgboost,2,04845288Q-121,reference,0.0,0.8328338265419006,1
04845288Q-121,2025-03-01 11:33:09+00:00,not_walking,0,xgboost,2,04845288Q-121,reference,0.0,0.012956840917468071,0
04845288Q-121,2025-03-01 11:33:10+00:00,not_walking,0,xgboost,2,04845288Q-121,reference,0.0,0.298898309469223,0
04845288Q-121,2025-03-01 11:33:11+00:00,not_walking,0,xgboost,2,04845288Q-121,reference,0.0,0.4952279031276703,0
04845288Q-121,2025-03-01 11:33:12+00:00,not_walking,0,xgboost,2,04845288Q-121,reference,0.0,0.40445274114608765,0
04845288Q-121,2025-03-01 11:33:13+00:00,not_walking,0,xgboost,2,04845288Q-121,reference,0.0,0.08507922291755676,0
04845288Q-121,2025-03-01 11:33:14+00:00,not_walking,0,xgboost,2,04845288Q-121,reference,0.0,0.4524756073951721,0
04845288Q-121,2025-03-01 11:33:15+00:00,not_walking,0,xgboost,2,04845288Q-121,reference,0.0,0.4209802746772766,0
04845288Q-121,2025-03-01 11:33:16+00:00,not_walking,0,xgboost,2,04845288Q-121,reference,0.0,0.1768290400505066,0
04845288Q-121,2025-03-01 11:33:17+00:00,not_walking,0,xgboost,2,04845288Q-121,reference,0.0,0.6920807957649231,1
04845288Q-121,2025-03-01 11:33:18+00:00,not_walking,0,xgboost,2,04845288Q-121,reference,0.0,0.4439387619495392,0
04845288Q-121,2025-03-01 11:33:19+00:00,not_walking,0,xgboost,2,04845288Q-121,reference,0.0,0.5311659574508667,1
04845288Q-121,2025-03-01 11:33:20+00:00,not_walking,0,xgboost,2,04845288Q-121,reference,0.0,0.321511834859848,0
04845288Q-121,2025-03-01 11:33:21+00:00,not_walking,0,xgboost,2,04845288Q-121,reference,0.0,0.6420691013336182,1
04845288Q-121,2025-03-01 11:33:22+00:00,not_walking,0,xgboost,2,04845288Q-121,reference,0.0,0.2016948014497757,0
04845288Q-121,2025-03-01 11:33:23+00:00,not_walking,0,xgboost,2,04845288Q-121,reference,0.0,0.49980446696281433,0
04845288Q-121,2025-03-01 11:33:24+00:00,not_walking,0,xgboost,2,04845288Q-121,reference,0.0,0.7969627976417542,1
04845288Q-121,2025-03-01 11:33:25+00:00,not_walking,0,xgboost,2,04845288Q-121,reference,0.0,0.4973320960998535,0
04845288Q-121,2025-03-01 11:33:26+00:00,not_walking,0,xgboost,2,04845288Q-121,reference,0.0,0.2906027138233185,0
04845288Q-121,2025-03-01 11:33:27+00:00,not_walking,0,xgboost,2,04845288Q-121,reference,0.0,0.7146807312965393,1
04845288Q-121,2025-03-01 11:33:28+00:00,not_walking,0,xgboost,2,04845288Q-121,reference,0.0,0.09650269895792007,0
04845288Q-121,2025-03-01 11:33:29+00:00,not_walking,0,xgboost,2,04845288Q-121,reference,0.0,0.15709006786346436,0
04845288Q-121,2025-03-01 11:33:30+00:00,not_walking,0,xgboost,2,04845288Q-121,reference,0.0,0.43324342370033264,0
04845288Q-121,2025-03-01 11:33:31+00:00,not_walking,0,xgboost,2,04845288Q-121,reference,0.0,0.3104476034641266,0
04845288Q-121,2025-03-01 11:33:32+00:00,not_walking,0,xgboost,2,04845288Q-121,reference,0.0,0.5471683144569397,1
04845288Q-121,2025-03-01 11:33:33+00:00,not_walking,0,xgboost,2,04845288Q-121,reference,0.0,0.4289993941783905,0
04845288Q-121,2025-03-01 11:33:34+00:00,not_walking,0,xgboost,2,04845288Q-121,reference,0.0,0.20069749653339386,0
04845288Q-121,2025-03-01 11:33:35+00:00,not_walking,0,xgboost,2,04845288Q-121,reference,0.0,0.2855343222618103,0
04845288Q-121,2025-03-01 11:33:36+00:00,not_walking,0,xgboost,2,04845288Q-121,reference,0.0,0.8740954995155334,1
04845288Q-121,2025-03-01 11:33:37+00:00,not_walking,0,xgboost,2,04845288Q-121,reference,0.0,0.2277061939239502,0
04845288Q-121,2025-03-01 11:33:38+00:00,not_walking,0,xgboost,2,04845288Q-121,reference,0.0,0.28526467084884644,0
04845288Q-121,2025-03-01 11:33:39+00:00,not_walking,0,xgboost,2,04845288Q-121,reference,0.0,0.5125532746315002,1
04845288Q-121,2025-03-01 11:33:40+00:00,not_walking,0,xgboost,2,04845288Q-121,reference,0.0,0.7730811238288879,1
04845288Q-121,2025-03-01 11:33:41+00:00,not_walking,0,xgboost,2,04845288Q-121,reference,0.0,0.801746666431427,1
04845288Q-121,2025-03-01 11:33:42+00:00,not_walking,0,xgboost,2,04845288Q-121,reference,0.0,0.41870251297950745,0
04845288Q-121,2025-03-01 11:33:43+00:00,not_walking,0,xgboost,2,04845288Q-121,reference,0.0,0.6193996071815491,1
04845288Q-121,2025-03-01 11:33:44+00:00,not_walking,0,xgboost,2,04845288Q-121,reference,0.0,0.485013872385025,0
04845288Q-121,2025-03-01 11:33:45+00:00,not_walking,0,xgboost,2,04845288Q-121,reference,0.0,0.740052342414856,1
04845288Q-121,2025-03-01 11:33:46+00:00,not_walking,0,xgboost,2,04845288Q-121,reference,0.0,0.4340985417366028,0
04845288Q-121,2025-03-01 11:33:47+00:00,not_walking,0,xgboost,2,04845288Q-121,reference,0.0,0.24031251668930054,0
04845288Q-121,2025-03-01 11:33:48+00:00,not_walking,0,xgboost,2,04845288Q-121,reference,0.0,0.6454191207885742,1
04845288Q-121,2025-03-01 11:33:49+00:00,not_walking,0,xgboost,2,04845288Q-121,reference,0.0,0.4355933666229248,0
04845288Q-121,2025-03-01 11:33:50+00:00,not_walking,0,xgboost,2,04845288Q-121,reference,0.0,0.5409009456634521,1
04845288Q-121,2025-03-01 11:33:51+00:00,not_walking,0,xgboost,2,04845288Q-121,reference,0.0,0.2692874073982239,0
04845288Q-121,2025-03-01 11:33:52+00:00,not_walking,0,xgboost,2,04845288Q-121,reference,0.0,0.5834775567054749,1
04845288Q-121,2025-03-01 11:33:53+00:00,not_walking,0,xgboost,2,04845288Q-121,reference,0.0,0.741783082485199,1
04845288Q-121,2025-03-01 11:33:54+00:00,not_walking,0,xgboost,2,04845288Q-121,reference,0.0,0.4667166471481323,0
04845288Q-121,2025-03-01 11:33:55+00:00,not_walking,0,xgboost,2,04845288Q-121,reference,0.0,0.3984319269657135,0
04845288Q-121,2025-03-01 11:33:56+00:00,not_walking,0,xgboost,2,04845288Q-121,reference,0.0,0.5669275522232056,1
04845288Q-121,2025-03-01 11:33:57+00:00,not_walking,0,xgboost,2,04845288Q-121,reference,0.0,0.3721785247325897,0
04845288Q-121,2025-03-01 11:33:58+00:00,not_walking,0,xgboost,2,04845288Q-121,reference,0.0,0.3500481843948364,0
04845288Q-121,2025-03-01 11:33:59+00:00,not_walking,0,xgboost,2,04845288Q-121,reference,0.0,0.09551800787448883,0
04845288Q-121,2025-03-01 11:34:00+00:00,not_walking,0,xgboost,2,04845288Q-121,reference,0.0,0.6971399188041687,1
04845288Q-121,2025-03-01 11:34:01+00:00,not_walking,0,xgboost,2,04845288Q-121,reference,0.0,0.8262006044387817,1
04845288Q-121,2025-03-01 11:34:02+00:00,not_walking,0,xgboost,2,04845288Q-121,reference,0.0,0.3633821904659271,0
04845288Q-121,2025-03-01 11:34:03+00:00,not_walking,0,xgboost,2,04845288Q-121,reference,0.0,0.4401278495788574,0
04845288Q-121,2025-03-01 11:34:04+00:00,not_walking,0,xgboost,2,04845288Q-121,reference,0.0,0.10954234004020691,0
04845288Q-121,2025-03-01 11:34:05+00:00,not_walking,0,xgboost,2,04845288Q-121,reference,0.0,0.8697791695594788,1
04845288Q-121,2025-03-01 11:34:06+00:00,not_walking,0,xgboost,2,04845288Q-121,reference,0.0,0.6910788416862488,1
04845288Q-121,2025-03-01 11:34:07+00:00,not_walking,0,xgboost,2,04845288Q-121,reference,0.0,0.8417645692825317,1
04845288Q-121,2025-03-01 11:34:08+00:00,not_walking,0,xgboost,2,04845288Q-121,reference,0.0,0.3899690806865692,0
04845288Q-121,2025-03-01 11:34:09+00:00,not_walking,0,xgboost,2,04845288Q-121,reference,0.0,0.5275158286094666,1
04845288Q-121,2025-03-01 11:34:10+00:00,not_walking,0,xgboost,2,04845288Q-121,reference,0.0,0.5196173191070557,1
04845288Q-121,2025-03-01 11:34:11+00:00,not_walking,0,xgboost,2,04845288Q-121,reference,0.0,0.4749844968318939,0
04845288Q-121,2025-03-01 11:34:12+00:00,not_walking,0,xgboost,2,04845288Q-121,reference,0.0,0.5619437098503113,1
04845288Q-121,2025-03-01 11:34:13+00:00,not_walking,0,xgboost,2,04845288Q-121,reference,0.0,0.482354074716568,0
04845288Q-121,2025-03-01 11:34:14+00:00,not_walking,0,xgboost,2,04845288Q-121,reference,0.0,0.798018217086792,1
04845288Q-121,2025-03-01 11:34:15+00:00,not_walking,0,xgboost,2,04845288Q-121,reference,0.0,0.9607496857643127,1
04845288Q-121,2025-03-01 11:34:16+00:00,not_walking,0,xgboost,2,04845288Q-121,reference,0.0,0.7105130553245544,1
04845288Q-121,2025-03-01 11:34:17+00:00,not_walking,0,xgboost,2,04845288Q-121,reference,0.0,0.5599402189254761,1
04845288Q-121,2025-03-01 11:34:18+00:00,not_walking,0,xgboost,2,04845288Q-121,reference,0.0,0.6323566436767578,1
04845288Q-121,2025-03-01 11:34:19+00:00,not_walking,0,xgboost,2,04845288Q-121,reference,0.0,0.4647686779499054,0
04845288Q-121,2025-03-01 11:34:20+00:00,not_walking,0,xgboost,2,04845288Q-121,reference,0.0,0.40157654881477356,0
04845288Q-121,2025-03-01 11:34:21+00:00,not_walking,0,xgboost,2,04845288Q-121,reference,0.0,0.5653531551361084,1
04845288Q-121,2025-03-01 11:34:22+00:00,not_walking,0,xgboost,2,04845288Q-121,reference,0.0,0.6281435489654541,1
04845288Q-121,2025-03-01 11:34:23+00:00,not_walking,0,xgboost,2,04845288Q-121,reference,0.0,0.46720677614212036,0
04845288Q-121,2025-03-01 11:34:24+00:00,not_walking,0,xgboost,2,04845288Q-121,reference,0.0,0.8302146792411804,1
04845288Q-121,2025-03-01 11:34:25+00:00,not_walking,0,xgboost,2,04845288Q-121,reference,0.0,0.58558189868927,1
04845288Q-121,2025-03-01 11:34:26+00:00,not_walking,0,xgboost,2,04845288Q-121,reference,0.0,0.7241860628128052,1
04845288Q-121,2025-03-01 11:34:27+00:00,not_walking,0,xgboost,2,04845288Q-121,reference,0.0,0.44434839487075806,0
04845288Q-121,2025-03-01 11:34:28+00:00,not_walking,0,xgboost,2,04845288Q-121,reference,0.0,0.857452929019928,1
04845288Q-121,2025-03-01 11:34:29+00:00,not_walking,0,xgboost,2,04845288Q-121,reference,0.0,0.15435712039470673,0
04845288Q-121,2025-03-01 11:34:30+00:00,not_walking,0,xgboost,2,04845288Q-121,reference,0.0,0.19198846817016602,0
04845288Q-121,2025-03-01 11:34:31+00:00,not_walking,0,xgboost,2,04845288Q-121,reference,0.0,0.3876035809516907,0
04845288Q-121,2025-03-01 11:34:32+00:00,not_walking,0,xgboost,2,04845288Q-121,reference,0.0,0.8974313735961914,1
04845288Q-121,2025-03-01 11:34:33+00:00,not_walking,0,xgboost,2,04845288Q-121,reference,0.0,0.49965745210647583,0
04845288Q-121,2025-03-01 11:34:34+00:00,not_walking,0,xgboost,2,04845288Q-121,reference,0.0,0.29077666997909546,0
04845288Q-121,2025-03-01 11:34:35+00:00,not_walking,0,xgboost,2,04845288Q-121,reference,0.0,0.8767744302749634,1
04845288Q-121,2025-03-01 11:34:36+00:00,not_walking,0,xgboost,2,04845288Q-121,reference,0.0,0.7664971351623535,1
04845288Q-121,2025-03-01 11:34:37+00:00,not_walking,0,xgboost,2,04845288Q-121,reference,0.0,0.6469601392745972,1
04845288Q-121,2025-03-01 11:34:38+00:00,not_walking,0,xgboost,2,04845288Q-121,reference,0.0,0.4652425944805145,0
04845288Q-121,2025-03-01 11:34:39+00:00,not_walking,0,xgboost,2,04845288Q-121,reference,0.0,0.6891429424285889,1
04845288Q-121,2025-03-01 11:34:40+00:00,not_walking,0,xgboost,2,04845288Q-121,reference,0.0,0.5628616213798523,1
04845288Q-121,2025-03-01 11:34:41+00:00,not_walking,0,xgboost,2,04845288Q-121,reference,0.0,0.2547062337398529,0
04845288Q-121,2025-03-01 11:34:42+00:00,not_walking,0,xgboost,2,04845288Q-121,reference,0.0,0.6784501671791077,1
04845288Q-121,2025-03-01 11:34:43+00:00,not_walking,0,xgboost,2,04845288Q-121,reference,0.0,0.8428950905799866,1
04845288Q-121,2025-03-01 11:34:44+00:00,not_walking,0,xgboost,2,04845288Q-121,reference,0.0,0.4364997148513794,0
04845288Q-121,2025-03-01 11:34:45+00:00,not_walking,0,xgboost,2,04845288Q-121,reference,0.0,0.6954927444458008,1
04845288Q-121,2025-03-01 11:34:46+00:00,not_walking,0,xgboost,2,04845288Q-121,reference,0.0,0.7350821495056152,1
04845288Q-121,2025-03-01 11:34:47+00:00,not_walking,0,xgboost,2,04845288Q-121,reference,0.0,0.33200332522392273,0
04845288Q-121,2025-03-01 11:34:48+00:00,not_walking,0,xgboost,2,04845288Q-121,reference,0.0,0.2915762662887573,0
04845288Q-121,2025-03-01 11:34:49+00:00,not_walking,0,xgboost,2,04845288Q-121,reference,0.0,0.22000297904014587,0
04845288Q-121,2025-03-01 11:34:59+00:00,not_walking,0,xgboost,2,04845288Q-121,reference,0.0,0.27803605794906616,0
04845288Q-121,2025-03-01 11:35:00+00:00,not_walking,0,xgboost,2,04845288Q-121,reference,0.0,0.6377072930335999,1
04845288Q-121,2025-03-01 11:35:01+00:00,not_walking,0,xgboost,2,04845288Q-121,reference,0.0,0.2760002911090851,0
04845288Q-121,2025-03-01 11:35:02+00:00,not_walking,0,xgboost,2,04845288Q-121,reference,0.0,0.9031035304069519,1
04845288Q-121,2025-03-01 11:35:03+00:00,not_walking,0,xgboost,2,04845288Q-121,reference,0.0,0.4631016254425049,0
04845288Q-121,2025-03-01 11:35:04+00:00,not_walking,0,xgboost,2,04845288Q-121,reference,0.0,0.2817491590976715,0
04845288Q-121,2025-03-01 11:35:05+00:00,not_walking,0,xgboost,2,04845288Q-121,reference,0.0,0.5928831100463867,1
04845288Q-121,2025-03-01 11:35:06+00:00,not_walking,0,xgboost,2,04845288Q-121,reference,0.0,0.220632866024971,0
04845288Q-121,2025-03-01 11:35:07+00:00,not_walking,0,xgboost,2,04845288Q-121,reference,0.0,0.2960807681083679,0
04845288Q-121,2025-03-01 11:35:08+00:00,not_walking,0,xgboost,2,04845288Q-121,reference,0.0,0.6652292013168335,1
04845288Q-121,2025-03-01 11:35:09+00:00,not_walking,0,xgboost,2,04845288Q-121,reference,0.0,0.3163054883480072,0
04845288Q-121,2025-03-01 11:35:10+00:00,not_walking,0,xgboost,2,04845288Q-121,reference,0.0,0.36477428674697876,0
04845288Q-121,2025-03-01 11:35:11+00:00,not_walking,0,xgboost,2,04845288Q-121,reference,0.0,0.6309061050415039,1
04845288Q-121,2025-03-01 11:35:12+00:00,not_walking,0,xgboost,2,04845288Q-121,reference,0.0,0.340423047542572,0
04845288Q-121,2025-03-01 11:35:13+00:00,not_walking,0,xgboost,2,04845288Q-121,reference,0.0,0.48428475856781006,0
04845288Q-121,2025-03-01 11:35:14+00:00,not_walking,0,xgboost,2,04845288Q-121,reference,0.0,0.5016672015190125,1
04845288Q-121,2025-03-01 11:35:15+00:00,not_walking,0,xgboost,2,04845288Q-121,reference,0.0,0.5495842099189758,1
04845288Q-121,2025-03-01 11:35:16+00:00,not_walking,0,xgboost,2,04845288Q-121,reference,0.0,0.5259066820144653,1
04845288Q-121,2025-03-01 11:35:17+00:00,not_walking,0,xgboost,2,04845288Q-121,reference,0.0,0.6210247874259949,1
04845288Q-121,2025-03-01 11:35:18+00:00,not_walking,0,xgboost,2,04845288Q-121,reference,0.0,0.5317736268043518,1
04845288Q-121,2025-03-01 11:35:19+00:00,not_walking,0,xgboost,2,04845288Q-121,reference,0.0,0.2924991250038147,0
04845288Q-121,2025-03-01 11:35:20+00:00,not_walking,0,xgboost,2,04845288Q-121,reference,0.0,0.3456399440765381,0
04845288Q-121,2025-03-01 11:35:21+00:00,not_walking,0,xgboost,2,04845288Q-121,reference,0.0,0.19684568047523499,0
04845288Q-121,2025-03-01 11:35:22+00:00,not_walking,0,xgboost,2,04845288Q-121,reference,0.0,0.4790334105491638,0
04845288Q-121,2025-03-01 11:35:23+00:00,not_walking,0,xgboost,2,04845288Q-121,reference,0.0,0.099317766726017,0
04845288Q-121,2025-03-01 11:35:24+00:00,not_walking,0,xgboost,2,04845288Q-121,reference,0.0,0.6386891007423401,1
04845288Q-121,2025-03-01 11:35:25+00:00,not_walking,0,xgboost,2,04845288Q-121,reference,0.0,0.4030943512916565,0
04845288Q-121,2025-03-01 11:35:26+00:00,not_walking,0,xgboost,2,04845288Q-121,reference,0.0,0.41935235261917114,0
04845288Q-121,2025-03-01 11:35:27+00:00,not_walking,0,xgboost,2,04845288Q-121,reference,0.0,0.5405017137527466,1
04845288Q-121,2025-03-01 11:35:28+00:00,not_walking,0,xgboost,2,04845288Q-121,reference,0.0,0.7347837090492249,1
04845288Q-121,2025-03-01 11:35:29+00:00,not_walking,0,xgboost,2,04845288Q-121,reference,0.0,0.21070344746112823,0
04845288Q-121,2025-03-01 11:35:30+00:00,not_walking,0,xgboost,2,04845288Q-121,reference,0.0,0.4191199243068695,0
04845288Q-121,2025-03-01 11:35:31+00:00,not_walking,0,xgboost,2,04845288Q-121,reference,0.0,0.45371565222740173,0
04845288Q-121,2025-03-01 11:35:33+00:00,walking,1,xgboost,2,04845288Q-121,reference,0.0,0.49045437574386597,0
04845288Q-121,2025-03-01 11:35:34+00:00,walking,1,xgboost,2,04845288Q-121,reference,0.0,0.3407624065876007,0
04845288Q-121,2025-03-01 11:35:35+00:00,walking,1,xgboost,2,04845288Q-121,reference,0.0,0.3163582682609558,0
04845288Q-121,2025-03-01 11:35:36+00:00,walking,1,xgboost,2,04845288Q-121,reference,0.0,0.4623989760875702,0
04845288Q-121,2025-03-01 11:35:37+00:00,walking,1,xgboost,2,04845288Q-121,reference,0.0,0.3227313160896301,0
04845288Q-121,2025-03-01 11:35:38+00:00,walking,1,xgboost,2,04845288Q-121,reference,0.0,0.2233426719903946,0
04845288Q-121,2025-03-01 11:35:39+00:00,walking,1,xgboost,2,04845288Q-121,reference,0.0,0.49917909502983093,0
04845288Q-121,2025-03-01 11:35:40+00:00,walking,1,xgboost,2,04845288Q-121,reference,0.0,0.7188171744346619,1
04845288Q-121,2025-03-01 11:35:41+00:00,walking,1,xgboost,2,04845288Q-121,reference,0.0,0.311977356672287,0
04845288Q-121,2025-03-01 11:35:42+00:00,walking,1,xgboost,2,04845288Q-121,reference,0.0,0.7248883247375488,1
04845288Q-121,2025-03-01 11:35:43+00:00,walking,1,xgboost,2,04845288Q-121,reference,0.0,0.29335784912109375,0
04845288Q-121,2025-03-01 11:35:45+00:00,not_walking,0,xgboost,2,04845288Q-121,reference,0.0,0.6796186566352844,1
04845288Q-121,2025-03-01 11:35:46+00:00,not_walking,0,xgboost,2,04845288Q-121,reference,0.0,0.7705277800559998,1
04845288Q-121,2025-03-01 11:35:47+00:00,not_walking,0,xgboost,2,04845288Q-121,reference,0.0,0.43656811118125916,0
04845288Q-121,2025-03-01 11:35:48+00:00,not_walking,0,xgboost,2,04845288Q-121,reference,0.0,0.1642145961523056,0
04845288Q-121,2025-03-01 11:35:49+00:00,not_walking,0,xgboost,2,04845288Q-121,reference,0.0,0.007472428493201733,0
04845288Q-121,2025-03-01 11:35:50+00:00,not_walking,0,xgboost,2,04845288Q-121,reference,0.0,0.008872424252331257,0
04845288Q-121,2025-03-01 11:35:51+00:00,not_walking,0,xgboost,2,04845288Q-121,reference,0.0,0.01372369471937418,0
04845288Q-121,2025-03-01 11:35:52+00:00,not_walking,0,xgboost,2,04845288Q-121,reference,0.0,0.011005284264683723,0
04845288Q-121,2025-03-01 11:35:53+00:00,not_walking,0,xgboost,2,04845288Q-121,reference,0.0,0.14412954449653625,0
04845288Q-121,2025-03-01 11:35:54+00:00,not_walking,0,xgboost,2,04845288Q-121,reference,0.0,0.14246556162834167,0
04845288Q-121,2025-03-01 11:35:55+00:00,not_walking,0,xgboost,2,04845288Q-121,reference,0.0,0.06384628266096115,0
04845288Q-121,2025-03-01 11:35:56+00:00,not_walking,0,xgboost,2,04845288Q-121,reference,0.0,0.10703926533460617,0
04845288Q-121,2025-03-01 11:35:57+00:00,not_walking,0,xgboost,2,04845288Q-121,reference,0.0,0.03804013505578041,0
04845288Q-121,2025-03-01 11:35:58+00:00,not_walking,0,xgboost,2,04845288Q-121,reference,0.0,0.058968983590602875,0
04845288Q-121,2025-03-01 11:35:59+00:00,not_walking,0,xgboost,2,04845288Q-121,reference,0.0,0.06025492772459984,0
04845288Q-121,2025-03-01 11:36:00+00:00,not_walking,0,xgboost,2,04845288Q-121,reference,0.0,0.007373367436230183,0
04845288Q-121,2025-03-01 11:36:01+00:00,not_walking,0,xgboost,2,04845288Q-121,reference,0.0,0.007845812477171421,0
04845288Q-121,2025-03-01 11:36:02+00:00,not_walking,0,xgboost,2,04845288Q-121,reference,0.0,0.007845812477171421,0
04845288Q-121,2025-03-01 11:36:03+00:00,not_walking,0,xgboost,2,04845288Q-121,reference,0.0,0.007465924136340618,0
04845288Q-121,2025-03-01 11:36:04+00:00,not_walking,0,xgboost,2,04845288Q-121,reference,0.0,0.01078792568296194,0
04845288Q-121,2025-03-01 11:36:05+00:00,not_walking,0,xgboost,2,04845288Q-121,reference,0.0,0.0271318182349205,0
04845288Q-121,2025-03-01 11:36:06+00:00,not_walking,0,xgboost,2,04845288Q-121,reference,0.0,0.008675624616444111,0
04845288Q-121,2025-03-01 11:36:07+00:00,not_walking,0,xgboost,2,04845288Q-121,reference,0.0,0.4397989809513092,0
04845288Q-121,2025-03-01 11:36:08+00:00,not_walking,0,xgboost,2,04845288Q-121,reference,0.0,0.9041715264320374,1
04845288Q-121,2025-03-01 11:36:09+00:00,not_walking,0,xgboost,2,04845288Q-121,reference,0.0,0.010746526531875134,0
04845288Q-121,2025-03-01 11:36:10+00:00,not_walking,0,xgboost,2,04845288Q-121,reference,0.0,0.011493377387523651,0
04845288Q-121,2025-03-01 11:36:11+00:00,not_walking,0,xgboost,2,04845288Q-121,reference,0.0,0.22131003439426422,0
04845288Q-121,2025-03-01 11:36:12+00:00,not_walking,0,xgboost,2,04845288Q-121,reference,0.0,0.3512781858444214,0
04845288Q-121,2025-03-01 11:36:13+00:00,not_walking,0,xgboost,2,04845288Q-121,reference,0.0,0.19023992121219635,0
04845288Q-121,2025-03-01 11:36:14+00:00,not_walking,0,xgboost,2,04845288Q-121,reference,0.0,0.6766389608383179,1
04845288Q-121,2025-03-01 11:36:15+00:00,not_walking,0,xgboost,2,04845288Q-121,reference,0.0,0.6828445196151733,1
04845288Q-121,2025-03-01 11:36:16+00:00,not_walking,0,xgboost,2,04845288Q-121,reference,0.0,0.08977869898080826,0
04845288Q-121,2025-03-01 11:36:17+00:00,not_walking,0,xgboost,2,04845288Q-121,reference,0.0,0.0219944566488266,0
04845288Q-121,2025-03-01 11:36:18+00:00,not_walking,0,xgboost,2,04845288Q-121,reference,0.0,0.01273209135979414,0
04845288Q-121,2025-03-01 11:36:19+00:00,not_walking,0,xgboost,2,04845288Q-121,reference,0.0,0.010374553501605988,0
04845288Q-121,2025-03-01 11:36:20+00:00,not_walking,0,xgboost,2,04845288Q-121,reference,0.0,0.016056131571531296,0
04845288Q-121,2025-03-01 11:36:21+00:00,not_walking,0,xgboost,2,04845288Q-121,reference,0.0,0.01706111989915371,0
04845288Q-121,2025-03-01 11:36:22+00:00,not_walking,0,xgboost,2,04845288Q-121,reference,0.0,0.015682930126786232,0
04845288Q-121,2025-03-01 11:36:23+00:00,not_walking,0,xgboost,2,04845288Q-121,reference,0.0,0.03801369294524193,0
04845288Q-121,2025-03-01 11:36:24+00:00,not_walking,0,xgboost,2,04845288Q-121,reference,0.0,0.01501405704766512,0
04845288Q-121,2025-03-01 11:36:25+00:00,not_walking,0,xgboost,2,04845288Q-121,reference,0.0,0.022355904802680016,0
04845288Q-121,2025-03-01 11:36:26+00:00,not_walking,0,xgboost,2,04845288Q-121,reference,0.0,0.08459974080324173,0
04845288Q-121,2025-03-01 11:36:27+00:00,not_walking,0,xgboost,2,04845288Q-121,reference,0.0,0.00970590952783823,0
04845288Q-121,2025-03-01 11:36:28+00:00,not_walking,0,xgboost,2,04845288Q-121,reference,0.0,0.015055407769978046,0
04845288Q-121,2025-03-01 11:36:29+00:00,not_walking,0,xgboost,2,04845288Q-121,reference,0.0,0.017115285620093346,0
04845288Q-121,2025-03-01 11:36:30+00:00,not_walking,0,xgboost,2,04845288Q-121,reference,0.0,0.01435018889605999,0
04845288Q-121,2025-03-01 11:36:31+00:00,not_walking,0,xgboost,2,04845288Q-121,reference,0.0,0.04407045990228653,0
04845288Q-121,2025-03-01 11:36:32+00:00,not_walking,0,xgboost,2,04845288Q-121,reference,0.0,0.015131644904613495,0
04845288Q-121,2025-03-01 11:36:33+00:00,not_walking,0,xgboost,2,04845288Q-121,reference,0.0,0.014691149815917015,0
04845288Q-121,2025-03-01 11:36:34+00:00,not_walking,0,xgboost,2,04845288Q-121,reference,0.0,0.026476938277482986,0
04845288Q-121,2025-03-01 11:36:35+00:00,not_walking,0,xgboost,2,04845288Q-121,reference,0.0,0.016008665785193443,0
04845288Q-121,2025-03-01 11:36:36+00:00,not_walking,0,xgboost,2,04845288Q-121,reference,0.0,0.011914780363440514,0
04845288Q-121,2025-03-01 11:36:37+00:00,not_walking,0,xgboost,2,04845288Q-121,reference,0.0,0.0325763002038002,0
04845288Q-121,2025-03-01 11:36:38+00:00,not_walking,0,xgboost,2,04845288Q-121,reference,0.0,0.05789768323302269,0
04845288Q-121,2025-03-01 11:36:39+00:00,not_walking,0,xgboost,2,04845288Q-121,reference,0.0,0.008726303465664387,0
04845288Q-121,2025-03-01 11:36:40+00:00,not_walking,0,xgboost,2,04845288Q-121,reference,0.0,0.04953622445464134,0
04845288Q-121,2025-03-01 11:36:41+00:00,not_walking,0,xgboost,2,04845288Q-121,reference,0.0,0.01050527673214674,0
04845288Q-121,2025-03-01 11:36:42+00:00,not_walking,0,xgboost,2,04845288Q-121,reference,0.0,0.015233878046274185,0
04845288Q-121,2025-03-01 11:36:43+00:00,not_walking,0,xgboost,2,04845288Q-121,reference,0.0,0.020061282441020012,0
04845288Q-121,2025-03-01 11:36:44+00:00,not_walking,0,xgboost,2,04845288Q-121,reference,0.0,0.012772059999406338,0
04845288Q-121,2025-03-01 11:36:45+00:00,not_walking,0,xgboost,2,04845288Q-121,reference,0.0,0.01353002991527319,0
04845288Q-121,2025-03-01 11:36:46+00:00,not_walking,0,xgboost,2,04845288Q-121,reference,0.0,0.04326542839407921,0
04845288Q-121,2025-03-01 11:36:47+00:00,not_walking,0,xgboost,2,04845288Q-121,reference,0.0,0.015398163348436356,0
04845288Q-121,2025-03-01 11:36:48+00:00,not_walking,0,xgboost,2,04845288Q-121,reference,0.0,0.01305437833070755,0
04845288Q-121,2025-03-01 11:36:49+00:00,not_walking,0,xgboost,2,04845288Q-121,reference,0.0,0.010862636379897594,0
04845288Q-121,2025-03-01 11:36:50+00:00,not_walking,0,xgboost,2,04845288Q-121,reference,0.0,0.04675845429301262,0
04845288Q-121,2025-03-01 11:36:51+00:00,not_walking,0,xgboost,2,04845288Q-121,reference,0.0,0.017678050324320793,0
04845288Q-121,2025-03-01 11:36:52+00:00,not_walking,0,xgboost,2,04845288Q-121,reference,0.0,0.016072779893875122,0
04845288Q-121,2025-03-01 11:36:53+00:00,not_walking,0,xgboost,2,04845288Q-121,reference,0.0,0.05971254035830498,0
04845288Q-121,2025-03-01 11:36:54+00:00,not_walking,0,xgboost,2,04845288Q-121,reference,0.0,0.032422985881567,0
04845288Q-121,2025-03-01 11:36:55+00:00,not_walking,0,xgboost,2,04845288Q-121,reference,0.0,0.019385749474167824,0
04845288Q-121,2025-03-01 11:36:56+00:00,not_walking,0,xgboost,2,04845288Q-121,reference,0.0,0.011836069636046886,0
04845288Q-121,2025-03-01 11:36:57+00:00,not_walking,0,xgboost,2,04845288Q-121,reference,0.0,0.011638893745839596,0
04845288Q-121,2025-03-01 11:36:58+00:00,not_walking,0,xgboost,2,04845288Q-121,reference,0.0,0.05822267383337021,0
04845288Q-121,2025-03-01 11:36:59+00:00,not_walking,0,xgboost,2,04845288Q-121,reference,0.0,0.013410932384431362,0
04845288Q-121,2025-03-01 11:37:00+00:00,not_walking,0,xgboost,2,04845288Q-121,reference,0.0,0.013659019023180008,0
04845288Q-121,2025-03-01 11:37:01+00:00,not_walking,0,xgboost,2,04845288Q-121,reference,0.0,0.013881221413612366,0
04845288Q-121,2025-03-01 11:37:02+00:00,not_walking,0,xgboost,2,04845288Q-121,reference,0.0,0.013921355828642845,0
04845288Q-121,2025-03-01 11:37:03+00:00,not_walking,0,xgboost,2,04845288Q-121,reference,0.0,0.029276244342327118,0
04845288Q-121,2025-03-01 11:37:04+00:00,not_walking,0,xgboost,2,04845288Q-121,reference,0.0,0.011145463213324547,0
04845288Q-121,2025-03-01 11:37:05+00:00,not_walking,0,xgboost,2,04845288Q-121,reference,0.0,0.02055373415350914,0
04845288Q-121,2025-03-01 11:37:06+00:00,not_walking,0,xgboost,2,04845288Q-121,reference,0.0,0.03699589893221855,0
04845288Q-121,2025-03-01 11:37:07+00:00,not_walking,0,xgboost,2,04845288Q-121,reference,0.0,0.01713358424603939,0
04845288Q-121,2025-03-01 11:37:08+00:00,not_walking,0,xgboost,2,04845288Q-121,reference,0.0,0.015043498016893864,0
04845288Q-121,2025-03-01 11:37:09+00:00,not_walking,0,xgboost,2,04845288Q-121,reference,0.0,0.015465671196579933,0
04845288Q-121,2025-03-01 11:37:10+00:00,not_walking,0,xgboost,2,04845288Q-121,reference,0.0,0.0878634974360466,0
04845288Q-121,2025-03-01 11:37:11+00:00,not_walking,0,xgboost,2,04845288Q-121,reference,0.0,0.09971689432859421,0
04845288Q-121,2025-03-01 11:37:12+00:00,not_walking,0,xgboost,2,04845288Q-121,reference,0.0,0.033915333449840546,0
04845288Q-121,2025-03-01 11:37:13+00:00,not_walking,0,xgboost,2,04845288Q-121,reference,0.0,0.012260876595973969,0
04845288Q-121,2025-03-01 11:37:14+00:00,not_walking,0,xgboost,2,04845288Q-121,reference,0.0,0.013366254977881908,0
04845288Q-121,2025-03-01 11:37:15+00:00,not_walking,0,xgboost,2,04845288Q-121,reference,0.0,0.011583153158426285,0
04845288Q-121,2025-03-01 11:37:16+00:00,not_walking,0,xgboost,2,04845288Q-121,reference,0.0,0.00998086016625166,0
04845288Q-121,2025-03-01 11:37:17+00:00,not_walking,0,xgboost,2,04845288Q-121,reference,0.0,0.017956461757421494,0
04845288Q-121,2025-03-01 11:37:18+00:00,not_walking,0,xgboost,2,04845288Q-121,reference,0.0,0.011495635844767094,0
04845288Q-121,2025-03-01 11:37:19+00:00,not_walking,0,xgboost,2,04845288Q-121,reference,0.0,0.013590432703495026,0
04845288Q-121,2025-03-01 11:37:20+00:00,not_walking,0,xgboost,2,04845288Q-121,reference,0.0,0.012853754684329033,0
04845288Q-121,2025-03-01 11:37:21+00:00,not_walking,0,xgboost,2,04845288Q-121,reference,0.0,0.01500957366079092,0
04845288Q-121,2025-03-01 11:37:22+00:00,not_walking,0,xgboost,2,04845288Q-121,reference,0.0,0.013051158748567104,0
04845288Q-121,2025-03-01 11:37:23+00:00,not_walking,0,xgboost,2,04845288Q-121,reference,0.0,0.17895585298538208,0
04845288Q-121,2025-03-01 11:37:24+00:00,not_walking,0,xgboost,2,04845288Q-121,reference,0.0,0.02858002670109272,0
04845288Q-121,2025-03-01 11:37:25+00:00,not_walking,0,xgboost,2,04845288Q-121,reference,0.0,0.015762368217110634,0
04845288Q-121,2025-03-01 11:37:26+00:00,not_walking,0,xgboost,2,04845288Q-121,reference,0.0,0.1544390469789505,0
04845288Q-121,2025-03-01 11:37:27+00:00,not_walking,0,xgboost,2,04845288Q-121,reference,0.0,0.08038447797298431,0
04845288Q-121,2025-03-01 11:37:28+00:00,not_walking,0,xgboost,2,04845288Q-121,reference,0.0,0.01206551119685173,0
04845288Q-121,2025-03-01 11:37:29+00:00,not_walking,0,xgboost,2,04845288Q-121,reference,0.0,0.013207239098846912,0
04845288Q-121,2025-03-01 11:37:30+00:00,not_walking,0,xgboost,2,04845288Q-121,reference,0.0,0.013550952076911926,0
04845288Q-121,2025-03-01 11:37:31+00:00,not_walking,0,xgboost,2,04845288Q-121,reference,0.0,0.0926649421453476,0
04845288Q-121,2025-03-01 11:37:32+00:00,not_walking,0,xgboost,2,04845288Q-121,reference,0.0,0.012409886345267296,0
04845288Q-121,2025-03-01 11:37:33+00:00,not_walking,0,xgboost,2,04845288Q-121,reference,0.0,0.01701098121702671,0
04845288Q-121,2025-03-01 11:37:34+00:00,not_walking,0,xgboost,2,04845288Q-121,reference,0.0,0.016514316201210022,0
04845288Q-121,2025-03-01 11:37:35+00:00,not_walking,0,xgboost,2,04845288Q-121,reference,0.0,0.01653623953461647,0
04845288Q-121,2025-03-01 11:37:36+00:00,not_walking,0,xgboost,2,04845288Q-121,reference,0.0,0.01370105892419815,0
04845288Q-121,2025-03-01 11:37:37+00:00,not_walking,0,xgboost,2,04845288Q-121,reference,0.0,0.01547186728566885,0
04845288Q-121,2025-03-01 11:37:38+00:00,not_walking,0,xgboost,2,04845288Q-121,reference,0.0,0.014517988078296185,0
04845288Q-121,2025-03-01 11:37:39+00:00,not_walking,0,xgboost,2,04845288Q-121,reference,0.0,0.040347304195165634,0
04845288Q-121,2025-03-01 11:37:40+00:00,not_walking,0,xgboost,2,04845288Q-121,reference,0.0,0.0108273820951581,0
04845288Q-121,2025-03-01 11:37:41+00:00,not_walking,0,xgboost,2,04845288Q-121,reference,0.0,0.035034310072660446,0
04845288Q-121,2025-03-01 11:37:42+00:00,not_walking,0,xgboost,2,04845288Q-121,reference,0.0,0.016216164454817772,0
04845288Q-121,2025-03-01 11:37:43+00:00,not_walking,0,xgboost,2,04845288Q-121,reference,0.0,0.01112369168549776,0
04845288Q-121,2025-03-01 11:37:44+00:00,not_walking,0,xgboost,2,04845288Q-121,reference,0.0,0.007939619943499565,0
04845288Q-121,2025-03-01 11:37:45+00:00,not_walking,0,xgboost,2,04845288Q-121,reference,0.0,0.029023870825767517,0
04845288Q-121,2025-03-01 11:37:46+00:00,not_walking,0,xgboost,2,04845288Q-121,reference,0.0,0.008059920743107796,0
04845288Q-121,2025-03-01 11:37:47+00:00,not_walking,0,xgboost,2,04845288Q-121,reference,0.0,0.026962628588080406,0
04845288Q-121,2025-03-01 11:37:48+00:00,not_walking,0,xgboost,2,04845288Q-121,reference,0.0,0.059629637748003006,0
04845288Q-121,2025-03-01 11:37:49+00:00,not_walking,0,xgboost,2,04845288Q-121,reference,0.0,0.010381737723946571,0
04845288Q-121,2025-03-01 11:37:50+00:00,not_walking,0,xgboost,2,04845288Q-121,reference,0.0,0.010731588117778301,0
04845288Q-121,2025-03-01 11:37:51+00:00,not_walking,0,xgboost,2,04845288Q-121,reference,0.0,0.014996501617133617,0
04845288Q-121,2025-03-01 11:37:52+00:00,not_walking,0,xgboost,2,04845288Q-121,reference,0.0,0.05006484314799309,0
04845288Q-121,2025-03-01 11:37:53+00:00,not_walking,0,xgboost,2,04845288Q-121,reference,0.0,0.05155227705836296,0
04845288Q-121,2025-03-01 11:37:54+00:00,not_walking,0,xgboost,2,04845288Q-121,reference,0.0,0.18074733018875122,0
04845288Q-121,2025-03-01 11:37:55+00:00,not_walking,0,xgboost,2,04845288Q-121,reference,0.0,0.18180687725543976,0
04845288Q-121,2025-03-01 11:37:56+00:00,not_walking,0,xgboost,2,04845288Q-121,reference,0.0,0.014551687985658646,0
04845288Q-121,2025-03-01 11:37:57+00:00,not_walking,0,xgboost,2,04845288Q-121,reference,0.0,0.014548302628099918,0
04845288Q-121,2025-03-01 11:37:58+00:00,not_walking,0,xgboost,2,04845288Q-121,reference,0.0,0.18805715441703796,0
04845288Q-121,2025-03-01 11:37:59+00:00,not_walking,0,xgboost,2,04845288Q-121,reference,0.0,0.46803218126296997,0
04845288Q-121,2025-03-01 11:38:00+00:00,not_walking,0,xgboost,2,04845288Q-121,reference,0.0,0.7005992531776428,1
04845288Q-121,2025-03-01 11:38:01+00:00,not_walking,0,xgboost,2,04845288Q-121,reference,0.0,0.8099474310874939,1
04845288Q-121,2025-03-01 11:38:02+00:00,not_walking,0,xgboost,2,04845288Q-121,reference,0.0,0.5802801251411438,1
04845288Q-121,2025-03-01 11:38:03+00:00,not_walking,0,xgboost,2,04845288Q-121,reference,0.0,0.015462868846952915,0
04845288Q-121,2025-03-01 11:38:04+00:00,not_walking,0,xgboost,2,04845288Q-121,reference,0.0,0.165952667593956,0
04845288Q-121,2025-03-01 11:38:05+00:00,not_walking,0,xgboost,2,04845288Q-121,reference,0.0,0.5927960872650146,1
04845288Q-121,2025-03-01 11:38:06+00:00,not_walking,0,xgboost,2,04845288Q-121,reference,0.0,0.3061397969722748,0
04845288Q-121,2025-03-01 11:38:07+00:00,not_walking,0,xgboost,2,04845288Q-121,reference,0.0,0.015619369223713875,0
04845288Q-121,2025-03-01 11:38:08+00:00,not_walking,0,xgboost,2,04845288Q-121,reference,0.0,0.007219299674034119,0
04845288Q-121,2025-03-01 11:38:09+00:00,not_walking,0,xgboost,2,04845288Q-121,reference,0.0,0.01613694429397583,0
04845288Q-121,2025-03-01 11:38:10+00:00,not_walking,0,xgboost,2,04845288Q-121,reference,0.0,0.015104807913303375,0
04845288Q-121,2025-03-01 11:38:11+00:00,not_walking,0,xgboost,2,04845288Q-121,reference,0.0,0.059042733162641525,0
04845288Q-121,2025-03-01 11:38:12+00:00,not_walking,0,xgboost,2,04845288Q-121,reference,0.0,0.024878505617380142,0
04845288Q-121,2025-03-01 11:38:13+00:00,not_walking,0,xgboost,2,04845288Q-121,reference,0.0,0.05745578557252884,0
04845288Q-121,2025-03-01 11:38:14+00:00,not_walking,0,xgboost,2,04845288Q-121,reference,0.0,0.033893197774887085,0
04845288Q-121,2025-03-01 11:38:15+00:00,not_walking,0,xgboost,2,04845288Q-121,reference,0.0,0.5448024868965149,1
04845288Q-121,2025-03-01 11:38:16+00:00,not_walking,0,xgboost,2,04845288Q-121,reference,0.0,0.05790096893906593,0
04845288Q-121,2025-03-01 11:38:17+00:00,not_walking,0,xgboost,2,04845288Q-121,reference,0.0,0.02685178630053997,0
04845288Q-121,2025-03-01 11:38:18+00:00,walking,1,xgboost,2,04845288Q-121,reference,0.0,0.010396675206720829,0
04845288Q-121,2025-03-01 11:38:19+00:00,walking,1,xgboost,2,04845288Q-121,reference,0.0,0.8416618704795837,1
04845288Q-121,2025-03-01 11:38:20+00:00,walking,1,xgboost,2,04845288Q-121,reference,0.0,0.8379689455032349,1
04845288Q-121,2025-03-01 11:38:21+00:00,walking,1,xgboost,2,04845288Q-121,reference,0.0,0.867014467716217,1
04845288Q-121,2025-03-01 11:38:22+00:00,walking,1,xgboost,2,04845288Q-121,reference,0.0,0.12766768038272858,0
04845288Q-121,2025-03-01 11:38:23+00:00,walking,1,xgboost,2,04845288Q-121,reference,0.0,0.07710985839366913,0
04845288Q-121,2025-03-01 11:38:24+00:00,walking,1,xgboost,2,04845288Q-121,reference,0.0,0.0939575582742691,0
04845288Q-121,2025-03-01 11:38:25+00:00,walking,1,xgboost,2,04845288Q-121,reference,0.0,0.7398639917373657,1
04845288Q-121,2025-03-01 11:38:26+00:00,walking,1,xgboost,2,04845288Q-121,reference,0.0,0.07425981760025024,0
04845288Q-121,2025-03-01 11:38:27+00:00,walking,1,xgboost,2,04845288Q-121,reference,0.0,0.3142407238483429,0
04845288Q-121,2025-03-01 11:38:28+00:00,walking,1,xgboost,2,04845288Q-121,reference,0.0,0.5369105935096741,1
04845288Q-121,2025-03-01 11:38:29+00:00,walking,1,xgboost,2,04845288Q-121,reference,0.0,0.0781031921505928,0
04845288Q-121,2025-03-01 11:38:30+00:00,walking,1,xgboost,2,04845288Q-121,reference,0.0,0.009918955154716969,0
04845288Q-121,2025-03-01 11:38:31+00:00,walking,1,xgboost,2,04845288Q-121,reference,0.0,0.03215017542243004,0
04845288Q-121,2025-03-01 11:38:32+00:00,walking,1,xgboost,2,04845288Q-121,reference,0.0,0.1021808385848999,0
04845288Q-121,2025-03-01 11:38:33+00:00,walking,1,xgboost,2,04845288Q-121,reference,0.0,0.3327900469303131,0
04845288Q-121,2025-03-01 11:38:34+00:00,walking,1,xgboost,2,04845288Q-121,reference,0.0,0.011300037615001202,0
04845288Q-121,2025-03-01 11:38:35+00:00,walking,1,xgboost,2,04845288Q-121,reference,0.0,0.01693880558013916,0
04845288Q-121,2025-03-01 11:38:36+00:00,walking,1,xgboost,2,04845288Q-121,reference,0.0,0.01282315794378519,0
04845288Q-121,2025-03-01 11:38:37+00:00,walking,1,xgboost,2,04845288Q-121,reference,0.0,0.04558555781841278,0
04845288Q-121,2025-03-01 11:38:38+00:00,walking,1,xgboost,2,04845288Q-121,reference,0.0,0.3886565864086151,0
04845288Q-121,2025-03-01 11:38:39+00:00,walking,1,xgboost,2,04845288Q-121,reference,0.0,0.010006907396018505,0
04845288Q-121,2025-03-01 11:38:40+00:00,walking,1,xgboost,2,04845288Q-121,reference,0.0,0.06985923647880554,0
04845288Q-121,2025-03-01 11:38:41+00:00,walking,1,xgboost,2,04845288Q-121,reference,0.0,0.00907311961054802,0
04845288Q-121,2025-03-01 11:38:44+00:00,not_walking,0,xgboost,2,04845288Q-121,reference,0.0,0.010498137213289738,0
04845288Q-121,2025-03-01 11:38:45+00:00,not_walking,0,xgboost,2,04845288Q-121,reference,0.0,0.015761908143758774,0
04845288Q-121,2025-03-01 11:38:46+00:00,not_walking,0,xgboost,2,04845288Q-121,reference,0.0,0.013410558924078941,0
04845288Q-121,2025-03-01 11:38:47+00:00,not_walking,0,xgboost,2,04845288Q-121,reference,0.0,0.04674229025840759,0
04845288Q-121,2025-03-01 11:38:48+00:00,not_walking,0,xgboost,2,04845288Q-121,reference,0.0,0.02297522872686386,0
04845288Q-121,2025-03-01 11:38:49+00:00,not_walking,0,xgboost,2,04845288Q-121,reference,0.0,0.017971359193325043,0
04845288Q-121,2025-03-01 11:38:50+00:00,not_walking,0,xgboost,2,04845288Q-121,reference,0.0,0.022315988317131996,0
04845288Q-121,2025-03-01 11:38:51+00:00,not_walking,0,xgboost,2,04845288Q-121,reference,0.0,0.02183043397963047,0
04845288Q-121,2025-03-01 11:38:52+00:00,not_walking,0,xgboost,2,04845288Q-121,reference,0.0,0.06899058073759079,0
04845288Q-121,2025-03-01 11:38:53+00:00,not_walking,0,xgboost,2,04845288Q-121,reference,0.0,0.11463842540979385,0
04845288Q-121,2025-03-01 11:38:54+00:00,not_walking,0,xgboost,2,04845288Q-121,reference,0.0,0.09218059480190277,0
04845288Q-121,2025-03-01 11:38:55+00:00,not_walking,0,xgboost,2,04845288Q-121,reference,0.0,0.02800530008971691,0
04845288Q-121,2025-03-01 11:38:56+00:00,not_walking,0,xgboost,2,04845288Q-121,reference,0.0,0.011487976647913456,0
04845288Q-121,2025-03-01 11:38:57+00:00,not_walking,0,xgboost,2,04845288Q-121,reference,0.0,0.011935664340853691,0
04845288Q-121,2025-03-01 11:38:58+00:00,not_walking,0,xgboost,2,04845288Q-121,reference,0.0,0.014114640653133392,0
04845288Q-121,2025-03-01 11:38:59+00:00,not_walking,0,xgboost,2,04845288Q-121,reference,0.0,0.009153355844318867,0
04845288Q-121,2025-03-01 11:39:00+00:00,not_walking,0,xgboost,2,04845288Q-121,reference,0.0,0.018627971410751343,0
04845288Q-121,2025-03-01 11:39:01+00:00,not_walking,0,xgboost,2,04845288Q-121,reference,0.0,0.033908404409885406,0
04845288Q-121,2025-03-01 11:39:02+00:00,not_walking,0,xgboost,2,04845288Q-121,reference,0.0,0.14637593924999237,0
04845288Q-121,2025-03-01 11:39:03+00:00,not_walking,0,xgboost,2,04845288Q-121,reference,0.0,0.01263097207993269,0
04845288Q-121,2025-03-01 11:39:04+00:00,not_walking,0,xgboost,2,04845288Q-121,reference,0.0,0.0177780669182539,0
04845288Q-121,2025-03-01 11:39:05+00:00,not_walking,0,xgboost,2,04845288Q-121,reference,0.0,0.01144634559750557,0
04845288Q-121,2025-03-01 11:39:06+00:00,not_walking,0,xgboost,2,04845288Q-121,reference,0.0,0.011144653894007206,0
04845288Q-121,2025-03-01 11:39:07+00:00,not_walking,0,xgboost,2,04845288Q-121,reference,0.0,0.08120633661746979,0
04845288Q-121,2025-03-01 11:39:08+00:00,not_walking,0,xgboost,2,04845288Q-121,reference,0.0,0.00885559618473053,0
04845288Q-121,2025-03-01 11:39:09+00:00,not_walking,0,xgboost,2,04845288Q-121,reference,0.0,0.019486095756292343,0
04845288Q-121,2025-03-01 11:39:10+00:00,not_walking,0,xgboost,2,04845288Q-121,reference,0.0,0.008878262713551521,0
04845288Q-121,2025-03-01 11:39:11+00:00,not_walking,0,xgboost,2,04845288Q-121,reference,0.0,0.00955800898373127,0
04845288Q-121,2025-03-01 11:39:12+00:00,not_walking,0,xgboost,2,04845288Q-121,reference,0.0,0.009124865755438805,0
04845288Q-121,2025-03-01 11:39:13+00:00,not_walking,0,xgboost,2,04845288Q-121,reference,0.0,0.009011046960949898,0
04845288Q-121,2025-03-01 11:39:14+00:00,not_walking,0,xgboost,2,04845288Q-121,reference,0.0,0.010705291293561459,0
04845288Q-121,2025-03-01 11:39:15+00:00,not_walking,0,xgboost,2,04845288Q-121,reference,0.0,0.009145042859017849,0
04845288Q-121,2025-03-01 11:39:16+00:00,not_walking,0,xgboost,2,04845288Q-121,reference,0.0,0.1284676343202591,0
04845288Q-121,2025-03-01 11:39:17+00:00,not_walking,0,xgboost,2,04845288Q-121,reference,0.0,0.02448292076587677,0
04845288Q-121,2025-03-01 11:39:18+00:00,not_walking,0,xgboost,2,04845288Q-121,reference,0.0,0.026192931458353996,0
04845288Q-121,2025-03-01 11:39:19+00:00,not_walking,0,xgboost,2,04845288Q-121,reference,0.0,0.01146025862544775,0
04845288Q-121,2025-03-01 11:39:20+00:00,not_walking,0,xgboost,2,04845288Q-121,reference,0.0,0.031398188322782516,0
04845288Q-121,2025-03-01 11:39:21+00:00,not_walking,0,xgboost,2,04845288Q-121,reference,0.0,0.06195691227912903,0
04845288Q-121,2025-03-01 11:39:22+00:00,not_walking,0,xgboost,2,04845288Q-121,reference,0.0,0.02287908084690571,0
04845288Q-121,2025-03-01 11:39:23+00:00,walking,1,xgboost,2,04845288Q-121,reference,0.0,0.009353751316666603,0
04845288Q-121,2025-03-01 11:39:24+00:00,walking,1,xgboost,2,04845288Q-121,reference,0.0,0.1823503077030182,0
04845288Q-121,2025-03-01 11:39:25+00:00,walking,1,xgboost,2,04845288Q-121,reference,0.0,0.010711707174777985,0
04845288Q-121,2025-03-01 11:39:26+00:00,walking,1,xgboost,2,04845288Q-121,reference,0.0,0.015330255962908268,0
04845288Q-121,2025-03-01 11:39:27+00:00,walking,1,xgboost,2,04845288Q-121,reference,0.0,0.037805430591106415,0
04845288Q-121,2025-03-01 11:39:28+00:00,walking,1,xgboost,2,04845288Q-121,reference,0.0,0.014388163574039936,0
04845288Q-121,2025-03-01 11:39:29+00:00,walking,1,xgboost,2,04845288Q-121,reference,0.0,0.012295654974877834,0
04845288Q-121,2025-03-01 11:39:30+00:00,walking,1,xgboost,2,04845288Q-121,reference,0.0,0.01474613044410944,0
04845288Q-121,2025-03-01 11:39:31+00:00,walking,1,xgboost,2,04845288Q-121,reference,0.0,0.01253088191151619,0
04845288Q-121,2025-03-01 11:39:32+00:00,walking,1,xgboost,2,04845288Q-121,reference,0.0,0.011835217475891113,0
04845288Q-121,2025-03-01 11:39:33+00:00,walking,1,xgboost,2,04845288Q-121,reference,0.0,0.011984739452600479,0
04845288Q-121,2025-03-01 11:39:34+00:00,not_walking,0,xgboost,2,04845288Q-121,reference,0.0,0.017592204734683037,0
04845288Q-121,2025-03-01 11:39:35+00:00,not_walking,0,xgboost,2,04845288Q-121,reference,0.0,0.018434952944517136,0
04845288Q-121,2025-03-01 11:39:36+00:00,not_walking,0,xgboost,2,04845288Q-121,reference,0.0,0.018414411693811417,0
04845288Q-121,2025-03-01 11:39:37+00:00,not_walking,0,xgboost,2,04845288Q-121,reference,0.0,0.05919993296265602,0
04845288Q-121,2025-03-01 11:39:38+00:00,not_walking,0,xgboost,2,04845288Q-121,reference,0.0,0.02077075093984604,0
04845288Q-121,2025-03-01 11:39:39+00:00,not_walking,0,xgboost,2,04845288Q-121,reference,0.0,0.02429228648543358,0
04845288Q-121,2025-03-01 11:39:40+00:00,not_walking,0,xgboost,2,04845288Q-121,reference,0.0,0.02196185104548931,0
04845288Q-121,2025-03-01 11:39:41+00:00,not_walking,0,xgboost,2,04845288Q-121,reference,0.0,0.012638824060559273,0
04845288Q-121,2025-03-01 11:39:42+00:00,not_walking,0,xgboost,2,04845288Q-121,reference,0.0,0.04605641961097717,0
04845288Q-121,2025-03-01 11:39:43+00:00,not_walking,0,xgboost,2,04845288Q-121,reference,0.0,0.1858195811510086,0
04845288Q-121,2025-03-01 11:39:44+00:00,not_walking,0,xgboost,2,04845288Q-121,reference,0.0,0.6241066455841064,1
04845288Q-121,2025-03-01 11:39:51+00:00,not_walking,0,xgboost,2,04845288Q-121,reference,0.0,0.01405264250934124,0
04845288Q-121,2025-03-01 11:39:52+00:00,not_walking,0,xgboost,2,04845288Q-121,reference,0.0,0.023847797885537148,0
04845288Q-121,2025-03-01 11:39:53+00:00,not_walking,0,xgboost,2,04845288Q-121,reference,0.0,0.03310442715883255,0
04845288Q-121,2025-03-01 11:39:54+00:00,not_walking,0,xgboost,2,04845288Q-121,reference,0.0,0.03888053074479103,0
04845288Q-121,2025-03-01 11:39:55+00:00,not_walking,0,xgboost,2,04845288Q-121,reference,0.0,0.14122344553470612,0
04845288Q-121,2025-03-01 11:39:56+00:00,not_walking,0,xgboost,2,04845288Q-121,reference,0.0,0.060805387794971466,0
04845288Q-121,2025-03-01 11:39:57+00:00,not_walking,0,xgboost,2,04845288Q-121,reference,0.0,0.012100101448595524,0
04845288Q-121,2025-03-01 11:39:58+00:00,not_walking,0,xgboost,2,04845288Q-121,reference,0.0,0.04304594174027443,0
04845288Q-121,2025-03-01 11:39:59+00:00,not_walking,0,xgboost,2,04845288Q-121,reference,0.0,0.011791892349720001,0
04845288Q-121,2025-03-01 11:40:04+00:00,walking,1,xgboost,2,04845288Q-121,reference,0.0,0.007553401403129101,0
04845288Q-121,2025-03-01 11:40:05+00:00,walking,1,xgboost,2,04845288Q-121,reference,0.0,0.011925434693694115,0
04845288Q-121,2025-03-01 11:40:06+00:00,walking,1,xgboost,2,04845288Q-121,reference,0.0,0.008241318166255951,0
04845288Q-121,2025-03-01 11:40:07+00:00,walking,1,xgboost,2,04845288Q-121,reference,0.0,0.012116813100874424,0
04845288Q-121,2025-03-01 11:40:08+00:00,walking,1,xgboost,2,04845288Q-121,reference,0.0,0.011022050864994526,0
04845288Q-121,2025-03-01 11:40:09+00:00,walking,1,xgboost,2,04845288Q-121,reference,0.0,0.01185284648090601,0
04845288Q-121,2025-03-01 11:40:10+00:00,walking,1,xgboost,2,04845288Q-121,reference,0.0,0.015803484246134758,0
04845288Q-121,2025-03-01 11:40:11+00:00,walking,1,xgboost,2,04845288Q-121,reference,0.0,0.06134576350450516,0
04845288Q-121,2025-03-01 11:40:12+00:00,walking,1,xgboost,2,04845288Q-121,reference,0.0,0.01351065095514059,0
04845288Q-121,2025-03-01 11:40:13+00:00,walking,1,xgboost,2,04845288Q-121,reference,0.0,0.010377084836363792,0
04845288Q-121,2025-03-01 11:40:14+00:00,walking,1,xgboost,2,04845288Q-121,reference,0.0,0.012615401297807693,0
04845288Q-121,2025-03-01 11:40:15+00:00,walking,1,xgboost,2,04845288Q-121,reference,0.0,0.01702434942126274,0
04845288Q-121,2025-03-01 11:40:16+00:00,walking,1,xgboost,2,04845288Q-121,reference,0.0,0.18576347827911377,0
04845288Q-121,2025-03-01 11:40:17+00:00,walking,1,xgboost,2,04845288Q-121,reference,0.0,0.06224430352449417,0
04845288Q-121,2025-03-01 11:40:18+00:00,walking,1,xgboost,2,04845288Q-121,reference,0.0,0.010153327137231827,0
04845288Q-121,2025-03-01 11:40:19+00:00,walking,1,xgboost,2,04845288Q-121,reference,0.0,0.010450370609760284,0
04845288Q-121,2025-03-01 11:40:20+00:00,walking,1,xgboost,2,04845288Q-121,reference,0.0,0.01565057411789894,0
04845288Q-121,2025-03-01 11:40:21+00:00,walking,1,xgboost,2,04845288Q-121,reference,0.0,0.010612883605062962,0
04845288Q-121,2025-03-01 11:40:22+00:00,walking,1,xgboost,2,04845288Q-121,reference,0.0,0.06561311334371567,0
04845288Q-121,2025-03-01 11:40:23+00:00,walking,1,xgboost,2,04845288Q-121,reference,0.0,0.018295204266905785,0
04845288Q-121,2025-03-01 11:40:24+00:00,walking,1,xgboost,2,04845288Q-121,reference,0.0,0.018528496846556664,0
04845288Q-121,2025-03-01 11:40:25+00:00,not_walking,0,xgboost,2,04845288Q-121,reference,0.0,0.021051350980997086,0
04845288Q-121,2025-03-01 11:40:26+00:00,not_walking,0,xgboost,2,04845288Q-121,reference,0.0,0.023349236696958542,0
04845288Q-121,2025-03-01 11:40:27+00:00,not_walking,0,xgboost,2,04845288Q-121,reference,0.0,0.03732210025191307,0
04845288Q-121,2025-03-01 11:40:28+00:00,not_walking,0,xgboost,2,04845288Q-121,reference,0.0,0.022768406197428703,0
04845288Q-121,2025-03-01 11:40:29+00:00,not_walking,0,xgboost,2,04845288Q-121,reference,0.0,0.05716221407055855,0
04845288Q-121,2025-03-01 11:40:30+00:00,not_walking,0,xgboost,2,04845288Q-121,reference,0.0,0.015222795307636261,0
04845288Q-121,2025-03-01 11:40:31+00:00,not_walking,0,xgboost,2,04845288Q-121,reference,0.0,0.014232576824724674,0
04845288Q-121,2025-03-01 11:40:32+00:00,not_walking,0,xgboost,2,04845288Q-121,reference,0.0,0.011458373628556728,0
04845288Q-121,2025-03-01 11:40:33+00:00,not_walking,0,xgboost,2,04845288Q-121,reference,0.0,0.02898421883583069,0
04845288Q-121,2025-03-01 11:40:34+00:00,not_walking,0,xgboost,2,04845288Q-121,reference,0.0,0.09919437766075134,0
04845288Q-121,2025-03-01 11:40:35+00:00,not_walking,0,xgboost,2,04845288Q-121,reference,0.0,0.030289700254797935,0
04845288Q-121,2025-03-01 11:40:36+00:00,not_walking,0,xgboost,2,04845288Q-121,reference,0.0,0.03819899633526802,0
04845288Q-121,2025-03-01 11:40:37+00:00,not_walking,0,xgboost,2,04845288Q-121,reference,0.0,0.015476204454898834,0
04845288Q-121,2025-03-01 11:40:38+00:00,not_walking,0,xgboost,2,04845288Q-121,reference,0.0,0.010619288310408592,0
47046344M-104,2024-10-15 07:28:59+00:00,not_walking,0,xgboost,3,47046344M-104,reference,0.0,0.03855842351913452,0
47046344M-104,2024-10-15 07:29:00+00:00,not_walking,0,xgboost,3,47046344M-104,reference,0.0,0.07730649411678314,0
47046344M-104,2024-10-15 07:29:01+00:00,not_walking,0,xgboost,3,47046344M-104,reference,0.0,0.026161417365074158,0
47046344M-104,2024-10-15 07:29:02+00:00,not_walking,0,xgboost,3,47046344M-104,reference,0.0,0.08940472453832626,0
47046344M-104,2024-10-15 07:29:03+00:00,not_walking,0,xgboost,3,47046344M-104,reference,0.0,0.04737218841910362,0
47046344M-104,2024-10-15 07:29:04+00:00,not_walking,0,xgboost,3,47046344M-104,reference,0.0,0.1686692237854004,0
47046344M-104,2024-10-15 07:29:05+00:00,not_walking,0,xgboost,3,47046344M-104,reference,0.0,0.06841549277305603,0
47046344M-104,2024-10-15 07:29:06+00:00,not_walking,0,xgboost,3,47046344M-104,reference,0.0,0.20372600853443146,0
47046344M-104,2024-10-15 07:29:07+00:00,not_walking,0,xgboost,3,47046344M-104,reference,0.0,0.08503146469593048,0
47046344M-104,2024-10-15 07:29:08+00:00,not_walking,0,xgboost,3,47046344M-104,reference,0.0,0.1571609377861023,0
47046344M-104,2024-10-15 07:29:09+00:00,not_walking,0,xgboost,3,47046344M-104,reference,0.0,0.1290392428636551,0
47046344M-104,2024-10-15 07:29:10+00:00,not_walking,0,xgboost,3,47046344M-104,reference,0.0,0.05664786323904991,0
47046344M-104,2024-10-15 07:29:11+00:00,not_walking,0,xgboost,3,47046344M-104,reference,0.0,0.0959068015217781,0
47046344M-104,2024-10-15 07:29:12+00:00,not_walking,0,xgboost,3,47046344M-104,reference,0.0,0.07413321733474731,0
47046344M-104,2024-10-15 07:29:13+00:00,not_walking,0,xgboost,3,47046344M-104,reference,0.0,0.09831491857767105,0
47046344M-104,2024-10-15 07:29:14+00:00,not_walking,0,xgboost,3,47046344M-104,reference,0.0,0.23571819067001343,0
47046344M-104,2024-10-15 07:29:15+00:00,not_walking,0,xgboost,3,47046344M-104,reference,0.0,0.03688621520996094,0
47046344M-104,2024-10-15 07:29:16+00:00,not_walking,0,xgboost,3,47046344M-104,reference,0.0,0.04915671423077583,0
47046344M-104,2024-10-15 07:29:17+00:00,not_walking,0,xgboost,3,47046344M-104,reference,0.0,0.0838347002863884,0
47046344M-104,2024-10-15 07:29:18+00:00,not_walking,0,xgboost,3,47046344M-104,reference,0.0,0.01946709305047989,0
47046344M-104,2024-10-15 07:29:19+00:00,not_walking,0,xgboost,3,47046344M-104,reference,0.0,0.061298955231904984,0
47046344M-104,2024-10-15 07:29:20+00:00,not_walking,0,xgboost,3,47046344M-104,reference,0.0,0.1846548616886139,0
47046344M-104,2024-10-15 07:29:21+00:00,not_walking,0,xgboost,3,47046344M-104,reference,0.0,0.05581125244498253,0
47046344M-104,2024-10-15 07:29:22+00:00,not_walking,0,xgboost,3,47046344M-104,reference,0.0,0.08180195093154907,0
47046344M-104,2024-10-15 07:29:23+00:00,not_walking,0,xgboost,3,47046344M-104,reference,0.0,0.06949994713068008,0
47046344M-104,2024-10-15 07:29:24+00:00,not_walking,0,xgboost,3,47046344M-104,reference,0.0,0.1660909205675125,0
47046344M-104,2024-10-15 07:29:25+00:00,not_walking,0,xgboost,3,47046344M-104,reference,0.0,0.05878572538495064,0
47046344M-104,2024-10-15 07:29:26+00:00,not_walking,0,xgboost,3,47046344M-104,reference,0.0,0.2668232321739197,0
47046344M-104,2024-10-15 07:29:27+00:00,not_walking,0,xgboost,3,47046344M-104,reference,0.0,0.1584474891424179,0
47046344M-104,2024-10-15 07:29:28+00:00,not_walking,0,xgboost,3,47046344M-104,reference,0.0,0.15653228759765625,0
47046344M-104,2024-10-15 07:29:29+00:00,not_walking,0,xgboost,3,47046344M-104,reference,0.0,0.1368456333875656,0
47046344M-104,2024-10-15 07:29:30+00:00,not_walking,0,xgboost,3,47046344M-104,reference,0.0,0.044175148010253906,0
47046344M-104,2024-10-15 07:29:31+00:00,not_walking,0,xgboost,3,47046344M-104,reference,0.0,0.11719053238630295,0
47046344M-104,2024-10-15 07:29:32+00:00,not_walking,0,xgboost,3,47046344M-104,reference,0.0,0.15720480680465698,0
47046344M-104,2024-10-15 07:29:33+00:00,not_walking,0,xgboost,3,47046344M-104,reference,0.0,0.024820325896143913,0
47046344M-104,2024-10-15 07:29:34+00:00,not_walking,0,xgboost,3,47046344M-104,reference,0.0,0.24248641729354858,0
47046344M-104,2024-10-15 07:29:35+00:00,not_walking,0,xgboost,3,47046344M-104,reference,0.0,0.13977186381816864,0
47046344M-104,2024-10-15 07:29:36+00:00,not_walking,0,xgboost,3,47046344M-104,reference,0.0,0.10852960497140884,0
47046344M-104,2024-10-15 07:29:37+00:00,not_walking,0,xgboost,3,47046344M-104,reference,0.0,0.12236461043357849,0
47046344M-104,2024-10-15 07:29:38+00:00,not_walking,0,xgboost,3,47046344M-104,reference,0.0,0.06106466054916382,0
47046344M-104,2024-10-15 07:29:39+00:00,not_walking,0,xgboost,3,47046344M-104,reference,0.0,0.10878415405750275,0
47046344M-104,2024-10-15 07:29:40+00:00,not_walking,0,xgboost,3,47046344M-104,reference,0.0,0.15768963098526,0
47046344M-104,2024-10-15 07:29:41+00:00,not_walking,0,xgboost,3,47046344M-104,reference,0.0,0.030688336119055748,0
47046344M-104,2024-10-15 07:29:42+00:00,not_walking,0,xgboost,3,47046344M-104,reference,0.0,0.04797341302037239,0
47046344M-104,2024-10-15 07:29:43+00:00,not_walking,0,xgboost,3,47046344M-104,reference,0.0,0.06695627421140671,0
47046344M-104,2024-10-15 07:29:44+00:00,not_walking,0,xgboost,3,47046344M-104,reference,0.0,0.07729137688875198,0
47046344M-104,2024-10-15 07:29:45+00:00,not_walking,0,xgboost,3,47046344M-104,reference,0.0,0.2343723475933075,0
47046344M-104,2024-10-15 07:29:46+00:00,not_walking,0,xgboost,3,47046344M-104,reference,0.0,0.047937870025634766,0
47046344M-104,2024-10-15 07:29:47+00:00,not_walking,0,xgboost,3,47046344M-104,reference,0.0,0.07687362283468246,0
47046344M-104,2024-10-15 07:29:48+00:00,not_walking,0,xgboost,3,47046344M-104,reference,0.0,0.059073567390441895,0
47046344M-104,2024-10-15 07:29:49+00:00,not_walking,0,xgboost,3,47046344M-104,reference,0.0,0.05885905772447586,0
47046344M-104,2024-10-15 07:29:50+00:00,not_walking,0,xgboost,3,47046344M-104,reference,0.0,0.05651591345667839,0
47046344M-104,2024-10-15 07:29:51+00:00,not_walking,0,xgboost,3,47046344M-104,reference,0.0,0.047211527824401855,0
47046344M-104,2024-10-15 07:29:52+00:00,not_walking,0,xgboost,3,47046344M-104,reference,0.0,0.055552877485752106,0
47046344M-104,2024-10-15 07:29:53+00:00,not_walking,0,xgboost,3,47046344M-104,reference,0.0,0.017165755853056908,0
47046344M-104,2024-10-15 07:29:54+00:00,not_walking,0,xgboost,3,47046344M-104,reference,0.0,0.05829998850822449,0
47046344M-104,2024-10-15 07:29:55+00:00,not_walking,0,xgboost,3,47046344M-104,reference,0.0,0.48808491230010986,0
47046344M-104,2024-10-15 07:29:56+00:00,not_walking,0,xgboost,3,47046344M-104,reference,0.0,0.1329757124185562,0
47046344M-104,2024-10-15 07:29:57+00:00,not_walking,0,xgboost,3,47046344M-104,reference,0.0,0.21807479858398438,0
47046344M-104,2024-10-15 07:29:58+00:00,not_walking,0,xgboost,3,47046344M-104,reference,0.0,0.13486164808273315,0
47046344M-104,2024-10-15 07:29:59+00:00,not_walking,0,xgboost,3,47046344M-104,reference,0.0,0.047995783388614655,0
47046344M-104,2024-10-15 07:30:02+00:00,walking,1,xgboost,3,47046344M-104,reference,0.0,0.058555345982313156,0
47046344M-104,2024-10-15 07:30:03+00:00,walking,1,xgboost,3,47046344M-104,reference,0.0,0.1318838894367218,0
47046344M-104,2024-10-15 07:30:04+00:00,walking,1,xgboost,3,47046344M-104,reference,0.0,0.04926875978708267,0
47046344M-104,2024-10-15 07:30:05+00:00,walking,1,xgboost,3,47046344M-104,reference,0.0,0.08954786509275436,0
47046344M-104,2024-10-15 07:30:06+00:00,walking,1,xgboost,3,47046344M-104,reference,0.0,0.013597726821899414,0
47046344M-104,2024-10-15 07:30:07+00:00,walking,1,xgboost,3,47046344M-104,reference,0.0,0.06175290048122406,0
47046344M-104,2024-10-15 07:30:08+00:00,walking,1,xgboost,3,47046344M-104,reference,0.0,0.07676959782838821,0
47046344M-104,2024-10-15 07:30:09+00:00,walking,1,xgboost,3,47046344M-104,reference,0.0,0.0780339315533638,0
47046344M-104,2024-10-15 07:30:10+00:00,walking,1,xgboost,3,47046344M-104,reference,0.0,0.23353658616542816,0
47046344M-104,2024-10-15 07:30:11+00:00,walking,1,xgboost,3,47046344M-104,reference,0.0,0.19853371381759644,0
47046344M-104,2024-10-15 07:30:12+00:00,walking,1,xgboost,3,47046344M-104,reference,0.0,0.12441147863864899,0
47046344M-104,2024-10-15 07:30:13+00:00,walking,1,xgboost,3,47046344M-104,reference,0.0,0.055306993424892426,0
47046344M-104,2024-10-15 07:30:14+00:00,walking,1,xgboost,3,47046344M-104,reference,0.0,0.04296485334634781,0
47046344M-104,2024-10-15 07:30:15+00:00,walking,1,xgboost,3,47046344M-104,reference,0.0,0.05386129394173622,0
47046344M-104,2024-10-15 07:30:16+00:00,not_walking,0,xgboost,3,47046344M-104,reference,0.0,0.1082073524594307,0
47046344M-104,2024-10-15 07:30:17+00:00,not_walking,0,xgboost,3,47046344M-104,reference,0.0,0.20532748103141785,0
47046344M-104,2024-10-15 07:30:18+00:00,not_walking,0,xgboost,3,47046344M-104,reference,0.0,0.1953480839729309,0
47046344M-104,2024-10-15 07:30:19+00:00,not_walking,0,xgboost,3,47046344M-104,reference,0.0,0.1708684265613556,0
47046344M-104,2024-10-15 07:30:20+00:00,not_walking,0,xgboost,3,47046344M-104,reference,0.0,0.04712114855647087,0
47046344M-104,2024-10-15 07:30:21+00:00,not_walking,0,xgboost,3,47046344M-104,reference,0.0,0.1223885640501976,0
47046344M-104,2024-10-15 07:30:22+00:00,not_walking,0,xgboost,3,47046344M-104,reference,0.0,0.2024124413728714,0
47046344M-104,2024-10-15 07:30:23+00:00,not_walking,0,xgboost,3,47046344M-104,reference,0.0,0.1417798399925232,0
47046344M-104,2024-10-15 07:30:24+00:00,not_walking,0,xgboost,3,47046344M-104,reference,0.0,0.10327257961034775,0
47046344M-104,2024-10-15 07:30:25+00:00,not_walking,0,xgboost,3,47046344M-104,reference,0.0,0.1144629642367363,0
47046344M-104,2024-10-15 07:30:26+00:00,not_walking,0,xgboost,3,47046344M-104,reference,0.0,0.11016397923231125,0
47046344M-104,2024-10-15 07:30:27+00:00,not_walking,0,xgboost,3,47046344M-104,reference,0.0,0.09049595892429352,0
47046344M-104,2024-10-15 07:30:28+00:00,not_walking,0,xgboost,3,47046344M-104,reference,0.0,0.06473539769649506,0
47046344M-104,2024-10-15 07:30:29+00:00,not_walking,0,xgboost,3,47046344M-104,reference,0.0,0.08262963593006134,0
47046344M-104,2024-10-15 07:30:30+00:00,not_walking,0,xgboost,3,47046344M-104,reference,0.0,0.21821902692317963,0
47046344M-104,2024-10-15 07:30:31+00:00,not_walking,0,xgboost,3,47046344M-104,reference,0.0,0.15667115151882172,0
47046344M-104,2024-10-15 07:30:32+00:00,not_walking,0,xgboost,3,47046344M-104,reference,0.0,0.12136297672986984,0
47046344M-104,2024-10-15 07:30:33+00:00,not_walking,0,xgboost,3,47046344M-104,reference,0.0,0.08152414858341217,0
47046344M-104,2024-10-15 07:30:34+00:00,not_walking,0,xgboost,3,47046344M-104,reference,0.0,0.30179867148399353,0
47046344M-104,2024-10-15 07:30:35+00:00,not_walking,0,xgboost,3,47046344M-104,reference,0.0,0.191366046667099,0
47046344M-104,2024-10-15 07:30:36+00:00,not_walking,0,xgboost,3,47046344M-104,reference,0.0,0.1902189701795578,0
47046344M-104,2024-10-15 07:30:37+00:00,not_walking,0,xgboost,3,47046344M-104,reference,0.0,0.06348788738250732,0
47046344M-104,2024-10-15 07:30:38+00:00,not_walking,0,xgboost,3,47046344M-104,reference,0.0,0.09901499003171921,0
47046344M-104,2024-10-15 07:30:39+00:00,not_walking,0,xgboost,3,47046344M-104,reference,0.0,0.03937806561589241,0
47046344M-104,2024-10-15 07:30:40+00:00,not_walking,0,xgboost,3,47046344M-104,reference,0.0,0.07237289845943451,0
47046344M-104,2024-10-15 07:30:41+00:00,not_walking,0,xgboost,3,47046344M-104,reference,0.0,0.12534722685813904,0
47046344M-104,2024-10-15 07:30:42+00:00,not_walking,0,xgboost,3,47046344M-104,reference,0.0,0.07498029619455338,0
47046344M-104,2024-10-15 07:30:43+00:00,not_walking,0,xgboost,3,47046344M-104,reference,0.0,0.1307975947856903,0
47046344M-104,2024-10-15 07:30:44+00:00,not_walking,0,xgboost,3,47046344M-104,reference,0.0,0.09381940960884094,0
47046344M-104,2024-10-15 07:30:45+00:00,not_walking,0,xgboost,3,47046344M-104,reference,0.0,0.08089426159858704,0
47046344M-104,2024-10-15 07:30:46+00:00,not_walking,0,xgboost,3,47046344M-104,reference,0.0,0.1301797777414322,0
47046344M-104,2024-10-15 07:30:47+00:00,not_walking,0,xgboost,3,47046344M-104,reference,0.0,0.08573213219642639,0
47046344M-104,2024-10-15 07:30:48+00:00,not_walking,0,xgboost,3,47046344M-104,reference,0.0,0.12479615956544876,0
47046344M-104,2024-10-15 07:30:49+00:00,not_walking,0,xgboost,3,47046344M-104,reference,0.0,0.05801626667380333,0
47046344M-104,2024-10-15 07:30:50+00:00,not_walking,0,xgboost,3,47046344M-104,reference,0.0,0.09319885075092316,0
47046344M-104,2024-10-15 07:30:51+00:00,not_walking,0,xgboost,3,47046344M-104,reference,0.0,0.07419312000274658,0
47046344M-104,2024-10-15 07:30:52+00:00,not_walking,0,xgboost,3,47046344M-104,reference,0.0,0.08896920830011368,0
47046344M-104,2024-10-15 07:30:53+00:00,not_walking,0,xgboost,3,47046344M-104,reference,0.0,0.13251151144504547,0
47046344M-104,2024-10-15 07:30:54+00:00,not_walking,0,xgboost,3,47046344M-104,reference,0.0,0.08666256070137024,0
47046344M-104,2024-10-15 07:30:55+00:00,not_walking,0,xgboost,3,47046344M-104,reference,0.0,0.07077260315418243,0
47046344M-104,2024-10-15 07:30:56+00:00,not_walking,0,xgboost,3,47046344M-104,reference,0.0,0.1509486734867096,0
47046344M-104,2024-10-15 07:30:57+00:00,not_walking,0,xgboost,3,47046344M-104,reference,0.0,0.08322224766016006,0
47046344M-104,2024-10-15 07:30:58+00:00,not_walking,0,xgboost,3,47046344M-104,reference,0.0,0.03494179993867874,0
47046344M-104,2024-10-15 07:30:59+00:00,not_walking,0,xgboost,3,47046344M-104,reference,0.0,0.11268000304698944,0
47046344M-104,2024-10-15 07:31:00+00:00,not_walking,0,xgboost,3,47046344M-104,reference,0.0,0.153703972697258,0
47046344M-104,2024-10-15 07:31:01+00:00,not_walking,0,xgboost,3,47046344M-104,reference,0.0,0.09411875158548355,0
47046344M-104,2024-10-15 07:31:02+00:00,not_walking,0,xgboost,3,47046344M-104,reference,0.0,0.1116374060511589,0
47046344M-104,2024-10-15 07:31:03+00:00,not_walking,0,xgboost,3,47046344M-104,reference,0.0,0.1234152689576149,0
47046344M-104,2024-10-15 07:31:04+00:00,not_walking,0,xgboost,3,47046344M-104,reference,0.0,0.10684917122125626,0
47046344M-104,2024-10-15 07:31:05+00:00,not_walking,0,xgboost,3,47046344M-104,reference,0.0,0.05727493017911911,0
47046344M-104,2024-10-15 07:31:06+00:00,not_walking,0,xgboost,3,47046344M-104,reference,0.0,0.06120908260345459,0
47046344M-104,2024-10-15 07:31:07+00:00,not_walking,0,xgboost,3,47046344M-104,reference,0.0,0.08068445324897766,0
47046344M-104,2024-10-15 07:31:08+00:00,not_walking,0,xgboost,3,47046344M-104,reference,0.0,0.050522588193416595,0
47046344M-104,2024-10-15 07:31:09+00:00,not_walking,0,xgboost,3,47046344M-104,reference,0.0,0.14056114852428436,0
47046344M-104,2024-10-15 07:31:10+00:00,not_walking,0,xgboost,3,47046344M-104,reference,0.0,0.03390092775225639,0
47046344M-104,2024-10-15 07:31:11+00:00,not_walking,0,xgboost,3,47046344M-104,reference,0.0,0.039186131209135056,0
47046344M-104,2024-10-15 07:31:12+00:00,not_walking,0,xgboost,3,47046344M-104,reference,0.0,0.018548864871263504,0
47046344M-104,2024-10-15 07:31:13+00:00,not_walking,0,xgboost,3,47046344M-104,reference,0.0,0.07395917922258377,0
47046344M-104,2024-10-15 07:31:14+00:00,not_walking,0,xgboost,3,47046344M-104,reference,0.0,0.13211137056350708,0
47046344M-104,2024-10-15 07:31:15+00:00,not_walking,0,xgboost,3,47046344M-104,reference,0.0,0.03452562913298607,0
47046344M-104,2024-10-15 07:31:16+00:00,not_walking,0,xgboost,3,47046344M-104,reference,0.0,0.22988221049308777,0
47046344M-104,2024-10-15 07:31:17+00:00,not_walking,0,xgboost,3,47046344M-104,reference,0.0,0.0286716278642416,0
47046344M-104,2024-10-15 07:31:18+00:00,not_walking,0,xgboost,3,47046344M-104,reference,0.0,0.03225088119506836,0
47046344M-104,2024-10-15 07:31:19+00:00,not_walking,0,xgboost,3,47046344M-104,reference,0.0,0.033749621361494064,0
47046344M-104,2024-10-15 07:31:20+00:00,not_walking,0,xgboost,3,47046344M-104,reference,0.0,0.04657842591404915,0
47046344M-104,2024-10-15 07:31:21+00:00,not_walking,0,xgboost,3,47046344M-104,reference,0.0,0.3074811100959778,0
47046344M-104,2024-10-15 07:31:22+00:00,not_walking,0,xgboost,3,47046344M-104,reference,0.0,0.030848171561956406,0
47046344M-104,2024-10-15 07:31:23+00:00,not_walking,0,xgboost,3,47046344M-104,reference,0.0,0.09983326494693756,0
47046344M-104,2024-10-15 07:31:24+00:00,not_walking,0,xgboost,3,47046344M-104,reference,0.0,0.022951949387788773,0
47046344M-104,2024-10-15 07:31:25+00:00,not_walking,0,xgboost,3,47046344M-104,reference,0.0,0.04348522797226906,0
47046344M-104,2024-10-15 07:31:26+00:00,not_walking,0,xgboost,3,47046344M-104,reference,0.0,0.034883592277765274,0
47046344M-104,2024-10-15 07:31:27+00:00,not_walking,0,xgboost,3,47046344M-104,reference,0.0,0.10428976267576218,0
47046344M-104,2024-10-15 07:31:28+00:00,not_walking,0,xgboost,3,47046344M-104,reference,0.0,0.16525815427303314,0
47046344M-104,2024-10-15 07:31:29+00:00,not_walking,0,xgboost,3,47046344M-104,reference,0.0,0.030726054683327675,0
47046344M-104,2024-10-15 07:31:30+00:00,not_walking,0,xgboost,3,47046344M-104,reference,0.0,0.018766602501273155,0
47046344M-104,2024-10-15 07:31:31+00:00,not_walking,0,xgboost,3,47046344M-104,reference,0.0,0.021201705560088158,0
47046344M-104,2024-10-15 07:31:32+00:00,not_walking,0,xgboost,3,47046344M-104,reference,0.0,0.055587202310562134,0
47046344M-104,2024-10-15 07:31:33+00:00,not_walking,0,xgboost,3,47046344M-104,reference,0.0,0.06967255473136902,0
47046344M-104,2024-10-15 07:31:34+00:00,not_walking,0,xgboost,3,47046344M-104,reference,0.0,0.24178531765937805,0
47046344M-104,2024-10-15 07:31:35+00:00,not_walking,0,xgboost,3,47046344M-104,reference,0.0,0.04473939165472984,0
47046344M-104,2024-10-15 07:31:36+00:00,not_walking,0,xgboost,3,47046344M-104,reference,0.0,0.036925334483385086,0
47046344M-104,2024-10-15 07:31:37+00:00,not_walking,0,xgboost,3,47046344M-104,reference,0.0,0.04528932273387909,0
47046344M-104,2024-10-15 07:31:38+00:00,not_walking,0,xgboost,3,47046344M-104,reference,0.0,0.045622047036886215,0
47046344M-104,2024-10-15 07:31:39+00:00,not_walking,0,xgboost,3,47046344M-104,reference,0.0,0.0739239975810051,0
47046344M-104,2024-10-15 07:31:40+00:00,not_walking,0,xgboost,3,47046344M-104,reference,0.0,0.08448349684476852,0
47046344M-104,2024-10-15 07:31:41+00:00,not_walking,0,xgboost,3,47046344M-104,reference,0.0,0.14428123831748962,0
47046344M-104,2024-10-15 07:31:42+00:00,not_walking,0,xgboost,3,47046344M-104,reference,0.0,0.07095608115196228,0
47046344M-104,2024-10-15 07:31:43+00:00,not_walking,0,xgboost,3,47046344M-104,reference,0.0,0.0360214002430439,0
47046344M-104,2024-10-15 07:31:44+00:00,not_walking,0,xgboost,3,47046344M-104,reference,0.0,0.10964760184288025,0
47046344M-104,2024-10-15 07:31:45+00:00,not_walking,0,xgboost,3,47046344M-104,reference,0.0,0.03049703873693943,0
47046344M-104,2024-10-15 07:31:46+00:00,not_walking,0,xgboost,3,47046344M-104,reference,0.0,0.027704717591404915,0
47046344M-104,2024-10-15 07:31:47+00:00,not_walking,0,xgboost,3,47046344M-104,reference,0.0,0.03482792153954506,0
47046344M-104,2024-10-15 07:31:48+00:00,not_walking,0,xgboost,3,47046344M-104,reference,0.0,0.06051528826355934,0
47046344M-104,2024-10-15 07:31:49+00:00,not_walking,0,xgboost,3,47046344M-104,reference,0.0,0.030571669340133667,0
47046344M-104,2024-10-15 07:31:50+00:00,not_walking,0,xgboost,3,47046344M-104,reference,0.0,0.14422102272510529,0
47046344M-104,2024-10-15 07:31:54+00:00,walking,1,xgboost,3,47046344M-104,reference,0.0,0.17583027482032776,0
47046344M-104,2024-10-15 07:31:55+00:00,walking,1,xgboost,3,47046344M-104,reference,0.0,0.18708325922489166,0
47046344M-104,2024-10-15 07:31:56+00:00,walking,1,xgboost,3,47046344M-104,reference,0.0,0.2599836587905884,0
47046344M-104,2024-10-15 07:31:57+00:00,walking,1,xgboost,3,47046344M-104,reference,0.0,0.11450093984603882,0
47046344M-104,2024-10-15 07:31:58+00:00,walking,1,xgboost,3,47046344M-104,reference,0.0,0.038582656532526016,0
47046344M-104,2024-10-15 07:31:59+00:00,walking,1,xgboost,3,47046344M-104,reference,0.0,0.07401197403669357,0
47046344M-104,2024-10-15 07:32:00+00:00,walking,1,xgboost,3,47046344M-104,reference,0.0,0.08162373304367065,0
47046344M-104,2024-10-15 07:32:01+00:00,walking,1,xgboost,3,47046344M-104,reference,0.0,0.027496207505464554,0
47046344M-104,2024-10-15 07:32:02+00:00,walking,1,xgboost,3,47046344M-104,reference,0.0,0.08251696825027466,0
47046344M-104,2024-10-15 07:32:03+00:00,walking,1,xgboost,3,47046344M-104,reference,0.0,0.05890623480081558,0
47046344M-104,2024-10-15 07:32:04+00:00,walking,1,xgboost,3,47046344M-104,reference,0.0,0.07814434915781021,0
47046344M-104,2024-10-15 07:32:05+00:00,walking,1,xgboost,3,47046344M-104,reference,0.0,0.022594928741455078,0
47046344M-104,2024-10-15 07:32:06+00:00,walking,1,xgboost,3,47046344M-104,reference,0.0,0.07763621211051941,0
47046344M-104,2024-10-15 07:32:07+00:00,walking,1,xgboost,3,47046344M-104,reference,0.0,0.05244451388716698,0
47046344M-104,2024-10-15 07:32:08+00:00,walking,1,xgboost,3,47046344M-104,reference,0.0,0.044925086200237274,0
47046344M-104,2024-10-15 07:32:09+00:00,walking,1,xgboost,3,47046344M-104,reference,0.0,0.1232730969786644,0
47046344M-104,2024-10-15 07:32:10+00:00,walking,1,xgboost,3,47046344M-104,reference,0.0,0.09556415677070618,0
47046344M-104,2024-10-15 07:32:11+00:00,walking,1,xgboost,3,47046344M-104,reference,0.0,0.05382879078388214,0
47046344M-104,2024-10-15 07:32:12+00:00,walking,1,xgboost,3,47046344M-104,reference,0.0,0.05964008718729019,0
47046344M-104,2024-10-15 07:32:13+00:00,walking,1,xgboost,3,47046344M-104,reference,0.0,0.13485315442085266,0
47046344M-104,2024-10-15 07:32:14+00:00,walking,1,xgboost,3,47046344M-104,reference,0.0,0.17648348212242126,0
47046344M-104,2024-10-15 07:32:15+00:00,walking,1,xgboost,3,47046344M-104,reference,0.0,0.10965660214424133,0
47046344M-104,2024-10-15 07:32:16+00:00,walking,1,xgboost,3,47046344M-104,reference,0.0,0.14393410086631775,0
47046344M-104,2024-10-15 07:32:17+00:00,walking,1,xgboost,3,47046344M-104,reference,0.0,0.09927409887313843,0
47046344M-104,2024-10-15 07:32:18+00:00,walking,1,xgboost,3,47046344M-104,reference,0.0,0.0791756883263588,0
47046344M-104,2024-10-15 07:32:19+00:00,walking,1,xgboost,3,47046344M-104,reference,0.0,0.09910675883293152,0
47046344M-104,2024-10-15 07:32:20+00:00,walking,1,xgboost,3,47046344M-104,reference,0.0,0.12464266270399094,0
47046344M-104,2024-10-15 07:32:21+00:00,walking,1,xgboost,3,47046344M-104,reference,0.0,0.042544711381196976,0
47046344M-104,2024-10-15 07:32:22+00:00,walking,1,xgboost,3,47046344M-104,reference,0.0,0.10548724234104156,0
47046344M-104,2024-10-15 07:32:23+00:00,walking,1,xgboost,3,47046344M-104,reference,0.0,0.04752769693732262,0
47046344M-104,2024-10-15 07:32:24+00:00,walking,1,xgboost,3,47046344M-104,reference,0.0,0.02965252473950386,0
47046344M-104,2024-10-15 07:32:25+00:00,walking,1,xgboost,3,47046344M-104,reference,0.0,0.03482116386294365,0
47046344M-104,2024-10-15 07:32:26+00:00,walking,1,xgboost,3,47046344M-104,reference,0.0,0.023786582052707672,0
47046344M-104,2024-10-15 07:32:27+00:00,walking,1,xgboost,3,47046344M-104,reference,0.0,0.11147810518741608,0
47046344M-104,2024-10-15 07:32:28+00:00,walking,1,xgboost,3,47046344M-104,reference,0.0,0.05584151670336723,0
47046344M-104,2024-10-15 07:33:39+00:00,walking,1,xgboost,3,47046344M-104,reference,0.0,0.08128967881202698,0
47046344M-104,2024-10-15 07:33:40+00:00,walking,1,xgboost,3,47046344M-104,reference,0.0,0.20445159077644348,0
47046344M-104,2024-10-15 07:33:41+00:00,walking,1,xgboost,3,47046344M-104,reference,0.0,0.061328254640102386,0
47046344M-104,2024-10-15 07:33:42+00:00,walking,1,xgboost,3,47046344M-104,reference,0.0,0.06350500136613846,0
47046344M-104,2024-10-15 07:33:43+00:00,walking,1,xgboost,3,47046344M-104,reference,0.0,0.033060017973184586,0
47046344M-104,2024-10-15 07:33:44+00:00,walking,1,xgboost,3,47046344M-104,reference,0.0,0.05624467507004738,0
47046344M-104,2024-10-15 07:33:45+00:00,walking,1,xgboost,3,47046344M-104,reference,0.0,0.07716266065835953,0
47046344M-104,2024-10-15 07:33:46+00:00,walking,1,xgboost,3,47046344M-104,reference,0.0,0.020621204748749733,0
47046344M-104,2024-10-15 07:33:47+00:00,walking,1,xgboost,3,47046344M-104,reference,0.0,0.03683223947882652,0
47046344M-104,2024-10-15 07:33:48+00:00,walking,1,xgboost,3,47046344M-104,reference,0.0,0.04249822348356247,0
47046344M-104,2024-10-15 07:33:49+00:00,walking,1,xgboost,3,47046344M-104,reference,0.0,0.031345222145318985,0
47046344M-104,2024-10-15 07:33:50+00:00,walking,1,xgboost,3,47046344M-104,reference,0.0,0.06163812801241875,0
47046344M-104,2024-10-15 07:33:51+00:00,walking,1,xgboost,3,47046344M-104,reference,0.0,0.033294741064310074,0
47046344M-104,2024-10-15 07:33:52+00:00,walking,1,xgboost,3,47046344M-104,reference,0.0,0.028706660494208336,0
47046344M-104,2024-10-15 07:33:53+00:00,walking,1,xgboost,3,47046344M-104,reference,0.0,0.03586583584547043,0
47046344M-104,2024-10-15 07:33:54+00:00,walking,1,xgboost,3,47046344M-104,reference,0.0,0.04311484098434448,0
47046344M-104,2024-10-15 07:33:55+00:00,walking,1,xgboost,3,47046344M-104,reference,0.0,0.01962990313768387,0
47046344M-104,2024-10-15 07:33:56+00:00,walking,1,xgboost,3,47046344M-104,reference,0.0,0.13384996354579926,0
47046344M-104,2024-10-15 07:33:57+00:00,walking,1,xgboost,3,47046344M-104,reference,0.0,0.038632478564977646,0
47046344M-104,2024-10-15 07:33:58+00:00,walking,1,xgboost,3,47046344M-104,reference,0.0,0.03788045048713684,0
47046344M-104,2024-10-15 07:33:59+00:00,walking,1,xgboost,3,47046344M-104,reference,0.0,0.20154625177383423,0
47046344M-104,2024-10-15 07:34:00+00:00,walking,1,xgboost,3,47046344M-104,reference,0.0,0.14327970147132874,0
47046344M-104,2024-10-15 07:34:01+00:00,walking,1,xgboost,3,47046344M-104,reference,0.0,0.07134763896465302,0
47046344M-104,2024-10-15 07:34:02+00:00,walking,1,xgboost,3,47046344M-104,reference,0.0,0.0920792892575264,0
47046344M-104,2024-10-15 07:34:03+00:00,walking,1,xgboost,3,47046344M-104,reference,0.0,0.10626980662345886,0
47046344M-104,2024-10-15 07:34:04+00:00,walking,1,xgboost,3,47046344M-104,reference,0.0,0.03341044485569,0
47046344M-104,2024-10-15 07:34:05+00:00,walking,1,xgboost,3,47046344M-104,reference,0.0,0.11782658100128174,0
47046344M-104,2024-10-15 07:34:06+00:00,walking,1,xgboost,3,47046344M-104,reference,0.0,0.058577071875333786,0
47046344M-104,2024-10-15 07:34:07+00:00,walking,1,xgboost,3,47046344M-104,reference,0.0,0.029380353167653084,0
47046344M-104,2024-10-15 07:34:08+00:00,walking,1,xgboost,3,47046344M-104,reference,0.0,0.06434796750545502,0
47046344M-104,2024-10-15 07:34:09+00:00,walking,1,xgboost,3,47046344M-104,reference,0.0,0.2991369366645813,0
47046344M-104,2024-10-15 07:34:10+00:00,walking,1,xgboost,3,47046344M-104,reference,0.0,0.043224114924669266,0
47046344M-104,2024-10-15 07:34:11+00:00,walking,1,xgboost,3,47046344M-104,reference,0.0,0.04074329510331154,0
47046344M-104,2024-10-15 07:34:12+00:00,walking,1,xgboost,3,47046344M-104,reference,0.0,0.030905675143003464,0
47046344M-104,2024-10-15 07:34:13+00:00,walking,1,xgboost,3,47046344M-104,reference,0.0,0.06698477268218994,0
47046344M-104,2024-10-15 07:34:14+00:00,walking,1,xgboost,3,47046344M-104,reference,0.0,0.07224570214748383,0
47046344M-104,2024-10-15 07:34:15+00:00,walking,1,xgboost,3,47046344M-104,reference,0.0,0.11813141405582428,0
47046344M-104,2024-10-15 07:34:16+00:00,walking,1,xgboost,3,47046344M-104,reference,0.0,0.15154987573623657,0
47046344M-104,2024-10-15 07:34:17+00:00,walking,1,xgboost,3,47046344M-104,reference,0.0,0.02562507428228855,0
47046344M-104,2024-10-15 07:34:18+00:00,walking,1,xgboost,3,47046344M-104,reference,0.0,0.02256465144455433,0
47046344M-104,2024-10-15 07:34:19+00:00,walking,1,xgboost,3,47046344M-104,reference,0.0,0.06677844375371933,0
47046344M-104,2024-10-15 07:34:20+00:00,walking,1,xgboost,3,47046344M-104,reference,0.0,0.04605690762400627,0
47046344M-104,2024-10-15 07:34:21+00:00,walking,1,xgboost,3,47046344M-104,reference,0.0,0.043366797268390656,0
47046344M-104,2024-10-15 07:34:22+00:00,walking,1,xgboost,3,47046344M-104,reference,0.0,0.02708163857460022,0
47046344M-104,2024-10-15 07:34:23+00:00,walking,1,xgboost,3,47046344M-104,reference,0.0,0.033303797245025635,0
47046344M-104,2024-10-15 07:34:24+00:00,walking,1,xgboost,3,47046344M-104,reference,0.0,0.042427536100149155,0
47046344M-104,2024-10-15 07:34:25+00:00,walking,1,xgboost,3,47046344M-104,reference,0.0,0.04000340774655342,0
47046344M-104,2024-10-15 07:34:26+00:00,walking,1,xgboost,3,47046344M-104,reference,0.0,0.12647922337055206,0
47046344M-104,2024-10-15 07:34:27+00:00,walking,1,xgboost,3,47046344M-104,reference,0.0,0.032369215041399,0
47046344M-104,2024-10-15 07:34:28+00:00,walking,1,xgboost,3,47046344M-104,reference,0.0,0.038302674889564514,0
47046344M-104,2024-10-15 07:34:29+00:00,walking,1,xgboost,3,47046344M-104,reference,0.0,0.07617884129285812,0
47046344M-104,2024-10-15 07:34:30+00:00,walking,1,xgboost,3,47046344M-104,reference,0.0,0.0381716825067997,0
47046344M-104,2024-10-15 07:34:31+00:00,walking,1,xgboost,3,47046344M-104,reference,0.0,0.050999291241168976,0
47046344M-104,2024-10-15 07:34:32+00:00,walking,1,xgboost,3,47046344M-104,reference,0.0,0.16720634698867798,0
47046344M-104,2024-10-15 07:34:33+00:00,walking,1,xgboost,3,47046344M-104,reference,0.0,0.031589310616254807,0
47046344M-104,2024-10-15 07:34:34+00:00,walking,1,xgboost,3,47046344M-104,reference,0.0,0.026233652606606483,0
47046344M-104,2024-10-15 07:34:35+00:00,walking,1,xgboost,3,47046344M-104,reference,0.0,0.03261253610253334,0
47046344M-104,2024-10-15 07:34:36+00:00,walking,1,xgboost,3,47046344M-104,reference,0.0,0.046714529395103455,0
47046344M-104,2024-10-15 07:34:37+00:00,walking,1,xgboost,3,47046344M-104,reference,0.0,0.03354277461767197,0
47046344M-104,2024-10-15 07:34:38+00:00,walking,1,xgboost,3,47046344M-104,reference,0.0,0.08564990758895874,0
47046344M-104,2024-10-15 07:34:39+00:00,walking,1,xgboost,3,47046344M-104,reference,0.0,0.04696374759078026,0
47046344M-104,2024-10-15 07:34:40+00:00,walking,1,xgboost,3,47046344M-104,reference,0.0,0.246053546667099,0
47046344M-104,2024-10-15 07:34:41+00:00,walking,1,xgboost,3,47046344M-104,reference,0.0,0.25034624338150024,0
47046344M-104,2024-10-15 07:34:42+00:00,walking,1,xgboost,3,47046344M-104,reference,0.0,0.06837048381567001,0
47046344M-104,2024-10-15 07:34:43+00:00,walking,1,xgboost,3,47046344M-104,reference,0.0,0.058605875819921494,0
47046344M-104,2024-10-15 07:34:44+00:00,walking,1,xgboost,3,47046344M-104,reference,0.0,0.3401223123073578,0
47046344M-104,2024-10-15 07:34:45+00:00,walking,1,xgboost,3,47046344M-104,reference,0.0,0.031488340348005295,0
47046344M-104,2024-10-15 07:34:46+00:00,walking,1,xgboost,3,47046344M-104,reference,0.0,0.07937566190958023,0
47046344M-104,2024-10-15 07:34:47+00:00,walking,1,xgboost,3,47046344M-104,reference,0.0,0.08376964181661606,0
47046344M-104,2024-10-15 07:34:48+00:00,walking,1,xgboost,3,47046344M-104,reference,0.0,0.06217807158827782,0
47046344M-104,2024-10-15 07:34:49+00:00,walking,1,xgboost,3,47046344M-104,reference,0.0,0.02923388034105301,0
47046344M-104,2024-10-15 07:34:50+00:00,walking,1,xgboost,3,47046344M-104,reference,0.0,0.1371290236711502,0
47046344M-104,2024-10-15 07:34:51+00:00,walking,1,xgboost,3,47046344M-104,reference,0.0,0.06580435484647751,0
47046344M-104,2024-10-15 07:34:52+00:00,walking,1,xgboost,3,47046344M-104,reference,0.0,0.036595214158296585,0
47046344M-104,2024-10-15 07:34:53+00:00,walking,1,xgboost,3,47046344M-104,reference,0.0,0.1921699494123459,0
47046344M-104,2024-10-15 07:34:54+00:00,walking,1,xgboost,3,47046344M-104,reference,0.0,0.04227055609226227,0
47046344M-104,2024-10-15 07:34:55+00:00,walking,1,xgboost,3,47046344M-104,reference,0.0,0.07793902605772018,0
47046344M-104,2024-10-15 07:34:56+00:00,walking,1,xgboost,3,47046344M-104,reference,0.0,0.17710259556770325,0
47046344M-104,2024-10-15 07:34:57+00:00,walking,1,xgboost,3,47046344M-104,reference,0.0,0.025932544842362404,0
47046344M-104,2024-10-15 07:34:58+00:00,walking,1,xgboost,3,47046344M-104,reference,0.0,0.04360838606953621,0
47046344M-104,2024-10-15 07:34:59+00:00,walking,1,xgboost,3,47046344M-104,reference,0.0,0.04049292951822281,0
47046344M-104,2024-10-15 07:35:00+00:00,walking,1,xgboost,3,47046344M-104,reference,0.0,0.012057851999998093,0
47046344M-104,2024-10-15 07:35:01+00:00,walking,1,xgboost,3,47046344M-104,reference,0.0,0.347415953874588,0
47046344M-104,2024-10-15 07:35:02+00:00,walking,1,xgboost,3,47046344M-104,reference,0.0,0.09690278023481369,0
47046344M-104,2024-10-15 07:35:03+00:00,walking,1,xgboost,3,47046344M-104,reference,0.0,0.11890018731355667,0
47046344M-104,2024-10-15 07:35:04+00:00,walking,1,xgboost,3,47046344M-104,reference,0.0,0.025354456156492233,0
47046344M-104,2024-10-15 07:35:05+00:00,walking,1,xgboost,3,47046344M-104,reference,0.0,0.04259146749973297,0
47046344M-104,2024-10-15 07:35:06+00:00,walking,1,xgboost,3,47046344M-104,reference,0.0,0.043325938284397125,0
47046344M-104,2024-10-15 07:35:07+00:00,walking,1,xgboost,3,47046344M-104,reference,0.0,0.05086647719144821,0
47046344M-104,2024-10-15 07:35:08+00:00,walking,1,xgboost,3,47046344M-104,reference,0.0,0.03573177754878998,0
47046344M-104,2024-10-15 07:35:09+00:00,walking,1,xgboost,3,47046344M-104,reference,0.0,0.5736641883850098,1
47046344M-104,2024-10-15 07:35:10+00:00,walking,1,xgboost,3,47046344M-104,reference,0.0,0.1024596318602562,0
47046344M-104,2024-10-15 07:35:11+00:00,walking,1,xgboost,3,47046344M-104,reference,0.0,0.1400839239358902,0
47046344M-104,2024-10-15 07:35:12+00:00,walking,1,xgboost,3,47046344M-104,reference,0.0,0.14288127422332764,0
47046344M-104,2024-10-15 07:35:13+00:00,walking,1,xgboost,3,47046344M-104,reference,0.0,0.046364929527044296,0
47046344M-104,2024-10-15 07:35:14+00:00,walking,1,xgboost,3,47046344M-104,reference,0.0,0.04276218265295029,0
47046344M-104,2024-10-15 07:35:15+00:00,walking,1,xgboost,3,47046344M-104,reference,0.0,0.08558491617441177,0
47046344M-104,2024-10-15 07:35:16+00:00,walking,1,xgboost,3,47046344M-104,reference,0.0,0.03233961760997772,0
47046344M-104,2024-10-15 07:35:17+00:00,walking,1,xgboost,3,47046344M-104,reference,0.0,0.01150941289961338,0
47046344M-104,2024-10-15 07:35:18+00:00,walking,1,xgboost,3,47046344M-104,reference,0.0,0.014217405579984188,0
47046344M-104,2024-10-15 07:35:19+00:00,walking,1,xgboost,3,47046344M-104,reference,0.0,0.03682288900017738,0
47046344M-104,2024-10-15 07:35:20+00:00,walking,1,xgboost,3,47046344M-104,reference,0.0,0.03575610741972923,0
47046344M-104,2024-10-15 07:35:21+00:00,walking,1,xgboost,3,47046344M-104,reference,0.0,0.019880350679159164,0
47046344M-104,2024-10-15 07:35:22+00:00,walking,1,xgboost,3,47046344M-104,reference,0.0,0.025503961369395256,0
47046344M-104,2024-10-15 07:35:23+00:00,walking,1,xgboost,3,47046344M-104,reference,0.0,0.02292945794761181,0
47046344M-104,2024-10-15 07:35:24+00:00,walking,1,xgboost,3,47046344M-104,reference,0.0,0.2606615722179413,0
47046344M-104,2024-10-15 07:35:25+00:00,walking,1,xgboost,3,47046344M-104,reference,0.0,0.09605088829994202,0
47046344M-104,2024-10-15 07:35:26+00:00,walking,1,xgboost,3,47046344M-104,reference,0.0,0.03546376898884773,0
47046344M-104,2024-10-15 07:35:27+00:00,walking,1,xgboost,3,47046344M-104,reference,0.0,0.057161491364240646,0
47046344M-104,2024-10-15 07:35:28+00:00,walking,1,xgboost,3,47046344M-104,reference,0.0,0.07830410450696945,0
47046344M-104,2024-10-15 07:37:19+00:00,walking,1,xgboost,3,47046344M-104,reference,0.0,0.06790708750486374,0
47046344M-104,2024-10-15 07:37:20+00:00,walking,1,xgboost,3,47046344M-104,reference,0.0,0.18139389157295227,0
47046344M-104,2024-10-15 07:37:21+00:00,walking,1,xgboost,3,47046344M-104,reference,0.0,0.03646497055888176,0
47046344M-104,2024-10-15 07:37:22+00:00,walking,1,xgboost,3,47046344M-104,reference,0.0,0.03185716271400452,0
47046344M-104,2024-10-15 07:37:23+00:00,walking,1,xgboost,3,47046344M-104,reference,0.0,0.05082881450653076,0
47046344M-104,2024-10-15 07:37:24+00:00,walking,1,xgboost,3,47046344M-104,reference,0.0,0.09092254936695099,0
47046344M-104,2024-10-15 07:37:25+00:00,walking,1,xgboost,3,47046344M-104,reference,0.0,0.03310694545507431,0
47046344M-104,2024-10-15 07:37:26+00:00,walking,1,xgboost,3,47046344M-104,reference,0.0,0.023160820826888084,0
47046344M-104,2024-10-15 07:37:27+00:00,walking,1,xgboost,3,47046344M-104,reference,0.0,0.015800748020410538,0
47046344M-104,2024-10-15 07:37:28+00:00,walking,1,xgboost,3,47046344M-104,reference,0.0,0.05611095204949379,0
47046344M-104,2024-10-15 07:37:29+00:00,walking,1,xgboost,3,47046344M-104,reference,0.0,0.1360497921705246,0
47046344M-104,2024-10-15 07:37:30+00:00,walking,1,xgboost,3,47046344M-104,reference,0.0,0.11311618983745575,0
47046344M-104,2024-10-15 07:37:31+00:00,walking,1,xgboost,3,47046344M-104,reference,0.0,0.05235213041305542,0
47046344M-104,2024-10-15 07:37:32+00:00,walking,1,xgboost,3,47046344M-104,reference,0.0,0.055633295327425,0
47046344M-104,2024-10-15 07:37:33+00:00,walking,1,xgboost,3,47046344M-104,reference,0.0,0.08236868679523468,0
47046344M-104,2024-10-15 07:37:34+00:00,walking,1,xgboost,3,47046344M-104,reference,0.0,0.036170292645692825,0
47046344M-104,2024-10-15 07:37:35+00:00,walking,1,xgboost,3,47046344M-104,reference,0.0,0.0998821035027504,0
47046344M-104,2024-10-15 07:37:36+00:00,walking,1,xgboost,3,47046344M-104,reference,0.0,0.021372711285948753,0
47046344M-104,2024-10-15 07:37:37+00:00,walking,1,xgboost,3,47046344M-104,reference,0.0,0.01649613305926323,0
47046344M-104,2024-10-15 07:37:38+00:00,walking,1,xgboost,3,47046344M-104,reference,0.0,0.037114404141902924,0
47046344M-104,2024-10-15 07:37:39+00:00,walking,1,xgboost,3,47046344M-104,reference,0.0,0.07360924035310745,0
47046344M-104,2024-10-15 07:37:40+00:00,walking,1,xgboost,3,47046344M-104,reference,0.0,0.11380951851606369,0
47046344M-104,2024-10-15 07:37:41+00:00,walking,1,xgboost,3,47046344M-104,reference,0.0,0.051239144057035446,0
47046344M-104,2024-10-15 07:37:42+00:00,walking,1,xgboost,3,47046344M-104,reference,0.0,0.05455330014228821,0
47046344M-104,2024-10-15 07:37:43+00:00,walking,1,xgboost,3,47046344M-104,reference,0.0,0.035894811153411865,0
47046344M-104,2024-10-15 07:37:44+00:00,walking,1,xgboost,3,47046344M-104,reference,0.0,0.02201361209154129,0
47046344M-104,2024-10-15 07:37:45+00:00,walking,1,xgboost,3,47046344M-104,reference,0.0,0.1308377981185913,0
47046344M-104,2024-10-15 07:37:46+00:00,walking,1,xgboost,3,47046344M-104,reference,0.0,0.03209172934293747,0
47046344M-104,2024-10-15 07:37:47+00:00,walking,1,xgboost,3,47046344M-104,reference,0.0,0.06402988731861115,0
47046344M-104,2024-10-15 07:37:48+00:00,walking,1,xgboost,3,47046344M-104,reference,0.0,0.03458993509411812,0
47046344M-104,2024-10-15 07:37:49+00:00,walking,1,xgboost,3,47046344M-104,reference,0.0,0.03349339962005615,0
47046344M-104,2024-10-15 07:37:50+00:00,walking,1,xgboost,3,47046344M-104,reference,0.0,0.04170097038149834,0
47046344M-104,2024-10-15 07:37:51+00:00,walking,1,xgboost,3,47046344M-104,reference,0.0,0.03525857254862785,0
47046344M-104,2024-10-15 07:37:52+00:00,walking,1,xgboost,3,47046344M-104,reference,0.0,0.026616297662258148,0
47046344M-104,2024-10-15 07:37:53+00:00,walking,1,xgboost,3,47046344M-104,reference,0.0,0.028987795114517212,0
47046344M-104,2024-10-15 07:37:54+00:00,walking,1,xgboost,3,47046344M-104,reference,0.0,0.0245744027197361,0
47046344M-104,2024-10-15 07:37:55+00:00,walking,1,xgboost,3,47046344M-104,reference,0.0,0.12031809240579605,0
47046344M-104,2024-10-15 07:37:56+00:00,walking,1,xgboost,3,47046344M-104,reference,0.0,0.12575483322143555,0
47046344M-104,2024-10-15 07:37:57+00:00,walking,1,xgboost,3,47046344M-104,reference,0.0,0.1481083184480667,0
47046344M-104,2024-10-15 07:37:58+00:00,walking,1,xgboost,3,47046344M-104,reference,0.0,0.03053133189678192,0
47046344M-104,2024-10-15 07:37:59+00:00,walking,1,xgboost,3,47046344M-104,reference,0.0,0.03068842925131321,0
47046344M-104,2024-10-15 07:38:00+00:00,walking,1,xgboost,3,47046344M-104,reference,0.0,0.04465414211153984,0
47046344M-104,2024-10-15 07:38:01+00:00,walking,1,xgboost,3,47046344M-104,reference,0.0,0.036012519150972366,0
47046344M-104,2024-10-15 07:38:02+00:00,walking,1,xgboost,3,47046344M-104,reference,0.0,0.04877813160419464,0
47046344M-104,2024-10-15 07:38:03+00:00,walking,1,xgboost,3,47046344M-104,reference,0.0,0.03835739195346832,0
47046344M-104,2024-10-15 07:38:04+00:00,walking,1,xgboost,3,47046344M-104,reference,0.0,0.03730669990181923,0
47046344M-104,2024-10-15 07:38:05+00:00,walking,1,xgboost,3,47046344M-104,reference,0.0,0.0931067168712616,0
47046344M-104,2024-10-15 07:38:06+00:00,walking,1,xgboost,3,47046344M-104,reference,0.0,0.04174960032105446,0
47046344M-104,2024-10-15 07:38:07+00:00,walking,1,xgboost,3,47046344M-104,reference,0.0,0.028746969997882843,0
47046344M-104,2024-10-15 07:38:08+00:00,walking,1,xgboost,3,47046344M-104,reference,0.0,0.02466905489563942,0
47046344M-104,2024-10-15 07:38:09+00:00,walking,1,xgboost,3,47046344M-104,reference,0.0,0.04042860120534897,0
47046344M-104,2024-10-15 07:38:11+00:00,not_walking,0,xgboost,3,47046344M-104,reference,0.0,0.037298548966646194,0
47046344M-104,2024-10-15 07:38:12+00:00,not_walking,0,xgboost,3,47046344M-104,reference,0.0,0.03256632387638092,0
47046344M-104,2024-10-15 07:38:13+00:00,not_walking,0,xgboost,3,47046344M-104,reference,0.0,0.02616279199719429,0
47046344M-104,2024-10-15 07:38:14+00:00,not_walking,0,xgboost,3,47046344M-104,reference,0.0,0.025372084230184555,0
47046344M-104,2024-10-15 07:38:15+00:00,not_walking,0,xgboost,3,47046344M-104,reference,0.0,0.03195497766137123,0
47046344M-104,2024-10-15 07:38:16+00:00,not_walking,0,xgboost,3,47046344M-104,reference,0.0,0.031849928200244904,0
47046344M-104,2024-10-15 07:38:17+00:00,not_walking,0,xgboost,3,47046344M-104,reference,0.0,0.031991902738809586,0
47046344M-104,2024-10-15 07:38:18+00:00,not_walking,0,xgboost,3,47046344M-104,reference,0.0,0.03085644729435444,0
47046344M-104,2024-10-15 07:38:19+00:00,not_walking,0,xgboost,3,47046344M-104,reference,0.0,0.032141853123903275,0
47046344M-104,2024-10-15 07:38:20+00:00,not_walking,0,xgboost,3,47046344M-104,reference,0.0,0.020583825185894966,0
47046344M-104,2024-10-15 07:38:21+00:00,not_walking,0,xgboost,3,47046344M-104,reference,0.0,0.04830436035990715,0
47046344M-104,2024-10-15 07:38:22+00:00,not_walking,0,xgboost,3,47046344M-104,reference,0.0,0.06276772916316986,0
47046344M-104,2024-10-15 07:38:23+00:00,not_walking,0,xgboost,3,47046344M-104,reference,0.0,0.4460773766040802,0
47046344M-104,2024-10-15 07:38:25+00:00,not_walking,0,xgboost,3,47046344M-104,reference,0.0,0.03883960470557213,0
47046344M-104,2024-10-15 07:38:26+00:00,not_walking,0,xgboost,3,47046344M-104,reference,0.0,0.05471370369195938,0
47046344M-104,2024-10-15 07:38:27+00:00,not_walking,0,xgboost,3,47046344M-104,reference,0.0,0.06881900131702423,0
47046344M-104,2024-10-15 07:38:28+00:00,not_walking,0,xgboost,3,47046344M-104,reference,0.0,0.03988956660032272,0
47046344M-104,2024-10-15 07:38:29+00:00,not_walking,0,xgboost,3,47046344M-104,reference,0.0,0.036165546625852585,0
47046344M-104,2024-10-15 07:38:30+00:00,not_walking,0,xgboost,3,47046344M-104,reference,0.0,0.04330643266439438,0
47046344M-104,2024-10-15 07:38:31+00:00,not_walking,0,xgboost,3,47046344M-104,reference,0.0,0.051984384655952454,0
47046344M-104,2024-10-15 07:38:32+00:00,walking,1,xgboost,3,47046344M-104,reference,0.0,0.04384446516633034,0
47046344M-104,2024-10-15 07:38:33+00:00,walking,1,xgboost,3,47046344M-104,reference,0.0,0.07369814068078995,0
47046344M-104,2024-10-15 07:38:34+00:00,walking,1,xgboost,3,47046344M-104,reference,0.0,0.053408101201057434,0
47046344M-104,2024-10-15 07:38:35+00:00,walking,1,xgboost,3,47046344M-104,reference,0.0,0.05906398221850395,0
47046344M-104,2024-10-15 07:38:36+00:00,walking,1,xgboost,3,47046344M-104,reference,0.0,0.0678730383515358,0
47046344M-104,2024-10-15 07:38:37+00:00,walking,1,xgboost,3,47046344M-104,reference,0.0,0.03386359289288521,0
47046344M-104,2024-10-15 07:38:38+00:00,walking,1,xgboost,3,47046344M-104,reference,0.0,0.042276859283447266,0
47046344M-104,2024-10-15 07:38:39+00:00,walking,1,xgboost,3,47046344M-104,reference,0.0,0.02560458518564701,0
47046344M-104,2024-10-15 07:38:40+00:00,walking,1,xgboost,3,47046344M-104,reference,0.0,0.0613325871527195,0
47046344M-104,2024-10-15 07:38:41+00:00,walking,1,xgboost,3,47046344M-104,reference,0.0,0.07553678005933762,0
47046344M-104,2024-10-15 07:38:42+00:00,walking,1,xgboost,3,47046344M-104,reference,0.0,0.03596888482570648,0
47046344M-104,2024-10-15 07:38:43+00:00,walking,1,xgboost,3,47046344M-104,reference,0.0,0.2568954825401306,0
47046344M-104,2024-10-15 07:38:44+00:00,walking,1,xgboost,3,47046344M-104,reference,0.0,0.08152885735034943,0
47046344M-104,2024-10-15 07:38:45+00:00,walking,1,xgboost,3,47046344M-104,reference,0.0,0.011083281598985195,0
47046344M-104,2024-10-15 07:38:46+00:00,walking,1,xgboost,3,47046344M-104,reference,0.0,0.04186299443244934,0
47046344M-104,2024-10-15 07:38:47+00:00,walking,1,xgboost,3,47046344M-104,reference,0.0,0.0569971427321434,0
47046344M-104,2024-10-15 07:38:59+00:00,not_walking,0,xgboost,3,47046344M-104,reference,0.0,0.02398056723177433,0
47046344M-104,2024-10-15 07:39:00+00:00,not_walking,0,xgboost,3,47046344M-104,reference,0.0,0.049742043018341064,0
47046344M-104,2024-10-15 07:39:01+00:00,not_walking,0,xgboost,3,47046344M-104,reference,0.0,0.20153717696666718,0
47046344M-104,2024-10-15 07:39:02+00:00,not_walking,0,xgboost,3,47046344M-104,reference,0.0,0.3720628023147583,0
47046344M-104,2024-10-15 07:39:03+00:00,not_walking,0,xgboost,3,47046344M-104,reference,0.0,0.09491655975580215,0
47046344M-104,2024-10-15 07:39:04+00:00,not_walking,0,xgboost,3,47046344M-104,reference,0.0,0.037905674427747726,0
47046344M-104,2024-10-15 07:39:05+00:00,not_walking,0,xgboost,3,47046344M-104,reference,0.0,0.04292561858892441,0
47046344M-104,2024-10-15 07:39:06+00:00,not_walking,0,xgboost,3,47046344M-104,reference,0.0,0.04433290287852287,0
47046344M-104,2024-10-15 07:39:07+00:00,not_walking,0,xgboost,3,47046344M-104,reference,0.0,0.08355162292718887,0
47046344M-104,2024-10-15 07:39:08+00:00,not_walking,0,xgboost,3,47046344M-104,reference,0.0,0.2186012715101242,0
47046344M-104,2024-10-15 07:39:09+00:00,not_walking,0,xgboost,3,47046344M-104,reference,0.0,0.11575713008642197,0
47046344M-104,2024-10-15 07:39:10+00:00,not_walking,0,xgboost,3,47046344M-104,reference,0.0,0.048526596277952194,0
47046344M-104,2024-10-15 07:39:11+00:00,not_walking,0,xgboost,3,47046344M-104,reference,0.0,0.049923792481422424,0
47046344M-104,2024-10-15 07:39:26+00:00,walking,1,xgboost,3,47046344M-104,reference,0.0,0.10934168100357056,0
47046344M-104,2024-10-15 07:39:27+00:00,walking,1,xgboost,3,47046344M-104,reference,0.0,0.3993159830570221,0
47046344M-104,2024-10-15 07:39:28+00:00,walking,1,xgboost,3,47046344M-104,reference,0.0,0.0937788113951683,0
47046344M-104,2024-10-15 07:39:29+00:00,walking,1,xgboost,3,47046344M-104,reference,0.0,0.22236883640289307,0
47046344M-104,2024-10-15 07:39:30+00:00,walking,1,xgboost,3,47046344M-104,reference,0.0,0.4281266927719116,0
47046344M-104,2024-10-15 07:39:31+00:00,walking,1,xgboost,3,47046344M-104,reference,0.0,0.2927005887031555,0
47046344M-104,2024-10-15 07:39:32+00:00,walking,1,xgboost,3,47046344M-104,reference,0.0,0.04855271428823471,0
47046344M-104,2024-10-15 07:39:33+00:00,walking,1,xgboost,3,47046344M-104,reference,0.0,0.06100929528474808,0
47046344M-104,2024-10-15 07:39:34+00:00,walking,1,xgboost,3,47046344M-104,reference,0.0,0.2471478432416916,0
47046344M-104,2024-10-15 07:39:35+00:00,walking,1,xgboost,3,47046344M-104,reference,0.0,0.17237450182437897,0
47046344M-104,2024-10-15 07:39:36+00:00,walking,1,xgboost,3,47046344M-104,reference,0.0,0.29913848638534546,0
47046344M-104,2024-10-15 07:39:37+00:00,walking,1,xgboost,3,47046344M-104,reference,0.0,0.12574826180934906,0
47046344M-104,2024-10-15 07:39:38+00:00,walking,1,xgboost,3,47046344M-104,reference,0.0,0.208652526140213,0
47046344M-104,2024-10-15 07:39:39+00:00,walking,1,xgboost,3,47046344M-104,reference,0.0,0.0448753722012043,0
47046344M-104,2024-10-15 07:39:40+00:00,walking,1,xgboost,3,47046344M-104,reference,0.0,0.36750033497810364,0
47046344M-104,2024-10-15 07:39:41+00:00,walking,1,xgboost,3,47046344M-104,reference,0.0,0.04877600073814392,0
47046344M-104,2024-10-15 07:39:42+00:00,walking,1,xgboost,3,47046344M-104,reference,0.0,0.04169732332229614,0
47046344M-104,2024-10-15 07:39:43+00:00,walking,1,xgboost,3,47046344M-104,reference,0.0,0.06723392754793167,0
47046344M-104,2024-10-15 07:39:44+00:00,walking,1,xgboost,3,47046344M-104,reference,0.0,0.08719325065612793,0
47046344M-104,2024-10-15 07:39:45+00:00,walking,1,xgboost,3,47046344M-104,reference,0.0,0.18345804512500763,0
47046344M-104,2024-10-15 07:39:46+00:00,walking,1,xgboost,3,47046344M-104,reference,0.0,0.058970917016267776,0
47046344M-104,2024-10-15 07:39:47+00:00,walking,1,xgboost,3,47046344M-104,reference,0.0,0.040622908622026443,0
47046344M-104,2024-10-15 07:39:48+00:00,walking,1,xgboost,3,47046344M-104,reference,0.0,0.029513781890273094,0
47046344M-104,2024-10-15 07:39:49+00:00,walking,1,xgboost,3,47046344M-104,reference,0.0,0.07507910579442978,0
47046344M-104,2024-10-15 07:39:50+00:00,walking,1,xgboost,3,47046344M-104,reference,0.0,0.21340692043304443,0
47046344M-104,2024-10-15 07:39:51+00:00,walking,1,xgboost,3,47046344M-104,reference,0.0,0.20182812213897705,0
47046344M-104,2024-10-15 07:39:52+00:00,walking,1,xgboost,3,47046344M-104,reference,0.0,0.10202860087156296,0
47046344M-104,2024-10-15 07:39:53+00:00,walking,1,xgboost,3,47046344M-104,reference,0.0,0.4190887212753296,0
47046344M-104,2024-10-15 07:39:54+00:00,walking,1,xgboost,3,47046344M-104,reference,0.0,0.043130356818437576,0
47046344M-104,2024-10-15 07:39:55+00:00,walking,1,xgboost,3,47046344M-104,reference,0.0,0.22237791121006012,0
47046344M-104,2024-10-15 07:39:56+00:00,walking,1,xgboost,3,47046344M-104,reference,0.0,0.49881964921951294,0
47046344M-104,2024-10-15 07:39:57+00:00,walking,1,xgboost,3,47046344M-104,reference,0.0,0.11872657388448715,0
47046344M-104,2024-10-15 07:39:58+00:00,walking,1,xgboost,3,47046344M-104,reference,0.0,0.14758479595184326,0
47046344M-104,2024-10-15 07:39:59+00:00,walking,1,xgboost,3,47046344M-104,reference,0.0,0.07285889983177185,0
47046344M-104,2024-10-15 07:40:00+00:00,walking,1,xgboost,3,47046344M-104,reference,0.0,0.02784433215856552,0
47046344M-104,2024-10-15 07:40:01+00:00,walking,1,xgboost,3,47046344M-104,reference,0.0,0.02110717073082924,0
47046344M-104,2024-10-15 07:40:02+00:00,walking,1,xgboost,3,47046344M-104,reference,0.0,0.2040901482105255,0
47046344M-104,2024-10-15 07:40:03+00:00,walking,1,xgboost,3,47046344M-104,reference,0.0,0.08619888871908188,0
47046344M-104,2024-10-15 07:40:04+00:00,walking,1,xgboost,3,47046344M-104,reference,0.0,0.01957719959318638,0
47046344M-104,2024-10-15 07:40:05+00:00,walking,1,xgboost,3,47046344M-104,reference,0.0,0.0379810705780983,0
47046344M-104,2024-10-15 07:40:06+00:00,walking,1,xgboost,3,47046344M-104,reference,0.0,0.04848015308380127,0
47046344M-104,2024-10-15 07:40:07+00:00,walking,1,xgboost,3,47046344M-104,reference,0.0,0.14961369335651398,0
47046344M-104,2024-10-15 07:40:08+00:00,walking,1,xgboost,3,47046344M-104,reference,0.0,0.0534016452729702,0
47046344M-104,2024-10-15 07:40:09+00:00,walking,1,xgboost,3,47046344M-104,reference,0.0,0.1474297195672989,0
47046344M-104,2024-10-15 07:43:28+00:00,walking,1,xgboost,3,47046344M-104,reference,0.0,0.08535069972276688,0
47046344M-104,2024-10-15 07:43:29+00:00,walking,1,xgboost,3,47046344M-104,reference,0.0,0.041594553738832474,0
47046344M-104,2024-10-15 07:43:30+00:00,walking,1,xgboost,3,47046344M-104,reference,0.0,0.07029727101325989,0
47046344M-104,2024-10-15 07:43:31+00:00,walking,1,xgboost,3,47046344M-104,reference,0.0,0.09025053679943085,0
47046344M-104,2024-10-15 07:43:32+00:00,walking,1,xgboost,3,47046344M-104,reference,0.0,0.11783966422080994,0
47046344M-104,2024-10-15 07:43:33+00:00,walking,1,xgboost,3,47046344M-104,reference,0.0,0.015476646833121777,0
47046344M-104,2024-10-15 07:43:34+00:00,walking,1,xgboost,3,47046344M-104,reference,0.0,0.17098383605480194,0
47046344M-104,2024-10-15 07:43:35+00:00,walking,1,xgboost,3,47046344M-104,reference,0.0,0.29252833127975464,0
47046344M-104,2024-10-15 07:43:36+00:00,walking,1,xgboost,3,47046344M-104,reference,0.0,0.10952738672494888,0
47046344M-104,2024-10-15 07:43:37+00:00,walking,1,xgboost,3,47046344M-104,reference,0.0,0.07212665677070618,0
47046344M-104,2024-10-15 07:43:38+00:00,walking,1,xgboost,3,47046344M-104,reference,0.0,0.08861649036407471,0
47046344M-104,2024-10-15 07:43:39+00:00,walking,1,xgboost,3,47046344M-104,reference,0.0,0.054934851825237274,0
47046344M-104,2024-10-15 07:43:40+00:00,walking,1,xgboost,3,47046344M-104,reference,0.0,0.05849277600646019,0
47046344M-104,2024-10-15 07:43:41+00:00,walking,1,xgboost,3,47046344M-104,reference,0.0,0.028164111077785492,0
47046344M-104,2024-10-15 07:43:42+00:00,walking,1,xgboost,3,47046344M-104,reference,0.0,0.019789719954133034,0
47046344M-104,2024-10-15 07:43:43+00:00,walking,1,xgboost,3,47046344M-104,reference,0.0,0.4107036888599396,0
47046344M-104,2024-10-15 07:43:44+00:00,walking,1,xgboost,3,47046344M-104,reference,0.0,0.2797778248786926,0
47046344M-104,2024-10-15 07:43:45+00:00,walking,1,xgboost,3,47046344M-104,reference,0.0,0.1095939576625824,0
47046344M-104,2024-10-15 07:43:46+00:00,walking,1,xgboost,3,47046344M-104,reference,0.0,0.053889937698841095,0
47046344M-104,2024-10-15 07:43:47+00:00,walking,1,xgboost,3,47046344M-104,reference,0.0,0.04433803632855415,0
47046344M-104,2024-10-15 07:43:48+00:00,walking,1,xgboost,3,47046344M-104,reference,0.0,0.0331551656126976,0
47046344M-104,2024-10-15 07:43:49+00:00,walking,1,xgboost,3,47046344M-104,reference,0.0,0.06838357448577881,0
47046344M-104,2024-10-15 07:43:50+00:00,walking,1,xgboost,3,47046344M-104,reference,0.0,0.0982019230723381,0
47046344M-104,2024-10-15 07:43:51+00:00,walking,1,xgboost,3,47046344M-104,reference,0.0,0.08741636574268341,0
47046344M-104,2024-10-15 07:43:52+00:00,walking,1,xgboost,3,47046344M-104,reference,0.0,0.04758946970105171,0
47046344M-104,2024-10-15 07:43:53+00:00,walking,1,xgboost,3,47046344M-104,reference,0.0,0.012346865609288216,0
47046344M-104,2024-10-15 07:43:54+00:00,walking,1,xgboost,3,47046344M-104,reference,0.0,0.046092014759778976,0
47046344M-104,2024-10-15 07:43:55+00:00,walking,1,xgboost,3,47046344M-104,reference,0.0,0.4738769829273224,0
47046344M-104,2024-10-15 07:43:56+00:00,walking,1,xgboost,3,47046344M-104,reference,0.0,0.03577771782875061,0
47046344M-104,2024-10-15 07:43:57+00:00,walking,1,xgboost,3,47046344M-104,reference,0.0,0.3070438802242279,0
47046344M-104,2024-10-15 07:43:58+00:00,walking,1,xgboost,3,47046344M-104,reference,0.0,0.2715413272380829,0
47046344M-104,2024-10-15 07:43:59+00:00,walking,1,xgboost,3,47046344M-104,reference,0.0,0.12005399912595749,0
47046344M-104,2024-10-15 07:44:00+00:00,walking,1,xgboost,3,47046344M-104,reference,0.0,0.02783109061419964,0
47046344M-104,2024-10-15 07:44:01+00:00,walking,1,xgboost,3,47046344M-104,reference,0.0,0.11962543427944183,0
47046344M-104,2024-10-15 07:44:02+00:00,walking,1,xgboost,3,47046344M-104,reference,0.0,0.06936739385128021,0
47046344M-104,2024-10-15 07:44:03+00:00,walking,1,xgboost,3,47046344M-104,reference,0.0,0.3729555904865265,0
47046344M-104,2024-10-15 07:44:04+00:00,walking,1,xgboost,3,47046344M-104,reference,0.0,0.04418864846229553,0
47046344M-104,2024-10-15 07:44:05+00:00,walking,1,xgboost,3,47046344M-104,reference,0.0,0.020418742671608925,0
47046344M-104,2024-10-15 07:44:06+00:00,walking,1,xgboost,3,47046344M-104,reference,0.0,0.004111559595912695,0
47046344M-104,2024-10-15 07:44:07+00:00,walking,1,xgboost,3,47046344M-104,reference,0.0,0.043075937777757645,0
47046344M-104,2024-10-15 07:44:08+00:00,walking,1,xgboost,3,47046344M-104,reference,0.0,0.04966628551483154,0
47046344M-104,2024-10-15 07:44:09+00:00,walking,1,xgboost,3,47046344M-104,reference,0.0,0.00935838371515274,0
47046344M-104,2024-10-15 07:44:10+00:00,walking,1,xgboost,3,47046344M-104,reference,0.0,0.11704903095960617,0
47046344M-104,2024-10-15 07:44:11+00:00,walking,1,xgboost,3,47046344M-104,reference,0.0,0.038473017513751984,0
47046344M-104,2024-10-15 07:44:13+00:00,not_walking,0,xgboost,3,47046344M-104,reference,0.0,0.09529892355203629,0
47046344M-104,2024-10-15 07:44:14+00:00,not_walking,0,xgboost,3,47046344M-104,reference,0.0,0.04322674870491028,0
47046344M-104,2024-10-15 07:44:15+00:00,not_walking,0,xgboost,3,47046344M-104,reference,0.0,0.03015586920082569,0
47046344M-104,2024-10-15 07:44:16+00:00,not_walking,0,xgboost,3,47046344M-104,reference,0.0,0.042293958365917206,0
47046344M-104,2024-10-15 07:44:17+00:00,not_walking,0,xgboost,3,47046344M-104,reference,0.0,0.032623473554849625,0
47046344M-104,2024-10-15 07:44:18+00:00,not_walking,0,xgboost,3,47046344M-104,reference,0.0,0.1397394835948944,0
47046344M-104,2024-10-15 07:44:19+00:00,not_walking,0,xgboost,3,47046344M-104,reference,0.0,0.2531076669692993,0
47046344M-104,2024-10-15 07:44:20+00:00,not_walking,0,xgboost,3,47046344M-104,reference,0.0,0.022732986137270927,0
47046344M-104,2024-10-15 07:44:21+00:00,not_walking,0,xgboost,3,47046344M-104,reference,0.0,0.10265590995550156,0
47046344M-104,2024-10-15 07:44:22+00:00,not_walking,0,xgboost,3,47046344M-104,reference,0.0,0.0410817414522171,0
47046344M-104,2024-10-15 07:44:23+00:00,not_walking,0,xgboost,3,47046344M-104,reference,0.0,0.053893622010946274,0
47046344M-104,2024-10-15 07:44:24+00:00,not_walking,0,xgboost,3,47046344M-104,reference,0.0,0.11649234592914581,0
47046344M-104,2024-10-15 07:44:25+00:00,not_walking,0,xgboost,3,47046344M-104,reference,0.0,0.12992045283317566,0
47046344M-104,2024-10-15 07:44:26+00:00,not_walking,0,xgboost,3,47046344M-104,reference,0.0,0.03207831829786301,0
47046344M-104,2024-10-15 07:44:27+00:00,not_walking,0,xgboost,3,47046344M-104,reference,0.0,0.03745749965310097,0
47046344M-104,2024-10-15 07:44:28+00:00,not_walking,0,xgboost,3,47046344M-104,reference,0.0,0.05253354087471962,0
47046344M-104,2024-10-15 07:44:29+00:00,not_walking,0,xgboost,3,47046344M-104,reference,0.0,0.022565077990293503,0
47046344M-104,2024-10-15 07:44:30+00:00,not_walking,0,xgboost,3,47046344M-104,reference,0.0,0.04968668147921562,0
47046344M-104,2024-10-15 07:44:31+00:00,not_walking,0,xgboost,3,47046344M-104,reference,0.0,0.03361924737691879,0
47046344M-104,2024-10-15 07:44:32+00:00,not_walking,0,xgboost,3,47046344M-104,reference,0.0,0.025951672345399857,0
47046344M-104,2024-10-15 07:44:33+00:00,not_walking,0,xgboost,3,47046344M-104,reference,0.0,0.04893883317708969,0
47046344M-104,2024-10-15 07:44:34+00:00,not_walking,0,xgboost,3,47046344M-104,reference,0.0,0.08943910151720047,0
47046344M-104,2024-10-15 07:44:35+00:00,not_walking,0,xgboost,3,47046344M-104,reference,0.0,0.07316423952579498,0
47046344M-104,2024-10-15 07:44:36+00:00,not_walking,0,xgboost,3,47046344M-104,reference,0.0,0.023602953180670738,0
47046344M-104,2024-10-15 07:44:37+00:00,not_walking,0,xgboost,3,47046344M-104,reference,0.0,0.04623737558722496,0
47046344M-104,2024-10-15 07:44:38+00:00,not_walking,0,xgboost,3,47046344M-104,reference,0.0,0.0441976897418499,0
47046344M-104,2024-10-15 07:44:39+00:00,not_walking,0,xgboost,3,47046344M-104,reference,0.0,0.04092206060886383,0
47046344M-104,2024-10-15 07:44:40+00:00,not_walking,0,xgboost,3,47046344M-104,reference,0.0,0.06042410433292389,0
47046344M-104,2024-10-15 07:44:41+00:00,not_walking,0,xgboost,3,47046344M-104,reference,0.0,0.0392955020070076,0
47046344M-104,2024-10-15 07:44:42+00:00,not_walking,0,xgboost,3,47046344M-104,reference,0.0,0.08382441103458405,0
47046344M-104,2024-10-15 07:44:43+00:00,not_walking,0,xgboost,3,47046344M-104,reference,0.0,0.044843073934316635,0
47046344M-104,2024-10-15 07:44:44+00:00,not_walking,0,xgboost,3,47046344M-104,reference,0.0,0.03512362390756607,0
47046344M-104,2024-10-15 07:44:45+00:00,not_walking,0,xgboost,3,47046344M-104,reference,0.0,0.010307355783879757,0
47046344M-104,2024-10-15 07:44:46+00:00,not_walking,0,xgboost,3,47046344M-104,reference,0.0,0.12211385369300842,0
47046344M-104,2024-10-15 07:44:47+00:00,not_walking,0,xgboost,3,47046344M-104,reference,0.0,0.015150061808526516,0
47046344M-104,2024-10-15 07:44:48+00:00,not_walking,0,xgboost,3,47046344M-104,reference,0.0,0.20327717065811157,0
47046344M-104,2024-10-15 07:44:49+00:00,not_walking,0,xgboost,3,47046344M-104,reference,0.0,0.12707453966140747,0
47046344M-104,2024-10-15 07:44:50+00:00,not_walking,0,xgboost,3,47046344M-104,reference,0.0,0.02954898215830326,0
47046344M-104,2024-10-15 07:44:51+00:00,not_walking,0,xgboost,3,47046344M-104,reference,0.0,0.04968741163611412,0
47046344M-104,2024-10-15 07:44:52+00:00,not_walking,0,xgboost,3,47046344M-104,reference,0.0,0.0748923197388649,0
47046344M-104,2024-10-15 07:44:53+00:00,not_walking,0,xgboost,3,47046344M-104,reference,0.0,0.09955699741840363,0
47046344M-104,2024-10-15 07:44:54+00:00,not_walking,0,xgboost,3,47046344M-104,reference,0.0,0.05390020087361336,0
47046344M-104,2024-10-15 07:44:55+00:00,not_walking,0,xgboost,3,47046344M-104,reference,0.0,0.026406265795230865,0
47046344M-104,2024-10-15 07:44:56+00:00,not_walking,0,xgboost,3,47046344M-104,reference,0.0,0.022260811179876328,0
47046344M-104,2024-10-15 07:44:57+00:00,not_walking,0,xgboost,3,47046344M-104,reference,0.0,0.12188205122947693,0
47046344M-104,2024-10-15 07:44:58+00:00,not_walking,0,xgboost,3,47046344M-104,reference,0.0,0.04133421182632446,0
47046344M-104,2024-10-15 07:44:59+00:00,not_walking,0,xgboost,3,47046344M-104,reference,0.0,0.07214394211769104,0
47046344M-104,2024-10-15 07:45:00+00:00,not_walking,0,xgboost,3,47046344M-104,reference,0.0,0.022232385352253914,0
47046344M-104,2024-10-15 07:45:01+00:00,not_walking,0,xgboost,3,47046344M-104,reference,0.0,0.099018394947052,0
47046344M-104,2024-10-15 07:45:02+00:00,not_walking,0,xgboost,3,47046344M-104,reference,0.0,0.14496542513370514,0
47046344M-104,2024-10-15 07:45:03+00:00,not_walking,0,xgboost,3,47046344M-104,reference,0.0,0.039128243923187256,0
47046344M-104,2024-10-15 07:45:04+00:00,not_walking,0,xgboost,3,47046344M-104,reference,0.0,0.021545248106122017,0
47046344M-104,2024-10-15 07:45:05+00:00,not_walking,0,xgboost,3,47046344M-104,reference,0.0,0.31946465373039246,0
47046344M-104,2024-10-15 07:45:06+00:00,not_walking,0,xgboost,3,47046344M-104,reference,0.0,0.019979329779744148,0
47046344M-104,2024-10-15 07:45:07+00:00,not_walking,0,xgboost,3,47046344M-104,reference,0.0,0.10500970482826233,0
47046344M-104,2024-10-15 07:45:08+00:00,not_walking,0,xgboost,3,47046344M-104,reference,0.0,0.03015759214758873,0
47046344M-104,2024-10-15 07:45:09+00:00,not_walking,0,xgboost,3,47046344M-104,reference,0.0,0.1235257238149643,0
47046344M-104,2024-10-15 07:45:10+00:00,not_walking,0,xgboost,3,47046344M-104,reference,0.0,0.34672027826309204,0
47046344M-104,2024-10-15 07:45:11+00:00,not_walking,0,xgboost,3,47046344M-104,reference,0.0,0.0922413319349289,0
47046344M-104,2024-10-15 07:45:12+00:00,not_walking,0,xgboost,3,47046344M-104,reference,0.0,0.10019949823617935,0
47046344M-104,2024-10-15 07:45:13+00:00,not_walking,0,xgboost,3,47046344M-104,reference,0.0,0.06921789050102234,0
47046344M-104,2024-10-15 07:45:14+00:00,not_walking,0,xgboost,3,47046344M-104,reference,0.0,0.026950903236865997,0
47046344M-104,2024-10-15 07:45:15+00:00,not_walking,0,xgboost,3,47046344M-104,reference,0.0,0.07244046032428741,0
47046344M-104,2024-10-15 07:45:16+00:00,not_walking,0,xgboost,3,47046344M-104,reference,0.0,0.13237127661705017,0
47046344M-104,2024-10-15 07:45:17+00:00,not_walking,0,xgboost,3,47046344M-104,reference,0.0,0.19036157429218292,0
47046344M-104,2024-10-15 07:45:18+00:00,not_walking,0,xgboost,3,47046344M-104,reference,0.0,0.05627416446805,0
47046344M-104,2024-10-15 07:45:19+00:00,not_walking,0,xgboost,3,47046344M-104,reference,0.0,0.05485806241631508,0
47046344M-104,2024-10-15 07:45:20+00:00,not_walking,0,xgboost,3,47046344M-104,reference,0.0,0.051833704113960266,0
47046344M-104,2024-10-15 07:45:21+00:00,not_walking,0,xgboost,3,47046344M-104,reference,0.0,0.054590292274951935,0
47046344M-104,2024-10-15 07:45:22+00:00,not_walking,0,xgboost,3,47046344M-104,reference,0.0,0.1908906102180481,0
47046344M-104,2024-10-15 07:45:23+00:00,not_walking,0,xgboost,3,47046344M-104,reference,0.0,0.1435798853635788,0
47046344M-104,2024-10-15 07:45:25+00:00,walking,1,xgboost,3,47046344M-104,reference,0.0,0.10001801699399948,0
47046344M-104,2024-10-15 07:45:26+00:00,walking,1,xgboost,3,47046344M-104,reference,0.0,0.10049217194318771,0
47046344M-104,2024-10-15 07:45:27+00:00,walking,1,xgboost,3,47046344M-104,reference,0.0,0.09226828813552856,0
47046344M-104,2024-10-15 07:45:28+00:00,walking,1,xgboost,3,47046344M-104,reference,0.0,0.0436834916472435,0
47046344M-104,2024-10-15 07:45:29+00:00,walking,1,xgboost,3,47046344M-104,reference,0.0,0.1003887727856636,0
47046344M-104,2024-10-15 07:45:30+00:00,walking,1,xgboost,3,47046344M-104,reference,0.0,0.06531558185815811,0
47046344M-104,2024-10-15 07:45:31+00:00,walking,1,xgboost,3,47046344M-104,reference,0.0,0.03860987722873688,0
47046344M-104,2024-10-15 07:45:32+00:00,walking,1,xgboost,3,47046344M-104,reference,0.0,0.023988960310816765,0
47046344M-104,2024-10-15 07:45:33+00:00,walking,1,xgboost,3,47046344M-104,reference,0.0,0.09850478172302246,0
47046344M-104,2024-10-15 07:45:34+00:00,walking,1,xgboost,3,47046344M-104,reference,0.0,0.0399630106985569,0
47046344M-104,2024-10-15 07:45:35+00:00,walking,1,xgboost,3,47046344M-104,reference,0.0,0.02826898731291294,0
47046344M-104,2024-10-15 07:45:36+00:00,walking,1,xgboost,3,47046344M-104,reference,0.0,0.22850807011127472,0
47046344M-104,2024-10-15 07:45:37+00:00,walking,1,xgboost,3,47046344M-104,reference,0.0,0.009853428229689598,0
47046344M-104,2024-10-15 07:45:38+00:00,walking,1,xgboost,3,47046344M-104,reference,0.0,0.06610281765460968,0
47046344M-104,2024-10-15 07:45:39+00:00,walking,1,xgboost,3,47046344M-104,reference,0.0,0.014273618347942829,0
47046344M-104,2024-10-15 07:45:40+00:00,walking,1,xgboost,3,47046344M-104,reference,0.0,0.145391047000885,0
47046344M-104,2024-10-15 07:45:41+00:00,walking,1,xgboost,3,47046344M-104,reference,0.0,0.03896588832139969,0
47046344M-104,2024-10-15 07:45:42+00:00,walking,1,xgboost,3,47046344M-104,reference,0.0,0.2708454728126526,0
47046344M-104,2024-10-15 07:45:43+00:00,walking,1,xgboost,3,47046344M-104,reference,0.0,0.3180062472820282,0
47046344M-104,2024-10-15 07:45:44+00:00,walking,1,xgboost,3,47046344M-104,reference,0.0,0.029220301657915115,0
47046344M-104,2024-10-15 07:45:45+00:00,walking,1,xgboost,3,47046344M-104,reference,0.0,0.41662833094596863,0
47046344M-104,2024-10-15 07:45:46+00:00,walking,1,xgboost,3,47046344M-104,reference,0.0,0.034571271389722824,0
47046344M-104,2024-10-15 07:45:47+00:00,walking,1,xgboost,3,47046344M-104,reference,0.0,0.041446518152952194,0
47046344M-104,2024-10-15 07:45:48+00:00,walking,1,xgboost,3,47046344M-104,reference,0.0,0.028339508920907974,0
47046344M-104,2024-10-15 07:45:49+00:00,walking,1,xgboost,3,47046344M-104,reference,0.0,0.06721692532300949,0
47046344M-104,2024-10-15 07:45:50+00:00,walking,1,xgboost,3,47046344M-104,reference,0.0,0.1139482781291008,0
47046344M-104,2024-10-15 07:45:51+00:00,walking,1,xgboost,3,47046344M-104,reference,0.0,0.03237597271800041,0
47046344M-104,2024-10-15 07:45:52+00:00,walking,1,xgboost,3,47046344M-104,reference,0.0,0.04458988457918167,0
47046344M-104,2024-10-15 07:45:53+00:00,walking,1,xgboost,3,47046344M-104,reference,0.0,0.034172240644693375,0
47046344M-104,2024-10-15 07:45:54+00:00,walking,1,xgboost,3,47046344M-104,reference,0.0,0.04025654494762421,0
47046344M-104,2024-10-15 07:45:55+00:00,walking,1,xgboost,3,47046344M-104,reference,0.0,0.03826667368412018,0
47046344M-104,2024-10-15 07:45:56+00:00,walking,1,xgboost,3,47046344M-104,reference,0.0,0.05093393847346306,0
47046344M-104,2024-10-15 07:45:57+00:00,walking,1,xgboost,3,47046344M-104,reference,0.0,0.0524018295109272,0
47046344M-104,2024-10-15 07:45:58+00:00,walking,1,xgboost,3,47046344M-104,reference,0.0,0.0937996506690979,0
47046344M-104,2024-10-15 07:45:59+00:00,walking,1,xgboost,3,47046344M-104,reference,0.0,0.48730891942977905,0
47046344M-104,2024-10-15 07:46:00+00:00,walking,1,xgboost,3,47046344M-104,reference,0.0,0.43813014030456543,0
47046344M-104,2024-10-15 07:46:01+00:00,walking,1,xgboost,3,47046344M-104,reference,0.0,0.1318676918745041,0
47046344M-104,2024-10-15 07:46:02+00:00,walking,1,xgboost,3,47046344M-104,reference,0.0,0.1709011346101761,0
47046344M-104,2024-10-15 07:46:03+00:00,walking,1,xgboost,3,47046344M-104,reference,0.0,0.05282049626111984,0
47046344M-104,2024-10-15 07:46:04+00:00,walking,1,xgboost,3,47046344M-104,reference,0.0,0.013073669746518135,0
47046344M-104,2024-10-15 07:46:05+00:00,walking,1,xgboost,3,47046344M-104,reference,0.0,0.10351236164569855,0
47046344M-104,2024-10-15 07:46:06+00:00,walking,1,xgboost,3,47046344M-104,reference,0.0,0.16453763842582703,0
47046344M-104,2024-10-15 07:46:07+00:00,walking,1,xgboost,3,47046344M-104,reference,0.0,0.20864494144916534,0
47046344M-104,2024-10-15 07:46:08+00:00,walking,1,xgboost,3,47046344M-104,reference,0.0,0.22334125638008118,0
47046344M-104,2024-10-15 07:46:09+00:00,walking,1,xgboost,3,47046344M-104,reference,0.0,0.03554871305823326,0
47046344M-104,2024-10-15 07:46:10+00:00,walking,1,xgboost,3,47046344M-104,reference,0.0,0.05579502508044243,0
47046344M-104,2024-10-15 07:46:11+00:00,walking,1,xgboost,3,47046344M-104,reference,0.0,0.47823405265808105,0
47046344M-104,2024-10-15 07:46:12+00:00,walking,1,xgboost,3,47046344M-104,reference,0.0,0.19622570276260376,0
47046344M-104,2024-10-15 07:46:13+00:00,walking,1,xgboost,3,47046344M-104,reference,0.0,0.06730767339468002,0
47046344M-104,2024-10-15 07:46:14+00:00,walking,1,xgboost,3,47046344M-104,reference,0.0,0.03909094259142876,0
47046344M-104,2024-10-15 07:46:15+00:00,walking,1,xgboost,3,47046344M-104,reference,0.0,0.010467244312167168,0
47046344M-104,2024-10-15 07:46:16+00:00,walking,1,xgboost,3,47046344M-104,reference,0.0,0.0707276314496994,0
47046344M-104,2024-10-15 07:46:17+00:00,walking,1,xgboost,3,47046344M-104,reference,0.0,0.072367362678051,0
47046344M-104,2024-10-15 07:46:18+00:00,walking,1,xgboost,3,47046344M-104,reference,0.0,0.3156117796897888,0
47046344M-104,2024-10-15 07:46:19+00:00,walking,1,xgboost,3,47046344M-104,reference,0.0,0.0676344707608223,0
47046344M-104,2024-10-15 07:46:20+00:00,walking,1,xgboost,3,47046344M-104,reference,0.0,0.3894246220588684,0
47046344M-104,2024-10-15 07:46:21+00:00,walking,1,xgboost,3,47046344M-104,reference,0.0,0.014002717100083828,0
47046344M-104,2024-10-15 07:46:22+00:00,walking,1,xgboost,3,47046344M-104,reference,0.0,0.032966144382953644,0
47046344M-104,2024-10-15 07:46:23+00:00,walking,1,xgboost,3,47046344M-104,reference,0.0,0.030484462156891823,0
47046344M-104,2024-10-15 07:46:24+00:00,walking,1,xgboost,3,47046344M-104,reference,0.0,0.045005425810813904,0
47046344M-104,2024-10-15 07:46:25+00:00,walking,1,xgboost,3,47046344M-104,reference,0.0,0.039870988577604294,0
47046344M-104,2024-10-15 07:46:26+00:00,walking,1,xgboost,3,47046344M-104,reference,0.0,0.1278216391801834,0
47046344M-104,2024-10-15 07:46:27+00:00,walking,1,xgboost,3,47046344M-104,reference,0.0,0.04154606908559799,0
47046344M-104,2024-10-15 07:46:28+00:00,walking,1,xgboost,3,47046344M-104,reference,0.0,0.03280772641301155,0
47046344M-104,2024-10-15 07:46:29+00:00,walking,1,xgboost,3,47046344M-104,reference,0.0,0.06721818447113037,0
47046344M-104,2024-10-15 07:46:30+00:00,walking,1,xgboost,3,47046344M-104,reference,0.0,0.03157800808548927,0
47046344M-104,2024-10-15 07:46:31+00:00,walking,1,xgboost,3,47046344M-104,reference,0.0,0.03245760500431061,0
47046344M-104,2024-10-15 07:46:32+00:00,walking,1,xgboost,3,47046344M-104,reference,0.0,0.04367206618189812,0
47046344M-104,2024-10-15 07:46:33+00:00,walking,1,xgboost,3,47046344M-104,reference,0.0,0.08258168399333954,0
47046344M-104,2024-10-15 07:46:34+00:00,walking,1,xgboost,3,47046344M-104,reference,0.0,0.03261337801814079,0
47046344M-104,2024-10-15 07:46:35+00:00,walking,1,xgboost,3,47046344M-104,reference,0.0,0.0883033350110054,0
47046344M-104,2024-10-15 07:46:36+00:00,walking,1,xgboost,3,47046344M-104,reference,0.0,0.09403974562883377,0
47046344M-104,2024-10-15 07:46:37+00:00,walking,1,xgboost,3,47046344M-104,reference,0.0,0.076614148914814,0
47046344M-104,2024-10-15 07:46:38+00:00,walking,1,xgboost,3,47046344M-104,reference,0.0,0.04961605742573738,0
47046344M-104,2024-10-15 07:46:39+00:00,walking,1,xgboost,3,47046344M-104,reference,0.0,0.14068877696990967,0
47046344M-104,2024-10-15 07:46:40+00:00,walking,1,xgboost,3,47046344M-104,reference,0.0,0.10877472907304764,0
47046344M-104,2024-10-15 07:46:41+00:00,walking,1,xgboost,3,47046344M-104,reference,0.0,0.20896130800247192,0
47046344M-104,2024-10-15 07:46:42+00:00,walking,1,xgboost,3,47046344M-104,reference,0.0,0.06838070601224899,0
47046344M-104,2024-10-15 07:46:43+00:00,walking,1,xgboost,3,47046344M-104,reference,0.0,0.06987118721008301,0
47046344M-104,2024-10-15 07:46:44+00:00,walking,1,xgboost,3,47046344M-104,reference,0.0,0.0684610977768898,0
47046344M-104,2024-10-15 07:46:45+00:00,walking,1,xgboost,3,47046344M-104,reference,0.0,0.27109476923942566,0
47046344M-104,2024-10-15 07:46:46+00:00,walking,1,xgboost,3,47046344M-104,reference,0.0,0.03192300722002983,0
47046344M-104,2024-10-15 07:47:58+00:00,walking,1,xgboost,3,47046344M-104,reference,0.0,0.15766237676143646,0
47046344M-104,2024-10-15 07:47:59+00:00,walking,1,xgboost,3,47046344M-104,reference,0.0,0.24871760606765747,0
47046344M-104,2024-10-15 07:48:00+00:00,walking,1,xgboost,3,47046344M-104,reference,0.0,0.08963078260421753,0
47046344M-104,2024-10-15 07:48:01+00:00,walking,1,xgboost,3,47046344M-104,reference,0.0,0.08424116671085358,0
47046344M-104,2024-10-15 07:48:02+00:00,walking,1,xgboost,3,47046344M-104,reference,0.0,0.16358289122581482,0
47046344M-104,2024-10-15 07:48:03+00:00,walking,1,xgboost,3,47046344M-104,reference,0.0,0.03685441613197327,0
47046344M-104,2024-10-15 07:48:04+00:00,walking,1,xgboost,3,47046344M-104,reference,0.0,0.023476362228393555,0
47046344M-104,2024-10-15 07:48:05+00:00,walking,1,xgboost,3,47046344M-104,reference,0.0,0.0419757254421711,0
47046344M-104,2024-10-15 07:48:06+00:00,walking,1,xgboost,3,47046344M-104,reference,0.0,0.026799162849783897,0
47046344M-104,2024-10-15 07:48:07+00:00,walking,1,xgboost,3,47046344M-104,reference,0.0,0.061219461262226105,0
47046344M-104,2024-10-15 07:48:08+00:00,walking,1,xgboost,3,47046344M-104,reference,0.0,0.0352160707116127,0
47046344M-104,2024-10-15 07:48:09+00:00,walking,1,xgboost,3,47046344M-104,reference,0.0,0.041537024080753326,0
47046344M-104,2024-10-15 07:48:10+00:00,walking,1,xgboost,3,47046344M-104,reference,0.0,0.031956274062395096,0
47046344M-104,2024-10-15 07:48:11+00:00,walking,1,xgboost,3,47046344M-104,reference,0.0,0.043479617685079575,0
47046344M-104,2024-10-15 07:48:12+00:00,walking,1,xgboost,3,47046344M-104,reference,0.0,0.026985812932252884,0
47046344M-104,2024-10-15 07:48:13+00:00,walking,1,xgboost,3,47046344M-104,reference,0.0,0.016483621671795845,0
47046344M-104,2024-10-15 07:48:14+00:00,walking,1,xgboost,3,47046344M-104,reference,0.0,0.14737282693386078,0
47046344M-104,2024-10-15 07:48:15+00:00,walking,1,xgboost,3,47046344M-104,reference,0.0,0.051839232444763184,0
47046344M-104,2024-10-15 07:48:16+00:00,walking,1,xgboost,3,47046344M-104,reference,0.0,0.2541675269603729,0
47046344M-104,2024-10-15 07:48:17+00:00,walking,1,xgboost,3,47046344M-104,reference,0.0,0.05365363135933876,0
47046344M-104,2024-10-15 07:48:18+00:00,walking,1,xgboost,3,47046344M-104,reference,0.0,0.011145164258778095,0
47046344M-104,2024-10-15 07:48:19+00:00,walking,1,xgboost,3,47046344M-104,reference,0.0,0.036504849791526794,0
47046344M-104,2024-10-15 07:48:20+00:00,walking,1,xgboost,3,47046344M-104,reference,0.0,0.14364323019981384,0
47046344M-104,2024-10-15 07:48:21+00:00,walking,1,xgboost,3,47046344M-104,reference,0.0,0.11237321048974991,0
47046344M-104,2024-10-15 07:48:22+00:00,walking,1,xgboost,3,47046344M-104,reference,0.0,0.32631897926330566,0
47046344M-104,2024-10-15 07:48:23+00:00,walking,1,xgboost,3,47046344M-104,reference,0.0,0.1465614140033722,0
47046344M-104,2024-10-15 07:48:24+00:00,walking,1,xgboost,3,47046344M-104,reference,0.0,0.2610059976577759,0
47046344M-104,2024-10-15 07:48:25+00:00,walking,1,xgboost,3,47046344M-104,reference,0.0,0.23385405540466309,0
47046344M-104,2024-10-15 07:48:26+00:00,walking,1,xgboost,3,47046344M-104,reference,0.0,0.14198410511016846,0
47046344M-104,2024-10-15 07:48:27+00:00,walking,1,xgboost,3,47046344M-104,reference,0.0,0.06550607830286026,0
47046344M-104,2024-10-15 07:48:28+00:00,walking,1,xgboost,3,47046344M-104,reference,0.0,0.035181593149900436,0
47046344M-104,2024-10-15 07:48:29+00:00,walking,1,xgboost,3,47046344M-104,reference,0.0,0.020871441811323166,0
47046344M-104,2024-10-15 07:48:30+00:00,walking,1,xgboost,3,47046344M-104,reference,0.0,0.022077161818742752,0
47046344M-104,2024-10-15 07:48:31+00:00,walking,1,xgboost,3,47046344M-104,reference,0.0,0.09864682704210281,0
47046344M-104,2024-10-15 07:48:32+00:00,walking,1,xgboost,3,47046344M-104,reference,0.0,0.026143135502934456,0
47046344M-104,2024-10-15 07:48:33+00:00,walking,1,xgboost,3,47046344M-104,reference,0.0,0.16433803737163544,0
47046344M-104,2024-10-15 07:48:34+00:00,walking,1,xgboost,3,47046344M-104,reference,0.0,0.03476467728614807,0
47046344M-104,2024-10-15 07:48:35+00:00,walking,1,xgboost,3,47046344M-104,reference,0.0,0.3749067783355713,0
47046344M-104,2024-10-15 07:48:36+00:00,walking,1,xgboost,3,47046344M-104,reference,0.0,0.1070825383067131,0
47046344M-104,2024-10-15 07:48:37+00:00,walking,1,xgboost,3,47046344M-104,reference,0.0,0.13770006597042084,0
47046344M-104,2024-10-15 07:48:38+00:00,walking,1,xgboost,3,47046344M-104,reference,0.0,0.016901906579732895,0
47046344M-104,2024-10-15 07:48:39+00:00,walking,1,xgboost,3,47046344M-104,reference,0.0,0.018547801300883293,0
47046344M-104,2024-10-15 07:48:40+00:00,walking,1,xgboost,3,47046344M-104,reference,0.0,0.04076986387372017,0
47046344M-104,2024-10-15 07:48:41+00:00,walking,1,xgboost,3,47046344M-104,reference,0.0,0.07452261447906494,0
47046344M-104,2024-10-15 07:48:42+00:00,walking,1,xgboost,3,47046344M-104,reference,0.0,0.04083634912967682,0
47046344M-104,,not_walking,0,xgboost,3,47046344M-104,reference,0.0,0.24032336473464966,0
47046344M-104,,not_walking,0,xgboost,3,47046344M-104,reference,0.0,0.26298952102661133,0
47046344M-104,,not_walking,0,xgboost,3,47046344M-104,reference,0.0,0.3974630832672119,0
47046344M-104,,not_walking,0,xgboost,3,47046344M-104,reference,0.0,0.3014439344406128,0
47046344M-104,,not_walking,0,xgboost,3,47046344M-104,reference,0.0,0.28502628207206726,0
47046344M-104,,not_walking,0,xgboost,3,47046344M-104,reference,0.0,0.18695935606956482,0
47046344M-104,,not_walking,0,xgboost,3,47046344M-104,reference,0.0,0.3702280521392822,0
47046344M-104,,not_walking,0,xgboost,3,47046344M-104,reference,0.0,0.39175930619239807,0
47046344M-104,,not_walking,0,xgboost,3,47046344M-104,reference,0.0,0.331301748752594,0
47046344M-104,,not_walking,0,xgboost,3,47046344M-104,reference,0.0,0.22794382274150848,0
47046344M-104,,not_walking,0,xgboost,3,47046344M-104,reference,0.0,0.48103082180023193,0
47046344M-104,,not_walking,0,xgboost,3,47046344M-104,reference,0.0,0.3532752990722656,0
47046344M-104,,not_walking,0,xgboost,3,47046344M-104,reference,0.0,0.45026394724845886,0
47046344M-104,,not_walking,0,xgboost,3,47046344M-104,reference,0.0,0.38710054755210876,0
47046344M-104,,not_walking,0,xgboost,3,47046344M-104,reference,0.0,0.45681390166282654,0
47046344M-104,,not_walking,0,xgboost,3,47046344M-104,reference,0.0,0.37647339701652527,0
47046344M-104,,not_walking,0,xgboost,3,47046344M-104,reference,0.0,0.38405072689056396,0
47046344M-104,,not_walking,0,xgboost,3,47046344M-104,reference,0.0,0.24841400980949402,0
47046344M-104,,not_walking,0,xgboost,3,47046344M-104,reference,0.0,0.19175367057323456,0
47046344M-104,,not_walking,0,xgboost,3,47046344M-104,reference,0.0,0.4278937876224518,0
47046344M-104,,not_walking,0,xgboost,3,47046344M-104,reference,0.0,0.4069415330886841,0
47046344M-104,,not_walking,0,xgboost,3,47046344M-104,reference,0.0,0.365690678358078,0
47046344M-104,,not_walking,0,xgboost,3,47046344M-104,reference,0.0,0.44617265462875366,0
47046344M-104,,not_walking,0,xgboost,3,47046344M-104,reference,0.0,0.4253511130809784,0
47046344M-104,,not_walking,0,xgboost,3,47046344M-104,reference,0.0,0.4640533924102783,0
47046344M-104,,not_walking,0,xgboost,3,47046344M-104,reference,0.0,0.4427749514579773,0
47046344M-104,,not_walking,0,xgboost,3,47046344M-104,reference,0.0,0.36140117049217224,0
47046344M-104,,not_walking,0,xgboost,3,47046344M-104,reference,0.0,0.455050528049469,0
47046344M-104,,not_walking,0,xgboost,3,47046344M-104,reference,0.0,0.4733748733997345,0
47046344M-104,,not_walking,0,xgboost,3,47046344M-104,reference,0.0,0.4610231816768646,0
47046344M-104,,not_walking,0,xgboost,3,47046344M-104,reference,0.0,0.4610231816768646,0
47046344M-104,,not_walking,0,xgboost,3,47046344M-104,reference,0.0,0.4610231816768646,0
47046344M-104,,not_walking,0,xgboost,3,47046344M-104,reference,0.0,0.38294529914855957,0
47046344M-104,,not_walking,0,xgboost,3,47046344M-104,reference,0.0,0.4610231816768646,0
47046344M-104,,not_walking,0,xgboost,3,47046344M-104,reference,0.0,0.4610231816768646,0
47046344M-104,,not_walking,0,xgboost,3,47046344M-104,reference,0.0,0.4610231816768646,0
47046344M-104,,not_walking,0,xgboost,3,47046344M-104,reference,0.0,0.45681390166282654,0
47046344M-104,,not_walking,0,xgboost,3,47046344M-104,reference,0.0,0.4427749514579773,0
47046344M-104,,not_walking,0,xgboost,3,47046344M-104,reference,0.0,0.4610231816768646,0
47046344M-104,,not_walking,0,xgboost,3,47046344M-104,reference,0.0,0.4655207693576813,0
47046344M-104,,not_walking,0,xgboost,3,47046344M-104,reference,0.0,0.325491338968277,0
47046344M-104,,not_walking,0,xgboost,3,47046344M-104,reference,0.0,0.32021796703338623,0
47046344M-104,,not_walking,0,xgboost,3,47046344M-104,reference,0.0,0.3763279616832733,0
47046344M-104,,not_walking,0,xgboost,3,47046344M-104,reference,0.0,0.4427749514579773,0
47046344M-104,,not_walking,0,xgboost,3,47046344M-104,reference,0.0,0.4640533924102783,0
47046344M-104,,not_walking,0,xgboost,3,47046344M-104,reference,0.0,0.365690678358078,0
47046344M-104,,not_walking,0,xgboost,3,47046344M-104,reference,0.0,0.4610231816768646,0
47046344M-104,,not_walking,0,xgboost,3,47046344M-104,reference,0.0,0.4610231816768646,0
47046344M-104,,not_walking,0,xgboost,3,47046344M-104,reference,0.0,0.4610231816768646,0
47046344M-104,,not_walking,0,xgboost,3,47046344M-104,reference,0.0,0.4610231816768646,0
47046344M-104,,not_walking,0,xgboost,3,47046344M-104,reference,0.0,0.4610231816768646,0
47046344M-104,,not_walking,0,xgboost,3,47046344M-104,reference,0.0,0.4610231816768646,0
47046344M-104,,not_walking,0,xgboost,3,47046344M-104,reference,0.0,0.4610231816768646,0
47046344M-104,,not_walking,0,xgboost,3,47046344M-104,reference,0.0,0.4427749514579773,0
47046344M-104,,not_walking,0,xgboost,3,47046344M-104,reference,0.0,0.4610231816768646,0
47046344M-104,,not_walking,0,xgboost,3,47046344M-104,reference,0.0,0.4610231816768646,0
47046344M-104,,not_walking,0,xgboost,3,47046344M-104,reference,0.0,0.4610231816768646,0
47046344M-104,,not_walking,0,xgboost,3,47046344M-104,reference,0.0,0.44345277547836304,0
47046344M-104,,not_walking,0,xgboost,3,47046344M-104,reference,0.0,0.4427749514579773,0
47046344M-104,,not_walking,0,xgboost,3,47046344M-104,reference,0.0,0.4610231816768646,0
47046344M-104,,not_walking,0,xgboost,3,47046344M-104,reference,0.0,0.4610231816768646,0
47046344M-104,,not_walking,0,xgboost,3,47046344M-104,reference,0.0,0.4610231816768646,0
47046344M-104,,not_walking,0,xgboost,3,47046344M-104,reference,0.0,0.4610231816768646,0
47046344M-104,,not_walking,0,xgboost,3,47046344M-104,reference,0.0,0.4610231816768646,0
47046344M-104,,not_walking,0,xgboost,3,47046344M-104,reference,0.0,0.4610231816768646,0
47046344M-104,,not_walking,0,xgboost,3,47046344M-104,reference,0.0,0.4610231816768646,0
47046344M-104,,not_walking,0,xgboost,3,47046344M-104,reference,0.0,0.4610231816768646,0
47046344M-104,,not_walking,0,xgboost,3,47046344M-104,reference,0.0,0.4610231816768646,0
47046344M-104,,not_walking,0,xgboost,3,47046344M-104,reference,0.0,0.4610231816768646,0
47046344M-104,,not_walking,0,xgboost,3,47046344M-104,reference,0.0,0.4610231816768646,0
47046344M-104,,not_walking,0,xgboost,3,47046344M-104,reference,0.0,0.46105247735977173,0
47046344M-104,,not_walking,0,xgboost,3,47046344M-104,reference,0.0,0.4656759202480316,0
47046344M-104,,not_walking,0,xgboost,3,47046344M-104,reference,0.0,0.29786214232444763,0
47046344M-104,,not_walking,0,xgboost,3,47046344M-104,reference,0.0,0.3585667908191681,0
47046344M-104,,not_walking,0,xgboost,3,47046344M-104,reference,0.0,0.3920322060585022,0
47046344M-104,,not_walking,0,xgboost,3,47046344M-104,reference,0.0,0.4388521611690521,0
47046344M-104,,not_walking,0,xgboost,3,47046344M-104,reference,0.0,0.21299074590206146,0
47046344M-104,,not_walking,0,xgboost,3,47046344M-104,reference,0.0,0.4434136748313904,0
47046344M-104,,not_walking,0,xgboost,3,47046344M-104,reference,0.0,0.47517675161361694,0
47046344M-104,,not_walking,0,xgboost,3,47046344M-104,reference,0.0,0.42588117718696594,0
47046344M-104,,not_walking,0,xgboost,3,47046344M-104,reference,0.0,0.4427749514579773,0
47046344M-104,,not_walking,0,xgboost,3,47046344M-104,reference,0.0,0.4311867952346802,0
47046344M-104,,not_walking,0,xgboost,3,47046344M-104,reference,0.0,0.2778777778148651,0
47046344M-104,,not_walking,0,xgboost,3,47046344M-104,reference,0.0,0.3731895983219147,0
47046344M-104,,not_walking,0,xgboost,3,47046344M-104,reference,0.0,0.39627310633659363,0
47046344M-104,,not_walking,0,xgboost,3,47046344M-104,reference,0.0,0.5604270696640015,1
47046344M-104,,not_walking,0,xgboost,3,47046344M-104,reference,0.0,0.48241931200027466,0
47046344M-104,,not_walking,0,xgboost,3,47046344M-104,reference,0.0,0.35531917214393616,0
47046344M-104,,not_walking,0,xgboost,3,47046344M-104,reference,0.0,0.4343070685863495,0
47046344M-104,,not_walking,0,xgboost,3,47046344M-104,reference,0.0,0.4369698464870453,0
47046344M-104,,not_walking,0,xgboost,3,47046344M-104,reference,0.0,0.18480564653873444,0
47046344M-104,,not_walking,0,xgboost,3,47046344M-104,reference,0.0,0.17964693903923035,0
47046344M-104,,not_walking,0,xgboost,3,47046344M-104,reference,0.0,0.24937577545642853,0
47046344M-104,,not_walking,0,xgboost,3,47046344M-104,reference,0.0,0.20045477151870728,0
47046344M-104,,not_walking,0,xgboost,3,47046344M-104,reference,0.0,0.3874319791793823,0
47046344M-104,,not_walking,0,xgboost,3,47046344M-104,reference,0.0,0.4405409097671509,0
47046344M-104,,not_walking,0,xgboost,3,47046344M-104,reference,0.0,0.2007916122674942,0
47046344M-104,,not_walking,0,xgboost,3,47046344M-104,reference,0.0,0.39430883526802063,0
47046344M-104,,not_walking,0,xgboost,3,47046344M-104,reference,0.0,0.36002472043037415,0
47046344M-104,,not_walking,0,xgboost,3,47046344M-104,reference,0.0,0.30580654740333557,0
47046344M-104,,not_walking,0,xgboost,3,47046344M-104,reference,0.0,0.20502352714538574,0
47046344M-104,,not_walking,0,xgboost,3,47046344M-104,reference,0.0,0.2822059094905853,0
47046344M-104,,not_walking,0,xgboost,3,47046344M-104,reference,0.0,0.31325411796569824,0
47046344M-104,,not_walking,0,xgboost,3,47046344M-104,reference,0.0,0.2436218559741974,0
47046344M-104,,not_walking,0,xgboost,3,47046344M-104,reference,0.0,0.3140750825405121,0
47046344M-104,,not_walking,0,xgboost,3,47046344M-104,reference,0.0,0.30580654740333557,0
47046344M-104,,not_walking,0,xgboost,3,47046344M-104,reference,0.0,0.2574092745780945,0
47046344M-104,,not_walking,0,xgboost,3,47046344M-104,reference,0.0,0.18295001983642578,0
47046344M-104,,not_walking,0,xgboost,3,47046344M-104,reference,0.0,0.2069046050310135,0
47046344M-104,,not_walking,0,xgboost,3,47046344M-104,reference,0.0,0.22327086329460144,0
47046344M-104,,not_walking,0,xgboost,3,47046344M-104,reference,0.0,0.4050653278827667,0
47046344M-104,,not_walking,0,xgboost,3,47046344M-104,reference,0.0,0.34004682302474976,0
47046344M-104,,not_walking,0,xgboost,3,47046344M-104,reference,0.0,0.3213471472263336,0
47046344M-104,,not_walking,0,xgboost,3,47046344M-104,reference,0.0,0.25006213784217834,0
47046344M-104,,not_walking,0,xgboost,3,47046344M-104,reference,0.0,0.30856260657310486,0
47046344M-104,,not_walking,0,xgboost,3,47046344M-104,reference,0.0,0.39316844940185547,0
47046344M-104,,not_walking,0,xgboost,3,47046344M-104,reference,0.0,0.36140117049217224,0
47046344M-104,,not_walking,0,xgboost,3,47046344M-104,reference,0.0,0.460187703371048,0
47046344M-104,,not_walking,0,xgboost,3,47046344M-104,reference,0.0,0.2999660074710846,0
47046344M-104,,not_walking,0,xgboost,3,47046344M-104,reference,0.0,0.22041292488574982,0
47046344M-104,,not_walking,0,xgboost,3,47046344M-104,reference,0.0,0.39782145619392395,0
47046344M-104,,not_walking,0,xgboost,3,47046344M-104,reference,0.0,0.2825532555580139,0
47046344M-104,,not_walking,0,xgboost,3,47046344M-104,reference,0.0,0.3122139573097229,0
47046344M-104,,not_walking,0,xgboost,3,47046344M-104,reference,0.0,0.2820988595485687,0
47046344M-104,,not_walking,0,xgboost,3,47046344M-104,reference,0.0,0.23640713095664978,0
47046344M-104,,not_walking,0,xgboost,3,47046344M-104,reference,0.0,0.252360075712204,0
47046344M-104,,not_walking,0,xgboost,3,47046344M-104,reference,0.0,0.20458555221557617,0
47046344M-104,,not_walking,0,xgboost,3,47046344M-104,reference,0.0,0.2558351159095764,0
47046344M-104,,not_walking,0,xgboost,3,47046344M-104,reference,0.0,0.26159006357192993,0
47046344M-104,,not_walking,0,xgboost,3,47046344M-104,reference,0.0,0.42208757996559143,0
47046344M-104,,not_walking,0,xgboost,3,47046344M-104,reference,0.0,0.3355269134044647,0
47046344M-104,,not_walking,0,xgboost,3,47046344M-104,reference,0.0,0.30838215351104736,0
47046344M-104,,not_walking,0,xgboost,3,47046344M-104,reference,0.0,0.3304623067378998,0
47046344M-104,,not_walking,0,xgboost,3,47046344M-104,reference,0.0,0.291519433259964,0
47046344M-104,,not_walking,0,xgboost,3,47046344M-104,reference,0.0,0.3045928478240967,0
47046344M-104,,not_walking,0,xgboost,3,47046344M-104,reference,0.0,0.3633727431297302,0
47046344M-104,,not_walking,0,xgboost,3,47046344M-104,reference,0.0,0.29455336928367615,0
47046344M-104,,not_walking,0,xgboost,3,47046344M-104,reference,0.0,0.3684185743331909,0
47046344M-104,,not_walking,0,xgboost,3,47046344M-104,reference,0.0,0.3102670907974243,0
47046344M-104,,not_walking,0,xgboost,3,47046344M-104,reference,0.0,0.29137974977493286,0
47046344M-104,,not_walking,0,xgboost,3,47046344M-104,reference,0.0,0.28466373682022095,0
47046344M-104,,not_walking,0,xgboost,3,47046344M-104,reference,0.0,0.28811511397361755,0
47046344M-104,,not_walking,0,xgboost,3,47046344M-104,reference,0.0,0.28342264890670776,0
47046344M-104,,not_walking,0,xgboost,3,47046344M-104,reference,0.0,0.5512976050376892,1
47046344M-104,,not_walking,0,xgboost,3,47046344M-104,reference,0.0,0.358934223651886,0
47046344M-104,,not_walking,0,xgboost,3,47046344M-104,reference,0.0,0.37278029322624207,0
47046344M-104,,not_walking,0,xgboost,3,47046344M-104,reference,0.0,0.16165702044963837,0
47046344M-104,,not_walking,0,xgboost,3,47046344M-104,reference,0.0,0.2207614928483963,0
47046344M-104,,not_walking,0,xgboost,3,47046344M-104,reference,0.0,0.4354199767112732,0
47046344M-104,,not_walking,0,xgboost,3,47046344M-104,reference,0.0,0.3126956820487976,0
47046344M-104,,not_walking,0,xgboost,3,47046344M-104,reference,0.0,0.30586886405944824,0
47046344M-104,,not_walking,0,xgboost,3,47046344M-104,reference,0.0,0.28630486130714417,0
47046344M-104,,not_walking,0,xgboost,3,47046344M-104,reference,0.0,0.308889776468277,0
47046344M-104,,not_walking,0,xgboost,3,47046344M-104,reference,0.0,0.3141469657421112,0
47046344M-104,,not_walking,0,xgboost,3,47046344M-104,reference,0.0,0.32258886098861694,0
47046344M-104,,not_walking,0,xgboost,3,47046344M-104,reference,0.0,0.31834307312965393,0
47046344M-104,,not_walking,0,xgboost,3,47046344M-104,reference,0.0,0.29691195487976074,0
47046344M-104,,not_walking,0,xgboost,3,47046344M-104,reference,0.0,0.30376073718070984,0
47046344M-104,,not_walking,0,xgboost,3,47046344M-104,reference,0.0,0.3512033522129059,0
47046344M-104,,not_walking,0,xgboost,3,47046344M-104,reference,0.0,0.2965511083602905,0
47046344M-104,,not_walking,0,xgboost,3,47046344M-104,reference,0.0,0.4582146108150482,0
47046344M-104,,not_walking,0,xgboost,3,47046344M-104,reference,0.0,0.2992311418056488,0
47046344M-104,,not_walking,0,xgboost,3,47046344M-104,reference,0.0,0.30061280727386475,0
47046344M-104,,not_walking,0,xgboost,3,47046344M-104,reference,0.0,0.4206724762916565,0
47046344M-104,,not_walking,0,xgboost,3,47046344M-104,reference,0.0,0.3047278821468353,0
47046344M-104,,not_walking,0,xgboost,3,47046344M-104,reference,0.0,0.3229372799396515,0
47046344M-104,,not_walking,0,xgboost,3,47046344M-104,reference,0.0,0.3369423449039459,0
47046344M-104,,not_walking,0,xgboost,3,47046344M-104,reference,0.0,0.31650474667549133,0
47046344M-104,,not_walking,0,xgboost,3,47046344M-104,reference,0.0,0.33237460255622864,0
47046344M-104,,not_walking,0,xgboost,3,47046344M-104,reference,0.0,0.3014439344406128,0
47046344M-104,,not_walking,0,xgboost,3,47046344M-104,reference,0.0,0.308889776468277,0
47046344M-104,,not_walking,0,xgboost,3,47046344M-104,reference,0.0,0.4527643024921417,0
47046344M-104,,not_walking,0,xgboost,3,47046344M-104,reference,0.0,0.3087382912635803,0
47046344M-104,,not_walking,0,xgboost,3,47046344M-104,reference,0.0,0.37910225987434387,0
47046344M-104,,not_walking,0,xgboost,3,47046344M-104,reference,0.0,0.3092194199562073,0
47046344M-104,,not_walking,0,xgboost,3,47046344M-104,reference,0.0,0.30821579694747925,0
47046344M-104,,not_walking,0,xgboost,3,47046344M-104,reference,0.0,0.29773709177970886,0
47046344M-104,,not_walking,0,xgboost,3,47046344M-104,reference,0.0,0.2950112223625183,0
47046344M-104,,not_walking,0,xgboost,3,47046344M-104,reference,0.0,0.24976490437984467,0
47046344M-104,,not_walking,0,xgboost,3,47046344M-104,reference,0.0,0.2810570001602173,0
47046344M-104,,not_walking,0,xgboost,3,47046344M-104,reference,0.0,0.28515803813934326,0
47046344M-104,,not_walking,0,xgboost,3,47046344M-104,reference,0.0,0.4471750557422638,0
47046344M-104,,not_walking,0,xgboost,3,47046344M-104,reference,0.0,0.3108266294002533,0
47046344M-104,,not_walking,0,xgboost,3,47046344M-104,reference,0.0,0.30478787422180176,0
47046344M-104,,not_walking,0,xgboost,3,47046344M-104,reference,0.0,0.2503865659236908,0
47046344M-104,,not_walking,0,xgboost,3,47046344M-104,reference,0.0,0.30593180656433105,0
47046344M-104,,not_walking,0,xgboost,3,47046344M-104,reference,0.0,0.4124198853969574,0
47046344M-104,,not_walking,0,xgboost,3,47046344M-104,reference,0.0,0.24035800993442535,0
47046344M-104,,not_walking,0,xgboost,3,47046344M-104,reference,0.0,0.19830414652824402,0
47046344M-104,,not_walking,0,xgboost,3,47046344M-104,reference,0.0,0.3467906713485718,0
47046344M-104,,not_walking,0,xgboost,3,47046344M-104,reference,0.0,0.23489195108413696,0
47046344M-104,,not_walking,0,xgboost,3,47046344M-104,reference,0.0,0.3175888657569885,0
47046344M-104,,not_walking,0,xgboost,3,47046344M-104,reference,0.0,0.2705287039279938,0
47046344M-104,,not_walking,0,xgboost,3,47046344M-104,reference,0.0,0.3597211241722107,0
47046344M-104,,not_walking,0,xgboost,3,47046344M-104,reference,0.0,0.3346971273422241,0
47046344M-104,,not_walking,0,xgboost,3,47046344M-104,reference,0.0,0.29839903116226196,0
47046344M-104,,not_walking,0,xgboost,3,47046344M-104,reference,0.0,0.3628283739089966,0
47046344M-104,,not_walking,0,xgboost,3,47046344M-104,reference,0.0,0.2551819980144501,0
47046344M-104,,not_walking,0,xgboost,3,47046344M-104,reference,0.0,0.248432457447052,0
47046344M-104,,not_walking,0,xgboost,3,47046344M-104,reference,0.0,0.30118033289909363,0
47046344M-104,,not_walking,0,xgboost,3,47046344M-104,reference,0.0,0.37394100427627563,0
47046344M-104,,not_walking,0,xgboost,3,47046344M-104,reference,0.0,0.25157755613327026,0
47046344M-104,,not_walking,0,xgboost,3,47046344M-104,reference,0.0,0.3689921796321869,0
47046344M-104,,not_walking,0,xgboost,3,47046344M-104,reference,0.0,0.23957474529743195,0
47046344M-104,,not_walking,0,xgboost,3,47046344M-104,reference,0.0,0.23131267726421356,0
47046344M-104,,not_walking,0,xgboost,3,47046344M-104,reference,0.0,0.2700779139995575,0
47046344M-104,,not_walking,0,xgboost,3,47046344M-104,reference,0.0,0.4003562331199646,0
47046344M-104,,not_walking,0,xgboost,3,47046344M-104,reference,0.0,0.3610026240348816,0
47046344M-104,,not_walking,0,xgboost,3,47046344M-104,reference,0.0,0.2503865659236908,0
47046344M-104,,not_walking,0,xgboost,3,47046344M-104,reference,0.0,0.4409516751766205,0
47046344M-104,,not_walking,0,xgboost,3,47046344M-104,reference,0.0,0.27280858159065247,0
47046344M-104,,not_walking,0,xgboost,3,47046344M-104,reference,0.0,0.28515803813934326,0
47046344M-104,,not_walking,0,xgboost,3,47046344M-104,reference,0.0,0.3630014657974243,0
47046344M-104,,not_walking,0,xgboost,3,47046344M-104,reference,0.0,0.3831496238708496,0
47046344M-104,,not_walking,0,xgboost,3,47046344M-104,reference,0.0,0.4383000135421753,0
47046344M-104,,not_walking,0,xgboost,3,47046344M-104,reference,0.0,0.4795255959033966,0
47046344M-104,,not_walking,0,xgboost,3,47046344M-104,reference,0.0,0.4640533924102783,0
47046344M-104,,not_walking,0,xgboost,3,47046344M-104,reference,0.0,0.45804256200790405,0
47046344M-104,,not_walking,0,xgboost,3,47046344M-104,reference,0.0,0.2605624496936798,0
47046344M-104,,not_walking,0,xgboost,3,47046344M-104,reference,0.0,0.462299108505249,0
47046344M-104,,not_walking,0,xgboost,3,47046344M-104,reference,0.0,0.11356833577156067,0
47046344M-104,,not_walking,0,xgboost,3,47046344M-104,reference,0.0,0.345020592212677,0
47046344M-104,,not_walking,0,xgboost,3,47046344M-104,reference,0.0,0.2023227959871292,0
02548893X-118,2025-02-28 09:48:08+00:00,not_walking,0,catboost,1,02548893X-118,reference,0.0,0.2139307068571357,0
02548893X-118,2025-02-28 09:48:09+00:00,not_walking,0,catboost,1,02548893X-118,reference,0.0,0.20697007059142347,0
02548893X-118,2025-02-28 09:48:10+00:00,not_walking,0,catboost,1,02548893X-118,reference,0.0,0.3006808007103659,0
02548893X-118,2025-02-28 09:48:11+00:00,not_walking,0,catboost,1,02548893X-118,reference,0.0,0.20365213514376765,0
02548893X-118,2025-02-28 09:48:12+00:00,not_walking,0,catboost,1,02548893X-118,reference,0.0,0.11305702331980091,0
02548893X-118,2025-02-28 09:48:13+00:00,not_walking,0,catboost,1,02548893X-118,reference,0.0,0.03991537295282906,0
02548893X-118,2025-02-28 09:48:14+00:00,not_walking,0,catboost,1,02548893X-118,reference,0.0,0.0936375980928721,0
02548893X-118,2025-02-28 09:48:15+00:00,not_walking,0,catboost,1,02548893X-118,reference,0.0,0.07020297393141817,0
02548893X-118,2025-02-28 09:48:16+00:00,not_walking,0,catboost,1,02548893X-118,reference,0.0,0.15624542326299676,0
02548893X-118,2025-02-28 09:48:17+00:00,not_walking,0,catboost,1,02548893X-118,reference,0.0,0.15523667829941276,0
02548893X-118,2025-02-28 09:48:18+00:00,not_walking,0,catboost,1,02548893X-118,reference,0.0,0.03512840171062697,0
02548893X-118,2025-02-28 09:48:19+00:00,not_walking,0,catboost,1,02548893X-118,reference,0.0,0.049650719069209995,0
02548893X-118,2025-02-28 09:48:20+00:00,not_walking,0,catboost,1,02548893X-118,reference,0.0,0.07729950839905421,0
02548893X-118,2025-02-28 09:48:21+00:00,not_walking,0,catboost,1,02548893X-118,reference,0.0,0.14017115855222884,0
02548893X-118,2025-02-28 09:48:22+00:00,not_walking,0,catboost,1,02548893X-118,reference,0.0,0.042772842599071166,0
02548893X-118,2025-02-28 09:48:23+00:00,not_walking,0,catboost,1,02548893X-118,reference,0.0,0.18785165288216293,0
02548893X-118,2025-02-28 09:48:24+00:00,not_walking,0,catboost,1,02548893X-118,reference,0.0,0.2005853062711505,0
02548893X-118,2025-02-28 09:48:25+00:00,not_walking,0,catboost,1,02548893X-118,reference,0.0,0.06630125847549473,0
02548893X-118,2025-02-28 09:48:26+00:00,not_walking,0,catboost,1,02548893X-118,reference,0.0,0.11941308584126319,0
02548893X-118,2025-02-28 09:48:27+00:00,not_walking,0,catboost,1,02548893X-118,reference,0.0,0.13234982056321268,0
02548893X-118,2025-02-28 09:48:28+00:00,not_walking,0,catboost,1,02548893X-118,reference,0.0,0.10283323632393705,0
02548893X-118,2025-02-28 09:48:29+00:00,not_walking,0,catboost,1,02548893X-118,reference,0.0,0.1562435812900373,0
02548893X-118,2025-02-28 09:48:30+00:00,not_walking,0,catboost,1,02548893X-118,reference,0.0,0.1424739246385774,0
02548893X-118,2025-02-28 09:48:31+00:00,not_walking,0,catboost,1,02548893X-118,reference,0.0,0.3470233131775929,0
02548893X-118,2025-02-28 09:48:32+00:00,not_walking,0,catboost,1,02548893X-118,reference,0.0,0.439114701461108,0
02548893X-118,2025-02-28 09:48:33+00:00,not_walking,0,catboost,1,02548893X-118,reference,0.0,0.23495876975010022,0
02548893X-118,2025-02-28 09:48:34+00:00,not_walking,0,catboost,1,02548893X-118,reference,0.0,0.3950760634724679,0
02548893X-118,2025-02-28 09:48:35+00:00,not_walking,0,catboost,1,02548893X-118,reference,0.0,0.30236577439670304,0
02548893X-118,2025-02-28 09:48:36+00:00,not_walking,0,catboost,1,02548893X-118,reference,0.0,0.19216500855860383,0
02548893X-118,2025-02-28 09:48:37+00:00,not_walking,0,catboost,1,02548893X-118,reference,0.0,0.32604747475057133,0
02548893X-118,2025-02-28 09:48:38+00:00,not_walking,0,catboost,1,02548893X-118,reference,0.0,0.2659737547312275,0
02548893X-118,2025-02-28 09:48:39+00:00,not_walking,0,catboost,1,02548893X-118,reference,0.0,0.2809662537988,0
02548893X-118,2025-02-28 09:48:40+00:00,not_walking,0,catboost,1,02548893X-118,reference,0.0,0.2252065186216104,0
02548893X-118,2025-02-28 09:48:41+00:00,not_walking,0,catboost,1,02548893X-118,reference,0.0,0.2580786948731882,0
02548893X-118,2025-02-28 09:48:42+00:00,not_walking,0,catboost,1,02548893X-118,reference,0.0,0.1806854965128019,0
02548893X-118,2025-02-28 09:48:43+00:00,not_walking,0,catboost,1,02548893X-118,reference,0.0,0.22512190485750944,0
02548893X-118,2025-02-28 09:48:44+00:00,not_walking,0,catboost,1,02548893X-118,reference,0.0,0.22794366463348553,0
02548893X-118,2025-02-28 09:48:45+00:00,not_walking,0,catboost,1,02548893X-118,reference,0.0,0.14600773314632773,0
02548893X-118,2025-02-28 09:48:46+00:00,not_walking,0,catboost,1,02548893X-118,reference,0.0,0.2348794891546437,0
02548893X-118,2025-02-28 09:48:47+00:00,not_walking,0,catboost,1,02548893X-118,reference,0.0,0.29701234016176736,0
02548893X-118,2025-02-28 09:48:48+00:00,not_walking,0,catboost,1,02548893X-118,reference,0.0,0.30367530582939706,0
02548893X-118,2025-02-28 09:48:49+00:00,not_walking,0,catboost,1,02548893X-118,reference,0.0,0.27920872687159387,0
02548893X-118,2025-02-28 09:48:50+00:00,not_walking,0,catboost,1,02548893X-118,reference,0.0,0.509067647958126,1
02548893X-118,2025-02-28 09:48:51+00:00,not_walking,0,catboost,1,02548893X-118,reference,0.0,0.41072013675799124,0
02548893X-118,2025-02-28 09:48:52+00:00,not_walking,0,catboost,1,02548893X-118,reference,0.0,0.3660312891062813,0
02548893X-118,2025-02-28 09:48:53+00:00,not_walking,0,catboost,1,02548893X-118,reference,0.0,0.3525255946222337,0
02548893X-118,2025-02-28 09:48:54+00:00,not_walking,0,catboost,1,02548893X-118,reference,0.0,0.3385167356794309,0
02548893X-118,2025-02-28 09:48:55+00:00,not_walking,0,catboost,1,02548893X-118,reference,0.0,0.2960375319381572,0
02548893X-118,2025-02-28 09:48:56+00:00,not_walking,0,catboost,1,02548893X-118,reference,0.0,0.3741960050079709,0
02548893X-118,2025-02-28 09:48:57+00:00,not_walking,0,catboost,1,02548893X-118,reference,0.0,0.10209242524412959,0
02548893X-118,2025-02-28 09:48:58+00:00,not_walking,0,catboost,1,02548893X-118,reference,0.0,0.3302542090842314,0
02548893X-118,2025-02-28 09:48:59+00:00,not_walking,0,catboost,1,02548893X-118,reference,0.0,0.2711544896386166,0
02548893X-118,2025-02-28 09:49:00+00:00,not_walking,0,catboost,1,02548893X-118,reference,0.0,0.30356957925485384,0
02548893X-118,2025-02-28 09:49:01+00:00,not_walking,0,catboost,1,02548893X-118,reference,0.0,0.278075824883239,0
02548893X-118,2025-02-28 09:49:02+00:00,not_walking,0,catboost,1,02548893X-118,reference,0.0,0.2590255013378314,0
02548893X-118,2025-02-28 09:49:03+00:00,not_walking,0,catboost,1,02548893X-118,reference,0.0,0.3700269458468879,0
02548893X-118,2025-02-28 09:49:04+00:00,not_walking,0,catboost,1,02548893X-118,reference,0.0,0.32544730346299583,0
02548893X-118,2025-02-28 09:49:05+00:00,not_walking,0,catboost,1,02548893X-118,reference,0.0,0.23929584009312685,0
02548893X-118,2025-02-28 09:49:06+00:00,not_walking,0,catboost,1,02548893X-118,reference,0.0,0.18752805976624662,0
02548893X-118,2025-02-28 09:49:07+00:00,not_walking,0,catboost,1,02548893X-118,reference,0.0,0.34299520995871335,0
02548893X-118,2025-02-28 09:49:08+00:00,not_walking,0,catboost,1,02548893X-118,reference,0.0,0.26500748892175824,0
02548893X-118,2025-02-28 09:49:09+00:00,not_walking,0,catboost,1,02548893X-118,reference,0.0,0.3521629962749105,0
02548893X-118,2025-02-28 09:49:10+00:00,not_walking,0,catboost,1,02548893X-118,reference,0.0,0.44903002837237715,0
02548893X-118,2025-02-28 09:49:11+00:00,not_walking,0,catboost,1,02548893X-118,reference,0.0,0.1130252915761178,0
02548893X-118,2025-02-28 09:49:12+00:00,not_walking,0,catboost,1,02548893X-118,reference,0.0,0.11000847610409516,0
02548893X-118,2025-02-28 09:49:13+00:00,not_walking,0,catboost,1,02548893X-118,reference,0.0,0.11526515272467974,0
02548893X-118,2025-02-28 09:49:14+00:00,not_walking,0,catboost,1,02548893X-118,reference,0.0,0.03332730928460981,0
02548893X-118,2025-02-28 09:49:15+00:00,not_walking,0,catboost,1,02548893X-118,reference,0.0,0.10744626792550169,0
02548893X-118,2025-02-28 09:49:16+00:00,not_walking,0,catboost,1,02548893X-118,reference,0.0,0.11828945952944006,0
02548893X-118,2025-02-28 09:49:17+00:00,not_walking,0,catboost,1,02548893X-118,reference,0.0,0.1178563168711571,0
02548893X-118,2025-02-28 09:49:18+00:00,not_walking,0,catboost,1,02548893X-118,reference,0.0,0.30547213964536696,0
02548893X-118,2025-02-28 09:49:19+00:00,not_walking,0,catboost,1,02548893X-118,reference,0.0,0.2634989107377153,0
02548893X-118,2025-02-28 09:49:20+00:00,not_walking,0,catboost,1,02548893X-118,reference,0.0,0.21902197403066945,0
02548893X-118,2025-02-28 09:49:21+00:00,not_walking,0,catboost,1,02548893X-118,reference,0.0,0.2901999116118812,0
02548893X-118,2025-02-28 09:49:22+00:00,not_walking,0,catboost,1,02548893X-118,reference,0.0,0.40647425132148896,0
02548893X-118,2025-02-28 09:49:23+00:00,not_walking,0,catboost,1,02548893X-118,reference,0.0,0.5716965699777339,1
02548893X-118,2025-02-28 09:49:24+00:00,not_walking,0,catboost,1,02548893X-118,reference,0.0,0.32021751185420533,0
02548893X-118,2025-02-28 09:49:25+00:00,not_walking,0,catboost,1,02548893X-118,reference,0.0,0.3375527584589881,0
02548893X-118,2025-02-28 09:49:26+00:00,not_walking,0,catboost,1,02548893X-118,reference,0.0,0.27122972431433967,0
02548893X-118,2025-02-28 09:49:27+00:00,not_walking,0,catboost,1,02548893X-118,reference,0.0,0.7539158930813732,1
02548893X-118,2025-02-28 09:49:28+00:00,not_walking,0,catboost,1,02548893X-118,reference,0.0,0.7361892724532185,1
02548893X-118,2025-02-28 09:49:29+00:00,not_walking,0,catboost,1,02548893X-118,reference,0.0,0.9265242191723048,1
02548893X-118,2025-02-28 09:49:30+00:00,not_walking,0,catboost,1,02548893X-118,reference,0.0,0.8184648958042836,1
02548893X-118,2025-02-28 09:49:31+00:00,not_walking,0,catboost,1,02548893X-118,reference,0.0,0.7699926639978288,1
02548893X-118,2025-02-28 09:49:32+00:00,not_walking,0,catboost,1,02548893X-118,reference,0.0,0.7783793435247258,1
02548893X-118,2025-02-28 09:49:33+00:00,not_walking,0,catboost,1,02548893X-118,reference,0.0,0.24330111485502695,0
02548893X-118,2025-02-28 09:49:34+00:00,not_walking,0,catboost,1,02548893X-118,reference,0.0,0.861689165424378,1
02548893X-118,2025-02-28 09:49:35+00:00,not_walking,0,catboost,1,02548893X-118,reference,0.0,0.6746346011919909,1
02548893X-118,2025-02-28 09:49:36+00:00,not_walking,0,catboost,1,02548893X-118,reference,0.0,0.5224384688445847,1
02548893X-118,2025-02-28 09:49:37+00:00,not_walking,0,catboost,1,02548893X-118,reference,0.0,0.680283862786131,1
02548893X-118,2025-02-28 09:49:38+00:00,not_walking,0,catboost,1,02548893X-118,reference,0.0,0.46531908003622396,0
02548893X-118,2025-02-28 09:49:39+00:00,not_walking,0,catboost,1,02548893X-118,reference,0.0,0.6396865955866937,1
02548893X-118,2025-02-28 09:49:40+00:00,not_walking,0,catboost,1,02548893X-118,reference,0.0,0.7095553172655248,1
02548893X-118,2025-02-28 09:49:41+00:00,not_walking,0,catboost,1,02548893X-118,reference,0.0,0.6734043171953321,1
02548893X-118,2025-02-28 09:49:42+00:00,not_walking,0,catboost,1,02548893X-118,reference,0.0,0.6792004723345264,1
02548893X-118,2025-02-28 09:49:43+00:00,not_walking,0,catboost,1,02548893X-118,reference,0.0,0.6748154840293702,1
02548893X-118,2025-02-28 09:49:44+00:00,not_walking,0,catboost,1,02548893X-118,reference,0.0,0.4635733306604737,0
02548893X-118,2025-02-28 09:49:45+00:00,not_walking,0,catboost,1,02548893X-118,reference,0.0,0.618180428876886,1
02548893X-118,2025-02-28 09:49:46+00:00,not_walking,0,catboost,1,02548893X-118,reference,0.0,0.39311689329963867,0
02548893X-118,2025-02-28 09:49:47+00:00,not_walking,0,catboost,1,02548893X-118,reference,0.0,0.29066799911516894,0
02548893X-118,2025-02-28 09:49:48+00:00,not_walking,0,catboost,1,02548893X-118,reference,0.0,0.3114073683869526,0
02548893X-118,2025-02-28 09:49:49+00:00,not_walking,0,catboost,1,02548893X-118,reference,0.0,0.3978260306130473,0
02548893X-118,2025-02-28 09:49:50+00:00,not_walking,0,catboost,1,02548893X-118,reference,0.0,0.5658151131269686,1
02548893X-118,2025-02-28 09:49:51+00:00,not_walking,0,catboost,1,02548893X-118,reference,0.0,0.2756560411876748,0
02548893X-118,2025-02-28 09:49:52+00:00,not_walking,0,catboost,1,02548893X-118,reference,0.0,0.8013847618533246,1
02548893X-118,2025-02-28 09:49:53+00:00,not_walking,0,catboost,1,02548893X-118,reference,0.0,0.09415908922774936,0
02548893X-118,2025-02-28 09:49:54+00:00,not_walking,0,catboost,1,02548893X-118,reference,0.0,0.5207281716175688,1
02548893X-118,2025-02-28 09:49:55+00:00,not_walking,0,catboost,1,02548893X-118,reference,0.0,0.5444027914380991,1
02548893X-118,2025-02-28 09:49:56+00:00,not_walking,0,catboost,1,02548893X-118,reference,0.0,0.8666008099835251,1
02548893X-118,2025-02-28 09:49:57+00:00,not_walking,0,catboost,1,02548893X-118,reference,0.0,0.8650476763133309,1
02548893X-118,2025-02-28 09:49:58+00:00,not_walking,0,catboost,1,02548893X-118,reference,0.0,0.7110606527367378,1
02548893X-118,2025-02-28 09:49:59+00:00,not_walking,0,catboost,1,02548893X-118,reference,0.0,0.6436462127563515,1
02548893X-118,2025-02-28 09:50:00+00:00,not_walking,0,catboost,1,02548893X-118,reference,0.0,0.2740851326437253,0
02548893X-118,2025-02-28 09:50:01+00:00,not_walking,0,catboost,1,02548893X-118,reference,0.0,0.3983457686426673,0
02548893X-118,2025-02-28 09:50:02+00:00,not_walking,0,catboost,1,02548893X-118,reference,0.0,0.7810558836447594,1
02548893X-118,2025-02-28 09:50:03+00:00,not_walking,0,catboost,1,02548893X-118,reference,0.0,0.7435817887568303,1
02548893X-118,2025-02-28 09:50:04+00:00,not_walking,0,catboost,1,02548893X-118,reference,0.0,0.24944495042312445,0
02548893X-118,2025-02-28 09:50:05+00:00,not_walking,0,catboost,1,02548893X-118,reference,0.0,0.5190345032356442,1
04845288Q-121,2025-03-01 11:32:18+00:00,walking,1,catboost,2,04845288Q-121,reference,0.0,0.029452440008244245,0
04845288Q-121,2025-03-01 11:32:19+00:00,walking,1,catboost,2,04845288Q-121,reference,0.0,0.22514704807885705,0
04845288Q-121,2025-03-01 11:32:20+00:00,walking,1,catboost,2,04845288Q-121,reference,0.0,0.6753482235657149,1
04845288Q-121,2025-03-01 11:32:21+00:00,walking,1,catboost,2,04845288Q-121,reference,0.0,0.28063740316252755,0
04845288Q-121,2025-03-01 11:32:22+00:00,walking,1,catboost,2,04845288Q-121,reference,0.0,0.754117802354003,1
04845288Q-121,2025-03-01 11:32:23+00:00,walking,1,catboost,2,04845288Q-121,reference,0.0,0.70160298691062,1
04845288Q-121,2025-03-01 11:32:24+00:00,walking,1,catboost,2,04845288Q-121,reference,0.0,0.20530861009695528,0
04845288Q-121,2025-03-01 11:32:25+00:00,walking,1,catboost,2,04845288Q-121,reference,0.0,0.47292061919022954,0
04845288Q-121,2025-03-01 11:32:26+00:00,walking,1,catboost,2,04845288Q-121,reference,0.0,0.22030317557034398,0
04845288Q-121,2025-03-01 11:32:27+00:00,walking,1,catboost,2,04845288Q-121,reference,0.0,0.4755393267598671,0
04845288Q-121,2025-03-01 11:32:28+00:00,walking,1,catboost,2,04845288Q-121,reference,0.0,0.41315953559155005,0
04845288Q-121,2025-03-01 11:32:29+00:00,walking,1,catboost,2,04845288Q-121,reference,0.0,0.28260214295318514,0
04845288Q-121,2025-03-01 11:32:30+00:00,not_walking,0,catboost,2,04845288Q-121,reference,0.0,0.22864020057175025,0
04845288Q-121,2025-03-01 11:32:31+00:00,not_walking,0,catboost,2,04845288Q-121,reference,0.0,0.6750075607886918,1
04845288Q-121,2025-03-01 11:32:32+00:00,not_walking,0,catboost,2,04845288Q-121,reference,0.0,0.4294310704043701,0
04845288Q-121,2025-03-01 11:32:33+00:00,not_walking,0,catboost,2,04845288Q-121,reference,0.0,0.6068692582410139,1
04845288Q-121,2025-03-01 11:32:34+00:00,not_walking,0,catboost,2,04845288Q-121,reference,0.0,0.7187853709732606,1
04845288Q-121,2025-03-01 11:32:35+00:00,not_walking,0,catboost,2,04845288Q-121,reference,0.0,0.7436692168371033,1
04845288Q-121,2025-03-01 11:32:36+00:00,not_walking,0,catboost,2,04845288Q-121,reference,0.0,0.48139218840186315,0
04845288Q-121,2025-03-01 11:32:37+00:00,not_walking,0,catboost,2,04845288Q-121,reference,0.0,0.3035227158300554,0
04845288Q-121,2025-03-01 11:32:38+00:00,not_walking,0,catboost,2,04845288Q-121,reference,0.0,0.39412587018251716,0
04845288Q-121,2025-03-01 11:32:39+00:00,not_walking,0,catboost,2,04845288Q-121,reference,0.0,0.20914193522355665,0
04845288Q-121,2025-03-01 11:32:40+00:00,not_walking,0,catboost,2,04845288Q-121,reference,0.0,0.37045100719744845,0
04845288Q-121,2025-03-01 11:32:41+00:00,not_walking,0,catboost,2,04845288Q-121,reference,0.0,0.3464577488481946,0
04845288Q-121,2025-03-01 11:32:42+00:00,walking,1,catboost,2,04845288Q-121,reference,0.0,0.29078022745478427,0
04845288Q-121,2025-03-01 11:32:43+00:00,walking,1,catboost,2,04845288Q-121,reference,0.0,0.5031369155277413,1
04845288Q-121,2025-03-01 11:32:44+00:00,walking,1,catboost,2,04845288Q-121,reference,0.0,0.6954383233946979,1
04845288Q-121,2025-03-01 11:32:45+00:00,walking,1,catboost,2,04845288Q-121,reference,0.0,0.26473669468646244,0
04845288Q-121,2025-03-01 11:32:46+00:00,walking,1,catboost,2,04845288Q-121,reference,0.0,0.37256868859358055,0
04845288Q-121,2025-03-01 11:32:47+00:00,walking,1,catboost,2,04845288Q-121,reference,0.0,0.6040166571960485,1
04845288Q-121,2025-03-01 11:32:48+00:00,walking,1,catboost,2,04845288Q-121,reference,0.0,0.3450418230953384,0
04845288Q-121,2025-03-01 11:32:49+00:00,not_walking,0,catboost,2,04845288Q-121,reference,0.0,0.4131414145634026,0
04845288Q-121,2025-03-01 11:32:50+00:00,not_walking,0,catboost,2,04845288Q-121,reference,0.0,0.24977660523644102,0
04845288Q-121,2025-03-01 11:32:51+00:00,not_walking,0,catboost,2,04845288Q-121,reference,0.0,0.16747784052086856,0
04845288Q-121,2025-03-01 11:32:52+00:00,not_walking,0,catboost,2,04845288Q-121,reference,0.0,0.3492451424783059,0
04845288Q-121,2025-03-01 11:32:53+00:00,not_walking,0,catboost,2,04845288Q-121,reference,0.0,0.2311509704803114,0
04845288Q-121,2025-03-01 11:32:54+00:00,not_walking,0,catboost,2,04845288Q-121,reference,0.0,0.6326803329205337,1
04845288Q-121,2025-03-01 11:32:55+00:00,not_walking,0,catboost,2,04845288Q-121,reference,0.0,0.4139856562443329,0
04845288Q-121,2025-03-01 11:32:56+00:00,not_walking,0,catboost,2,04845288Q-121,reference,0.0,0.6373728885498386,1
04845288Q-121,2025-03-01 11:32:57+00:00,not_walking,0,catboost,2,04845288Q-121,reference,0.0,0.6978902570008918,1
04845288Q-121,2025-03-01 11:32:58+00:00,not_walking,0,catboost,2,04845288Q-121,reference,0.0,0.8131913326164696,1
04845288Q-121,2025-03-01 11:32:59+00:00,not_walking,0,catboost,2,04845288Q-121,reference,0.0,0.8361522641691085,1
04845288Q-121,2025-03-01 11:33:00+00:00,not_walking,0,catboost,2,04845288Q-121,reference,0.0,0.7045099279141189,1
04845288Q-121,2025-03-01 11:33:01+00:00,not_walking,0,catboost,2,04845288Q-121,reference,0.0,0.36607441934152724,0
04845288Q-121,2025-03-01 11:33:02+00:00,not_walking,0,catboost,2,04845288Q-121,reference,0.0,0.4124401969913714,0
04845288Q-121,2025-03-01 11:33:03+00:00,not_walking,0,catboost,2,04845288Q-121,reference,0.0,0.6605793341795415,1
04845288Q-121,2025-03-01 11:33:04+00:00,not_walking,0,catboost,2,04845288Q-121,reference,0.0,0.5903891602659874,1
04845288Q-121,2025-03-01 11:33:09+00:00,not_walking,0,catboost,2,04845288Q-121,reference,0.0,0.023383992704903683,0
04845288Q-121,2025-03-01 11:33:10+00:00,not_walking,0,catboost,2,04845288Q-121,reference,0.0,0.6551220633073697,1
04845288Q-121,2025-03-01 11:33:11+00:00,not_walking,0,catboost,2,04845288Q-121,reference,0.0,0.4819912486832915,0
04845288Q-121,2025-03-01 11:33:12+00:00,not_walking,0,catboost,2,04845288Q-121,reference,0.0,0.5358051603519854,1
04845288Q-121,2025-03-01 11:33:13+00:00,not_walking,0,catboost,2,04845288Q-121,reference,0.0,0.158606972036864,0
04845288Q-121,2025-03-01 11:33:14+00:00,not_walking,0,catboost,2,04845288Q-121,reference,0.0,0.4718363523152246,0
04845288Q-121,2025-03-01 11:33:15+00:00,not_walking,0,catboost,2,04845288Q-121,reference,0.0,0.6876804944190248,1
04845288Q-121,2025-03-01 11:33:16+00:00,not_walking,0,catboost,2,04845288Q-121,reference,0.0,0.239560346396864,0
04845288Q-121,2025-03-01 11:33:17+00:00,not_walking,0,catboost,2,04845288Q-121,reference,0.0,0.6485741938919043,1
04845288Q-121,2025-03-01 11:33:18+00:00,not_walking,0,catboost,2,04845288Q-121,reference,0.0,0.46069634983524765,0
04845288Q-121,2025-03-01 11:33:19+00:00,not_walking,0,catboost,2,04845288Q-121,reference,0.0,0.5278953814602393,1
04845288Q-121,2025-03-01 11:33:20+00:00,not_walking,0,catboost,2,04845288Q-121,reference,0.0,0.17269599744836034,0
04845288Q-121,2025-03-01 11:33:21+00:00,not_walking,0,catboost,2,04845288Q-121,reference,0.0,0.6303262487309544,1
04845288Q-121,2025-03-01 11:33:22+00:00,not_walking,0,catboost,2,04845288Q-121,reference,0.0,0.3769922463513908,0
04845288Q-121,2025-03-01 11:33:23+00:00,not_walking,0,catboost,2,04845288Q-121,reference,0.0,0.5763461550841035,1
04845288Q-121,2025-03-01 11:33:24+00:00,not_walking,0,catboost,2,04845288Q-121,reference,0.0,0.6933187654650464,1
04845288Q-121,2025-03-01 11:33:25+00:00,not_walking,0,catboost,2,04845288Q-121,reference,0.0,0.2108486166888513,0
04845288Q-121,2025-03-01 11:33:26+00:00,not_walking,0,catboost,2,04845288Q-121,reference,0.0,0.5307983106026742,1
04845288Q-121,2025-03-01 11:33:27+00:00,not_walking,0,catboost,2,04845288Q-121,reference,0.0,0.5243189840552818,1
04845288Q-121,2025-03-01 11:33:28+00:00,not_walking,0,catboost,2,04845288Q-121,reference,0.0,0.09462397270817925,0
04845288Q-121,2025-03-01 11:33:29+00:00,not_walking,0,catboost,2,04845288Q-121,reference,0.0,0.3029717655559642,0
04845288Q-121,2025-03-01 11:33:30+00:00,not_walking,0,catboost,2,04845288Q-121,reference,0.0,0.4639018818580818,0
04845288Q-121,2025-03-01 11:33:31+00:00,not_walking,0,catboost,2,04845288Q-121,reference,0.0,0.12715322232992188,0
04845288Q-121,2025-03-01 11:33:32+00:00,not_walking,0,catboost,2,04845288Q-121,reference,0.0,0.4691350484344225,0
04845288Q-121,2025-03-01 11:33:33+00:00,not_walking,0,catboost,2,04845288Q-121,reference,0.0,0.24589629679024197,0
04845288Q-121,2025-03-01 11:33:34+00:00,not_walking,0,catboost,2,04845288Q-121,reference,0.0,0.27077526400603774,0
04845288Q-121,2025-03-01 11:33:35+00:00,not_walking,0,catboost,2,04845288Q-121,reference,0.0,0.3522719035590592,0
04845288Q-121,2025-03-01 11:33:36+00:00,not_walking,0,catboost,2,04845288Q-121,reference,0.0,0.703870138336979,1
04845288Q-121,2025-03-01 11:33:37+00:00,not_walking,0,catboost,2,04845288Q-121,reference,0.0,0.18198910302997012,0
04845288Q-121,2025-03-01 11:33:38+00:00,not_walking,0,catboost,2,04845288Q-121,reference,0.0,0.5629407640177687,1
04845288Q-121,2025-03-01 11:33:39+00:00,not_walking,0,catboost,2,04845288Q-121,reference,0.0,0.5669514758390605,1
04845288Q-121,2025-03-01 11:33:40+00:00,not_walking,0,catboost,2,04845288Q-121,reference,0.0,0.4745127008408392,0
04845288Q-121,2025-03-01 11:33:41+00:00,not_walking,0,catboost,2,04845288Q-121,reference,0.0,0.7823373981929427,1
04845288Q-121,2025-03-01 11:33:42+00:00,not_walking,0,catboost,2,04845288Q-121,reference,0.0,0.3143595992915938,0
04845288Q-121,2025-03-01 11:33:43+00:00,not_walking,0,catboost,2,04845288Q-121,reference,0.0,0.26482435163113993,0
04845288Q-121,2025-03-01 11:33:44+00:00,not_walking,0,catboost,2,04845288Q-121,reference,0.0,0.4858422359187779,0
04845288Q-121,2025-03-01 11:33:45+00:00,not_walking,0,catboost,2,04845288Q-121,reference,0.0,0.7906085184873949,1
04845288Q-121,2025-03-01 11:33:46+00:00,not_walking,0,catboost,2,04845288Q-121,reference,0.0,0.44736880966550474,0
04845288Q-121,2025-03-01 11:33:47+00:00,not_walking,0,catboost,2,04845288Q-121,reference,0.0,0.7591968396295646,1
04845288Q-121,2025-03-01 11:33:48+00:00,not_walking,0,catboost,2,04845288Q-121,reference,0.0,0.8590337691370293,1
04845288Q-121,2025-03-01 11:33:49+00:00,not_walking,0,catboost,2,04845288Q-121,reference,0.0,0.595867984594023,1
04845288Q-121,2025-03-01 11:33:50+00:00,not_walking,0,catboost,2,04845288Q-121,reference,0.0,0.5369860142166737,1
04845288Q-121,2025-03-01 11:33:51+00:00,not_walking,0,catboost,2,04845288Q-121,reference,0.0,0.3128309203690117,0
04845288Q-121,2025-03-01 11:33:52+00:00,not_walking,0,catboost,2,04845288Q-121,reference,0.0,0.7523082493274856,1
04845288Q-121,2025-03-01 11:33:53+00:00,not_walking,0,catboost,2,04845288Q-121,reference,0.0,0.6121220633774678,1
04845288Q-121,2025-03-01 11:33:54+00:00,not_walking,0,catboost,2,04845288Q-121,reference,0.0,0.5672620166578615,1
04845288Q-121,2025-03-01 11:33:55+00:00,not_walking,0,catboost,2,04845288Q-121,reference,0.0,0.45021328840281616,0
04845288Q-121,2025-03-01 11:33:56+00:00,not_walking,0,catboost,2,04845288Q-121,reference,0.0,0.4913714614341103,0
04845288Q-121,2025-03-01 11:33:57+00:00,not_walking,0,catboost,2,04845288Q-121,reference,0.0,0.5339754895022126,1
04845288Q-121,2025-03-01 11:33:58+00:00,not_walking,0,catboost,2,04845288Q-121,reference,0.0,0.4213643899689776,0
04845288Q-121,2025-03-01 11:33:59+00:00,not_walking,0,catboost,2,04845288Q-121,reference,0.0,0.4032471158310499,0
04845288Q-121,2025-03-01 11:34:00+00:00,not_walking,0,catboost,2,04845288Q-121,reference,0.0,0.6462279640021641,1
04845288Q-121,2025-03-01 11:34:01+00:00,not_walking,0,catboost,2,04845288Q-121,reference,0.0,0.7511898976793349,1
04845288Q-121,2025-03-01 11:34:02+00:00,not_walking,0,catboost,2,04845288Q-121,reference,0.0,0.46180238206416657,0
04845288Q-121,2025-03-01 11:34:03+00:00,not_walking,0,catboost,2,04845288Q-121,reference,0.0,0.5021899298759407,1
04845288Q-121,2025-03-01 11:34:04+00:00,not_walking,0,catboost,2,04845288Q-121,reference,0.0,0.14025575989715353,0
04845288Q-121,2025-03-01 11:34:05+00:00,not_walking,0,catboost,2,04845288Q-121,reference,0.0,0.6746702991027429,1
04845288Q-121,2025-03-01 11:34:06+00:00,not_walking,0,catboost,2,04845288Q-121,reference,0.0,0.7545917366294017,1
04845288Q-121,2025-03-01 11:34:07+00:00,not_walking,0,catboost,2,04845288Q-121,reference,0.0,0.8001707634325258,1
04845288Q-121,2025-03-01 11:34:08+00:00,not_walking,0,catboost,2,04845288Q-121,reference,0.0,0.6224849498097986,1
04845288Q-121,2025-03-01 11:34:09+00:00,not_walking,0,catboost,2,04845288Q-121,reference,0.0,0.49697139242705335,0
04845288Q-121,2025-03-01 11:34:10+00:00,not_walking,0,catboost,2,04845288Q-121,reference,0.0,0.5852032085923838,1
04845288Q-121,2025-03-01 11:34:11+00:00,not_walking,0,catboost,2,04845288Q-121,reference,0.0,0.41870102037060886,0
04845288Q-121,2025-03-01 11:34:12+00:00,not_walking,0,catboost,2,04845288Q-121,reference,0.0,0.4802063542353585,0
04845288Q-121,2025-03-01 11:34:13+00:00,not_walking,0,catboost,2,04845288Q-121,reference,0.0,0.33564038963608256,0
04845288Q-121,2025-03-01 11:34:14+00:00,not_walking,0,catboost,2,04845288Q-121,reference,0.0,0.8040748042600264,1
04845288Q-121,2025-03-01 11:34:15+00:00,not_walking,0,catboost,2,04845288Q-121,reference,0.0,0.9065968021806746,1
04845288Q-121,2025-03-01 11:34:16+00:00,not_walking,0,catboost,2,04845288Q-121,reference,0.0,0.5808664891942056,1
04845288Q-121,2025-03-01 11:34:17+00:00,not_walking,0,catboost,2,04845288Q-121,reference,0.0,0.6829416764843219,1
04845288Q-121,2025-03-01 11:34:18+00:00,not_walking,0,catboost,2,04845288Q-121,reference,0.0,0.6004624440064795,1
04845288Q-121,2025-03-01 11:34:19+00:00,not_walking,0,catboost,2,04845288Q-121,reference,0.0,0.30570348938797764,0
04845288Q-121,2025-03-01 11:34:20+00:00,not_walking,0,catboost,2,04845288Q-121,reference,0.0,0.3617342087752787,0
04845288Q-121,2025-03-01 11:34:21+00:00,not_walking,0,catboost,2,04845288Q-121,reference,0.0,0.48652292491599597,0
04845288Q-121,2025-03-01 11:34:22+00:00,not_walking,0,catboost,2,04845288Q-121,reference,0.0,0.598222946240008,1
04845288Q-121,2025-03-01 11:34:23+00:00,not_walking,0,catboost,2,04845288Q-121,reference,0.0,0.2201685045538433,0
04845288Q-121,2025-03-01 11:34:24+00:00,not_walking,0,catboost,2,04845288Q-121,reference,0.0,0.745565042335283,1
04845288Q-121,2025-03-01 11:34:25+00:00,not_walking,0,catboost,2,04845288Q-121,reference,0.0,0.5516280259240922,1
04845288Q-121,2025-03-01 11:34:26+00:00,not_walking,0,catboost,2,04845288Q-121,reference,0.0,0.7444253007884434,1
04845288Q-121,2025-03-01 11:34:27+00:00,not_walking,0,catboost,2,04845288Q-121,reference,0.0,0.4538413408072688,0
04845288Q-121,2025-03-01 11:34:28+00:00,not_walking,0,catboost,2,04845288Q-121,reference,0.0,0.8562995294607358,1
04845288Q-121,2025-03-01 11:34:29+00:00,not_walking,0,catboost,2,04845288Q-121,reference,0.0,0.20094036911755658,0
04845288Q-121,2025-03-01 11:34:30+00:00,not_walking,0,catboost,2,04845288Q-121,reference,0.0,0.07873310407608404,0
04845288Q-121,2025-03-01 11:34:31+00:00,not_walking,0,catboost,2,04845288Q-121,reference,0.0,0.428771518303764,0
04845288Q-121,2025-03-01 11:34:32+00:00,not_walking,0,catboost,2,04845288Q-121,reference,0.0,0.8230664857473223,1
04845288Q-121,2025-03-01 11:34:33+00:00,not_walking,0,catboost,2,04845288Q-121,reference,0.0,0.33041259821394353,0
04845288Q-121,2025-03-01 11:34:34+00:00,not_walking,0,catboost,2,04845288Q-121,reference,0.0,0.3093055824486455,0
04845288Q-121,2025-03-01 11:34:35+00:00,not_walking,0,catboost,2,04845288Q-121,reference,0.0,0.7468427983678441,1
04845288Q-121,2025-03-01 11:34:36+00:00,not_walking,0,catboost,2,04845288Q-121,reference,0.0,0.771761825309749,1
04845288Q-121,2025-03-01 11:34:37+00:00,not_walking,0,catboost,2,04845288Q-121,reference,0.0,0.3914092635023142,0
04845288Q-121,2025-03-01 11:34:38+00:00,not_walking,0,catboost,2,04845288Q-121,reference,0.0,0.4761519035222637,0
04845288Q-121,2025-03-01 11:34:39+00:00,not_walking,0,catboost,2,04845288Q-121,reference,0.0,0.7025590785027375,1
04845288Q-121,2025-03-01 11:34:40+00:00,not_walking,0,catboost,2,04845288Q-121,reference,0.0,0.44787953847370915,0
04845288Q-121,2025-03-01 11:34:41+00:00,not_walking,0,catboost,2,04845288Q-121,reference,0.0,0.22000550579972358,0
04845288Q-121,2025-03-01 11:34:42+00:00,not_walking,0,catboost,2,04845288Q-121,reference,0.0,0.5629971965243947,1
04845288Q-121,2025-03-01 11:34:43+00:00,not_walking,0,catboost,2,04845288Q-121,reference,0.0,0.7295248666532519,1
04845288Q-121,2025-03-01 11:34:44+00:00,not_walking,0,catboost,2,04845288Q-121,reference,0.0,0.35924042505783715,0
04845288Q-121,2025-03-01 11:34:45+00:00,not_walking,0,catboost,2,04845288Q-121,reference,0.0,0.5704084280537762,1
04845288Q-121,2025-03-01 11:34:46+00:00,not_walking,0,catboost,2,04845288Q-121,reference,0.0,0.7816673937153369,1
04845288Q-121,2025-03-01 11:34:47+00:00,not_walking,0,catboost,2,04845288Q-121,reference,0.0,0.3679895108335406,0
04845288Q-121,2025-03-01 11:34:48+00:00,not_walking,0,catboost,2,04845288Q-121,reference,0.0,0.5141004785156369,1
04845288Q-121,2025-03-01 11:34:49+00:00,not_walking,0,catboost,2,04845288Q-121,reference,0.0,0.36722779128700317,0
04845288Q-121,2025-03-01 11:34:59+00:00,not_walking,0,catboost,2,04845288Q-121,reference,0.0,0.3926883581838256,0
04845288Q-121,2025-03-01 11:35:00+00:00,not_walking,0,catboost,2,04845288Q-121,reference,0.0,0.7450832819887103,1
04845288Q-121,2025-03-01 11:35:01+00:00,not_walking,0,catboost,2,04845288Q-121,reference,0.0,0.6397183266082912,1
04845288Q-121,2025-03-01 11:35:02+00:00,not_walking,0,catboost,2,04845288Q-121,reference,0.0,0.699249205060106,1
04845288Q-121,2025-03-01 11:35:03+00:00,not_walking,0,catboost,2,04845288Q-121,reference,0.0,0.7191329954961291,1
04845288Q-121,2025-03-01 11:35:04+00:00,not_walking,0,catboost,2,04845288Q-121,reference,0.0,0.3505598938897366,0
04845288Q-121,2025-03-01 11:35:05+00:00,not_walking,0,catboost,2,04845288Q-121,reference,0.0,0.627757734338216,1
04845288Q-121,2025-03-01 11:35:06+00:00,not_walking,0,catboost,2,04845288Q-121,reference,0.0,0.2261796745654697,0
04845288Q-121,2025-03-01 11:35:07+00:00,not_walking,0,catboost,2,04845288Q-121,reference,0.0,0.38382730377367197,0
04845288Q-121,2025-03-01 11:35:08+00:00,not_walking,0,catboost,2,04845288Q-121,reference,0.0,0.7145009445562442,1
04845288Q-121,2025-03-01 11:35:09+00:00,not_walking,0,catboost,2,04845288Q-121,reference,0.0,0.2389425953505684,0
04845288Q-121,2025-03-01 11:35:10+00:00,not_walking,0,catboost,2,04845288Q-121,reference,0.0,0.44354674249453435,0
04845288Q-121,2025-03-01 11:35:11+00:00,not_walking,0,catboost,2,04845288Q-121,reference,0.0,0.613523784774215,1
04845288Q-121,2025-03-01 11:35:12+00:00,not_walking,0,catboost,2,04845288Q-121,reference,0.0,0.522213324461015,1
04845288Q-121,2025-03-01 11:35:13+00:00,not_walking,0,catboost,2,04845288Q-121,reference,0.0,0.5481466812112415,1
04845288Q-121,2025-03-01 11:35:14+00:00,not_walking,0,catboost,2,04845288Q-121,reference,0.0,0.7074183421817374,1
04845288Q-121,2025-03-01 11:35:15+00:00,not_walking,0,catboost,2,04845288Q-121,reference,0.0,0.4805989799820235,0
04845288Q-121,2025-03-01 11:35:16+00:00,not_walking,0,catboost,2,04845288Q-121,reference,0.0,0.39421899864667276,0
04845288Q-121,2025-03-01 11:35:17+00:00,not_walking,0,catboost,2,04845288Q-121,reference,0.0,0.47055365577906827,0
04845288Q-121,2025-03-01 11:35:18+00:00,not_walking,0,catboost,2,04845288Q-121,reference,0.0,0.4539362978947675,0
04845288Q-121,2025-03-01 11:35:19+00:00,not_walking,0,catboost,2,04845288Q-121,reference,0.0,0.2069934458595776,0
04845288Q-121,2025-03-01 11:35:20+00:00,not_walking,0,catboost,2,04845288Q-121,reference,0.0,0.41127879744419504,0
04845288Q-121,2025-03-01 11:35:21+00:00,not_walking,0,catboost,2,04845288Q-121,reference,0.0,0.31678552609000304,0
04845288Q-121,2025-03-01 11:35:22+00:00,not_walking,0,catboost,2,04845288Q-121,reference,0.0,0.4294948056070432,0
04845288Q-121,2025-03-01 11:35:23+00:00,not_walking,0,catboost,2,04845288Q-121,reference,0.0,0.20453103817514265,0
04845288Q-121,2025-03-01 11:35:24+00:00,not_walking,0,catboost,2,04845288Q-121,reference,0.0,0.7784392378771415,1
04845288Q-121,2025-03-01 11:35:25+00:00,not_walking,0,catboost,2,04845288Q-121,reference,0.0,0.20419292862048005,0
04845288Q-121,2025-03-01 11:35:26+00:00,not_walking,0,catboost,2,04845288Q-121,reference,0.0,0.5429471676291341,1
04845288Q-121,2025-03-01 11:35:27+00:00,not_walking,0,catboost,2,04845288Q-121,reference,0.0,0.4691312414739959,0
04845288Q-121,2025-03-01 11:35:28+00:00,not_walking,0,catboost,2,04845288Q-121,reference,0.0,0.8547406646214898,1
04845288Q-121,2025-03-01 11:35:29+00:00,not_walking,0,catboost,2,04845288Q-121,reference,0.0,0.2448925786935112,0
04845288Q-121,2025-03-01 11:35:30+00:00,not_walking,0,catboost,2,04845288Q-121,reference,0.0,0.4375004926978506,0
04845288Q-121,2025-03-01 11:35:31+00:00,not_walking,0,catboost,2,04845288Q-121,reference,0.0,0.31581529459390306,0
04845288Q-121,2025-03-01 11:35:33+00:00,walking,1,catboost,2,04845288Q-121,reference,0.0,0.42899930319925644,0
04845288Q-121,2025-03-01 11:35:34+00:00,walking,1,catboost,2,04845288Q-121,reference,0.0,0.41813247906333934,0
04845288Q-121,2025-03-01 11:35:35+00:00,walking,1,catboost,2,04845288Q-121,reference,0.0,0.460463194323233,0
04845288Q-121,2025-03-01 11:35:36+00:00,walking,1,catboost,2,04845288Q-121,reference,0.0,0.4942777327702917,0
04845288Q-121,2025-03-01 11:35:37+00:00,walking,1,catboost,2,04845288Q-121,reference,0.0,0.34951209284772894,0
04845288Q-121,2025-03-01 11:35:38+00:00,walking,1,catboost,2,04845288Q-121,reference,0.0,0.23979266514705727,0
04845288Q-121,2025-03-01 11:35:39+00:00,walking,1,catboost,2,04845288Q-121,reference,0.0,0.2704683700263034,0
04845288Q-121,2025-03-01 11:35:40+00:00,walking,1,catboost,2,04845288Q-121,reference,0.0,0.7018499206089839,1
04845288Q-121,2025-03-01 11:35:41+00:00,walking,1,catboost,2,04845288Q-121,reference,0.0,0.33175353628836324,0
04845288Q-121,2025-03-01 11:35:42+00:00,walking,1,catboost,2,04845288Q-121,reference,0.0,0.7828712008594805,1
04845288Q-121,2025-03-01 11:35:43+00:00,walking,1,catboost,2,04845288Q-121,reference,0.0,0.34107398399235844,0
04845288Q-121,2025-03-01 11:35:45+00:00,not_walking,0,catboost,2,04845288Q-121,reference,0.0,0.6119693710330721,1
04845288Q-121,2025-03-01 11:35:46+00:00,not_walking,0,catboost,2,04845288Q-121,reference,0.0,0.6186057380886522,1
04845288Q-121,2025-03-01 11:35:47+00:00,not_walking,0,catboost,2,04845288Q-121,reference,0.0,0.6127116519269568,1
04845288Q-121,2025-03-01 11:35:48+00:00,not_walking,0,catboost,2,04845288Q-121,reference,0.0,0.06383232825432561,0
04845288Q-121,2025-03-01 11:35:49+00:00,not_walking,0,catboost,2,04845288Q-121,reference,0.0,0.020479222975784,0
04845288Q-121,2025-03-01 11:35:50+00:00,not_walking,0,catboost,2,04845288Q-121,reference,0.0,0.01886357673813149,0
04845288Q-121,2025-03-01 11:35:51+00:00,not_walking,0,catboost,2,04845288Q-121,reference,0.0,0.029105512702083287,0
04845288Q-121,2025-03-01 11:35:52+00:00,not_walking,0,catboost,2,04845288Q-121,reference,0.0,0.020642198807244126,0
04845288Q-121,2025-03-01 11:35:53+00:00,not_walking,0,catboost,2,04845288Q-121,reference,0.0,0.06602019387220415,0
04845288Q-121,2025-03-01 11:35:54+00:00,not_walking,0,catboost,2,04845288Q-121,reference,0.0,0.10757959113547531,0
04845288Q-121,2025-03-01 11:35:55+00:00,not_walking,0,catboost,2,04845288Q-121,reference,0.0,0.058608190024726094,0
04845288Q-121,2025-03-01 11:35:56+00:00,not_walking,0,catboost,2,04845288Q-121,reference,0.0,0.12155914258193976,0
04845288Q-121,2025-03-01 11:35:57+00:00,not_walking,0,catboost,2,04845288Q-121,reference,0.0,0.0579286982714301,0
04845288Q-121,2025-03-01 11:35:58+00:00,not_walking,0,catboost,2,04845288Q-121,reference,0.0,0.09944427514123165,0
04845288Q-121,2025-03-01 11:35:59+00:00,not_walking,0,catboost,2,04845288Q-121,reference,0.0,0.05203937612714955,0
04845288Q-121,2025-03-01 11:36:00+00:00,not_walking,0,catboost,2,04845288Q-121,reference,0.0,0.017329845478845664,0
04845288Q-121,2025-03-01 11:36:01+00:00,not_walking,0,catboost,2,04845288Q-121,reference,0.0,0.019740143821242742,0
04845288Q-121,2025-03-01 11:36:02+00:00,not_walking,0,catboost,2,04845288Q-121,reference,0.0,0.011468555151716443,0
04845288Q-121,2025-03-01 11:36:03+00:00,not_walking,0,catboost,2,04845288Q-121,reference,0.0,0.01570066723947886,0
04845288Q-121,2025-03-01 11:36:04+00:00,not_walking,0,catboost,2,04845288Q-121,reference,0.0,0.01753414101694196,0
04845288Q-121,2025-03-01 11:36:05+00:00,not_walking,0,catboost,2,04845288Q-121,reference,0.0,0.05770850976395405,0
04845288Q-121,2025-03-01 11:36:06+00:00,not_walking,0,catboost,2,04845288Q-121,reference,0.0,0.056191002416863554,0
04845288Q-121,2025-03-01 11:36:07+00:00,not_walking,0,catboost,2,04845288Q-121,reference,0.0,0.5400931886476326,1
04845288Q-121,2025-03-01 11:36:08+00:00,not_walking,0,catboost,2,04845288Q-121,reference,0.0,0.7906590736983281,1
04845288Q-121,2025-03-01 11:36:09+00:00,not_walking,0,catboost,2,04845288Q-121,reference,0.0,0.015626028360863454,0
04845288Q-121,2025-03-01 11:36:10+00:00,not_walking,0,catboost,2,04845288Q-121,reference,0.0,0.017898228218511274,0
04845288Q-121,2025-03-01 11:36:11+00:00,not_walking,0,catboost,2,04845288Q-121,reference,0.0,0.1308829481113749,0
04845288Q-121,2025-03-01 11:36:12+00:00,not_walking,0,catboost,2,04845288Q-121,reference,0.0,0.42492439887972966,0
04845288Q-121,2025-03-01 11:36:13+00:00,not_walking,0,catboost,2,04845288Q-121,reference,0.0,0.3089852088333388,0
04845288Q-121,2025-03-01 11:36:14+00:00,not_walking,0,catboost,2,04845288Q-121,reference,0.0,0.7616549209276756,1
04845288Q-121,2025-03-01 11:36:15+00:00,not_walking,0,catboost,2,04845288Q-121,reference,0.0,0.7131592598598604,1
04845288Q-121,2025-03-01 11:36:16+00:00,not_walking,0,catboost,2,04845288Q-121,reference,0.0,0.034659570950904064,0
04845288Q-121,2025-03-01 11:36:17+00:00,not_walking,0,catboost,2,04845288Q-121,reference,0.0,0.021824441495071505,0
04845288Q-121,2025-03-01 11:36:18+00:00,not_walking,0,catboost,2,04845288Q-121,reference,0.0,0.022419413430366634,0
04845288Q-121,2025-03-01 11:36:19+00:00,not_walking,0,catboost,2,04845288Q-121,reference,0.0,0.020741026297104587,0
04845288Q-121,2025-03-01 11:36:20+00:00,not_walking,0,catboost,2,04845288Q-121,reference,0.0,0.01892608890920927,0
04845288Q-121,2025-03-01 11:36:21+00:00,not_walking,0,catboost,2,04845288Q-121,reference,0.0,0.02438091066277063,0
04845288Q-121,2025-03-01 11:36:22+00:00,not_walking,0,catboost,2,04845288Q-121,reference,0.0,0.02300725510851913,0
04845288Q-121,2025-03-01 11:36:23+00:00,not_walking,0,catboost,2,04845288Q-121,reference,0.0,0.023245531162476667,0
04845288Q-121,2025-03-01 11:36:24+00:00,not_walking,0,catboost,2,04845288Q-121,reference,0.0,0.018923095314911962,0
04845288Q-121,2025-03-01 11:36:25+00:00,not_walking,0,catboost,2,04845288Q-121,reference,0.0,0.025322554479234045,0
04845288Q-121,2025-03-01 11:36:26+00:00,not_walking,0,catboost,2,04845288Q-121,reference,0.0,0.028460233824951248,0
04845288Q-121,2025-03-01 11:36:27+00:00,not_walking,0,catboost,2,04845288Q-121,reference,0.0,0.0209112253684096,0
04845288Q-121,2025-03-01 11:36:28+00:00,not_walking,0,catboost,2,04845288Q-121,reference,0.0,0.010910369259699761,0
04845288Q-121,2025-03-01 11:36:29+00:00,not_walking,0,catboost,2,04845288Q-121,reference,0.0,0.018858791518940373,0
04845288Q-121,2025-03-01 11:36:30+00:00,not_walking,0,catboost,2,04845288Q-121,reference,0.0,0.029778849713981016,0
04845288Q-121,2025-03-01 11:36:31+00:00,not_walking,0,catboost,2,04845288Q-121,reference,0.0,0.043898732049965285,0
04845288Q-121,2025-03-01 11:36:32+00:00,not_walking,0,catboost,2,04845288Q-121,reference,0.0,0.018698373026998116,0
04845288Q-121,2025-03-01 11:36:33+00:00,not_walking,0,catboost,2,04845288Q-121,reference,0.0,0.018449328866191345,0
04845288Q-121,2025-03-01 11:36:34+00:00,not_walking,0,catboost,2,04845288Q-121,reference,0.0,0.025566423845653594,0
04845288Q-121,2025-03-01 11:36:35+00:00,not_walking,0,catboost,2,04845288Q-121,reference,0.0,0.024030067207779914,0
04845288Q-121,2025-03-01 11:36:36+00:00,not_walking,0,catboost,2,04845288Q-121,reference,0.0,0.014152242814453306,0
04845288Q-121,2025-03-01 11:36:37+00:00,not_walking,0,catboost,2,04845288Q-121,reference,0.0,0.018936918248458817,0
04845288Q-121,2025-03-01 11:36:38+00:00,not_walking,0,catboost,2,04845288Q-121,reference,0.0,0.031890249276226024,0
04845288Q-121,2025-03-01 11:36:39+00:00,not_walking,0,catboost,2,04845288Q-121,reference,0.0,0.01761812720532186,0
04845288Q-121,2025-03-01 11:36:40+00:00,not_walking,0,catboost,2,04845288Q-121,reference,0.0,0.03847265161678235,0
04845288Q-121,2025-03-01 11:36:41+00:00,not_walking,0,catboost,2,04845288Q-121,reference,0.0,0.02913015658177268,0
04845288Q-121,2025-03-01 11:36:42+00:00,not_walking,0,catboost,2,04845288Q-121,reference,0.0,0.02400660938653828,0
04845288Q-121,2025-03-01 11:36:43+00:00,not_walking,0,catboost,2,04845288Q-121,reference,0.0,0.023548174545001316,0
04845288Q-121,2025-03-01 11:36:44+00:00,not_walking,0,catboost,2,04845288Q-121,reference,0.0,0.02825438837471914,0
04845288Q-121,2025-03-01 11:36:45+00:00,not_walking,0,catboost,2,04845288Q-121,reference,0.0,0.02290354221684781,0
04845288Q-121,2025-03-01 11:36:46+00:00,not_walking,0,catboost,2,04845288Q-121,reference,0.0,0.04626113929414889,0
04845288Q-121,2025-03-01 11:36:47+00:00,not_walking,0,catboost,2,04845288Q-121,reference,0.0,0.02648831351521082,0
04845288Q-121,2025-03-01 11:36:48+00:00,not_walking,0,catboost,2,04845288Q-121,reference,0.0,0.02602582842848363,0
04845288Q-121,2025-03-01 11:36:49+00:00,not_walking,0,catboost,2,04845288Q-121,reference,0.0,0.020209082128632032,0
04845288Q-121,2025-03-01 11:36:50+00:00,not_walking,0,catboost,2,04845288Q-121,reference,0.0,0.0262298701677881,0
04845288Q-121,2025-03-01 11:36:51+00:00,not_walking,0,catboost,2,04845288Q-121,reference,0.0,0.03381525313280377,0
04845288Q-121,2025-03-01 11:36:52+00:00,not_walking,0,catboost,2,04845288Q-121,reference,0.0,0.01635577062362499,0
04845288Q-121,2025-03-01 11:36:53+00:00,not_walking,0,catboost,2,04845288Q-121,reference,0.0,0.021200614423831105,0
04845288Q-121,2025-03-01 11:36:54+00:00,not_walking,0,catboost,2,04845288Q-121,reference,0.0,0.030747377246553784,0
04845288Q-121,2025-03-01 11:36:55+00:00,not_walking,0,catboost,2,04845288Q-121,reference,0.0,0.02166644751975851,0
04845288Q-121,2025-03-01 11:36:56+00:00,not_walking,0,catboost,2,04845288Q-121,reference,0.0,0.0189121004170498,0
04845288Q-121,2025-03-01 11:36:57+00:00,not_walking,0,catboost,2,04845288Q-121,reference,0.0,0.018348332879013492,0
04845288Q-121,2025-03-01 11:36:58+00:00,not_walking,0,catboost,2,04845288Q-121,reference,0.0,0.028980124050119464,0
04845288Q-121,2025-03-01 11:36:59+00:00,not_walking,0,catboost,2,04845288Q-121,reference,0.0,0.01859619869718106,0
04845288Q-121,2025-03-01 11:37:00+00:00,not_walking,0,catboost,2,04845288Q-121,reference,0.0,0.01568327564469808,0
04845288Q-121,2025-03-01 11:37:01+00:00,not_walking,0,catboost,2,04845288Q-121,reference,0.0,0.021020762994069374,0
04845288Q-121,2025-03-01 11:37:02+00:00,not_walking,0,catboost,2,04845288Q-121,reference,0.0,0.019612208129111245,0
04845288Q-121,2025-03-01 11:37:03+00:00,not_walking,0,catboost,2,04845288Q-121,reference,0.0,0.02889538283613327,0
04845288Q-121,2025-03-01 11:37:04+00:00,not_walking,0,catboost,2,04845288Q-121,reference,0.0,0.015225544017258747,0
04845288Q-121,2025-03-01 11:37:05+00:00,not_walking,0,catboost,2,04845288Q-121,reference,0.0,0.034027854438291906,0
04845288Q-121,2025-03-01 11:37:06+00:00,not_walking,0,catboost,2,04845288Q-121,reference,0.0,0.02771925728044448,0
04845288Q-121,2025-03-01 11:37:07+00:00,not_walking,0,catboost,2,04845288Q-121,reference,0.0,0.021834478486654377,0
04845288Q-121,2025-03-01 11:37:08+00:00,not_walking,0,catboost,2,04845288Q-121,reference,0.0,0.01664572630818795,0
04845288Q-121,2025-03-01 11:37:09+00:00,not_walking,0,catboost,2,04845288Q-121,reference,0.0,0.020828950454556707,0
04845288Q-121,2025-03-01 11:37:10+00:00,not_walking,0,catboost,2,04845288Q-121,reference,0.0,0.03567995194007072,0
04845288Q-121,2025-03-01 11:37:11+00:00,not_walking,0,catboost,2,04845288Q-121,reference,0.0,0.048000355342285216,0
04845288Q-121,2025-03-01 11:37:12+00:00,not_walking,0,catboost,2,04845288Q-121,reference,0.0,0.026989756395173713,0
04845288Q-121,2025-03-01 11:37:13+00:00,not_walking,0,catboost,2,04845288Q-121,reference,0.0,0.03181818201879656,0
04845288Q-121,2025-03-01 11:37:14+00:00,not_walking,0,catboost,2,04845288Q-121,reference,0.0,0.01834954457496435,0
04845288Q-121,2025-03-01 11:37:15+00:00,not_walking,0,catboost,2,04845288Q-121,reference,0.0,0.024605851200781476,0
04845288Q-121,2025-03-01 11:37:16+00:00,not_walking,0,catboost,2,04845288Q-121,reference,0.0,0.01902666106372986,0
04845288Q-121,2025-03-01 11:37:17+00:00,not_walking,0,catboost,2,04845288Q-121,reference,0.0,0.01948096863666296,0
04845288Q-121,2025-03-01 11:37:18+00:00,not_walking,0,catboost,2,04845288Q-121,reference,0.0,0.01888993850749808,0
04845288Q-121,2025-03-01 11:37:19+00:00,not_walking,0,catboost,2,04845288Q-121,reference,0.0,0.03262660843596494,0
04845288Q-121,2025-03-01 11:37:20+00:00,not_walking,0,catboost,2,04845288Q-121,reference,0.0,0.023540809699580355,0
04845288Q-121,2025-03-01 11:37:21+00:00,not_walking,0,catboost,2,04845288Q-121,reference,0.0,0.021423508590474587,0
04845288Q-121,2025-03-01 11:37:22+00:00,not_walking,0,catboost,2,04845288Q-121,reference,0.0,0.019974596383651087,0
04845288Q-121,2025-03-01 11:37:23+00:00,not_walking,0,catboost,2,04845288Q-121,reference,0.0,0.033225505925767125,0
04845288Q-121,2025-03-01 11:37:24+00:00,not_walking,0,catboost,2,04845288Q-121,reference,0.0,0.04840959536883506,0
04845288Q-121,2025-03-01 11:37:25+00:00,not_walking,0,catboost,2,04845288Q-121,reference,0.0,0.02333732002375448,0
04845288Q-121,2025-03-01 11:37:26+00:00,not_walking,0,catboost,2,04845288Q-121,reference,0.0,0.04413087113299629,0
04845288Q-121,2025-03-01 11:37:27+00:00,not_walking,0,catboost,2,04845288Q-121,reference,0.0,0.03311744958561336,0
04845288Q-121,2025-03-01 11:37:28+00:00,not_walking,0,catboost,2,04845288Q-121,reference,0.0,0.039481448358702875,0
04845288Q-121,2025-03-01 11:37:29+00:00,not_walking,0,catboost,2,04845288Q-121,reference,0.0,0.028686402982313786,0
04845288Q-121,2025-03-01 11:37:30+00:00,not_walking,0,catboost,2,04845288Q-121,reference,0.0,0.021455195555513996,0
04845288Q-121,2025-03-01 11:37:31+00:00,not_walking,0,catboost,2,04845288Q-121,reference,0.0,0.04094969151594445,0
04845288Q-121,2025-03-01 11:37:32+00:00,not_walking,0,catboost,2,04845288Q-121,reference,0.0,0.03400530266827783,0
04845288Q-121,2025-03-01 11:37:33+00:00,not_walking,0,catboost,2,04845288Q-121,reference,0.0,0.049156147642300044,0
04845288Q-121,2025-03-01 11:37:34+00:00,not_walking,0,catboost,2,04845288Q-121,reference,0.0,0.01974643287440002,0
04845288Q-121,2025-03-01 11:37:35+00:00,not_walking,0,catboost,2,04845288Q-121,reference,0.0,0.029367962085464466,0
04845288Q-121,2025-03-01 11:37:36+00:00,not_walking,0,catboost,2,04845288Q-121,reference,0.0,0.02275575559874162,0
04845288Q-121,2025-03-01 11:37:37+00:00,not_walking,0,catboost,2,04845288Q-121,reference,0.0,0.024757366619126597,0
04845288Q-121,2025-03-01 11:37:38+00:00,not_walking,0,catboost,2,04845288Q-121,reference,0.0,0.025943217486292625,0
04845288Q-121,2025-03-01 11:37:39+00:00,not_walking,0,catboost,2,04845288Q-121,reference,0.0,0.025464764978105684,0
04845288Q-121,2025-03-01 11:37:40+00:00,not_walking,0,catboost,2,04845288Q-121,reference,0.0,0.022193678224221868,0
04845288Q-121,2025-03-01 11:37:41+00:00,not_walking,0,catboost,2,04845288Q-121,reference,0.0,0.014936765408247264,0
04845288Q-121,2025-03-01 11:37:42+00:00,not_walking,0,catboost,2,04845288Q-121,reference,0.0,0.02444684725871612,0
04845288Q-121,2025-03-01 11:37:43+00:00,not_walking,0,catboost,2,04845288Q-121,reference,0.0,0.012483722366285059,0
04845288Q-121,2025-03-01 11:37:44+00:00,not_walking,0,catboost,2,04845288Q-121,reference,0.0,0.012726697001639553,0
04845288Q-121,2025-03-01 11:37:45+00:00,not_walking,0,catboost,2,04845288Q-121,reference,0.0,0.02826507146787829,0
04845288Q-121,2025-03-01 11:37:46+00:00,not_walking,0,catboost,2,04845288Q-121,reference,0.0,0.023683053251183722,0
04845288Q-121,2025-03-01 11:37:47+00:00,not_walking,0,catboost,2,04845288Q-121,reference,0.0,0.035818948230755356,0
04845288Q-121,2025-03-01 11:37:48+00:00,not_walking,0,catboost,2,04845288Q-121,reference,0.0,0.0314584937717151,0
04845288Q-121,2025-03-01 11:37:49+00:00,not_walking,0,catboost,2,04845288Q-121,reference,0.0,0.026006118942713412,0
04845288Q-121,2025-03-01 11:37:50+00:00,not_walking,0,catboost,2,04845288Q-121,reference,0.0,0.024893743751771218,0
04845288Q-121,2025-03-01 11:37:51+00:00,not_walking,0,catboost,2,04845288Q-121,reference,0.0,0.0244846610319426,0
04845288Q-121,2025-03-01 11:37:52+00:00,not_walking,0,catboost,2,04845288Q-121,reference,0.0,0.047767251588724594,0
04845288Q-121,2025-03-01 11:37:53+00:00,not_walking,0,catboost,2,04845288Q-121,reference,0.0,0.0529854625127602,0
04845288Q-121,2025-03-01 11:37:54+00:00,not_walking,0,catboost,2,04845288Q-121,reference,0.0,0.10403116966330603,0
04845288Q-121,2025-03-01 11:37:55+00:00,not_walking,0,catboost,2,04845288Q-121,reference,0.0,0.1376033439831374,0
04845288Q-121,2025-03-01 11:37:56+00:00,not_walking,0,catboost,2,04845288Q-121,reference,0.0,0.035282128967247396,0
04845288Q-121,2025-03-01 11:37:57+00:00,not_walking,0,catboost,2,04845288Q-121,reference,0.0,0.03044705930549366,0
04845288Q-121,2025-03-01 11:37:58+00:00,not_walking,0,catboost,2,04845288Q-121,reference,0.0,0.20646560940070952,0
04845288Q-121,2025-03-01 11:37:59+00:00,not_walking,0,catboost,2,04845288Q-121,reference,0.0,0.5400800394123282,1
04845288Q-121,2025-03-01 11:38:00+00:00,not_walking,0,catboost,2,04845288Q-121,reference,0.0,0.6690479685188233,1
04845288Q-121,2025-03-01 11:38:01+00:00,not_walking,0,catboost,2,04845288Q-121,reference,0.0,0.6676724280687315,1
04845288Q-121,2025-03-01 11:38:02+00:00,not_walking,0,catboost,2,04845288Q-121,reference,0.0,0.5655051869794943,1
04845288Q-121,2025-03-01 11:38:03+00:00,not_walking,0,catboost,2,04845288Q-121,reference,0.0,0.06093471092111352,0
04845288Q-121,2025-03-01 11:38:04+00:00,not_walking,0,catboost,2,04845288Q-121,reference,0.0,0.288555513138146,0
04845288Q-121,2025-03-01 11:38:05+00:00,not_walking,0,catboost,2,04845288Q-121,reference,0.0,0.7641685989397929,1
04845288Q-121,2025-03-01 11:38:06+00:00,not_walking,0,catboost,2,04845288Q-121,reference,0.0,0.3099076079884362,0
04845288Q-121,2025-03-01 11:38:07+00:00,not_walking,0,catboost,2,04845288Q-121,reference,0.0,0.030153940107951853,0
04845288Q-121,2025-03-01 11:38:08+00:00,not_walking,0,catboost,2,04845288Q-121,reference,0.0,0.013846835802999226,0
04845288Q-121,2025-03-01 11:38:09+00:00,not_walking,0,catboost,2,04845288Q-121,reference,0.0,0.017380847477268903,0
04845288Q-121,2025-03-01 11:38:10+00:00,not_walking,0,catboost,2,04845288Q-121,reference,0.0,0.024290235884560196,0
04845288Q-121,2025-03-01 11:38:11+00:00,not_walking,0,catboost,2,04845288Q-121,reference,0.0,0.014493436095596644,0
04845288Q-121,2025-03-01 11:38:12+00:00,not_walking,0,catboost,2,04845288Q-121,reference,0.0,0.021720959371504357,0
04845288Q-121,2025-03-01 11:38:13+00:00,not_walking,0,catboost,2,04845288Q-121,reference,0.0,0.019192420003449263,0
04845288Q-121,2025-03-01 11:38:14+00:00,not_walking,0,catboost,2,04845288Q-121,reference,0.0,0.11030010143808042,0
04845288Q-121,2025-03-01 11:38:15+00:00,not_walking,0,catboost,2,04845288Q-121,reference,0.0,0.20311329812106868,0
04845288Q-121,2025-03-01 11:38:16+00:00,not_walking,0,catboost,2,04845288Q-121,reference,0.0,0.0351460010302149,0
04845288Q-121,2025-03-01 11:38:17+00:00,not_walking,0,catboost,2,04845288Q-121,reference,0.0,0.10958550189110933,0
04845288Q-121,2025-03-01 11:38:18+00:00,walking,1,catboost,2,04845288Q-121,reference,0.0,0.027388784726355392,0
04845288Q-121,2025-03-01 11:38:19+00:00,walking,1,catboost,2,04845288Q-121,reference,0.0,0.38596473641187284,0
04845288Q-121,2025-03-01 11:38:20+00:00,walking,1,catboost,2,04845288Q-121,reference,0.0,0.7352228143595935,1
04845288Q-121,2025-03-01 11:38:21+00:00,walking,1,catboost,2,04845288Q-121,reference,0.0,0.6208995143906849,1
04845288Q-121,2025-03-01 11:38:22+00:00,walking,1,catboost,2,04845288Q-121,reference,0.0,0.19801222009786476,0
04845288Q-121,2025-03-01 11:38:23+00:00,walking,1,catboost,2,04845288Q-121,reference,0.0,0.0483808990349914,0
04845288Q-121,2025-03-01 11:38:24+00:00,walking,1,catboost,2,04845288Q-121,reference,0.0,0.05776825872558995,0
04845288Q-121,2025-03-01 11:38:25+00:00,walking,1,catboost,2,04845288Q-121,reference,0.0,0.6306480248640034,1
04845288Q-121,2025-03-01 11:38:26+00:00,walking,1,catboost,2,04845288Q-121,reference,0.0,0.1041894347359415,0
04845288Q-121,2025-03-01 11:38:27+00:00,walking,1,catboost,2,04845288Q-121,reference,0.0,0.543944507993769,1
04845288Q-121,2025-03-01 11:38:28+00:00,walking,1,catboost,2,04845288Q-121,reference,0.0,0.31459542351992503,0
04845288Q-121,2025-03-01 11:38:29+00:00,walking,1,catboost,2,04845288Q-121,reference,0.0,0.07202600370813761,0
04845288Q-121,2025-03-01 11:38:30+00:00,walking,1,catboost,2,04845288Q-121,reference,0.0,0.011623350386889133,0
04845288Q-121,2025-03-01 11:38:31+00:00,walking,1,catboost,2,04845288Q-121,reference,0.0,0.016332477113953782,0
04845288Q-121,2025-03-01 11:38:32+00:00,walking,1,catboost,2,04845288Q-121,reference,0.0,0.31818774554640933,0
04845288Q-121,2025-03-01 11:38:33+00:00,walking,1,catboost,2,04845288Q-121,reference,0.0,0.11759836887275782,0
04845288Q-121,2025-03-01 11:38:34+00:00,walking,1,catboost,2,04845288Q-121,reference,0.0,0.025289579106165333,0
04845288Q-121,2025-03-01 11:38:35+00:00,walking,1,catboost,2,04845288Q-121,reference,0.0,0.0301497514770713,0
04845288Q-121,2025-03-01 11:38:36+00:00,walking,1,catboost,2,04845288Q-121,reference,0.0,0.01724487143307355,0
04845288Q-121,2025-03-01 11:38:37+00:00,walking,1,catboost,2,04845288Q-121,reference,0.0,0.06848827104890125,0
04845288Q-121,2025-03-01 11:38:38+00:00,walking,1,catboost,2,04845288Q-121,reference,0.0,0.09917939532436638,0
04845288Q-121,2025-03-01 11:38:39+00:00,walking,1,catboost,2,04845288Q-121,reference,0.0,0.04605003265079655,0
04845288Q-121,2025-03-01 11:38:40+00:00,walking,1,catboost,2,04845288Q-121,reference,0.0,0.026650644792351182,0
04845288Q-121,2025-03-01 11:38:41+00:00,walking,1,catboost,2,04845288Q-121,reference,0.0,0.021222435800134,0
04845288Q-121,2025-03-01 11:38:44+00:00,not_walking,0,catboost,2,04845288Q-121,reference,0.0,0.006467471682300698,0
04845288Q-121,2025-03-01 11:38:45+00:00,not_walking,0,catboost,2,04845288Q-121,reference,0.0,0.012525808052377175,0
04845288Q-121,2025-03-01 11:38:46+00:00,not_walking,0,catboost,2,04845288Q-121,reference,0.0,0.017667009704014382,0
04845288Q-121,2025-03-01 11:38:47+00:00,not_walking,0,catboost,2,04845288Q-121,reference,0.0,0.02566209716993602,0
04845288Q-121,2025-03-01 11:38:48+00:00,not_walking,0,catboost,2,04845288Q-121,reference,0.0,0.05007674307486958,0
04845288Q-121,2025-03-01 11:38:49+00:00,not_walking,0,catboost,2,04845288Q-121,reference,0.0,0.041414189925796645,0
04845288Q-121,2025-03-01 11:38:50+00:00,not_walking,0,catboost,2,04845288Q-121,reference,0.0,0.042486764988914294,0
04845288Q-121,2025-03-01 11:38:51+00:00,not_walking,0,catboost,2,04845288Q-121,reference,0.0,0.06298689077145175,0
04845288Q-121,2025-03-01 11:38:52+00:00,not_walking,0,catboost,2,04845288Q-121,reference,0.0,0.10942822258135328,0
04845288Q-121,2025-03-01 11:38:53+00:00,not_walking,0,catboost,2,04845288Q-121,reference,0.0,0.04825025126406937,0
04845288Q-121,2025-03-01 11:38:54+00:00,not_walking,0,catboost,2,04845288Q-121,reference,0.0,0.07971406536798026,0
04845288Q-121,2025-03-01 11:38:55+00:00,not_walking,0,catboost,2,04845288Q-121,reference,0.0,0.01745470040073275,0
04845288Q-121,2025-03-01 11:38:56+00:00,not_walking,0,catboost,2,04845288Q-121,reference,0.0,0.04574797410448433,0
04845288Q-121,2025-03-01 11:38:57+00:00,not_walking,0,catboost,2,04845288Q-121,reference,0.0,0.031277432099040874,0
04845288Q-121,2025-03-01 11:38:58+00:00,not_walking,0,catboost,2,04845288Q-121,reference,0.0,0.02682469562856347,0
04845288Q-121,2025-03-01 11:38:59+00:00,not_walking,0,catboost,2,04845288Q-121,reference,0.0,0.022951518979941316,0
04845288Q-121,2025-03-01 11:39:00+00:00,not_walking,0,catboost,2,04845288Q-121,reference,0.0,0.024935611766378703,0
04845288Q-121,2025-03-01 11:39:01+00:00,not_walking,0,catboost,2,04845288Q-121,reference,0.0,0.052762068989046354,0
04845288Q-121,2025-03-01 11:39:02+00:00,not_walking,0,catboost,2,04845288Q-121,reference,0.0,0.044247691703061386,0
04845288Q-121,2025-03-01 11:39:03+00:00,not_walking,0,catboost,2,04845288Q-121,reference,0.0,0.026803779689795543,0
04845288Q-121,2025-03-01 11:39:04+00:00,not_walking,0,catboost,2,04845288Q-121,reference,0.0,0.02618047869131943,0
04845288Q-121,2025-03-01 11:39:05+00:00,not_walking,0,catboost,2,04845288Q-121,reference,0.0,0.012697575906815181,0
04845288Q-121,2025-03-01 11:39:06+00:00,not_walking,0,catboost,2,04845288Q-121,reference,0.0,0.02100617231393199,0
04845288Q-121,2025-03-01 11:39:07+00:00,not_walking,0,catboost,2,04845288Q-121,reference,0.0,0.019092167604697834,0
04845288Q-121,2025-03-01 11:39:08+00:00,not_walking,0,catboost,2,04845288Q-121,reference,0.0,0.009670881967763716,0
04845288Q-121,2025-03-01 11:39:09+00:00,not_walking,0,catboost,2,04845288Q-121,reference,0.0,0.023484100868678904,0
04845288Q-121,2025-03-01 11:39:10+00:00,not_walking,0,catboost,2,04845288Q-121,reference,0.0,0.01570396779887958,0
04845288Q-121,2025-03-01 11:39:11+00:00,not_walking,0,catboost,2,04845288Q-121,reference,0.0,0.022832643374645026,0
04845288Q-121,2025-03-01 11:39:12+00:00,not_walking,0,catboost,2,04845288Q-121,reference,0.0,0.029016360977710896,0
04845288Q-121,2025-03-01 11:39:13+00:00,not_walking,0,catboost,2,04845288Q-121,reference,0.0,0.03323393948804739,0
04845288Q-121,2025-03-01 11:39:14+00:00,not_walking,0,catboost,2,04845288Q-121,reference,0.0,0.03561501456383003,0
04845288Q-121,2025-03-01 11:39:15+00:00,not_walking,0,catboost,2,04845288Q-121,reference,0.0,0.04506367082154327,0
04845288Q-121,2025-03-01 11:39:16+00:00,not_walking,0,catboost,2,04845288Q-121,reference,0.0,0.07064278797167763,0
04845288Q-121,2025-03-01 11:39:17+00:00,not_walking,0,catboost,2,04845288Q-121,reference,0.0,0.06142285666508508,0
04845288Q-121,2025-03-01 11:39:18+00:00,not_walking,0,catboost,2,04845288Q-121,reference,0.0,0.056998042854148945,0
04845288Q-121,2025-03-01 11:39:19+00:00,not_walking,0,catboost,2,04845288Q-121,reference,0.0,0.08113160536228935,0
04845288Q-121,2025-03-01 11:39:20+00:00,not_walking,0,catboost,2,04845288Q-121,reference,0.0,0.06036032955135887,0
04845288Q-121,2025-03-01 11:39:21+00:00,not_walking,0,catboost,2,04845288Q-121,reference,0.0,0.046859124216353173,0
04845288Q-121,2025-03-01 11:39:22+00:00,not_walking,0,catboost,2,04845288Q-121,reference,0.0,0.030286991725394154,0
04845288Q-121,2025-03-01 11:39:23+00:00,walking,1,catboost,2,04845288Q-121,reference,0.0,0.021081779609844968,0
04845288Q-121,2025-03-01 11:39:24+00:00,walking,1,catboost,2,04845288Q-121,reference,0.0,0.05288502547809047,0
04845288Q-121,2025-03-01 11:39:25+00:00,walking,1,catboost,2,04845288Q-121,reference,0.0,0.021571664537636887,0
04845288Q-121,2025-03-01 11:39:26+00:00,walking,1,catboost,2,04845288Q-121,reference,0.0,0.02175314086065205,0
04845288Q-121,2025-03-01 11:39:27+00:00,walking,1,catboost,2,04845288Q-121,reference,0.0,0.025200411404195544,0
04845288Q-121,2025-03-01 11:39:28+00:00,walking,1,catboost,2,04845288Q-121,reference,0.0,0.01723634200806811,0
04845288Q-121,2025-03-01 11:39:29+00:00,walking,1,catboost,2,04845288Q-121,reference,0.0,0.022226028076405082,0
04845288Q-121,2025-03-01 11:39:30+00:00,walking,1,catboost,2,04845288Q-121,reference,0.0,0.024294088574639376,0
04845288Q-121,2025-03-01 11:39:31+00:00,walking,1,catboost,2,04845288Q-121,reference,0.0,0.021964330442126038,0
04845288Q-121,2025-03-01 11:39:32+00:00,walking,1,catboost,2,04845288Q-121,reference,0.0,0.01927207323187196,0
04845288Q-121,2025-03-01 11:39:33+00:00,walking,1,catboost,2,04845288Q-121,reference,0.0,0.017502721880995806,0
04845288Q-121,2025-03-01 11:39:34+00:00,not_walking,0,catboost,2,04845288Q-121,reference,0.0,0.020057059372048467,0
04845288Q-121,2025-03-01 11:39:35+00:00,not_walking,0,catboost,2,04845288Q-121,reference,0.0,0.024037296889333846,0
04845288Q-121,2025-03-01 11:39:36+00:00,not_walking,0,catboost,2,04845288Q-121,reference,0.0,0.01620191892885406,0
04845288Q-121,2025-03-01 11:39:37+00:00,not_walking,0,catboost,2,04845288Q-121,reference,0.0,0.014795604092023568,0
04845288Q-121,2025-03-01 11:39:38+00:00,not_walking,0,catboost,2,04845288Q-121,reference,0.0,0.02050846970255669,0
04845288Q-121,2025-03-01 11:39:39+00:00,not_walking,0,catboost,2,04845288Q-121,reference,0.0,0.02689637063734091,0
04845288Q-121,2025-03-01 11:39:40+00:00,not_walking,0,catboost,2,04845288Q-121,reference,0.0,0.02179831087918592,0
04845288Q-121,2025-03-01 11:39:41+00:00,not_walking,0,catboost,2,04845288Q-121,reference,0.0,0.017132485740391022,0
04845288Q-121,2025-03-01 11:39:42+00:00,not_walking,0,catboost,2,04845288Q-121,reference,0.0,0.17768970003992668,0
04845288Q-121,2025-03-01 11:39:43+00:00,not_walking,0,catboost,2,04845288Q-121,reference,0.0,0.0898808058263987,0
04845288Q-121,2025-03-01 11:39:44+00:00,not_walking,0,catboost,2,04845288Q-121,reference,0.0,0.7095110546499532,1
04845288Q-121,2025-03-01 11:39:51+00:00,not_walking,0,catboost,2,04845288Q-121,reference,0.0,0.05617351825801755,0
04845288Q-121,2025-03-01 11:39:52+00:00,not_walking,0,catboost,2,04845288Q-121,reference,0.0,0.05277102356876563,0
04845288Q-121,2025-03-01 11:39:53+00:00,not_walking,0,catboost,2,04845288Q-121,reference,0.0,0.08571045444020614,0
04845288Q-121,2025-03-01 11:39:54+00:00,not_walking,0,catboost,2,04845288Q-121,reference,0.0,0.035977448733348016,0
04845288Q-121,2025-03-01 11:39:55+00:00,not_walking,0,catboost,2,04845288Q-121,reference,0.0,0.049467769154216655,0
04845288Q-121,2025-03-01 11:39:56+00:00,not_walking,0,catboost,2,04845288Q-121,reference,0.0,0.059127514396748654,0
04845288Q-121,2025-03-01 11:39:57+00:00,not_walking,0,catboost,2,04845288Q-121,reference,0.0,0.03401457848259948,0
04845288Q-121,2025-03-01 11:39:58+00:00,not_walking,0,catboost,2,04845288Q-121,reference,0.0,0.06311449547910473,0
04845288Q-121,2025-03-01 11:39:59+00:00,not_walking,0,catboost,2,04845288Q-121,reference,0.0,0.02834052297514412,0
04845288Q-121,2025-03-01 11:40:04+00:00,walking,1,catboost,2,04845288Q-121,reference,0.0,0.029979638193384634,0
04845288Q-121,2025-03-01 11:40:05+00:00,walking,1,catboost,2,04845288Q-121,reference,0.0,0.03061386482428792,0
04845288Q-121,2025-03-01 11:40:06+00:00,walking,1,catboost,2,04845288Q-121,reference,0.0,0.023096553087059043,0
04845288Q-121,2025-03-01 11:40:07+00:00,walking,1,catboost,2,04845288Q-121,reference,0.0,0.028870549111515757,0
04845288Q-121,2025-03-01 11:40:08+00:00,walking,1,catboost,2,04845288Q-121,reference,0.0,0.01416416727066915,0
04845288Q-121,2025-03-01 11:40:09+00:00,walking,1,catboost,2,04845288Q-121,reference,0.0,0.016315889085014877,0
04845288Q-121,2025-03-01 11:40:10+00:00,walking,1,catboost,2,04845288Q-121,reference,0.0,0.012063567542835548,0
04845288Q-121,2025-03-01 11:40:11+00:00,walking,1,catboost,2,04845288Q-121,reference,0.0,0.03363723445656048,0
04845288Q-121,2025-03-01 11:40:12+00:00,walking,1,catboost,2,04845288Q-121,reference,0.0,0.01950775532393484,0
04845288Q-121,2025-03-01 11:40:13+00:00,walking,1,catboost,2,04845288Q-121,reference,0.0,0.02401583304096401,0
04845288Q-121,2025-03-01 11:40:14+00:00,walking,1,catboost,2,04845288Q-121,reference,0.0,0.03689138491852456,0
04845288Q-121,2025-03-01 11:40:15+00:00,walking,1,catboost,2,04845288Q-121,reference,0.0,0.07687991556007792,0
04845288Q-121,2025-03-01 11:40:16+00:00,walking,1,catboost,2,04845288Q-121,reference,0.0,0.06836637608528869,0
04845288Q-121,2025-03-01 11:40:17+00:00,walking,1,catboost,2,04845288Q-121,reference,0.0,0.024735534364846375,0
04845288Q-121,2025-03-01 11:40:18+00:00,walking,1,catboost,2,04845288Q-121,reference,0.0,0.019167773599727465,0
04845288Q-121,2025-03-01 11:40:19+00:00,walking,1,catboost,2,04845288Q-121,reference,0.0,0.017337524156273473,0
04845288Q-121,2025-03-01 11:40:20+00:00,walking,1,catboost,2,04845288Q-121,reference,0.0,0.017733034317258103,0
04845288Q-121,2025-03-01 11:40:21+00:00,walking,1,catboost,2,04845288Q-121,reference,0.0,0.01535384358100396,0
04845288Q-121,2025-03-01 11:40:22+00:00,walking,1,catboost,2,04845288Q-121,reference,0.0,0.020587231469580494,0
04845288Q-121,2025-03-01 11:40:23+00:00,walking,1,catboost,2,04845288Q-121,reference,0.0,0.09681443977404132,0
04845288Q-121,2025-03-01 11:40:24+00:00,walking,1,catboost,2,04845288Q-121,reference,0.0,0.07449100611512433,0
04845288Q-121,2025-03-01 11:40:25+00:00,not_walking,0,catboost,2,04845288Q-121,reference,0.0,0.037894076332193403,0
04845288Q-121,2025-03-01 11:40:26+00:00,not_walking,0,catboost,2,04845288Q-121,reference,0.0,0.044035136766399315,0
04845288Q-121,2025-03-01 11:40:27+00:00,not_walking,0,catboost,2,04845288Q-121,reference,0.0,0.045401827940954397,0
04845288Q-121,2025-03-01 11:40:28+00:00,not_walking,0,catboost,2,04845288Q-121,reference,0.0,0.03865793906382001,0
04845288Q-121,2025-03-01 11:40:29+00:00,not_walking,0,catboost,2,04845288Q-121,reference,0.0,0.1275060004996988,0
04845288Q-121,2025-03-01 11:40:30+00:00,not_walking,0,catboost,2,04845288Q-121,reference,0.0,0.036085548981727195,0
04845288Q-121,2025-03-01 11:40:31+00:00,not_walking,0,catboost,2,04845288Q-121,reference,0.0,0.02436495909735851,0
04845288Q-121,2025-03-01 11:40:32+00:00,not_walking,0,catboost,2,04845288Q-121,reference,0.0,0.012313077058055738,0
04845288Q-121,2025-03-01 11:40:33+00:00,not_walking,0,catboost,2,04845288Q-121,reference,0.0,0.021578519015729658,0
04845288Q-121,2025-03-01 11:40:34+00:00,not_walking,0,catboost,2,04845288Q-121,reference,0.0,0.11514901048356131,0
04845288Q-121,2025-03-01 11:40:35+00:00,not_walking,0,catboost,2,04845288Q-121,reference,0.0,0.05565920535065416,0
04845288Q-121,2025-03-01 11:40:36+00:00,not_walking,0,catboost,2,04845288Q-121,reference,0.0,0.043043171253567075,0
04845288Q-121,2025-03-01 11:40:37+00:00,not_walking,0,catboost,2,04845288Q-121,reference,0.0,0.05745619903111901,0
04845288Q-121,2025-03-01 11:40:38+00:00,not_walking,0,catboost,2,04845288Q-121,reference,0.0,0.024081358481446484,0
47046344M-104,2024-10-15 07:28:59+00:00,not_walking,0,catboost,3,47046344M-104,reference,0.0,0.036080186830898045,0
47046344M-104,2024-10-15 07:29:00+00:00,not_walking,0,catboost,3,47046344M-104,reference,0.0,0.071583030661977,0
47046344M-104,2024-10-15 07:29:01+00:00,not_walking,0,catboost,3,47046344M-104,reference,0.0,0.030206797409740225,0
47046344M-104,2024-10-15 07:29:02+00:00,not_walking,0,catboost,3,47046344M-104,reference,0.0,0.1744006729485744,0
47046344M-104,2024-10-15 07:29:03+00:00,not_walking,0,catboost,3,47046344M-104,reference,0.0,0.06293607200160141,0
47046344M-104,2024-10-15 07:29:04+00:00,not_walking,0,catboost,3,47046344M-104,reference,0.0,0.15459469756928132,0
47046344M-104,2024-10-15 07:29:05+00:00,not_walking,0,catboost,3,47046344M-104,reference,0.0,0.07569331522976959,0
47046344M-104,2024-10-15 07:29:06+00:00,not_walking,0,catboost,3,47046344M-104,reference,0.0,0.26207184435658754,0
47046344M-104,2024-10-15 07:29:07+00:00,not_walking,0,catboost,3,47046344M-104,reference,0.0,0.0667019614802973,0
47046344M-104,2024-10-15 07:29:08+00:00,not_walking,0,catboost,3,47046344M-104,reference,0.0,0.22582128677240187,0
47046344M-104,2024-10-15 07:29:09+00:00,not_walking,0,catboost,3,47046344M-104,reference,0.0,0.10888300295778114,0
47046344M-104,2024-10-15 07:29:10+00:00,not_walking,0,catboost,3,47046344M-104,reference,0.0,0.12748585381178937,0
47046344M-104,2024-10-15 07:29:11+00:00,not_walking,0,catboost,3,47046344M-104,reference,0.0,0.15345612187082622,0
47046344M-104,2024-10-15 07:29:12+00:00,not_walking,0,catboost,3,47046344M-104,reference,0.0,0.11351834369209908,0
47046344M-104,2024-10-15 07:29:13+00:00,not_walking,0,catboost,3,47046344M-104,reference,0.0,0.06483844829445881,0
47046344M-104,2024-10-15 07:29:14+00:00,not_walking,0,catboost,3,47046344M-104,reference,0.0,0.21323366147904224,0
47046344M-104,2024-10-15 07:29:15+00:00,not_walking,0,catboost,3,47046344M-104,reference,0.0,0.04600591875514614,0
47046344M-104,2024-10-15 07:29:16+00:00,not_walking,0,catboost,3,47046344M-104,reference,0.0,0.03608347299367964,0
47046344M-104,2024-10-15 07:29:17+00:00,not_walking,0,catboost,3,47046344M-104,reference,0.0,0.12887080985499613,0
47046344M-104,2024-10-15 07:29:18+00:00,not_walking,0,catboost,3,47046344M-104,reference,0.0,0.032917288824270766,0
47046344M-104,2024-10-15 07:29:19+00:00,not_walking,0,catboost,3,47046344M-104,reference,0.0,0.11339045262085755,0
47046344M-104,2024-10-15 07:29:20+00:00,not_walking,0,catboost,3,47046344M-104,reference,0.0,0.27701805110355016,0
47046344M-104,2024-10-15 07:29:21+00:00,not_walking,0,catboost,3,47046344M-104,reference,0.0,0.0773068334923745,0
47046344M-104,2024-10-15 07:29:22+00:00,not_walking,0,catboost,3,47046344M-104,reference,0.0,0.10452958639519704,0
47046344M-104,2024-10-15 07:29:23+00:00,not_walking,0,catboost,3,47046344M-104,reference,0.0,0.07145895822826484,0
47046344M-104,2024-10-15 07:29:24+00:00,not_walking,0,catboost,3,47046344M-104,reference,0.0,0.135564484632508,0
47046344M-104,2024-10-15 07:29:25+00:00,not_walking,0,catboost,3,47046344M-104,reference,0.0,0.2066455229550166,0
47046344M-104,2024-10-15 07:29:26+00:00,not_walking,0,catboost,3,47046344M-104,reference,0.0,0.3759210937537825,0
47046344M-104,2024-10-15 07:29:27+00:00,not_walking,0,catboost,3,47046344M-104,reference,0.0,0.05672445435583628,0
47046344M-104,2024-10-15 07:29:28+00:00,not_walking,0,catboost,3,47046344M-104,reference,0.0,0.2729809344289773,0
47046344M-104,2024-10-15 07:29:29+00:00,not_walking,0,catboost,3,47046344M-104,reference,0.0,0.11102569399669225,0
47046344M-104,2024-10-15 07:29:30+00:00,not_walking,0,catboost,3,47046344M-104,reference,0.0,0.05557007193692725,0
47046344M-104,2024-10-15 07:29:31+00:00,not_walking,0,catboost,3,47046344M-104,reference,0.0,0.15505931177336138,0
47046344M-104,2024-10-15 07:29:32+00:00,not_walking,0,catboost,3,47046344M-104,reference,0.0,0.33662862281886446,0
47046344M-104,2024-10-15 07:29:33+00:00,not_walking,0,catboost,3,47046344M-104,reference,0.0,0.02951683132126516,0
47046344M-104,2024-10-15 07:29:34+00:00,not_walking,0,catboost,3,47046344M-104,reference,0.0,0.32240217578090624,0
47046344M-104,2024-10-15 07:29:35+00:00,not_walking,0,catboost,3,47046344M-104,reference,0.0,0.09319901763238457,0
47046344M-104,2024-10-15 07:29:36+00:00,not_walking,0,catboost,3,47046344M-104,reference,0.0,0.1558767989853026,0
47046344M-104,2024-10-15 07:29:37+00:00,not_walking,0,catboost,3,47046344M-104,reference,0.0,0.22817871826233888,0
47046344M-104,2024-10-15 07:29:38+00:00,not_walking,0,catboost,3,47046344M-104,reference,0.0,0.05082095800920719,0
47046344M-104,2024-10-15 07:29:39+00:00,not_walking,0,catboost,3,47046344M-104,reference,0.0,0.10899387093789245,0
47046344M-104,2024-10-15 07:29:40+00:00,not_walking,0,catboost,3,47046344M-104,reference,0.0,0.11681795864944784,0
47046344M-104,2024-10-15 07:29:41+00:00,not_walking,0,catboost,3,47046344M-104,reference,0.0,0.04157770243522799,0
47046344M-104,2024-10-15 07:29:42+00:00,not_walking,0,catboost,3,47046344M-104,reference,0.0,0.04293501896384609,0
47046344M-104,2024-10-15 07:29:43+00:00,not_walking,0,catboost,3,47046344M-104,reference,0.0,0.11488474728920245,0
47046344M-104,2024-10-15 07:29:44+00:00,not_walking,0,catboost,3,47046344M-104,reference,0.0,0.16624477379194152,0
47046344M-104,2024-10-15 07:29:45+00:00,not_walking,0,catboost,3,47046344M-104,reference,0.0,0.17322594657135995,0
47046344M-104,2024-10-15 07:29:46+00:00,not_walking,0,catboost,3,47046344M-104,reference,0.0,0.07387111461397576,0
47046344M-104,2024-10-15 07:29:47+00:00,not_walking,0,catboost,3,47046344M-104,reference,0.0,0.04748347406314261,0
47046344M-104,2024-10-15 07:29:48+00:00,not_walking,0,catboost,3,47046344M-104,reference,0.0,0.08257101387739653,0
47046344M-104,2024-10-15 07:29:49+00:00,not_walking,0,catboost,3,47046344M-104,reference,0.0,0.041578785516234625,0
47046344M-104,2024-10-15 07:29:50+00:00,not_walking,0,catboost,3,47046344M-104,reference,0.0,0.061482896960044,0
47046344M-104,2024-10-15 07:29:51+00:00,not_walking,0,catboost,3,47046344M-104,reference,0.0,0.06434583790250652,0
47046344M-104,2024-10-15 07:29:52+00:00,not_walking,0,catboost,3,47046344M-104,reference,0.0,0.04120448515247534,0
47046344M-104,2024-10-15 07:29:53+00:00,not_walking,0,catboost,3,47046344M-104,reference,0.0,0.028319077373837324,0
47046344M-104,2024-10-15 07:29:54+00:00,not_walking,0,catboost,3,47046344M-104,reference,0.0,0.14864456204964685,0
47046344M-104,2024-10-15 07:29:55+00:00,not_walking,0,catboost,3,47046344M-104,reference,0.0,0.3919347233873913,0
47046344M-104,2024-10-15 07:29:56+00:00,not_walking,0,catboost,3,47046344M-104,reference,0.0,0.19553823158930372,0
47046344M-104,2024-10-15 07:29:57+00:00,not_walking,0,catboost,3,47046344M-104,reference,0.0,0.21662380312995463,0
47046344M-104,2024-10-15 07:29:58+00:00,not_walking,0,catboost,3,47046344M-104,reference,0.0,0.13514957355502033,0
47046344M-104,2024-10-15 07:29:59+00:00,not_walking,0,catboost,3,47046344M-104,reference,0.0,0.07950835476006361,0
47046344M-104,2024-10-15 07:30:02+00:00,walking,1,catboost,3,47046344M-104,reference,0.0,0.12094847391918757,0
47046344M-104,2024-10-15 07:30:03+00:00,walking,1,catboost,3,47046344M-104,reference,0.0,0.0942030549203841,0
47046344M-104,2024-10-15 07:30:04+00:00,walking,1,catboost,3,47046344M-104,reference,0.0,0.02156256932821099,0
47046344M-104,2024-10-15 07:30:05+00:00,walking,1,catboost,3,47046344M-104,reference,0.0,0.03089726974690803,0
47046344M-104,2024-10-15 07:30:06+00:00,walking,1,catboost,3,47046344M-104,reference,0.0,0.03410379770089817,0
47046344M-104,2024-10-15 07:30:07+00:00,walking,1,catboost,3,47046344M-104,reference,0.0,0.03513927144516266,0
47046344M-104,2024-10-15 07:30:08+00:00,walking,1,catboost,3,47046344M-104,reference,0.0,0.053306439905908234,0
47046344M-104,2024-10-15 07:30:09+00:00,walking,1,catboost,3,47046344M-104,reference,0.0,0.11309156387424132,0
47046344M-104,2024-10-15 07:30:10+00:00,walking,1,catboost,3,47046344M-104,reference,0.0,0.12428501518314534,0
47046344M-104,2024-10-15 07:30:11+00:00,walking,1,catboost,3,47046344M-104,reference,0.0,0.12325413720830063,0
47046344M-104,2024-10-15 07:30:12+00:00,walking,1,catboost,3,47046344M-104,reference,0.0,0.043250916577727054,0
47046344M-104,2024-10-15 07:30:13+00:00,walking,1,catboost,3,47046344M-104,reference,0.0,0.08822211758966464,0
47046344M-104,2024-10-15 07:30:14+00:00,walking,1,catboost,3,47046344M-104,reference,0.0,0.025519376407828705,0
47046344M-104,2024-10-15 07:30:15+00:00,walking,1,catboost,3,47046344M-104,reference,0.0,0.17378664605972968,0
47046344M-104,2024-10-15 07:30:16+00:00,not_walking,0,catboost,3,47046344M-104,reference,0.0,0.131602294615092,0
47046344M-104,2024-10-15 07:30:17+00:00,not_walking,0,catboost,3,47046344M-104,reference,0.0,0.0946373558104405,0
47046344M-104,2024-10-15 07:30:18+00:00,not_walking,0,catboost,3,47046344M-104,reference,0.0,0.15573489318972514,0
47046344M-104,2024-10-15 07:30:19+00:00,not_walking,0,catboost,3,47046344M-104,reference,0.0,0.20419399113055434,0
47046344M-104,2024-10-15 07:30:20+00:00,not_walking,0,catboost,3,47046344M-104,reference,0.0,0.029666384363784753,0
47046344M-104,2024-10-15 07:30:21+00:00,not_walking,0,catboost,3,47046344M-104,reference,0.0,0.18169979275002446,0
47046344M-104,2024-10-15 07:30:22+00:00,not_walking,0,catboost,3,47046344M-104,reference,0.0,0.145632212445899,0
47046344M-104,2024-10-15 07:30:23+00:00,not_walking,0,catboost,3,47046344M-104,reference,0.0,0.15385318653560162,0
47046344M-104,2024-10-15 07:30:24+00:00,not_walking,0,catboost,3,47046344M-104,reference,0.0,0.26066610431801596,0
47046344M-104,2024-10-15 07:30:25+00:00,not_walking,0,catboost,3,47046344M-104,reference,0.0,0.24728875241256146,0
47046344M-104,2024-10-15 07:30:26+00:00,not_walking,0,catboost,3,47046344M-104,reference,0.0,0.1158916270485797,0
47046344M-104,2024-10-15 07:30:27+00:00,not_walking,0,catboost,3,47046344M-104,reference,0.0,0.22723326504949903,0
47046344M-104,2024-10-15 07:30:28+00:00,not_walking,0,catboost,3,47046344M-104,reference,0.0,0.07172740564141088,0
47046344M-104,2024-10-15 07:30:29+00:00,not_walking,0,catboost,3,47046344M-104,reference,0.0,0.16232557578763718,0
47046344M-104,2024-10-15 07:30:30+00:00,not_walking,0,catboost,3,47046344M-104,reference,0.0,0.2529093184499608,0
47046344M-104,2024-10-15 07:30:31+00:00,not_walking,0,catboost,3,47046344M-104,reference,0.0,0.17131270506946691,0
47046344M-104,2024-10-15 07:30:32+00:00,not_walking,0,catboost,3,47046344M-104,reference,0.0,0.11353626585082519,0
47046344M-104,2024-10-15 07:30:33+00:00,not_walking,0,catboost,3,47046344M-104,reference,0.0,0.05601017144735968,0
47046344M-104,2024-10-15 07:30:34+00:00,not_walking,0,catboost,3,47046344M-104,reference,0.0,0.2465497518641792,0
47046344M-104,2024-10-15 07:30:35+00:00,not_walking,0,catboost,3,47046344M-104,reference,0.0,0.10069640834722725,0
47046344M-104,2024-10-15 07:30:36+00:00,not_walking,0,catboost,3,47046344M-104,reference,0.0,0.271013164883277,0
47046344M-104,2024-10-15 07:30:37+00:00,not_walking,0,catboost,3,47046344M-104,reference,0.0,0.04726623485315289,0
47046344M-104,2024-10-15 07:30:38+00:00,not_walking,0,catboost,3,47046344M-104,reference,0.0,0.275979701558485,0
47046344M-104,2024-10-15 07:30:39+00:00,not_walking,0,catboost,3,47046344M-104,reference,0.0,0.028528530390180978,0
47046344M-104,2024-10-15 07:30:40+00:00,not_walking,0,catboost,3,47046344M-104,reference,0.0,0.15001535429691074,0
47046344M-104,2024-10-15 07:30:41+00:00,not_walking,0,catboost,3,47046344M-104,reference,0.0,0.1176050226835746,0
47046344M-104,2024-10-15 07:30:42+00:00,not_walking,0,catboost,3,47046344M-104,reference,0.0,0.10216426668179625,0
47046344M-104,2024-10-15 07:30:43+00:00,not_walking,0,catboost,3,47046344M-104,reference,0.0,0.12582662314684828,0
47046344M-104,2024-10-15 07:30:44+00:00,not_walking,0,catboost,3,47046344M-104,reference,0.0,0.15984488338327543,0
47046344M-104,2024-10-15 07:30:45+00:00,not_walking,0,catboost,3,47046344M-104,reference,0.0,0.048964938327841205,0
47046344M-104,2024-10-15 07:30:46+00:00,not_walking,0,catboost,3,47046344M-104,reference,0.0,0.10404760673792654,0
47046344M-104,2024-10-15 07:30:47+00:00,not_walking,0,catboost,3,47046344M-104,reference,0.0,0.2015799918489995,0
47046344M-104,2024-10-15 07:30:48+00:00,not_walking,0,catboost,3,47046344M-104,reference,0.0,0.27969219528644307,0
47046344M-104,2024-10-15 07:30:49+00:00,not_walking,0,catboost,3,47046344M-104,reference,0.0,0.03770561986760717,0
47046344M-104,2024-10-15 07:30:50+00:00,not_walking,0,catboost,3,47046344M-104,reference,0.0,0.1229064085295131,0
47046344M-104,2024-10-15 07:30:51+00:00,not_walking,0,catboost,3,47046344M-104,reference,0.0,0.2110945481554062,0
47046344M-104,2024-10-15 07:30:52+00:00,not_walking,0,catboost,3,47046344M-104,reference,0.0,0.08908266496745616,0
47046344M-104,2024-10-15 07:30:53+00:00,not_walking,0,catboost,3,47046344M-104,reference,0.0,0.19434220558789128,0
47046344M-104,2024-10-15 07:30:54+00:00,not_walking,0,catboost,3,47046344M-104,reference,0.0,0.09779198084495744,0
47046344M-104,2024-10-15 07:30:55+00:00,not_walking,0,catboost,3,47046344M-104,reference,0.0,0.08529781879657908,0
47046344M-104,2024-10-15 07:30:56+00:00,not_walking,0,catboost,3,47046344M-104,reference,0.0,0.11657661580526033,0
47046344M-104,2024-10-15 07:30:57+00:00,not_walking,0,catboost,3,47046344M-104,reference,0.0,0.13873319900329206,0
47046344M-104,2024-10-15 07:30:58+00:00,not_walking,0,catboost,3,47046344M-104,reference,0.0,0.053832634319704004,0
47046344M-104,2024-10-15 07:30:59+00:00,not_walking,0,catboost,3,47046344M-104,reference,0.0,0.09828182622377885,0
47046344M-104,2024-10-15 07:31:00+00:00,not_walking,0,catboost,3,47046344M-104,reference,0.0,0.10735736980547247,0
47046344M-104,2024-10-15 07:31:01+00:00,not_walking,0,catboost,3,47046344M-104,reference,0.0,0.10609109947019571,0
47046344M-104,2024-10-15 07:31:02+00:00,not_walking,0,catboost,3,47046344M-104,reference,0.0,0.14695552143421944,0
47046344M-104,2024-10-15 07:31:03+00:00,not_walking,0,catboost,3,47046344M-104,reference,0.0,0.09983588202486396,0
47046344M-104,2024-10-15 07:31:04+00:00,not_walking,0,catboost,3,47046344M-104,reference,0.0,0.10723468828852978,0
47046344M-104,2024-10-15 07:31:05+00:00,not_walking,0,catboost,3,47046344M-104,reference,0.0,0.10183296666943016,0
47046344M-104,2024-10-15 07:31:06+00:00,not_walking,0,catboost,3,47046344M-104,reference,0.0,0.03636224038465781,0
47046344M-104,2024-10-15 07:31:07+00:00,not_walking,0,catboost,3,47046344M-104,reference,0.0,0.12877633550851805,0
47046344M-104,2024-10-15 07:31:08+00:00,not_walking,0,catboost,3,47046344M-104,reference,0.0,0.10667210718893139,0
47046344M-104,2024-10-15 07:31:09+00:00,not_walking,0,catboost,3,47046344M-104,reference,0.0,0.09017196562113673,0
47046344M-104,2024-10-15 07:31:10+00:00,not_walking,0,catboost,3,47046344M-104,reference,0.0,0.07603592242433735,0
47046344M-104,2024-10-15 07:31:11+00:00,not_walking,0,catboost,3,47046344M-104,reference,0.0,0.04678032046663909,0
47046344M-104,2024-10-15 07:31:12+00:00,not_walking,0,catboost,3,47046344M-104,reference,0.0,0.04937488953669514,0
47046344M-104,2024-10-15 07:31:13+00:00,not_walking,0,catboost,3,47046344M-104,reference,0.0,0.12391200625180629,0
47046344M-104,2024-10-15 07:31:14+00:00,not_walking,0,catboost,3,47046344M-104,reference,0.0,0.4043288987054367,0
47046344M-104,2024-10-15 07:31:15+00:00,not_walking,0,catboost,3,47046344M-104,reference,0.0,0.07061273456797647,0
47046344M-104,2024-10-15 07:31:16+00:00,not_walking,0,catboost,3,47046344M-104,reference,0.0,0.3171934353344227,0
47046344M-104,2024-10-15 07:31:17+00:00,not_walking,0,catboost,3,47046344M-104,reference,0.0,0.033323121951096796,0
47046344M-104,2024-10-15 07:31:18+00:00,not_walking,0,catboost,3,47046344M-104,reference,0.0,0.049349340387116254,0
47046344M-104,2024-10-15 07:31:19+00:00,not_walking,0,catboost,3,47046344M-104,reference,0.0,0.028484919019099567,0
47046344M-104,2024-10-15 07:31:20+00:00,not_walking,0,catboost,3,47046344M-104,reference,0.0,0.05105446299150778,0
47046344M-104,2024-10-15 07:31:21+00:00,not_walking,0,catboost,3,47046344M-104,reference,0.0,0.11277872017020996,0
47046344M-104,2024-10-15 07:31:22+00:00,not_walking,0,catboost,3,47046344M-104,reference,0.0,0.006191844839554289,0
47046344M-104,2024-10-15 07:31:23+00:00,not_walking,0,catboost,3,47046344M-104,reference,0.0,0.2800384995747557,0
47046344M-104,2024-10-15 07:31:24+00:00,not_walking,0,catboost,3,47046344M-104,reference,0.0,0.02644554427890639,0
47046344M-104,2024-10-15 07:31:25+00:00,not_walking,0,catboost,3,47046344M-104,reference,0.0,0.062041169114674284,0
47046344M-104,2024-10-15 07:31:26+00:00,not_walking,0,catboost,3,47046344M-104,reference,0.0,0.028571915801617408,0
47046344M-104,2024-10-15 07:31:27+00:00,not_walking,0,catboost,3,47046344M-104,reference,0.0,0.12101894082505638,0
47046344M-104,2024-10-15 07:31:28+00:00,not_walking,0,catboost,3,47046344M-104,reference,0.0,0.06292578694236722,0
47046344M-104,2024-10-15 07:31:29+00:00,not_walking,0,catboost,3,47046344M-104,reference,0.0,0.032154579035625054,0
47046344M-104,2024-10-15 07:31:30+00:00,not_walking,0,catboost,3,47046344M-104,reference,0.0,0.02610740574268819,0
47046344M-104,2024-10-15 07:31:31+00:00,not_walking,0,catboost,3,47046344M-104,reference,0.0,0.059357519570400245,0
47046344M-104,2024-10-15 07:31:32+00:00,not_walking,0,catboost,3,47046344M-104,reference,0.0,0.08747729383433563,0
47046344M-104,2024-10-15 07:31:33+00:00,not_walking,0,catboost,3,47046344M-104,reference,0.0,0.12938597634568874,0
47046344M-104,2024-10-15 07:31:34+00:00,not_walking,0,catboost,3,47046344M-104,reference,0.0,0.20331544912516952,0
47046344M-104,2024-10-15 07:31:35+00:00,not_walking,0,catboost,3,47046344M-104,reference,0.0,0.0410477198376055,0
47046344M-104,2024-10-15 07:31:36+00:00,not_walking,0,catboost,3,47046344M-104,reference,0.0,0.046219772960475566,0
47046344M-104,2024-10-15 07:31:37+00:00,not_walking,0,catboost,3,47046344M-104,reference,0.0,0.048673686782562654,0
47046344M-104,2024-10-15 07:31:38+00:00,not_walking,0,catboost,3,47046344M-104,reference,0.0,0.09752414412896888,0
47046344M-104,2024-10-15 07:31:39+00:00,not_walking,0,catboost,3,47046344M-104,reference,0.0,0.05490859196754044,0
47046344M-104,2024-10-15 07:31:40+00:00,not_walking,0,catboost,3,47046344M-104,reference,0.0,0.14284981519403195,0
47046344M-104,2024-10-15 07:31:41+00:00,not_walking,0,catboost,3,47046344M-104,reference,0.0,0.15644668854045615,0
47046344M-104,2024-10-15 07:31:42+00:00,not_walking,0,catboost,3,47046344M-104,reference,0.0,0.05295644171677735,0
47046344M-104,2024-10-15 07:31:43+00:00,not_walking,0,catboost,3,47046344M-104,reference,0.0,0.04125967516861514,0
47046344M-104,2024-10-15 07:31:44+00:00,not_walking,0,catboost,3,47046344M-104,reference,0.0,0.24644959548337655,0
47046344M-104,2024-10-15 07:31:45+00:00,not_walking,0,catboost,3,47046344M-104,reference,0.0,0.05140805080850749,0
47046344M-104,2024-10-15 07:31:46+00:00,not_walking,0,catboost,3,47046344M-104,reference,0.0,0.04349579667111527,0
47046344M-104,2024-10-15 07:31:47+00:00,not_walking,0,catboost,3,47046344M-104,reference,0.0,0.07081826027872842,0
47046344M-104,2024-10-15 07:31:48+00:00,not_walking,0,catboost,3,47046344M-104,reference,0.0,0.11171796398665948,0
47046344M-104,2024-10-15 07:31:49+00:00,not_walking,0,catboost,3,47046344M-104,reference,0.0,0.08102533737311636,0
47046344M-104,2024-10-15 07:31:50+00:00,not_walking,0,catboost,3,47046344M-104,reference,0.0,0.3790800135980676,0
47046344M-104,2024-10-15 07:31:54+00:00,walking,1,catboost,3,47046344M-104,reference,0.0,0.24154138162523894,0
47046344M-104,2024-10-15 07:31:55+00:00,walking,1,catboost,3,47046344M-104,reference,0.0,0.09422249010840612,0
47046344M-104,2024-10-15 07:31:56+00:00,walking,1,catboost,3,47046344M-104,reference,0.0,0.39877056597754157,0
47046344M-104,2024-10-15 07:31:57+00:00,walking,1,catboost,3,47046344M-104,reference,0.0,0.13680442701167128,0
47046344M-104,2024-10-15 07:31:58+00:00,walking,1,catboost,3,47046344M-104,reference,0.0,0.03794116513408638,0
47046344M-104,2024-10-15 07:31:59+00:00,walking,1,catboost,3,47046344M-104,reference,0.0,0.02950670670300639,0
47046344M-104,2024-10-15 07:32:00+00:00,walking,1,catboost,3,47046344M-104,reference,0.0,0.10220437433339967,0
47046344M-104,2024-10-15 07:32:01+00:00,walking,1,catboost,3,47046344M-104,reference,0.0,0.09112857539488683,0
47046344M-104,2024-10-15 07:32:02+00:00,walking,1,catboost,3,47046344M-104,reference,0.0,0.11383627322439797,0
47046344M-104,2024-10-15 07:32:03+00:00,walking,1,catboost,3,47046344M-104,reference,0.0,0.04834434581782166,0
47046344M-104,2024-10-15 07:32:04+00:00,walking,1,catboost,3,47046344M-104,reference,0.0,0.10340631401428396,0
47046344M-104,2024-10-15 07:32:05+00:00,walking,1,catboost,3,47046344M-104,reference,0.0,0.029603347006288763,0
47046344M-104,2024-10-15 07:32:06+00:00,walking,1,catboost,3,47046344M-104,reference,0.0,0.14546553493021339,0
47046344M-104,2024-10-15 07:32:07+00:00,walking,1,catboost,3,47046344M-104,reference,0.0,0.05830567717575705,0
47046344M-104,2024-10-15 07:32:08+00:00,walking,1,catboost,3,47046344M-104,reference,0.0,0.07347300015639284,0
47046344M-104,2024-10-15 07:32:09+00:00,walking,1,catboost,3,47046344M-104,reference,0.0,0.1452546445259488,0
47046344M-104,2024-10-15 07:32:10+00:00,walking,1,catboost,3,47046344M-104,reference,0.0,0.09685826405259221,0
47046344M-104,2024-10-15 07:32:11+00:00,walking,1,catboost,3,47046344M-104,reference,0.0,0.034016919734982144,0
47046344M-104,2024-10-15 07:32:12+00:00,walking,1,catboost,3,47046344M-104,reference,0.0,0.04457399977927193,0
47046344M-104,2024-10-15 07:32:13+00:00,walking,1,catboost,3,47046344M-104,reference,0.0,0.11219851185648723,0
47046344M-104,2024-10-15 07:32:14+00:00,walking,1,catboost,3,47046344M-104,reference,0.0,0.14750403643353643,0
47046344M-104,2024-10-15 07:32:15+00:00,walking,1,catboost,3,47046344M-104,reference,0.0,0.07928988788953617,0
47046344M-104,2024-10-15 07:32:16+00:00,walking,1,catboost,3,47046344M-104,reference,0.0,0.18889313897067808,0
47046344M-104,2024-10-15 07:32:17+00:00,walking,1,catboost,3,47046344M-104,reference,0.0,0.22432752033201575,0
47046344M-104,2024-10-15 07:32:18+00:00,walking,1,catboost,3,47046344M-104,reference,0.0,0.11817296417655627,0
47046344M-104,2024-10-15 07:32:19+00:00,walking,1,catboost,3,47046344M-104,reference,0.0,0.16125691337137388,0
47046344M-104,2024-10-15 07:32:20+00:00,walking,1,catboost,3,47046344M-104,reference,0.0,0.07018036063194205,0
47046344M-104,2024-10-15 07:32:21+00:00,walking,1,catboost,3,47046344M-104,reference,0.0,0.14712643278262708,0
47046344M-104,2024-10-15 07:32:22+00:00,walking,1,catboost,3,47046344M-104,reference,0.0,0.2845598274489876,0
47046344M-104,2024-10-15 07:32:23+00:00,walking,1,catboost,3,47046344M-104,reference,0.0,0.04430946933362489,0
47046344M-104,2024-10-15 07:32:24+00:00,walking,1,catboost,3,47046344M-104,reference,0.0,0.05861104307738544,0
47046344M-104,2024-10-15 07:32:25+00:00,walking,1,catboost,3,47046344M-104,reference,0.0,0.03844144817505567,0
47046344M-104,2024-10-15 07:32:26+00:00,walking,1,catboost,3,47046344M-104,reference,0.0,0.05015268828410017,0
47046344M-104,2024-10-15 07:32:27+00:00,walking,1,catboost,3,47046344M-104,reference,0.0,0.39562954743262485,0
47046344M-104,2024-10-15 07:32:28+00:00,walking,1,catboost,3,47046344M-104,reference,0.0,0.08091139481104408,0
47046344M-104,2024-10-15 07:33:39+00:00,walking,1,catboost,3,47046344M-104,reference,0.0,0.16476389212298267,0
47046344M-104,2024-10-15 07:33:40+00:00,walking,1,catboost,3,47046344M-104,reference,0.0,0.36500449521172385,0
47046344M-104,2024-10-15 07:33:41+00:00,walking,1,catboost,3,47046344M-104,reference,0.0,0.03279214522908849,0
47046344M-104,2024-10-15 07:33:42+00:00,walking,1,catboost,3,47046344M-104,reference,0.0,0.034134454244446194,0
47046344M-104,2024-10-15 07:33:43+00:00,walking,1,catboost,3,47046344M-104,reference,0.0,0.04012209911265652,0
47046344M-104,2024-10-15 07:33:44+00:00,walking,1,catboost,3,47046344M-104,reference,0.0,0.07147504927631605,0
47046344M-104,2024-10-15 07:33:45+00:00,walking,1,catboost,3,47046344M-104,reference,0.0,0.043046556239234236,0
47046344M-104,2024-10-15 07:33:46+00:00,walking,1,catboost,3,47046344M-104,reference,0.0,0.02321211636906551,0
47046344M-104,2024-10-15 07:33:47+00:00,walking,1,catboost,3,47046344M-104,reference,0.0,0.046243846628851726,0
47046344M-104,2024-10-15 07:33:48+00:00,walking,1,catboost,3,47046344M-104,reference,0.0,0.01642668628705422,0
47046344M-104,2024-10-15 07:33:49+00:00,walking,1,catboost,3,47046344M-104,reference,0.0,0.011009332543245036,0
47046344M-104,2024-10-15 07:33:50+00:00,walking,1,catboost,3,47046344M-104,reference,0.0,0.2361711411944279,0
47046344M-104,2024-10-15 07:33:51+00:00,walking,1,catboost,3,47046344M-104,reference,0.0,0.012701916584707759,0
47046344M-104,2024-10-15 07:33:52+00:00,walking,1,catboost,3,47046344M-104,reference,0.0,0.08176647192410713,0
47046344M-104,2024-10-15 07:33:53+00:00,walking,1,catboost,3,47046344M-104,reference,0.0,0.12671183046646614,0
47046344M-104,2024-10-15 07:33:54+00:00,walking,1,catboost,3,47046344M-104,reference,0.0,0.07073823013902603,0
47046344M-104,2024-10-15 07:33:55+00:00,walking,1,catboost,3,47046344M-104,reference,0.0,0.02937366139906063,0
47046344M-104,2024-10-15 07:33:56+00:00,walking,1,catboost,3,47046344M-104,reference,0.0,0.08362817803072303,0
47046344M-104,2024-10-15 07:33:57+00:00,walking,1,catboost,3,47046344M-104,reference,0.0,0.08053575846067784,0
47046344M-104,2024-10-15 07:33:58+00:00,walking,1,catboost,3,47046344M-104,reference,0.0,0.041294094132071774,0
47046344M-104,2024-10-15 07:33:59+00:00,walking,1,catboost,3,47046344M-104,reference,0.0,0.15174119375040956,0
47046344M-104,2024-10-15 07:34:00+00:00,walking,1,catboost,3,47046344M-104,reference,0.0,0.14234335824971062,0
47046344M-104,2024-10-15 07:34:01+00:00,walking,1,catboost,3,47046344M-104,reference,0.0,0.04572790872040923,0
47046344M-104,2024-10-15 07:34:02+00:00,walking,1,catboost,3,47046344M-104,reference,0.0,0.1297157925751688,0
47046344M-104,2024-10-15 07:34:03+00:00,walking,1,catboost,3,47046344M-104,reference,0.0,0.0818124904003261,0
47046344M-104,2024-10-15 07:34:04+00:00,walking,1,catboost,3,47046344M-104,reference,0.0,0.07477423708486956,0
47046344M-104,2024-10-15 07:34:05+00:00,walking,1,catboost,3,47046344M-104,reference,0.0,0.23193301239683733,0
47046344M-104,2024-10-15 07:34:06+00:00,walking,1,catboost,3,47046344M-104,reference,0.0,0.08942625860116743,0
47046344M-104,2024-10-15 07:34:07+00:00,walking,1,catboost,3,47046344M-104,reference,0.0,0.025683951167892884,0
47046344M-104,2024-10-15 07:34:08+00:00,walking,1,catboost,3,47046344M-104,reference,0.0,0.09897097799143746,0
47046344M-104,2024-10-15 07:34:09+00:00,walking,1,catboost,3,47046344M-104,reference,0.0,0.38808985748510033,0
47046344M-104,2024-10-15 07:34:10+00:00,walking,1,catboost,3,47046344M-104,reference,0.0,0.011544424617741354,0
47046344M-104,2024-10-15 07:34:11+00:00,walking,1,catboost,3,47046344M-104,reference,0.0,0.015181203223325343,0
47046344M-104,2024-10-15 07:34:12+00:00,walking,1,catboost,3,47046344M-104,reference,0.0,0.010070290969587456,0
47046344M-104,2024-10-15 07:34:13+00:00,walking,1,catboost,3,47046344M-104,reference,0.0,0.03132078419319424,0
47046344M-104,2024-10-15 07:34:14+00:00,walking,1,catboost,3,47046344M-104,reference,0.0,0.06994314783795873,0
47046344M-104,2024-10-15 07:34:15+00:00,walking,1,catboost,3,47046344M-104,reference,0.0,0.0808521838982659,0
47046344M-104,2024-10-15 07:34:16+00:00,walking,1,catboost,3,47046344M-104,reference,0.0,0.2529705026836891,0
47046344M-104,2024-10-15 07:34:17+00:00,walking,1,catboost,3,47046344M-104,reference,0.0,0.04837303651417943,0
47046344M-104,2024-10-15 07:34:18+00:00,walking,1,catboost,3,47046344M-104,reference,0.0,0.03605034016748477,0
47046344M-104,2024-10-15 07:34:19+00:00,walking,1,catboost,3,47046344M-104,reference,0.0,0.06100813903182351,0
47046344M-104,2024-10-15 07:34:20+00:00,walking,1,catboost,3,47046344M-104,reference,0.0,0.03085297116851484,0
47046344M-104,2024-10-15 07:34:21+00:00,walking,1,catboost,3,47046344M-104,reference,0.0,0.09781234324094462,0
47046344M-104,2024-10-15 07:34:22+00:00,walking,1,catboost,3,47046344M-104,reference,0.0,0.04202169671866848,0
47046344M-104,2024-10-15 07:34:23+00:00,walking,1,catboost,3,47046344M-104,reference,0.0,0.02369628706487631,0
47046344M-104,2024-10-15 07:34:24+00:00,walking,1,catboost,3,47046344M-104,reference,0.0,0.05673834736222206,0
47046344M-104,2024-10-15 07:34:25+00:00,walking,1,catboost,3,47046344M-104,reference,0.0,0.06675382416757163,0
47046344M-104,2024-10-15 07:34:26+00:00,walking,1,catboost,3,47046344M-104,reference,0.0,0.2585850126924737,0
47046344M-104,2024-10-15 07:34:27+00:00,walking,1,catboost,3,47046344M-104,reference,0.0,0.07516939488814094,0
47046344M-104,2024-10-15 07:34:28+00:00,walking,1,catboost,3,47046344M-104,reference,0.0,0.006798389783007992,0
47046344M-104,2024-10-15 07:34:29+00:00,walking,1,catboost,3,47046344M-104,reference,0.0,0.10246379410369215,0
47046344M-104,2024-10-15 07:34:30+00:00,walking,1,catboost,3,47046344M-104,reference,0.0,0.015696178183910937,0
47046344M-104,2024-10-15 07:34:31+00:00,walking,1,catboost,3,47046344M-104,reference,0.0,0.0629674065564359,0
47046344M-104,2024-10-15 07:34:32+00:00,walking,1,catboost,3,47046344M-104,reference,0.0,0.17169384315584116,0
47046344M-104,2024-10-15 07:34:33+00:00,walking,1,catboost,3,47046344M-104,reference,0.0,0.08276302510857755,0
47046344M-104,2024-10-15 07:34:34+00:00,walking,1,catboost,3,47046344M-104,reference,0.0,0.0299703249244489,0
47046344M-104,2024-10-15 07:34:35+00:00,walking,1,catboost,3,47046344M-104,reference,0.0,0.08977159131157104,0
47046344M-104,2024-10-15 07:34:36+00:00,walking,1,catboost,3,47046344M-104,reference,0.0,0.14026279737750463,0
47046344M-104,2024-10-15 07:34:37+00:00,walking,1,catboost,3,47046344M-104,reference,0.0,0.016311457613071925,0
47046344M-104,2024-10-15 07:34:38+00:00,walking,1,catboost,3,47046344M-104,reference,0.0,0.2047062343872515,0
47046344M-104,2024-10-15 07:34:39+00:00,walking,1,catboost,3,47046344M-104,reference,0.0,0.06951808540782908,0
47046344M-104,2024-10-15 07:34:40+00:00,walking,1,catboost,3,47046344M-104,reference,0.0,0.09628509635696535,0
47046344M-104,2024-10-15 07:34:41+00:00,walking,1,catboost,3,47046344M-104,reference,0.0,0.4689007367967531,0
47046344M-104,2024-10-15 07:34:42+00:00,walking,1,catboost,3,47046344M-104,reference,0.0,0.09205221262420728,0
47046344M-104,2024-10-15 07:34:43+00:00,walking,1,catboost,3,47046344M-104,reference,0.0,0.07382047824598513,0
47046344M-104,2024-10-15 07:34:44+00:00,walking,1,catboost,3,47046344M-104,reference,0.0,0.5334688928642561,1
47046344M-104,2024-10-15 07:34:45+00:00,walking,1,catboost,3,47046344M-104,reference,0.0,0.035315779999343426,0
47046344M-104,2024-10-15 07:34:46+00:00,walking,1,catboost,3,47046344M-104,reference,0.0,0.12893465653685424,0
47046344M-104,2024-10-15 07:34:47+00:00,walking,1,catboost,3,47046344M-104,reference,0.0,0.08125009351252578,0
47046344M-104,2024-10-15 07:34:48+00:00,walking,1,catboost,3,47046344M-104,reference,0.0,0.07370119690726358,0
47046344M-104,2024-10-15 07:34:49+00:00,walking,1,catboost,3,47046344M-104,reference,0.0,0.052692689812237695,0
47046344M-104,2024-10-15 07:34:50+00:00,walking,1,catboost,3,47046344M-104,reference,0.0,0.19373973476684928,0
47046344M-104,2024-10-15 07:34:51+00:00,walking,1,catboost,3,47046344M-104,reference,0.0,0.12126959133021391,0
47046344M-104,2024-10-15 07:34:52+00:00,walking,1,catboost,3,47046344M-104,reference,0.0,0.024574010588172303,0
47046344M-104,2024-10-15 07:34:53+00:00,walking,1,catboost,3,47046344M-104,reference,0.0,0.12125596844085454,0
47046344M-104,2024-10-15 07:34:54+00:00,walking,1,catboost,3,47046344M-104,reference,0.0,0.0708212886949947,0
47046344M-104,2024-10-15 07:34:55+00:00,walking,1,catboost,3,47046344M-104,reference,0.0,0.12437240289873522,0
47046344M-104,2024-10-15 07:34:56+00:00,walking,1,catboost,3,47046344M-104,reference,0.0,0.18115488189479284,0
47046344M-104,2024-10-15 07:34:57+00:00,walking,1,catboost,3,47046344M-104,reference,0.0,0.3473642915846403,0
47046344M-104,2024-10-15 07:34:58+00:00,walking,1,catboost,3,47046344M-104,reference,0.0,0.06233927482427321,0
47046344M-104,2024-10-15 07:34:59+00:00,walking,1,catboost,3,47046344M-104,reference,0.0,0.16662136511051845,0
47046344M-104,2024-10-15 07:35:00+00:00,walking,1,catboost,3,47046344M-104,reference,0.0,0.030680863471899845,0
47046344M-104,2024-10-15 07:35:01+00:00,walking,1,catboost,3,47046344M-104,reference,0.0,0.4015352128832942,0
47046344M-104,2024-10-15 07:35:02+00:00,walking,1,catboost,3,47046344M-104,reference,0.0,0.2798167364724056,0
47046344M-104,2024-10-15 07:35:03+00:00,walking,1,catboost,3,47046344M-104,reference,0.0,0.3602136683571725,0
47046344M-104,2024-10-15 07:35:04+00:00,walking,1,catboost,3,47046344M-104,reference,0.0,0.05403141961195388,0
47046344M-104,2024-10-15 07:35:05+00:00,walking,1,catboost,3,47046344M-104,reference,0.0,0.12509395766885206,0
47046344M-104,2024-10-15 07:35:06+00:00,walking,1,catboost,3,47046344M-104,reference,0.0,0.07141249732379147,0
47046344M-104,2024-10-15 07:35:07+00:00,walking,1,catboost,3,47046344M-104,reference,0.0,0.055761654981128776,0
47046344M-104,2024-10-15 07:35:08+00:00,walking,1,catboost,3,47046344M-104,reference,0.0,0.099476921357871,0
47046344M-104,2024-10-15 07:35:09+00:00,walking,1,catboost,3,47046344M-104,reference,0.0,0.7825722415026389,1
47046344M-104,2024-10-15 07:35:10+00:00,walking,1,catboost,3,47046344M-104,reference,0.0,0.16511911566869952,0
47046344M-104,2024-10-15 07:35:11+00:00,walking,1,catboost,3,47046344M-104,reference,0.0,0.19506927286219602,0
47046344M-104,2024-10-15 07:35:12+00:00,walking,1,catboost,3,47046344M-104,reference,0.0,0.26181185347778596,0
47046344M-104,2024-10-15 07:35:13+00:00,walking,1,catboost,3,47046344M-104,reference,0.0,0.12693680126547044,0
47046344M-104,2024-10-15 07:35:14+00:00,walking,1,catboost,3,47046344M-104,reference,0.0,0.008814032729364728,0
47046344M-104,2024-10-15 07:35:15+00:00,walking,1,catboost,3,47046344M-104,reference,0.0,0.04856741439543263,0
47046344M-104,2024-10-15 07:35:16+00:00,walking,1,catboost,3,47046344M-104,reference,0.0,0.008874860976875123,0
47046344M-104,2024-10-15 07:35:17+00:00,walking,1,catboost,3,47046344M-104,reference,0.0,0.016066862669211264,0
47046344M-104,2024-10-15 07:35:18+00:00,walking,1,catboost,3,47046344M-104,reference,0.0,0.026502765555259978,0
47046344M-104,2024-10-15 07:35:19+00:00,walking,1,catboost,3,47046344M-104,reference,0.0,0.020752829581584437,0
47046344M-104,2024-10-15 07:35:20+00:00,walking,1,catboost,3,47046344M-104,reference,0.0,0.09339696207830486,0
47046344M-104,2024-10-15 07:35:21+00:00,walking,1,catboost,3,47046344M-104,reference,0.0,0.026738439154461918,0
47046344M-104,2024-10-15 07:35:22+00:00,walking,1,catboost,3,47046344M-104,reference,0.0,0.009553783749824445,0
47046344M-104,2024-10-15 07:35:23+00:00,walking,1,catboost,3,47046344M-104,reference,0.0,0.06302799587285038,0
47046344M-104,2024-10-15 07:35:24+00:00,walking,1,catboost,3,47046344M-104,reference,0.0,0.3580621819220115,0
47046344M-104,2024-10-15 07:35:25+00:00,walking,1,catboost,3,47046344M-104,reference,0.0,0.39438904819015497,0
47046344M-104,2024-10-15 07:35:26+00:00,walking,1,catboost,3,47046344M-104,reference,0.0,0.1350404231618826,0
47046344M-104,2024-10-15 07:35:27+00:00,walking,1,catboost,3,47046344M-104,reference,0.0,0.06619533290916725,0
47046344M-104,2024-10-15 07:35:28+00:00,walking,1,catboost,3,47046344M-104,reference,0.0,0.17681847917787258,0
47046344M-104,2024-10-15 07:37:19+00:00,walking,1,catboost,3,47046344M-104,reference,0.0,0.0353593789984047,0
47046344M-104,2024-10-15 07:37:20+00:00,walking,1,catboost,3,47046344M-104,reference,0.0,0.16617528855571376,0
47046344M-104,2024-10-15 07:37:21+00:00,walking,1,catboost,3,47046344M-104,reference,0.0,0.012279636872787478,0
47046344M-104,2024-10-15 07:37:22+00:00,walking,1,catboost,3,47046344M-104,reference,0.0,0.007004341937333467,0
47046344M-104,2024-10-15 07:37:23+00:00,walking,1,catboost,3,47046344M-104,reference,0.0,0.01499783176253773,0
47046344M-104,2024-10-15 07:37:24+00:00,walking,1,catboost,3,47046344M-104,reference,0.0,0.04164548836158373,0
47046344M-104,2024-10-15 07:37:25+00:00,walking,1,catboost,3,47046344M-104,reference,0.0,0.02589691699028736,0
47046344M-104,2024-10-15 07:37:26+00:00,walking,1,catboost,3,47046344M-104,reference,0.0,0.03443670817425982,0
47046344M-104,2024-10-15 07:37:27+00:00,walking,1,catboost,3,47046344M-104,reference,0.0,0.031511753259949836,0
47046344M-104,2024-10-15 07:37:28+00:00,walking,1,catboost,3,47046344M-104,reference,0.0,0.1321847713739276,0
47046344M-104,2024-10-15 07:37:29+00:00,walking,1,catboost,3,47046344M-104,reference,0.0,0.3583310872670564,0
47046344M-104,2024-10-15 07:37:30+00:00,walking,1,catboost,3,47046344M-104,reference,0.0,0.20778651577530946,0
47046344M-104,2024-10-15 07:37:31+00:00,walking,1,catboost,3,47046344M-104,reference,0.0,0.06932282760923894,0
47046344M-104,2024-10-15 07:37:32+00:00,walking,1,catboost,3,47046344M-104,reference,0.0,0.2296754462961249,0
47046344M-104,2024-10-15 07:37:33+00:00,walking,1,catboost,3,47046344M-104,reference,0.0,0.053558448206411646,0
47046344M-104,2024-10-15 07:37:34+00:00,walking,1,catboost,3,47046344M-104,reference,0.0,0.02293272142201378,0
47046344M-104,2024-10-15 07:37:35+00:00,walking,1,catboost,3,47046344M-104,reference,0.0,0.04855230107603681,0
47046344M-104,2024-10-15 07:37:36+00:00,walking,1,catboost,3,47046344M-104,reference,0.0,0.041953458191385094,0
47046344M-104,2024-10-15 07:37:37+00:00,walking,1,catboost,3,47046344M-104,reference,0.0,0.008681333667808747,0
47046344M-104,2024-10-15 07:37:38+00:00,walking,1,catboost,3,47046344M-104,reference,0.0,0.030683642853943115,0
47046344M-104,2024-10-15 07:37:39+00:00,walking,1,catboost,3,47046344M-104,reference,0.0,0.06255838382479646,0
47046344M-104,2024-10-15 07:37:40+00:00,walking,1,catboost,3,47046344M-104,reference,0.0,0.037002759680785965,0
47046344M-104,2024-10-15 07:37:41+00:00,walking,1,catboost,3,47046344M-104,reference,0.0,0.05912374897283824,0
47046344M-104,2024-10-15 07:37:42+00:00,walking,1,catboost,3,47046344M-104,reference,0.0,0.04572044271689385,0
47046344M-104,2024-10-15 07:37:43+00:00,walking,1,catboost,3,47046344M-104,reference,0.0,0.010501025484708736,0
47046344M-104,2024-10-15 07:37:44+00:00,walking,1,catboost,3,47046344M-104,reference,0.0,0.01594447566408431,0
47046344M-104,2024-10-15 07:37:45+00:00,walking,1,catboost,3,47046344M-104,reference,0.0,0.06893403356636928,0
47046344M-104,2024-10-15 07:37:46+00:00,walking,1,catboost,3,47046344M-104,reference,0.0,0.014197056765919858,0
47046344M-104,2024-10-15 07:37:47+00:00,walking,1,catboost,3,47046344M-104,reference,0.0,0.04365826571271434,0
47046344M-104,2024-10-15 07:37:48+00:00,walking,1,catboost,3,47046344M-104,reference,0.0,0.017596208875307138,0
47046344M-104,2024-10-15 07:37:49+00:00,walking,1,catboost,3,47046344M-104,reference,0.0,0.010826899480584077,0
47046344M-104,2024-10-15 07:37:50+00:00,walking,1,catboost,3,47046344M-104,reference,0.0,0.021612788476796208,0
47046344M-104,2024-10-15 07:37:51+00:00,walking,1,catboost,3,47046344M-104,reference,0.0,0.04000628364936095,0
47046344M-104,2024-10-15 07:37:52+00:00,walking,1,catboost,3,47046344M-104,reference,0.0,0.010720695828517965,0
47046344M-104,2024-10-15 07:37:53+00:00,walking,1,catboost,3,47046344M-104,reference,0.0,0.006980017835825396,0
47046344M-104,2024-10-15 07:37:54+00:00,walking,1,catboost,3,47046344M-104,reference,0.0,0.024701199627257066,0
47046344M-104,2024-10-15 07:37:55+00:00,walking,1,catboost,3,47046344M-104,reference,0.0,0.03965548366101344,0
47046344M-104,2024-10-15 07:37:56+00:00,walking,1,catboost,3,47046344M-104,reference,0.0,0.28034978478664685,0
47046344M-104,2024-10-15 07:37:57+00:00,walking,1,catboost,3,47046344M-104,reference,0.0,0.21844572427894576,0
47046344M-104,2024-10-15 07:37:58+00:00,walking,1,catboost,3,47046344M-104,reference,0.0,0.008486497761818156,0
47046344M-104,2024-10-15 07:37:59+00:00,walking,1,catboost,3,47046344M-104,reference,0.0,0.011718260946042206,0
47046344M-104,2024-10-15 07:38:00+00:00,walking,1,catboost,3,47046344M-104,reference,0.0,0.1157849637978423,0
47046344M-104,2024-10-15 07:38:01+00:00,walking,1,catboost,3,47046344M-104,reference,0.0,0.008015140536837433,0
47046344M-104,2024-10-15 07:38:02+00:00,walking,1,catboost,3,47046344M-104,reference,0.0,0.017517676063592204,0
47046344M-104,2024-10-15 07:38:03+00:00,walking,1,catboost,3,47046344M-104,reference,0.0,0.044259247887393396,0
47046344M-104,2024-10-15 07:38:04+00:00,walking,1,catboost,3,47046344M-104,reference,0.0,0.007872382065269934,0
47046344M-104,2024-10-15 07:38:05+00:00,walking,1,catboost,3,47046344M-104,reference,0.0,0.04674479439412069,0
47046344M-104,2024-10-15 07:38:06+00:00,walking,1,catboost,3,47046344M-104,reference,0.0,0.01446551554269699,0
47046344M-104,2024-10-15 07:38:07+00:00,walking,1,catboost,3,47046344M-104,reference,0.0,0.023697528503613993,0
47046344M-104,2024-10-15 07:38:08+00:00,walking,1,catboost,3,47046344M-104,reference,0.0,0.020528507442804423,0
47046344M-104,2024-10-15 07:38:09+00:00,walking,1,catboost,3,47046344M-104,reference,0.0,0.007817718674993613,0
47046344M-104,2024-10-15 07:38:11+00:00,not_walking,0,catboost,3,47046344M-104,reference,0.0,0.012015307968227374,0
47046344M-104,2024-10-15 07:38:12+00:00,not_walking,0,catboost,3,47046344M-104,reference,0.0,0.005864315459695138,0
47046344M-104,2024-10-15 07:38:13+00:00,not_walking,0,catboost,3,47046344M-104,reference,0.0,0.0196006570293415,0
47046344M-104,2024-10-15 07:38:14+00:00,not_walking,0,catboost,3,47046344M-104,reference,0.0,0.006689906249483465,0
47046344M-104,2024-10-15 07:38:15+00:00,not_walking,0,catboost,3,47046344M-104,reference,0.0,0.009452876303523903,0
47046344M-104,2024-10-15 07:38:16+00:00,not_walking,0,catboost,3,47046344M-104,reference,0.0,0.01213881216154809,0
47046344M-104,2024-10-15 07:38:17+00:00,not_walking,0,catboost,3,47046344M-104,reference,0.0,0.013006063418309649,0
47046344M-104,2024-10-15 07:38:18+00:00,not_walking,0,catboost,3,47046344M-104,reference,0.0,0.011314291882099934,0
47046344M-104,2024-10-15 07:38:19+00:00,not_walking,0,catboost,3,47046344M-104,reference,0.0,0.00986282610710917,0
47046344M-104,2024-10-15 07:38:20+00:00,not_walking,0,catboost,3,47046344M-104,reference,0.0,0.008222197375398105,0
47046344M-104,2024-10-15 07:38:21+00:00,not_walking,0,catboost,3,47046344M-104,reference,0.0,0.0113331233210196,0
47046344M-104,2024-10-15 07:38:22+00:00,not_walking,0,catboost,3,47046344M-104,reference,0.0,0.12190296337249443,0
47046344M-104,2024-10-15 07:38:23+00:00,not_walking,0,catboost,3,47046344M-104,reference,0.0,0.30901990172611166,0
47046344M-104,2024-10-15 07:38:25+00:00,not_walking,0,catboost,3,47046344M-104,reference,0.0,0.03784206450375622,0
47046344M-104,2024-10-15 07:38:26+00:00,not_walking,0,catboost,3,47046344M-104,reference,0.0,0.05836501180113228,0
47046344M-104,2024-10-15 07:38:27+00:00,not_walking,0,catboost,3,47046344M-104,reference,0.0,0.06823616833854247,0
47046344M-104,2024-10-15 07:38:28+00:00,not_walking,0,catboost,3,47046344M-104,reference,0.0,0.027789633859205777,0
47046344M-104,2024-10-15 07:38:29+00:00,not_walking,0,catboost,3,47046344M-104,reference,0.0,0.03289067942231042,0
47046344M-104,2024-10-15 07:38:30+00:00,not_walking,0,catboost,3,47046344M-104,reference,0.0,0.05024971807076307,0
47046344M-104,2024-10-15 07:38:31+00:00,not_walking,0,catboost,3,47046344M-104,reference,0.0,0.11389145114037347,0
47046344M-104,2024-10-15 07:38:32+00:00,walking,1,catboost,3,47046344M-104,reference,0.0,0.036118381481053514,0
47046344M-104,2024-10-15 07:38:33+00:00,walking,1,catboost,3,47046344M-104,reference,0.0,0.03764309980658999,0
47046344M-104,2024-10-15 07:38:34+00:00,walking,1,catboost,3,47046344M-104,reference,0.0,0.0164534169169348,0
47046344M-104,2024-10-15 07:38:35+00:00,walking,1,catboost,3,47046344M-104,reference,0.0,0.03762604512606708,0
47046344M-104,2024-10-15 07:38:36+00:00,walking,1,catboost,3,47046344M-104,reference,0.0,0.058535206617994155,0
47046344M-104,2024-10-15 07:38:37+00:00,walking,1,catboost,3,47046344M-104,reference,0.0,0.014232184056883384,0
47046344M-104,2024-10-15 07:38:38+00:00,walking,1,catboost,3,47046344M-104,reference,0.0,0.06968955291693846,0
47046344M-104,2024-10-15 07:38:39+00:00,walking,1,catboost,3,47046344M-104,reference,0.0,0.00825424651437809,0
47046344M-104,2024-10-15 07:38:40+00:00,walking,1,catboost,3,47046344M-104,reference,0.0,0.03612766092909959,0
47046344M-104,2024-10-15 07:38:41+00:00,walking,1,catboost,3,47046344M-104,reference,0.0,0.11946443246591712,0
47046344M-104,2024-10-15 07:38:42+00:00,walking,1,catboost,3,47046344M-104,reference,0.0,0.09413383786216388,0
47046344M-104,2024-10-15 07:38:43+00:00,walking,1,catboost,3,47046344M-104,reference,0.0,0.37863222919544465,0
47046344M-104,2024-10-15 07:38:44+00:00,walking,1,catboost,3,47046344M-104,reference,0.0,0.15466882366993936,0
47046344M-104,2024-10-15 07:38:45+00:00,walking,1,catboost,3,47046344M-104,reference,0.0,0.013022452613913415,0
47046344M-104,2024-10-15 07:38:46+00:00,walking,1,catboost,3,47046344M-104,reference,0.0,0.14693064925908836,0
47046344M-104,2024-10-15 07:38:47+00:00,walking,1,catboost,3,47046344M-104,reference,0.0,0.04632070707883108,0
47046344M-104,2024-10-15 07:38:59+00:00,not_walking,0,catboost,3,47046344M-104,reference,0.0,0.04471015982876001,0
47046344M-104,2024-10-15 07:39:00+00:00,not_walking,0,catboost,3,47046344M-104,reference,0.0,0.12022995068165274,0
47046344M-104,2024-10-15 07:39:01+00:00,not_walking,0,catboost,3,47046344M-104,reference,0.0,0.27861559521928175,0
47046344M-104,2024-10-15 07:39:02+00:00,not_walking,0,catboost,3,47046344M-104,reference,0.0,0.09103693349918561,0
47046344M-104,2024-10-15 07:39:03+00:00,not_walking,0,catboost,3,47046344M-104,reference,0.0,0.14194426591411222,0
47046344M-104,2024-10-15 07:39:04+00:00,not_walking,0,catboost,3,47046344M-104,reference,0.0,0.02690992922671333,0
47046344M-104,2024-10-15 07:39:05+00:00,not_walking,0,catboost,3,47046344M-104,reference,0.0,0.05079897842800644,0
47046344M-104,2024-10-15 07:39:06+00:00,not_walking,0,catboost,3,47046344M-104,reference,0.0,0.05804300561053588,0
47046344M-104,2024-10-15 07:39:07+00:00,not_walking,0,catboost,3,47046344M-104,reference,0.0,0.11924866970834758,0
47046344M-104,2024-10-15 07:39:08+00:00,not_walking,0,catboost,3,47046344M-104,reference,0.0,0.08484308275698955,0
47046344M-104,2024-10-15 07:39:09+00:00,not_walking,0,catboost,3,47046344M-104,reference,0.0,0.23076230428776157,0
47046344M-104,2024-10-15 07:39:10+00:00,not_walking,0,catboost,3,47046344M-104,reference,0.0,0.030591834404203936,0
47046344M-104,2024-10-15 07:39:11+00:00,not_walking,0,catboost,3,47046344M-104,reference,0.0,0.038166443466564066,0
47046344M-104,2024-10-15 07:39:26+00:00,walking,1,catboost,3,47046344M-104,reference,0.0,0.27109539642749686,0
47046344M-104,2024-10-15 07:39:27+00:00,walking,1,catboost,3,47046344M-104,reference,0.0,0.4493321783953862,0
47046344M-104,2024-10-15 07:39:28+00:00,walking,1,catboost,3,47046344M-104,reference,0.0,0.13723262588623278,0
47046344M-104,2024-10-15 07:39:29+00:00,walking,1,catboost,3,47046344M-104,reference,0.0,0.13923179423620557,0
47046344M-104,2024-10-15 07:39:30+00:00,walking,1,catboost,3,47046344M-104,reference,0.0,0.38194394401717935,0
47046344M-104,2024-10-15 07:39:31+00:00,walking,1,catboost,3,47046344M-104,reference,0.0,0.2677436344481873,0
47046344M-104,2024-10-15 07:39:32+00:00,walking,1,catboost,3,47046344M-104,reference,0.0,0.12798759968224024,0
47046344M-104,2024-10-15 07:39:33+00:00,walking,1,catboost,3,47046344M-104,reference,0.0,0.1368184596520791,0
47046344M-104,2024-10-15 07:39:34+00:00,walking,1,catboost,3,47046344M-104,reference,0.0,0.38902238015488466,0
47046344M-104,2024-10-15 07:39:35+00:00,walking,1,catboost,3,47046344M-104,reference,0.0,0.4060221362265916,0
47046344M-104,2024-10-15 07:39:36+00:00,walking,1,catboost,3,47046344M-104,reference,0.0,0.214828944223884,0
47046344M-104,2024-10-15 07:39:37+00:00,walking,1,catboost,3,47046344M-104,reference,0.0,0.185787877324058,0
47046344M-104,2024-10-15 07:39:38+00:00,walking,1,catboost,3,47046344M-104,reference,0.0,0.3487470402716584,0
47046344M-104,2024-10-15 07:39:39+00:00,walking,1,catboost,3,47046344M-104,reference,0.0,0.037897060263872503,0
47046344M-104,2024-10-15 07:39:40+00:00,walking,1,catboost,3,47046344M-104,reference,0.0,0.34355137476961345,0
47046344M-104,2024-10-15 07:39:41+00:00,walking,1,catboost,3,47046344M-104,reference,0.0,0.06620909694951159,0
47046344M-104,2024-10-15 07:39:42+00:00,walking,1,catboost,3,47046344M-104,reference,0.0,0.09436861319192105,0
47046344M-104,2024-10-15 07:39:43+00:00,walking,1,catboost,3,47046344M-104,reference,0.0,0.12845170248033794,0
47046344M-104,2024-10-15 07:39:44+00:00,walking,1,catboost,3,47046344M-104,reference,0.0,0.21452336099826483,0
47046344M-104,2024-10-15 07:39:45+00:00,walking,1,catboost,3,47046344M-104,reference,0.0,0.1650488888807687,0
47046344M-104,2024-10-15 07:39:46+00:00,walking,1,catboost,3,47046344M-104,reference,0.0,0.08298223240009772,0
47046344M-104,2024-10-15 07:39:47+00:00,walking,1,catboost,3,47046344M-104,reference,0.0,0.0488527199100517,0
47046344M-104,2024-10-15 07:39:48+00:00,walking,1,catboost,3,47046344M-104,reference,0.0,0.028967688299680175,0
47046344M-104,2024-10-15 07:39:49+00:00,walking,1,catboost,3,47046344M-104,reference,0.0,0.12100022738931811,0
47046344M-104,2024-10-15 07:39:50+00:00,walking,1,catboost,3,47046344M-104,reference,0.0,0.3433172045227087,0
47046344M-104,2024-10-15 07:39:51+00:00,walking,1,catboost,3,47046344M-104,reference,0.0,0.18151103701639623,0
47046344M-104,2024-10-15 07:39:52+00:00,walking,1,catboost,3,47046344M-104,reference,0.0,0.1370068493983842,0
47046344M-104,2024-10-15 07:39:53+00:00,walking,1,catboost,3,47046344M-104,reference,0.0,0.4232013970326498,0
47046344M-104,2024-10-15 07:39:54+00:00,walking,1,catboost,3,47046344M-104,reference,0.0,0.11713509758614173,0
47046344M-104,2024-10-15 07:39:55+00:00,walking,1,catboost,3,47046344M-104,reference,0.0,0.3221629311580964,0
47046344M-104,2024-10-15 07:39:56+00:00,walking,1,catboost,3,47046344M-104,reference,0.0,0.5382943690359944,1
47046344M-104,2024-10-15 07:39:57+00:00,walking,1,catboost,3,47046344M-104,reference,0.0,0.17482899404537544,0
47046344M-104,2024-10-15 07:39:58+00:00,walking,1,catboost,3,47046344M-104,reference,0.0,0.07198913468577357,0
47046344M-104,2024-10-15 07:39:59+00:00,walking,1,catboost,3,47046344M-104,reference,0.0,0.17158966916918916,0
47046344M-104,2024-10-15 07:40:00+00:00,walking,1,catboost,3,47046344M-104,reference,0.0,0.0663973063690778,0
47046344M-104,2024-10-15 07:40:01+00:00,walking,1,catboost,3,47046344M-104,reference,0.0,0.03444899917546047,0
47046344M-104,2024-10-15 07:40:02+00:00,walking,1,catboost,3,47046344M-104,reference,0.0,0.24266139950611895,0
47046344M-104,2024-10-15 07:40:03+00:00,walking,1,catboost,3,47046344M-104,reference,0.0,0.10775443364921594,0
47046344M-104,2024-10-15 07:40:04+00:00,walking,1,catboost,3,47046344M-104,reference,0.0,0.030350995082386364,0
47046344M-104,2024-10-15 07:40:05+00:00,walking,1,catboost,3,47046344M-104,reference,0.0,0.027806348046465954,0
47046344M-104,2024-10-15 07:40:06+00:00,walking,1,catboost,3,47046344M-104,reference,0.0,0.03126616704093819,0
47046344M-104,2024-10-15 07:40:07+00:00,walking,1,catboost,3,47046344M-104,reference,0.0,0.14968914463141225,0
47046344M-104,2024-10-15 07:40:08+00:00,walking,1,catboost,3,47046344M-104,reference,0.0,0.126474378383523,0
47046344M-104,2024-10-15 07:40:09+00:00,walking,1,catboost,3,47046344M-104,reference,0.0,0.24421571015140478,0
47046344M-104,2024-10-15 07:43:28+00:00,walking,1,catboost,3,47046344M-104,reference,0.0,0.18143642887583147,0
47046344M-104,2024-10-15 07:43:29+00:00,walking,1,catboost,3,47046344M-104,reference,0.0,0.034673313473362735,0
47046344M-104,2024-10-15 07:43:30+00:00,walking,1,catboost,3,47046344M-104,reference,0.0,0.1260244313718621,0
47046344M-104,2024-10-15 07:43:31+00:00,walking,1,catboost,3,47046344M-104,reference,0.0,0.09901986285601365,0
47046344M-104,2024-10-15 07:43:32+00:00,walking,1,catboost,3,47046344M-104,reference,0.0,0.21217709478552824,0
47046344M-104,2024-10-15 07:43:33+00:00,walking,1,catboost,3,47046344M-104,reference,0.0,0.012658578434850696,0
47046344M-104,2024-10-15 07:43:34+00:00,walking,1,catboost,3,47046344M-104,reference,0.0,0.33991012675719384,0
47046344M-104,2024-10-15 07:43:35+00:00,walking,1,catboost,3,47046344M-104,reference,0.0,0.56233578929302,1
47046344M-104,2024-10-15 07:43:36+00:00,walking,1,catboost,3,47046344M-104,reference,0.0,0.22088752020154007,0
47046344M-104,2024-10-15 07:43:37+00:00,walking,1,catboost,3,47046344M-104,reference,0.0,0.09364330254775027,0
47046344M-104,2024-10-15 07:43:38+00:00,walking,1,catboost,3,47046344M-104,reference,0.0,0.215294486191538,0
47046344M-104,2024-10-15 07:43:39+00:00,walking,1,catboost,3,47046344M-104,reference,0.0,0.03974715043538979,0
47046344M-104,2024-10-15 07:43:40+00:00,walking,1,catboost,3,47046344M-104,reference,0.0,0.08595838259497868,0
47046344M-104,2024-10-15 07:43:41+00:00,walking,1,catboost,3,47046344M-104,reference,0.0,0.04080432575304765,0
47046344M-104,2024-10-15 07:43:42+00:00,walking,1,catboost,3,47046344M-104,reference,0.0,0.09261623136851017,0
47046344M-104,2024-10-15 07:43:43+00:00,walking,1,catboost,3,47046344M-104,reference,0.0,0.18208045146394036,0
47046344M-104,2024-10-15 07:43:44+00:00,walking,1,catboost,3,47046344M-104,reference,0.0,0.35807676795062027,0
47046344M-104,2024-10-15 07:43:45+00:00,walking,1,catboost,3,47046344M-104,reference,0.0,0.1045868279299585,0
47046344M-104,2024-10-15 07:43:46+00:00,walking,1,catboost,3,47046344M-104,reference,0.0,0.1279062305054083,0
47046344M-104,2024-10-15 07:43:47+00:00,walking,1,catboost,3,47046344M-104,reference,0.0,0.08403200676188567,0
47046344M-104,2024-10-15 07:43:48+00:00,walking,1,catboost,3,47046344M-104,reference,0.0,0.05986090249724599,0
47046344M-104,2024-10-15 07:43:49+00:00,walking,1,catboost,3,47046344M-104,reference,0.0,0.07933785566377392,0
47046344M-104,2024-10-15 07:43:50+00:00,walking,1,catboost,3,47046344M-104,reference,0.0,0.2873535259969198,0
47046344M-104,2024-10-15 07:43:51+00:00,walking,1,catboost,3,47046344M-104,reference,0.0,0.08758455402059986,0
47046344M-104,2024-10-15 07:43:52+00:00,walking,1,catboost,3,47046344M-104,reference,0.0,0.07963029021117606,0
47046344M-104,2024-10-15 07:43:53+00:00,walking,1,catboost,3,47046344M-104,reference,0.0,0.013521136530371488,0
47046344M-104,2024-10-15 07:43:54+00:00,walking,1,catboost,3,47046344M-104,reference,0.0,0.16462608510648857,0
47046344M-104,2024-10-15 07:43:55+00:00,walking,1,catboost,3,47046344M-104,reference,0.0,0.6331674452254673,1
47046344M-104,2024-10-15 07:43:56+00:00,walking,1,catboost,3,47046344M-104,reference,0.0,0.08070253327512035,0
47046344M-104,2024-10-15 07:43:57+00:00,walking,1,catboost,3,47046344M-104,reference,0.0,0.3178184013017407,0
47046344M-104,2024-10-15 07:43:58+00:00,walking,1,catboost,3,47046344M-104,reference,0.0,0.25302000801876406,0
47046344M-104,2024-10-15 07:43:59+00:00,walking,1,catboost,3,47046344M-104,reference,0.0,0.24930404877078602,0
47046344M-104,2024-10-15 07:44:00+00:00,walking,1,catboost,3,47046344M-104,reference,0.0,0.02579776725153094,0
47046344M-104,2024-10-15 07:44:01+00:00,walking,1,catboost,3,47046344M-104,reference,0.0,0.14145006639855856,0
47046344M-104,2024-10-15 07:44:02+00:00,walking,1,catboost,3,47046344M-104,reference,0.0,0.30103926769080847,0
47046344M-104,2024-10-15 07:44:03+00:00,walking,1,catboost,3,47046344M-104,reference,0.0,0.3734758112660334,0
47046344M-104,2024-10-15 07:44:04+00:00,walking,1,catboost,3,47046344M-104,reference,0.0,0.16197057970894954,0
47046344M-104,2024-10-15 07:44:05+00:00,walking,1,catboost,3,47046344M-104,reference,0.0,0.05959676658825537,0
47046344M-104,2024-10-15 07:44:06+00:00,walking,1,catboost,3,47046344M-104,reference,0.0,0.01545448522111527,0
47046344M-104,2024-10-15 07:44:07+00:00,walking,1,catboost,3,47046344M-104,reference,0.0,0.14282073395086534,0
47046344M-104,2024-10-15 07:44:08+00:00,walking,1,catboost,3,47046344M-104,reference,0.0,0.06693839286618616,0
47046344M-104,2024-10-15 07:44:09+00:00,walking,1,catboost,3,47046344M-104,reference,0.0,0.04788264049769614,0
47046344M-104,2024-10-15 07:44:10+00:00,walking,1,catboost,3,47046344M-104,reference,0.0,0.1443069048539828,0
47046344M-104,2024-10-15 07:44:11+00:00,walking,1,catboost,3,47046344M-104,reference,0.0,0.06459213540358759,0
47046344M-104,2024-10-15 07:44:13+00:00,not_walking,0,catboost,3,47046344M-104,reference,0.0,0.06656444155542217,0
47046344M-104,2024-10-15 07:44:14+00:00,not_walking,0,catboost,3,47046344M-104,reference,0.0,0.020658057981447455,0
47046344M-104,2024-10-15 07:44:15+00:00,not_walking,0,catboost,3,47046344M-104,reference,0.0,0.02288974712055853,0
47046344M-104,2024-10-15 07:44:16+00:00,not_walking,0,catboost,3,47046344M-104,reference,0.0,0.01450657801572195,0
47046344M-104,2024-10-15 07:44:17+00:00,not_walking,0,catboost,3,47046344M-104,reference,0.0,0.01585775139388926,0
47046344M-104,2024-10-15 07:44:18+00:00,not_walking,0,catboost,3,47046344M-104,reference,0.0,0.095294296711296,0
47046344M-104,2024-10-15 07:44:19+00:00,not_walking,0,catboost,3,47046344M-104,reference,0.0,0.19155110801092076,0
47046344M-104,2024-10-15 07:44:20+00:00,not_walking,0,catboost,3,47046344M-104,reference,0.0,0.009443428014048991,0
47046344M-104,2024-10-15 07:44:21+00:00,not_walking,0,catboost,3,47046344M-104,reference,0.0,0.0821175653180793,0
47046344M-104,2024-10-15 07:44:22+00:00,not_walking,0,catboost,3,47046344M-104,reference,0.0,0.025831807803147998,0
47046344M-104,2024-10-15 07:44:23+00:00,not_walking,0,catboost,3,47046344M-104,reference,0.0,0.056182081404044217,0
47046344M-104,2024-10-15 07:44:24+00:00,not_walking,0,catboost,3,47046344M-104,reference,0.0,0.1947190508622829,0
47046344M-104,2024-10-15 07:44:25+00:00,not_walking,0,catboost,3,47046344M-104,reference,0.0,0.1969031980170488,0
47046344M-104,2024-10-15 07:44:26+00:00,not_walking,0,catboost,3,47046344M-104,reference,0.0,0.022740630300830053,0
47046344M-104,2024-10-15 07:44:27+00:00,not_walking,0,catboost,3,47046344M-104,reference,0.0,0.01316579433829965,0
47046344M-104,2024-10-15 07:44:28+00:00,not_walking,0,catboost,3,47046344M-104,reference,0.0,0.026743495064481843,0
47046344M-104,2024-10-15 07:44:29+00:00,not_walking,0,catboost,3,47046344M-104,reference,0.0,0.043324231820524944,0
47046344M-104,2024-10-15 07:44:30+00:00,not_walking,0,catboost,3,47046344M-104,reference,0.0,0.13769302370237116,0
47046344M-104,2024-10-15 07:44:31+00:00,not_walking,0,catboost,3,47046344M-104,reference,0.0,0.00757494790263546,0
47046344M-104,2024-10-15 07:44:32+00:00,not_walking,0,catboost,3,47046344M-104,reference,0.0,0.006348251796864784,0
47046344M-104,2024-10-15 07:44:33+00:00,not_walking,0,catboost,3,47046344M-104,reference,0.0,0.017430115617502847,0
47046344M-104,2024-10-15 07:44:34+00:00,not_walking,0,catboost,3,47046344M-104,reference,0.0,0.08115534889820736,0
47046344M-104,2024-10-15 07:44:35+00:00,not_walking,0,catboost,3,47046344M-104,reference,0.0,0.031272492574482724,0
47046344M-104,2024-10-15 07:44:36+00:00,not_walking,0,catboost,3,47046344M-104,reference,0.0,0.00847071783533792,0
47046344M-104,2024-10-15 07:44:37+00:00,not_walking,0,catboost,3,47046344M-104,reference,0.0,0.03484017757163078,0
47046344M-104,2024-10-15 07:44:38+00:00,not_walking,0,catboost,3,47046344M-104,reference,0.0,0.05234734297728993,0
47046344M-104,2024-10-15 07:44:39+00:00,not_walking,0,catboost,3,47046344M-104,reference,0.0,0.04040666847133115,0
47046344M-104,2024-10-15 07:44:40+00:00,not_walking,0,catboost,3,47046344M-104,reference,0.0,0.08558654245226256,0
47046344M-104,2024-10-15 07:44:41+00:00,not_walking,0,catboost,3,47046344M-104,reference,0.0,0.17121207019015733,0
47046344M-104,2024-10-15 07:44:42+00:00,not_walking,0,catboost,3,47046344M-104,reference,0.0,0.230228003854997,0
47046344M-104,2024-10-15 07:44:43+00:00,not_walking,0,catboost,3,47046344M-104,reference,0.0,0.10987950320072629,0
47046344M-104,2024-10-15 07:44:44+00:00,not_walking,0,catboost,3,47046344M-104,reference,0.0,0.037400511679622175,0
47046344M-104,2024-10-15 07:44:45+00:00,not_walking,0,catboost,3,47046344M-104,reference,0.0,0.024368704425127077,0
47046344M-104,2024-10-15 07:44:46+00:00,not_walking,0,catboost,3,47046344M-104,reference,0.0,0.19686707835844497,0
47046344M-104,2024-10-15 07:44:47+00:00,not_walking,0,catboost,3,47046344M-104,reference,0.0,0.026184834659519148,0
47046344M-104,2024-10-15 07:44:48+00:00,not_walking,0,catboost,3,47046344M-104,reference,0.0,0.038798165298727746,0
47046344M-104,2024-10-15 07:44:49+00:00,not_walking,0,catboost,3,47046344M-104,reference,0.0,0.10113628193867713,0
47046344M-104,2024-10-15 07:44:50+00:00,not_walking,0,catboost,3,47046344M-104,reference,0.0,0.015248659538735113,0
47046344M-104,2024-10-15 07:44:51+00:00,not_walking,0,catboost,3,47046344M-104,reference,0.0,0.025135490681633985,0
47046344M-104,2024-10-15 07:44:52+00:00,not_walking,0,catboost,3,47046344M-104,reference,0.0,0.031756491038356635,0
47046344M-104,2024-10-15 07:44:53+00:00,not_walking,0,catboost,3,47046344M-104,reference,0.0,0.06688645264728296,0
47046344M-104,2024-10-15 07:44:54+00:00,not_walking,0,catboost,3,47046344M-104,reference,0.0,0.08583566224687715,0
47046344M-104,2024-10-15 07:44:55+00:00,not_walking,0,catboost,3,47046344M-104,reference,0.0,0.037573093026396054,0
47046344M-104,2024-10-15 07:44:56+00:00,not_walking,0,catboost,3,47046344M-104,reference,0.0,0.02770876727876595,0
47046344M-104,2024-10-15 07:44:57+00:00,not_walking,0,catboost,3,47046344M-104,reference,0.0,0.09342138041512346,0
47046344M-104,2024-10-15 07:44:58+00:00,not_walking,0,catboost,3,47046344M-104,reference,0.0,0.04503985664232769,0
47046344M-104,2024-10-15 07:44:59+00:00,not_walking,0,catboost,3,47046344M-104,reference,0.0,0.05358587887578161,0
47046344M-104,2024-10-15 07:45:00+00:00,not_walking,0,catboost,3,47046344M-104,reference,0.0,0.04178566004776459,0
47046344M-104,2024-10-15 07:45:01+00:00,not_walking,0,catboost,3,47046344M-104,reference,0.0,0.15606149994863194,0
47046344M-104,2024-10-15 07:45:02+00:00,not_walking,0,catboost,3,47046344M-104,reference,0.0,0.14065119914067858,0
47046344M-104,2024-10-15 07:45:03+00:00,not_walking,0,catboost,3,47046344M-104,reference,0.0,0.06255132501233629,0
47046344M-104,2024-10-15 07:45:04+00:00,not_walking,0,catboost,3,47046344M-104,reference,0.0,0.05101011270828543,0
47046344M-104,2024-10-15 07:45:05+00:00,not_walking,0,catboost,3,47046344M-104,reference,0.0,0.5628258908677778,1
47046344M-104,2024-10-15 07:45:06+00:00,not_walking,0,catboost,3,47046344M-104,reference,0.0,0.04182333543474372,0
47046344M-104,2024-10-15 07:45:07+00:00,not_walking,0,catboost,3,47046344M-104,reference,0.0,0.23250388218294618,0
47046344M-104,2024-10-15 07:45:08+00:00,not_walking,0,catboost,3,47046344M-104,reference,0.0,0.030957166070310658,0
47046344M-104,2024-10-15 07:45:09+00:00,not_walking,0,catboost,3,47046344M-104,reference,0.0,0.17956306817297352,0
47046344M-104,2024-10-15 07:45:10+00:00,not_walking,0,catboost,3,47046344M-104,reference,0.0,0.366214189211168,0
47046344M-104,2024-10-15 07:45:11+00:00,not_walking,0,catboost,3,47046344M-104,reference,0.0,0.027229404389672984,0
47046344M-104,2024-10-15 07:45:12+00:00,not_walking,0,catboost,3,47046344M-104,reference,0.0,0.20946981789467736,0
47046344M-104,2024-10-15 07:45:13+00:00,not_walking,0,catboost,3,47046344M-104,reference,0.0,0.07385203210793741,0
47046344M-104,2024-10-15 07:45:14+00:00,not_walking,0,catboost,3,47046344M-104,reference,0.0,0.02794957489395336,0
47046344M-104,2024-10-15 07:45:15+00:00,not_walking,0,catboost,3,47046344M-104,reference,0.0,0.07133658377557289,0
47046344M-104,2024-10-15 07:45:16+00:00,not_walking,0,catboost,3,47046344M-104,reference,0.0,0.10952920084195324,0
47046344M-104,2024-10-15 07:45:17+00:00,not_walking,0,catboost,3,47046344M-104,reference,0.0,0.22037693417812595,0
47046344M-104,2024-10-15 07:45:18+00:00,not_walking,0,catboost,3,47046344M-104,reference,0.0,0.19395840308329257,0
47046344M-104,2024-10-15 07:45:19+00:00,not_walking,0,catboost,3,47046344M-104,reference,0.0,0.06246316701645779,0
47046344M-104,2024-10-15 07:45:20+00:00,not_walking,0,catboost,3,47046344M-104,reference,0.0,0.10072207505283419,0
47046344M-104,2024-10-15 07:45:21+00:00,not_walking,0,catboost,3,47046344M-104,reference,0.0,0.057532521796361036,0
47046344M-104,2024-10-15 07:45:22+00:00,not_walking,0,catboost,3,47046344M-104,reference,0.0,0.19902652285232528,0
47046344M-104,2024-10-15 07:45:23+00:00,not_walking,0,catboost,3,47046344M-104,reference,0.0,0.12662174041122487,0
47046344M-104,2024-10-15 07:45:25+00:00,walking,1,catboost,3,47046344M-104,reference,0.0,0.11105302838453664,0
47046344M-104,2024-10-15 07:45:26+00:00,walking,1,catboost,3,47046344M-104,reference,0.0,0.11219486440569282,0
47046344M-104,2024-10-15 07:45:27+00:00,walking,1,catboost,3,47046344M-104,reference,0.0,0.145006198936296,0
47046344M-104,2024-10-15 07:45:28+00:00,walking,1,catboost,3,47046344M-104,reference,0.0,0.05251638861247478,0
47046344M-104,2024-10-15 07:45:29+00:00,walking,1,catboost,3,47046344M-104,reference,0.0,0.09456438993711984,0
47046344M-104,2024-10-15 07:45:30+00:00,walking,1,catboost,3,47046344M-104,reference,0.0,0.04407337968835208,0
47046344M-104,2024-10-15 07:45:31+00:00,walking,1,catboost,3,47046344M-104,reference,0.0,0.03570064239698077,0
47046344M-104,2024-10-15 07:45:32+00:00,walking,1,catboost,3,47046344M-104,reference,0.0,0.06778265640964316,0
47046344M-104,2024-10-15 07:45:33+00:00,walking,1,catboost,3,47046344M-104,reference,0.0,0.15408041611999987,0
47046344M-104,2024-10-15 07:45:34+00:00,walking,1,catboost,3,47046344M-104,reference,0.0,0.08690092490048128,0
47046344M-104,2024-10-15 07:45:35+00:00,walking,1,catboost,3,47046344M-104,reference,0.0,0.04552156048958512,0
47046344M-104,2024-10-15 07:45:36+00:00,walking,1,catboost,3,47046344M-104,reference,0.0,0.27995465067495184,0
47046344M-104,2024-10-15 07:45:37+00:00,walking,1,catboost,3,47046344M-104,reference,0.0,0.036467354120042775,0
47046344M-104,2024-10-15 07:45:38+00:00,walking,1,catboost,3,47046344M-104,reference,0.0,0.10622659377759426,0
47046344M-104,2024-10-15 07:45:39+00:00,walking,1,catboost,3,47046344M-104,reference,0.0,0.05574367378419339,0
47046344M-104,2024-10-15 07:45:40+00:00,walking,1,catboost,3,47046344M-104,reference,0.0,0.37603888647175404,0
47046344M-104,2024-10-15 07:45:41+00:00,walking,1,catboost,3,47046344M-104,reference,0.0,0.07689806323955083,0
47046344M-104,2024-10-15 07:45:42+00:00,walking,1,catboost,3,47046344M-104,reference,0.0,0.3105207380999827,0
47046344M-104,2024-10-15 07:45:43+00:00,walking,1,catboost,3,47046344M-104,reference,0.0,0.1614420411762129,0
47046344M-104,2024-10-15 07:45:44+00:00,walking,1,catboost,3,47046344M-104,reference,0.0,0.05101524997231707,0
47046344M-104,2024-10-15 07:45:45+00:00,walking,1,catboost,3,47046344M-104,reference,0.0,0.5673342482588071,1
47046344M-104,2024-10-15 07:45:46+00:00,walking,1,catboost,3,47046344M-104,reference,0.0,0.10388913911126868,0
47046344M-104,2024-10-15 07:45:47+00:00,walking,1,catboost,3,47046344M-104,reference,0.0,0.03722490561275079,0
47046344M-104,2024-10-15 07:45:48+00:00,walking,1,catboost,3,47046344M-104,reference,0.0,0.009442617503818246,0
47046344M-104,2024-10-15 07:45:49+00:00,walking,1,catboost,3,47046344M-104,reference,0.0,0.051028457738718704,0
47046344M-104,2024-10-15 07:45:50+00:00,walking,1,catboost,3,47046344M-104,reference,0.0,0.07938993717402196,0
47046344M-104,2024-10-15 07:45:51+00:00,walking,1,catboost,3,47046344M-104,reference,0.0,0.015992908356017403,0
47046344M-104,2024-10-15 07:45:52+00:00,walking,1,catboost,3,47046344M-104,reference,0.0,0.08822109851442539,0
47046344M-104,2024-10-15 07:45:53+00:00,walking,1,catboost,3,47046344M-104,reference,0.0,0.008362535822794831,0
47046344M-104,2024-10-15 07:45:54+00:00,walking,1,catboost,3,47046344M-104,reference,0.0,0.057544054677732596,0
47046344M-104,2024-10-15 07:45:55+00:00,walking,1,catboost,3,47046344M-104,reference,0.0,0.06320879520006596,0
47046344M-104,2024-10-15 07:45:56+00:00,walking,1,catboost,3,47046344M-104,reference,0.0,0.0580160144154351,0
47046344M-104,2024-10-15 07:45:57+00:00,walking,1,catboost,3,47046344M-104,reference,0.0,0.0531644731283299,0
47046344M-104,2024-10-15 07:45:58+00:00,walking,1,catboost,3,47046344M-104,reference,0.0,0.0784251921865905,0
47046344M-104,2024-10-15 07:45:59+00:00,walking,1,catboost,3,47046344M-104,reference,0.0,0.5255570890876142,1
47046344M-104,2024-10-15 07:46:00+00:00,walking,1,catboost,3,47046344M-104,reference,0.0,0.3002039149694283,0
47046344M-104,2024-10-15 07:46:01+00:00,walking,1,catboost,3,47046344M-104,reference,0.0,0.136177792847058,0
47046344M-104,2024-10-15 07:46:02+00:00,walking,1,catboost,3,47046344M-104,reference,0.0,0.2331134752921549,0
47046344M-104,2024-10-15 07:46:03+00:00,walking,1,catboost,3,47046344M-104,reference,0.0,0.14812832528520453,0
47046344M-104,2024-10-15 07:46:04+00:00,walking,1,catboost,3,47046344M-104,reference,0.0,0.06701522225551373,0
47046344M-104,2024-10-15 07:46:05+00:00,walking,1,catboost,3,47046344M-104,reference,0.0,0.18842468384308692,0
47046344M-104,2024-10-15 07:46:06+00:00,walking,1,catboost,3,47046344M-104,reference,0.0,0.31936071546783035,0
47046344M-104,2024-10-15 07:46:07+00:00,walking,1,catboost,3,47046344M-104,reference,0.0,0.2191537874103752,0
47046344M-104,2024-10-15 07:46:08+00:00,walking,1,catboost,3,47046344M-104,reference,0.0,0.17539141932942892,0
47046344M-104,2024-10-15 07:46:09+00:00,walking,1,catboost,3,47046344M-104,reference,0.0,0.061090166817700554,0
47046344M-104,2024-10-15 07:46:10+00:00,walking,1,catboost,3,47046344M-104,reference,0.0,0.04402064905638283,0
47046344M-104,2024-10-15 07:46:11+00:00,walking,1,catboost,3,47046344M-104,reference,0.0,0.530429334183101,1
47046344M-104,2024-10-15 07:46:12+00:00,walking,1,catboost,3,47046344M-104,reference,0.0,0.34712674170941715,0
47046344M-104,2024-10-15 07:46:13+00:00,walking,1,catboost,3,47046344M-104,reference,0.0,0.1471570438382718,0
47046344M-104,2024-10-15 07:46:14+00:00,walking,1,catboost,3,47046344M-104,reference,0.0,0.11051930983046401,0
47046344M-104,2024-10-15 07:46:15+00:00,walking,1,catboost,3,47046344M-104,reference,0.0,0.03249682901577289,0
47046344M-104,2024-10-15 07:46:16+00:00,walking,1,catboost,3,47046344M-104,reference,0.0,0.1438384152450546,0
47046344M-104,2024-10-15 07:46:17+00:00,walking,1,catboost,3,47046344M-104,reference,0.0,0.12311818434353274,0
47046344M-104,2024-10-15 07:46:18+00:00,walking,1,catboost,3,47046344M-104,reference,0.0,0.6871154981487924,1
47046344M-104,2024-10-15 07:46:19+00:00,walking,1,catboost,3,47046344M-104,reference,0.0,0.099324645702003,0
47046344M-104,2024-10-15 07:46:20+00:00,walking,1,catboost,3,47046344M-104,reference,0.0,0.32247155061518046,0
47046344M-104,2024-10-15 07:46:21+00:00,walking,1,catboost,3,47046344M-104,reference,0.0,0.03134985680460442,0
47046344M-104,2024-10-15 07:46:22+00:00,walking,1,catboost,3,47046344M-104,reference,0.0,0.04383389577526771,0
47046344M-104,2024-10-15 07:46:23+00:00,walking,1,catboost,3,47046344M-104,reference,0.0,0.07881791642567906,0
47046344M-104,2024-10-15 07:46:24+00:00,walking,1,catboost,3,47046344M-104,reference,0.0,0.11037969059496093,0
47046344M-104,2024-10-15 07:46:25+00:00,walking,1,catboost,3,47046344M-104,reference,0.0,0.041511393279219544,0
47046344M-104,2024-10-15 07:46:26+00:00,walking,1,catboost,3,47046344M-104,reference,0.0,0.22704869484757037,0
47046344M-104,2024-10-15 07:46:27+00:00,walking,1,catboost,3,47046344M-104,reference,0.0,0.061279273795785856,0
47046344M-104,2024-10-15 07:46:28+00:00,walking,1,catboost,3,47046344M-104,reference,0.0,0.05181605005545008,0
47046344M-104,2024-10-15 07:46:29+00:00,walking,1,catboost,3,47046344M-104,reference,0.0,0.12836776150499718,0
47046344M-104,2024-10-15 07:46:30+00:00,walking,1,catboost,3,47046344M-104,reference,0.0,0.06841003486646374,0
47046344M-104,2024-10-15 07:46:31+00:00,walking,1,catboost,3,47046344M-104,reference,0.0,0.0570551067479726,0
47046344M-104,2024-10-15 07:46:32+00:00,walking,1,catboost,3,47046344M-104,reference,0.0,0.085635665131406,0
47046344M-104,2024-10-15 07:46:33+00:00,walking,1,catboost,3,47046344M-104,reference,0.0,0.04541429842925506,0
47046344M-104,2024-10-15 07:46:34+00:00,walking,1,catboost,3,47046344M-104,reference,0.0,0.05231069717942215,0
47046344M-104,2024-10-15 07:46:35+00:00,walking,1,catboost,3,47046344M-104,reference,0.0,0.13590943321424262,0
47046344M-104,2024-10-15 07:46:36+00:00,walking,1,catboost,3,47046344M-104,reference,0.0,0.10062874816494886,0
47046344M-104,2024-10-15 07:46:37+00:00,walking,1,catboost,3,47046344M-104,reference,0.0,0.042327316078918945,0
47046344M-104,2024-10-15 07:46:38+00:00,walking,1,catboost,3,47046344M-104,reference,0.0,0.1063962574746023,0
47046344M-104,2024-10-15 07:46:39+00:00,walking,1,catboost,3,47046344M-104,reference,0.0,0.19219504700386505,0
47046344M-104,2024-10-15 07:46:40+00:00,walking,1,catboost,3,47046344M-104,reference,0.0,0.053523597646795644,0
47046344M-104,2024-10-15 07:46:41+00:00,walking,1,catboost,3,47046344M-104,reference,0.0,0.36378539374004654,0
47046344M-104,2024-10-15 07:46:42+00:00,walking,1,catboost,3,47046344M-104,reference,0.0,0.1522730136767185,0
47046344M-104,2024-10-15 07:46:43+00:00,walking,1,catboost,3,47046344M-104,reference,0.0,0.10829262383835873,0
47046344M-104,2024-10-15 07:46:44+00:00,walking,1,catboost,3,47046344M-104,reference,0.0,0.07867217211841351,0
47046344M-104,2024-10-15 07:46:45+00:00,walking,1,catboost,3,47046344M-104,reference,0.0,0.18402655890484904,0
47046344M-104,2024-10-15 07:46:46+00:00,walking,1,catboost,3,47046344M-104,reference,0.0,0.03301444704229548,0
47046344M-104,2024-10-15 07:47:58+00:00,walking,1,catboost,3,47046344M-104,reference,0.0,0.3787849351542615,0
47046344M-104,2024-10-15 07:47:59+00:00,walking,1,catboost,3,47046344M-104,reference,0.0,0.29767129571625445,0
47046344M-104,2024-10-15 07:48:00+00:00,walking,1,catboost,3,47046344M-104,reference,0.0,0.07142168221792476,0
47046344M-104,2024-10-15 07:48:01+00:00,walking,1,catboost,3,47046344M-104,reference,0.0,0.0954040367412854,0
47046344M-104,2024-10-15 07:48:02+00:00,walking,1,catboost,3,47046344M-104,reference,0.0,0.3236362211859473,0
47046344M-104,2024-10-15 07:48:03+00:00,walking,1,catboost,3,47046344M-104,reference,0.0,0.04069770943972187,0
47046344M-104,2024-10-15 07:48:04+00:00,walking,1,catboost,3,47046344M-104,reference,0.0,0.03574179254852141,0
47046344M-104,2024-10-15 07:48:05+00:00,walking,1,catboost,3,47046344M-104,reference,0.0,0.044055715782759644,0
47046344M-104,2024-10-15 07:48:06+00:00,walking,1,catboost,3,47046344M-104,reference,0.0,0.049067102070574416,0
47046344M-104,2024-10-15 07:48:07+00:00,walking,1,catboost,3,47046344M-104,reference,0.0,0.05457923277624389,0
47046344M-104,2024-10-15 07:48:08+00:00,walking,1,catboost,3,47046344M-104,reference,0.0,0.016376033982630794,0
47046344M-104,2024-10-15 07:48:09+00:00,walking,1,catboost,3,47046344M-104,reference,0.0,0.010533904815003105,0
47046344M-104,2024-10-15 07:48:10+00:00,walking,1,catboost,3,47046344M-104,reference,0.0,0.019794343566991675,0
47046344M-104,2024-10-15 07:48:11+00:00,walking,1,catboost,3,47046344M-104,reference,0.0,0.0371296793197744,0
47046344M-104,2024-10-15 07:48:12+00:00,walking,1,catboost,3,47046344M-104,reference,0.0,0.018948423207452374,0
47046344M-104,2024-10-15 07:48:13+00:00,walking,1,catboost,3,47046344M-104,reference,0.0,0.005062305948071596,0
47046344M-104,2024-10-15 07:48:14+00:00,walking,1,catboost,3,47046344M-104,reference,0.0,0.16996820976581795,0
47046344M-104,2024-10-15 07:48:15+00:00,walking,1,catboost,3,47046344M-104,reference,0.0,0.18599860366247936,0
47046344M-104,2024-10-15 07:48:16+00:00,walking,1,catboost,3,47046344M-104,reference,0.0,0.16259200720288455,0
47046344M-104,2024-10-15 07:48:17+00:00,walking,1,catboost,3,47046344M-104,reference,0.0,0.06362483927113259,0
47046344M-104,2024-10-15 07:48:18+00:00,walking,1,catboost,3,47046344M-104,reference,0.0,0.021284440129554123,0
47046344M-104,2024-10-15 07:48:19+00:00,walking,1,catboost,3,47046344M-104,reference,0.0,0.016273199731081146,0
47046344M-104,2024-10-15 07:48:20+00:00,walking,1,catboost,3,47046344M-104,reference,0.0,0.23410500743778184,0
47046344M-104,2024-10-15 07:48:21+00:00,walking,1,catboost,3,47046344M-104,reference,0.0,0.087744367565775,0
47046344M-104,2024-10-15 07:48:22+00:00,walking,1,catboost,3,47046344M-104,reference,0.0,0.4480762144892299,0
47046344M-104,2024-10-15 07:48:23+00:00,walking,1,catboost,3,47046344M-104,reference,0.0,0.1698025862608663,0
47046344M-104,2024-10-15 07:48:24+00:00,walking,1,catboost,3,47046344M-104,reference,0.0,0.2341530366480744,0
47046344M-104,2024-10-15 07:48:25+00:00,walking,1,catboost,3,47046344M-104,reference,0.0,0.3641271210783967,0
47046344M-104,2024-10-15 07:48:26+00:00,walking,1,catboost,3,47046344M-104,reference,0.0,0.44416702535541475,0
47046344M-104,2024-10-15 07:48:27+00:00,walking,1,catboost,3,47046344M-104,reference,0.0,0.08420548524888877,0
47046344M-104,2024-10-15 07:48:28+00:00,walking,1,catboost,3,47046344M-104,reference,0.0,0.033893209424169395,0
47046344M-104,2024-10-15 07:48:29+00:00,walking,1,catboost,3,47046344M-104,reference,0.0,0.030927960862453037,0
47046344M-104,2024-10-15 07:48:30+00:00,walking,1,catboost,3,47046344M-104,reference,0.0,0.021659861676192806,0
47046344M-104,2024-10-15 07:48:31+00:00,walking,1,catboost,3,47046344M-104,reference,0.0,0.10426401545116452,0
47046344M-104,2024-10-15 07:48:32+00:00,walking,1,catboost,3,47046344M-104,reference,0.0,0.06347918640451232,0
47046344M-104,2024-10-15 07:48:33+00:00,walking,1,catboost,3,47046344M-104,reference,0.0,0.08914333792975607,0
47046344M-104,2024-10-15 07:48:34+00:00,walking,1,catboost,3,47046344M-104,reference,0.0,0.027351691007554586,0
47046344M-104,2024-10-15 07:48:35+00:00,walking,1,catboost,3,47046344M-104,reference,0.0,0.20794399054872192,0
47046344M-104,2024-10-15 07:48:36+00:00,walking,1,catboost,3,47046344M-104,reference,0.0,0.06139177840440117,0
47046344M-104,2024-10-15 07:48:37+00:00,walking,1,catboost,3,47046344M-104,reference,0.0,0.23637691940759634,0
47046344M-104,2024-10-15 07:48:38+00:00,walking,1,catboost,3,47046344M-104,reference,0.0,0.011907024401935038,0
47046344M-104,2024-10-15 07:48:39+00:00,walking,1,catboost,3,47046344M-104,reference,0.0,0.01651543453677802,0
47046344M-104,2024-10-15 07:48:40+00:00,walking,1,catboost,3,47046344M-104,reference,0.0,0.0840730360444254,0
47046344M-104,2024-10-15 07:48:41+00:00,walking,1,catboost,3,47046344M-104,reference,0.0,0.04177695881334883,0
47046344M-104,2024-10-15 07:48:42+00:00,walking,1,catboost,3,47046344M-104,reference,0.0,0.041996220988033725,0
47046344M-104,,not_walking,0,catboost,3,47046344M-104,reference,0.0,0.11041690361589578,0
47046344M-104,,not_walking,0,catboost,3,47046344M-104,reference,0.0,0.06948887646176984,0
47046344M-104,,not_walking,0,catboost,3,47046344M-104,reference,0.0,0.12701208808801956,0
47046344M-104,,not_walking,0,catboost,3,47046344M-104,reference,0.0,0.06941781062016415,0
47046344M-104,,not_walking,0,catboost,3,47046344M-104,reference,0.0,0.07218531357976848,0
47046344M-104,,not_walking,0,catboost,3,47046344M-104,reference,0.0,0.06914108004656265,0
47046344M-104,,not_walking,0,catboost,3,47046344M-104,reference,0.0,0.1287296258311878,0
47046344M-104,,not_walking,0,catboost,3,47046344M-104,reference,0.0,0.12651519724140864,0
47046344M-104,,not_walking,0,catboost,3,47046344M-104,reference,0.0,0.11950287620050666,0
47046344M-104,,not_walking,0,catboost,3,47046344M-104,reference,0.0,0.07130338633237834,0
47046344M-104,,not_walking,0,catboost,3,47046344M-104,reference,0.0,0.22021979441389156,0
47046344M-104,,not_walking,0,catboost,3,47046344M-104,reference,0.0,0.07148336535625889,0
47046344M-104,,not_walking,0,catboost,3,47046344M-104,reference,0.0,0.12658815663524736,0
47046344M-104,,not_walking,0,catboost,3,47046344M-104,reference,0.0,0.0835313673008233,0
47046344M-104,,not_walking,0,catboost,3,47046344M-104,reference,0.0,0.08512820959065671,0
47046344M-104,,not_walking,0,catboost,3,47046344M-104,reference,0.0,0.09050033270198649,0
47046344M-104,,not_walking,0,catboost,3,47046344M-104,reference,0.0,0.07952610366316426,0
47046344M-104,,not_walking,0,catboost,3,47046344M-104,reference,0.0,0.0715064597713507,0
47046344M-104,,not_walking,0,catboost,3,47046344M-104,reference,0.0,0.07941099910855466,0
47046344M-104,,not_walking,0,catboost,3,47046344M-104,reference,0.0,0.13801606988156614,0
47046344M-104,,not_walking,0,catboost,3,47046344M-104,reference,0.0,0.05917774803377512,0
47046344M-104,,not_walking,0,catboost,3,47046344M-104,reference,0.0,0.07138883091674518,0
47046344M-104,,not_walking,0,catboost,3,47046344M-104,reference,0.0,0.15082884390941267,0
47046344M-104,,not_walking,0,catboost,3,47046344M-104,reference,0.0,0.08386664297121893,0
47046344M-104,,not_walking,0,catboost,3,47046344M-104,reference,0.0,0.084254131665621,0
47046344M-104,,not_walking,0,catboost,3,47046344M-104,reference,0.0,0.07806777050677788,0
47046344M-104,,not_walking,0,catboost,3,47046344M-104,reference,0.0,0.07145844050291429,0
47046344M-104,,not_walking,0,catboost,3,47046344M-104,reference,0.0,0.08738319178195755,0
47046344M-104,,not_walking,0,catboost,3,47046344M-104,reference,0.0,0.09200794477746274,0
47046344M-104,,not_walking,0,catboost,3,47046344M-104,reference,0.0,0.09034524820650168,0
47046344M-104,,not_walking,0,catboost,3,47046344M-104,reference,0.0,0.08817272400870889,0
47046344M-104,,not_walking,0,catboost,3,47046344M-104,reference,0.0,0.08247229923209497,0
47046344M-104,,not_walking,0,catboost,3,47046344M-104,reference,0.0,0.06751893310488748,0
47046344M-104,,not_walking,0,catboost,3,47046344M-104,reference,0.0,0.08817272400870889,0
47046344M-104,,not_walking,0,catboost,3,47046344M-104,reference,0.0,0.09034524820650168,0
47046344M-104,,not_walking,0,catboost,3,47046344M-104,reference,0.0,0.09240879765669588,0
47046344M-104,,not_walking,0,catboost,3,47046344M-104,reference,0.0,0.10554105909400707,0
47046344M-104,,not_walking,0,catboost,3,47046344M-104,reference,0.0,0.08186195745590574,0
47046344M-104,,not_walking,0,catboost,3,47046344M-104,reference,0.0,0.09034524820650168,0
47046344M-104,,not_walking,0,catboost,3,47046344M-104,reference,0.0,0.09717776230894216,0
47046344M-104,,not_walking,0,catboost,3,47046344M-104,reference,0.0,0.133580430932312,0
47046344M-104,,not_walking,0,catboost,3,47046344M-104,reference,0.0,0.1321254299986582,0
47046344M-104,,not_walking,0,catboost,3,47046344M-104,reference,0.0,0.06543030072345954,0
47046344M-104,,not_walking,0,catboost,3,47046344M-104,reference,0.0,0.09559445787737975,0
47046344M-104,,not_walking,0,catboost,3,47046344M-104,reference,0.0,0.07553417144858897,0
47046344M-104,,not_walking,0,catboost,3,47046344M-104,reference,0.0,0.09559445787737975,0
47046344M-104,,not_walking,0,catboost,3,47046344M-104,reference,0.0,0.09019157145007439,0
47046344M-104,,not_walking,0,catboost,3,47046344M-104,reference,0.0,0.09019157145007439,0
47046344M-104,,not_walking,0,catboost,3,47046344M-104,reference,0.0,0.08817272400870889,0
47046344M-104,,not_walking,0,catboost,3,47046344M-104,reference,0.0,0.09034524820650168,0
47046344M-104,,not_walking,0,catboost,3,47046344M-104,reference,0.0,0.08817272400870889,0
47046344M-104,,not_walking,0,catboost,3,47046344M-104,reference,0.0,0.08817272400870889,0
47046344M-104,,not_walking,0,catboost,3,47046344M-104,reference,0.0,0.08817272400870889,0
47046344M-104,,not_walking,0,catboost,3,47046344M-104,reference,0.0,0.08001316267109364,0
47046344M-104,,not_walking,0,catboost,3,47046344M-104,reference,0.0,0.08817272400870889,0
47046344M-104,,not_walking,0,catboost,3,47046344M-104,reference,0.0,0.09240879765669588,0
47046344M-104,,not_walking,0,catboost,3,47046344M-104,reference,0.0,0.09240879765669588,0
47046344M-104,,not_walking,0,catboost,3,47046344M-104,reference,0.0,0.08817272400870889,0
47046344M-104,,not_walking,0,catboost,3,47046344M-104,reference,0.0,0.08247229923209497,0
47046344M-104,,not_walking,0,catboost,3,47046344M-104,reference,0.0,0.08817272400870889,0
47046344M-104,,not_walking,0,catboost,3,47046344M-104,reference,0.0,0.08817272400870889,0
47046344M-104,,not_walking,0,catboost,3,47046344M-104,reference,0.0,0.08817272400870889,0
47046344M-104,,not_walking,0,catboost,3,47046344M-104,reference,0.0,0.09019157145007439,0
47046344M-104,,not_walking,0,catboost,3,47046344M-104,reference,0.0,0.09019157145007439,0
47046344M-104,,not_walking,0,catboost,3,47046344M-104,reference,0.0,0.08817272400870889,0
47046344M-104,,not_walking,0,catboost,3,47046344M-104,reference,0.0,0.08817272400870889,0
47046344M-104,,not_walking,0,catboost,3,47046344M-104,reference,0.0,0.09019157145007439,0
47046344M-104,,not_walking,0,catboost,3,47046344M-104,reference,0.0,0.08247229923209497,0
47046344M-104,,not_walking,0,catboost,3,47046344M-104,reference,0.0,0.09019157145007439,0
47046344M-104,,not_walking,0,catboost,3,47046344M-104,reference,0.0,0.09019157145007439,0
47046344M-104,,not_walking,0,catboost,3,47046344M-104,reference,0.0,0.07274701880934395,0
47046344M-104,,not_walking,0,catboost,3,47046344M-104,reference,0.0,0.18125490582630446,0
47046344M-104,,not_walking,0,catboost,3,47046344M-104,reference,0.0,0.06929224910890448,0
47046344M-104,,not_walking,0,catboost,3,47046344M-104,reference,0.0,0.11346338864569946,0
47046344M-104,,not_walking,0,catboost,3,47046344M-104,reference,0.0,0.10884167289875557,0
47046344M-104,,not_walking,0,catboost,3,47046344M-104,reference,0.0,0.14509633163919988,0
47046344M-104,,not_walking,0,catboost,3,47046344M-104,reference,0.0,0.07219323058260796,0
47046344M-104,,not_walking,0,catboost,3,47046344M-104,reference,0.0,0.13961218751864282,0
47046344M-104,,not_walking,0,catboost,3,47046344M-104,reference,0.0,0.08913049754914058,0
47046344M-104,,not_walking,0,catboost,3,47046344M-104,reference,0.0,0.11809828490054651,0
47046344M-104,,not_walking,0,catboost,3,47046344M-104,reference,0.0,0.07825773863680445,0
47046344M-104,,not_walking,0,catboost,3,47046344M-104,reference,0.0,0.11474545670603756,0
47046344M-104,,not_walking,0,catboost,3,47046344M-104,reference,0.0,0.08200564833647642,0
47046344M-104,,not_walking,0,catboost,3,47046344M-104,reference,0.0,0.056349655175860526,0
47046344M-104,,not_walking,0,catboost,3,47046344M-104,reference,0.0,0.07854352234337914,0
47046344M-104,,not_walking,0,catboost,3,47046344M-104,reference,0.0,0.19347437319426108,0
47046344M-104,,not_walking,0,catboost,3,47046344M-104,reference,0.0,0.07136663629537295,0
47046344M-104,,not_walking,0,catboost,3,47046344M-104,reference,0.0,0.08496258640661243,0
47046344M-104,,not_walking,0,catboost,3,47046344M-104,reference,0.0,0.13630059196076055,0
47046344M-104,,not_walking,0,catboost,3,47046344M-104,reference,0.0,0.11903682842519528,0
47046344M-104,,not_walking,0,catboost,3,47046344M-104,reference,0.0,0.08842594291923614,0
47046344M-104,,not_walking,0,catboost,3,47046344M-104,reference,0.0,0.05997245993487775,0
47046344M-104,,not_walking,0,catboost,3,47046344M-104,reference,0.0,0.05791511041960164,0
47046344M-104,,not_walking,0,catboost,3,47046344M-104,reference,0.0,0.10573127638012583,0
47046344M-104,,not_walking,0,catboost,3,47046344M-104,reference,0.0,0.11671042561684693,0
47046344M-104,,not_walking,0,catboost,3,47046344M-104,reference,0.0,0.13544408116407555,0
47046344M-104,,not_walking,0,catboost,3,47046344M-104,reference,0.0,0.05001905442647803,0
47046344M-104,,not_walking,0,catboost,3,47046344M-104,reference,0.0,0.07415264617869297,0
47046344M-104,,not_walking,0,catboost,3,47046344M-104,reference,0.0,0.09510921364602826,0
47046344M-104,,not_walking,0,catboost,3,47046344M-104,reference,0.0,0.07444406138737082,0
47046344M-104,,not_walking,0,catboost,3,47046344M-104,reference,0.0,0.06497615798928177,0
47046344M-104,,not_walking,0,catboost,3,47046344M-104,reference,0.0,0.08283240658393584,0
47046344M-104,,not_walking,0,catboost,3,47046344M-104,reference,0.0,0.06058613335939334,0
47046344M-104,,not_walking,0,catboost,3,47046344M-104,reference,0.0,0.08307667984999503,0
47046344M-104,,not_walking,0,catboost,3,47046344M-104,reference,0.0,0.059505542908068455,0
47046344M-104,,not_walking,0,catboost,3,47046344M-104,reference,0.0,0.07616948457002236,0
47046344M-104,,not_walking,0,catboost,3,47046344M-104,reference,0.0,0.08030121679846178,0
47046344M-104,,not_walking,0,catboost,3,47046344M-104,reference,0.0,0.07620183391509036,0
47046344M-104,,not_walking,0,catboost,3,47046344M-104,reference,0.0,0.08926794505107605,0
47046344M-104,,not_walking,0,catboost,3,47046344M-104,reference,0.0,0.10061534175377779,0
47046344M-104,,not_walking,0,catboost,3,47046344M-104,reference,0.0,0.14348992848144215,0
47046344M-104,,not_walking,0,catboost,3,47046344M-104,reference,0.0,0.06414546888586029,0
47046344M-104,,not_walking,0,catboost,3,47046344M-104,reference,0.0,0.0432820006587029,0
47046344M-104,,not_walking,0,catboost,3,47046344M-104,reference,0.0,0.08256123957997469,0
47046344M-104,,not_walking,0,catboost,3,47046344M-104,reference,0.0,0.17132030350243865,0
47046344M-104,,not_walking,0,catboost,3,47046344M-104,reference,0.0,0.13130705005962756,0
47046344M-104,,not_walking,0,catboost,3,47046344M-104,reference,0.0,0.06680517930963756,0
47046344M-104,,not_walking,0,catboost,3,47046344M-104,reference,0.0,0.17747320106214565,0
47046344M-104,,not_walking,0,catboost,3,47046344M-104,reference,0.0,0.12600046670833426,0
47046344M-104,,not_walking,0,catboost,3,47046344M-104,reference,0.0,0.07942098366364038,0
47046344M-104,,not_walking,0,catboost,3,47046344M-104,reference,0.0,0.12879486226904313,0
47046344M-104,,not_walking,0,catboost,3,47046344M-104,reference,0.0,0.08607233564788178,0
47046344M-104,,not_walking,0,catboost,3,47046344M-104,reference,0.0,0.07399059055457581,0
47046344M-104,,not_walking,0,catboost,3,47046344M-104,reference,0.0,0.07896793676315995,0
47046344M-104,,not_walking,0,catboost,3,47046344M-104,reference,0.0,0.08512556182453944,0
47046344M-104,,not_walking,0,catboost,3,47046344M-104,reference,0.0,0.08743557764977265,0
47046344M-104,,not_walking,0,catboost,3,47046344M-104,reference,0.0,0.08511497460533482,0
47046344M-104,,not_walking,0,catboost,3,47046344M-104,reference,0.0,0.07094610987733936,0
47046344M-104,,not_walking,0,catboost,3,47046344M-104,reference,0.0,0.10179150254530801,0
47046344M-104,,not_walking,0,catboost,3,47046344M-104,reference,0.0,0.12067042268789921,0
47046344M-104,,not_walking,0,catboost,3,47046344M-104,reference,0.0,0.07867162683661547,0
47046344M-104,,not_walking,0,catboost,3,47046344M-104,reference,0.0,0.07199102868765007,0
47046344M-104,,not_walking,0,catboost,3,47046344M-104,reference,0.0,0.06914483663739979,0
47046344M-104,,not_walking,0,catboost,3,47046344M-104,reference,0.0,0.09523999441050268,0
47046344M-104,,not_walking,0,catboost,3,47046344M-104,reference,0.0,0.06952921643120276,0
47046344M-104,,not_walking,0,catboost,3,47046344M-104,reference,0.0,0.07517487853909359,0
47046344M-104,,not_walking,0,catboost,3,47046344M-104,reference,0.0,0.09495676683911726,0
47046344M-104,,not_walking,0,catboost,3,47046344M-104,reference,0.0,0.09306835401670054,0
47046344M-104,,not_walking,0,catboost,3,47046344M-104,reference,0.0,0.0701645140237946,0
47046344M-104,,not_walking,0,catboost,3,47046344M-104,reference,0.0,0.07387634498657586,0
47046344M-104,,not_walking,0,catboost,3,47046344M-104,reference,0.0,0.08255074814105585,0
47046344M-104,,not_walking,0,catboost,3,47046344M-104,reference,0.0,0.0611978133017111,0
47046344M-104,,not_walking,0,catboost,3,47046344M-104,reference,0.0,0.050430182310657795,0
47046344M-104,,not_walking,0,catboost,3,47046344M-104,reference,0.0,0.2195866068010311,0
47046344M-104,,not_walking,0,catboost,3,47046344M-104,reference,0.0,0.08665611059568269,0
47046344M-104,,not_walking,0,catboost,3,47046344M-104,reference,0.0,0.13054961806250648,0
47046344M-104,,not_walking,0,catboost,3,47046344M-104,reference,0.0,0.07334111948487872,0
47046344M-104,,not_walking,0,catboost,3,47046344M-104,reference,0.0,0.03992273898027122,0
47046344M-104,,not_walking,0,catboost,3,47046344M-104,reference,0.0,0.08777539653916594,0
47046344M-104,,not_walking,0,catboost,3,47046344M-104,reference,0.0,0.07053881567748932,0
47046344M-104,,not_walking,0,catboost,3,47046344M-104,reference,0.0,0.060335545025830654,0
47046344M-104,,not_walking,0,catboost,3,47046344M-104,reference,0.0,0.07275046277101103,0
47046344M-104,,not_walking,0,catboost,3,47046344M-104,reference,0.0,0.07181885013935577,0
47046344M-104,,not_walking,0,catboost,3,47046344M-104,reference,0.0,0.06075737472646236,0
47046344M-104,,not_walking,0,catboost,3,47046344M-104,reference,0.0,0.08741740483274525,0
47046344M-104,,not_walking,0,catboost,3,47046344M-104,reference,0.0,0.09189512232525546,0
47046344M-104,,not_walking,0,catboost,3,47046344M-104,reference,0.0,0.0860724326429943,0
47046344M-104,,not_walking,0,catboost,3,47046344M-104,reference,0.0,0.089248359184798,0
47046344M-104,,not_walking,0,catboost,3,47046344M-104,reference,0.0,0.1201050134097332,0
47046344M-104,,not_walking,0,catboost,3,47046344M-104,reference,0.0,0.08769584921020393,0
47046344M-104,,not_walking,0,catboost,3,47046344M-104,reference,0.0,0.1262418665164392,0
47046344M-104,,not_walking,0,catboost,3,47046344M-104,reference,0.0,0.09107277119319161,0
47046344M-104,,not_walking,0,catboost,3,47046344M-104,reference,0.0,0.06679244051389882,0
47046344M-104,,not_walking,0,catboost,3,47046344M-104,reference,0.0,0.133129278662663,0
47046344M-104,,not_walking,0,catboost,3,47046344M-104,reference,0.0,0.06441863778279812,0
47046344M-104,,not_walking,0,catboost,3,47046344M-104,reference,0.0,0.06670981332461254,0
47046344M-104,,not_walking,0,catboost,3,47046344M-104,reference,0.0,0.07074710257540696,0
47046344M-104,,not_walking,0,catboost,3,47046344M-104,reference,0.0,0.0702748886856777,0
47046344M-104,,not_walking,0,catboost,3,47046344M-104,reference,0.0,0.06125482790526956,0
47046344M-104,,not_walking,0,catboost,3,47046344M-104,reference,0.0,0.06705039222243754,0
47046344M-104,,not_walking,0,catboost,3,47046344M-104,reference,0.0,0.07708759175784909,0
47046344M-104,,not_walking,0,catboost,3,47046344M-104,reference,0.0,0.07250496398606568,0
47046344M-104,,not_walking,0,catboost,3,47046344M-104,reference,0.0,0.08076948551896883,0
47046344M-104,,not_walking,0,catboost,3,47046344M-104,reference,0.0,0.08327093589146377,0
47046344M-104,,not_walking,0,catboost,3,47046344M-104,reference,0.0,0.07205841819511805,0
47046344M-104,,not_walking,0,catboost,3,47046344M-104,reference,0.0,0.09453642904987604,0
47046344M-104,,not_walking,0,catboost,3,47046344M-104,reference,0.0,0.10191581748906195,0
47046344M-104,,not_walking,0,catboost,3,47046344M-104,reference,0.0,0.10323827063437917,0
47046344M-104,,not_walking,0,catboost,3,47046344M-104,reference,0.0,0.07887996783317783,0
47046344M-104,,not_walking,0,catboost,3,47046344M-104,reference,0.0,0.0865952195731931,0
47046344M-104,,not_walking,0,catboost,3,47046344M-104,reference,0.0,0.0663329432529557,0
47046344M-104,,not_walking,0,catboost,3,47046344M-104,reference,0.0,0.08673874087027639,0
47046344M-104,,not_walking,0,catboost,3,47046344M-104,reference,0.0,0.08423758327063174,0
47046344M-104,,not_walking,0,catboost,3,47046344M-104,reference,0.0,0.09562363496938234,0
47046344M-104,,not_walking,0,catboost,3,47046344M-104,reference,0.0,0.1137410802105881,0
47046344M-104,,not_walking,0,catboost,3,47046344M-104,reference,0.0,0.09545652578719842,0
47046344M-104,,not_walking,0,catboost,3,47046344M-104,reference,0.0,0.12660974957071486,0
47046344M-104,,not_walking,0,catboost,3,47046344M-104,reference,0.0,0.08209521991559698,0
47046344M-104,,not_walking,0,catboost,3,47046344M-104,reference,0.0,0.07839169023875225,0
47046344M-104,,not_walking,0,catboost,3,47046344M-104,reference,0.0,0.08533805466618916,0
47046344M-104,,not_walking,0,catboost,3,47046344M-104,reference,0.0,0.10100963117841766,0
47046344M-104,,not_walking,0,catboost,3,47046344M-104,reference,0.0,0.07898516688499749,0
47046344M-104,,not_walking,0,catboost,3,47046344M-104,reference,0.0,0.06650211963179971,0
47046344M-104,,not_walking,0,catboost,3,47046344M-104,reference,0.0,0.0640854807116661,0
47046344M-104,,not_walking,0,catboost,3,47046344M-104,reference,0.0,0.1264124093058052,0
47046344M-104,,not_walking,0,catboost,3,47046344M-104,reference,0.0,0.07305853387178632,0
47046344M-104,,not_walking,0,catboost,3,47046344M-104,reference,0.0,0.14016068535303103,0
47046344M-104,,not_walking,0,catboost,3,47046344M-104,reference,0.0,0.10489725867414207,0
47046344M-104,,not_walking,0,catboost,3,47046344M-104,reference,0.0,0.10241907857944461,0
47046344M-104,,not_walking,0,catboost,3,47046344M-104,reference,0.0,0.11733315410461198,0
47046344M-104,,not_walking,0,catboost,3,47046344M-104,reference,0.0,0.1241462793012825,0
47046344M-104,,not_walking,0,catboost,3,47046344M-104,reference,0.0,0.11763955371371916,0
47046344M-104,,not_walking,0,catboost,3,47046344M-104,reference,0.0,0.16033950828832993,0
47046344M-104,,not_walking,0,catboost,3,47046344M-104,reference,0.0,0.09975368441734404,0
47046344M-104,,not_walking,0,catboost,3,47046344M-104,reference,0.0,0.0939173367343277,0
47046344M-104,,not_walking,0,catboost,3,47046344M-104,reference,0.0,0.08583112440561205,0
47046344M-104,,not_walking,0,catboost,3,47046344M-104,reference,0.0,0.058321805502310226,0
47046344M-104,,not_walking,0,catboost,3,47046344M-104,reference,0.0,0.05897198136843771,0
47046344M-104,,not_walking,0,catboost,3,47046344M-104,reference,0.0,0.09253594604428905,0
47046344M-104,,not_walking,0,catboost,3,47046344M-104,reference,0.0,0.09373871982476585,0
47046344M-104,,not_walking,0,catboost,3,47046344M-104,reference,0.0,0.07459338493581354,0
47046344M-104,,not_walking,0,catboost,3,47046344M-104,reference,0.0,0.07560168130984152,0
47046344M-104,,not_walking,0,catboost,3,47046344M-104,reference,0.0,0.06610526014873594,0
47046344M-104,,not_walking,0,catboost,3,47046344M-104,reference,0.0,0.08687720975694072,0
47046344M-104,,not_walking,0,catboost,3,47046344M-104,reference,0.0,0.1245706933595868,0
47046344M-104,,not_walking,0,catboost,3,47046344M-104,reference,0.0,0.08251881403457588,0
47046344M-104,,not_walking,0,catboost,3,47046344M-104,reference,0.0,0.06653843630413914,0
47046344M-104,,not_walking,0,catboost,3,47046344M-104,reference,0.0,0.17665269745484222,0
47046344M-104,,not_walking,0,catboost,3,47046344M-104,reference,0.0,0.14496434834506133,0
47046344M-104,,not_walking,0,catboost,3,47046344M-104,reference,0.0,0.12171283492621218,0
47046344M-104,,not_walking,0,catboost,3,47046344M-104,reference,0.0,0.01835052048188748,0
47046344M-104,,not_walking,0,catboost,3,47046344M-104,reference,0.0,0.11271207016872709,0
47046344M-104,,not_walking,0,catboost,3,47046344M-104,reference,0.0,0.060881235415264114,0
