reference,time_center,mov_type,target,model,fold,group,group_by,embargo_seconds,prob_walking,prediction
02548893X-118,2025-02-28 09:48:08.010000+00:00,not_walking,0,random_forest,1,02548893X-118,reference,0.0,0.3368799089746343,0
02548893X-118,2025-02-28 09:48:09.010000+00:00,not_walking,0,random_forest,1,02548893X-118,reference,0.0,0.38022673742980695,0
02548893X-118,2025-02-28 09:48:10.010000+00:00,not_walking,0,random_forest,1,02548893X-118,reference,0.0,0.30292974334291867,0
02548893X-118,2025-02-28 09:48:11.010000+00:00,not_walking,0,random_forest,1,02548893X-118,reference,0.0,0.24491640538950235,0
02548893X-118,2025-02-28 09:48:12.010000+00:00,not_walking,0,random_forest,1,02548893X-118,reference,0.0,0.22757081132368412,0
02548893X-118,2025-02-28 09:48:13.010000+00:00,not_walking,0,random_forest,1,02548893X-118,reference,0.0,0.19975575357216496,0
02548893X-118,2025-02-28 09:48:14.010000+00:00,not_walking,0,random_forest,1,02548893X-118,reference,0.0,0.24883483052400762,0
02548893X-118,2025-02-28 09:48:15.010000+00:00,not_walking,0,random_forest,1,02548893X-118,reference,0.0,0.2182651706485648,0
02548893X-118,2025-02-28 09:48:16.010000+00:00,not_walking,0,random_forest,1,02548893X-118,reference,0.0,0.33243442835597825,0
02548893X-118,2025-02-28 09:48:17.010000+00:00,not_walking,0,random_forest,1,02548893X-118,reference,0.0,0.25983430520061135,0
02548893X-118,2025-02-28 09:48:18.010000+00:00,not_walking,0,random_forest,1,02548893X-118,reference,0.0,0.17258954834238194,0
02548893X-118,2025-02-28 09:48:19.010000+00:00,not_walking,0,random_forest,1,02548893X-118,reference,0.0,0.20642919881025903,0
02548893X-118,2025-02-28 09:48:20.010000+00:00,not_walking,0,random_forest,1,02548893X-118,reference,0.0,0.21068158430507847,0
02548893X-118,2025-02-28 09:48:21.010000+00:00,not_walking,0,random_forest,1,02548893X-118,reference,0.0,0.2213555621011567,0
02548893X-118,2025-02-28 09:48:22.010000+00:00,not_walking,0,random_forest,1,02548893X-118,reference,0.0,0.16204463773320862,0
02548893X-118,2025-02-28 09:48:23.010000+00:00,not_walking,0,random_forest,1,02548893X-118,reference,0.0,0.2640162870801125,0
02548893X-118,2025-02-28 09:48:24.010000+00:00,not_walking,0,random_forest,1,02548893X-118,reference,0.0,0.2774305697132444,0
02548893X-118,2025-02-28 09:48:25.010000+00:00,not_walking,0,random_forest,1,02548893X-118,reference,0.0,0.23372182194020208,0
02548893X-118,2025-02-28 09:48:26.010000+00:00,not_walking,0,random_forest,1,02548893X-118,reference,0.0,0.26075159271566195,0
02548893X-118,2025-02-28 09:48:27.010000+00:00,not_walking,0,random_forest,1,02548893X-118,reference,0.0,0.25593299042647966,0
02548893X-118,2025-02-28 09:48:28.010000+00:00,not_walking,0,random_forest,1,02548893X-118,reference,0.0,0.24607730575388043,0
02548893X-118,2025-02-28 09:48:29.010000+00:00,not_walking,0,random_forest,1,02548893X-118,reference,0.0,0.2531773992195243,0
02548893X-118,2025-02-28 09:48:30.010000+00:00,not_walking,0,random_forest,1,02548893X-118,reference,0.0,0.2811571487277894,0
02548893X-118,2025-02-28 09:48:31.010000+00:00,not_walking,0,random_forest,1,02548893X-118,reference,0.0,0.2729307623265383,0
02548893X-118,2025-02-28 09:48:32.010000+00:00,not_walking,0,random_forest,1,02548893X-118,reference,0.0,0.5013097188642283,1
02548893X-118,2025-02-28 09:48:33.010000+00:00,not_walking,0,random_forest,1,02548893X-118,reference,0.0,0.36942096470014274,0
02548893X-118,2025-02-28 09:48:34.010000+00:00,not_walking,0,random_forest,1,02548893X-118,reference,0.0,0.3718990085695277,0
02548893X-118,2025-02-28 09:48:35.010000+00:00,not_walking,0,random_forest,1,02548893X-118,reference,0.0,0.3528260979993422,0
02548893X-118,2025-02-28 09:48:36.010000+00:00,not_walking,0,random_forest,1,02548893X-118,reference,0.0,0.3005253124671163,0
02548893X-118,2025-02-28 09:48:37.010000+00:00,not_walking,0,random_forest,1,02548893X-118,reference,0.0,0.29014724852997875,0
02548893X-118,2025-02-28 09:48:38.010000+00:00,not_walking,0,random_forest,1,02548893X-118,reference,0.0,0.30202833707938687,0
02548893X-118,2025-02-28 09:48:39.010000+00:00,not_walking,0,random_forest,1,02548893X-118,reference,0.0,0.3215525854747272,0
02548893X-118,2025-02-28 09:48:40.010000+00:00,not_walking,0,random_forest,1,02548893X-118,reference,0.0,0.3177672835300882,0
02548893X-118,2025-02-28 09:48:41.010000+00:00,not_walking,0,random_forest,1,02548893X-118,reference,0.0,0.30817819539816893,0
02548893X-118,2025-02-28 09:48:42.010000+00:00,not_walking,0,random_forest,1,02548893X-118,reference,0.0,0.2987357405169769,0
02548893X-118,2025-02-28 09:48:43.010000+00:00,not_walking,0,random_forest,1,02548893X-118,reference,0.0,0.2734385238981022,0
02548893X-118,2025-02-28 09:48:44.010000+00:00,not_walking,0,random_forest,1,02548893X-118,reference,0.0,0.31159404708496796,0
02548893X-118,2025-02-28 09:48:45.010000+00:00,not_walking,0,random_forest,1,02548893X-118,reference,0.0,0.33049110117898856,0
02548893X-118,2025-02-28 09:48:46.010000+00:00,not_walking,0,random_forest,1,02548893X-118,reference,0.0,0.3030572542237607,0
02548893X-118,2025-02-28 09:48:47.010000+00:00,not_walking,0,random_forest,1,02548893X-118,reference,0.0,0.32385029660265313,0
02548893X-118,2025-02-28 09:48:48.010000+00:00,not_walking,0,random_forest,1,02548893X-118,reference,0.0,0.37077907268978394,0
02548893X-118,2025-02-28 09:48:49.010000+00:00,not_walking,0,random_forest,1,02548893X-118,reference,0.0,0.36944607165026544,0
02548893X-118,2025-02-28 09:48:50.010000+00:00,not_walking,0,random_forest,1,02548893X-118,reference,0.0,0.36313038218545163,0
02548893X-118,2025-02-28 09:48:51.010000+00:00,not_walking,0,random_forest,1,02548893X-118,reference,0.0,0.3599414281177636,0
02548893X-118,2025-02-28 09:48:52.010000+00:00,not_walking,0,random_forest,1,02548893X-118,reference,0.0,0.34251611695932316,0
02548893X-118,2025-02-28 09:48:53.010000+00:00,not_walking,0,random_forest,1,02548893X-118,reference,0.0,0.33722285375259287,0
02548893X-118,2025-02-28 09:48:54.010000+00:00,not_walking,0,random_forest,1,02548893X-118,reference,0.0,0.3388928511616078,0
02548893X-118,2025-02-28 09:48:55.010000+00:00,not_walking,0,random_forest,1,02548893X-118,reference,0.0,0.3087402103256221,0
02548893X-118,2025-02-28 09:48:56.010000+00:00,not_walking,0,random_forest,1,02548893X-118,reference,0.0,0.31275717439318823,0
02548893X-118,2025-02-28 09:48:57.010000+00:00,not_walking,0,random_forest,1,02548893X-118,reference,0.0,0.23782136335705406,0
02548893X-118,2025-02-28 09:48:58.010000+00:00,not_walking,0,random_forest,1,02548893X-118,reference,0.0,0.3243445055033652,0
02548893X-118,2025-02-28 09:48:59.010000+00:00,not_walking,0,random_forest,1,02548893X-118,reference,0.0,0.33578537478735754,0
02548893X-118,2025-02-28 09:49:00.010000+00:00,not_walking,0,random_forest,1,02548893X-118,reference,0.0,0.30351877292755264,0
02548893X-118,2025-02-28 09:49:01.010000+00:00,not_walking,0,random_forest,1,02548893X-118,reference,0.0,0.3187701524841188,0
02548893X-118,2025-02-28 09:49:02.010000+00:00,not_walking,0,random_forest,1,02548893X-118,reference,0.0,0.255773644158078,0
02548893X-118,2025-02-28 09:49:03.010000+00:00,not_walking,0,random_forest,1,02548893X-118,reference,0.0,0.3358727133850487,0
02548893X-118,2025-02-28 09:49:04.010000+00:00,not_walking,0,random_forest,1,02548893X-118,reference,0.0,0.3186409039395614,0
02548893X-118,2025-02-28 09:49:05.010000+00:00,not_walking,0,random_forest,1,02548893X-118,reference,0.0,0.3471069380009612,0
02548893X-118,2025-02-28 09:49:06.010000+00:00,not_walking,0,random_forest,1,02548893X-118,reference,0.0,0.2915426555066829,0
02548893X-118,2025-02-28 09:49:07.010000+00:00,not_walking,0,random_forest,1,02548893X-118,reference,0.0,0.33796539658185126,0
02548893X-118,2025-02-28 09:49:08.010000+00:00,not_walking,0,random_forest,1,02548893X-118,reference,0.0,0.3320078987064041,0
02548893X-118,2025-02-28 09:49:09.010000+00:00,not_walking,0,random_forest,1,02548893X-118,reference,0.0,0.33696060814635004,0
02548893X-118,2025-02-28 09:49:10.010000+00:00,not_walking,0,random_forest,1,02548893X-118,reference,0.0,0.3163389754489819,0
02548893X-118,2025-02-28 09:49:11.010000+00:00,not_walking,0,random_forest,1,02548893X-118,reference,0.0,0.262068352767993,0
02548893X-118,2025-02-28 09:49:12.010000+00:00,not_walking,0,random_forest,1,02548893X-118,reference,0.0,0.2375392868655887,0
02548893X-118,2025-02-28 09:49:13.010000+00:00,not_walking,0,random_forest,1,02548893X-118,reference,0.0,0.2051411401886617,0
02548893X-118,2025-02-28 09:49:14.010000+00:00,not_walking,0,random_forest,1,02548893X-118,reference,0.0,0.10900382010249873,0
02548893X-118,2025-02-28 09:49:15.010000+00:00,not_walking,0,random_forest,1,02548893X-118,reference,0.0,0.18853863791618752,0
02548893X-118,2025-02-28 09:49:16.010000+00:00,not_walking,0,random_forest,1,02548893X-118,reference,0.0,0.20348574569667824,0
02548893X-118,2025-02-28 09:49:17.010000+00:00,not_walking,0,random_forest,1,02548893X-118,reference,0.0,0.23691683999788016,0
02548893X-118,2025-02-28 09:49:18.010000+00:00,not_walking,0,random_forest,1,02548893X-118,reference,0.0,0.3227030201883574,0
02548893X-118,2025-02-28 09:49:19.010000+00:00,not_walking,0,random_forest,1,02548893X-118,reference,0.0,0.3219537923652308,0
02548893X-118,2025-02-28 09:49:20.010000+00:00,not_walking,0,random_forest,1,02548893X-118,reference,0.0,0.3444463127990466,0
02548893X-118,2025-02-28 09:49:21.010000+00:00,not_walking,0,random_forest,1,02548893X-118,reference,0.0,0.33774165174776705,0
02548893X-118,2025-02-28 09:49:22.010000+00:00,not_walking,0,random_forest,1,02548893X-118,reference,0.0,0.42820565586563286,0
02548893X-118,2025-02-28 09:49:23.010000+00:00,not_walking,0,random_forest,1,02548893X-118,reference,0.0,0.43207179080410235,0
02548893X-118,2025-02-28 09:49:24.010000+00:00,not_walking,0,random_forest,1,02548893X-118,reference,0.0,0.3660094662479237,0
02548893X-118,2025-02-28 09:49:25.010000+00:00,not_walking,0,random_forest,1,02548893X-118,reference,0.0,0.43164990860952307,0
02548893X-118,2025-02-28 09:49:26.010000+00:00,not_walking,0,random_forest,1,02548893X-118,reference,0.0,0.3777260261785621,0
02548893X-118,2025-02-28 09:49:27.010000+00:00,not_walking,0,random_forest,1,02548893X-118,reference,0.0,0.6437325097615664,1
02548893X-118,2025-02-28 09:49:28.010000+00:00,not_walking,0,random_forest,1,02548893X-118,reference,0.0,0.5976389956425062,1
02548893X-118,2025-02-28 09:49:29.010000+00:00,not_walking,0,random_forest,1,02548893X-118,reference,0.0,0.7883637764386486,1
02548893X-118,2025-02-28 09:49:30.010000+00:00,not_walking,0,random_forest,1,02548893X-118,reference,0.0,0.6354564264961319,1
02548893X-118,2025-02-28 09:49:31.010000+00:00,not_walking,0,random_forest,1,02548893X-118,reference,0.0,0.7217016320447028,1
02548893X-118,2025-02-28 09:49:32.010000+00:00,not_walking,0,random_forest,1,02548893X-118,reference,0.0,0.7106965042163504,1
02548893X-118,2025-02-28 09:49:33.010000+00:00,not_walking,0,random_forest,1,02548893X-118,reference,0.0,0.41613546966331133,0
02548893X-118,2025-02-28 09:49:34.010000+00:00,not_walking,0,random_forest,1,02548893X-118,reference,0.0,0.6587425410065637,1
02548893X-118,2025-02-28 09:49:35.010000+00:00,not_walking,0,random_forest,1,02548893X-118,reference,0.0,0.6116359117767537,1
02548893X-118,2025-02-28 09:49:36.010000+00:00,not_walking,0,random_forest,1,02548893X-118,reference,0.0,0.6002228069700005,1
02548893X-118,2025-02-28 09:49:37.010000+00:00,not_walking,0,random_forest,1,02548893X-118,reference,0.0,0.6646599800136238,1
02548893X-118,2025-02-28 09:49:38.010000+00:00,not_walking,0,random_forest,1,02548893X-118,reference,0.0,0.6345686457163444,1
02548893X-118,2025-02-28 09:49:39.010000+00:00,not_walking,0,random_forest,1,02548893X-118,reference,0.0,0.5657018695243443,1
02548893X-118,2025-02-28 09:49:40.010000+00:00,not_walking,0,random_forest,1,02548893X-118,reference,0.0,0.6260659249876428,1
02548893X-118,2025-02-28 09:49:41.010000+00:00,not_walking,0,random_forest,1,02548893X-118,reference,0.0,0.59085435215796,1
02548893X-118,2025-02-28 09:49:42.010000+00:00,not_walking,0,random_forest,1,02548893X-118,reference,0.0,0.5746398690041571,1
02548893X-118,2025-02-28 09:49:43.010000+00:00,not_walking,0,random_forest,1,02548893X-118,reference,0.0,0.5958817713945782,1
02548893X-118,2025-02-28 09:49:44.010000+00:00,not_walking,0,random_forest,1,02548893X-118,reference,0.0,0.4622078364670107,0
02548893X-118,2025-02-28 09:49:45.010000+00:00,not_walking,0,random_forest,1,02548893X-118,reference,0.0,0.6840873162871904,1
02548893X-118,2025-02-28 09:49:46.010000+00:00,not_walking,0,random_forest,1,02548893X-118,reference,0.0,0.4772061433738793,0
02548893X-118,2025-02-28 09:49:47.010000+00:00,not_walking,0,random_forest,1,02548893X-118,reference,0.0,0.38700769419698156,0
02548893X-118,2025-02-28 09:49:48.010000+00:00,not_walking,0,random_forest,1,02548893X-118,reference,0.0,0.3227573445997871,0
02548893X-118,2025-02-28 09:49:49.010000+00:00,not_walking,0,random_forest,1,02548893X-118,reference,0.0,0.37081020404671683,0
02548893X-118,2025-02-28 09:49:50.010000+00:00,not_walking,0,random_forest,1,02548893X-118,reference,0.0,0.46849274766375354,0
02548893X-118,2025-02-28 09:49:51.010000+00:00,not_walking,0,random_forest,1,02548893X-118,reference,0.0,0.4178810736092094,0
02548893X-118,2025-02-28 09:49:52.010000+00:00,not_walking,0,random_forest,1,02548893X-118,reference,0.0,0.6446725959426638,1
02548893X-118,2025-02-28 09:49:53.010000+00:00,not_walking,0,random_forest,1,02548893X-118,reference,0.0,0.34295606342977025,0
02548893X-118,2025-02-28 09:49:54.010000+00:00,not_walking,0,random_forest,1,02548893X-118,reference,0.0,0.6196908844262459,1
02548893X-118,2025-02-28 09:49:55.010000+00:00,not_walking,0,random_forest,1,02548893X-118,reference,0.0,0.6380751017736791,1
02548893X-118,2025-02-28 09:49:56.010000+00:00,not_walking,0,random_forest,1,02548893X-118,reference,0.0,0.7129918480065769,1
02548893X-118,2025-02-28 09:49:57.010000+00:00,not_walking,0,random_forest,1,02548893X-118,reference,0.0,0.6027267175935569,1
02548893X-118,2025-02-28 09:49:58.010000+00:00,not_walking,0,random_forest,1,02548893X-118,reference,0.0,0.6234278098646533,1
02548893X-118,2025-02-28 09:49:59.010000+00:00,not_walking,0,random_forest,1,02548893X-118,reference,0.0,0.6679698707918061,1
02548893X-118,2025-02-28 09:50:00.010000+00:00,not_walking,0,random_forest,1,02548893X-118,reference,0.0,0.5327257956253774,1
02548893X-118,2025-02-28 09:50:01.010000+00:00,not_walking,0,random_forest,1,02548893X-118,reference,0.0,0.5502380172194324,1
02548893X-118,2025-02-28 09:50:02.010000+00:00,not_walking,0,random_forest,1,02548893X-118,reference,0.0,0.6280061793021032,1
02548893X-118,2025-02-28 09:50:03.010000+00:00,not_walking,0,random_forest,1,02548893X-118,reference,0.0,0.6361767004846026,1
02548893X-118,2025-02-28 09:50:04.010000+00:00,not_walking,0,random_forest,1,02548893X-118,reference,0.0,0.6322483253070471,1
02548893X-118,2025-02-28 09:50:05.010000+00:00,not_walking,0,random_forest,1,02548893X-118,reference,0.0,0.6709422750076884,1
04845288Q-121,2025-03-01 11:32:18.010000+00:00,walking,1,random_forest,2,04845288Q-121,reference,0.0,0.024852132487706024,0
04845288Q-121,2025-03-01 11:32:19.010000+00:00,walking,1,random_forest,2,04845288Q-121,reference,0.0,0.43530963611089285,0
04845288Q-121,2025-03-01 11:32:20.010000+00:00,walking,1,random_forest,2,04845288Q-121,reference,0.0,0.6578864559546436,1
04845288Q-121,2025-03-01 11:32:21.010000+00:00,walking,1,random_forest,2,04845288Q-121,reference,0.0,0.5039696710201096,1
04845288Q-121,2025-03-01 11:32:22.010000+00:00,walking,1,random_forest,2,04845288Q-121,reference,0.0,0.5971814623680707,1
04845288Q-121,2025-03-01 11:32:23.010000+00:00,walking,1,random_forest,2,04845288Q-121,reference,0.0,0.5810680959068277,1
04845288Q-121,2025-03-01 11:32:24.010000+00:00,walking,1,random_forest,2,04845288Q-121,reference,0.0,0.5650221277266507,1
04845288Q-121,2025-03-01 11:32:25.010000+00:00,walking,1,random_forest,2,04845288Q-121,reference,0.0,0.5191615498973552,1
04845288Q-121,2025-03-01 11:32:26.010000+00:00,walking,1,random_forest,2,04845288Q-121,reference,0.0,0.3872804563657507,0
04845288Q-121,2025-03-01 11:32:27.010000+00:00,walking,1,random_forest,2,04845288Q-121,reference,0.0,0.6533816609611436,1
04845288Q-121,2025-03-01 11:32:28.010000+00:00,walking,1,random_forest,2,04845288Q-121,reference,0.0,0.4017662343813095,0
04845288Q-121,2025-03-01 11:32:29.010000+00:00,walking,1,random_forest,2,04845288Q-121,reference,0.0,0.45988630260514735,0
04845288Q-121,2025-03-01 11:32:30.010000+00:00,not_walking,0,random_forest,2,04845288Q-121,reference,0.0,0.5563950860433302,1
04845288Q-121,2025-03-01 11:32:31.010000+00:00,not_walking,0,random_forest,2,04845288Q-121,reference,0.0,0.6775329144185177,1
04845288Q-121,2025-03-01 11:32:32.010000+00:00,not_walking,0,random_forest,2,04845288Q-121,reference,0.0,0.49394910738308484,0
04845288Q-121,2025-03-01 11:32:33.010000+00:00,not_walking,0,random_forest,2,04845288Q-121,reference,0.0,0.51723482852153,1
04845288Q-121,2025-03-01 11:32:34.010000+00:00,not_walking,0,random_forest,2,04845288Q-121,reference,0.0,0.5786743909658162,1
04845288Q-121,2025-03-01 11:32:35.010000+00:00,not_walking,0,random_forest,2,04845288Q-121,reference,0.0,0.5336616543549603,1
04845288Q-121,2025-03-01 11:32:36.010000+00:00,not_walking,0,random_forest,2,04845288Q-121,reference,0.0,0.5280256122241168,1
04845288Q-121,2025-03-01 11:32:37.010000+00:00,not_walking,0,random_forest,2,04845288Q-121,reference,0.0,0.34344205849114784,0
04845288Q-121,2025-03-01 11:32:38.010000+00:00,not_walking,0,random_forest,2,04845288Q-121,reference,0.0,0.5531682499847285,1
04845288Q-121,2025-03-01 11:32:39.010000+00:00,not_walking,0,random_forest,2,04845288Q-121,reference,0.0,0.5252755866373907,1
04845288Q-121,2025-03-01 11:32:40.010000+00:00,not_walking,0,random_forest,2,04845288Q-121,reference,0.0,0.5326274397711249,1
04845288Q-121,2025-03-01 11:32:41.010000+00:00,not_walking,0,random_forest,2,04845288Q-121,reference,0.0,0.5385338028063044,1
04845288Q-121,2025-03-01 11:32:42.010000+00:00,walking,1,random_forest,2,04845288Q-121,reference,0.0,0.5305274551847154,1
04845288Q-121,2025-03-01 11:32:43.010000+00:00,walking,1,random_forest,2,04845288Q-121,reference,0.0,0.5658137327592174,1
04845288Q-121,2025-03-01 11:32:44.010000+00:00,walking,1,random_forest,2,04845288Q-121,reference,0.0,0.6281507768627279,1
04845288Q-121,2025-03-01 11:32:45.010000+00:00,walking,1,random_forest,2,04845288Q-121,reference,0.0,0.5286088751503669,1
04845288Q-121,2025-03-01 11:32:46.010000+00:00,walking,1,random_forest,2,04845288Q-121,reference,0.0,0.577487210798632,1
04845288Q-121,2025-03-01 11:32:47.010000+00:00,walking,1,random_forest,2,04845288Q-121,reference,0.0,0.6293826509322817,1
04845288Q-121,2025-03-01 11:32:48.010000+00:00,walking,1,random_forest,2,04845288Q-121,reference,0.0,0.5549320074578791,1
04845288Q-121,2025-03-01 11:32:49.010000+00:00,not_walking,0,random_forest,2,04845288Q-121,reference,0.0,0.6119795697837128,1
04845288Q-121,2025-03-01 11:32:50.010000+00:00,not_walking,0,random_forest,2,04845288Q-121,reference,0.0,0.38192545111813453,0
04845288Q-121,2025-03-01 11:32:51.010000+00:00,not_walking,0,random_forest,2,04845288Q-121,reference,0.0,0.5430975410224264,1
04845288Q-121,2025-03-01 11:32:52.010000+00:00,not_walking,0,random_forest,2,04845288Q-121,reference,0.0,0.5195608418010849,1
04845288Q-121,2025-03-01 11:32:53.010000+00:00,not_walking,0,random_forest,2,04845288Q-121,reference,0.0,0.40187734167372263,0
04845288Q-121,2025-03-01 11:32:54.010000+00:00,not_walking,0,random_forest,2,04845288Q-121,reference,0.0,0.500006275602946,1
04845288Q-121,2025-03-01 11:32:55.010000+00:00,not_walking,0,random_forest,2,04845288Q-121,reference,0.0,0.6005075656900545,1
04845288Q-121,2025-03-01 11:32:56.010000+00:00,not_walking,0,random_forest,2,04845288Q-121,reference,0.0,0.6441346667033747,1
04845288Q-121,2025-03-01 11:32:57.010000+00:00,not_walking,0,random_forest,2,04845288Q-121,reference,0.0,0.5851627834543713,1
04845288Q-121,2025-03-01 11:32:58.010000+00:00,not_walking,0,random_forest,2,04845288Q-121,reference,0.0,0.6230981773698816,1
04845288Q-121,2025-03-01 11:32:59.010000+00:00,not_walking,0,random_forest,2,04845288Q-121,reference,0.0,0.6481977634791047,1
04845288Q-121,2025-03-01 11:33:00.010000+00:00,not_walking,0,random_forest,2,04845288Q-121,reference,0.0,0.609054777474455,1
04845288Q-121,2025-03-01 11:33:01.010000+00:00,not_walking,0,random_forest,2,04845288Q-121,reference,0.0,0.5487297988309148,1
04845288Q-121,2025-03-01 11:33:02.010000+00:00,not_walking,0,random_forest,2,04845288Q-121,reference,0.0,0.5525590285709698,1
04845288Q-121,2025-03-01 11:33:03.010000+00:00,not_walking,0,random_forest,2,04845288Q-121,reference,0.0,0.5655413183888481,1
04845288Q-121,2025-03-01 11:33:04.010000+00:00,not_walking,0,random_forest,2,04845288Q-121,reference,0.0,0.6630705671595627,1
04845288Q-121,2025-03-01 11:33:09.010000+00:00,not_walking,0,random_forest,2,04845288Q-121,reference,0.0,0.0681752487892648,0
04845288Q-121,2025-03-01 11:33:10.010000+00:00,not_walking,0,random_forest,2,04845288Q-121,reference,0.0,0.56988182985444,1
04845288Q-121,2025-03-01 11:33:11.010000+00:00,not_walking,0,random_forest,2,04845288Q-121,reference,0.0,0.596010960612504,1
04845288Q-121,2025-03-01 11:33:12.010000+00:00,not_walking,0,random_forest,2,04845288Q-121,reference,0.0,0.5775843812190042,1
04845288Q-121,2025-03-01 11:33:13.010000+00:00,not_walking,0,random_forest,2,04845288Q-121,reference,0.0,0.5010756266846479,1
04845288Q-121,2025-03-01 11:33:14.010000+00:00,not_walking,0,random_forest,2,04845288Q-121,reference,0.0,0.5565912520963722,1
04845288Q-121,2025-03-01 11:33:15.010000+00:00,not_walking,0,random_forest,2,04845288Q-121,reference,0.0,0.5791660225719482,1
04845288Q-121,2025-03-01 11:33:16.010000+00:00,not_walking,0,random_forest,2,04845288Q-121,reference,0.0,0.4918138959174967,0
04845288Q-121,2025-03-01 11:33:17.010000+00:00,not_walking,0,random_forest,2,04845288Q-121,reference,0.0,0.5355157374558895,1
04845288Q-121,2025-03-01 11:33:18.010000+00:00,not_walking,0,random_forest,2,04845288Q-121,reference,0.0,0.5877817799561179,1
04845288Q-121,2025-03-01 11:33:19.010000+00:00,not_walking,0,random_forest,2,04845288Q-121,reference,0.0,0.5689331188896815,1
04845288Q-121,2025-03-01 11:33:20.010000+00:00,not_walking,0,random_forest,2,04845288Q-121,reference,0.0,0.5328214699244821,1
04845288Q-121,2025-03-01 11:33:21.010000+00:00,not_walking,0,random_forest,2,04845288Q-121,reference,0.0,0.5774691840337003,1
04845288Q-121,2025-03-01 11:33:22.010000+00:00,not_walking,0,random_forest,2,04845288Q-121,reference,0.0,0.49883293584907923,0
04845288Q-121,2025-03-01 11:33:23.010000+00:00,not_walking,0,random_forest,2,04845288Q-121,reference,0.0,0.5996714339956406,1
04845288Q-121,2025-03-01 11:33:24.010000+00:00,not_walking,0,random_forest,2,04845288Q-121,reference,0.0,0.6243399469253414,1
04845288Q-121,2025-03-01 11:33:25.010000+00:00,not_walking,0,random_forest,2,04845288Q-121,reference,0.0,0.546218778983362,1
04845288Q-121,2025-03-01 11:33:26.010000+00:00,not_walking,0,random_forest,2,04845288Q-121,reference,0.0,0.5024328456351522,1
04845288Q-121,2025-03-01 11:33:27.010000+00:00,not_walking,0,random_forest,2,04845288Q-121,reference,0.0,0.5275452859930966,1
04845288Q-121,2025-03-01 11:33:28.010000+00:00,not_walking,0,random_forest,2,04845288Q-121,reference,0.0,0.5509379951071451,1
04845288Q-121,2025-03-01 11:33:29.010000+00:00,not_walking,0,random_forest,2,04845288Q-121,reference,0.0,0.5338595863864766,1
04845288Q-121,2025-03-01 11:33:30.010000+00:00,not_walking,0,random_forest,2,04845288Q-121,reference,0.0,0.5688581964147413,1
04845288Q-121,2025-03-01 11:33:31.010000+00:00,not_walking,0,random_forest,2,04845288Q-121,reference,0.0,0.34992931670947275,0
04845288Q-121,2025-03-01 11:33:32.010000+00:00,not_walking,0,random_forest,2,04845288Q-121,reference,0.0,0.586137032430926,1
04845288Q-121,2025-03-01 11:33:33.010000+00:00,not_walking,0,random_forest,2,04845288Q-121,reference,0.0,0.6021058847407612,1
04845288Q-121,2025-03-01 11:33:34.010000+00:00,not_walking,0,random_forest,2,04845288Q-121,reference,0.0,0.5192558108402284,1
04845288Q-121,2025-03-01 11:33:35.010000+00:00,not_walking,0,random_forest,2,04845288Q-121,reference,0.0,0.5449413923617986,1
04845288Q-121,2025-03-01 11:33:36.010000+00:00,not_walking,0,random_forest,2,04845288Q-121,reference,0.0,0.6084546850692084,1
04845288Q-121,2025-03-01 11:33:37.010000+00:00,not_walking,0,random_forest,2,04845288Q-121,reference,0.0,0.5277187011061526,1
04845288Q-121,2025-03-01 11:33:38.010000+00:00,not_walking,0,random_forest,2,04845288Q-121,reference,0.0,0.5717471886213985,1
04845288Q-121,2025-03-01 11:33:39.010000+00:00,not_walking,0,random_forest,2,04845288Q-121,reference,0.0,0.5867808840517402,1
04845288Q-121,2025-03-01 11:33:40.010000+00:00,not_walking,0,random_forest,2,04845288Q-121,reference,0.0,0.6010869738702777,1
04845288Q-121,2025-03-01 11:33:41.010000+00:00,not_walking,0,random_forest,2,04845288Q-121,reference,0.0,0.6150048622369613,1
04845288Q-121,2025-03-01 11:33:42.010000+00:00,not_walking,0,random_forest,2,04845288Q-121,reference,0.0,0.5252698549365569,1
04845288Q-121,2025-03-01 11:33:43.010000+00:00,not_walking,0,random_forest,2,04845288Q-121,reference,0.0,0.5712188146052382,1
04845288Q-121,2025-03-01 11:33:44.010000+00:00,not_walking,0,random_forest,2,04845288Q-121,reference,0.0,0.5422126451894638,1
04845288Q-121,2025-03-01 11:33:45.010000+00:00,not_walking,0,random_forest,2,04845288Q-121,reference,0.0,0.6643004129929332,1
04845288Q-121,2025-03-01 11:33:46.010000+00:00,not_walking,0,random_forest,2,04845288Q-121,reference,0.0,0.44048561306285555,0
04845288Q-121,2025-03-01 11:33:47.010000+00:00,not_walking,0,random_forest,2,04845288Q-121,reference,0.0,0.49222371147329047,0
04845288Q-121,2025-03-01 11:33:48.010000+00:00,not_walking,0,random_forest,2,04845288Q-121,reference,0.0,0.49955060622810227,0
04845288Q-121,2025-03-01 11:33:49.010000+00:00,not_walking,0,random_forest,2,04845288Q-121,reference,0.0,0.5702683120740691,1
04845288Q-121,2025-03-01 11:33:50.010000+00:00,not_walking,0,random_forest,2,04845288Q-121,reference,0.0,0.5802477326934804,1
04845288Q-121,2025-03-01 11:33:51.010000+00:00,not_walking,0,random_forest,2,04845288Q-121,reference,0.0,0.4880173171131811,0
04845288Q-121,2025-03-01 11:33:52.010000+00:00,not_walking,0,random_forest,2,04845288Q-121,reference,0.0,0.6315233867911508,1
04845288Q-121,2025-03-01 11:33:53.010000+00:00,not_walking,0,random_forest,2,04845288Q-121,reference,0.0,0.6234992303891811,1
04845288Q-121,2025-03-01 11:33:54.010000+00:00,not_walking,0,random_forest,2,04845288Q-121,reference,0.0,0.5778732470540168,1
04845288Q-121,2025-03-01 11:33:55.010000+00:00,not_walking,0,random_forest,2,04845288Q-121,reference,0.0,0.5606603366344635,1
04845288Q-121,2025-03-01 11:33:56.010000+00:00,not_walking,0,random_forest,2,04845288Q-121,reference,0.0,0.5529142367263088,1
04845288Q-121,2025-03-01 11:33:57.010000+00:00,not_walking,0,random_forest,2,04845288Q-121,reference,0.0,0.6003110983398677,1
04845288Q-121,2025-03-01 11:33:58.010000+00:00,not_walking,0,random_forest,2,04845288Q-121,reference,0.0,0.47767294920539866,0
04845288Q-121,2025-03-01 11:33:59.010000+00:00,not_walking,0,random_forest,2,04845288Q-121,reference,0.0,0.563012631621596,1
04845288Q-121,2025-03-01 11:34:00.010000+00:00,not_walking,0,random_forest,2,04845288Q-121,reference,0.0,0.6074502049125692,1
04845288Q-121,2025-03-01 11:34:01.010000+00:00,not_walking,0,random_forest,2,04845288Q-121,reference,0.0,0.6159983250685426,1
04845288Q-121,2025-03-01 11:34:02.010000+00:00,not_walking,0,random_forest,2,04845288Q-121,reference,0.0,0.5670003469097613,1
04845288Q-121,2025-03-01 11:34:03.010000+00:00,not_walking,0,random_forest,2,04845288Q-121,reference,0.0,0.4303929068413744,0
04845288Q-121,2025-03-01 11:34:04.010000+00:00,not_walking,0,random_forest,2,04845288Q-121,reference,0.0,0.48375817127812953,0
04845288Q-121,2025-03-01 11:34:05.010000+00:00,not_walking,0,random_forest,2,04845288Q-121,reference,0.0,0.5797200128266176,1
04845288Q-121,2025-03-01 11:34:06.010000+00:00,not_walking,0,random_forest,2,04845288Q-121,reference,0.0,0.5907748089271406,1
04845288Q-121,2025-03-01 11:34:07.010000+00:00,not_walking,0,random_forest,2,04845288Q-121,reference,0.0,0.6605825111422883,1
04845288Q-121,2025-03-01 11:34:08.010000+00:00,not_walking,0,random_forest,2,04845288Q-121,reference,0.0,0.5161919673137528,1
04845288Q-121,2025-03-01 11:34:09.010000+00:00,not_walking,0,random_forest,2,04845288Q-121,reference,0.0,0.5625783132975231,1
04845288Q-121,2025-03-01 11:34:10.010000+00:00,not_walking,0,random_forest,2,04845288Q-121,reference,0.0,0.578186694811093,1
04845288Q-121,2025-03-01 11:34:11.010000+00:00,not_walking,0,random_forest,2,04845288Q-121,reference,0.0,0.5769378159467523,1
04845288Q-121,2025-03-01 11:34:12.010000+00:00,not_walking,0,random_forest,2,04845288Q-121,reference,0.0,0.5531193725787221,1
04845288Q-121,2025-03-01 11:34:13.010000+00:00,not_walking,0,random_forest,2,04845288Q-121,reference,0.0,0.5663675069061456,1
04845288Q-121,2025-03-01 11:34:14.010000+00:00,not_walking,0,random_forest,2,04845288Q-121,reference,0.0,0.6668588466449918,1
04845288Q-121,2025-03-01 11:34:15.010000+00:00,not_walking,0,random_forest,2,04845288Q-121,reference,0.0,0.7245170038965959,1
04845288Q-121,2025-03-01 11:34:16.010000+00:00,not_walking,0,random_forest,2,04845288Q-121,reference,0.0,0.6212862876829234,1
04845288Q-121,2025-03-01 11:34:17.010000+00:00,not_walking,0,random_forest,2,04845288Q-121,reference,0.0,0.6408194024912276,1
04845288Q-121,2025-03-01 11:34:18.010000+00:00,not_walking,0,random_forest,2,04845288Q-121,reference,0.0,0.5843486725200884,1
04845288Q-121,2025-03-01 11:34:19.010000+00:00,not_walking,0,random_forest,2,04845288Q-121,reference,0.0,0.513833583426385,1
04845288Q-121,2025-03-01 11:34:20.010000+00:00,not_walking,0,random_forest,2,04845288Q-121,reference,0.0,0.5585171136550025,1
04845288Q-121,2025-03-01 11:34:21.010000+00:00,not_walking,0,random_forest,2,04845288Q-121,reference,0.0,0.5587916782072773,1
04845288Q-121,2025-03-01 11:34:22.010000+00:00,not_walking,0,random_forest,2,04845288Q-121,reference,0.0,0.5908787420520821,1
04845288Q-121,2025-03-01 11:34:23.010000+00:00,not_walking,0,random_forest,2,04845288Q-121,reference,0.0,0.5576122027468023,1
04845288Q-121,2025-03-01 11:34:24.010000+00:00,not_walking,0,random_forest,2,04845288Q-121,reference,0.0,0.6110436363362459,1
04845288Q-121,2025-03-01 11:34:25.010000+00:00,not_walking,0,random_forest,2,04845288Q-121,reference,0.0,0.5800655900509323,1
04845288Q-121,2025-03-01 11:34:26.010000+00:00,not_walking,0,random_forest,2,04845288Q-121,reference,0.0,0.6041312721914388,1
04845288Q-121,2025-03-01 11:34:27.010000+00:00,not_walking,0,random_forest,2,04845288Q-121,reference,0.0,0.4503979252457384,0
04845288Q-121,2025-03-01 11:34:28.010000+00:00,not_walking,0,random_forest,2,04845288Q-121,reference,0.0,0.6139360822491878,1
04845288Q-121,2025-03-01 11:34:29.010000+00:00,not_walking,0,random_forest,2,04845288Q-121,reference,0.0,0.3130342539409399,0
04845288Q-121,2025-03-01 11:34:30.010000+00:00,not_walking,0,random_forest,2,04845288Q-121,reference,0.0,0.4892979062030832,0
04845288Q-121,2025-03-01 11:34:31.010000+00:00,not_walking,0,random_forest,2,04845288Q-121,reference,0.0,0.6194815518055624,1
04845288Q-121,2025-03-01 11:34:32.010000+00:00,not_walking,0,random_forest,2,04845288Q-121,reference,0.0,0.652232635900356,1
04845288Q-121,2025-03-01 11:34:33.010000+00:00,not_walking,0,random_forest,2,04845288Q-121,reference,0.0,0.5652888485735436,1
04845288Q-121,2025-03-01 11:34:34.010000+00:00,not_walking,0,random_forest,2,04845288Q-121,reference,0.0,0.5179020607117087,1
04845288Q-121,2025-03-01 11:34:35.010000+00:00,not_walking,0,random_forest,2,04845288Q-121,reference,0.0,0.6232642666642219,1
04845288Q-121,2025-03-01 11:34:36.010000+00:00,not_walking,0,random_forest,2,04845288Q-121,reference,0.0,0.5989578204900676,1
04845288Q-121,2025-03-01 11:34:37.010000+00:00,not_walking,0,random_forest,2,04845288Q-121,reference,0.0,0.5588843556941383,1
04845288Q-121,2025-03-01 11:34:38.010000+00:00,not_walking,0,random_forest,2,04845288Q-121,reference,0.0,0.5355442336299524,1
04845288Q-121,2025-03-01 11:34:39.010000+00:00,not_walking,0,random_forest,2,04845288Q-121,reference,0.0,0.5886344528495312,1
04845288Q-121,2025-03-01 11:34:40.010000+00:00,not_walking,0,random_forest,2,04845288Q-121,reference,0.0,0.5387285457190989,1
04845288Q-121,2025-03-01 11:34:41.010000+00:00,not_walking,0,random_forest,2,04845288Q-121,reference,0.0,0.5123469477378338,1
04845288Q-121,2025-03-01 11:34:42.010000+00:00,not_walking,0,random_forest,2,04845288Q-121,reference,0.0,0.5638592972076906,1
04845288Q-121,2025-03-01 11:34:43.010000+00:00,not_walking,0,random_forest,2,04845288Q-121,reference,0.0,0.6267724314434184,1
04845288Q-121,2025-03-01 11:34:44.010000+00:00,not_walking,0,random_forest,2,04845288Q-121,reference,0.0,0.5631351750743621,1
04845288Q-121,2025-03-01 11:34:45.010000+00:00,not_walking,0,random_forest,2,04845288Q-121,reference,0.0,0.6476537852256063,1
04845288Q-121,2025-03-01 11:34:46.010000+00:00,not_walking,0,random_forest,2,04845288Q-121,reference,0.0,0.5784499163421662,1
04845288Q-121,2025-03-01 11:34:47.010000+00:00,not_walking,0,random_forest,2,04845288Q-121,reference,0.0,0.5404310462137251,1
04845288Q-121,2025-03-01 11:34:48.010000+00:00,not_walking,0,random_forest,2,04845288Q-121,reference,0.0,0.5039797241770103,1
04845288Q-121,2025-03-01 11:34:49.010000+00:00,not_walking,0,random_forest,2,04845288Q-121,reference,0.0,0.5511668074913993,1
04845288Q-121,2025-03-01 11:34:59.010000+00:00,not_walking,0,random_forest,2,04845288Q-121,reference,0.0,0.5570835505260188,1
04845288Q-121,2025-03-01 11:35:00.010000+00:00,not_walking,0,random_forest,2,04845288Q-121,reference,0.0,0.5971608378277955,1
04845288Q-121,2025-03-01 11:35:01.010000+00:00,not_walking,0,random_forest,2,04845288Q-121,reference,0.0,0.5840207540557674,1
04845288Q-121,2025-03-01 11:35:02.010000+00:00,not_walking,0,random_forest,2,04845288Q-121,reference,0.0,0.5658768899277429,1
04845288Q-121,2025-03-01 11:35:03.010000+00:00,not_walking,0,random_forest,2,04845288Q-121,reference,0.0,0.4509417004082749,0
04845288Q-121,2025-03-01 11:35:04.010000+00:00,not_walking,0,random_forest,2,04845288Q-121,reference,0.0,0.5272658127369415,1
04845288Q-121,2025-03-01 11:35:05.010000+00:00,not_walking,0,random_forest,2,04845288Q-121,reference,0.0,0.5198625133622988,1
04845288Q-121,2025-03-01 11:35:06.010000+00:00,not_walking,0,random_forest,2,04845288Q-121,reference,0.0,0.5065864200854696,1
04845288Q-121,2025-03-01 11:35:07.010000+00:00,not_walking,0,random_forest,2,04845288Q-121,reference,0.0,0.5433143734845174,1
04845288Q-121,2025-03-01 11:35:08.010000+00:00,not_walking,0,random_forest,2,04845288Q-121,reference,0.0,0.5928617658406207,1
04845288Q-121,2025-03-01 11:35:09.010000+00:00,not_walking,0,random_forest,2,04845288Q-121,reference,0.0,0.5276559828759388,1
04845288Q-121,2025-03-01 11:35:10.010000+00:00,not_walking,0,random_forest,2,04845288Q-121,reference,0.0,0.39858069964680237,0
04845288Q-121,2025-03-01 11:35:11.010000+00:00,not_walking,0,random_forest,2,04845288Q-121,reference,0.0,0.581826822502375,1
04845288Q-121,2025-03-01 11:35:12.010000+00:00,not_walking,0,random_forest,2,04845288Q-121,reference,0.0,0.38551960602342417,0
04845288Q-121,2025-03-01 11:35:13.010000+00:00,not_walking,0,random_forest,2,04845288Q-121,reference,0.0,0.6088834938181417,1
04845288Q-121,2025-03-01 11:35:14.010000+00:00,not_walking,0,random_forest,2,04845288Q-121,reference,0.0,0.5846002448953241,1
04845288Q-121,2025-03-01 11:35:15.010000+00:00,not_walking,0,random_forest,2,04845288Q-121,reference,0.0,0.5632096365057215,1
04845288Q-121,2025-03-01 11:35:16.010000+00:00,not_walking,0,random_forest,2,04845288Q-121,reference,0.0,0.5345778838843265,1
04845288Q-121,2025-03-01 11:35:17.010000+00:00,not_walking,0,random_forest,2,04845288Q-121,reference,0.0,0.5655318197592275,1
04845288Q-121,2025-03-01 11:35:18.010000+00:00,not_walking,0,random_forest,2,04845288Q-121,reference,0.0,0.5906265169266408,1
04845288Q-121,2025-03-01 11:35:19.010000+00:00,not_walking,0,random_forest,2,04845288Q-121,reference,0.0,0.5006590927321762,1
04845288Q-121,2025-03-01 11:35:20.010000+00:00,not_walking,0,random_forest,2,04845288Q-121,reference,0.0,0.5918673614643927,1
04845288Q-121,2025-03-01 11:35:21.010000+00:00,not_walking,0,random_forest,2,04845288Q-121,reference,0.0,0.5040409126609349,1
04845288Q-121,2025-03-01 11:35:22.010000+00:00,not_walking,0,random_forest,2,04845288Q-121,reference,0.0,0.5859721051165249,1
04845288Q-121,2025-03-01 11:35:23.010000+00:00,not_walking,0,random_forest,2,04845288Q-121,reference,0.0,0.5408615240017552,1
04845288Q-121,2025-03-01 11:35:24.010000+00:00,not_walking,0,random_forest,2,04845288Q-121,reference,0.0,0.5740085352911664,1
04845288Q-121,2025-03-01 11:35:25.010000+00:00,not_walking,0,random_forest,2,04845288Q-121,reference,0.0,0.5548865544395883,1
04845288Q-121,2025-03-01 11:35:26.010000+00:00,not_walking,0,random_forest,2,04845288Q-121,reference,0.0,0.5600718108643534,1
04845288Q-121,2025-03-01 11:35:27.010000+00:00,not_walking,0,random_forest,2,04845288Q-121,reference,0.0,0.5418420255932529,1
04845288Q-121,2025-03-01 11:35:28.010000+00:00,not_walking,0,random_forest,2,04845288Q-121,reference,0.0,0.5194527768179226,1
04845288Q-121,2025-03-01 11:35:29.010000+00:00,not_walking,0,random_forest,2,04845288Q-121,reference,0.0,0.5370120376189207,1
04845288Q-121,2025-03-01 11:35:30.010000+00:00,not_walking,0,random_forest,2,04845288Q-121,reference,0.0,0.5136926036788592,1
04845288Q-121,2025-03-01 11:35:31.010000+00:00,not_walking,0,random_forest,2,04845288Q-121,reference,0.0,0.3997555471065776,0
04845288Q-121,2025-03-01 11:35:33.010000+00:00,walking,1,random_forest,2,04845288Q-121,reference,0.0,0.6075609356579469,1
04845288Q-121,2025-03-01 11:35:34.010000+00:00,walking,1,random_forest,2,04845288Q-121,reference,0.0,0.5928883487147608,1
04845288Q-121,2025-03-01 11:35:35.010000+00:00,walking,1,random_forest,2,04845288Q-121,reference,0.0,0.4006708925772322,0
04845288Q-121,2025-03-01 11:35:36.010000+00:00,walking,1,random_forest,2,04845288Q-121,reference,0.0,0.5778644842049289,1
04845288Q-121,2025-03-01 11:35:37.010000+00:00,walking,1,random_forest,2,04845288Q-121,reference,0.0,0.5840702250898704,1
04845288Q-121,2025-03-01 11:35:38.010000+00:00,walking,1,random_forest,2,04845288Q-121,reference,0.0,0.5101188814408786,1
04845288Q-121,2025-03-01 11:35:39.010000+00:00,walking,1,random_forest,2,04845288Q-121,reference,0.0,0.5462754100658003,1
04845288Q-121,2025-03-01 11:35:40.010000+00:00,walking,1,random_forest,2,04845288Q-121,reference,0.0,0.5805099374036835,1
04845288Q-121,2025-03-01 11:35:41.010000+00:00,walking,1,random_forest,2,04845288Q-121,reference,0.0,0.5290699067904563,1
04845288Q-121,2025-03-01 11:35:42.010000+00:00,walking,1,random_forest,2,04845288Q-121,reference,0.0,0.593477140141277,1
04845288Q-121,2025-03-01 11:35:43.010000+00:00,walking,1,random_forest,2,04845288Q-121,reference,0.0,0.5672620948319165,1
04845288Q-121,2025-03-01 11:35:45.010000+00:00,not_walking,0,random_forest,2,04845288Q-121,reference,0.0,0.6198626752723222,1
04845288Q-121,2025-03-01 11:35:46.010000+00:00,not_walking,0,random_forest,2,04845288Q-121,reference,0.0,0.5882038527331608,1
04845288Q-121,2025-03-01 11:35:47.010000+00:00,not_walking,0,random_forest,2,04845288Q-121,reference,0.0,0.5087910778238508,1
04845288Q-121,2025-03-01 11:35:48.010000+00:00,not_walking,0,random_forest,2,04845288Q-121,reference,0.0,0.25696640162479745,0
04845288Q-121,2025-03-01 11:35:49.010000+00:00,not_walking,0,random_forest,2,04845288Q-121,reference,0.0,0.05299664721885127,0
04845288Q-121,2025-03-01 11:35:50.010000+00:00,not_walking,0,random_forest,2,04845288Q-121,reference,0.0,0.021820730608828567,0
04845288Q-121,2025-03-01 11:35:51.010000+00:00,not_walking,0,random_forest,2,04845288Q-121,reference,0.0,0.026686321097509076,0
04845288Q-121,2025-03-01 11:35:52.010000+00:00,not_walking,0,random_forest,2,04845288Q-121,reference,0.0,0.011516218321229656,0
04845288Q-121,2025-03-01 11:35:53.010000+00:00,not_walking,0,random_forest,2,04845288Q-121,reference,0.0,0.21339853711662835,0
04845288Q-121,2025-03-01 11:35:54.010000+00:00,not_walking,0,random_forest,2,04845288Q-121,reference,0.0,0.22828085113208227,0
04845288Q-121,2025-03-01 11:35:55.010000+00:00,not_walking,0,random_forest,2,04845288Q-121,reference,0.0,0.13680491217598809,0
04845288Q-121,2025-03-01 11:35:56.010000+00:00,not_walking,0,random_forest,2,04845288Q-121,reference,0.0,0.5272621162631227,1
04845288Q-121,2025-03-01 11:35:57.010000+00:00,not_walking,0,random_forest,2,04845288Q-121,reference,0.0,0.1655998002968614,0
04845288Q-121,2025-03-01 11:35:58.010000+00:00,not_walking,0,random_forest,2,04845288Q-121,reference,0.0,0.20067309534837607,0
04845288Q-121,2025-03-01 11:35:59.010000+00:00,not_walking,0,random_forest,2,04845288Q-121,reference,0.0,0.14950768778307685,0
04845288Q-121,2025-03-01 11:36:00.010000+00:00,not_walking,0,random_forest,2,04845288Q-121,reference,0.0,0.031022369174505703,0
04845288Q-121,2025-03-01 11:36:01.010000+00:00,not_walking,0,random_forest,2,04845288Q-121,reference,0.0,0.028036871232606515,0
04845288Q-121,2025-03-01 11:36:02.010000+00:00,not_walking,0,random_forest,2,04845288Q-121,reference,0.0,0.005121004883419866,0
04845288Q-121,2025-03-01 11:36:03.010000+00:00,not_walking,0,random_forest,2,04845288Q-121,reference,0.0,0.017314162750269778,0
04845288Q-121,2025-03-01 11:36:04.010000+00:00,not_walking,0,random_forest,2,04845288Q-121,reference,0.0,0.0886436308642961,0
04845288Q-121,2025-03-01 11:36:05.010000+00:00,not_walking,0,random_forest,2,04845288Q-121,reference,0.0,0.176822866333548,0
04845288Q-121,2025-03-01 11:36:06.010000+00:00,not_walking,0,random_forest,2,04845288Q-121,reference,0.0,0.11130509803745307,0
04845288Q-121,2025-03-01 11:36:07.010000+00:00,not_walking,0,random_forest,2,04845288Q-121,reference,0.0,0.49291934570388474,0
04845288Q-121,2025-03-01 11:36:08.010000+00:00,not_walking,0,random_forest,2,04845288Q-121,reference,0.0,0.6484162407799885,1
04845288Q-121,2025-03-01 11:36:09.010000+00:00,not_walking,0,random_forest,2,04845288Q-121,reference,0.0,0.022257489792975413,0
04845288Q-121,2025-03-01 11:36:10.010000+00:00,not_walking,0,random_forest,2,04845288Q-121,reference,0.0,0.019712651803491587,0
04845288Q-121,2025-03-01 11:36:11.010000+00:00,not_walking,0,random_forest,2,04845288Q-121,reference,0.0,0.26307939887652737,0
04845288Q-121,2025-03-01 11:36:12.010000+00:00,not_walking,0,random_forest,2,04845288Q-121,reference,0.0,0.5977214163614347,1
04845288Q-121,2025-03-01 11:36:13.010000+00:00,not_walking,0,random_forest,2,04845288Q-121,reference,0.0,0.4935753540889418,0
04845288Q-121,2025-03-01 11:36:14.010000+00:00,not_walking,0,random_forest,2,04845288Q-121,reference,0.0,0.6121200188063843,1
04845288Q-121,2025-03-01 11:36:15.010000+00:00,not_walking,0,random_forest,2,04845288Q-121,reference,0.0,0.4944125247019892,0
04845288Q-121,2025-03-01 11:36:16.010000+00:00,not_walking,0,random_forest,2,04845288Q-121,reference,0.0,0.08073218328445807,0
04845288Q-121,2025-03-01 11:36:17.010000+00:00,not_walking,0,random_forest,2,04845288Q-121,reference,0.0,0.03326753942306189,0
04845288Q-121,2025-03-01 11:36:18.010000+00:00,not_walking,0,random_forest,2,04845288Q-121,reference,0.0,0.05031611784762885,0
04845288Q-121,2025-03-01 11:36:19.010000+00:00,not_walking,0,random_forest,2,04845288Q-121,reference,0.0,0.0366199797154455,0
04845288Q-121,2025-03-01 11:36:20.010000+00:00,not_walking,0,random_forest,2,04845288Q-121,reference,0.0,0.09569739090400932,0
04845288Q-121,2025-03-01 11:36:21.010000+00:00,not_walking,0,random_forest,2,04845288Q-121,reference,0.0,0.04527945486440732,0
04845288Q-121,2025-03-01 11:36:22.010000+00:00,not_walking,0,random_forest,2,04845288Q-121,reference,0.0,0.025862728711004253,0
04845288Q-121,2025-03-01 11:36:23.010000+00:00,not_walking,0,random_forest,2,04845288Q-121,reference,0.0,0.07122638576687482,0
04845288Q-121,2025-03-01 11:36:24.010000+00:00,not_walking,0,random_forest,2,04845288Q-121,reference,0.0,0.02196400292420208,0
04845288Q-121,2025-03-01 11:36:25.010000+00:00,not_walking,0,random_forest,2,04845288Q-121,reference,0.0,0.030511556332756696,0
04845288Q-121,2025-03-01 11:36:26.010000+00:00,not_walking,0,random_forest,2,04845288Q-121,reference,0.0,0.023655056268604563,0
04845288Q-121,2025-03-01 11:36:27.010000+00:00,not_walking,0,random_forest,2,04845288Q-121,reference,0.0,0.01853780665494012,0
04845288Q-121,2025-03-01 11:36:28.010000+00:00,not_walking,0,random_forest,2,04845288Q-121,reference,0.0,0.05383435761067269,0
04845288Q-121,2025-03-01 11:36:29.010000+00:00,not_walking,0,random_forest,2,04845288Q-121,reference,0.0,0.03174150472985058,0
04845288Q-121,2025-03-01 11:36:30.010000+00:00,not_walking,0,random_forest,2,04845288Q-121,reference,0.0,0.06314142008678009,0
04845288Q-121,2025-03-01 11:36:31.010000+00:00,not_walking,0,random_forest,2,04845288Q-121,reference,0.0,0.0410078244498716,0
04845288Q-121,2025-03-01 11:36:32.010000+00:00,not_walking,0,random_forest,2,04845288Q-121,reference,0.0,0.06240916235909233,0
04845288Q-121,2025-03-01 11:36:33.010000+00:00,not_walking,0,random_forest,2,04845288Q-121,reference,0.0,0.02983866944075179,0
04845288Q-121,2025-03-01 11:36:34.010000+00:00,not_walking,0,random_forest,2,04845288Q-121,reference,0.0,0.028673052517372136,0
04845288Q-121,2025-03-01 11:36:35.010000+00:00,not_walking,0,random_forest,2,04845288Q-121,reference,0.0,0.040106979874667444,0
04845288Q-121,2025-03-01 11:36:36.010000+00:00,not_walking,0,random_forest,2,04845288Q-121,reference,0.0,0.05534902119244367,0
04845288Q-121,2025-03-01 11:36:37.010000+00:00,not_walking,0,random_forest,2,04845288Q-121,reference,0.0,0.05546561160903472,0
04845288Q-121,2025-03-01 11:36:38.010000+00:00,not_walking,0,random_forest,2,04845288Q-121,reference,0.0,0.028880002455612997,0
04845288Q-121,2025-03-01 11:36:39.010000+00:00,not_walking,0,random_forest,2,04845288Q-121,reference,0.0,0.0650411363841692,0
04845288Q-121,2025-03-01 11:36:40.010000+00:00,not_walking,0,random_forest,2,04845288Q-121,reference,0.0,0.05892062047315124,0
04845288Q-121,2025-03-01 11:36:41.010000+00:00,not_walking,0,random_forest,2,04845288Q-121,reference,0.0,0.06981826823414969,0
04845288Q-121,2025-03-01 11:36:42.010000+00:00,not_walking,0,random_forest,2,04845288Q-121,reference,0.0,0.06158727731225693,0
04845288Q-121,2025-03-01 11:36:43.010000+00:00,not_walking,0,random_forest,2,04845288Q-121,reference,0.0,0.02871574548994951,0
04845288Q-121,2025-03-01 11:36:44.010000+00:00,not_walking,0,random_forest,2,04845288Q-121,reference,0.0,0.06080843120302797,0
04845288Q-121,2025-03-01 11:36:45.010000+00:00,not_walking,0,random_forest,2,04845288Q-121,reference,0.0,0.0578382132627791,0
04845288Q-121,2025-03-01 11:36:46.010000+00:00,not_walking,0,random_forest,2,04845288Q-121,reference,0.0,0.06548542417386649,0
04845288Q-121,2025-03-01 11:36:47.010000+00:00,not_walking,0,random_forest,2,04845288Q-121,reference,0.0,0.06924309448855034,0
04845288Q-121,2025-03-01 11:36:48.010000+00:00,not_walking,0,random_forest,2,04845288Q-121,reference,0.0,0.03233088486771625,0
04845288Q-121,2025-03-01 11:36:49.010000+00:00,not_walking,0,random_forest,2,04845288Q-121,reference,0.0,0.027117071773402297,0
04845288Q-121,2025-03-01 11:36:50.010000+00:00,not_walking,0,random_forest,2,04845288Q-121,reference,0.0,0.027483335681314558,0
04845288Q-121,2025-03-01 11:36:51.010000+00:00,not_walking,0,random_forest,2,04845288Q-121,reference,0.0,0.031720093350465814,0
04845288Q-121,2025-03-01 11:36:52.010000+00:00,not_walking,0,random_forest,2,04845288Q-121,reference,0.0,0.019120866006478117,0
04845288Q-121,2025-03-01 11:36:53.010000+00:00,not_walking,0,random_forest,2,04845288Q-121,reference,0.0,0.018320055075469903,0
04845288Q-121,2025-03-01 11:36:54.010000+00:00,not_walking,0,random_forest,2,04845288Q-121,reference,0.0,0.03318299614136198,0
04845288Q-121,2025-03-01 11:36:55.010000+00:00,not_walking,0,random_forest,2,04845288Q-121,reference,0.0,0.0822708259407465,0
04845288Q-121,2025-03-01 11:36:56.010000+00:00,not_walking,0,random_forest,2,04845288Q-121,reference,0.0,0.027619471880188033,0
04845288Q-121,2025-03-01 11:36:57.010000+00:00,not_walking,0,random_forest,2,04845288Q-121,reference,0.0,0.020535948889052042,0
04845288Q-121,2025-03-01 11:36:58.010000+00:00,not_walking,0,random_forest,2,04845288Q-121,reference,0.0,0.038853362712449414,0
04845288Q-121,2025-03-01 11:36:59.010000+00:00,not_walking,0,random_forest,2,04845288Q-121,reference,0.0,0.021478599440634075,0
04845288Q-121,2025-03-01 11:37:00.010000+00:00,not_walking,0,random_forest,2,04845288Q-121,reference,0.0,0.030247546984619865,0
04845288Q-121,2025-03-01 11:37:01.010000+00:00,not_walking,0,random_forest,2,04845288Q-121,reference,0.0,0.0419140356910982,0
04845288Q-121,2025-03-01 11:37:02.010000+00:00,not_walking,0,random_forest,2,04845288Q-121,reference,0.0,0.033489119124155704,0
04845288Q-121,2025-03-01 11:37:03.010000+00:00,not_walking,0,random_forest,2,04845288Q-121,reference,0.0,0.09427469152596962,0
04845288Q-121,2025-03-01 11:37:04.010000+00:00,not_walking,0,random_forest,2,04845288Q-121,reference,0.0,0.06301867839840349,0
04845288Q-121,2025-03-01 11:37:05.010000+00:00,not_walking,0,random_forest,2,04845288Q-121,reference,0.0,0.07515723384951499,0
04845288Q-121,2025-03-01 11:37:06.010000+00:00,not_walking,0,random_forest,2,04845288Q-121,reference,0.0,0.06094888829549199,0
04845288Q-121,2025-03-01 11:37:07.010000+00:00,not_walking,0,random_forest,2,04845288Q-121,reference,0.0,0.066702370420768,0
04845288Q-121,2025-03-01 11:37:08.010000+00:00,not_walking,0,random_forest,2,04845288Q-121,reference,0.0,0.07024508309336512,0
04845288Q-121,2025-03-01 11:37:09.010000+00:00,not_walking,0,random_forest,2,04845288Q-121,reference,0.0,0.05149349086928457,0
04845288Q-121,2025-03-01 11:37:10.010000+00:00,not_walking,0,random_forest,2,04845288Q-121,reference,0.0,0.10939694928287533,0
04845288Q-121,2025-03-01 11:37:11.010000+00:00,not_walking,0,random_forest,2,04845288Q-121,reference,0.0,0.13059023135324835,0
04845288Q-121,2025-03-01 11:37:12.010000+00:00,not_walking,0,random_forest,2,04845288Q-121,reference,0.0,0.07286750915983502,0
04845288Q-121,2025-03-01 11:37:13.010000+00:00,not_walking,0,random_forest,2,04845288Q-121,reference,0.0,0.06801764891126659,0
04845288Q-121,2025-03-01 11:37:14.010000+00:00,not_walking,0,random_forest,2,04845288Q-121,reference,0.0,0.07231512053149364,0
04845288Q-121,2025-03-01 11:37:15.010000+00:00,not_walking,0,random_forest,2,04845288Q-121,reference,0.0,0.06054107609299175,0
04845288Q-121,2025-03-01 11:37:16.010000+00:00,not_walking,0,random_forest,2,04845288Q-121,reference,0.0,0.0279194356788539,0
04845288Q-121,2025-03-01 11:37:17.010000+00:00,not_walking,0,random_forest,2,04845288Q-121,reference,0.0,0.03345809632576973,0
04845288Q-121,2025-03-01 11:37:18.010000+00:00,not_walking,0,random_forest,2,04845288Q-121,reference,0.0,0.028751443114042843,0
04845288Q-121,2025-03-01 11:37:19.010000+00:00,not_walking,0,random_forest,2,04845288Q-121,reference,0.0,0.07349375920600645,0
04845288Q-121,2025-03-01 11:37:20.010000+00:00,not_walking,0,random_forest,2,04845288Q-121,reference,0.0,0.054108007055878475,0
04845288Q-121,2025-03-01 11:37:21.010000+00:00,not_walking,0,random_forest,2,04845288Q-121,reference,0.0,0.06367976270716305,0
04845288Q-121,2025-03-01 11:37:22.010000+00:00,not_walking,0,random_forest,2,04845288Q-121,reference,0.0,0.04708768441730225,0
04845288Q-121,2025-03-01 11:37:23.010000+00:00,not_walking,0,random_forest,2,04845288Q-121,reference,0.0,0.08430336335930304,0
04845288Q-121,2025-03-01 11:37:24.010000+00:00,not_walking,0,random_forest,2,04845288Q-121,reference,0.0,0.09503966189590468,0
04845288Q-121,2025-03-01 11:37:25.010000+00:00,not_walking,0,random_forest,2,04845288Q-121,reference,0.0,0.04213820110700397,0
04845288Q-121,2025-03-01 11:37:26.010000+00:00,not_walking,0,random_forest,2,04845288Q-121,reference,0.0,0.1597919478139193,0
04845288Q-121,2025-03-01 11:37:27.010000+00:00,not_walking,0,random_forest,2,04845288Q-121,reference,0.0,0.15556453952407892,0
04845288Q-121,2025-03-01 11:37:28.010000+00:00,not_walking,0,random_forest,2,04845288Q-121,reference,0.0,0.09101750044596528,0
04845288Q-121,2025-03-01 11:37:29.010000+00:00,not_walking,0,random_forest,2,04845288Q-121,reference,0.0,0.07404418320457745,0
04845288Q-121,2025-03-01 11:37:30.010000+00:00,not_walking,0,random_forest,2,04845288Q-121,reference,0.0,0.08654731235084917,0
04845288Q-121,2025-03-01 11:37:31.010000+00:00,not_walking,0,random_forest,2,04845288Q-121,reference,0.0,0.13371082686595182,0
04845288Q-121,2025-03-01 11:37:32.010000+00:00,not_walking,0,random_forest,2,04845288Q-121,reference,0.0,0.07425509834575039,0
04845288Q-121,2025-03-01 11:37:33.010000+00:00,not_walking,0,random_forest,2,04845288Q-121,reference,0.0,0.09386589132038288,0
04845288Q-121,2025-03-01 11:37:34.010000+00:00,not_walking,0,random_forest,2,04845288Q-121,reference,0.0,0.08506254965282993,0
04845288Q-121,2025-03-01 11:37:35.010000+00:00,not_walking,0,random_forest,2,04845288Q-121,reference,0.0,0.06883327994197212,0
04845288Q-121,2025-03-01 11:37:36.010000+00:00,not_walking,0,random_forest,2,04845288Q-121,reference,0.0,0.06356430279280147,0
04845288Q-121,2025-03-01 11:37:37.010000+00:00,not_walking,0,random_forest,2,04845288Q-121,reference,0.0,0.08124382261554114,0
04845288Q-121,2025-03-01 11:37:38.010000+00:00,not_walking,0,random_forest,2,04845288Q-121,reference,0.0,0.08842798656256183,0
04845288Q-121,2025-03-01 11:37:39.010000+00:00,not_walking,0,random_forest,2,04845288Q-121,reference,0.0,0.1009521428271321,0
04845288Q-121,2025-03-01 11:37:40.010000+00:00,not_walking,0,random_forest,2,04845288Q-121,reference,0.0,0.09487694017276534,0
04845288Q-121,2025-03-01 11:37:41.010000+00:00,not_walking,0,random_forest,2,04845288Q-121,reference,0.0,0.07529183671051326,0
04845288Q-121,2025-03-01 11:37:42.010000+00:00,not_walking,0,random_forest,2,04845288Q-121,reference,0.0,0.08096195257751915,0
04845288Q-121,2025-03-01 11:37:43.010000+00:00,not_walking,0,random_forest,2,04845288Q-121,reference,0.0,0.023893816011183868,0
04845288Q-121,2025-03-01 11:37:44.010000+00:00,not_walking,0,random_forest,2,04845288Q-121,reference,0.0,0.009830066615332481,0
04845288Q-121,2025-03-01 11:37:45.010000+00:00,not_walking,0,random_forest,2,04845288Q-121,reference,0.0,0.025455758580401642,0
04845288Q-121,2025-03-01 11:37:46.010000+00:00,not_walking,0,random_forest,2,04845288Q-121,reference,0.0,0.051708045480117405,0
04845288Q-121,2025-03-01 11:37:47.010000+00:00,not_walking,0,random_forest,2,04845288Q-121,reference,0.0,0.025547859884351088,0
04845288Q-121,2025-03-01 11:37:48.010000+00:00,not_walking,0,random_forest,2,04845288Q-121,reference,0.0,0.028093910471251638,0
04845288Q-121,2025-03-01 11:37:49.010000+00:00,not_walking,0,random_forest,2,04845288Q-121,reference,0.0,0.023881270106970102,0
04845288Q-121,2025-03-01 11:37:50.010000+00:00,not_walking,0,random_forest,2,04845288Q-121,reference,0.0,0.020982818094586204,0
04845288Q-121,2025-03-01 11:37:51.010000+00:00,not_walking,0,random_forest,2,04845288Q-121,reference,0.0,0.03645646665102643,0
04845288Q-121,2025-03-01 11:37:52.010000+00:00,not_walking,0,random_forest,2,04845288Q-121,reference,0.0,0.07672223034909932,0
04845288Q-121,2025-03-01 11:37:53.010000+00:00,not_walking,0,random_forest,2,04845288Q-121,reference,0.0,0.14313050577826664,0
04845288Q-121,2025-03-01 11:37:54.010000+00:00,not_walking,0,random_forest,2,04845288Q-121,reference,0.0,0.1931127361119202,0
04845288Q-121,2025-03-01 11:37:55.010000+00:00,not_walking,0,random_forest,2,04845288Q-121,reference,0.0,0.2418192392300944,0
04845288Q-121,2025-03-01 11:37:56.010000+00:00,not_walking,0,random_forest,2,04845288Q-121,reference,0.0,0.08360387000115269,0
04845288Q-121,2025-03-01 11:37:57.010000+00:00,not_walking,0,random_forest,2,04845288Q-121,reference,0.0,0.0976642736439496,0
04845288Q-121,2025-03-01 11:37:58.010000+00:00,not_walking,0,random_forest,2,04845288Q-121,reference,0.0,0.5688398222831288,1
04845288Q-121,2025-03-01 11:37:59.010000+00:00,not_walking,0,random_forest,2,04845288Q-121,reference,0.0,0.5741287853170605,1
04845288Q-121,2025-03-01 11:38:00.010000+00:00,not_walking,0,random_forest,2,04845288Q-121,reference,0.0,0.6134453039239934,1
04845288Q-121,2025-03-01 11:38:01.010000+00:00,not_walking,0,random_forest,2,04845288Q-121,reference,0.0,0.6347516965295815,1
04845288Q-121,2025-03-01 11:38:02.010000+00:00,not_walking,0,random_forest,2,04845288Q-121,reference,0.0,0.5462194770166113,1
04845288Q-121,2025-03-01 11:38:03.010000+00:00,not_walking,0,random_forest,2,04845288Q-121,reference,0.0,0.18287201199830838,0
04845288Q-121,2025-03-01 11:38:04.010000+00:00,not_walking,0,random_forest,2,04845288Q-121,reference,0.0,0.5410402740453649,1
04845288Q-121,2025-03-01 11:38:05.010000+00:00,not_walking,0,random_forest,2,04845288Q-121,reference,0.0,0.43230777351394656,0
04845288Q-121,2025-03-01 11:38:06.010000+00:00,not_walking,0,random_forest,2,04845288Q-121,reference,0.0,0.42506953194282343,0
04845288Q-121,2025-03-01 11:38:07.010000+00:00,not_walking,0,random_forest,2,04845288Q-121,reference,0.0,0.09815339597095706,0
04845288Q-121,2025-03-01 11:38:08.010000+00:00,not_walking,0,random_forest,2,04845288Q-121,reference,0.0,0.052030345676719575,0
04845288Q-121,2025-03-01 11:38:09.010000+00:00,not_walking,0,random_forest,2,04845288Q-121,reference,0.0,0.07910984724291335,0
04845288Q-121,2025-03-01 11:38:10.010000+00:00,not_walking,0,random_forest,2,04845288Q-121,reference,0.0,0.058292145377002204,0
04845288Q-121,2025-03-01 11:38:11.010000+00:00,not_walking,0,random_forest,2,04845288Q-121,reference,0.0,0.022636305555963073,0
04845288Q-121,2025-03-01 11:38:12.010000+00:00,not_walking,0,random_forest,2,04845288Q-121,reference,0.0,0.013238255995638049,0
04845288Q-121,2025-03-01 11:38:13.010000+00:00,not_walking,0,random_forest,2,04845288Q-121,reference,0.0,0.09104435477154801,0
04845288Q-121,2025-03-01 11:38:14.010000+00:00,not_walking,0,random_forest,2,04845288Q-121,reference,0.0,0.19502904661864512,0
04845288Q-121,2025-03-01 11:38:15.010000+00:00,not_walking,0,random_forest,2,04845288Q-121,reference,0.0,0.2608028590060057,0
04845288Q-121,2025-03-01 11:38:16.010000+00:00,not_walking,0,random_forest,2,04845288Q-121,reference,0.0,0.12955043481232373,0
04845288Q-121,2025-03-01 11:38:17.010000+00:00,not_walking,0,random_forest,2,04845288Q-121,reference,0.0,0.1287915822498456,0
04845288Q-121,2025-03-01 11:38:18.010000+00:00,walking,1,random_forest,2,04845288Q-121,reference,0.0,0.029559112018490777,0
04845288Q-121,2025-03-01 11:38:19.010000+00:00,walking,1,random_forest,2,04845288Q-121,reference,0.0,0.4659401058337742,0
04845288Q-121,2025-03-01 11:38:20.010000+00:00,walking,1,random_forest,2,04845288Q-121,reference,0.0,0.53531635454181,1
04845288Q-121,2025-03-01 11:38:21.010000+00:00,walking,1,random_forest,2,04845288Q-121,reference,0.0,0.5212140874426636,1
04845288Q-121,2025-03-01 11:38:22.010000+00:00,walking,1,random_forest,2,04845288Q-121,reference,0.0,0.35121613078031527,0
04845288Q-121,2025-03-01 11:38:23.010000+00:00,walking,1,random_forest,2,04845288Q-121,reference,0.0,0.11643843652350391,0
04845288Q-121,2025-03-01 11:38:24.010000+00:00,walking,1,random_forest,2,04845288Q-121,reference,0.0,0.11075250510558404,0
04845288Q-121,2025-03-01 11:38:25.010000+00:00,walking,1,random_forest,2,04845288Q-121,reference,0.0,0.49759743720460875,0
04845288Q-121,2025-03-01 11:38:26.010000+00:00,walking,1,random_forest,2,04845288Q-121,reference,0.0,0.2088042343525652,0
04845288Q-121,2025-03-01 11:38:27.010000+00:00,walking,1,random_forest,2,04845288Q-121,reference,0.0,0.4649954777903909,0
04845288Q-121,2025-03-01 11:38:28.010000+00:00,walking,1,random_forest,2,04845288Q-121,reference,0.0,0.39099150724288567,0
04845288Q-121,2025-03-01 11:38:29.010000+00:00,walking,1,random_forest,2,04845288Q-121,reference,0.0,0.12337825844565001,0
04845288Q-121,2025-03-01 11:38:30.010000+00:00,walking,1,random_forest,2,04845288Q-121,reference,0.0,0.03568288399493479,0
04845288Q-121,2025-03-01 11:38:31.010000+00:00,walking,1,random_forest,2,04845288Q-121,reference,0.0,0.04690387168952024,0
04845288Q-121,2025-03-01 11:38:32.010000+00:00,walking,1,random_forest,2,04845288Q-121,reference,0.0,0.3090042568911398,0
04845288Q-121,2025-03-01 11:38:33.010000+00:00,walking,1,random_forest,2,04845288Q-121,reference,0.0,0.24607274279067093,0
04845288Q-121,2025-03-01 11:38:34.010000+00:00,walking,1,random_forest,2,04845288Q-121,reference,0.0,0.07180451020902186,0
04845288Q-121,2025-03-01 11:38:35.010000+00:00,walking,1,random_forest,2,04845288Q-121,reference,0.0,0.10443198257800286,0
04845288Q-121,2025-03-01 11:38:36.010000+00:00,walking,1,random_forest,2,04845288Q-121,reference,0.0,0.025224402044100525,0
04845288Q-121,2025-03-01 11:38:37.010000+00:00,walking,1,random_forest,2,04845288Q-121,reference,0.0,0.2691687593758618,0
04845288Q-121,2025-03-01 11:38:38.010000+00:00,walking,1,random_forest,2,04845288Q-121,reference,0.0,0.1799991138702395,0
04845288Q-121,2025-03-01 11:38:39.010000+00:00,walking,1,random_forest,2,04845288Q-121,reference,0.0,0.04959624091682804,0
04845288Q-121,2025-03-01 11:38:40.010000+00:00,walking,1,random_forest,2,04845288Q-121,reference,0.0,0.10945864099324572,0
04845288Q-121,2025-03-01 11:38:41.010000+00:00,walking,1,random_forest,2,04845288Q-121,reference,0.0,0.05646319147157196,0
04845288Q-121,2025-03-01 11:38:44.010000+00:00,not_walking,0,random_forest,2,04845288Q-121,reference,0.0,0.018954847580407986,0
04845288Q-121,2025-03-01 11:38:45.010000+00:00,not_walking,0,random_forest,2,04845288Q-121,reference,0.0,0.028590712545144323,0
04845288Q-121,2025-03-01 11:38:46.010000+00:00,not_walking,0,random_forest,2,04845288Q-121,reference,0.0,0.026414382733385634,0
04845288Q-121,2025-03-01 11:38:47.010000+00:00,not_walking,0,random_forest,2,04845288Q-121,reference,0.0,0.02868983124430941,0
04845288Q-121,2025-03-01 11:38:48.010000+00:00,not_walking,0,random_forest,2,04845288Q-121,reference,0.0,0.09239966275064804,0
04845288Q-121,2025-03-01 11:38:49.010000+00:00,not_walking,0,random_forest,2,04845288Q-121,reference,0.0,0.09213901196511347,0
04845288Q-121,2025-03-01 11:38:50.010000+00:00,not_walking,0,random_forest,2,04845288Q-121,reference,0.0,0.11468035880691704,0
04845288Q-121,2025-03-01 11:38:51.010000+00:00,not_walking,0,random_forest,2,04845288Q-121,reference,0.0,0.1085822484167024,0
04845288Q-121,2025-03-01 11:38:52.010000+00:00,not_walking,0,random_forest,2,04845288Q-121,reference,0.0,0.15340317890415917,0
04845288Q-121,2025-03-01 11:38:53.010000+00:00,not_walking,0,random_forest,2,04845288Q-121,reference,0.0,0.13394429777929115,0
04845288Q-121,2025-03-01 11:38:54.010000+00:00,not_walking,0,random_forest,2,04845288Q-121,reference,0.0,0.07903678460738019,0
04845288Q-121,2025-03-01 11:38:55.010000+00:00,not_walking,0,random_forest,2,04845288Q-121,reference,0.0,0.06552753058869389,0
04845288Q-121,2025-03-01 11:38:56.010000+00:00,not_walking,0,random_forest,2,04845288Q-121,reference,0.0,0.06540053371367001,0
04845288Q-121,2025-03-01 11:38:57.010000+00:00,not_walking,0,random_forest,2,04845288Q-121,reference,0.0,0.03881690705415588,0
04845288Q-121,2025-03-01 11:38:58.010000+00:00,not_walking,0,random_forest,2,04845288Q-121,reference,0.0,0.06681489700551722,0
04845288Q-121,2025-03-01 11:38:59.010000+00:00,not_walking,0,random_forest,2,04845288Q-121,reference,0.0,0.03170695674332155,0
04845288Q-121,2025-03-01 11:39:00.010000+00:00,not_walking,0,random_forest,2,04845288Q-121,reference,0.0,0.056158323939455856,0
04845288Q-121,2025-03-01 11:39:01.010000+00:00,not_walking,0,random_forest,2,04845288Q-121,reference,0.0,0.14230099152426218,0
04845288Q-121,2025-03-01 11:39:02.010000+00:00,not_walking,0,random_forest,2,04845288Q-121,reference,0.0,0.16659156699458416,0
04845288Q-121,2025-03-01 11:39:03.010000+00:00,not_walking,0,random_forest,2,04845288Q-121,reference,0.0,0.06500480361491126,0
04845288Q-121,2025-03-01 11:39:04.010000+00:00,not_walking,0,random_forest,2,04845288Q-121,reference,0.0,0.060573146694095366,0
04845288Q-121,2025-03-01 11:39:05.010000+00:00,not_walking,0,random_forest,2,04845288Q-121,reference,0.0,0.05295885164790709,0
04845288Q-121,2025-03-01 11:39:06.010000+00:00,not_walking,0,random_forest,2,04845288Q-121,reference,0.0,0.018524022504924013,0
04845288Q-121,2025-03-01 11:39:07.010000+00:00,not_walking,0,random_forest,2,04845288Q-121,reference,0.0,0.08714922758797788,0
04845288Q-121,2025-03-01 11:39:08.010000+00:00,not_walking,0,random_forest,2,04845288Q-121,reference,0.0,0.010620012763561438,0
04845288Q-121,2025-03-01 11:39:09.010000+00:00,not_walking,0,random_forest,2,04845288Q-121,reference,0.0,0.0311071521302755,0
04845288Q-121,2025-03-01 11:39:10.010000+00:00,not_walking,0,random_forest,2,04845288Q-121,reference,0.0,0.026042118634513334,0
04845288Q-121,2025-03-01 11:39:11.010000+00:00,not_walking,0,random_forest,2,04845288Q-121,reference,0.0,0.029193098319284405,0
04845288Q-121,2025-03-01 11:39:12.010000+00:00,not_walking,0,random_forest,2,04845288Q-121,reference,0.0,0.030045698353404447,0
04845288Q-121,2025-03-01 11:39:13.010000+00:00,not_walking,0,random_forest,2,04845288Q-121,reference,0.0,0.055669851172324425,0
04845288Q-121,2025-03-01 11:39:14.010000+00:00,not_walking,0,random_forest,2,04845288Q-121,reference,0.0,0.07185041112709602,0
04845288Q-121,2025-03-01 11:39:15.010000+00:00,not_walking,0,random_forest,2,04845288Q-121,reference,0.0,0.08499205123063817,0
04845288Q-121,2025-03-01 11:39:16.010000+00:00,not_walking,0,random_forest,2,04845288Q-121,reference,0.0,0.15872164103094077,0
04845288Q-121,2025-03-01 11:39:17.010000+00:00,not_walking,0,random_forest,2,04845288Q-121,reference,0.0,0.12072643516371395,0
04845288Q-121,2025-03-01 11:39:18.010000+00:00,not_walking,0,random_forest,2,04845288Q-121,reference,0.0,0.13020655255352528,0
04845288Q-121,2025-03-01 11:39:19.010000+00:00,not_walking,0,random_forest,2,04845288Q-121,reference,0.0,0.06144761404698158,0
04845288Q-121,2025-03-01 11:39:20.010000+00:00,not_walking,0,random_forest,2,04845288Q-121,reference,0.0,0.05697291476270138,0
04845288Q-121,2025-03-01 11:39:21.010000+00:00,not_walking,0,random_forest,2,04845288Q-121,reference,0.0,0.02683522357314738,0
04845288Q-121,2025-03-01 11:39:22.010000+00:00,not_walking,0,random_forest,2,04845288Q-121,reference,0.0,0.06300377085509698,0
04845288Q-121,2025-03-01 11:39:23.010000+00:00,walking,1,random_forest,2,04845288Q-121,reference,0.0,0.02972440779992471,0
04845288Q-121,2025-03-01 11:39:24.010000+00:00,walking,1,random_forest,2,04845288Q-121,reference,0.0,0.12077195402969174,0
04845288Q-121,2025-03-01 11:39:25.010000+00:00,walking,1,random_forest,2,04845288Q-121,reference,0.0,0.047829426217426536,0
04845288Q-121,2025-03-01 11:39:26.010000+00:00,walking,1,random_forest,2,04845288Q-121,reference,0.0,0.015999234230933954,0
04845288Q-121,2025-03-01 11:39:27.010000+00:00,walking,1,random_forest,2,04845288Q-121,reference,0.0,0.06690096506046563,0
04845288Q-121,2025-03-01 11:39:28.010000+00:00,walking,1,random_forest,2,04845288Q-121,reference,0.0,0.05621299605781052,0
04845288Q-121,2025-03-01 11:39:29.010000+00:00,walking,1,random_forest,2,04845288Q-121,reference,0.0,0.06155834863238752,0
04845288Q-121,2025-03-01 11:39:30.010000+00:00,walking,1,random_forest,2,04845288Q-121,reference,0.0,0.0685526281287988,0
04845288Q-121,2025-03-01 11:39:31.010000+00:00,walking,1,random_forest,2,04845288Q-121,reference,0.0,0.07926814656070481,0
04845288Q-121,2025-03-01 11:39:32.010000+00:00,walking,1,random_forest,2,04845288Q-121,reference,0.0,0.05978402058250487,0
04845288Q-121,2025-03-01 11:39:33.010000+00:00,walking,1,random_forest,2,04845288Q-121,reference,0.0,0.02247521648616245,0
04845288Q-121,2025-03-01 11:39:34.010000+00:00,not_walking,0,random_forest,2,04845288Q-121,reference,0.0,0.02784425983281014,0
04845288Q-121,2025-03-01 11:39:35.010000+00:00,not_walking,0,random_forest,2,04845288Q-121,reference,0.0,0.029663349073981594,0
04845288Q-121,2025-03-01 11:39:36.010000+00:00,not_walking,0,random_forest,2,04845288Q-121,reference,0.0,0.03094764329673068,0
04845288Q-121,2025-03-01 11:39:37.010000+00:00,not_walking,0,random_forest,2,04845288Q-121,reference,0.0,0.020284813663827884,0
04845288Q-121,2025-03-01 11:39:38.010000+00:00,not_walking,0,random_forest,2,04845288Q-121,reference,0.0,0.04112966223979216,0
04845288Q-121,2025-03-01 11:39:39.010000+00:00,not_walking,0,random_forest,2,04845288Q-121,reference,0.0,0.029145695191833774,0
04845288Q-121,2025-03-01 11:39:40.010000+00:00,not_walking,0,random_forest,2,04845288Q-121,reference,0.0,0.043075683230266566,0
04845288Q-121,2025-03-01 11:39:41.010000+00:00,not_walking,0,random_forest,2,04845288Q-121,reference,0.0,0.03202840822523391,0
04845288Q-121,2025-03-01 11:39:42.010000+00:00,not_walking,0,random_forest,2,04845288Q-121,reference,0.0,0.27567462096340944,0
04845288Q-121,2025-03-01 11:39:43.010000+00:00,not_walking,0,random_forest,2,04845288Q-121,reference,0.0,0.24409063807585737,0
04845288Q-121,2025-03-01 11:39:44.010000+00:00,not_walking,0,random_forest,2,04845288Q-121,reference,0.0,0.5010722187260005,1
04845288Q-121,2025-03-01 11:39:51.010000+00:00,not_walking,0,random_forest,2,04845288Q-121,reference,0.0,0.08770860345472095,0
04845288Q-121,2025-03-01 11:39:52.010000+00:00,not_walking,0,random_forest,2,04845288Q-121,reference,0.0,0.11456010649799216,0
04845288Q-121,2025-03-01 11:39:53.010000+00:00,not_walking,0,random_forest,2,04845288Q-121,reference,0.0,0.15371868727034074,0
04845288Q-121,2025-03-01 11:39:54.010000+00:00,not_walking,0,random_forest,2,04845288Q-121,reference,0.0,0.07775407127608984,0
04845288Q-121,2025-03-01 11:39:55.010000+00:00,not_walking,0,random_forest,2,04845288Q-121,reference,0.0,0.153253339727426,0
04845288Q-121,2025-03-01 11:39:56.010000+00:00,not_walking,0,random_forest,2,04845288Q-121,reference,0.0,0.06936276421228679,0
04845288Q-121,2025-03-01 11:39:57.010000+00:00,not_walking,0,random_forest,2,04845288Q-121,reference,0.0,0.02676393270206203,0
04845288Q-121,2025-03-01 11:39:58.010000+00:00,not_walking,0,random_forest,2,04845288Q-121,reference,0.0,0.04930961206186693,0
04845288Q-121,2025-03-01 11:39:59.010000+00:00,not_walking,0,random_forest,2,04845288Q-121,reference,0.0,0.04698054989345279,0
04845288Q-121,2025-03-01 11:40:04.010000+00:00,walking,1,random_forest,2,04845288Q-121,reference,0.0,0.07086908354572168,0
04845288Q-121,2025-03-01 11:40:05.010000+00:00,walking,1,random_forest,2,04845288Q-121,reference,0.0,0.024548962820750617,0
04845288Q-121,2025-03-01 11:40:06.010000+00:00,walking,1,random_forest,2,04845288Q-121,reference,0.0,0.0581939202801269,0
04845288Q-121,2025-03-01 11:40:07.010000+00:00,walking,1,random_forest,2,04845288Q-121,reference,0.0,0.061063876198172586,0
04845288Q-121,2025-03-01 11:40:08.010000+00:00,walking,1,random_forest,2,04845288Q-121,reference,0.0,0.06947844459747378,0
04845288Q-121,2025-03-01 11:40:09.010000+00:00,walking,1,random_forest,2,04845288Q-121,reference,0.0,0.059672923133922945,0
04845288Q-121,2025-03-01 11:40:10.010000+00:00,walking,1,random_forest,2,04845288Q-121,reference,0.0,0.02689459181083063,0
04845288Q-121,2025-03-01 11:40:11.010000+00:00,walking,1,random_forest,2,04845288Q-121,reference,0.0,0.024987619951300496,0
04845288Q-121,2025-03-01 11:40:12.010000+00:00,walking,1,random_forest,2,04845288Q-121,reference,0.0,0.024066499470519753,0
04845288Q-121,2025-03-01 11:40:13.010000+00:00,walking,1,random_forest,2,04845288Q-121,reference,0.0,0.05310255191153982,0
04845288Q-121,2025-03-01 11:40:14.010000+00:00,walking,1,random_forest,2,04845288Q-121,reference,0.0,0.09543090075582565,0
04845288Q-121,2025-03-01 11:40:15.010000+00:00,walking,1,random_forest,2,04845288Q-121,reference,0.0,0.12234427407572984,0
04845288Q-121,2025-03-01 11:40:16.010000+00:00,walking,1,random_forest,2,04845288Q-121,reference,0.0,0.17550993972136802,0
04845288Q-121,2025-03-01 11:40:17.010000+00:00,walking,1,random_forest,2,04845288Q-121,reference,0.0,0.0999350355539777,0
04845288Q-121,2025-03-01 11:40:18.010000+00:00,walking,1,random_forest,2,04845288Q-121,reference,0.0,0.03869315012709873,0
04845288Q-121,2025-03-01 11:40:19.010000+00:00,walking,1,random_forest,2,04845288Q-121,reference,0.0,0.035896490776783266,0
04845288Q-121,2025-03-01 11:40:20.010000+00:00,walking,1,random_forest,2,04845288Q-121,reference,0.0,0.0644420985258249,0
04845288Q-121,2025-03-01 11:40:21.010000+00:00,walking,1,random_forest,2,04845288Q-121,reference,0.0,0.0341194298352224,0
04845288Q-121,2025-03-01 11:40:22.010000+00:00,walking,1,random_forest,2,04845288Q-121,reference,0.0,0.09555770750845398,0
04845288Q-121,2025-03-01 11:40:23.010000+00:00,walking,1,random_forest,2,04845288Q-121,reference,0.0,0.16102880607635847,0
04845288Q-121,2025-03-01 11:40:24.010000+00:00,walking,1,random_forest,2,04845288Q-121,reference,0.0,0.10346069507260035,0
04845288Q-121,2025-03-01 11:40:25.010000+00:00,not_walking,0,random_forest,2,04845288Q-121,reference,0.0,0.11752575916418467,0
04845288Q-121,2025-03-01 11:40:26.010000+00:00,not_walking,0,random_forest,2,04845288Q-121,reference,0.0,0.08004352552065244,0
04845288Q-121,2025-03-01 11:40:27.010000+00:00,not_walking,0,random_forest,2,04845288Q-121,reference,0.0,0.07846859640991921,0
04845288Q-121,2025-03-01 11:40:28.010000+00:00,not_walking,0,random_forest,2,04845288Q-121,reference,0.0,0.05885899379825568,0
04845288Q-121,2025-03-01 11:40:29.010000+00:00,not_walking,0,random_forest,2,04845288Q-121,reference,0.0,0.20589599904081263,0
04845288Q-121,2025-03-01 11:40:30.010000+00:00,not_walking,0,random_forest,2,04845288Q-121,reference,0.0,0.0883508933466376,0
04845288Q-121,2025-03-01 11:40:31.010000+00:00,not_walking,0,random_forest,2,04845288Q-121,reference,0.0,0.03271768911412517,0
04845288Q-121,2025-03-01 11:40:32.010000+00:00,not_walking,0,random_forest,2,04845288Q-121,reference,0.0,0.021801893492959044,0
04845288Q-121,2025-03-01 11:40:33.010000+00:00,not_walking,0,random_forest,2,04845288Q-121,reference,0.0,0.04619131744515841,0
04845288Q-121,2025-03-01 11:40:34.010000+00:00,not_walking,0,random_forest,2,04845288Q-121,reference,0.0,0.2035039860327993,0
04845288Q-121,2025-03-01 11:40:35.010000+00:00,not_walking,0,random_forest,2,04845288Q-121,reference,0.0,0.13128355998665875,0
04845288Q-121,2025-03-01 11:40:36.010000+00:00,not_walking,0,random_forest,2,04845288Q-121,reference,0.0,0.078734000613459,0
04845288Q-121,2025-03-01 11:40:37.010000+00:00,not_walking,0,random_forest,2,04845288Q-121,reference,0.0,0.06651152479512443,0
04845288Q-121,2025-03-01 11:40:38.010000+00:00,not_walking,0,random_forest,2,04845288Q-121,reference,0.0,0.04612348226447666,0
47046344M-104,2024-10-15 07:28:59.010000+00:00,not_walking,0,random_forest,3,47046344M-104,reference,0.0,0.3009759170420657,0
47046344M-104,2024-10-15 07:29:00.010000+00:00,not_walking,0,random_forest,3,47046344M-104,reference,0.0,0.376642625458529,0
47046344M-104,2024-10-15 07:29:01.010000+00:00,not_walking,0,random_forest,3,47046344M-104,reference,0.0,0.3499428315137606,0
47046344M-104,2024-10-15 07:29:02.010000+00:00,not_walking,0,random_forest,3,47046344M-104,reference,0.0,0.3797312923960538,0
47046344M-104,2024-10-15 07:29:03.010000+00:00,not_walking,0,random_forest,3,47046344M-104,reference,0.0,0.3180678613412829,0
47046344M-104,2024-10-15 07:29:04.010000+00:00,not_walking,0,random_forest,3,47046344M-104,reference,0.0,0.3682017056922241,0
47046344M-104,2024-10-15 07:29:05.010000+00:00,not_walking,0,random_forest,3,47046344M-104,reference,0.0,0.3369226962676305,0
47046344M-104,2024-10-15 07:29:06.010000+00:00,not_walking,0,random_forest,3,47046344M-104,reference,0.0,0.39729169962193267,0
47046344M-104,2024-10-15 07:29:07.010000+00:00,not_walking,0,random_forest,3,47046344M-104,reference,0.0,0.372968111390189,0
47046344M-104,2024-10-15 07:29:08.010000+00:00,not_walking,0,random_forest,3,47046344M-104,reference,0.0,0.3717260931169408,0
47046344M-104,2024-10-15 07:29:09.010000+00:00,not_walking,0,random_forest,3,47046344M-104,reference,0.0,0.35340312884277,0
47046344M-104,2024-10-15 07:29:10.010000+00:00,not_walking,0,random_forest,3,47046344M-104,reference,0.0,0.3236898073813704,0
47046344M-104,2024-10-15 07:29:11.010000+00:00,not_walking,0,random_forest,3,47046344M-104,reference,0.0,0.3630373761355723,0
47046344M-104,2024-10-15 07:29:12.010000+00:00,not_walking,0,random_forest,3,47046344M-104,reference,0.0,0.38702192327330676,0
47046344M-104,2024-10-15 07:29:13.010000+00:00,not_walking,0,random_forest,3,47046344M-104,reference,0.0,0.36720266947754526,0
47046344M-104,2024-10-15 07:29:14.010000+00:00,not_walking,0,random_forest,3,47046344M-104,reference,0.0,0.41547140839156765,0
47046344M-104,2024-10-15 07:29:15.010000+00:00,not_walking,0,random_forest,3,47046344M-104,reference,0.0,0.3253410782668982,0
47046344M-104,2024-10-15 07:29:16.010000+00:00,not_walking,0,random_forest,3,47046344M-104,reference,0.0,0.3445497047609793,0
47046344M-104,2024-10-15 07:29:17.010000+00:00,not_walking,0,random_forest,3,47046344M-104,reference,0.0,0.37598424948931836,0
47046344M-104,2024-10-15 07:29:18.010000+00:00,not_walking,0,random_forest,3,47046344M-104,reference,0.0,0.3059772000938444,0
47046344M-104,2024-10-15 07:29:19.010000+00:00,not_walking,0,random_forest,3,47046344M-104,reference,0.0,0.3535545309364661,0
47046344M-104,2024-10-15 07:29:20.010000+00:00,not_walking,0,random_forest,3,47046344M-104,reference,0.0,0.37424997557453243,0
47046344M-104,2024-10-15 07:29:21.010000+00:00,not_walking,0,random_forest,3,47046344M-104,reference,0.0,0.32320629528392064,0
47046344M-104,2024-10-15 07:29:22.010000+00:00,not_walking,0,random_forest,3,47046344M-104,reference,0.0,0.3421597285137606,0
47046344M-104,2024-10-15 07:29:23.010000+00:00,not_walking,0,random_forest,3,47046344M-104,reference,0.0,0.32441226221428204,0
47046344M-104,2024-10-15 07:29:24.010000+00:00,not_walking,0,random_forest,3,47046344M-104,reference,0.0,0.3606434170021566,0
47046344M-104,2024-10-15 07:29:25.010000+00:00,not_walking,0,random_forest,3,47046344M-104,reference,0.0,0.37004149440529693,0
47046344M-104,2024-10-15 07:29:26.010000+00:00,not_walking,0,random_forest,3,47046344M-104,reference,0.0,0.4042168589581577,0
47046344M-104,2024-10-15 07:29:27.010000+00:00,not_walking,0,random_forest,3,47046344M-104,reference,0.0,0.38195728716942784,0
47046344M-104,2024-10-15 07:29:28.010000+00:00,not_walking,0,random_forest,3,47046344M-104,reference,0.0,0.39151529376303235,0
47046344M-104,2024-10-15 07:29:29.010000+00:00,not_walking,0,random_forest,3,47046344M-104,reference,0.0,0.38161565844154266,0
47046344M-104,2024-10-15 07:29:30.010000+00:00,not_walking,0,random_forest,3,47046344M-104,reference,0.0,0.3275087106216058,0
47046344M-104,2024-10-15 07:29:31.010000+00:00,not_walking,0,random_forest,3,47046344M-104,reference,0.0,0.35632398093543216,0
47046344M-104,2024-10-15 07:29:32.010000+00:00,not_walking,0,random_forest,3,47046344M-104,reference,0.0,0.3696561943026487,0
47046344M-104,2024-10-15 07:29:33.010000+00:00,not_walking,0,random_forest,3,47046344M-104,reference,0.0,0.3138887914843976,0
47046344M-104,2024-10-15 07:29:34.010000+00:00,not_walking,0,random_forest,3,47046344M-104,reference,0.0,0.3949791569331339,0
47046344M-104,2024-10-15 07:29:35.010000+00:00,not_walking,0,random_forest,3,47046344M-104,reference,0.0,0.3858364280356649,0
47046344M-104,2024-10-15 07:29:36.010000+00:00,not_walking,0,random_forest,3,47046344M-104,reference,0.0,0.3741894452424313,0
47046344M-104,2024-10-15 07:29:37.010000+00:00,not_walking,0,random_forest,3,47046344M-104,reference,0.0,0.3721981961747852,0
47046344M-104,2024-10-15 07:29:38.010000+00:00,not_walking,0,random_forest,3,47046344M-104,reference,0.0,0.3635823828920271,0
47046344M-104,2024-10-15 07:29:39.010000+00:00,not_walking,0,random_forest,3,47046344M-104,reference,0.0,0.35461764423692593,0
47046344M-104,2024-10-15 07:29:40.010000+00:00,not_walking,0,random_forest,3,47046344M-104,reference,0.0,0.38253783209014586,0
47046344M-104,2024-10-15 07:29:41.010000+00:00,not_walking,0,random_forest,3,47046344M-104,reference,0.0,0.3374665532404637,0
47046344M-104,2024-10-15 07:29:42.010000+00:00,not_walking,0,random_forest,3,47046344M-104,reference,0.0,0.338857520101253,0
47046344M-104,2024-10-15 07:29:43.010000+00:00,not_walking,0,random_forest,3,47046344M-104,reference,0.0,0.32553779172976843,0
47046344M-104,2024-10-15 07:29:44.010000+00:00,not_walking,0,random_forest,3,47046344M-104,reference,0.0,0.3059056390208565,0
47046344M-104,2024-10-15 07:29:45.010000+00:00,not_walking,0,random_forest,3,47046344M-104,reference,0.0,0.3376739350590533,0
47046344M-104,2024-10-15 07:29:46.010000+00:00,not_walking,0,random_forest,3,47046344M-104,reference,0.0,0.3008609465641575,0
47046344M-104,2024-10-15 07:29:47.010000+00:00,not_walking,0,random_forest,3,47046344M-104,reference,0.0,0.30541873406733316,0
47046344M-104,2024-10-15 07:29:48.010000+00:00,not_walking,0,random_forest,3,47046344M-104,reference,0.0,0.307589947710031,0
47046344M-104,2024-10-15 07:29:49.010000+00:00,not_walking,0,random_forest,3,47046344M-104,reference,0.0,0.30949436487150594,0
47046344M-104,2024-10-15 07:29:50.010000+00:00,not_walking,0,random_forest,3,47046344M-104,reference,0.0,0.3128482617293373,0
47046344M-104,2024-10-15 07:29:51.010000+00:00,not_walking,0,random_forest,3,47046344M-104,reference,0.0,0.3137265964047357,0
47046344M-104,2024-10-15 07:29:52.010000+00:00,not_walking,0,random_forest,3,47046344M-104,reference,0.0,0.28353551018407047,0
47046344M-104,2024-10-15 07:29:53.010000+00:00,not_walking,0,random_forest,3,47046344M-104,reference,0.0,0.2682693765443376,0
47046344M-104,2024-10-15 07:29:54.010000+00:00,not_walking,0,random_forest,3,47046344M-104,reference,0.0,0.31731429839286324,0
47046344M-104,2024-10-15 07:29:55.010000+00:00,not_walking,0,random_forest,3,47046344M-104,reference,0.0,0.4383032026174618,0
47046344M-104,2024-10-15 07:29:56.010000+00:00,not_walking,0,random_forest,3,47046344M-104,reference,0.0,0.4452982873172133,0
47046344M-104,2024-10-15 07:29:57.010000+00:00,not_walking,0,random_forest,3,47046344M-104,reference,0.0,0.4003909056011864,0
47046344M-104,2024-10-15 07:29:58.010000+00:00,not_walking,0,random_forest,3,47046344M-104,reference,0.0,0.44022480349599324,0
47046344M-104,2024-10-15 07:29:59.010000+00:00,not_walking,0,random_forest,3,47046344M-104,reference,0.0,0.4308405161313515,0
47046344M-104,2024-10-15 07:30:02.010000+00:00,walking,1,random_forest,3,47046344M-104,reference,0.0,0.37949942360741123,0
47046344M-104,2024-10-15 07:30:03.010000+00:00,walking,1,random_forest,3,47046344M-104,reference,0.0,0.38248371728409736,0
47046344M-104,2024-10-15 07:30:04.010000+00:00,walking,1,random_forest,3,47046344M-104,reference,0.0,0.3582189115783786,0
47046344M-104,2024-10-15 07:30:05.010000+00:00,walking,1,random_forest,3,47046344M-104,reference,0.0,0.3861350214453707,0
47046344M-104,2024-10-15 07:30:06.010000+00:00,walking,1,random_forest,3,47046344M-104,reference,0.0,0.33667447651870824,0
47046344M-104,2024-10-15 07:30:07.010000+00:00,walking,1,random_forest,3,47046344M-104,reference,0.0,0.36746698946177836,0
47046344M-104,2024-10-15 07:30:08.010000+00:00,walking,1,random_forest,3,47046344M-104,reference,0.0,0.3527316773771439,0
47046344M-104,2024-10-15 07:30:09.010000+00:00,walking,1,random_forest,3,47046344M-104,reference,0.0,0.4007052242814634,0
47046344M-104,2024-10-15 07:30:10.010000+00:00,walking,1,random_forest,3,47046344M-104,reference,0.0,0.4158916204307728,0
47046344M-104,2024-10-15 07:30:11.010000+00:00,walking,1,random_forest,3,47046344M-104,reference,0.0,0.39616379971947474,0
47046344M-104,2024-10-15 07:30:12.010000+00:00,walking,1,random_forest,3,47046344M-104,reference,0.0,0.3660021001786732,0
47046344M-104,2024-10-15 07:30:13.010000+00:00,walking,1,random_forest,3,47046344M-104,reference,0.0,0.36122208815658075,0
47046344M-104,2024-10-15 07:30:14.010000+00:00,walking,1,random_forest,3,47046344M-104,reference,0.0,0.35079081591072525,0
47046344M-104,2024-10-15 07:30:15.010000+00:00,walking,1,random_forest,3,47046344M-104,reference,0.0,0.3975985693278131,0
47046344M-104,2024-10-15 07:30:16.010000+00:00,not_walking,0,random_forest,3,47046344M-104,reference,0.0,0.3881168710774963,0
47046344M-104,2024-10-15 07:30:17.010000+00:00,not_walking,0,random_forest,3,47046344M-104,reference,0.0,0.3739033964190908,0
47046344M-104,2024-10-15 07:30:18.010000+00:00,not_walking,0,random_forest,3,47046344M-104,reference,0.0,0.39699446024387036,0
47046344M-104,2024-10-15 07:30:19.010000+00:00,not_walking,0,random_forest,3,47046344M-104,reference,0.0,0.3959544698023985,0
47046344M-104,2024-10-15 07:30:20.010000+00:00,not_walking,0,random_forest,3,47046344M-104,reference,0.0,0.35211090557973385,0
47046344M-104,2024-10-15 07:30:21.010000+00:00,not_walking,0,random_forest,3,47046344M-104,reference,0.0,0.38567583127092137,0
47046344M-104,2024-10-15 07:30:22.010000+00:00,not_walking,0,random_forest,3,47046344M-104,reference,0.0,0.40796788033326076,0
47046344M-104,2024-10-15 07:30:23.010000+00:00,not_walking,0,random_forest,3,47046344M-104,reference,0.0,0.3794131059558959,0
47046344M-104,2024-10-15 07:30:24.010000+00:00,not_walking,0,random_forest,3,47046344M-104,reference,0.0,0.39634618341824857,0
47046344M-104,2024-10-15 07:30:25.010000+00:00,not_walking,0,random_forest,3,47046344M-104,reference,0.0,0.39537683353634895,0
47046344M-104,2024-10-15 07:30:26.010000+00:00,not_walking,0,random_forest,3,47046344M-104,reference,0.0,0.39066568781539174,0
47046344M-104,2024-10-15 07:30:27.010000+00:00,not_walking,0,random_forest,3,47046344M-104,reference,0.0,0.3888774803244382,0
47046344M-104,2024-10-15 07:30:28.010000+00:00,not_walking,0,random_forest,3,47046344M-104,reference,0.0,0.3725608856148854,0
47046344M-104,2024-10-15 07:30:29.010000+00:00,not_walking,0,random_forest,3,47046344M-104,reference,0.0,0.37295881363795164,0
47046344M-104,2024-10-15 07:30:30.010000+00:00,not_walking,0,random_forest,3,47046344M-104,reference,0.0,0.3972540305688233,0
47046344M-104,2024-10-15 07:30:31.010000+00:00,not_walking,0,random_forest,3,47046344M-104,reference,0.0,0.3748379149699217,0
47046344M-104,2024-10-15 07:30:32.010000+00:00,not_walking,0,random_forest,3,47046344M-104,reference,0.0,0.4033669064453267,0
47046344M-104,2024-10-15 07:30:33.010000+00:00,not_walking,0,random_forest,3,47046344M-104,reference,0.0,0.3700628650360021,0
47046344M-104,2024-10-15 07:30:34.010000+00:00,not_walking,0,random_forest,3,47046344M-104,reference,0.0,0.41988186089018076,0
47046344M-104,2024-10-15 07:30:35.010000+00:00,not_walking,0,random_forest,3,47046344M-104,reference,0.0,0.40745210379277735,0
47046344M-104,2024-10-15 07:30:36.010000+00:00,not_walking,0,random_forest,3,47046344M-104,reference,0.0,0.40618762894541,0
47046344M-104,2024-10-15 07:30:37.010000+00:00,not_walking,0,random_forest,3,47046344M-104,reference,0.0,0.3349848995607843,0
47046344M-104,2024-10-15 07:30:38.010000+00:00,not_walking,0,random_forest,3,47046344M-104,reference,0.0,0.3929279425235703,0
47046344M-104,2024-10-15 07:30:39.010000+00:00,not_walking,0,random_forest,3,47046344M-104,reference,0.0,0.3223386755870612,0
47046344M-104,2024-10-15 07:30:40.010000+00:00,not_walking,0,random_forest,3,47046344M-104,reference,0.0,0.380194969071801,0
47046344M-104,2024-10-15 07:30:41.010000+00:00,not_walking,0,random_forest,3,47046344M-104,reference,0.0,0.3659931874477353,0
47046344M-104,2024-10-15 07:30:42.010000+00:00,not_walking,0,random_forest,3,47046344M-104,reference,0.0,0.38391115096303063,0
47046344M-104,2024-10-15 07:30:43.010000+00:00,not_walking,0,random_forest,3,47046344M-104,reference,0.0,0.3909571013875399,0
47046344M-104,2024-10-15 07:30:44.010000+00:00,not_walking,0,random_forest,3,47046344M-104,reference,0.0,0.3856024584934692,0
47046344M-104,2024-10-15 07:30:45.010000+00:00,not_walking,0,random_forest,3,47046344M-104,reference,0.0,0.3633395614835104,0
47046344M-104,2024-10-15 07:30:46.010000+00:00,not_walking,0,random_forest,3,47046344M-104,reference,0.0,0.39785288893043375,0
47046344M-104,2024-10-15 07:30:47.010000+00:00,not_walking,0,random_forest,3,47046344M-104,reference,0.0,0.4071339931545613,0
47046344M-104,2024-10-15 07:30:48.010000+00:00,not_walking,0,random_forest,3,47046344M-104,reference,0.0,0.4026993312828386,0
47046344M-104,2024-10-15 07:30:49.010000+00:00,not_walking,0,random_forest,3,47046344M-104,reference,0.0,0.3415146673870899,0
47046344M-104,2024-10-15 07:30:50.010000+00:00,not_walking,0,random_forest,3,47046344M-104,reference,0.0,0.3960683286639268,0
47046344M-104,2024-10-15 07:30:51.010000+00:00,not_walking,0,random_forest,3,47046344M-104,reference,0.0,0.3810458985559517,0
47046344M-104,2024-10-15 07:30:52.010000+00:00,not_walking,0,random_forest,3,47046344M-104,reference,0.0,0.40375953468427844,0
47046344M-104,2024-10-15 07:30:53.010000+00:00,not_walking,0,random_forest,3,47046344M-104,reference,0.0,0.40392597539687375,0
47046344M-104,2024-10-15 07:30:54.010000+00:00,not_walking,0,random_forest,3,47046344M-104,reference,0.0,0.4013581210492995,0
47046344M-104,2024-10-15 07:30:55.010000+00:00,not_walking,0,random_forest,3,47046344M-104,reference,0.0,0.4023255062541934,0
47046344M-104,2024-10-15 07:30:56.010000+00:00,not_walking,0,random_forest,3,47046344M-104,reference,0.0,0.405054977658298,0
47046344M-104,2024-10-15 07:30:57.010000+00:00,not_walking,0,random_forest,3,47046344M-104,reference,0.0,0.38881280394873924,0
47046344M-104,2024-10-15 07:30:58.010000+00:00,not_walking,0,random_forest,3,47046344M-104,reference,0.0,0.36125472665886105,0
47046344M-104,2024-10-15 07:30:59.010000+00:00,not_walking,0,random_forest,3,47046344M-104,reference,0.0,0.3993384038603731,0
47046344M-104,2024-10-15 07:31:00.010000+00:00,not_walking,0,random_forest,3,47046344M-104,reference,0.0,0.39377171136421135,0
47046344M-104,2024-10-15 07:31:01.010000+00:00,not_walking,0,random_forest,3,47046344M-104,reference,0.0,0.3905371312707588,0
47046344M-104,2024-10-15 07:31:02.010000+00:00,not_walking,0,random_forest,3,47046344M-104,reference,0.0,0.3833057942494751,0
47046344M-104,2024-10-15 07:31:03.010000+00:00,not_walking,0,random_forest,3,47046344M-104,reference,0.0,0.4070457537423238,0
47046344M-104,2024-10-15 07:31:04.010000+00:00,not_walking,0,random_forest,3,47046344M-104,reference,0.0,0.4157219811876352,0
47046344M-104,2024-10-15 07:31:05.010000+00:00,not_walking,0,random_forest,3,47046344M-104,reference,0.0,0.3993500163503974,0
47046344M-104,2024-10-15 07:31:06.010000+00:00,not_walking,0,random_forest,3,47046344M-104,reference,0.0,0.37953395887808894,0
47046344M-104,2024-10-15 07:31:07.010000+00:00,not_walking,0,random_forest,3,47046344M-104,reference,0.0,0.40521006919495584,0
47046344M-104,2024-10-15 07:31:08.010000+00:00,not_walking,0,random_forest,3,47046344M-104,reference,0.0,0.39443399654636646,0
47046344M-104,2024-10-15 07:31:09.010000+00:00,not_walking,0,random_forest,3,47046344M-104,reference,0.0,0.39992373504919754,0
47046344M-104,2024-10-15 07:31:10.010000+00:00,not_walking,0,random_forest,3,47046344M-104,reference,0.0,0.36185583735477567,0
47046344M-104,2024-10-15 07:31:11.010000+00:00,not_walking,0,random_forest,3,47046344M-104,reference,0.0,0.2989584334085841,0
47046344M-104,2024-10-15 07:31:12.010000+00:00,not_walking,0,random_forest,3,47046344M-104,reference,0.0,0.2862450282980875,0
47046344M-104,2024-10-15 07:31:13.010000+00:00,not_walking,0,random_forest,3,47046344M-104,reference,0.0,0.31688790053596594,0
47046344M-104,2024-10-15 07:31:14.010000+00:00,not_walking,0,random_forest,3,47046344M-104,reference,0.0,0.3081395244386731,0
47046344M-104,2024-10-15 07:31:15.010000+00:00,not_walking,0,random_forest,3,47046344M-104,reference,0.0,0.2895457354654145,0
47046344M-104,2024-10-15 07:31:16.010000+00:00,not_walking,0,random_forest,3,47046344M-104,reference,0.0,0.3493248987948888,0
47046344M-104,2024-10-15 07:31:17.010000+00:00,not_walking,0,random_forest,3,47046344M-104,reference,0.0,0.27294038724885006,0
47046344M-104,2024-10-15 07:31:18.010000+00:00,not_walking,0,random_forest,3,47046344M-104,reference,0.0,0.2768977310118508,0
47046344M-104,2024-10-15 07:31:19.010000+00:00,not_walking,0,random_forest,3,47046344M-104,reference,0.0,0.2767310011190501,0
47046344M-104,2024-10-15 07:31:20.010000+00:00,not_walking,0,random_forest,3,47046344M-104,reference,0.0,0.28337094458880047,0
47046344M-104,2024-10-15 07:31:21.010000+00:00,not_walking,0,random_forest,3,47046344M-104,reference,0.0,0.3077172442336826,0
47046344M-104,2024-10-15 07:31:22.010000+00:00,not_walking,0,random_forest,3,47046344M-104,reference,0.0,0.23576846242623442,0
47046344M-104,2024-10-15 07:31:23.010000+00:00,not_walking,0,random_forest,3,47046344M-104,reference,0.0,0.32070153493246417,0
47046344M-104,2024-10-15 07:31:24.010000+00:00,not_walking,0,random_forest,3,47046344M-104,reference,0.0,0.29026744212551253,0
47046344M-104,2024-10-15 07:31:25.010000+00:00,not_walking,0,random_forest,3,47046344M-104,reference,0.0,0.3422173983555266,0
47046344M-104,2024-10-15 07:31:26.010000+00:00,not_walking,0,random_forest,3,47046344M-104,reference,0.0,0.34944576369643987,0
47046344M-104,2024-10-15 07:31:27.010000+00:00,not_walking,0,random_forest,3,47046344M-104,reference,0.0,0.3490917370257896,0
47046344M-104,2024-10-15 07:31:28.010000+00:00,not_walking,0,random_forest,3,47046344M-104,reference,0.0,0.39287581713729464,0
47046344M-104,2024-10-15 07:31:29.010000+00:00,not_walking,0,random_forest,3,47046344M-104,reference,0.0,0.28696136515221526,0
47046344M-104,2024-10-15 07:31:30.010000+00:00,not_walking,0,random_forest,3,47046344M-104,reference,0.0,0.28251608873767975,0
47046344M-104,2024-10-15 07:31:31.010000+00:00,not_walking,0,random_forest,3,47046344M-104,reference,0.0,0.27242240239565757,0
47046344M-104,2024-10-15 07:31:32.010000+00:00,not_walking,0,random_forest,3,47046344M-104,reference,0.0,0.3181739371277025,0
47046344M-104,2024-10-15 07:31:33.010000+00:00,not_walking,0,random_forest,3,47046344M-104,reference,0.0,0.35789368261156596,0
47046344M-104,2024-10-15 07:31:34.010000+00:00,not_walking,0,random_forest,3,47046344M-104,reference,0.0,0.38096100881065575,0
47046344M-104,2024-10-15 07:31:35.010000+00:00,not_walking,0,random_forest,3,47046344M-104,reference,0.0,0.36490449264877567,0
47046344M-104,2024-10-15 07:31:36.010000+00:00,not_walking,0,random_forest,3,47046344M-104,reference,0.0,0.3469379996740985,0
47046344M-104,2024-10-15 07:31:37.010000+00:00,not_walking,0,random_forest,3,47046344M-104,reference,0.0,0.3588985567472005,0
47046344M-104,2024-10-15 07:31:38.010000+00:00,not_walking,0,random_forest,3,47046344M-104,reference,0.0,0.3439795922533026,0
47046344M-104,2024-10-15 07:31:39.010000+00:00,not_walking,0,random_forest,3,47046344M-104,reference,0.0,0.3623397928486358,0
47046344M-104,2024-10-15 07:31:40.010000+00:00,not_walking,0,random_forest,3,47046344M-104,reference,0.0,0.37068202960027613,0
47046344M-104,2024-10-15 07:31:41.010000+00:00,not_walking,0,random_forest,3,47046344M-104,reference,0.0,0.3839450028165311,0
47046344M-104,2024-10-15 07:31:42.010000+00:00,not_walking,0,random_forest,3,47046344M-104,reference,0.0,0.3733485388168824,0
47046344M-104,2024-10-15 07:31:43.010000+00:00,not_walking,0,random_forest,3,47046344M-104,reference,0.0,0.32460294682633295,0
47046344M-104,2024-10-15 07:31:44.010000+00:00,not_walking,0,random_forest,3,47046344M-104,reference,0.0,0.3655821205355098,0
47046344M-104,2024-10-15 07:31:45.010000+00:00,not_walking,0,random_forest,3,47046344M-104,reference,0.0,0.33085032911874634,0
47046344M-104,2024-10-15 07:31:46.010000+00:00,not_walking,0,random_forest,3,47046344M-104,reference,0.0,0.3210598396221848,0
47046344M-104,2024-10-15 07:31:47.010000+00:00,not_walking,0,random_forest,3,47046344M-104,reference,0.0,0.32248963527191843,0
47046344M-104,2024-10-15 07:31:48.010000+00:00,not_walking,0,random_forest,3,47046344M-104,reference,0.0,0.36634463205031753,0
47046344M-104,2024-10-15 07:31:49.010000+00:00,not_walking,0,random_forest,3,47046344M-104,reference,0.0,0.3897411939773297,0
47046344M-104,2024-10-15 07:31:50.010000+00:00,not_walking,0,random_forest,3,47046344M-104,reference,0.0,0.4229023171855342,0
47046344M-104,2024-10-15 07:31:54.020000+00:00,walking,1,random_forest,3,47046344M-104,reference,0.0,0.403976641820607,0
47046344M-104,2024-10-15 07:31:55.020000+00:00,walking,1,random_forest,3,47046344M-104,reference,0.0,0.399416474043249,0
47046344M-104,2024-10-15 07:31:56.020000+00:00,walking,1,random_forest,3,47046344M-104,reference,0.0,0.4113022351932877,0
47046344M-104,2024-10-15 07:31:57.020000+00:00,walking,1,random_forest,3,47046344M-104,reference,0.0,0.3999816368356573,0
47046344M-104,2024-10-15 07:31:58.020000+00:00,walking,1,random_forest,3,47046344M-104,reference,0.0,0.34191799545714985,0
47046344M-104,2024-10-15 07:31:59.020000+00:00,walking,1,random_forest,3,47046344M-104,reference,0.0,0.33709246124156705,0
47046344M-104,2024-10-15 07:32:00.020000+00:00,walking,1,random_forest,3,47046344M-104,reference,0.0,0.35788490809561135,0
47046344M-104,2024-10-15 07:32:01.020000+00:00,walking,1,random_forest,3,47046344M-104,reference,0.0,0.33036510453899653,0
47046344M-104,2024-10-15 07:32:02.020000+00:00,walking,1,random_forest,3,47046344M-104,reference,0.0,0.37284128700179625,0
47046344M-104,2024-10-15 07:32:03.020000+00:00,walking,1,random_forest,3,47046344M-104,reference,0.0,0.3690235946647281,0
47046344M-104,2024-10-15 07:32:04.020000+00:00,walking,1,random_forest,3,47046344M-104,reference,0.0,0.38824254921046747,0
47046344M-104,2024-10-15 07:32:05.020000+00:00,walking,1,random_forest,3,47046344M-104,reference,0.0,0.3011600967605048,0
47046344M-104,2024-10-15 07:32:06.020000+00:00,walking,1,random_forest,3,47046344M-104,reference,0.0,0.4064657565879399,0
47046344M-104,2024-10-15 07:32:07.020000+00:00,walking,1,random_forest,3,47046344M-104,reference,0.0,0.3671195857031892,0
47046344M-104,2024-10-15 07:32:08.020000+00:00,walking,1,random_forest,3,47046344M-104,reference,0.0,0.3426246705265049,0
47046344M-104,2024-10-15 07:32:09.020000+00:00,walking,1,random_forest,3,47046344M-104,reference,0.0,0.37446479169958463,0
47046344M-104,2024-10-15 07:32:10.020000+00:00,walking,1,random_forest,3,47046344M-104,reference,0.0,0.371393505343375,0
47046344M-104,2024-10-15 07:32:11.020000+00:00,walking,1,random_forest,3,47046344M-104,reference,0.0,0.35962765394089685,0
47046344M-104,2024-10-15 07:32:12.020000+00:00,walking,1,random_forest,3,47046344M-104,reference,0.0,0.313625771022926,0
47046344M-104,2024-10-15 07:32:13.020000+00:00,walking,1,random_forest,3,47046344M-104,reference,0.0,0.3733843456054215,0
47046344M-104,2024-10-15 07:32:14.020000+00:00,walking,1,random_forest,3,47046344M-104,reference,0.0,0.3695397388572212,0
47046344M-104,2024-10-15 07:32:15.020000+00:00,walking,1,random_forest,3,47046344M-104,reference,0.0,0.3685427469398242,0
47046344M-104,2024-10-15 07:32:16.020000+00:00,walking,1,random_forest,3,47046344M-104,reference,0.0,0.37623032312701743,0
47046344M-104,2024-10-15 07:32:17.020000+00:00,walking,1,random_forest,3,47046344M-104,reference,0.0,0.3719625602855483,0
47046344M-104,2024-10-15 07:32:18.020000+00:00,walking,1,random_forest,3,47046344M-104,reference,0.0,0.34878620798502186,0
47046344M-104,2024-10-15 07:32:19.020000+00:00,walking,1,random_forest,3,47046344M-104,reference,0.0,0.36562917580982884,0
47046344M-104,2024-10-15 07:32:20.020000+00:00,walking,1,random_forest,3,47046344M-104,reference,0.0,0.3682368095119787,0
47046344M-104,2024-10-15 07:32:21.020000+00:00,walking,1,random_forest,3,47046344M-104,reference,0.0,0.3354622389636157,0
47046344M-104,2024-10-15 07:32:22.020000+00:00,walking,1,random_forest,3,47046344M-104,reference,0.0,0.27323786386962645,0
47046344M-104,2024-10-15 07:32:23.020000+00:00,walking,1,random_forest,3,47046344M-104,reference,0.0,0.28076709100470104,0
47046344M-104,2024-10-15 07:32:24.020000+00:00,walking,1,random_forest,3,47046344M-104,reference,0.0,0.28307085211926425,0
47046344M-104,2024-10-15 07:32:25.020000+00:00,walking,1,random_forest,3,47046344M-104,reference,0.0,0.28501495079961875,0
47046344M-104,2024-10-15 07:32:26.020000+00:00,walking,1,random_forest,3,47046344M-104,reference,0.0,0.28296617897158305,0
47046344M-104,2024-10-15 07:32:27.020000+00:00,walking,1,random_forest,3,47046344M-104,reference,0.0,0.28661798714121756,0
47046344M-104,2024-10-15 07:32:28.020000+00:00,walking,1,random_forest,3,47046344M-104,reference,0.0,0.2978689735312877,0
47046344M-104,2024-10-15 07:33:39.020000+00:00,walking,1,random_forest,3,47046344M-104,reference,0.0,0.29666655401641323,0
47046344M-104,2024-10-15 07:33:40.020000+00:00,walking,1,random_forest,3,47046344M-104,reference,0.0,0.37206459728914154,0
47046344M-104,2024-10-15 07:33:41.020000+00:00,walking,1,random_forest,3,47046344M-104,reference,0.0,0.3256006443714312,0
47046344M-104,2024-10-15 07:33:42.020000+00:00,walking,1,random_forest,3,47046344M-104,reference,0.0,0.3203549883584879,0
47046344M-104,2024-10-15 07:33:43.020000+00:00,walking,1,random_forest,3,47046344M-104,reference,0.0,0.30407630803207675,0
47046344M-104,2024-10-15 07:33:44.020000+00:00,walking,1,random_forest,3,47046344M-104,reference,0.0,0.32720595783330286,0
47046344M-104,2024-10-15 07:33:45.020000+00:00,walking,1,random_forest,3,47046344M-104,reference,0.0,0.3434187898583008,0
47046344M-104,2024-10-15 07:33:46.020000+00:00,walking,1,random_forest,3,47046344M-104,reference,0.0,0.24497310744827666,0
47046344M-104,2024-10-15 07:33:47.020000+00:00,walking,1,random_forest,3,47046344M-104,reference,0.0,0.30339976618219167,0
47046344M-104,2024-10-15 07:33:48.020000+00:00,walking,1,random_forest,3,47046344M-104,reference,0.0,0.2637568979627871,0
47046344M-104,2024-10-15 07:33:49.020000+00:00,walking,1,random_forest,3,47046344M-104,reference,0.0,0.24508538250103265,0
47046344M-104,2024-10-15 07:33:50.020000+00:00,walking,1,random_forest,3,47046344M-104,reference,0.0,0.30952818745970884,0
47046344M-104,2024-10-15 07:33:51.020000+00:00,walking,1,random_forest,3,47046344M-104,reference,0.0,0.23315079271990535,0
47046344M-104,2024-10-15 07:33:52.020000+00:00,walking,1,random_forest,3,47046344M-104,reference,0.0,0.2847115729301405,0
47046344M-104,2024-10-15 07:33:53.020000+00:00,walking,1,random_forest,3,47046344M-104,reference,0.0,0.2878921116731435,0
47046344M-104,2024-10-15 07:33:54.020000+00:00,walking,1,random_forest,3,47046344M-104,reference,0.0,0.305078045957797,0
47046344M-104,2024-10-15 07:33:55.020000+00:00,walking,1,random_forest,3,47046344M-104,reference,0.0,0.2999609605445555,0
47046344M-104,2024-10-15 07:33:56.020000+00:00,walking,1,random_forest,3,47046344M-104,reference,0.0,0.3704216912742958,0
47046344M-104,2024-10-15 07:33:57.020000+00:00,walking,1,random_forest,3,47046344M-104,reference,0.0,0.3239477785961553,0
47046344M-104,2024-10-15 07:33:58.020000+00:00,walking,1,random_forest,3,47046344M-104,reference,0.0,0.3176972170484236,0
47046344M-104,2024-10-15 07:33:59.020000+00:00,walking,1,random_forest,3,47046344M-104,reference,0.0,0.37481210673247217,0
47046344M-104,2024-10-15 07:34:00.020000+00:00,walking,1,random_forest,3,47046344M-104,reference,0.0,0.3347074691903472,0
47046344M-104,2024-10-15 07:34:01.020000+00:00,walking,1,random_forest,3,47046344M-104,reference,0.0,0.31834492084815696,0
47046344M-104,2024-10-15 07:34:02.020000+00:00,walking,1,random_forest,3,47046344M-104,reference,0.0,0.3756178398948398,0
47046344M-104,2024-10-15 07:34:03.020000+00:00,walking,1,random_forest,3,47046344M-104,reference,0.0,0.4769501458677355,0
47046344M-104,2024-10-15 07:34:04.020000+00:00,walking,1,random_forest,3,47046344M-104,reference,0.0,0.4128848387190007,0
47046344M-104,2024-10-15 07:34:05.020000+00:00,walking,1,random_forest,3,47046344M-104,reference,0.0,0.4135576801357589,0
47046344M-104,2024-10-15 07:34:06.020000+00:00,walking,1,random_forest,3,47046344M-104,reference,0.0,0.385956653838145,0
47046344M-104,2024-10-15 07:34:07.020000+00:00,walking,1,random_forest,3,47046344M-104,reference,0.0,0.3476919704489612,0
47046344M-104,2024-10-15 07:34:08.020000+00:00,walking,1,random_forest,3,47046344M-104,reference,0.0,0.35725477185151494,0
47046344M-104,2024-10-15 07:34:09.020000+00:00,walking,1,random_forest,3,47046344M-104,reference,0.0,0.3372455400156034,0
47046344M-104,2024-10-15 07:34:10.020000+00:00,walking,1,random_forest,3,47046344M-104,reference,0.0,0.22685017367002924,0
47046344M-104,2024-10-15 07:34:11.020000+00:00,walking,1,random_forest,3,47046344M-104,reference,0.0,0.26748083794499505,0
47046344M-104,2024-10-15 07:34:12.020000+00:00,walking,1,random_forest,3,47046344M-104,reference,0.0,0.23896309634877544,0
47046344M-104,2024-10-15 07:34:13.020000+00:00,walking,1,random_forest,3,47046344M-104,reference,0.0,0.28570856401233824,0
47046344M-104,2024-10-15 07:34:14.020000+00:00,walking,1,random_forest,3,47046344M-104,reference,0.0,0.3039843343363639,0
47046344M-104,2024-10-15 07:34:15.020000+00:00,walking,1,random_forest,3,47046344M-104,reference,0.0,0.3005031304890691,0
47046344M-104,2024-10-15 07:34:16.020000+00:00,walking,1,random_forest,3,47046344M-104,reference,0.0,0.36984202715077535,0
47046344M-104,2024-10-15 07:34:17.020000+00:00,walking,1,random_forest,3,47046344M-104,reference,0.0,0.3008473443070631,0
47046344M-104,2024-10-15 07:34:18.020000+00:00,walking,1,random_forest,3,47046344M-104,reference,0.0,0.3019225433238753,0
47046344M-104,2024-10-15 07:34:19.020000+00:00,walking,1,random_forest,3,47046344M-104,reference,0.0,0.31170372813121233,0
47046344M-104,2024-10-15 07:34:20.020000+00:00,walking,1,random_forest,3,47046344M-104,reference,0.0,0.2725993923830122,0
47046344M-104,2024-10-15 07:34:21.020000+00:00,walking,1,random_forest,3,47046344M-104,reference,0.0,0.2564291075150078,0
47046344M-104,2024-10-15 07:34:22.020000+00:00,walking,1,random_forest,3,47046344M-104,reference,0.0,0.29294990394713966,0
47046344M-104,2024-10-15 07:34:23.020000+00:00,walking,1,random_forest,3,47046344M-104,reference,0.0,0.2617851677533117,0
47046344M-104,2024-10-15 07:34:24.020000+00:00,walking,1,random_forest,3,47046344M-104,reference,0.0,0.2787122096814599,0
47046344M-104,2024-10-15 07:34:25.020000+00:00,walking,1,random_forest,3,47046344M-104,reference,0.0,0.30320315491373634,0
47046344M-104,2024-10-15 07:34:26.020000+00:00,walking,1,random_forest,3,47046344M-104,reference,0.0,0.3443482508221668,0
47046344M-104,2024-10-15 07:34:27.020000+00:00,walking,1,random_forest,3,47046344M-104,reference,0.0,0.2981261902992463,0
47046344M-104,2024-10-15 07:34:28.020000+00:00,walking,1,random_forest,3,47046344M-104,reference,0.0,0.23378302597601505,0
47046344M-104,2024-10-15 07:34:29.020000+00:00,walking,1,random_forest,3,47046344M-104,reference,0.0,0.2848233055671486,0
47046344M-104,2024-10-15 07:34:30.020000+00:00,walking,1,random_forest,3,47046344M-104,reference,0.0,0.2860519459779084,0
47046344M-104,2024-10-15 07:34:31.020000+00:00,walking,1,random_forest,3,47046344M-104,reference,0.0,0.3046626273110872,0
47046344M-104,2024-10-15 07:34:32.020000+00:00,walking,1,random_forest,3,47046344M-104,reference,0.0,0.35048298079303414,0
47046344M-104,2024-10-15 07:34:33.020000+00:00,walking,1,random_forest,3,47046344M-104,reference,0.0,0.29517318784466406,0
47046344M-104,2024-10-15 07:34:34.020000+00:00,walking,1,random_forest,3,47046344M-104,reference,0.0,0.25488571994319154,0
47046344M-104,2024-10-15 07:34:35.020000+00:00,walking,1,random_forest,3,47046344M-104,reference,0.0,0.3078970606725668,0
47046344M-104,2024-10-15 07:34:36.020000+00:00,walking,1,random_forest,3,47046344M-104,reference,0.0,0.30396543799031533,0
47046344M-104,2024-10-15 07:34:37.020000+00:00,walking,1,random_forest,3,47046344M-104,reference,0.0,0.24796617059981652,0
47046344M-104,2024-10-15 07:34:38.020000+00:00,walking,1,random_forest,3,47046344M-104,reference,0.0,0.325605136911081,0
47046344M-104,2024-10-15 07:34:39.020000+00:00,walking,1,random_forest,3,47046344M-104,reference,0.0,0.42044315766646595,0
47046344M-104,2024-10-15 07:34:40.020000+00:00,walking,1,random_forest,3,47046344M-104,reference,0.0,0.4848314104755705,0
47046344M-104,2024-10-15 07:34:41.020000+00:00,walking,1,random_forest,3,47046344M-104,reference,0.0,0.40937562282798673,0
47046344M-104,2024-10-15 07:34:42.020000+00:00,walking,1,random_forest,3,47046344M-104,reference,0.0,0.46011544537818255,0
47046344M-104,2024-10-15 07:34:43.020000+00:00,walking,1,random_forest,3,47046344M-104,reference,0.0,0.4232891307153309,0
47046344M-104,2024-10-15 07:34:44.020000+00:00,walking,1,random_forest,3,47046344M-104,reference,0.0,0.4257504165849154,0
47046344M-104,2024-10-15 07:34:45.020000+00:00,walking,1,random_forest,3,47046344M-104,reference,0.0,0.28356788245677655,0
47046344M-104,2024-10-15 07:34:46.020000+00:00,walking,1,random_forest,3,47046344M-104,reference,0.0,0.3377669047413311,0
47046344M-104,2024-10-15 07:34:47.020000+00:00,walking,1,random_forest,3,47046344M-104,reference,0.0,0.32311036039281554,0
47046344M-104,2024-10-15 07:34:48.020000+00:00,walking,1,random_forest,3,47046344M-104,reference,0.0,0.26778106942479946,0
47046344M-104,2024-10-15 07:34:49.020000+00:00,walking,1,random_forest,3,47046344M-104,reference,0.0,0.30519132281642875,0
47046344M-104,2024-10-15 07:34:50.020000+00:00,walking,1,random_forest,3,47046344M-104,reference,0.0,0.3336732729688708,0
47046344M-104,2024-10-15 07:34:51.020000+00:00,walking,1,random_forest,3,47046344M-104,reference,0.0,0.338934095183649,0
47046344M-104,2024-10-15 07:34:52.020000+00:00,walking,1,random_forest,3,47046344M-104,reference,0.0,0.2925281670738833,0
47046344M-104,2024-10-15 07:34:53.020000+00:00,walking,1,random_forest,3,47046344M-104,reference,0.0,0.3777711991552819,0
47046344M-104,2024-10-15 07:34:54.020000+00:00,walking,1,random_forest,3,47046344M-104,reference,0.0,0.2983431075439285,0
47046344M-104,2024-10-15 07:34:55.020000+00:00,walking,1,random_forest,3,47046344M-104,reference,0.0,0.42543087566926197,0
47046344M-104,2024-10-15 07:34:56.020000+00:00,walking,1,random_forest,3,47046344M-104,reference,0.0,0.484086433030591,0
47046344M-104,2024-10-15 07:34:57.020000+00:00,walking,1,random_forest,3,47046344M-104,reference,0.0,0.38757890862473293,0
47046344M-104,2024-10-15 07:34:58.020000+00:00,walking,1,random_forest,3,47046344M-104,reference,0.0,0.4123397880993465,0
47046344M-104,2024-10-15 07:34:59.020000+00:00,walking,1,random_forest,3,47046344M-104,reference,0.0,0.4456344205429458,0
47046344M-104,2024-10-15 07:35:00.020000+00:00,walking,1,random_forest,3,47046344M-104,reference,0.0,0.3745438237184181,0
47046344M-104,2024-10-15 07:35:01.020000+00:00,walking,1,random_forest,3,47046344M-104,reference,0.0,0.4436179469933294,0
47046344M-104,2024-10-15 07:35:02.020000+00:00,walking,1,random_forest,3,47046344M-104,reference,0.0,0.39255190416078173,0
47046344M-104,2024-10-15 07:35:03.020000+00:00,walking,1,random_forest,3,47046344M-104,reference,0.0,0.4468185256018449,0
47046344M-104,2024-10-15 07:35:04.020000+00:00,walking,1,random_forest,3,47046344M-104,reference,0.0,0.3582307417325635,0
47046344M-104,2024-10-15 07:35:05.020000+00:00,walking,1,random_forest,3,47046344M-104,reference,0.0,0.3293979085763753,0
47046344M-104,2024-10-15 07:35:06.020000+00:00,walking,1,random_forest,3,47046344M-104,reference,0.0,0.3834952094154115,0
47046344M-104,2024-10-15 07:35:07.020000+00:00,walking,1,random_forest,3,47046344M-104,reference,0.0,0.38897670349682906,0
47046344M-104,2024-10-15 07:35:08.020000+00:00,walking,1,random_forest,3,47046344M-104,reference,0.0,0.3699941270683328,0
47046344M-104,2024-10-15 07:35:09.020000+00:00,walking,1,random_forest,3,47046344M-104,reference,0.0,0.48937317331927904,0
47046344M-104,2024-10-15 07:35:10.020000+00:00,walking,1,random_forest,3,47046344M-104,reference,0.0,0.4290077755144418,0
47046344M-104,2024-10-15 07:35:11.020000+00:00,walking,1,random_forest,3,47046344M-104,reference,0.0,0.42372121905918797,0
47046344M-104,2024-10-15 07:35:12.020000+00:00,walking,1,random_forest,3,47046344M-104,reference,0.0,0.4054953693172178,0
47046344M-104,2024-10-15 07:35:13.020000+00:00,walking,1,random_forest,3,47046344M-104,reference,0.0,0.3487382563957558,0
47046344M-104,2024-10-15 07:35:14.020000+00:00,walking,1,random_forest,3,47046344M-104,reference,0.0,0.259567372852563,0
47046344M-104,2024-10-15 07:35:15.020000+00:00,walking,1,random_forest,3,47046344M-104,reference,0.0,0.3130560781977374,0
47046344M-104,2024-10-15 07:35:16.020000+00:00,walking,1,random_forest,3,47046344M-104,reference,0.0,0.27525416326241553,0
47046344M-104,2024-10-15 07:35:17.020000+00:00,walking,1,random_forest,3,47046344M-104,reference,0.0,0.31907382726961425,0
47046344M-104,2024-10-15 07:35:18.020000+00:00,walking,1,random_forest,3,47046344M-104,reference,0.0,0.27856779077386135,0
47046344M-104,2024-10-15 07:35:19.020000+00:00,walking,1,random_forest,3,47046344M-104,reference,0.0,0.3099060483073913,0
47046344M-104,2024-10-15 07:35:20.020000+00:00,walking,1,random_forest,3,47046344M-104,reference,0.0,0.3607230142389097,0
47046344M-104,2024-10-15 07:35:21.020000+00:00,walking,1,random_forest,3,47046344M-104,reference,0.0,0.3402705364167928,0
47046344M-104,2024-10-15 07:35:22.020000+00:00,walking,1,random_forest,3,47046344M-104,reference,0.0,0.234690278428558,0
47046344M-104,2024-10-15 07:35:23.020000+00:00,walking,1,random_forest,3,47046344M-104,reference,0.0,0.39288106920304383,0
47046344M-104,2024-10-15 07:35:24.020000+00:00,walking,1,random_forest,3,47046344M-104,reference,0.0,0.5027075529833059,1
47046344M-104,2024-10-15 07:35:25.020000+00:00,walking,1,random_forest,3,47046344M-104,reference,0.0,0.5027355571508277,1
47046344M-104,2024-10-15 07:35:26.020000+00:00,walking,1,random_forest,3,47046344M-104,reference,0.0,0.4307830575852422,0
47046344M-104,2024-10-15 07:35:27.020000+00:00,walking,1,random_forest,3,47046344M-104,reference,0.0,0.44902776376867953,0
47046344M-104,2024-10-15 07:35:28.020000+00:00,walking,1,random_forest,3,47046344M-104,reference,0.0,0.3977638895581767,0
47046344M-104,2024-10-15 07:37:19.010000+00:00,walking,1,random_forest,3,47046344M-104,reference,0.0,0.26101134807565224,0
47046344M-104,2024-10-15 07:37:20.010000+00:00,walking,1,random_forest,3,47046344M-104,reference,0.0,0.32745289224327884,0
47046344M-104,2024-10-15 07:37:21.010000+00:00,walking,1,random_forest,3,47046344M-104,reference,0.0,0.26504821033396536,0
47046344M-104,2024-10-15 07:37:22.010000+00:00,walking,1,random_forest,3,47046344M-104,reference,0.0,0.2451753482822534,0
47046344M-104,2024-10-15 07:37:23.010000+00:00,walking,1,random_forest,3,47046344M-104,reference,0.0,0.28497648203188497,0
47046344M-104,2024-10-15 07:37:24.010000+00:00,walking,1,random_forest,3,47046344M-104,reference,0.0,0.2820423511753729,0
47046344M-104,2024-10-15 07:37:25.010000+00:00,walking,1,random_forest,3,47046344M-104,reference,0.0,0.28005409263823816,0
47046344M-104,2024-10-15 07:37:26.010000+00:00,walking,1,random_forest,3,47046344M-104,reference,0.0,0.2762444391136235,0
47046344M-104,2024-10-15 07:37:27.010000+00:00,walking,1,random_forest,3,47046344M-104,reference,0.0,0.3502519065629504,0
47046344M-104,2024-10-15 07:37:28.010000+00:00,walking,1,random_forest,3,47046344M-104,reference,0.0,0.39250334419226335,0
47046344M-104,2024-10-15 07:37:29.010000+00:00,walking,1,random_forest,3,47046344M-104,reference,0.0,0.4085616258929119,0
47046344M-104,2024-10-15 07:37:30.010000+00:00,walking,1,random_forest,3,47046344M-104,reference,0.0,0.40111446770709014,0
47046344M-104,2024-10-15 07:37:31.010000+00:00,walking,1,random_forest,3,47046344M-104,reference,0.0,0.3322607945481012,0
47046344M-104,2024-10-15 07:37:32.010000+00:00,walking,1,random_forest,3,47046344M-104,reference,0.0,0.40384268653731686,0
47046344M-104,2024-10-15 07:37:33.010000+00:00,walking,1,random_forest,3,47046344M-104,reference,0.0,0.344676564404993,0
47046344M-104,2024-10-15 07:37:34.010000+00:00,walking,1,random_forest,3,47046344M-104,reference,0.0,0.2762949721712458,0
47046344M-104,2024-10-15 07:37:35.010000+00:00,walking,1,random_forest,3,47046344M-104,reference,0.0,0.3153799694754075,0
47046344M-104,2024-10-15 07:37:36.010000+00:00,walking,1,random_forest,3,47046344M-104,reference,0.0,0.2876957465856971,0
47046344M-104,2024-10-15 07:37:37.010000+00:00,walking,1,random_forest,3,47046344M-104,reference,0.0,0.22996128264128696,0
47046344M-104,2024-10-15 07:37:38.010000+00:00,walking,1,random_forest,3,47046344M-104,reference,0.0,0.2784309204369595,0
47046344M-104,2024-10-15 07:37:39.010000+00:00,walking,1,random_forest,3,47046344M-104,reference,0.0,0.29984131807017134,0
47046344M-104,2024-10-15 07:37:40.010000+00:00,walking,1,random_forest,3,47046344M-104,reference,0.0,0.33367302374410285,0
47046344M-104,2024-10-15 07:37:41.010000+00:00,walking,1,random_forest,3,47046344M-104,reference,0.0,0.30110207806390693,0
47046344M-104,2024-10-15 07:37:42.010000+00:00,walking,1,random_forest,3,47046344M-104,reference,0.0,0.30840921077693934,0
47046344M-104,2024-10-15 07:37:43.010000+00:00,walking,1,random_forest,3,47046344M-104,reference,0.0,0.2517428433249173,0
47046344M-104,2024-10-15 07:37:44.010000+00:00,walking,1,random_forest,3,47046344M-104,reference,0.0,0.24547145876407805,0
47046344M-104,2024-10-15 07:37:45.010000+00:00,walking,1,random_forest,3,47046344M-104,reference,0.0,0.34217678603254,0
47046344M-104,2024-10-15 07:37:46.010000+00:00,walking,1,random_forest,3,47046344M-104,reference,0.0,0.26994399481405185,0
47046344M-104,2024-10-15 07:37:47.010000+00:00,walking,1,random_forest,3,47046344M-104,reference,0.0,0.24376204831319592,0
47046344M-104,2024-10-15 07:37:48.010000+00:00,walking,1,random_forest,3,47046344M-104,reference,0.0,0.26080953321799155,0
47046344M-104,2024-10-15 07:37:49.010000+00:00,walking,1,random_forest,3,47046344M-104,reference,0.0,0.2679119449679352,0
47046344M-104,2024-10-15 07:37:50.010000+00:00,walking,1,random_forest,3,47046344M-104,reference,0.0,0.2631035558890162,0
47046344M-104,2024-10-15 07:37:51.010000+00:00,walking,1,random_forest,3,47046344M-104,reference,0.0,0.28474793979713053,0
47046344M-104,2024-10-15 07:37:52.010000+00:00,walking,1,random_forest,3,47046344M-104,reference,0.0,0.25966904789052003,0
47046344M-104,2024-10-15 07:37:53.010000+00:00,walking,1,random_forest,3,47046344M-104,reference,0.0,0.23350353685821854,0
47046344M-104,2024-10-15 07:37:54.010000+00:00,walking,1,random_forest,3,47046344M-104,reference,0.0,0.26310260162812005,0
47046344M-104,2024-10-15 07:37:55.010000+00:00,walking,1,random_forest,3,47046344M-104,reference,0.0,0.3309221951336607,0
47046344M-104,2024-10-15 07:37:56.010000+00:00,walking,1,random_forest,3,47046344M-104,reference,0.0,0.3284757896458452,0
47046344M-104,2024-10-15 07:37:57.010000+00:00,walking,1,random_forest,3,47046344M-104,reference,0.0,0.3507486380644909,0
47046344M-104,2024-10-15 07:37:58.010000+00:00,walking,1,random_forest,3,47046344M-104,reference,0.0,0.2475533899298998,0
47046344M-104,2024-10-15 07:37:59.010000+00:00,walking,1,random_forest,3,47046344M-104,reference,0.0,0.27165474824358143,0
47046344M-104,2024-10-15 07:38:00.010000+00:00,walking,1,random_forest,3,47046344M-104,reference,0.0,0.2919542079855136,0
47046344M-104,2024-10-15 07:38:01.010000+00:00,walking,1,random_forest,3,47046344M-104,reference,0.0,0.2572494042699198,0
47046344M-104,2024-10-15 07:38:02.010000+00:00,walking,1,random_forest,3,47046344M-104,reference,0.0,0.277797028940994,0
47046344M-104,2024-10-15 07:38:03.010000+00:00,walking,1,random_forest,3,47046344M-104,reference,0.0,0.26039568183303313,0
47046344M-104,2024-10-15 07:38:04.010000+00:00,walking,1,random_forest,3,47046344M-104,reference,0.0,0.24180049145105081,0
47046344M-104,2024-10-15 07:38:05.010000+00:00,walking,1,random_forest,3,47046344M-104,reference,0.0,0.34938411664698776,0
47046344M-104,2024-10-15 07:38:06.010000+00:00,walking,1,random_forest,3,47046344M-104,reference,0.0,0.27059985534077646,0
47046344M-104,2024-10-15 07:38:07.010000+00:00,walking,1,random_forest,3,47046344M-104,reference,0.0,0.23398505878665915,0
47046344M-104,2024-10-15 07:38:08.010000+00:00,walking,1,random_forest,3,47046344M-104,reference,0.0,0.26041405039423604,0
47046344M-104,2024-10-15 07:38:09.010000+00:00,walking,1,random_forest,3,47046344M-104,reference,0.0,0.25946481571412716,0
47046344M-104,2024-10-15 07:38:11.010000+00:00,not_walking,0,random_forest,3,47046344M-104,reference,0.0,0.23519221879480498,0
47046344M-104,2024-10-15 07:38:12.010000+00:00,not_walking,0,random_forest,3,47046344M-104,reference,0.0,0.24748949242780172,0
47046344M-104,2024-10-15 07:38:13.010000+00:00,not_walking,0,random_forest,3,47046344M-104,reference,0.0,0.23679491530169672,0
47046344M-104,2024-10-15 07:38:14.010000+00:00,not_walking,0,random_forest,3,47046344M-104,reference,0.0,0.23041788808223443,0
47046344M-104,2024-10-15 07:38:15.010000+00:00,not_walking,0,random_forest,3,47046344M-104,reference,0.0,0.24102450340615092,0
47046344M-104,2024-10-15 07:38:16.010000+00:00,not_walking,0,random_forest,3,47046344M-104,reference,0.0,0.2367846050988418,0
47046344M-104,2024-10-15 07:38:17.010000+00:00,not_walking,0,random_forest,3,47046344M-104,reference,0.0,0.23932695547188965,0
47046344M-104,2024-10-15 07:38:18.010000+00:00,not_walking,0,random_forest,3,47046344M-104,reference,0.0,0.24139463382237736,0
47046344M-104,2024-10-15 07:38:19.010000+00:00,not_walking,0,random_forest,3,47046344M-104,reference,0.0,0.2520488794789278,0
47046344M-104,2024-10-15 07:38:20.010000+00:00,not_walking,0,random_forest,3,47046344M-104,reference,0.0,0.24233771852719144,0
47046344M-104,2024-10-15 07:38:21.010000+00:00,not_walking,0,random_forest,3,47046344M-104,reference,0.0,0.25826721141519754,0
47046344M-104,2024-10-15 07:38:22.010000+00:00,not_walking,0,random_forest,3,47046344M-104,reference,0.0,0.3139369980128686,0
47046344M-104,2024-10-15 07:38:23.010000+00:00,not_walking,0,random_forest,3,47046344M-104,reference,0.0,0.3858230603581969,0
47046344M-104,2024-10-15 07:38:25.010000+00:00,not_walking,0,random_forest,3,47046344M-104,reference,0.0,0.2685301583481023,0
47046344M-104,2024-10-15 07:38:26.010000+00:00,not_walking,0,random_forest,3,47046344M-104,reference,0.0,0.30194394483226317,0
47046344M-104,2024-10-15 07:38:27.010000+00:00,not_walking,0,random_forest,3,47046344M-104,reference,0.0,0.31091700917230736,0
47046344M-104,2024-10-15 07:38:28.010000+00:00,not_walking,0,random_forest,3,47046344M-104,reference,0.0,0.3016811889051149,0
47046344M-104,2024-10-15 07:38:29.010000+00:00,not_walking,0,random_forest,3,47046344M-104,reference,0.0,0.25279469051172704,0
47046344M-104,2024-10-15 07:38:30.010000+00:00,not_walking,0,random_forest,3,47046344M-104,reference,0.0,0.3041319026375477,0
47046344M-104,2024-10-15 07:38:31.010000+00:00,not_walking,0,random_forest,3,47046344M-104,reference,0.0,0.2751668409429761,0
47046344M-104,2024-10-15 07:38:32.010000+00:00,walking,1,random_forest,3,47046344M-104,reference,0.0,0.306911175385274,0
47046344M-104,2024-10-15 07:38:33.010000+00:00,walking,1,random_forest,3,47046344M-104,reference,0.0,0.3309186808784027,0
47046344M-104,2024-10-15 07:38:34.010000+00:00,walking,1,random_forest,3,47046344M-104,reference,0.0,0.2725020259580664,0
47046344M-104,2024-10-15 07:38:35.010000+00:00,walking,1,random_forest,3,47046344M-104,reference,0.0,0.27909627481088495,0
47046344M-104,2024-10-15 07:38:36.010000+00:00,walking,1,random_forest,3,47046344M-104,reference,0.0,0.2887866282762238,0
47046344M-104,2024-10-15 07:38:37.010000+00:00,walking,1,random_forest,3,47046344M-104,reference,0.0,0.26511402316153315,0
47046344M-104,2024-10-15 07:38:38.010000+00:00,walking,1,random_forest,3,47046344M-104,reference,0.0,0.29264166674370184,0
47046344M-104,2024-10-15 07:38:39.010000+00:00,walking,1,random_forest,3,47046344M-104,reference,0.0,0.2378236978462357,0
47046344M-104,2024-10-15 07:38:40.010000+00:00,walking,1,random_forest,3,47046344M-104,reference,0.0,0.31107390075273794,0
47046344M-104,2024-10-15 07:38:41.010000+00:00,walking,1,random_forest,3,47046344M-104,reference,0.0,0.41044740661874496,0
47046344M-104,2024-10-15 07:38:42.010000+00:00,walking,1,random_forest,3,47046344M-104,reference,0.0,0.40256820834708185,0
47046344M-104,2024-10-15 07:38:43.010000+00:00,walking,1,random_forest,3,47046344M-104,reference,0.0,0.45183249990112945,0
47046344M-104,2024-10-15 07:38:44.010000+00:00,walking,1,random_forest,3,47046344M-104,reference,0.0,0.40177165898993905,0
47046344M-104,2024-10-15 07:38:45.010000+00:00,walking,1,random_forest,3,47046344M-104,reference,0.0,0.33719153396292534,0
47046344M-104,2024-10-15 07:38:46.010000+00:00,walking,1,random_forest,3,47046344M-104,reference,0.0,0.34093085295039366,0
47046344M-104,2024-10-15 07:38:47.010000+00:00,walking,1,random_forest,3,47046344M-104,reference,0.0,0.3287167927221572,0
47046344M-104,2024-10-15 07:38:59.010000+00:00,not_walking,0,random_forest,3,47046344M-104,reference,0.0,0.39679809744590616,0
47046344M-104,2024-10-15 07:39:00.010000+00:00,not_walking,0,random_forest,3,47046344M-104,reference,0.0,0.4061852814880122,0
47046344M-104,2024-10-15 07:39:01.010000+00:00,not_walking,0,random_forest,3,47046344M-104,reference,0.0,0.4306669503164856,0
47046344M-104,2024-10-15 07:39:02.010000+00:00,not_walking,0,random_forest,3,47046344M-104,reference,0.0,0.39246690397795897,0
47046344M-104,2024-10-15 07:39:03.010000+00:00,not_walking,0,random_forest,3,47046344M-104,reference,0.0,0.3248695166080665,0
47046344M-104,2024-10-15 07:39:04.010000+00:00,not_walking,0,random_forest,3,47046344M-104,reference,0.0,0.2691344178925407,0
47046344M-104,2024-10-15 07:39:05.010000+00:00,not_walking,0,random_forest,3,47046344M-104,reference,0.0,0.2795257484397867,0
47046344M-104,2024-10-15 07:39:06.010000+00:00,not_walking,0,random_forest,3,47046344M-104,reference,0.0,0.32655664831177506,0
47046344M-104,2024-10-15 07:39:07.010000+00:00,not_walking,0,random_forest,3,47046344M-104,reference,0.0,0.32143191453020575,0
47046344M-104,2024-10-15 07:39:08.010000+00:00,not_walking,0,random_forest,3,47046344M-104,reference,0.0,0.33216571895918107,0
47046344M-104,2024-10-15 07:39:09.010000+00:00,not_walking,0,random_forest,3,47046344M-104,reference,0.0,0.35167973385447776,0
47046344M-104,2024-10-15 07:39:10.010000+00:00,not_walking,0,random_forest,3,47046344M-104,reference,0.0,0.3057815064809561,0
47046344M-104,2024-10-15 07:39:11.010000+00:00,not_walking,0,random_forest,3,47046344M-104,reference,0.0,0.3114780443254348,0
47046344M-104,2024-10-15 07:39:26.010000+00:00,walking,1,random_forest,3,47046344M-104,reference,0.0,0.4456090922253202,0
47046344M-104,2024-10-15 07:39:27.010000+00:00,walking,1,random_forest,3,47046344M-104,reference,0.0,0.44787834712383945,0
47046344M-104,2024-10-15 07:39:28.010000+00:00,walking,1,random_forest,3,47046344M-104,reference,0.0,0.4600831374985745,0
47046344M-104,2024-10-15 07:39:29.010000+00:00,walking,1,random_forest,3,47046344M-104,reference,0.0,0.4498270936888098,0
47046344M-104,2024-10-15 07:39:30.010000+00:00,walking,1,random_forest,3,47046344M-104,reference,0.0,0.44599050434775916,0
47046344M-104,2024-10-15 07:39:31.010000+00:00,walking,1,random_forest,3,47046344M-104,reference,0.0,0.42606485975906105,0
47046344M-104,2024-10-15 07:39:32.010000+00:00,walking,1,random_forest,3,47046344M-104,reference,0.0,0.4444304318003513,0
47046344M-104,2024-10-15 07:39:33.010000+00:00,walking,1,random_forest,3,47046344M-104,reference,0.0,0.47799660441442815,0
47046344M-104,2024-10-15 07:39:34.010000+00:00,walking,1,random_forest,3,47046344M-104,reference,0.0,0.4398818746013235,0
47046344M-104,2024-10-15 07:39:35.010000+00:00,walking,1,random_forest,3,47046344M-104,reference,0.0,0.47093078545571826,0
47046344M-104,2024-10-15 07:39:36.010000+00:00,walking,1,random_forest,3,47046344M-104,reference,0.0,0.4691754342916746,0
47046344M-104,2024-10-15 07:39:37.010000+00:00,walking,1,random_forest,3,47046344M-104,reference,0.0,0.41558133468657804,0
47046344M-104,2024-10-15 07:39:38.010000+00:00,walking,1,random_forest,3,47046344M-104,reference,0.0,0.5304905789200026,1
47046344M-104,2024-10-15 07:39:39.010000+00:00,walking,1,random_forest,3,47046344M-104,reference,0.0,0.44909400581296677,0
47046344M-104,2024-10-15 07:39:40.010000+00:00,walking,1,random_forest,3,47046344M-104,reference,0.0,0.49142297250861827,0
47046344M-104,2024-10-15 07:39:41.010000+00:00,walking,1,random_forest,3,47046344M-104,reference,0.0,0.44335047439761366,0
47046344M-104,2024-10-15 07:39:42.010000+00:00,walking,1,random_forest,3,47046344M-104,reference,0.0,0.3909445776205705,0
47046344M-104,2024-10-15 07:39:43.010000+00:00,walking,1,random_forest,3,47046344M-104,reference,0.0,0.3896192267947892,0
47046344M-104,2024-10-15 07:39:44.010000+00:00,walking,1,random_forest,3,47046344M-104,reference,0.0,0.40415092054818597,0
47046344M-104,2024-10-15 07:39:45.010000+00:00,walking,1,random_forest,3,47046344M-104,reference,0.0,0.4041926541955695,0
47046344M-104,2024-10-15 07:39:46.010000+00:00,walking,1,random_forest,3,47046344M-104,reference,0.0,0.3633986002817178,0
47046344M-104,2024-10-15 07:39:47.010000+00:00,walking,1,random_forest,3,47046344M-104,reference,0.0,0.38572803230612934,0
47046344M-104,2024-10-15 07:39:48.010000+00:00,walking,1,random_forest,3,47046344M-104,reference,0.0,0.36039471400217327,0
47046344M-104,2024-10-15 07:39:49.010000+00:00,walking,1,random_forest,3,47046344M-104,reference,0.0,0.4347612772701922,0
47046344M-104,2024-10-15 07:39:50.010000+00:00,walking,1,random_forest,3,47046344M-104,reference,0.0,0.48431535702527895,0
47046344M-104,2024-10-15 07:39:51.010000+00:00,walking,1,random_forest,3,47046344M-104,reference,0.0,0.39818996303120696,0
47046344M-104,2024-10-15 07:39:52.010000+00:00,walking,1,random_forest,3,47046344M-104,reference,0.0,0.4326939734584016,0
47046344M-104,2024-10-15 07:39:53.010000+00:00,walking,1,random_forest,3,47046344M-104,reference,0.0,0.4438349040897967,0
47046344M-104,2024-10-15 07:39:54.010000+00:00,walking,1,random_forest,3,47046344M-104,reference,0.0,0.41279554221398085,0
47046344M-104,2024-10-15 07:39:55.010000+00:00,walking,1,random_forest,3,47046344M-104,reference,0.0,0.42647461689280214,0
47046344M-104,2024-10-15 07:39:56.010000+00:00,walking,1,random_forest,3,47046344M-104,reference,0.0,0.43212414647369635,0
47046344M-104,2024-10-15 07:39:57.010000+00:00,walking,1,random_forest,3,47046344M-104,reference,0.0,0.3731123461632039,0
47046344M-104,2024-10-15 07:39:58.010000+00:00,walking,1,random_forest,3,47046344M-104,reference,0.0,0.34301039662957,0
47046344M-104,2024-10-15 07:39:59.010000+00:00,walking,1,random_forest,3,47046344M-104,reference,0.0,0.30672181074024224,0
47046344M-104,2024-10-15 07:40:00.010000+00:00,walking,1,random_forest,3,47046344M-104,reference,0.0,0.2849683753141607,0
47046344M-104,2024-10-15 07:40:01.010000+00:00,walking,1,random_forest,3,47046344M-104,reference,0.0,0.2533887788263237,0
47046344M-104,2024-10-15 07:40:02.010000+00:00,walking,1,random_forest,3,47046344M-104,reference,0.0,0.3673125958173866,0
47046344M-104,2024-10-15 07:40:03.010000+00:00,walking,1,random_forest,3,47046344M-104,reference,0.0,0.3239961512360454,0
47046344M-104,2024-10-15 07:40:04.010000+00:00,walking,1,random_forest,3,47046344M-104,reference,0.0,0.2550461593973293,0
47046344M-104,2024-10-15 07:40:05.010000+00:00,walking,1,random_forest,3,47046344M-104,reference,0.0,0.2753257622004654,0
47046344M-104,2024-10-15 07:40:06.010000+00:00,walking,1,random_forest,3,47046344M-104,reference,0.0,0.2691678809993731,0
47046344M-104,2024-10-15 07:40:07.010000+00:00,walking,1,random_forest,3,47046344M-104,reference,0.0,0.3553077926992663,0
47046344M-104,2024-10-15 07:40:08.010000+00:00,walking,1,random_forest,3,47046344M-104,reference,0.0,0.3307757472550291,0
47046344M-104,2024-10-15 07:40:09.010000+00:00,walking,1,random_forest,3,47046344M-104,reference,0.0,0.34215145815310255,0
47046344M-104,2024-10-15 07:43:28.010000+00:00,walking,1,random_forest,3,47046344M-104,reference,0.0,0.3902551240630794,0
47046344M-104,2024-10-15 07:43:29.010000+00:00,walking,1,random_forest,3,47046344M-104,reference,0.0,0.35301053269684324,0
47046344M-104,2024-10-15 07:43:30.010000+00:00,walking,1,random_forest,3,47046344M-104,reference,0.0,0.380303479210161,0
47046344M-104,2024-10-15 07:43:31.010000+00:00,walking,1,random_forest,3,47046344M-104,reference,0.0,0.44794216523472774,0
47046344M-104,2024-10-15 07:43:32.010000+00:00,walking,1,random_forest,3,47046344M-104,reference,0.0,0.4591212066258105,0
47046344M-104,2024-10-15 07:43:33.010000+00:00,walking,1,random_forest,3,47046344M-104,reference,0.0,0.3633312388024093,0
47046344M-104,2024-10-15 07:43:34.010000+00:00,walking,1,random_forest,3,47046344M-104,reference,0.0,0.42475723267958654,0
47046344M-104,2024-10-15 07:43:35.010000+00:00,walking,1,random_forest,3,47046344M-104,reference,0.0,0.44644613982323117,0
47046344M-104,2024-10-15 07:43:36.010000+00:00,walking,1,random_forest,3,47046344M-104,reference,0.0,0.4259224378128206,0
47046344M-104,2024-10-15 07:43:37.010000+00:00,walking,1,random_forest,3,47046344M-104,reference,0.0,0.37381551777179517,0
47046344M-104,2024-10-15 07:43:38.010000+00:00,walking,1,random_forest,3,47046344M-104,reference,0.0,0.3921601309211979,0
47046344M-104,2024-10-15 07:43:39.010000+00:00,walking,1,random_forest,3,47046344M-104,reference,0.0,0.3640907430011652,0
47046344M-104,2024-10-15 07:43:40.010000+00:00,walking,1,random_forest,3,47046344M-104,reference,0.0,0.3999166488868469,0
47046344M-104,2024-10-15 07:43:41.010000+00:00,walking,1,random_forest,3,47046344M-104,reference,0.0,0.38079119840111386,0
47046344M-104,2024-10-15 07:43:42.010000+00:00,walking,1,random_forest,3,47046344M-104,reference,0.0,0.43624260312742175,0
47046344M-104,2024-10-15 07:43:43.010000+00:00,walking,1,random_forest,3,47046344M-104,reference,0.0,0.43128044092665174,0
47046344M-104,2024-10-15 07:43:44.010000+00:00,walking,1,random_forest,3,47046344M-104,reference,0.0,0.40280518009173455,0
47046344M-104,2024-10-15 07:43:45.010000+00:00,walking,1,random_forest,3,47046344M-104,reference,0.0,0.40538226423623674,0
47046344M-104,2024-10-15 07:43:46.010000+00:00,walking,1,random_forest,3,47046344M-104,reference,0.0,0.4740214621685993,0
47046344M-104,2024-10-15 07:43:47.010000+00:00,walking,1,random_forest,3,47046344M-104,reference,0.0,0.4399306993336969,0
47046344M-104,2024-10-15 07:43:48.010000+00:00,walking,1,random_forest,3,47046344M-104,reference,0.0,0.3712290674115615,0
47046344M-104,2024-10-15 07:43:49.010000+00:00,walking,1,random_forest,3,47046344M-104,reference,0.0,0.3952146929949954,0
47046344M-104,2024-10-15 07:43:50.010000+00:00,walking,1,random_forest,3,47046344M-104,reference,0.0,0.4512314467356958,0
47046344M-104,2024-10-15 07:43:51.010000+00:00,walking,1,random_forest,3,47046344M-104,reference,0.0,0.413038044239907,0
47046344M-104,2024-10-15 07:43:52.010000+00:00,walking,1,random_forest,3,47046344M-104,reference,0.0,0.39495270472523253,0
47046344M-104,2024-10-15 07:43:53.010000+00:00,walking,1,random_forest,3,47046344M-104,reference,0.0,0.36880199184403956,0
47046344M-104,2024-10-15 07:43:54.010000+00:00,walking,1,random_forest,3,47046344M-104,reference,0.0,0.4094534526931088,0
47046344M-104,2024-10-15 07:43:55.010000+00:00,walking,1,random_forest,3,47046344M-104,reference,0.0,0.427419014017639,0
47046344M-104,2024-10-15 07:43:56.010000+00:00,walking,1,random_forest,3,47046344M-104,reference,0.0,0.3396477712005295,0
47046344M-104,2024-10-15 07:43:57.010000+00:00,walking,1,random_forest,3,47046344M-104,reference,0.0,0.4183157541925807,0
47046344M-104,2024-10-15 07:43:58.010000+00:00,walking,1,random_forest,3,47046344M-104,reference,0.0,0.3957625247200061,0
47046344M-104,2024-10-15 07:43:59.010000+00:00,walking,1,random_forest,3,47046344M-104,reference,0.0,0.39766378355703885,0
47046344M-104,2024-10-15 07:44:00.010000+00:00,walking,1,random_forest,3,47046344M-104,reference,0.0,0.39070876084028067,0
47046344M-104,2024-10-15 07:44:01.010000+00:00,walking,1,random_forest,3,47046344M-104,reference,0.0,0.4132039338173208,0
47046344M-104,2024-10-15 07:44:02.010000+00:00,walking,1,random_forest,3,47046344M-104,reference,0.0,0.40637554880499877,0
47046344M-104,2024-10-15 07:44:03.010000+00:00,walking,1,random_forest,3,47046344M-104,reference,0.0,0.447162774652633,0
47046344M-104,2024-10-15 07:44:04.010000+00:00,walking,1,random_forest,3,47046344M-104,reference,0.0,0.4261775517338708,0
47046344M-104,2024-10-15 07:44:05.010000+00:00,walking,1,random_forest,3,47046344M-104,reference,0.0,0.41091371816631644,0
47046344M-104,2024-10-15 07:44:06.010000+00:00,walking,1,random_forest,3,47046344M-104,reference,0.0,0.33157038732579147,0
47046344M-104,2024-10-15 07:44:07.010000+00:00,walking,1,random_forest,3,47046344M-104,reference,0.0,0.3988433313864572,0
47046344M-104,2024-10-15 07:44:08.010000+00:00,walking,1,random_forest,3,47046344M-104,reference,0.0,0.4163484307855362,0
47046344M-104,2024-10-15 07:44:09.010000+00:00,walking,1,random_forest,3,47046344M-104,reference,0.0,0.34304571127892114,0
47046344M-104,2024-10-15 07:44:10.010000+00:00,walking,1,random_forest,3,47046344M-104,reference,0.0,0.41727760629969296,0
47046344M-104,2024-10-15 07:44:11.010000+00:00,walking,1,random_forest,3,47046344M-104,reference,0.0,0.3594757826969322,0
47046344M-104,2024-10-15 07:44:13.010000+00:00,not_walking,0,random_forest,3,47046344M-104,reference,0.0,0.36945241700648307,0
47046344M-104,2024-10-15 07:44:14.010000+00:00,not_walking,0,random_forest,3,47046344M-104,reference,0.0,0.28953768170275096,0
47046344M-104,2024-10-15 07:44:15.010000+00:00,not_walking,0,random_forest,3,47046344M-104,reference,0.0,0.24972462586717906,0
47046344M-104,2024-10-15 07:44:16.010000+00:00,not_walking,0,random_forest,3,47046344M-104,reference,0.0,0.2728556403366668,0
47046344M-104,2024-10-15 07:44:17.010000+00:00,not_walking,0,random_forest,3,47046344M-104,reference,0.0,0.26548799154336594,0
47046344M-104,2024-10-15 07:44:18.010000+00:00,not_walking,0,random_forest,3,47046344M-104,reference,0.0,0.360078467265884,0
47046344M-104,2024-10-15 07:44:19.010000+00:00,not_walking,0,random_forest,3,47046344M-104,reference,0.0,0.37029450975029754,0
47046344M-104,2024-10-15 07:44:20.010000+00:00,not_walking,0,random_forest,3,47046344M-104,reference,0.0,0.25687914382161925,0
47046344M-104,2024-10-15 07:44:21.010000+00:00,not_walking,0,random_forest,3,47046344M-104,reference,0.0,0.34650456736399277,0
47046344M-104,2024-10-15 07:44:22.010000+00:00,not_walking,0,random_forest,3,47046344M-104,reference,0.0,0.2774776738701078,0
47046344M-104,2024-10-15 07:44:23.010000+00:00,not_walking,0,random_forest,3,47046344M-104,reference,0.0,0.31417024795844617,0
47046344M-104,2024-10-15 07:44:24.010000+00:00,not_walking,0,random_forest,3,47046344M-104,reference,0.0,0.3114072721888996,0
47046344M-104,2024-10-15 07:44:25.010000+00:00,not_walking,0,random_forest,3,47046344M-104,reference,0.0,0.3119784467227459,0
47046344M-104,2024-10-15 07:44:26.010000+00:00,not_walking,0,random_forest,3,47046344M-104,reference,0.0,0.2725077329819808,0
47046344M-104,2024-10-15 07:44:27.010000+00:00,not_walking,0,random_forest,3,47046344M-104,reference,0.0,0.3196151195525568,0
47046344M-104,2024-10-15 07:44:28.010000+00:00,not_walking,0,random_forest,3,47046344M-104,reference,0.0,0.29134276420370403,0
47046344M-104,2024-10-15 07:44:29.010000+00:00,not_walking,0,random_forest,3,47046344M-104,reference,0.0,0.2895991462721047,0
47046344M-104,2024-10-15 07:44:30.010000+00:00,not_walking,0,random_forest,3,47046344M-104,reference,0.0,0.2938958860392353,0
47046344M-104,2024-10-15 07:44:31.010000+00:00,not_walking,0,random_forest,3,47046344M-104,reference,0.0,0.2612860938750728,0
47046344M-104,2024-10-15 07:44:32.010000+00:00,not_walking,0,random_forest,3,47046344M-104,reference,0.0,0.23656462832253988,0
47046344M-104,2024-10-15 07:44:33.010000+00:00,not_walking,0,random_forest,3,47046344M-104,reference,0.0,0.27517980925569824,0
47046344M-104,2024-10-15 07:44:34.010000+00:00,not_walking,0,random_forest,3,47046344M-104,reference,0.0,0.3134377713548188,0
47046344M-104,2024-10-15 07:44:35.010000+00:00,not_walking,0,random_forest,3,47046344M-104,reference,0.0,0.33484605536982376,0
47046344M-104,2024-10-15 07:44:36.010000+00:00,not_walking,0,random_forest,3,47046344M-104,reference,0.0,0.24970092804095273,0
47046344M-104,2024-10-15 07:44:37.010000+00:00,not_walking,0,random_forest,3,47046344M-104,reference,0.0,0.27823524442661784,0
47046344M-104,2024-10-15 07:44:38.010000+00:00,not_walking,0,random_forest,3,47046344M-104,reference,0.0,0.3473977510105682,0
47046344M-104,2024-10-15 07:44:39.010000+00:00,not_walking,0,random_forest,3,47046344M-104,reference,0.0,0.27896003052419893,0
47046344M-104,2024-10-15 07:44:40.010000+00:00,not_walking,0,random_forest,3,47046344M-104,reference,0.0,0.2925047837163901,0
47046344M-104,2024-10-15 07:44:41.010000+00:00,not_walking,0,random_forest,3,47046344M-104,reference,0.0,0.35073359062379805,0
47046344M-104,2024-10-15 07:44:42.010000+00:00,not_walking,0,random_forest,3,47046344M-104,reference,0.0,0.38037120026459464,0
47046344M-104,2024-10-15 07:44:43.010000+00:00,not_walking,0,random_forest,3,47046344M-104,reference,0.0,0.3708466075952647,0
47046344M-104,2024-10-15 07:44:44.010000+00:00,not_walking,0,random_forest,3,47046344M-104,reference,0.0,0.3788207994039883,0
47046344M-104,2024-10-15 07:44:45.010000+00:00,not_walking,0,random_forest,3,47046344M-104,reference,0.0,0.3502760256809916,0
47046344M-104,2024-10-15 07:44:46.010000+00:00,not_walking,0,random_forest,3,47046344M-104,reference,0.0,0.34604520718354614,0
47046344M-104,2024-10-15 07:44:47.010000+00:00,not_walking,0,random_forest,3,47046344M-104,reference,0.0,0.3379559510399579,0
47046344M-104,2024-10-15 07:44:48.010000+00:00,not_walking,0,random_forest,3,47046344M-104,reference,0.0,0.35130512127495434,0
47046344M-104,2024-10-15 07:44:49.010000+00:00,not_walking,0,random_forest,3,47046344M-104,reference,0.0,0.3382165100291606,0
47046344M-104,2024-10-15 07:44:50.010000+00:00,not_walking,0,random_forest,3,47046344M-104,reference,0.0,0.26186718827380184,0
47046344M-104,2024-10-15 07:44:51.010000+00:00,not_walking,0,random_forest,3,47046344M-104,reference,0.0,0.2852352289639215,0
47046344M-104,2024-10-15 07:44:52.010000+00:00,not_walking,0,random_forest,3,47046344M-104,reference,0.0,0.31872270209457454,0
47046344M-104,2024-10-15 07:44:53.010000+00:00,not_walking,0,random_forest,3,47046344M-104,reference,0.0,0.3251784876320862,0
47046344M-104,2024-10-15 07:44:54.010000+00:00,not_walking,0,random_forest,3,47046344M-104,reference,0.0,0.36676641830542084,0
47046344M-104,2024-10-15 07:44:55.010000+00:00,not_walking,0,random_forest,3,47046344M-104,reference,0.0,0.32650968372680994,0
47046344M-104,2024-10-15 07:44:56.010000+00:00,not_walking,0,random_forest,3,47046344M-104,reference,0.0,0.36399023946419556,0
47046344M-104,2024-10-15 07:44:57.010000+00:00,not_walking,0,random_forest,3,47046344M-104,reference,0.0,0.3978004355366372,0
47046344M-104,2024-10-15 07:44:58.010000+00:00,not_walking,0,random_forest,3,47046344M-104,reference,0.0,0.3812807487189213,0
47046344M-104,2024-10-15 07:44:59.010000+00:00,not_walking,0,random_forest,3,47046344M-104,reference,0.0,0.35975428282577016,0
47046344M-104,2024-10-15 07:45:00.010000+00:00,not_walking,0,random_forest,3,47046344M-104,reference,0.0,0.3711617187919163,0
47046344M-104,2024-10-15 07:45:01.010000+00:00,not_walking,0,random_forest,3,47046344M-104,reference,0.0,0.39353716227253777,0
47046344M-104,2024-10-15 07:45:02.010000+00:00,not_walking,0,random_forest,3,47046344M-104,reference,0.0,0.3975582185869518,0
47046344M-104,2024-10-15 07:45:03.010000+00:00,not_walking,0,random_forest,3,47046344M-104,reference,0.0,0.41192453530956463,0
47046344M-104,2024-10-15 07:45:04.010000+00:00,not_walking,0,random_forest,3,47046344M-104,reference,0.0,0.3864765802271496,0
47046344M-104,2024-10-15 07:45:05.010000+00:00,not_walking,0,random_forest,3,47046344M-104,reference,0.0,0.42286780323079465,0
47046344M-104,2024-10-15 07:45:06.010000+00:00,not_walking,0,random_forest,3,47046344M-104,reference,0.0,0.3751917642740952,0
47046344M-104,2024-10-15 07:45:07.010000+00:00,not_walking,0,random_forest,3,47046344M-104,reference,0.0,0.4060778824012842,0
47046344M-104,2024-10-15 07:45:08.010000+00:00,not_walking,0,random_forest,3,47046344M-104,reference,0.0,0.3852876497078569,0
47046344M-104,2024-10-15 07:45:09.010000+00:00,not_walking,0,random_forest,3,47046344M-104,reference,0.0,0.4099561686721201,0
47046344M-104,2024-10-15 07:45:10.010000+00:00,not_walking,0,random_forest,3,47046344M-104,reference,0.0,0.4340646845450243,0
47046344M-104,2024-10-15 07:45:11.010000+00:00,not_walking,0,random_forest,3,47046344M-104,reference,0.0,0.3817328441136341,0
47046344M-104,2024-10-15 07:45:12.010000+00:00,not_walking,0,random_forest,3,47046344M-104,reference,0.0,0.37498963439905836,0
47046344M-104,2024-10-15 07:45:13.010000+00:00,not_walking,0,random_forest,3,47046344M-104,reference,0.0,0.31160398888086005,0
47046344M-104,2024-10-15 07:45:14.010000+00:00,not_walking,0,random_forest,3,47046344M-104,reference,0.0,0.28063931813789106,0
47046344M-104,2024-10-15 07:45:15.010000+00:00,not_walking,0,random_forest,3,47046344M-104,reference,0.0,0.3062592261068725,0
47046344M-104,2024-10-15 07:45:16.010000+00:00,not_walking,0,random_forest,3,47046344M-104,reference,0.0,0.3314200007484091,0
47046344M-104,2024-10-15 07:45:17.010000+00:00,not_walking,0,random_forest,3,47046344M-104,reference,0.0,0.368528572459243,0
47046344M-104,2024-10-15 07:45:18.010000+00:00,not_walking,0,random_forest,3,47046344M-104,reference,0.0,0.3371717801062556,0
47046344M-104,2024-10-15 07:45:19.010000+00:00,not_walking,0,random_forest,3,47046344M-104,reference,0.0,0.2985230689834435,0
47046344M-104,2024-10-15 07:45:20.010000+00:00,not_walking,0,random_forest,3,47046344M-104,reference,0.0,0.3144753135338916,0
47046344M-104,2024-10-15 07:45:21.010000+00:00,not_walking,0,random_forest,3,47046344M-104,reference,0.0,0.309291453944884,0
47046344M-104,2024-10-15 07:45:22.010000+00:00,not_walking,0,random_forest,3,47046344M-104,reference,0.0,0.3981524775672013,0
47046344M-104,2024-10-15 07:45:23.010000+00:00,not_walking,0,random_forest,3,47046344M-104,reference,0.0,0.34243946559342614,0
47046344M-104,2024-10-15 07:45:25.010000+00:00,walking,1,random_forest,3,47046344M-104,reference,0.0,0.3673850057118352,0
47046344M-104,2024-10-15 07:45:26.010000+00:00,walking,1,random_forest,3,47046344M-104,reference,0.0,0.3675928744920668,0
47046344M-104,2024-10-15 07:45:27.010000+00:00,walking,1,random_forest,3,47046344M-104,reference,0.0,0.3109909099697363,0
47046344M-104,2024-10-15 07:45:28.010000+00:00,walking,1,random_forest,3,47046344M-104,reference,0.0,0.291754984305788,0
47046344M-104,2024-10-15 07:45:29.010000+00:00,walking,1,random_forest,3,47046344M-104,reference,0.0,0.3388978182257874,0
47046344M-104,2024-10-15 07:45:30.010000+00:00,walking,1,random_forest,3,47046344M-104,reference,0.0,0.31570971410346804,0
47046344M-104,2024-10-15 07:45:31.010000+00:00,walking,1,random_forest,3,47046344M-104,reference,0.0,0.2901848565847299,0
47046344M-104,2024-10-15 07:45:32.010000+00:00,walking,1,random_forest,3,47046344M-104,reference,0.0,0.31939233287090296,0
47046344M-104,2024-10-15 07:45:33.010000+00:00,walking,1,random_forest,3,47046344M-104,reference,0.0,0.3721054442770482,0
47046344M-104,2024-10-15 07:45:34.010000+00:00,walking,1,random_forest,3,47046344M-104,reference,0.0,0.39762824996628704,0
47046344M-104,2024-10-15 07:45:35.010000+00:00,walking,1,random_forest,3,47046344M-104,reference,0.0,0.37303102668550797,0
47046344M-104,2024-10-15 07:45:36.010000+00:00,walking,1,random_forest,3,47046344M-104,reference,0.0,0.4236192182452033,0
47046344M-104,2024-10-15 07:45:37.010000+00:00,walking,1,random_forest,3,47046344M-104,reference,0.0,0.3651980433031539,0
47046344M-104,2024-10-15 07:45:38.010000+00:00,walking,1,random_forest,3,47046344M-104,reference,0.0,0.4357139624020539,0
47046344M-104,2024-10-15 07:45:39.010000+00:00,walking,1,random_forest,3,47046344M-104,reference,0.0,0.4328275204101652,0
47046344M-104,2024-10-15 07:45:40.010000+00:00,walking,1,random_forest,3,47046344M-104,reference,0.0,0.40675843180416354,0
47046344M-104,2024-10-15 07:45:41.010000+00:00,walking,1,random_forest,3,47046344M-104,reference,0.0,0.34655748814384696,0
47046344M-104,2024-10-15 07:45:42.010000+00:00,walking,1,random_forest,3,47046344M-104,reference,0.0,0.41449506880043985,0
47046344M-104,2024-10-15 07:45:43.010000+00:00,walking,1,random_forest,3,47046344M-104,reference,0.0,0.42929726624000003,0
47046344M-104,2024-10-15 07:45:44.010000+00:00,walking,1,random_forest,3,47046344M-104,reference,0.0,0.3044682092483254,0
47046344M-104,2024-10-15 07:45:45.010000+00:00,walking,1,random_forest,3,47046344M-104,reference,0.0,0.3715792927832525,0
47046344M-104,2024-10-15 07:45:46.010000+00:00,walking,1,random_forest,3,47046344M-104,reference,0.0,0.33154252143572566,0
47046344M-104,2024-10-15 07:45:47.010000+00:00,walking,1,random_forest,3,47046344M-104,reference,0.0,0.2734403489997853,0
47046344M-104,2024-10-15 07:45:48.010000+00:00,walking,1,random_forest,3,47046344M-104,reference,0.0,0.24033548571349422,0
47046344M-104,2024-10-15 07:45:49.010000+00:00,walking,1,random_forest,3,47046344M-104,reference,0.0,0.28128389214208727,0
47046344M-104,2024-10-15 07:45:50.010000+00:00,walking,1,random_forest,3,47046344M-104,reference,0.0,0.29193834119928475,0
47046344M-104,2024-10-15 07:45:51.010000+00:00,walking,1,random_forest,3,47046344M-104,reference,0.0,0.2523887742550653,0
47046344M-104,2024-10-15 07:45:52.010000+00:00,walking,1,random_forest,3,47046344M-104,reference,0.0,0.3119185102596093,0
47046344M-104,2024-10-15 07:45:53.010000+00:00,walking,1,random_forest,3,47046344M-104,reference,0.0,0.2589646306543477,0
47046344M-104,2024-10-15 07:45:54.010000+00:00,walking,1,random_forest,3,47046344M-104,reference,0.0,0.26975180783487523,0
47046344M-104,2024-10-15 07:45:55.010000+00:00,walking,1,random_forest,3,47046344M-104,reference,0.0,0.3226743595924783,0
47046344M-104,2024-10-15 07:45:56.010000+00:00,walking,1,random_forest,3,47046344M-104,reference,0.0,0.3102903041162229,0
47046344M-104,2024-10-15 07:45:57.010000+00:00,walking,1,random_forest,3,47046344M-104,reference,0.0,0.2705513072238233,0
47046344M-104,2024-10-15 07:45:58.010000+00:00,walking,1,random_forest,3,47046344M-104,reference,0.0,0.33251291953660145,0
47046344M-104,2024-10-15 07:45:59.010000+00:00,walking,1,random_forest,3,47046344M-104,reference,0.0,0.3932995256094227,0
47046344M-104,2024-10-15 07:46:00.010000+00:00,walking,1,random_forest,3,47046344M-104,reference,0.0,0.43979153505991986,0
47046344M-104,2024-10-15 07:46:01.010000+00:00,walking,1,random_forest,3,47046344M-104,reference,0.0,0.4275164659080558,0
47046344M-104,2024-10-15 07:46:02.010000+00:00,walking,1,random_forest,3,47046344M-104,reference,0.0,0.4232563031543343,0
47046344M-104,2024-10-15 07:46:03.010000+00:00,walking,1,random_forest,3,47046344M-104,reference,0.0,0.3826646935768837,0
47046344M-104,2024-10-15 07:46:04.010000+00:00,walking,1,random_forest,3,47046344M-104,reference,0.0,0.345366141046239,0
47046344M-104,2024-10-15 07:46:05.010000+00:00,walking,1,random_forest,3,47046344M-104,reference,0.0,0.40116854137853986,0
47046344M-104,2024-10-15 07:46:06.010000+00:00,walking,1,random_forest,3,47046344M-104,reference,0.0,0.40456465867415903,0
47046344M-104,2024-10-15 07:46:07.010000+00:00,walking,1,random_forest,3,47046344M-104,reference,0.0,0.4490997921569746,0
47046344M-104,2024-10-15 07:46:08.010000+00:00,walking,1,random_forest,3,47046344M-104,reference,0.0,0.38172792461989485,0
47046344M-104,2024-10-15 07:46:09.010000+00:00,walking,1,random_forest,3,47046344M-104,reference,0.0,0.3638826109842152,0
47046344M-104,2024-10-15 07:46:10.010000+00:00,walking,1,random_forest,3,47046344M-104,reference,0.0,0.3522415736692606,0
47046344M-104,2024-10-15 07:46:11.010000+00:00,walking,1,random_forest,3,47046344M-104,reference,0.0,0.4619759331206032,0
47046344M-104,2024-10-15 07:46:12.010000+00:00,walking,1,random_forest,3,47046344M-104,reference,0.0,0.4086560707505769,0
47046344M-104,2024-10-15 07:46:13.010000+00:00,walking,1,random_forest,3,47046344M-104,reference,0.0,0.38320486340675863,0
47046344M-104,2024-10-15 07:46:14.010000+00:00,walking,1,random_forest,3,47046344M-104,reference,0.0,0.44086967395673116,0
47046344M-104,2024-10-15 07:46:15.010000+00:00,walking,1,random_forest,3,47046344M-104,reference,0.0,0.3382089660571958,0
47046344M-104,2024-10-15 07:46:16.010000+00:00,walking,1,random_forest,3,47046344M-104,reference,0.0,0.37089367110904503,0
47046344M-104,2024-10-15 07:46:17.010000+00:00,walking,1,random_forest,3,47046344M-104,reference,0.0,0.3340047762348661,0
47046344M-104,2024-10-15 07:46:18.010000+00:00,walking,1,random_forest,3,47046344M-104,reference,0.0,0.4107243117816282,0
47046344M-104,2024-10-15 07:46:19.010000+00:00,walking,1,random_forest,3,47046344M-104,reference,0.0,0.2989217101852981,0
47046344M-104,2024-10-15 07:46:20.010000+00:00,walking,1,random_forest,3,47046344M-104,reference,0.0,0.40946280201600266,0
47046344M-104,2024-10-15 07:46:21.010000+00:00,walking,1,random_forest,3,47046344M-104,reference,0.0,0.36565862646461966,0
47046344M-104,2024-10-15 07:46:22.010000+00:00,walking,1,random_forest,3,47046344M-104,reference,0.0,0.379483223518299,0
47046344M-104,2024-10-15 07:46:23.010000+00:00,walking,1,random_forest,3,47046344M-104,reference,0.0,0.36400297154563344,0
47046344M-104,2024-10-15 07:46:24.010000+00:00,walking,1,random_forest,3,47046344M-104,reference,0.0,0.3737271043611196,0
47046344M-104,2024-10-15 07:46:25.010000+00:00,walking,1,random_forest,3,47046344M-104,reference,0.0,0.34392372687411393,0
47046344M-104,2024-10-15 07:46:26.010000+00:00,walking,1,random_forest,3,47046344M-104,reference,0.0,0.36953197186112047,0
47046344M-104,2024-10-15 07:46:27.010000+00:00,walking,1,random_forest,3,47046344M-104,reference,0.0,0.315765992903265,0
47046344M-104,2024-10-15 07:46:28.010000+00:00,walking,1,random_forest,3,47046344M-104,reference,0.0,0.3268495615328355,0
47046344M-104,2024-10-15 07:46:29.010000+00:00,walking,1,random_forest,3,47046344M-104,reference,0.0,0.4187621368465219,0
47046344M-104,2024-10-15 07:46:30.010000+00:00,walking,1,random_forest,3,47046344M-104,reference,0.0,0.37603576422601476,0
47046344M-104,2024-10-15 07:46:31.010000+00:00,walking,1,random_forest,3,47046344M-104,reference,0.0,0.34815200370217897,0
47046344M-104,2024-10-15 07:46:32.010000+00:00,walking,1,random_forest,3,47046344M-104,reference,0.0,0.3124526576721723,0
47046344M-104,2024-10-15 07:46:33.010000+00:00,walking,1,random_forest,3,47046344M-104,reference,0.0,0.3238626333428812,0
47046344M-104,2024-10-15 07:46:34.010000+00:00,walking,1,random_forest,3,47046344M-104,reference,0.0,0.25893277900710054,0
47046344M-104,2024-10-15 07:46:35.010000+00:00,walking,1,random_forest,3,47046344M-104,reference,0.0,0.30171364031351117,0
47046344M-104,2024-10-15 07:46:36.010000+00:00,walking,1,random_forest,3,47046344M-104,reference,0.0,0.35184422692419604,0
47046344M-104,2024-10-15 07:46:37.010000+00:00,walking,1,random_forest,3,47046344M-104,reference,0.0,0.3214964670023794,0
47046344M-104,2024-10-15 07:46:38.010000+00:00,walking,1,random_forest,3,47046344M-104,reference,0.0,0.29515029747391236,0
47046344M-104,2024-10-15 07:46:39.010000+00:00,walking,1,random_forest,3,47046344M-104,reference,0.0,0.3262950737722897,0
47046344M-104,2024-10-15 07:46:40.010000+00:00,walking,1,random_forest,3,47046344M-104,reference,0.0,0.3175994480342526,0
47046344M-104,2024-10-15 07:46:41.010000+00:00,walking,1,random_forest,3,47046344M-104,reference,0.0,0.39200435228280384,0
47046344M-104,2024-10-15 07:46:42.010000+00:00,walking,1,random_forest,3,47046344M-104,reference,0.0,0.3481934798349839,0
47046344M-104,2024-10-15 07:46:43.010000+00:00,walking,1,random_forest,3,47046344M-104,reference,0.0,0.34007581063243847,0
47046344M-104,2024-10-15 07:46:44.010000+00:00,walking,1,random_forest,3,47046344M-104,reference,0.0,0.3227447454672767,0
47046344M-104,2024-10-15 07:46:45.010000+00:00,walking,1,random_forest,3,47046344M-104,reference,0.0,0.3682471616806166,0
47046344M-104,2024-10-15 07:46:46.010000+00:00,walking,1,random_forest,3,47046344M-104,reference,0.0,0.2945677599127084,0
47046344M-104,2024-10-15 07:47:58.010000+00:00,walking,1,random_forest,3,47046344M-104,reference,0.0,0.4836259722672244,0
47046344M-104,2024-10-15 07:47:59.010000+00:00,walking,1,random_forest,3,47046344M-104,reference,0.0,0.4316804767489669,0
47046344M-104,2024-10-15 07:48:00.010000+00:00,walking,1,random_forest,3,47046344M-104,reference,0.0,0.3932600137249579,0
47046344M-104,2024-10-15 07:48:01.010000+00:00,walking,1,random_forest,3,47046344M-104,reference,0.0,0.39321132211998217,0
47046344M-104,2024-10-15 07:48:02.010000+00:00,walking,1,random_forest,3,47046344M-104,reference,0.0,0.3619192192340768,0
47046344M-104,2024-10-15 07:48:03.010000+00:00,walking,1,random_forest,3,47046344M-104,reference,0.0,0.2411746432895759,0
47046344M-104,2024-10-15 07:48:04.010000+00:00,walking,1,random_forest,3,47046344M-104,reference,0.0,0.25379027567474816,0
47046344M-104,2024-10-15 07:48:05.010000+00:00,walking,1,random_forest,3,47046344M-104,reference,0.0,0.2762132236708965,0
47046344M-104,2024-10-15 07:48:06.010000+00:00,walking,1,random_forest,3,47046344M-104,reference,0.0,0.30698481258149385,0
47046344M-104,2024-10-15 07:48:07.010000+00:00,walking,1,random_forest,3,47046344M-104,reference,0.0,0.34308702435942345,0
47046344M-104,2024-10-15 07:48:08.010000+00:00,walking,1,random_forest,3,47046344M-104,reference,0.0,0.22385792602969565,0
47046344M-104,2024-10-15 07:48:09.010000+00:00,walking,1,random_forest,3,47046344M-104,reference,0.0,0.23293422801847982,0
47046344M-104,2024-10-15 07:48:10.010000+00:00,walking,1,random_forest,3,47046344M-104,reference,0.0,0.2464084907552043,0
47046344M-104,2024-10-15 07:48:11.010000+00:00,walking,1,random_forest,3,47046344M-104,reference,0.0,0.24183417128390342,0
47046344M-104,2024-10-15 07:48:12.010000+00:00,walking,1,random_forest,3,47046344M-104,reference,0.0,0.24031063482264717,0
47046344M-104,2024-10-15 07:48:13.010000+00:00,walking,1,random_forest,3,47046344M-104,reference,0.0,0.20037122058266688,0
47046344M-104,2024-10-15 07:48:14.010000+00:00,walking,1,random_forest,3,47046344M-104,reference,0.0,0.32529868936472045,0
47046344M-104,2024-10-15 07:48:15.010000+00:00,walking,1,random_forest,3,47046344M-104,reference,0.0,0.40413540857742003,0
47046344M-104,2024-10-15 07:48:16.010000+00:00,walking,1,random_forest,3,47046344M-104,reference,0.0,0.4234193570354496,0
47046344M-104,2024-10-15 07:48:17.010000+00:00,walking,1,random_forest,3,47046344M-104,reference,0.0,0.339974538700575,0
47046344M-104,2024-10-15 07:48:18.010000+00:00,walking,1,random_forest,3,47046344M-104,reference,0.0,0.2460998788267994,0
47046344M-104,2024-10-15 07:48:19.010000+00:00,walking,1,random_forest,3,47046344M-104,reference,0.0,0.3477298838293639,0
47046344M-104,2024-10-15 07:48:20.010000+00:00,walking,1,random_forest,3,47046344M-104,reference,0.0,0.4171948614941459,0
47046344M-104,2024-10-15 07:48:21.010000+00:00,walking,1,random_forest,3,47046344M-104,reference,0.0,0.4354221517245217,0
47046344M-104,2024-10-15 07:48:22.010000+00:00,walking,1,random_forest,3,47046344M-104,reference,0.0,0.4384911128753852,0
47046344M-104,2024-10-15 07:48:23.010000+00:00,walking,1,random_forest,3,47046344M-104,reference,0.0,0.38798082859502586,0
47046344M-104,2024-10-15 07:48:24.010000+00:00,walking,1,random_forest,3,47046344M-104,reference,0.0,0.4059037536764678,0
47046344M-104,2024-10-15 07:48:25.010000+00:00,walking,1,random_forest,3,47046344M-104,reference,0.0,0.43285342548627387,0
47046344M-104,2024-10-15 07:48:26.010000+00:00,walking,1,random_forest,3,47046344M-104,reference,0.0,0.4121548293112537,0
47046344M-104,2024-10-15 07:48:27.010000+00:00,walking,1,random_forest,3,47046344M-104,reference,0.0,0.3893574846837368,0
47046344M-104,2024-10-15 07:48:28.010000+00:00,walking,1,random_forest,3,47046344M-104,reference,0.0,0.24398595056392064,0
47046344M-104,2024-10-15 07:48:29.010000+00:00,walking,1,random_forest,3,47046344M-104,reference,0.0,0.26968075619603854,0
47046344M-104,2024-10-15 07:48:30.010000+00:00,walking,1,random_forest,3,47046344M-104,reference,0.0,0.23799275301627396,0
47046344M-104,2024-10-15 07:48:31.010000+00:00,walking,1,random_forest,3,47046344M-104,reference,0.0,0.30339089508472994,0
47046344M-104,2024-10-15 07:48:32.010000+00:00,walking,1,random_forest,3,47046344M-104,reference,0.0,0.3277193536571114,0
47046344M-104,2024-10-15 07:48:33.010000+00:00,walking,1,random_forest,3,47046344M-104,reference,0.0,0.3632406599217741,0
47046344M-104,2024-10-15 07:48:34.010000+00:00,walking,1,random_forest,3,47046344M-104,reference,0.0,0.36372605759002324,0
47046344M-104,2024-10-15 07:48:35.010000+00:00,walking,1,random_forest,3,47046344M-104,reference,0.0,0.44239030539422414,0
47046344M-104,2024-10-15 07:48:36.010000+00:00,walking,1,random_forest,3,47046344M-104,reference,0.0,0.3828623574857346,0
47046344M-104,2024-10-15 07:48:37.010000+00:00,walking,1,random_forest,3,47046344M-104,reference,0.0,0.33814875472358236,0
47046344M-104,2024-10-15 07:48:38.010000+00:00,walking,1,random_forest,3,47046344M-104,reference,0.0,0.23149436233611187,0
47046344M-104,2024-10-15 07:48:39.010000+00:00,walking,1,random_forest,3,47046344M-104,reference,0.0,0.2694895804733495,0
47046344M-104,2024-10-15 07:48:40.010000+00:00,walking,1,random_forest,3,47046344M-104,reference,0.0,0.26682959310968957,0
47046344M-104,2024-10-15 07:48:41.010000+00:00,walking,1,random_forest,3,47046344M-104,reference,0.0,0.3072778770620657,0
47046344M-104,2024-10-15 07:48:42.010000+00:00,walking,1,random_forest,3,47046344M-104,reference,0.0,0.2737842822320663,0
02548893X-118,2025-02-28 09:48:08.010000+00:00,not_walking,0,xgboost,1,02548893X-118,reference,0.0,0.2916180193424225,0
02548893X-118,2025-02-28 09:48:09.010000+00:00,not_walking,0,xgboost,1,02548893X-118,reference,0.0,0.2325163632631302,0
02548893X-118,2025-02-28 09:48:10.010000+00:00,not_walking,0,xgboost,1,02548893X-118,reference,0.0,0.20759668946266174,0
02548893X-118,2025-02-28 09:48:11.010000+00:00,not_walking,0,xgboost,1,02548893X-118,reference,0.0,0.2383812665939331,0
02548893X-118,2025-02-28 09:48:12.010000+00:00,not_walking,0,xgboost,1,02548893X-118,reference,0.0,0.1191801205277443,0
02548893X-118,2025-02-28 09:48:13.010000+00:00,not_walking,0,xgboost,1,02548893X-118,reference,0.0,0.0759357213973999,0
02548893X-118,2025-02-28 09:48:14.010000+00:00,not_walking,0,xgboost,1,02548893X-118,reference,0.0,0.1477745622396469,0
02548893X-118,2025-02-28 09:48:15.010000+00:00,not_walking,0,xgboost,1,02548893X-118,reference,0.0,0.13637275993824005,0
02548893X-118,2025-02-28 09:48:16.010000+00:00,not_walking,0,xgboost,1,02548893X-118,reference,0.0,0.412016898393631,0
02548893X-118,2025-02-28 09:48:17.010000+00:00,not_walking,0,xgboost,1,02548893X-118,reference,0.0,0.1685357242822647,0
02548893X-118,2025-02-28 09:48:18.010000+00:00,not_walking,0,xgboost,1,02548893X-118,reference,0.0,0.06964446604251862,0
02548893X-118,2025-02-28 09:48:19.010000+00:00,not_walking,0,xgboost,1,02548893X-118,reference,0.0,0.06730677932500839,0
02548893X-118,2025-02-28 09:48:20.010000+00:00,not_walking,0,xgboost,1,02548893X-118,reference,0.0,0.14156410098075867,0
02548893X-118,2025-02-28 09:48:21.010000+00:00,not_walking,0,xgboost,1,02548893X-118,reference,0.0,0.17743797600269318,0
02548893X-118,2025-02-28 09:48:22.010000+00:00,not_walking,0,xgboost,1,02548893X-118,reference,0.0,0.04127344861626625,0
02548893X-118,2025-02-28 09:48:23.010000+00:00,not_walking,0,xgboost,1,02548893X-118,reference,0.0,0.09701060503721237,0
02548893X-118,2025-02-28 09:48:24.010000+00:00,not_walking,0,xgboost,1,02548893X-118,reference,0.0,0.15545043349266052,0
02548893X-118,2025-02-28 09:48:25.010000+00:00,not_walking,0,xgboost,1,02548893X-118,reference,0.0,0.07035025954246521,0
02548893X-118,2025-02-28 09:48:26.010000+00:00,not_walking,0,xgboost,1,02548893X-118,reference,0.0,0.10922612994909286,0
02548893X-118,2025-02-28 09:48:27.010000+00:00,not_walking,0,xgboost,1,02548893X-118,reference,0.0,0.15248048305511475,0
02548893X-118,2025-02-28 09:48:28.010000+00:00,not_walking,0,xgboost,1,02548893X-118,reference,0.0,0.16528542339801788,0
02548893X-118,2025-02-28 09:48:29.010000+00:00,not_walking,0,xgboost,1,02548893X-118,reference,0.0,0.2100832611322403,0
02548893X-118,2025-02-28 09:48:30.010000+00:00,not_walking,0,xgboost,1,02548893X-118,reference,0.0,0.129585862159729,0
02548893X-118,2025-02-28 09:48:31.010000+00:00,not_walking,0,xgboost,1,02548893X-118,reference,0.0,0.18262462317943573,0
02548893X-118,2025-02-28 09:48:32.010000+00:00,not_walking,0,xgboost,1,02548893X-118,reference,0.0,0.4218246042728424,0
02548893X-118,2025-02-28 09:48:33.010000+00:00,not_walking,0,xgboost,1,02548893X-118,reference,0.0,0.15384666621685028,0
02548893X-118,2025-02-28 09:48:34.010000+00:00,not_walking,0,xgboost,1,02548893X-118,reference,0.0,0.39464467763900757,0
02548893X-118,2025-02-28 09:48:35.010000+00:00,not_walking,0,xgboost,1,02548893X-118,reference,0.0,0.34935733675956726,0
02548893X-118,2025-02-28 09:48:36.010000+00:00,not_walking,0,xgboost,1,02548893X-118,reference,0.0,0.14252080023288727,0
02548893X-118,2025-02-28 09:48:37.010000+00:00,not_walking,0,xgboost,1,02548893X-118,reference,0.0,0.20056568086147308,0
02548893X-118,2025-02-28 09:48:38.010000+00:00,not_walking,0,xgboost,1,02548893X-118,reference,0.0,0.2664784789085388,0
02548893X-118,2025-02-28 09:48:39.010000+00:00,not_walking,0,xgboost,1,02548893X-118,reference,0.0,0.20247279107570648,0
02548893X-118,2025-02-28 09:48:40.010000+00:00,not_walking,0,xgboost,1,02548893X-118,reference,0.0,0.20212556421756744,0
02548893X-118,2025-02-28 09:48:41.010000+00:00,not_walking,0,xgboost,1,02548893X-118,reference,0.0,0.3263288140296936,0
02548893X-118,2025-02-28 09:48:42.010000+00:00,not_walking,0,xgboost,1,02548893X-118,reference,0.0,0.21832968294620514,0
02548893X-118,2025-02-28 09:48:43.010000+00:00,not_walking,0,xgboost,1,02548893X-118,reference,0.0,0.35276198387145996,0
02548893X-118,2025-02-28 09:48:44.010000+00:00,not_walking,0,xgboost,1,02548893X-118,reference,0.0,0.23417025804519653,0
02548893X-118,2025-02-28 09:48:45.010000+00:00,not_walking,0,xgboost,1,02548893X-118,reference,0.0,0.2623636722564697,0
02548893X-118,2025-02-28 09:48:46.010000+00:00,not_walking,0,xgboost,1,02548893X-118,reference,0.0,0.21703864634037018,0
02548893X-118,2025-02-28 09:48:47.010000+00:00,not_walking,0,xgboost,1,02548893X-118,reference,0.0,0.3531434237957001,0
02548893X-118,2025-02-28 09:48:48.010000+00:00,not_walking,0,xgboost,1,02548893X-118,reference,0.0,0.3378143906593323,0
02548893X-118,2025-02-28 09:48:49.010000+00:00,not_walking,0,xgboost,1,02548893X-118,reference,0.0,0.44563934206962585,0
02548893X-118,2025-02-28 09:48:50.010000+00:00,not_walking,0,xgboost,1,02548893X-118,reference,0.0,0.32419195771217346,0
02548893X-118,2025-02-28 09:48:51.010000+00:00,not_walking,0,xgboost,1,02548893X-118,reference,0.0,0.28662818670272827,0
02548893X-118,2025-02-28 09:48:52.010000+00:00,not_walking,0,xgboost,1,02548893X-118,reference,0.0,0.21155999600887299,0
02548893X-118,2025-02-28 09:48:53.010000+00:00,not_walking,0,xgboost,1,02548893X-118,reference,0.0,0.26275745034217834,0
02548893X-118,2025-02-28 09:48:54.010000+00:00,not_walking,0,xgboost,1,02548893X-118,reference,0.0,0.32367444038391113,0
02548893X-118,2025-02-28 09:48:55.010000+00:00,not_walking,0,xgboost,1,02548893X-118,reference,0.0,0.2471519410610199,0
02548893X-118,2025-02-28 09:48:56.010000+00:00,not_walking,0,xgboost,1,02548893X-118,reference,0.0,0.4146043658256531,0
02548893X-118,2025-02-28 09:48:57.010000+00:00,not_walking,0,xgboost,1,02548893X-118,reference,0.0,0.10423678904771805,0
02548893X-118,2025-02-28 09:48:58.010000+00:00,not_walking,0,xgboost,1,02548893X-118,reference,0.0,0.3338669538497925,0
02548893X-118,2025-02-28 09:48:59.010000+00:00,not_walking,0,xgboost,1,02548893X-118,reference,0.0,0.30915895104408264,0
02548893X-118,2025-02-28 09:49:00.010000+00:00,not_walking,0,xgboost,1,02548893X-118,reference,0.0,0.28521081805229187,0
02548893X-118,2025-02-28 09:49:01.010000+00:00,not_walking,0,xgboost,1,02548893X-118,reference,0.0,0.2535383105278015,0
02548893X-118,2025-02-28 09:49:02.010000+00:00,not_walking,0,xgboost,1,02548893X-118,reference,0.0,0.19460026919841766,0
02548893X-118,2025-02-28 09:49:03.010000+00:00,not_walking,0,xgboost,1,02548893X-118,reference,0.0,0.257510781288147,0
02548893X-118,2025-02-28 09:49:04.010000+00:00,not_walking,0,xgboost,1,02548893X-118,reference,0.0,0.2397550791501999,0
02548893X-118,2025-02-28 09:49:05.010000+00:00,not_walking,0,xgboost,1,02548893X-118,reference,0.0,0.22421766817569733,0
02548893X-118,2025-02-28 09:49:06.010000+00:00,not_walking,0,xgboost,1,02548893X-118,reference,0.0,0.15990252792835236,0
02548893X-118,2025-02-28 09:49:07.010000+00:00,not_walking,0,xgboost,1,02548893X-118,reference,0.0,0.26761355996131897,0
02548893X-118,2025-02-28 09:49:08.010000+00:00,not_walking,0,xgboost,1,02548893X-118,reference,0.0,0.32329535484313965,0
02548893X-118,2025-02-28 09:49:09.010000+00:00,not_walking,0,xgboost,1,02548893X-118,reference,0.0,0.36774927377700806,0
02548893X-118,2025-02-28 09:49:10.010000+00:00,not_walking,0,xgboost,1,02548893X-118,reference,0.0,0.2665664851665497,0
02548893X-118,2025-02-28 09:49:11.010000+00:00,not_walking,0,xgboost,1,02548893X-118,reference,0.0,0.11804848164319992,0
02548893X-118,2025-02-28 09:49:12.010000+00:00,not_walking,0,xgboost,1,02548893X-118,reference,0.0,0.14432363212108612,0
02548893X-118,2025-02-28 09:49:13.010000+00:00,not_walking,0,xgboost,1,02548893X-118,reference,0.0,0.09257826209068298,0
02548893X-118,2025-02-28 09:49:14.010000+00:00,not_walking,0,xgboost,1,02548893X-118,reference,0.0,0.022623559460043907,0
02548893X-118,2025-02-28 09:49:15.010000+00:00,not_walking,0,xgboost,1,02548893X-118,reference,0.0,0.07911577820777893,0
02548893X-118,2025-02-28 09:49:16.010000+00:00,not_walking,0,xgboost,1,02548893X-118,reference,0.0,0.08846449106931686,0
02548893X-118,2025-02-28 09:49:17.010000+00:00,not_walking,0,xgboost,1,02548893X-118,reference,0.0,0.1278177797794342,0
02548893X-118,2025-02-28 09:49:18.010000+00:00,not_walking,0,xgboost,1,02548893X-118,reference,0.0,0.2814030349254608,0
02548893X-118,2025-02-28 09:49:19.010000+00:00,not_walking,0,xgboost,1,02548893X-118,reference,0.0,0.19539771974086761,0
02548893X-118,2025-02-28 09:49:20.010000+00:00,not_walking,0,xgboost,1,02548893X-118,reference,0.0,0.27924787998199463,0
02548893X-118,2025-02-28 09:49:21.010000+00:00,not_walking,0,xgboost,1,02548893X-118,reference,0.0,0.40319618582725525,0
02548893X-118,2025-02-28 09:49:22.010000+00:00,not_walking,0,xgboost,1,02548893X-118,reference,0.0,0.3666623830795288,0
02548893X-118,2025-02-28 09:49:23.010000+00:00,not_walking,0,xgboost,1,02548893X-118,reference,0.0,0.5081520080566406,1
02548893X-118,2025-02-28 09:49:24.010000+00:00,not_walking,0,xgboost,1,02548893X-118,reference,0.0,0.3318132162094116,0
02548893X-118,2025-02-28 09:49:25.010000+00:00,not_walking,0,xgboost,1,02548893X-118,reference,0.0,0.5066162347793579,1
02548893X-118,2025-02-28 09:49:26.010000+00:00,not_walking,0,xgboost,1,02548893X-118,reference,0.0,0.3930569887161255,0
02548893X-118,2025-02-28 09:49:27.010000+00:00,not_walking,0,xgboost,1,02548893X-118,reference,0.0,0.7285014390945435,1
02548893X-118,2025-02-28 09:49:28.010000+00:00,not_walking,0,xgboost,1,02548893X-118,reference,0.0,0.7387456893920898,1
02548893X-118,2025-02-28 09:49:29.010000+00:00,not_walking,0,xgboost,1,02548893X-118,reference,0.0,0.943892240524292,1
02548893X-118,2025-02-28 09:49:30.010000+00:00,not_walking,0,xgboost,1,02548893X-118,reference,0.0,0.9217429161071777,1
02548893X-118,2025-02-28 09:49:31.010000+00:00,not_walking,0,xgboost,1,02548893X-118,reference,0.0,0.8322916626930237,1
02548893X-118,2025-02-28 09:49:32.010000+00:00,not_walking,0,xgboost,1,02548893X-118,reference,0.0,0.8243714570999146,1
02548893X-118,2025-02-28 09:49:33.010000+00:00,not_walking,0,xgboost,1,02548893X-118,reference,0.0,0.13324876129627228,0
02548893X-118,2025-02-28 09:49:34.010000+00:00,not_walking,0,xgboost,1,02548893X-118,reference,0.0,0.7863893508911133,1
02548893X-118,2025-02-28 09:49:35.010000+00:00,not_walking,0,xgboost,1,02548893X-118,reference,0.0,0.7049380540847778,1
02548893X-118,2025-02-28 09:49:36.010000+00:00,not_walking,0,xgboost,1,02548893X-118,reference,0.0,0.5958063006401062,1
02548893X-118,2025-02-28 09:49:37.010000+00:00,not_walking,0,xgboost,1,02548893X-118,reference,0.0,0.7170960307121277,1
02548893X-118,2025-02-28 09:49:38.010000+00:00,not_walking,0,xgboost,1,02548893X-118,reference,0.0,0.6342793107032776,1
02548893X-118,2025-02-28 09:49:39.010000+00:00,not_walking,0,xgboost,1,02548893X-118,reference,0.0,0.6900206208229065,1
02548893X-118,2025-02-28 09:49:40.010000+00:00,not_walking,0,xgboost,1,02548893X-118,reference,0.0,0.8253604769706726,1
02548893X-118,2025-02-28 09:49:41.010000+00:00,not_walking,0,xgboost,1,02548893X-118,reference,0.0,0.7299104332923889,1
02548893X-118,2025-02-28 09:49:42.010000+00:00,not_walking,0,xgboost,1,02548893X-118,reference,0.0,0.5883419513702393,1
02548893X-118,2025-02-28 09:49:43.010000+00:00,not_walking,0,xgboost,1,02548893X-118,reference,0.0,0.6749563813209534,1
02548893X-118,2025-02-28 09:49:44.010000+00:00,not_walking,0,xgboost,1,02548893X-118,reference,0.0,0.3073655068874359,0
02548893X-118,2025-02-28 09:49:45.010000+00:00,not_walking,0,xgboost,1,02548893X-118,reference,0.0,0.6703764796257019,1
02548893X-118,2025-02-28 09:49:46.010000+00:00,not_walking,0,xgboost,1,02548893X-118,reference,0.0,0.5130126476287842,1
02548893X-118,2025-02-28 09:49:47.010000+00:00,not_walking,0,xgboost,1,02548893X-118,reference,0.0,0.23024612665176392,0
02548893X-118,2025-02-28 09:49:48.010000+00:00,not_walking,0,xgboost,1,02548893X-118,reference,0.0,0.26724377274513245,0
02548893X-118,2025-02-28 09:49:49.010000+00:00,not_walking,0,xgboost,1,02548893X-118,reference,0.0,0.27783772349357605,0
02548893X-118,2025-02-28 09:49:50.010000+00:00,not_walking,0,xgboost,1,02548893X-118,reference,0.0,0.7023496031761169,1
02548893X-118,2025-02-28 09:49:51.010000+00:00,not_walking,0,xgboost,1,02548893X-118,reference,0.0,0.2621768116950989,0
02548893X-118,2025-02-28 09:49:52.010000+00:00,not_walking,0,xgboost,1,02548893X-118,reference,0.0,0.8669638633728027,1
02548893X-118,2025-02-28 09:49:53.010000+00:00,not_walking,0,xgboost,1,02548893X-118,reference,0.0,0.0924111157655716,0
02548893X-118,2025-02-28 09:49:54.010000+00:00,not_walking,0,xgboost,1,02548893X-118,reference,0.0,0.3045220375061035,0
02548893X-118,2025-02-28 09:49:55.010000+00:00,not_walking,0,xgboost,1,02548893X-118,reference,0.0,0.4366801381111145,0
02548893X-118,2025-02-28 09:49:56.010000+00:00,not_walking,0,xgboost,1,02548893X-118,reference,0.0,0.8586689233779907,1
02548893X-118,2025-02-28 09:49:57.010000+00:00,not_walking,0,xgboost,1,02548893X-118,reference,0.0,0.9035893082618713,1
02548893X-118,2025-02-28 09:49:58.010000+00:00,not_walking,0,xgboost,1,02548893X-118,reference,0.0,0.6896752119064331,1
02548893X-118,2025-02-28 09:49:59.010000+00:00,not_walking,0,xgboost,1,02548893X-118,reference,0.0,0.6473373770713806,1
02548893X-118,2025-02-28 09:50:00.010000+00:00,not_walking,0,xgboost,1,02548893X-118,reference,0.0,0.28620466589927673,0
02548893X-118,2025-02-28 09:50:01.010000+00:00,not_walking,0,xgboost,1,02548893X-118,reference,0.0,0.4902571737766266,0
02548893X-118,2025-02-28 09:50:02.010000+00:00,not_walking,0,xgboost,1,02548893X-118,reference,0.0,0.6130779981613159,1
02548893X-118,2025-02-28 09:50:03.010000+00:00,not_walking,0,xgboost,1,02548893X-118,reference,0.0,0.5329899787902832,1
02548893X-118,2025-02-28 09:50:04.010000+00:00,not_walking,0,xgboost,1,02548893X-118,reference,0.0,0.5390712022781372,1
02548893X-118,2025-02-28 09:50:05.010000+00:00,not_walking,0,xgboost,1,02548893X-118,reference,0.0,0.7667444348335266,1
04845288Q-121,2025-03-01 11:32:18.010000+00:00,walking,1,xgboost,2,04845288Q-121,reference,0.0,0.03704993426799774,0
04845288Q-121,2025-03-01 11:32:19.010000+00:00,walking,1,xgboost,2,04845288Q-121,reference,0.0,0.32812899351119995,0
04845288Q-121,2025-03-01 11:32:20.010000+00:00,walking,1,xgboost,2,04845288Q-121,reference,0.0,0.6004127860069275,1
04845288Q-121,2025-03-01 11:32:21.010000+00:00,walking,1,xgboost,2,04845288Q-121,reference,0.0,0.17416255176067352,0
04845288Q-121,2025-03-01 11:32:22.010000+00:00,walking,1,xgboost,2,04845288Q-121,reference,0.0,0.6468996405601501,1
04845288Q-121,2025-03-01 11:32:23.010000+00:00,walking,1,xgboost,2,04845288Q-121,reference,0.0,0.7303949594497681,1
04845288Q-121,2025-03-01 11:32:24.010000+00:00,walking,1,xgboost,2,04845288Q-121,reference,0.0,0.4437573552131653,0
04845288Q-121,2025-03-01 11:32:25.010000+00:00,walking,1,xgboost,2,04845288Q-121,reference,0.0,0.10260436683893204,0
04845288Q-121,2025-03-01 11:32:26.010000+00:00,walking,1,xgboost,2,04845288Q-121,reference,0.0,0.042735256254673004,0
04845288Q-121,2025-03-01 11:32:27.010000+00:00,walking,1,xgboost,2,04845288Q-121,reference,0.0,0.4189547300338745,0
04845288Q-121,2025-03-01 11:32:28.010000+00:00,walking,1,xgboost,2,04845288Q-121,reference,0.0,0.16100344061851501,0
04845288Q-121,2025-03-01 11:32:29.010000+00:00,walking,1,xgboost,2,04845288Q-121,reference,0.0,0.27733805775642395,0
04845288Q-121,2025-03-01 11:32:30.010000+00:00,not_walking,0,xgboost,2,04845288Q-121,reference,0.0,0.2610991597175598,0
04845288Q-121,2025-03-01 11:32:31.010000+00:00,not_walking,0,xgboost,2,04845288Q-121,reference,0.0,0.7479237914085388,1
04845288Q-121,2025-03-01 11:32:32.010000+00:00,not_walking,0,xgboost,2,04845288Q-121,reference,0.0,0.4049440026283264,0
04845288Q-121,2025-03-01 11:32:33.010000+00:00,not_walking,0,xgboost,2,04845288Q-121,reference,0.0,0.5809261798858643,1
04845288Q-121,2025-03-01 11:32:34.010000+00:00,not_walking,0,xgboost,2,04845288Q-121,reference,0.0,0.3440660238265991,0
04845288Q-121,2025-03-01 11:32:35.010000+00:00,not_walking,0,xgboost,2,04845288Q-121,reference,0.0,0.5035866498947144,1
04845288Q-121,2025-03-01 11:32:36.010000+00:00,not_walking,0,xgboost,2,04845288Q-121,reference,0.0,0.2834693491458893,0
04845288Q-121,2025-03-01 11:32:37.010000+00:00,not_walking,0,xgboost,2,04845288Q-121,reference,0.0,0.05171378329396248,0
04845288Q-121,2025-03-01 11:32:38.010000+00:00,not_walking,0,xgboost,2,04845288Q-121,reference,0.0,0.24590608477592468,0
04845288Q-121,2025-03-01 11:32:39.010000+00:00,not_walking,0,xgboost,2,04845288Q-121,reference,0.0,0.17723818123340607,0
04845288Q-121,2025-03-01 11:32:40.010000+00:00,not_walking,0,xgboost,2,04845288Q-121,reference,0.0,0.43591341376304626,0
04845288Q-121,2025-03-01 11:32:41.010000+00:00,not_walking,0,xgboost,2,04845288Q-121,reference,0.0,0.16683222353458405,0
04845288Q-121,2025-03-01 11:32:42.010000+00:00,walking,1,xgboost,2,04845288Q-121,reference,0.0,0.322237104177475,0
04845288Q-121,2025-03-01 11:32:43.010000+00:00,walking,1,xgboost,2,04845288Q-121,reference,0.0,0.23064473271369934,0
04845288Q-121,2025-03-01 11:32:44.010000+00:00,walking,1,xgboost,2,04845288Q-121,reference,0.0,0.6632829308509827,1
04845288Q-121,2025-03-01 11:32:45.010000+00:00,walking,1,xgboost,2,04845288Q-121,reference,0.0,0.36003103852272034,0
04845288Q-121,2025-03-01 11:32:46.010000+00:00,walking,1,xgboost,2,04845288Q-121,reference,0.0,0.6137980818748474,1
04845288Q-121,2025-03-01 11:32:47.010000+00:00,walking,1,xgboost,2,04845288Q-121,reference,0.0,0.6852311491966248,1
04845288Q-121,2025-03-01 11:32:48.010000+00:00,walking,1,xgboost,2,04845288Q-121,reference,0.0,0.36937251687049866,0
04845288Q-121,2025-03-01 11:32:49.010000+00:00,not_walking,0,xgboost,2,04845288Q-121,reference,0.0,0.12495516240596771,0
04845288Q-121,2025-03-01 11:32:50.010000+00:00,not_walking,0,xgboost,2,04845288Q-121,reference,0.0,0.0326104462146759,0
04845288Q-121,2025-03-01 11:32:51.010000+00:00,not_walking,0,xgboost,2,04845288Q-121,reference,0.0,0.1574634164571762,0
04845288Q-121,2025-03-01 11:32:52.010000+00:00,not_walking,0,xgboost,2,04845288Q-121,reference,0.0,0.3020145297050476,0
04845288Q-121,2025-03-01 11:32:53.010000+00:00,not_walking,0,xgboost,2,04845288Q-121,reference,0.0,0.07025432586669922,0
04845288Q-121,2025-03-01 11:32:54.010000+00:00,not_walking,0,xgboost,2,04845288Q-121,reference,0.0,0.30697932839393616,0
04845288Q-121,2025-03-01 11:32:55.010000+00:00,not_walking,0,xgboost,2,04845288Q-121,reference,0.0,0.5121355056762695,1
04845288Q-121,2025-03-01 11:32:56.010000+00:00,not_walking,0,xgboost,2,04845288Q-121,reference,0.0,0.5584437251091003,1
04845288Q-121,2025-03-01 11:32:57.010000+00:00,not_walking,0,xgboost,2,04845288Q-121,reference,0.0,0.6226438879966736,1
04845288Q-121,2025-03-01 11:32:58.010000+00:00,not_walking,0,xgboost,2,04845288Q-121,reference,0.0,0.6533447504043579,1
04845288Q-121,2025-03-01 11:32:59.010000+00:00,not_walking,0,xgboost,2,04845288Q-121,reference,0.0,0.763486385345459,1
04845288Q-121,2025-03-01 11:33:00.010000+00:00,not_walking,0,xgboost,2,04845288Q-121,reference,0.0,0.6315010190010071,1
04845288Q-121,2025-03-01 11:33:01.010000+00:00,not_walking,0,xgboost,2,04845288Q-121,reference,0.0,0.3003067076206207,0
04845288Q-121,2025-03-01 11:33:02.010000+00:00,not_walking,0,xgboost,2,04845288Q-121,reference,0.0,0.4143237769603729,0
04845288Q-121,2025-03-01 11:33:03.010000+00:00,not_walking,0,xgboost,2,04845288Q-121,reference,0.0,0.5037428140640259,1
04845288Q-121,2025-03-01 11:33:04.010000+00:00,not_walking,0,xgboost,2,04845288Q-121,reference,0.0,0.7593838572502136,1
04845288Q-121,2025-03-01 11:33:09.010000+00:00,not_walking,0,xgboost,2,04845288Q-121,reference,0.0,0.011126413941383362,0
04845288Q-121,2025-03-01 11:33:10.010000+00:00,not_walking,0,xgboost,2,04845288Q-121,reference,0.0,0.6011420488357544,1
04845288Q-121,2025-03-01 11:33:11.010000+00:00,not_walking,0,xgboost,2,04845288Q-121,reference,0.0,0.3958967924118042,0
04845288Q-121,2025-03-01 11:33:12.010000+00:00,not_walking,0,xgboost,2,04845288Q-121,reference,0.0,0.489227294921875,0
04845288Q-121,2025-03-01 11:33:13.010000+00:00,not_walking,0,xgboost,2,04845288Q-121,reference,0.0,0.07373112440109253,0
04845288Q-121,2025-03-01 11:33:14.010000+00:00,not_walking,0,xgboost,2,04845288Q-121,reference,0.0,0.4957328140735626,0
04845288Q-121,2025-03-01 11:33:15.010000+00:00,not_walking,0,xgboost,2,04845288Q-121,reference,0.0,0.375500351190567,0
04845288Q-121,2025-03-01 11:33:16.010000+00:00,not_walking,0,xgboost,2,04845288Q-121,reference,0.0,0.12784253060817719,0
04845288Q-121,2025-03-01 11:33:17.010000+00:00,not_walking,0,xgboost,2,04845288Q-121,reference,0.0,0.6807683110237122,1
04845288Q-121,2025-03-01 11:33:18.010000+00:00,not_walking,0,xgboost,2,04845288Q-121,reference,0.0,0.43102067708969116,0
04845288Q-121,2025-03-01 11:33:19.010000+00:00,not_walking,0,xgboost,2,04845288Q-121,reference,0.0,0.451738566160202,0
04845288Q-121,2025-03-01 11:33:20.010000+00:00,not_walking,0,xgboost,2,04845288Q-121,reference,0.0,0.3481202721595764,0
04845288Q-121,2025-03-01 11:33:21.010000+00:00,not_walking,0,xgboost,2,04845288Q-121,reference,0.0,0.6655001044273376,1
04845288Q-121,2025-03-01 11:33:22.010000+00:00,not_walking,0,xgboost,2,04845288Q-121,reference,0.0,0.12151012569665909,0
04845288Q-121,2025-03-01 11:33:23.010000+00:00,not_walking,0,xgboost,2,04845288Q-121,reference,0.0,0.5569252371788025,1
04845288Q-121,2025-03-01 11:33:24.010000+00:00,not_walking,0,xgboost,2,04845288Q-121,reference,0.0,0.6983764171600342,1
04845288Q-121,2025-03-01 11:33:25.010000+00:00,not_walking,0,xgboost,2,04845288Q-121,reference,0.0,0.346204936504364,0
04845288Q-121,2025-03-01 11:33:26.010000+00:00,not_walking,0,xgboost,2,04845288Q-121,reference,0.0,0.14215543866157532,0
04845288Q-121,2025-03-01 11:33:27.010000+00:00,not_walking,0,xgboost,2,04845288Q-121,reference,0.0,0.45918717980384827,0
04845288Q-121,2025-03-01 11:33:28.010000+00:00,not_walking,0,xgboost,2,04845288Q-121,reference,0.0,0.10210156440734863,0
04845288Q-121,2025-03-01 11:33:29.010000+00:00,not_walking,0,xgboost,2,04845288Q-121,reference,0.0,0.2658364474773407,0
04845288Q-121,2025-03-01 11:33:30.010000+00:00,not_walking,0,xgboost,2,04845288Q-121,reference,0.0,0.4834396541118622,0
04845288Q-121,2025-03-01 11:33:31.010000+00:00,not_walking,0,xgboost,2,04845288Q-121,reference,0.0,0.04960654303431511,0
04845288Q-121,2025-03-01 11:33:32.010000+00:00,not_walking,0,xgboost,2,04845288Q-121,reference,0.0,0.2977125942707062,0
04845288Q-121,2025-03-01 11:33:33.010000+00:00,not_walking,0,xgboost,2,04845288Q-121,reference,0.0,0.36850351095199585,0
04845288Q-121,2025-03-01 11:33:34.010000+00:00,not_walking,0,xgboost,2,04845288Q-121,reference,0.0,0.1600009799003601,0
04845288Q-121,2025-03-01 11:33:35.010000+00:00,not_walking,0,xgboost,2,04845288Q-121,reference,0.0,0.23992639780044556,0
04845288Q-121,2025-03-01 11:33:36.010000+00:00,not_walking,0,xgboost,2,04845288Q-121,reference,0.0,0.8692985773086548,1
04845288Q-121,2025-03-01 11:33:37.010000+00:00,not_walking,0,xgboost,2,04845288Q-121,reference,0.0,0.1605057567358017,0
04845288Q-121,2025-03-01 11:33:38.010000+00:00,not_walking,0,xgboost,2,04845288Q-121,reference,0.0,0.21316656470298767,0
04845288Q-121,2025-03-01 11:33:39.010000+00:00,not_walking,0,xgboost,2,04845288Q-121,reference,0.0,0.6000474691390991,1
04845288Q-121,2025-03-01 11:33:40.010000+00:00,not_walking,0,xgboost,2,04845288Q-121,reference,0.0,0.7787047028541565,1
04845288Q-121,2025-03-01 11:33:41.010000+00:00,not_walking,0,xgboost,2,04845288Q-121,reference,0.0,0.8333150744438171,1
04845288Q-121,2025-03-01 11:33:42.010000+00:00,not_walking,0,xgboost,2,04845288Q-121,reference,0.0,0.24031823873519897,0
04845288Q-121,2025-03-01 11:33:43.010000+00:00,not_walking,0,xgboost,2,04845288Q-121,reference,0.0,0.5861336588859558,1
04845288Q-121,2025-03-01 11:33:44.010000+00:00,not_walking,0,xgboost,2,04845288Q-121,reference,0.0,0.6482047438621521,1
04845288Q-121,2025-03-01 11:33:45.010000+00:00,not_walking,0,xgboost,2,04845288Q-121,reference,0.0,0.66713547706604,1
04845288Q-121,2025-03-01 11:33:46.010000+00:00,not_walking,0,xgboost,2,04845288Q-121,reference,0.0,0.23722422122955322,0
04845288Q-121,2025-03-01 11:33:47.010000+00:00,not_walking,0,xgboost,2,04845288Q-121,reference,0.0,0.3530654013156891,0
04845288Q-121,2025-03-01 11:33:48.010000+00:00,not_walking,0,xgboost,2,04845288Q-121,reference,0.0,0.6420012712478638,1
04845288Q-121,2025-03-01 11:33:49.010000+00:00,not_walking,0,xgboost,2,04845288Q-121,reference,0.0,0.2960227429866791,0
04845288Q-121,2025-03-01 11:33:50.010000+00:00,not_walking,0,xgboost,2,04845288Q-121,reference,0.0,0.43919625878334045,0
04845288Q-121,2025-03-01 11:33:51.010000+00:00,not_walking,0,xgboost,2,04845288Q-121,reference,0.0,0.23072735965251923,0
04845288Q-121,2025-03-01 11:33:52.010000+00:00,not_walking,0,xgboost,2,04845288Q-121,reference,0.0,0.683329164981842,1
04845288Q-121,2025-03-01 11:33:53.010000+00:00,not_walking,0,xgboost,2,04845288Q-121,reference,0.0,0.6488584280014038,1
04845288Q-121,2025-03-01 11:33:54.010000+00:00,not_walking,0,xgboost,2,04845288Q-121,reference,0.0,0.4577196538448334,0
04845288Q-121,2025-03-01 11:33:55.010000+00:00,not_walking,0,xgboost,2,04845288Q-121,reference,0.0,0.4061697721481323,0
04845288Q-121,2025-03-01 11:33:56.010000+00:00,not_walking,0,xgboost,2,04845288Q-121,reference,0.0,0.5072981715202332,1
04845288Q-121,2025-03-01 11:33:57.010000+00:00,not_walking,0,xgboost,2,04845288Q-121,reference,0.0,0.5074286460876465,1
04845288Q-121,2025-03-01 11:33:58.010000+00:00,not_walking,0,xgboost,2,04845288Q-121,reference,0.0,0.08705564588308334,0
04845288Q-121,2025-03-01 11:33:59.010000+00:00,not_walking,0,xgboost,2,04845288Q-121,reference,0.0,0.11962474882602692,0
04845288Q-121,2025-03-01 11:34:00.010000+00:00,not_walking,0,xgboost,2,04845288Q-121,reference,0.0,0.6878246068954468,1
04845288Q-121,2025-03-01 11:34:01.010000+00:00,not_walking,0,xgboost,2,04845288Q-121,reference,0.0,0.8014636039733887,1
04845288Q-121,2025-03-01 11:34:02.010000+00:00,not_walking,0,xgboost,2,04845288Q-121,reference,0.0,0.40706750750541687,0
04845288Q-121,2025-03-01 11:34:03.010000+00:00,not_walking,0,xgboost,2,04845288Q-121,reference,0.0,0.1403389424085617,0
04845288Q-121,2025-03-01 11:34:04.010000+00:00,not_walking,0,xgboost,2,04845288Q-121,reference,0.0,0.0979013592004776,0
04845288Q-121,2025-03-01 11:34:05.010000+00:00,not_walking,0,xgboost,2,04845288Q-121,reference,0.0,0.8548816442489624,1
04845288Q-121,2025-03-01 11:34:06.010000+00:00,not_walking,0,xgboost,2,04845288Q-121,reference,0.0,0.6230912804603577,1
04845288Q-121,2025-03-01 11:34:07.010000+00:00,not_walking,0,xgboost,2,04845288Q-121,reference,0.0,0.8075466156005859,1
04845288Q-121,2025-03-01 11:34:08.010000+00:00,not_walking,0,xgboost,2,04845288Q-121,reference,0.0,0.3520941436290741,0
04845288Q-121,2025-03-01 11:34:09.010000+00:00,not_walking,0,xgboost,2,04845288Q-121,reference,0.0,0.5456898212432861,1
04845288Q-121,2025-03-01 11:34:10.010000+00:00,not_walking,0,xgboost,2,04845288Q-121,reference,0.0,0.5393064022064209,1
04845288Q-121,2025-03-01 11:34:11.010000+00:00,not_walking,0,xgboost,2,04845288Q-121,reference,0.0,0.4250723123550415,0
04845288Q-121,2025-03-01 11:34:12.010000+00:00,not_walking,0,xgboost,2,04845288Q-121,reference,0.0,0.5584580302238464,1
04845288Q-121,2025-03-01 11:34:13.010000+00:00,not_walking,0,xgboost,2,04845288Q-121,reference,0.0,0.5013313293457031,1
04845288Q-121,2025-03-01 11:34:14.010000+00:00,not_walking,0,xgboost,2,04845288Q-121,reference,0.0,0.8058394193649292,1
04845288Q-121,2025-03-01 11:34:15.010000+00:00,not_walking,0,xgboost,2,04845288Q-121,reference,0.0,0.9044619798660278,1
04845288Q-121,2025-03-01 11:34:16.010000+00:00,not_walking,0,xgboost,2,04845288Q-121,reference,0.0,0.5999826192855835,1
04845288Q-121,2025-03-01 11:34:17.010000+00:00,not_walking,0,xgboost,2,04845288Q-121,reference,0.0,0.36941397190093994,0
04845288Q-121,2025-03-01 11:34:18.010000+00:00,not_walking,0,xgboost,2,04845288Q-121,reference,0.0,0.5486094355583191,1
04845288Q-121,2025-03-01 11:34:19.010000+00:00,not_walking,0,xgboost,2,04845288Q-121,reference,0.0,0.4024740159511566,0
04845288Q-121,2025-03-01 11:34:20.010000+00:00,not_walking,0,xgboost,2,04845288Q-121,reference,0.0,0.3338574469089508,0
04845288Q-121,2025-03-01 11:34:21.010000+00:00,not_walking,0,xgboost,2,04845288Q-121,reference,0.0,0.5648010969161987,1
04845288Q-121,2025-03-01 11:34:22.010000+00:00,not_walking,0,xgboost,2,04845288Q-121,reference,0.0,0.6589187979698181,1
04845288Q-121,2025-03-01 11:34:23.010000+00:00,not_walking,0,xgboost,2,04845288Q-121,reference,0.0,0.6039273738861084,1
04845288Q-121,2025-03-01 11:34:24.010000+00:00,not_walking,0,xgboost,2,04845288Q-121,reference,0.0,0.7842718958854675,1
04845288Q-121,2025-03-01 11:34:25.010000+00:00,not_walking,0,xgboost,2,04845288Q-121,reference,0.0,0.4443633556365967,0
04845288Q-121,2025-03-01 11:34:26.010000+00:00,not_walking,0,xgboost,2,04845288Q-121,reference,0.0,0.7791239023208618,1
04845288Q-121,2025-03-01 11:34:27.010000+00:00,not_walking,0,xgboost,2,04845288Q-121,reference,0.0,0.23388199508190155,0
04845288Q-121,2025-03-01 11:34:28.010000+00:00,not_walking,0,xgboost,2,04845288Q-121,reference,0.0,0.8718510270118713,1
04845288Q-121,2025-03-01 11:34:29.010000+00:00,not_walking,0,xgboost,2,04845288Q-121,reference,0.0,0.02614547312259674,0
04845288Q-121,2025-03-01 11:34:30.010000+00:00,not_walking,0,xgboost,2,04845288Q-121,reference,0.0,0.22840134799480438,0
04845288Q-121,2025-03-01 11:34:31.010000+00:00,not_walking,0,xgboost,2,04845288Q-121,reference,0.0,0.388937383890152,0
04845288Q-121,2025-03-01 11:34:32.010000+00:00,not_walking,0,xgboost,2,04845288Q-121,reference,0.0,0.8672225475311279,1
04845288Q-121,2025-03-01 11:34:33.010000+00:00,not_walking,0,xgboost,2,04845288Q-121,reference,0.0,0.24749746918678284,0
04845288Q-121,2025-03-01 11:34:34.010000+00:00,not_walking,0,xgboost,2,04845288Q-121,reference,0.0,0.32226869463920593,0
04845288Q-121,2025-03-01 11:34:35.010000+00:00,not_walking,0,xgboost,2,04845288Q-121,reference,0.0,0.856530487537384,1
04845288Q-121,2025-03-01 11:34:36.010000+00:00,not_walking,0,xgboost,2,04845288Q-121,reference,0.0,0.7013759016990662,1
04845288Q-121,2025-03-01 11:34:37.010000+00:00,not_walking,0,xgboost,2,04845288Q-121,reference,0.0,0.5214049816131592,1
04845288Q-121,2025-03-01 11:34:38.010000+00:00,not_walking,0,xgboost,2,04845288Q-121,reference,0.0,0.507341742515564,1
04845288Q-121,2025-03-01 11:34:39.010000+00:00,not_walking,0,xgboost,2,04845288Q-121,reference,0.0,0.654451847076416,1
04845288Q-121,2025-03-01 11:34:40.010000+00:00,not_walking,0,xgboost,2,04845288Q-121,reference,0.0,0.5194154381752014,1
04845288Q-121,2025-03-01 11:34:41.010000+00:00,not_walking,0,xgboost,2,04845288Q-121,reference,0.0,0.2952273488044739,0
04845288Q-121,2025-03-01 11:34:42.010000+00:00,not_walking,0,xgboost,2,04845288Q-121,reference,0.0,0.5244594812393188,1
04845288Q-121,2025-03-01 11:34:43.010000+00:00,not_walking,0,xgboost,2,04845288Q-121,reference,0.0,0.7256566286087036,1
04845288Q-121,2025-03-01 11:34:44.010000+00:00,not_walking,0,xgboost,2,04845288Q-121,reference,0.0,0.49812623858451843,0
04845288Q-121,2025-03-01 11:34:45.010000+00:00,not_walking,0,xgboost,2,04845288Q-121,reference,0.0,0.616248369216919,1
04845288Q-121,2025-03-01 11:34:46.010000+00:00,not_walking,0,xgboost,2,04845288Q-121,reference,0.0,0.5864212512969971,1
04845288Q-121,2025-03-01 11:34:47.010000+00:00,not_walking,0,xgboost,2,04845288Q-121,reference,0.0,0.45114052295684814,0
04845288Q-121,2025-03-01 11:34:48.010000+00:00,not_walking,0,xgboost,2,04845288Q-121,reference,0.0,0.2954571545124054,0
04845288Q-121,2025-03-01 11:34:49.010000+00:00,not_walking,0,xgboost,2,04845288Q-121,reference,0.0,0.2321772575378418,0
04845288Q-121,2025-03-01 11:34:59.010000+00:00,not_walking,0,xgboost,2,04845288Q-121,reference,0.0,0.29412969946861267,0
04845288Q-121,2025-03-01 11:35:00.010000+00:00,not_walking,0,xgboost,2,04845288Q-121,reference,0.0,0.47828012704849243,0
04845288Q-121,2025-03-01 11:35:01.010000+00:00,not_walking,0,xgboost,2,04845288Q-121,reference,0.0,0.19295711815357208,0
04845288Q-121,2025-03-01 11:35:02.010000+00:00,not_walking,0,xgboost,2,04845288Q-121,reference,0.0,0.7845980525016785,1
04845288Q-121,2025-03-01 11:35:03.010000+00:00,not_walking,0,xgboost,2,04845288Q-121,reference,0.0,0.24854345619678497,0
04845288Q-121,2025-03-01 11:35:04.010000+00:00,not_walking,0,xgboost,2,04845288Q-121,reference,0.0,0.21232007443904877,0
04845288Q-121,2025-03-01 11:35:05.010000+00:00,not_walking,0,xgboost,2,04845288Q-121,reference,0.0,0.5228461027145386,1
04845288Q-121,2025-03-01 11:35:06.010000+00:00,not_walking,0,xgboost,2,04845288Q-121,reference,0.0,0.13383892178535461,0
04845288Q-121,2025-03-01 11:35:07.010000+00:00,not_walking,0,xgboost,2,04845288Q-121,reference,0.0,0.21851757168769836,0
04845288Q-121,2025-03-01 11:35:08.010000+00:00,not_walking,0,xgboost,2,04845288Q-121,reference,0.0,0.5819850564002991,1
04845288Q-121,2025-03-01 11:35:09.010000+00:00,not_walking,0,xgboost,2,04845288Q-121,reference,0.0,0.2894568145275116,0
04845288Q-121,2025-03-01 11:35:10.010000+00:00,not_walking,0,xgboost,2,04845288Q-121,reference,0.0,0.1235351487994194,0
04845288Q-121,2025-03-01 11:35:11.010000+00:00,not_walking,0,xgboost,2,04845288Q-121,reference,0.0,0.36411720514297485,0
04845288Q-121,2025-03-01 11:35:12.010000+00:00,not_walking,0,xgboost,2,04845288Q-121,reference,0.0,0.1088162511587143,0
04845288Q-121,2025-03-01 11:35:13.010000+00:00,not_walking,0,xgboost,2,04845288Q-121,reference,0.0,0.42979180812835693,0
04845288Q-121,2025-03-01 11:35:14.010000+00:00,not_walking,0,xgboost,2,04845288Q-121,reference,0.0,0.4483773410320282,0
04845288Q-121,2025-03-01 11:35:15.010000+00:00,not_walking,0,xgboost,2,04845288Q-121,reference,0.0,0.4426015615463257,0
04845288Q-121,2025-03-01 11:35:16.010000+00:00,not_walking,0,xgboost,2,04845288Q-121,reference,0.0,0.389143168926239,0
04845288Q-121,2025-03-01 11:35:17.010000+00:00,not_walking,0,xgboost,2,04845288Q-121,reference,0.0,0.7340942621231079,1
04845288Q-121,2025-03-01 11:35:18.010000+00:00,not_walking,0,xgboost,2,04845288Q-121,reference,0.0,0.4547787010669708,0
04845288Q-121,2025-03-01 11:35:19.010000+00:00,not_walking,0,xgboost,2,04845288Q-121,reference,0.0,0.2587999105453491,0
04845288Q-121,2025-03-01 11:35:20.010000+00:00,not_walking,0,xgboost,2,04845288Q-121,reference,0.0,0.2829239070415497,0
04845288Q-121,2025-03-01 11:35:21.010000+00:00,not_walking,0,xgboost,2,04845288Q-121,reference,0.0,0.1444927304983139,0
04845288Q-121,2025-03-01 11:35:22.010000+00:00,not_walking,0,xgboost,2,04845288Q-121,reference,0.0,0.4886314570903778,0
04845288Q-121,2025-03-01 11:35:23.010000+00:00,not_walking,0,xgboost,2,04845288Q-121,reference,0.0,0.12849466502666473,0
04845288Q-121,2025-03-01 11:35:24.010000+00:00,not_walking,0,xgboost,2,04845288Q-121,reference,0.0,0.6753597259521484,1
04845288Q-121,2025-03-01 11:35:25.010000+00:00,not_walking,0,xgboost,2,04845288Q-121,reference,0.0,0.3718703091144562,0
04845288Q-121,2025-03-01 11:35:26.010000+00:00,not_walking,0,xgboost,2,04845288Q-121,reference,0.0,0.3629600703716278,0
04845288Q-121,2025-03-01 11:35:27.010000+00:00,not_walking,0,xgboost,2,04845288Q-121,reference,0.0,0.5584100484848022,1
04845288Q-121,2025-03-01 11:35:28.010000+00:00,not_walking,0,xgboost,2,04845288Q-121,reference,0.0,0.8073035478591919,1
04845288Q-121,2025-03-01 11:35:29.010000+00:00,not_walking,0,xgboost,2,04845288Q-121,reference,0.0,0.32452380657196045,0
04845288Q-121,2025-03-01 11:35:30.010000+00:00,not_walking,0,xgboost,2,04845288Q-121,reference,0.0,0.4762366712093353,0
04845288Q-121,2025-03-01 11:35:31.010000+00:00,not_walking,0,xgboost,2,04845288Q-121,reference,0.0,0.21815432608127594,0
04845288Q-121,2025-03-01 11:35:33.010000+00:00,walking,1,xgboost,2,04845288Q-121,reference,0.0,0.46373724937438965,0
04845288Q-121,2025-03-01 11:35:34.010000+00:00,walking,1,xgboost,2,04845288Q-121,reference,0.0,0.3685545325279236,0
04845288Q-121,2025-03-01 11:35:35.010000+00:00,walking,1,xgboost,2,04845288Q-121,reference,0.0,0.12986589968204498,0
04845288Q-121,2025-03-01 11:35:36.010000+00:00,walking,1,xgboost,2,04845288Q-121,reference,0.0,0.42618510127067566,0
04845288Q-121,2025-03-01 11:35:37.010000+00:00,walking,1,xgboost,2,04845288Q-121,reference,0.0,0.2680771052837372,0
04845288Q-121,2025-03-01 11:35:38.010000+00:00,walking,1,xgboost,2,04845288Q-121,reference,0.0,0.16618646681308746,0
04845288Q-121,2025-03-01 11:35:39.010000+00:00,walking,1,xgboost,2,04845288Q-121,reference,0.0,0.4976811110973358,0
04845288Q-121,2025-03-01 11:35:40.010000+00:00,walking,1,xgboost,2,04845288Q-121,reference,0.0,0.6997838020324707,1
04845288Q-121,2025-03-01 11:35:41.010000+00:00,walking,1,xgboost,2,04845288Q-121,reference,0.0,0.38643336296081543,0
04845288Q-121,2025-03-01 11:35:42.010000+00:00,walking,1,xgboost,2,04845288Q-121,reference,0.0,0.6785746812820435,1
04845288Q-121,2025-03-01 11:35:43.010000+00:00,walking,1,xgboost,2,04845288Q-121,reference,0.0,0.2935287654399872,0
04845288Q-121,2025-03-01 11:35:45.010000+00:00,not_walking,0,xgboost,2,04845288Q-121,reference,0.0,0.7367602586746216,1
04845288Q-121,2025-03-01 11:35:46.010000+00:00,not_walking,0,xgboost,2,04845288Q-121,reference,0.0,0.7664576768875122,1
04845288Q-121,2025-03-01 11:35:47.010000+00:00,not_walking,0,xgboost,2,04845288Q-121,reference,0.0,0.4032917022705078,0
04845288Q-121,2025-03-01 11:35:48.010000+00:00,not_walking,0,xgboost,2,04845288Q-121,reference,0.0,0.01501323189586401,0
04845288Q-121,2025-03-01 11:35:49.010000+00:00,not_walking,0,xgboost,2,04845288Q-121,reference,0.0,0.010253009386360645,0
04845288Q-121,2025-03-01 11:35:50.010000+00:00,not_walking,0,xgboost,2,04845288Q-121,reference,0.0,0.012658988125622272,0
04845288Q-121,2025-03-01 11:35:51.010000+00:00,not_walking,0,xgboost,2,04845288Q-121,reference,0.0,0.015253427438437939,0
04845288Q-121,2025-03-01 11:35:52.010000+00:00,not_walking,0,xgboost,2,04845288Q-121,reference,0.0,0.012362446635961533,0
04845288Q-121,2025-03-01 11:35:53.010000+00:00,not_walking,0,xgboost,2,04845288Q-121,reference,0.0,0.035654276609420776,0
04845288Q-121,2025-03-01 11:35:54.010000+00:00,not_walking,0,xgboost,2,04845288Q-121,reference,0.0,0.03027058206498623,0
04845288Q-121,2025-03-01 11:35:55.010000+00:00,not_walking,0,xgboost,2,04845288Q-121,reference,0.0,0.015143203549087048,0
04845288Q-121,2025-03-01 11:35:56.010000+00:00,not_walking,0,xgboost,2,04845288Q-121,reference,0.0,0.06600281596183777,0
04845288Q-121,2025-03-01 11:35:57.010000+00:00,not_walking,0,xgboost,2,04845288Q-121,reference,0.0,0.02176790125668049,0
04845288Q-121,2025-03-01 11:35:58.010000+00:00,not_walking,0,xgboost,2,04845288Q-121,reference,0.0,0.01960436813533306,0
04845288Q-121,2025-03-01 11:35:59.010000+00:00,not_walking,0,xgboost,2,04845288Q-121,reference,0.0,0.03569817915558815,0
04845288Q-121,2025-03-01 11:36:00.010000+00:00,not_walking,0,xgboost,2,04845288Q-121,reference,0.0,0.01192481629550457,0
04845288Q-121,2025-03-01 11:36:01.010000+00:00,not_walking,0,xgboost,2,04845288Q-121,reference,0.0,0.011647048406302929,0
04845288Q-121,2025-03-01 11:36:02.010000+00:00,not_walking,0,xgboost,2,04845288Q-121,reference,0.0,0.01117148157209158,0
04845288Q-121,2025-03-01 11:36:03.010000+00:00,not_walking,0,xgboost,2,04845288Q-121,reference,0.0,0.008675563149154186,0
04845288Q-121,2025-03-01 11:36:04.010000+00:00,not_walking,0,xgboost,2,04845288Q-121,reference,0.0,0.012831362895667553,0
04845288Q-121,2025-03-01 11:36:05.010000+00:00,not_walking,0,xgboost,2,04845288Q-121,reference,0.0,0.0198251623660326,0
04845288Q-121,2025-03-01 11:36:06.010000+00:00,not_walking,0,xgboost,2,04845288Q-121,reference,0.0,0.021235095337033272,0
04845288Q-121,2025-03-01 11:36:07.010000+00:00,not_walking,0,xgboost,2,04845288Q-121,reference,0.0,0.37890610098838806,0
04845288Q-121,2025-03-01 11:36:08.010000+00:00,not_walking,0,xgboost,2,04845288Q-121,reference,0.0,0.8314428925514221,1
04845288Q-121,2025-03-01 11:36:09.010000+00:00,not_walking,0,xgboost,2,04845288Q-121,reference,0.0,0.017805064097046852,0
04845288Q-121,2025-03-01 11:36:10.010000+00:00,not_walking,0,xgboost,2,04845288Q-121,reference,0.0,0.01290733739733696,0
04845288Q-121,2025-03-01 11:36:11.010000+00:00,not_walking,0,xgboost,2,04845288Q-121,reference,0.0,0.04395076632499695,0
04845288Q-121,2025-03-01 11:36:12.010000+00:00,not_walking,0,xgboost,2,04845288Q-121,reference,0.0,0.30179786682128906,0
04845288Q-121,2025-03-01 11:36:13.010000+00:00,not_walking,0,xgboost,2,04845288Q-121,reference,0.0,0.15165521204471588,0
04845288Q-121,2025-03-01 11:36:14.010000+00:00,not_walking,0,xgboost,2,04845288Q-121,reference,0.0,0.6377220749855042,1
04845288Q-121,2025-03-01 11:36:15.010000+00:00,not_walking,0,xgboost,2,04845288Q-121,reference,0.0,0.3043449819087982,0
04845288Q-121,2025-03-01 11:36:16.010000+00:00,not_walking,0,xgboost,2,04845288Q-121,reference,0.0,0.01625160500407219,0
04845288Q-121,2025-03-01 11:36:17.010000+00:00,not_walking,0,xgboost,2,04845288Q-121,reference,0.0,0.016128959134221077,0
04845288Q-121,2025-03-01 11:36:18.010000+00:00,not_walking,0,xgboost,2,04845288Q-121,reference,0.0,0.013629396446049213,0
04845288Q-121,2025-03-01 11:36:19.010000+00:00,not_walking,0,xgboost,2,04845288Q-121,reference,0.0,0.008915895596146584,0
04845288Q-121,2025-03-01 11:36:20.010000+00:00,not_walking,0,xgboost,2,04845288Q-121,reference,0.0,0.025395317003130913,0
04845288Q-121,2025-03-01 11:36:21.010000+00:00,not_walking,0,xgboost,2,04845288Q-121,reference,0.0,0.022010190412402153,0
04845288Q-121,2025-03-01 11:36:22.010000+00:00,not_walking,0,xgboost,2,04845288Q-121,reference,0.0,0.011151903308928013,0
04845288Q-121,2025-03-01 11:36:23.010000+00:00,not_walking,0,xgboost,2,04845288Q-121,reference,0.0,0.039217300713062286,0
04845288Q-121,2025-03-01 11:36:24.010000+00:00,not_walking,0,xgboost,2,04845288Q-121,reference,0.0,0.014212742447853088,0
04845288Q-121,2025-03-01 11:36:25.010000+00:00,not_walking,0,xgboost,2,04845288Q-121,reference,0.0,0.019257398322224617,0
04845288Q-121,2025-03-01 11:36:26.010000+00:00,not_walking,0,xgboost,2,04845288Q-121,reference,0.0,0.03713168948888779,0
04845288Q-121,2025-03-01 11:36:27.010000+00:00,not_walking,0,xgboost,2,04845288Q-121,reference,0.0,0.012856513261795044,0
04845288Q-121,2025-03-01 11:36:28.010000+00:00,not_walking,0,xgboost,2,04845288Q-121,reference,0.0,0.008661889471113682,0
04845288Q-121,2025-03-01 11:36:29.010000+00:00,not_walking,0,xgboost,2,04845288Q-121,reference,0.0,0.016956957057118416,0
04845288Q-121,2025-03-01 11:36:30.010000+00:00,not_walking,0,xgboost,2,04845288Q-121,reference,0.0,0.017029162496328354,0
04845288Q-121,2025-03-01 11:36:31.010000+00:00,not_walking,0,xgboost,2,04845288Q-121,reference,0.0,0.02580621838569641,0
04845288Q-121,2025-03-01 11:36:32.010000+00:00,not_walking,0,xgboost,2,04845288Q-121,reference,0.0,0.012990296818315983,0
04845288Q-121,2025-03-01 11:36:33.010000+00:00,not_walking,0,xgboost,2,04845288Q-121,reference,0.0,0.012860285118222237,0
04845288Q-121,2025-03-01 11:36:34.010000+00:00,not_walking,0,xgboost,2,04845288Q-121,reference,0.0,0.020241722464561462,0
04845288Q-121,2025-03-01 11:36:35.010000+00:00,not_walking,0,xgboost,2,04845288Q-121,reference,0.0,0.012679518200457096,0
04845288Q-121,2025-03-01 11:36:36.010000+00:00,not_walking,0,xgboost,2,04845288Q-121,reference,0.0,0.010704569518566132,0
04845288Q-121,2025-03-01 11:36:37.010000+00:00,not_walking,0,xgboost,2,04845288Q-121,reference,0.0,0.013067216612398624,0
04845288Q-121,2025-03-01 11:36:38.010000+00:00,not_walking,0,xgboost,2,04845288Q-121,reference,0.0,0.019632212817668915,0
04845288Q-121,2025-03-01 11:36:39.010000+00:00,not_walking,0,xgboost,2,04845288Q-121,reference,0.0,0.011026729829609394,0
04845288Q-121,2025-03-01 11:36:40.010000+00:00,not_walking,0,xgboost,2,04845288Q-121,reference,0.0,0.026963306590914726,0
04845288Q-121,2025-03-01 11:36:41.010000+00:00,not_walking,0,xgboost,2,04845288Q-121,reference,0.0,0.009759560227394104,0
04845288Q-121,2025-03-01 11:36:42.010000+00:00,not_walking,0,xgboost,2,04845288Q-121,reference,0.0,0.012999230995774269,0
04845288Q-121,2025-03-01 11:36:43.010000+00:00,not_walking,0,xgboost,2,04845288Q-121,reference,0.0,0.014795948751270771,0
04845288Q-121,2025-03-01 11:36:44.010000+00:00,not_walking,0,xgboost,2,04845288Q-121,reference,0.0,0.011188313364982605,0
04845288Q-121,2025-03-01 11:36:45.010000+00:00,not_walking,0,xgboost,2,04845288Q-121,reference,0.0,0.013971526175737381,0
04845288Q-121,2025-03-01 11:36:46.010000+00:00,not_walking,0,xgboost,2,04845288Q-121,reference,0.0,0.025827724486589432,0
04845288Q-121,2025-03-01 11:36:47.010000+00:00,not_walking,0,xgboost,2,04845288Q-121,reference,0.0,0.012895812280476093,0
04845288Q-121,2025-03-01 11:36:48.010000+00:00,not_walking,0,xgboost,2,04845288Q-121,reference,0.0,0.010555358603596687,0
04845288Q-121,2025-03-01 11:36:49.010000+00:00,not_walking,0,xgboost,2,04845288Q-121,reference,0.0,0.010482501238584518,0
04845288Q-121,2025-03-01 11:36:50.010000+00:00,not_walking,0,xgboost,2,04845288Q-121,reference,0.0,0.01981908455491066,0
04845288Q-121,2025-03-01 11:36:51.010000+00:00,not_walking,0,xgboost,2,04845288Q-121,reference,0.0,0.015940651297569275,0
04845288Q-121,2025-03-01 11:36:52.010000+00:00,not_walking,0,xgboost,2,04845288Q-121,reference,0.0,0.012172125279903412,0
04845288Q-121,2025-03-01 11:36:53.010000+00:00,not_walking,0,xgboost,2,04845288Q-121,reference,0.0,0.02073230780661106,0
04845288Q-121,2025-03-01 11:36:54.010000+00:00,not_walking,0,xgboost,2,04845288Q-121,reference,0.0,0.02607458271086216,0
04845288Q-121,2025-03-01 11:36:55.010000+00:00,not_walking,0,xgboost,2,04845288Q-121,reference,0.0,0.018617432564496994,0
04845288Q-121,2025-03-01 11:36:56.010000+00:00,not_walking,0,xgboost,2,04845288Q-121,reference,0.0,0.011540316976606846,0
04845288Q-121,2025-03-01 11:36:57.010000+00:00,not_walking,0,xgboost,2,04845288Q-121,reference,0.0,0.010372874327003956,0
04845288Q-121,2025-03-01 11:36:58.010000+00:00,not_walking,0,xgboost,2,04845288Q-121,reference,0.0,0.019152550026774406,0
04845288Q-121,2025-03-01 11:36:59.010000+00:00,not_walking,0,xgboost,2,04845288Q-121,reference,0.0,0.011975662782788277,0
04845288Q-121,2025-03-01 11:37:00.010000+00:00,not_walking,0,xgboost,2,04845288Q-121,reference,0.0,0.01358933188021183,0
04845288Q-121,2025-03-01 11:37:01.010000+00:00,not_walking,0,xgboost,2,04845288Q-121,reference,0.0,0.01499319076538086,0
04845288Q-121,2025-03-01 11:37:02.010000+00:00,not_walking,0,xgboost,2,04845288Q-121,reference,0.0,0.018835993483662605,0
04845288Q-121,2025-03-01 11:37:03.010000+00:00,not_walking,0,xgboost,2,04845288Q-121,reference,0.0,0.026374809443950653,0
04845288Q-121,2025-03-01 11:37:04.010000+00:00,not_walking,0,xgboost,2,04845288Q-121,reference,0.0,0.018025971949100494,0
04845288Q-121,2025-03-01 11:37:05.010000+00:00,not_walking,0,xgboost,2,04845288Q-121,reference,0.0,0.03040066920220852,0
04845288Q-121,2025-03-01 11:37:06.010000+00:00,not_walking,0,xgboost,2,04845288Q-121,reference,0.0,0.03348620980978012,0
04845288Q-121,2025-03-01 11:37:07.010000+00:00,not_walking,0,xgboost,2,04845288Q-121,reference,0.0,0.021195948123931885,0
04845288Q-121,2025-03-01 11:37:08.010000+00:00,not_walking,0,xgboost,2,04845288Q-121,reference,0.0,0.016639670357108116,0
04845288Q-121,2025-03-01 11:37:09.010000+00:00,not_walking,0,xgboost,2,04845288Q-121,reference,0.0,0.020960688591003418,0
04845288Q-121,2025-03-01 11:37:10.010000+00:00,not_walking,0,xgboost,2,04845288Q-121,reference,0.0,0.024112794548273087,0
04845288Q-121,2025-03-01 11:37:11.010000+00:00,not_walking,0,xgboost,2,04845288Q-121,reference,0.0,0.018657634034752846,0
04845288Q-121,2025-03-01 11:37:12.010000+00:00,not_walking,0,xgboost,2,04845288Q-121,reference,0.0,0.019287629052996635,0
04845288Q-121,2025-03-01 11:37:13.010000+00:00,not_walking,0,xgboost,2,04845288Q-121,reference,0.0,0.017326047644019127,0
04845288Q-121,2025-03-01 11:37:14.010000+00:00,not_walking,0,xgboost,2,04845288Q-121,reference,0.0,0.01568256877362728,0
04845288Q-121,2025-03-01 11:37:15.010000+00:00,not_walking,0,xgboost,2,04845288Q-121,reference,0.0,0.015054821036756039,0
04845288Q-121,2025-03-01 11:37:16.010000+00:00,not_walking,0,xgboost,2,04845288Q-121,reference,0.0,0.01295279897749424,0
04845288Q-121,2025-03-01 11:37:17.010000+00:00,not_walking,0,xgboost,2,04845288Q-121,reference,0.0,0.01295279897749424,0
04845288Q-121,2025-03-01 11:37:18.010000+00:00,not_walking,0,xgboost,2,04845288Q-121,reference,0.0,0.011910070665180683,0
04845288Q-121,2025-03-01 11:37:19.010000+00:00,not_walking,0,xgboost,2,04845288Q-121,reference,0.0,0.013273319229483604,0
04845288Q-121,2025-03-01 11:37:20.010000+00:00,not_walking,0,xgboost,2,04845288Q-121,reference,0.0,0.012524976395070553,0
04845288Q-121,2025-03-01 11:37:21.010000+00:00,not_walking,0,xgboost,2,04845288Q-121,reference,0.0,0.013241393491625786,0
04845288Q-121,2025-03-01 11:37:22.010000+00:00,not_walking,0,xgboost,2,04845288Q-121,reference,0.0,0.014977488666772842,0
04845288Q-121,2025-03-01 11:37:23.010000+00:00,not_walking,0,xgboost,2,04845288Q-121,reference,0.0,0.032387662678956985,0
04845288Q-121,2025-03-01 11:37:24.010000+00:00,not_walking,0,xgboost,2,04845288Q-121,reference,0.0,0.025011394172906876,0
04845288Q-121,2025-03-01 11:37:25.010000+00:00,not_walking,0,xgboost,2,04845288Q-121,reference,0.0,0.01393810287117958,0
04845288Q-121,2025-03-01 11:37:26.010000+00:00,not_walking,0,xgboost,2,04845288Q-121,reference,0.0,0.027332577854394913,0
04845288Q-121,2025-03-01 11:37:27.010000+00:00,not_walking,0,xgboost,2,04845288Q-121,reference,0.0,0.019704578444361687,0
04845288Q-121,2025-03-01 11:37:28.010000+00:00,not_walking,0,xgboost,2,04845288Q-121,reference,0.0,0.016209783032536507,0
04845288Q-121,2025-03-01 11:37:29.010000+00:00,not_walking,0,xgboost,2,04845288Q-121,reference,0.0,0.013411430642008781,0
04845288Q-121,2025-03-01 11:37:30.010000+00:00,not_walking,0,xgboost,2,04845288Q-121,reference,0.0,0.01568256877362728,0
04845288Q-121,2025-03-01 11:37:31.010000+00:00,not_walking,0,xgboost,2,04845288Q-121,reference,0.0,0.01724230870604515,0
04845288Q-121,2025-03-01 11:37:32.010000+00:00,not_walking,0,xgboost,2,04845288Q-121,reference,0.0,0.014081464149057865,0
04845288Q-121,2025-03-01 11:37:33.010000+00:00,not_walking,0,xgboost,2,04845288Q-121,reference,0.0,0.018498020246624947,0
04845288Q-121,2025-03-01 11:37:34.010000+00:00,not_walking,0,xgboost,2,04845288Q-121,reference,0.0,0.01842939853668213,0
04845288Q-121,2025-03-01 11:37:35.010000+00:00,not_walking,0,xgboost,2,04845288Q-121,reference,0.0,0.019768783822655678,0
04845288Q-121,2025-03-01 11:37:36.010000+00:00,not_walking,0,xgboost,2,04845288Q-121,reference,0.0,0.019314171746373177,0
04845288Q-121,2025-03-01 11:37:37.010000+00:00,not_walking,0,xgboost,2,04845288Q-121,reference,0.0,0.0176568403840065,0
04845288Q-121,2025-03-01 11:37:38.010000+00:00,not_walking,0,xgboost,2,04845288Q-121,reference,0.0,0.01430420484393835,0
04845288Q-121,2025-03-01 11:37:39.010000+00:00,not_walking,0,xgboost,2,04845288Q-121,reference,0.0,0.01973707415163517,0
04845288Q-121,2025-03-01 11:37:40.010000+00:00,not_walking,0,xgboost,2,04845288Q-121,reference,0.0,0.02113375812768936,0
04845288Q-121,2025-03-01 11:37:41.010000+00:00,not_walking,0,xgboost,2,04845288Q-121,reference,0.0,0.022935114800930023,0
04845288Q-121,2025-03-01 11:37:42.010000+00:00,not_walking,0,xgboost,2,04845288Q-121,reference,0.0,0.018245678395032883,0
04845288Q-121,2025-03-01 11:37:43.010000+00:00,not_walking,0,xgboost,2,04845288Q-121,reference,0.0,0.01874081790447235,0
04845288Q-121,2025-03-01 11:37:44.010000+00:00,not_walking,0,xgboost,2,04845288Q-121,reference,0.0,0.011522950604557991,0
04845288Q-121,2025-03-01 11:37:45.010000+00:00,not_walking,0,xgboost,2,04845288Q-121,reference,0.0,0.02076731249690056,0
04845288Q-121,2025-03-01 11:37:46.010000+00:00,not_walking,0,xgboost,2,04845288Q-121,reference,0.0,0.010840264149010181,0
04845288Q-121,2025-03-01 11:37:47.010000+00:00,not_walking,0,xgboost,2,04845288Q-121,reference,0.0,0.016798023134469986,0
04845288Q-121,2025-03-01 11:37:48.010000+00:00,not_walking,0,xgboost,2,04845288Q-121,reference,0.0,0.022800888866186142,0
04845288Q-121,2025-03-01 11:37:49.010000+00:00,not_walking,0,xgboost,2,04845288Q-121,reference,0.0,0.009148504585027695,0
04845288Q-121,2025-03-01 11:37:50.010000+00:00,not_walking,0,xgboost,2,04845288Q-121,reference,0.0,0.012405620887875557,0
04845288Q-121,2025-03-01 11:37:51.010000+00:00,not_walking,0,xgboost,2,04845288Q-121,reference,0.0,0.013640427961945534,0
04845288Q-121,2025-03-01 11:37:52.010000+00:00,not_walking,0,xgboost,2,04845288Q-121,reference,0.0,0.02619295008480549,0
04845288Q-121,2025-03-01 11:37:53.010000+00:00,not_walking,0,xgboost,2,04845288Q-121,reference,0.0,0.012368234805762768,0
04845288Q-121,2025-03-01 11:37:54.010000+00:00,not_walking,0,xgboost,2,04845288Q-121,reference,0.0,0.06987212598323822,0
04845288Q-121,2025-03-01 11:37:55.010000+00:00,not_walking,0,xgboost,2,04845288Q-121,reference,0.0,0.09813041985034943,0
04845288Q-121,2025-03-01 11:37:56.010000+00:00,not_walking,0,xgboost,2,04845288Q-121,reference,0.0,0.017298085615038872,0
04845288Q-121,2025-03-01 11:37:57.010000+00:00,not_walking,0,xgboost,2,04845288Q-121,reference,0.0,0.014609401114284992,0
04845288Q-121,2025-03-01 11:37:58.010000+00:00,not_walking,0,xgboost,2,04845288Q-121,reference,0.0,0.18249359726905823,0
04845288Q-121,2025-03-01 11:37:59.010000+00:00,not_walking,0,xgboost,2,04845288Q-121,reference,0.0,0.4052009582519531,0
04845288Q-121,2025-03-01 11:38:00.010000+00:00,not_walking,0,xgboost,2,04845288Q-121,reference,0.0,0.7389350533485413,1
04845288Q-121,2025-03-01 11:38:01.010000+00:00,not_walking,0,xgboost,2,04845288Q-121,reference,0.0,0.7622007727622986,1
04845288Q-121,2025-03-01 11:38:02.010000+00:00,not_walking,0,xgboost,2,04845288Q-121,reference,0.0,0.43817567825317383,0
04845288Q-121,2025-03-01 11:38:03.010000+00:00,not_walking,0,xgboost,2,04845288Q-121,reference,0.0,0.03351975232362747,0
04845288Q-121,2025-03-01 11:38:04.010000+00:00,not_walking,0,xgboost,2,04845288Q-121,reference,0.0,0.36365121603012085,0
04845288Q-121,2025-03-01 11:38:05.010000+00:00,not_walking,0,xgboost,2,04845288Q-121,reference,0.0,0.39352473616600037,0
04845288Q-121,2025-03-01 11:38:06.010000+00:00,not_walking,0,xgboost,2,04845288Q-121,reference,0.0,0.07902929931879044,0
04845288Q-121,2025-03-01 11:38:07.010000+00:00,not_walking,0,xgboost,2,04845288Q-121,reference,0.0,0.016970690339803696,0
04845288Q-121,2025-03-01 11:38:08.010000+00:00,not_walking,0,xgboost,2,04845288Q-121,reference,0.0,0.017705745995044708,0
04845288Q-121,2025-03-01 11:38:09.010000+00:00,not_walking,0,xgboost,2,04845288Q-121,reference,0.0,0.01977880299091339,0
04845288Q-121,2025-03-01 11:38:10.010000+00:00,not_walking,0,xgboost,2,04845288Q-121,reference,0.0,0.015624767169356346,0
04845288Q-121,2025-03-01 11:38:11.010000+00:00,not_walking,0,xgboost,2,04845288Q-121,reference,0.0,0.028392158448696136,0
04845288Q-121,2025-03-01 11:38:12.010000+00:00,not_walking,0,xgboost,2,04845288Q-121,reference,0.0,0.023890458047389984,0
04845288Q-121,2025-03-01 11:38:13.010000+00:00,not_walking,0,xgboost,2,04845288Q-121,reference,0.0,0.012345277704298496,0
04845288Q-121,2025-03-01 11:38:14.010000+00:00,not_walking,0,xgboost,2,04845288Q-121,reference,0.0,0.15028561651706696,0
04845288Q-121,2025-03-01 11:38:15.010000+00:00,not_walking,0,xgboost,2,04845288Q-121,reference,0.0,0.10572068393230438,0
04845288Q-121,2025-03-01 11:38:16.010000+00:00,not_walking,0,xgboost,2,04845288Q-121,reference,0.0,0.02048519253730774,0
04845288Q-121,2025-03-01 11:38:17.010000+00:00,not_walking,0,xgboost,2,04845288Q-121,reference,0.0,0.151737779378891,0
04845288Q-121,2025-03-01 11:38:18.010000+00:00,walking,1,xgboost,2,04845288Q-121,reference,0.0,0.014657000079751015,0
04845288Q-121,2025-03-01 11:38:19.010000+00:00,walking,1,xgboost,2,04845288Q-121,reference,0.0,0.5470770597457886,1
04845288Q-121,2025-03-01 11:38:20.010000+00:00,walking,1,xgboost,2,04845288Q-121,reference,0.0,0.5562000870704651,1
04845288Q-121,2025-03-01 11:38:21.010000+00:00,walking,1,xgboost,2,04845288Q-121,reference,0.0,0.8831698894500732,1
04845288Q-121,2025-03-01 11:38:22.010000+00:00,walking,1,xgboost,2,04845288Q-121,reference,0.0,0.05914577841758728,0
04845288Q-121,2025-03-01 11:38:23.010000+00:00,walking,1,xgboost,2,04845288Q-121,reference,0.0,0.03959139809012413,0
04845288Q-121,2025-03-01 11:38:24.010000+00:00,walking,1,xgboost,2,04845288Q-121,reference,0.0,0.029810361564159393,0
04845288Q-121,2025-03-01 11:38:25.010000+00:00,walking,1,xgboost,2,04845288Q-121,reference,0.0,0.373736709356308,0
04845288Q-121,2025-03-01 11:38:26.010000+00:00,walking,1,xgboost,2,04845288Q-121,reference,0.0,0.033006053417921066,0
04845288Q-121,2025-03-01 11:38:27.010000+00:00,walking,1,xgboost,2,04845288Q-121,reference,0.0,0.4063625931739807,0
04845288Q-121,2025-03-01 11:38:28.010000+00:00,walking,1,xgboost,2,04845288Q-121,reference,0.0,0.1347150206565857,0
04845288Q-121,2025-03-01 11:38:29.010000+00:00,walking,1,xgboost,2,04845288Q-121,reference,0.0,0.01867501065135002,0
04845288Q-121,2025-03-01 11:38:30.010000+00:00,walking,1,xgboost,2,04845288Q-121,reference,0.0,0.01252754870802164,0
04845288Q-121,2025-03-01 11:38:31.010000+00:00,walking,1,xgboost,2,04845288Q-121,reference,0.0,0.018451303243637085,0
04845288Q-121,2025-03-01 11:38:32.010000+00:00,walking,1,xgboost,2,04845288Q-121,reference,0.0,0.34476855397224426,0
04845288Q-121,2025-03-01 11:38:33.010000+00:00,walking,1,xgboost,2,04845288Q-121,reference,0.0,0.07130718231201172,0
04845288Q-121,2025-03-01 11:38:34.010000+00:00,walking,1,xgboost,2,04845288Q-121,reference,0.0,0.014955668710172176,0
04845288Q-121,2025-03-01 11:38:35.010000+00:00,walking,1,xgboost,2,04845288Q-121,reference,0.0,0.017400840297341347,0
04845288Q-121,2025-03-01 11:38:36.010000+00:00,walking,1,xgboost,2,04845288Q-121,reference,0.0,0.014774062670767307,0
04845288Q-121,2025-03-01 11:38:37.010000+00:00,walking,1,xgboost,2,04845288Q-121,reference,0.0,0.10689634829759598,0
04845288Q-121,2025-03-01 11:38:38.010000+00:00,walking,1,xgboost,2,04845288Q-121,reference,0.0,0.08312220126390457,0
04845288Q-121,2025-03-01 11:38:39.010000+00:00,walking,1,xgboost,2,04845288Q-121,reference,0.0,0.017586207017302513,0
04845288Q-121,2025-03-01 11:38:40.010000+00:00,walking,1,xgboost,2,04845288Q-121,reference,0.0,0.012114381417632103,0
04845288Q-121,2025-03-01 11:38:41.010000+00:00,walking,1,xgboost,2,04845288Q-121,reference,0.0,0.013207239098846912,0
04845288Q-121,2025-03-01 11:38:44.010000+00:00,not_walking,0,xgboost,2,04845288Q-121,reference,0.0,0.012693973258137703,0
04845288Q-121,2025-03-01 11:38:45.010000+00:00,not_walking,0,xgboost,2,04845288Q-121,reference,0.0,0.017581025138497353,0
04845288Q-121,2025-03-01 11:38:46.010000+00:00,not_walking,0,xgboost,2,04845288Q-121,reference,0.0,0.017768600955605507,0
04845288Q-121,2025-03-01 11:38:47.010000+00:00,not_walking,0,xgboost,2,04845288Q-121,reference,0.0,0.018097128719091415,0
04845288Q-121,2025-03-01 11:38:48.010000+00:00,not_walking,0,xgboost,2,04845288Q-121,reference,0.0,0.0767175704240799,0
04845288Q-121,2025-03-01 11:38:49.010000+00:00,not_walking,0,xgboost,2,04845288Q-121,reference,0.0,0.02221369557082653,0
04845288Q-121,2025-03-01 11:38:50.010000+00:00,not_walking,0,xgboost,2,04845288Q-121,reference,0.0,0.014659487642347813,0
04845288Q-121,2025-03-01 11:38:51.010000+00:00,not_walking,0,xgboost,2,04845288Q-121,reference,0.0,0.01421553548425436,0
04845288Q-121,2025-03-01 11:38:52.010000+00:00,not_walking,0,xgboost,2,04845288Q-121,reference,0.0,0.05425829067826271,0
04845288Q-121,2025-03-01 11:38:53.010000+00:00,not_walking,0,xgboost,2,04845288Q-121,reference,0.0,0.015660788863897324,0
04845288Q-121,2025-03-01 11:38:54.010000+00:00,not_walking,0,xgboost,2,04845288Q-121,reference,0.0,0.03139275312423706,0
04845288Q-121,2025-03-01 11:38:55.010000+00:00,not_walking,0,xgboost,2,04845288Q-121,reference,0.0,0.015154578723013401,0
04845288Q-121,2025-03-01 11:38:56.010000+00:00,not_walking,0,xgboost,2,04845288Q-121,reference,0.0,0.015517095103859901,0
04845288Q-121,2025-03-01 11:38:57.010000+00:00,not_walking,0,xgboost,2,04845288Q-121,reference,0.0,0.015701541677117348,0
04845288Q-121,2025-03-01 11:38:58.010000+00:00,not_walking,0,xgboost,2,04845288Q-121,reference,0.0,0.015233814716339111,0
04845288Q-121,2025-03-01 11:38:59.010000+00:00,not_walking,0,xgboost,2,04845288Q-121,reference,0.0,0.01104295440018177,0
04845288Q-121,2025-03-01 11:39:00.010000+00:00,not_walking,0,xgboost,2,04845288Q-121,reference,0.0,0.01731143891811371,0
04845288Q-121,2025-03-01 11:39:01.010000+00:00,not_walking,0,xgboost,2,04845288Q-121,reference,0.0,0.016798069700598717,0
04845288Q-121,2025-03-01 11:39:02.010000+00:00,not_walking,0,xgboost,2,04845288Q-121,reference,0.0,0.026549890637397766,0
04845288Q-121,2025-03-01 11:39:03.010000+00:00,not_walking,0,xgboost,2,04845288Q-121,reference,0.0,0.01568256877362728,0
04845288Q-121,2025-03-01 11:39:04.010000+00:00,not_walking,0,xgboost,2,04845288Q-121,reference,0.0,0.022486407309770584,0
04845288Q-121,2025-03-01 11:39:05.010000+00:00,not_walking,0,xgboost,2,04845288Q-121,reference,0.0,0.018212227150797844,0
04845288Q-121,2025-03-01 11:39:06.010000+00:00,not_walking,0,xgboost,2,04845288Q-121,reference,0.0,0.016037579625844955,0
04845288Q-121,2025-03-01 11:39:07.010000+00:00,not_walking,0,xgboost,2,04845288Q-121,reference,0.0,0.014074553735554218,0
04845288Q-121,2025-03-01 11:39:08.010000+00:00,not_walking,0,xgboost,2,04845288Q-121,reference,0.0,0.009476890787482262,0
04845288Q-121,2025-03-01 11:39:09.010000+00:00,not_walking,0,xgboost,2,04845288Q-121,reference,0.0,0.017433056607842445,0
04845288Q-121,2025-03-01 11:39:10.010000+00:00,not_walking,0,xgboost,2,04845288Q-121,reference,0.0,0.00965032633394003,0
04845288Q-121,2025-03-01 11:39:11.010000+00:00,not_walking,0,xgboost,2,04845288Q-121,reference,0.0,0.01024102047085762,0
04845288Q-121,2025-03-01 11:39:12.010000+00:00,not_walking,0,xgboost,2,04845288Q-121,reference,0.0,0.010906878858804703,0
04845288Q-121,2025-03-01 11:39:13.010000+00:00,not_walking,0,xgboost,2,04845288Q-121,reference,0.0,0.012057670392096043,0
04845288Q-121,2025-03-01 11:39:14.010000+00:00,not_walking,0,xgboost,2,04845288Q-121,reference,0.0,0.012509982101619244,0
04845288Q-121,2025-03-01 11:39:15.010000+00:00,not_walking,0,xgboost,2,04845288Q-121,reference,0.0,0.011187168769538403,0
04845288Q-121,2025-03-01 11:39:16.010000+00:00,not_walking,0,xgboost,2,04845288Q-121,reference,0.0,0.02967415377497673,0
04845288Q-121,2025-03-01 11:39:17.010000+00:00,not_walking,0,xgboost,2,04845288Q-121,reference,0.0,0.026010215282440186,0
04845288Q-121,2025-03-01 11:39:18.010000+00:00,not_walking,0,xgboost,2,04845288Q-121,reference,0.0,0.0182902030646801,0
04845288Q-121,2025-03-01 11:39:19.010000+00:00,not_walking,0,xgboost,2,04845288Q-121,reference,0.0,0.012317951768636703,0
04845288Q-121,2025-03-01 11:39:20.010000+00:00,not_walking,0,xgboost,2,04845288Q-121,reference,0.0,0.013946671038866043,0
04845288Q-121,2025-03-01 11:39:21.010000+00:00,not_walking,0,xgboost,2,04845288Q-121,reference,0.0,0.024492649361491203,0
04845288Q-121,2025-03-01 11:39:22.010000+00:00,not_walking,0,xgboost,2,04845288Q-121,reference,0.0,0.016472531482577324,0
04845288Q-121,2025-03-01 11:39:23.010000+00:00,walking,1,xgboost,2,04845288Q-121,reference,0.0,0.012922650203108788,0
04845288Q-121,2025-03-01 11:39:24.010000+00:00,walking,1,xgboost,2,04845288Q-121,reference,0.0,0.06124952808022499,0
04845288Q-121,2025-03-01 11:39:25.010000+00:00,walking,1,xgboost,2,04845288Q-121,reference,0.0,0.013997919857501984,0
04845288Q-121,2025-03-01 11:39:26.010000+00:00,walking,1,xgboost,2,04845288Q-121,reference,0.0,0.012970631010830402,0
04845288Q-121,2025-03-01 11:39:27.010000+00:00,walking,1,xgboost,2,04845288Q-121,reference,0.0,0.01668868586421013,0
04845288Q-121,2025-03-01 11:39:28.010000+00:00,walking,1,xgboost,2,04845288Q-121,reference,0.0,0.01596607267856598,0
04845288Q-121,2025-03-01 11:39:29.010000+00:00,walking,1,xgboost,2,04845288Q-121,reference,0.0,0.019001474604010582,0
04845288Q-121,2025-03-01 11:39:30.010000+00:00,walking,1,xgboost,2,04845288Q-121,reference,0.0,0.016767045482993126,0
04845288Q-121,2025-03-01 11:39:31.010000+00:00,walking,1,xgboost,2,04845288Q-121,reference,0.0,0.018317921087145805,0
04845288Q-121,2025-03-01 11:39:32.010000+00:00,walking,1,xgboost,2,04845288Q-121,reference,0.0,0.015458849258720875,0
04845288Q-121,2025-03-01 11:39:33.010000+00:00,walking,1,xgboost,2,04845288Q-121,reference,0.0,0.012718270532786846,0
04845288Q-121,2025-03-01 11:39:34.010000+00:00,not_walking,0,xgboost,2,04845288Q-121,reference,0.0,0.015603248961269855,0
04845288Q-121,2025-03-01 11:39:35.010000+00:00,not_walking,0,xgboost,2,04845288Q-121,reference,0.0,0.02056690864264965,0
04845288Q-121,2025-03-01 11:39:36.010000+00:00,not_walking,0,xgboost,2,04845288Q-121,reference,0.0,0.016166700050234795,0
04845288Q-121,2025-03-01 11:39:37.010000+00:00,not_walking,0,xgboost,2,04845288Q-121,reference,0.0,0.041550856083631516,0
04845288Q-121,2025-03-01 11:39:38.010000+00:00,not_walking,0,xgboost,2,04845288Q-121,reference,0.0,0.016596974804997444,0
04845288Q-121,2025-03-01 11:39:39.010000+00:00,not_walking,0,xgboost,2,04845288Q-121,reference,0.0,0.02716696262359619,0
04845288Q-121,2025-03-01 11:39:40.010000+00:00,not_walking,0,xgboost,2,04845288Q-121,reference,0.0,0.019778316840529442,0
04845288Q-121,2025-03-01 11:39:41.010000+00:00,not_walking,0,xgboost,2,04845288Q-121,reference,0.0,0.013675082474946976,0
04845288Q-121,2025-03-01 11:39:42.010000+00:00,not_walking,0,xgboost,2,04845288Q-121,reference,0.0,0.35454151034355164,0
04845288Q-121,2025-03-01 11:39:43.010000+00:00,not_walking,0,xgboost,2,04845288Q-121,reference,0.0,0.048119742423295975,0
04845288Q-121,2025-03-01 11:39:44.010000+00:00,not_walking,0,xgboost,2,04845288Q-121,reference,0.0,0.5309821367263794,1
04845288Q-121,2025-03-01 11:39:51.010000+00:00,not_walking,0,xgboost,2,04845288Q-121,reference,0.0,0.014574152417480946,0
04845288Q-121,2025-03-01 11:39:52.010000+00:00,not_walking,0,xgboost,2,04845288Q-121,reference,0.0,0.014578831382095814,0
04845288Q-121,2025-03-01 11:39:53.010000+00:00,not_walking,0,xgboost,2,04845288Q-121,reference,0.0,0.025695424526929855,0
04845288Q-121,2025-03-01 11:39:54.010000+00:00,not_walking,0,xgboost,2,04845288Q-121,reference,0.0,0.015303811058402061,0
04845288Q-121,2025-03-01 11:39:55.010000+00:00,not_walking,0,xgboost,2,04845288Q-121,reference,0.0,0.016143720597028732,0
04845288Q-121,2025-03-01 11:39:56.010000+00:00,not_walking,0,xgboost,2,04845288Q-121,reference,0.0,0.03147677704691887,0
04845288Q-121,2025-03-01 11:39:57.010000+00:00,not_walking,0,xgboost,2,04845288Q-121,reference,0.0,0.015823351219296455,0
04845288Q-121,2025-03-01 11:39:58.010000+00:00,not_walking,0,xgboost,2,04845288Q-121,reference,0.0,0.021588176488876343,0
04845288Q-121,2025-03-01 11:39:59.010000+00:00,not_walking,0,xgboost,2,04845288Q-121,reference,0.0,0.013338953256607056,0
04845288Q-121,2025-03-01 11:40:04.010000+00:00,walking,1,xgboost,2,04845288Q-121,reference,0.0,0.011764319613575935,0
04845288Q-121,2025-03-01 11:40:05.010000+00:00,walking,1,xgboost,2,04845288Q-121,reference,0.0,0.015331788919866085,0
04845288Q-121,2025-03-01 11:40:06.010000+00:00,walking,1,xgboost,2,04845288Q-121,reference,0.0,0.01402477640658617,0
04845288Q-121,2025-03-01 11:40:07.010000+00:00,walking,1,xgboost,2,04845288Q-121,reference,0.0,0.020286215469241142,0
04845288Q-121,2025-03-01 11:40:08.010000+00:00,walking,1,xgboost,2,04845288Q-121,reference,0.0,0.01679651066660881,0
04845288Q-121,2025-03-01 11:40:09.010000+00:00,walking,1,xgboost,2,04845288Q-121,reference,0.0,0.014957528561353683,0
04845288Q-121,2025-03-01 11:40:10.010000+00:00,walking,1,xgboost,2,04845288Q-121,reference,0.0,0.01433954481035471,0
04845288Q-121,2025-03-01 11:40:11.010000+00:00,walking,1,xgboost,2,04845288Q-121,reference,0.0,0.029959268867969513,0
04845288Q-121,2025-03-01 11:40:12.010000+00:00,walking,1,xgboost,2,04845288Q-121,reference,0.0,0.010365226306021214,0
04845288Q-121,2025-03-01 11:40:13.010000+00:00,walking,1,xgboost,2,04845288Q-121,reference,0.0,0.010994111187756062,0
04845288Q-121,2025-03-01 11:40:14.010000+00:00,walking,1,xgboost,2,04845288Q-121,reference,0.0,0.02001291699707508,0
04845288Q-121,2025-03-01 11:40:15.010000+00:00,walking,1,xgboost,2,04845288Q-121,reference,0.0,0.035526394844055176,0
04845288Q-121,2025-03-01 11:40:16.010000+00:00,walking,1,xgboost,2,04845288Q-121,reference,0.0,0.02796877734363079,0
04845288Q-121,2025-03-01 11:40:17.010000+00:00,walking,1,xgboost,2,04845288Q-121,reference,0.0,0.018154367804527283,0
04845288Q-121,2025-03-01 11:40:18.010000+00:00,walking,1,xgboost,2,04845288Q-121,reference,0.0,0.012010196223855019,0
04845288Q-121,2025-03-01 11:40:19.010000+00:00,walking,1,xgboost,2,04845288Q-121,reference,0.0,0.015346645377576351,0
04845288Q-121,2025-03-01 11:40:20.010000+00:00,walking,1,xgboost,2,04845288Q-121,reference,0.0,0.01693091355264187,0
04845288Q-121,2025-03-01 11:40:21.010000+00:00,walking,1,xgboost,2,04845288Q-121,reference,0.0,0.0166544858366251,0
04845288Q-121,2025-03-01 11:40:22.010000+00:00,walking,1,xgboost,2,04845288Q-121,reference,0.0,0.014500717632472515,0
04845288Q-121,2025-03-01 11:40:23.010000+00:00,walking,1,xgboost,2,04845288Q-121,reference,0.0,0.21555231511592865,0
04845288Q-121,2025-03-01 11:40:24.010000+00:00,walking,1,xgboost,2,04845288Q-121,reference,0.0,0.025182107463479042,0
04845288Q-121,2025-03-01 11:40:25.010000+00:00,not_walking,0,xgboost,2,04845288Q-121,reference,0.0,0.015975747257471085,0
04845288Q-121,2025-03-01 11:40:26.010000+00:00,not_walking,0,xgboost,2,04845288Q-121,reference,0.0,0.013932966627180576,0
04845288Q-121,2025-03-01 11:40:27.010000+00:00,not_walking,0,xgboost,2,04845288Q-121,reference,0.0,0.013823853805661201,0
04845288Q-121,2025-03-01 11:40:28.010000+00:00,not_walking,0,xgboost,2,04845288Q-121,reference,0.0,0.027384532615542412,0
04845288Q-121,2025-03-01 11:40:29.010000+00:00,not_walking,0,xgboost,2,04845288Q-121,reference,0.0,0.036785706877708435,0
04845288Q-121,2025-03-01 11:40:30.010000+00:00,not_walking,0,xgboost,2,04845288Q-121,reference,0.0,0.016498811542987823,0
04845288Q-121,2025-03-01 11:40:31.010000+00:00,not_walking,0,xgboost,2,04845288Q-121,reference,0.0,0.02131074108183384,0
04845288Q-121,2025-03-01 11:40:32.010000+00:00,not_walking,0,xgboost,2,04845288Q-121,reference,0.0,0.009228059090673923,0
04845288Q-121,2025-03-01 11:40:33.010000+00:00,not_walking,0,xgboost,2,04845288Q-121,reference,0.0,0.023658953607082367,0
04845288Q-121,2025-03-01 11:40:34.010000+00:00,not_walking,0,xgboost,2,04845288Q-121,reference,0.0,0.13674309849739075,0
04845288Q-121,2025-03-01 11:40:35.010000+00:00,not_walking,0,xgboost,2,04845288Q-121,reference,0.0,0.017827868461608887,0
04845288Q-121,2025-03-01 11:40:36.010000+00:00,not_walking,0,xgboost,2,04845288Q-121,reference,0.0,0.013860774226486683,0
04845288Q-121,2025-03-01 11:40:37.010000+00:00,not_walking,0,xgboost,2,04845288Q-121,reference,0.0,0.01349726039916277,0
04845288Q-121,2025-03-01 11:40:38.010000+00:00,not_walking,0,xgboost,2,04845288Q-121,reference,0.0,0.014035903848707676,0
47046344M-104,2024-10-15 07:28:59.010000+00:00,not_walking,0,xgboost,3,47046344M-104,reference,0.0,0.03976234048604965,0
47046344M-104,2024-10-15 07:29:00.010000+00:00,not_walking,0,xgboost,3,47046344M-104,reference,0.0,0.07384374737739563,0
47046344M-104,2024-10-15 07:29:01.010000+00:00,not_walking,0,xgboost,3,47046344M-104,reference,0.0,0.04178157076239586,0
47046344M-104,2024-10-15 07:29:02.010000+00:00,not_walking,0,xgboost,3,47046344M-104,reference,0.0,0.07897093147039413,0
47046344M-104,2024-10-15 07:29:03.010000+00:00,not_walking,0,xgboost,3,47046344M-104,reference,0.0,0.05157148092985153,0
47046344M-104,2024-10-15 07:29:04.010000+00:00,not_walking,0,xgboost,3,47046344M-104,reference,0.0,0.1422269642353058,0
47046344M-104,2024-10-15 07:29:05.010000+00:00,not_walking,0,xgboost,3,47046344M-104,reference,0.0,0.07016818970441818,0
47046344M-104,2024-10-15 07:29:06.010000+00:00,not_walking,0,xgboost,3,47046344M-104,reference,0.0,0.18814752995967865,0
47046344M-104,2024-10-15 07:29:07.010000+00:00,not_walking,0,xgboost,3,47046344M-104,reference,0.0,0.08468795567750931,0
47046344M-104,2024-10-15 07:29:08.010000+00:00,not_walking,0,xgboost,3,47046344M-104,reference,0.0,0.17103606462478638,0
47046344M-104,2024-10-15 07:29:09.010000+00:00,not_walking,0,xgboost,3,47046344M-104,reference,0.0,0.10801422595977783,0
47046344M-104,2024-10-15 07:29:10.010000+00:00,not_walking,0,xgboost,3,47046344M-104,reference,0.0,0.06208929046988487,0
47046344M-104,2024-10-15 07:29:11.010000+00:00,not_walking,0,xgboost,3,47046344M-104,reference,0.0,0.08750855922698975,0
47046344M-104,2024-10-15 07:29:12.010000+00:00,not_walking,0,xgboost,3,47046344M-104,reference,0.0,0.07229727506637573,0
47046344M-104,2024-10-15 07:29:13.010000+00:00,not_walking,0,xgboost,3,47046344M-104,reference,0.0,0.08387633413076401,0
47046344M-104,2024-10-15 07:29:14.010000+00:00,not_walking,0,xgboost,3,47046344M-104,reference,0.0,0.2864168584346771,0
47046344M-104,2024-10-15 07:29:15.010000+00:00,not_walking,0,xgboost,3,47046344M-104,reference,0.0,0.04257957637310028,0
47046344M-104,2024-10-15 07:29:16.010000+00:00,not_walking,0,xgboost,3,47046344M-104,reference,0.0,0.06272726505994797,0
47046344M-104,2024-10-15 07:29:17.010000+00:00,not_walking,0,xgboost,3,47046344M-104,reference,0.0,0.09981279820203781,0
47046344M-104,2024-10-15 07:29:18.010000+00:00,not_walking,0,xgboost,3,47046344M-104,reference,0.0,0.01758478209376335,0
47046344M-104,2024-10-15 07:29:19.010000+00:00,not_walking,0,xgboost,3,47046344M-104,reference,0.0,0.06823405623435974,0
47046344M-104,2024-10-15 07:29:20.010000+00:00,not_walking,0,xgboost,3,47046344M-104,reference,0.0,0.1732955425977707,0
47046344M-104,2024-10-15 07:29:21.010000+00:00,not_walking,0,xgboost,3,47046344M-104,reference,0.0,0.05321365222334862,0
47046344M-104,2024-10-15 07:29:22.010000+00:00,not_walking,0,xgboost,3,47046344M-104,reference,0.0,0.10997142642736435,0
47046344M-104,2024-10-15 07:29:23.010000+00:00,not_walking,0,xgboost,3,47046344M-104,reference,0.0,0.07234151661396027,0
47046344M-104,2024-10-15 07:29:24.010000+00:00,not_walking,0,xgboost,3,47046344M-104,reference,0.0,0.15686647593975067,0
47046344M-104,2024-10-15 07:29:25.010000+00:00,not_walking,0,xgboost,3,47046344M-104,reference,0.0,0.06070701405405998,0
47046344M-104,2024-10-15 07:29:26.010000+00:00,not_walking,0,xgboost,3,47046344M-104,reference,0.0,0.2925865948200226,0
47046344M-104,2024-10-15 07:29:27.010000+00:00,not_walking,0,xgboost,3,47046344M-104,reference,0.0,0.17815041542053223,0
47046344M-104,2024-10-15 07:29:28.010000+00:00,not_walking,0,xgboost,3,47046344M-104,reference,0.0,0.17285381257534027,0
47046344M-104,2024-10-15 07:29:29.010000+00:00,not_walking,0,xgboost,3,47046344M-104,reference,0.0,0.1160888746380806,0
47046344M-104,2024-10-15 07:29:30.010000+00:00,not_walking,0,xgboost,3,47046344M-104,reference,0.0,0.05925315245985985,0
47046344M-104,2024-10-15 07:29:31.010000+00:00,not_walking,0,xgboost,3,47046344M-104,reference,0.0,0.10366551578044891,0
47046344M-104,2024-10-15 07:29:32.010000+00:00,not_walking,0,xgboost,3,47046344M-104,reference,0.0,0.166643887758255,0
47046344M-104,2024-10-15 07:29:33.010000+00:00,not_walking,0,xgboost,3,47046344M-104,reference,0.0,0.027441585436463356,0
47046344M-104,2024-10-15 07:29:34.010000+00:00,not_walking,0,xgboost,3,47046344M-104,reference,0.0,0.24352572858333588,0
47046344M-104,2024-10-15 07:29:35.010000+00:00,not_walking,0,xgboost,3,47046344M-104,reference,0.0,0.14252950251102448,0
47046344M-104,2024-10-15 07:29:36.010000+00:00,not_walking,0,xgboost,3,47046344M-104,reference,0.0,0.08987023681402206,0
47046344M-104,2024-10-15 07:29:37.010000+00:00,not_walking,0,xgboost,3,47046344M-104,reference,0.0,0.14539197087287903,0
47046344M-104,2024-10-15 07:29:38.010000+00:00,not_walking,0,xgboost,3,47046344M-104,reference,0.0,0.068448007106781,0
47046344M-104,2024-10-15 07:29:39.010000+00:00,not_walking,0,xgboost,3,47046344M-104,reference,0.0,0.09922773391008377,0
47046344M-104,2024-10-15 07:29:40.010000+00:00,not_walking,0,xgboost,3,47046344M-104,reference,0.0,0.16991274058818817,0
47046344M-104,2024-10-15 07:29:41.010000+00:00,not_walking,0,xgboost,3,47046344M-104,reference,0.0,0.032703302800655365,0
47046344M-104,2024-10-15 07:29:42.010000+00:00,not_walking,0,xgboost,3,47046344M-104,reference,0.0,0.04349517822265625,0
47046344M-104,2024-10-15 07:29:43.010000+00:00,not_walking,0,xgboost,3,47046344M-104,reference,0.0,0.045547276735305786,0
47046344M-104,2024-10-15 07:29:44.010000+00:00,not_walking,0,xgboost,3,47046344M-104,reference,0.0,0.08706195652484894,0
47046344M-104,2024-10-15 07:29:45.010000+00:00,not_walking,0,xgboost,3,47046344M-104,reference,0.0,0.18978577852249146,0
47046344M-104,2024-10-15 07:29:46.010000+00:00,not_walking,0,xgboost,3,47046344M-104,reference,0.0,0.050104010850191116,0
47046344M-104,2024-10-15 07:29:47.010000+00:00,not_walking,0,xgboost,3,47046344M-104,reference,0.0,0.07570371776819229,0
47046344M-104,2024-10-15 07:29:48.010000+00:00,not_walking,0,xgboost,3,47046344M-104,reference,0.0,0.07373737543821335,0
47046344M-104,2024-10-15 07:29:49.010000+00:00,not_walking,0,xgboost,3,47046344M-104,reference,0.0,0.06086887791752815,0
47046344M-104,2024-10-15 07:29:50.010000+00:00,not_walking,0,xgboost,3,47046344M-104,reference,0.0,0.06360062211751938,0
47046344M-104,2024-10-15 07:29:51.010000+00:00,not_walking,0,xgboost,3,47046344M-104,reference,0.0,0.0605631023645401,0
47046344M-104,2024-10-15 07:29:52.010000+00:00,not_walking,0,xgboost,3,47046344M-104,reference,0.0,0.059168893843889236,0
47046344M-104,2024-10-15 07:29:53.010000+00:00,not_walking,0,xgboost,3,47046344M-104,reference,0.0,0.019260546192526817,0
47046344M-104,2024-10-15 07:29:54.010000+00:00,not_walking,0,xgboost,3,47046344M-104,reference,0.0,0.07810205966234207,0
47046344M-104,2024-10-15 07:29:55.010000+00:00,not_walking,0,xgboost,3,47046344M-104,reference,0.0,0.3622048497200012,0
47046344M-104,2024-10-15 07:29:56.010000+00:00,not_walking,0,xgboost,3,47046344M-104,reference,0.0,0.09038972854614258,0
47046344M-104,2024-10-15 07:29:57.010000+00:00,not_walking,0,xgboost,3,47046344M-104,reference,0.0,0.1421968936920166,0
47046344M-104,2024-10-15 07:29:58.010000+00:00,not_walking,0,xgboost,3,47046344M-104,reference,0.0,0.08259808272123337,0
47046344M-104,2024-10-15 07:29:59.010000+00:00,not_walking,0,xgboost,3,47046344M-104,reference,0.0,0.03984137624502182,0
47046344M-104,2024-10-15 07:30:02.010000+00:00,walking,1,xgboost,3,47046344M-104,reference,0.0,0.06125565245747566,0
47046344M-104,2024-10-15 07:30:03.010000+00:00,walking,1,xgboost,3,47046344M-104,reference,0.0,0.10323867201805115,0
47046344M-104,2024-10-15 07:30:04.010000+00:00,walking,1,xgboost,3,47046344M-104,reference,0.0,0.03375020623207092,0
47046344M-104,2024-10-15 07:30:05.010000+00:00,walking,1,xgboost,3,47046344M-104,reference,0.0,0.13225612044334412,0
47046344M-104,2024-10-15 07:30:06.010000+00:00,walking,1,xgboost,3,47046344M-104,reference,0.0,0.014713163487613201,0
47046344M-104,2024-10-15 07:30:07.010000+00:00,walking,1,xgboost,3,47046344M-104,reference,0.0,0.04211864992976189,0
47046344M-104,2024-10-15 07:30:08.010000+00:00,walking,1,xgboost,3,47046344M-104,reference,0.0,0.09482911974191666,0
47046344M-104,2024-10-15 07:30:09.010000+00:00,walking,1,xgboost,3,47046344M-104,reference,0.0,0.07249027490615845,0
47046344M-104,2024-10-15 07:30:10.010000+00:00,walking,1,xgboost,3,47046344M-104,reference,0.0,0.1505727767944336,0
47046344M-104,2024-10-15 07:30:11.010000+00:00,walking,1,xgboost,3,47046344M-104,reference,0.0,0.1627187579870224,0
47046344M-104,2024-10-15 07:30:12.010000+00:00,walking,1,xgboost,3,47046344M-104,reference,0.0,0.08017122000455856,0
47046344M-104,2024-10-15 07:30:13.010000+00:00,walking,1,xgboost,3,47046344M-104,reference,0.0,0.05094362050294876,0
47046344M-104,2024-10-15 07:30:14.010000+00:00,walking,1,xgboost,3,47046344M-104,reference,0.0,0.030469806864857674,0
47046344M-104,2024-10-15 07:30:15.010000+00:00,walking,1,xgboost,3,47046344M-104,reference,0.0,0.061441708356142044,0
47046344M-104,2024-10-15 07:30:16.010000+00:00,not_walking,0,xgboost,3,47046344M-104,reference,0.0,0.10952015966176987,0
47046344M-104,2024-10-15 07:30:17.010000+00:00,not_walking,0,xgboost,3,47046344M-104,reference,0.0,0.171529158949852,0
47046344M-104,2024-10-15 07:30:18.010000+00:00,not_walking,0,xgboost,3,47046344M-104,reference,0.0,0.17817041277885437,0
47046344M-104,2024-10-15 07:30:19.010000+00:00,not_walking,0,xgboost,3,47046344M-104,reference,0.0,0.1901138573884964,0
47046344M-104,2024-10-15 07:30:20.010000+00:00,not_walking,0,xgboost,3,47046344M-104,reference,0.0,0.046204205602407455,0
47046344M-104,2024-10-15 07:30:21.010000+00:00,not_walking,0,xgboost,3,47046344M-104,reference,0.0,0.1400081217288971,0
47046344M-104,2024-10-15 07:30:22.010000+00:00,not_walking,0,xgboost,3,47046344M-104,reference,0.0,0.19413098692893982,0
47046344M-104,2024-10-15 07:30:23.010000+00:00,not_walking,0,xgboost,3,47046344M-104,reference,0.0,0.1516772359609604,0
47046344M-104,2024-10-15 07:30:24.010000+00:00,not_walking,0,xgboost,3,47046344M-104,reference,0.0,0.11879904568195343,0
47046344M-104,2024-10-15 07:30:25.010000+00:00,not_walking,0,xgboost,3,47046344M-104,reference,0.0,0.12645834684371948,0
47046344M-104,2024-10-15 07:30:26.010000+00:00,not_walking,0,xgboost,3,47046344M-104,reference,0.0,0.10522084683179855,0
47046344M-104,2024-10-15 07:30:27.010000+00:00,not_walking,0,xgboost,3,47046344M-104,reference,0.0,0.09935255348682404,0
47046344M-104,2024-10-15 07:30:28.010000+00:00,not_walking,0,xgboost,3,47046344M-104,reference,0.0,0.06556291878223419,0
47046344M-104,2024-10-15 07:30:29.010000+00:00,not_walking,0,xgboost,3,47046344M-104,reference,0.0,0.08437096327543259,0
47046344M-104,2024-10-15 07:30:30.010000+00:00,not_walking,0,xgboost,3,47046344M-104,reference,0.0,0.23540769517421722,0
47046344M-104,2024-10-15 07:30:31.010000+00:00,not_walking,0,xgboost,3,47046344M-104,reference,0.0,0.1492578387260437,0
47046344M-104,2024-10-15 07:30:32.010000+00:00,not_walking,0,xgboost,3,47046344M-104,reference,0.0,0.1408192366361618,0
47046344M-104,2024-10-15 07:30:33.010000+00:00,not_walking,0,xgboost,3,47046344M-104,reference,0.0,0.09218965470790863,0
47046344M-104,2024-10-15 07:30:34.010000+00:00,not_walking,0,xgboost,3,47046344M-104,reference,0.0,0.31266283988952637,0
47046344M-104,2024-10-15 07:30:35.010000+00:00,not_walking,0,xgboost,3,47046344M-104,reference,0.0,0.18456195294857025,0
47046344M-104,2024-10-15 07:30:36.010000+00:00,not_walking,0,xgboost,3,47046344M-104,reference,0.0,0.17077882587909698,0
47046344M-104,2024-10-15 07:30:37.010000+00:00,not_walking,0,xgboost,3,47046344M-104,reference,0.0,0.061364781111478806,0
47046344M-104,2024-10-15 07:30:38.010000+00:00,not_walking,0,xgboost,3,47046344M-104,reference,0.0,0.12649519741535187,0
47046344M-104,2024-10-15 07:30:39.010000+00:00,not_walking,0,xgboost,3,47046344M-104,reference,0.0,0.03756692633032799,0
47046344M-104,2024-10-15 07:30:40.010000+00:00,not_walking,0,xgboost,3,47046344M-104,reference,0.0,0.07276706397533417,0
47046344M-104,2024-10-15 07:30:41.010000+00:00,not_walking,0,xgboost,3,47046344M-104,reference,0.0,0.13254453241825104,0
47046344M-104,2024-10-15 07:30:42.010000+00:00,not_walking,0,xgboost,3,47046344M-104,reference,0.0,0.07373712956905365,0
47046344M-104,2024-10-15 07:30:43.010000+00:00,not_walking,0,xgboost,3,47046344M-104,reference,0.0,0.11684402078390121,0
47046344M-104,2024-10-15 07:30:44.010000+00:00,not_walking,0,xgboost,3,47046344M-104,reference,0.0,0.12467996776103973,0
47046344M-104,2024-10-15 07:30:45.010000+00:00,not_walking,0,xgboost,3,47046344M-104,reference,0.0,0.06930069625377655,0
47046344M-104,2024-10-15 07:30:46.010000+00:00,not_walking,0,xgboost,3,47046344M-104,reference,0.0,0.12069253623485565,0
47046344M-104,2024-10-15 07:30:47.010000+00:00,not_walking,0,xgboost,3,47046344M-104,reference,0.0,0.08986536413431168,0
47046344M-104,2024-10-15 07:30:48.010000+00:00,not_walking,0,xgboost,3,47046344M-104,reference,0.0,0.14708398282527924,0
47046344M-104,2024-10-15 07:30:49.010000+00:00,not_walking,0,xgboost,3,47046344M-104,reference,0.0,0.06315816193819046,0
47046344M-104,2024-10-15 07:30:50.010000+00:00,not_walking,0,xgboost,3,47046344M-104,reference,0.0,0.09589023888111115,0
47046344M-104,2024-10-15 07:30:51.010000+00:00,not_walking,0,xgboost,3,47046344M-104,reference,0.0,0.07675045728683472,0
47046344M-104,2024-10-15 07:30:52.010000+00:00,not_walking,0,xgboost,3,47046344M-104,reference,0.0,0.08452234417200089,0
47046344M-104,2024-10-15 07:30:53.010000+00:00,not_walking,0,xgboost,3,47046344M-104,reference,0.0,0.12564468383789062,0
47046344M-104,2024-10-15 07:30:54.010000+00:00,not_walking,0,xgboost,3,47046344M-104,reference,0.0,0.09693755209445953,0
47046344M-104,2024-10-15 07:30:55.010000+00:00,not_walking,0,xgboost,3,47046344M-104,reference,0.0,0.08305458724498749,0
47046344M-104,2024-10-15 07:30:56.010000+00:00,not_walking,0,xgboost,3,47046344M-104,reference,0.0,0.15874813497066498,0
47046344M-104,2024-10-15 07:30:57.010000+00:00,not_walking,0,xgboost,3,47046344M-104,reference,0.0,0.08538580685853958,0
47046344M-104,2024-10-15 07:30:58.010000+00:00,not_walking,0,xgboost,3,47046344M-104,reference,0.0,0.039460815489292145,0
47046344M-104,2024-10-15 07:30:59.010000+00:00,not_walking,0,xgboost,3,47046344M-104,reference,0.0,0.12071198225021362,0
47046344M-104,2024-10-15 07:31:00.010000+00:00,not_walking,0,xgboost,3,47046344M-104,reference,0.0,0.15026549994945526,0
47046344M-104,2024-10-15 07:31:01.010000+00:00,not_walking,0,xgboost,3,47046344M-104,reference,0.0,0.0960610955953598,0
47046344M-104,2024-10-15 07:31:02.010000+00:00,not_walking,0,xgboost,3,47046344M-104,reference,0.0,0.17861774563789368,0
47046344M-104,2024-10-15 07:31:03.010000+00:00,not_walking,0,xgboost,3,47046344M-104,reference,0.0,0.08635059744119644,0
47046344M-104,2024-10-15 07:31:04.010000+00:00,not_walking,0,xgboost,3,47046344M-104,reference,0.0,0.12480001896619797,0
47046344M-104,2024-10-15 07:31:05.010000+00:00,not_walking,0,xgboost,3,47046344M-104,reference,0.0,0.06837203353643417,0
47046344M-104,2024-10-15 07:31:06.010000+00:00,not_walking,0,xgboost,3,47046344M-104,reference,0.0,0.05303103104233742,0
47046344M-104,2024-10-15 07:31:07.010000+00:00,not_walking,0,xgboost,3,47046344M-104,reference,0.0,0.07168252766132355,0
47046344M-104,2024-10-15 07:31:08.010000+00:00,not_walking,0,xgboost,3,47046344M-104,reference,0.0,0.06288042664527893,0
47046344M-104,2024-10-15 07:31:09.010000+00:00,not_walking,0,xgboost,3,47046344M-104,reference,0.0,0.11793694645166397,0
47046344M-104,2024-10-15 07:31:10.010000+00:00,not_walking,0,xgboost,3,47046344M-104,reference,0.0,0.04654860123991966,0
47046344M-104,2024-10-15 07:31:11.010000+00:00,not_walking,0,xgboost,3,47046344M-104,reference,0.0,0.030635099858045578,0
47046344M-104,2024-10-15 07:31:12.010000+00:00,not_walking,0,xgboost,3,47046344M-104,reference,0.0,0.01789393462240696,0
47046344M-104,2024-10-15 07:31:13.010000+00:00,not_walking,0,xgboost,3,47046344M-104,reference,0.0,0.07364628463983536,0
47046344M-104,2024-10-15 07:31:14.010000+00:00,not_walking,0,xgboost,3,47046344M-104,reference,0.0,0.11242535710334778,0
47046344M-104,2024-10-15 07:31:15.010000+00:00,not_walking,0,xgboost,3,47046344M-104,reference,0.0,0.03600625321269035,0
47046344M-104,2024-10-15 07:31:16.010000+00:00,not_walking,0,xgboost,3,47046344M-104,reference,0.0,0.304849237203598,0
47046344M-104,2024-10-15 07:31:17.010000+00:00,not_walking,0,xgboost,3,47046344M-104,reference,0.0,0.02905457094311714,0
47046344M-104,2024-10-15 07:31:18.010000+00:00,not_walking,0,xgboost,3,47046344M-104,reference,0.0,0.049718473106622696,0
47046344M-104,2024-10-15 07:31:19.010000+00:00,not_walking,0,xgboost,3,47046344M-104,reference,0.0,0.04598214477300644,0
47046344M-104,2024-10-15 07:31:20.010000+00:00,not_walking,0,xgboost,3,47046344M-104,reference,0.0,0.05094087868928909,0
47046344M-104,2024-10-15 07:31:21.010000+00:00,not_walking,0,xgboost,3,47046344M-104,reference,0.0,0.3332896828651428,0
47046344M-104,2024-10-15 07:31:22.010000+00:00,not_walking,0,xgboost,3,47046344M-104,reference,0.0,0.03627030923962593,0
47046344M-104,2024-10-15 07:31:23.010000+00:00,not_walking,0,xgboost,3,47046344M-104,reference,0.0,0.10860120505094528,0
47046344M-104,2024-10-15 07:31:24.010000+00:00,not_walking,0,xgboost,3,47046344M-104,reference,0.0,0.029539644718170166,0
47046344M-104,2024-10-15 07:31:25.010000+00:00,not_walking,0,xgboost,3,47046344M-104,reference,0.0,0.0480639711022377,0
47046344M-104,2024-10-15 07:31:26.010000+00:00,not_walking,0,xgboost,3,47046344M-104,reference,0.0,0.02937520109117031,0
47046344M-104,2024-10-15 07:31:27.010000+00:00,not_walking,0,xgboost,3,47046344M-104,reference,0.0,0.08145943284034729,0
47046344M-104,2024-10-15 07:31:28.010000+00:00,not_walking,0,xgboost,3,47046344M-104,reference,0.0,0.11493364721536636,0
47046344M-104,2024-10-15 07:31:29.010000+00:00,not_walking,0,xgboost,3,47046344M-104,reference,0.0,0.03369159996509552,0
47046344M-104,2024-10-15 07:31:30.010000+00:00,not_walking,0,xgboost,3,47046344M-104,reference,0.0,0.018515169620513916,0
47046344M-104,2024-10-15 07:31:31.010000+00:00,not_walking,0,xgboost,3,47046344M-104,reference,0.0,0.01724138669669628,0
47046344M-104,2024-10-15 07:31:32.010000+00:00,not_walking,0,xgboost,3,47046344M-104,reference,0.0,0.06485987454652786,0
47046344M-104,2024-10-15 07:31:33.010000+00:00,not_walking,0,xgboost,3,47046344M-104,reference,0.0,0.059758953750133514,0
47046344M-104,2024-10-15 07:31:34.010000+00:00,not_walking,0,xgboost,3,47046344M-104,reference,0.0,0.20994020998477936,0
47046344M-104,2024-10-15 07:31:35.010000+00:00,not_walking,0,xgboost,3,47046344M-104,reference,0.0,0.0553646944463253,0
47046344M-104,2024-10-15 07:31:36.010000+00:00,not_walking,0,xgboost,3,47046344M-104,reference,0.0,0.03689400851726532,0
47046344M-104,2024-10-15 07:31:37.010000+00:00,not_walking,0,xgboost,3,47046344M-104,reference,0.0,0.04868476465344429,0
47046344M-104,2024-10-15 07:31:38.010000+00:00,not_walking,0,xgboost,3,47046344M-104,reference,0.0,0.04374907538294792,0
47046344M-104,2024-10-15 07:31:39.010000+00:00,not_walking,0,xgboost,3,47046344M-104,reference,0.0,0.06746476143598557,0
47046344M-104,2024-10-15 07:31:40.010000+00:00,not_walking,0,xgboost,3,47046344M-104,reference,0.0,0.12565039098262787,0
47046344M-104,2024-10-15 07:31:41.010000+00:00,not_walking,0,xgboost,3,47046344M-104,reference,0.0,0.15699337422847748,0
47046344M-104,2024-10-15 07:31:42.010000+00:00,not_walking,0,xgboost,3,47046344M-104,reference,0.0,0.07643935084342957,0
47046344M-104,2024-10-15 07:31:43.010000+00:00,not_walking,0,xgboost,3,47046344M-104,reference,0.0,0.031301192939281464,0
47046344M-104,2024-10-15 07:31:44.010000+00:00,not_walking,0,xgboost,3,47046344M-104,reference,0.0,0.10356753319501877,0
47046344M-104,2024-10-15 07:31:45.010000+00:00,not_walking,0,xgboost,3,47046344M-104,reference,0.0,0.030146261677145958,0
47046344M-104,2024-10-15 07:31:46.010000+00:00,not_walking,0,xgboost,3,47046344M-104,reference,0.0,0.03579084575176239,0
47046344M-104,2024-10-15 07:31:47.010000+00:00,not_walking,0,xgboost,3,47046344M-104,reference,0.0,0.04588516429066658,0
47046344M-104,2024-10-15 07:31:48.010000+00:00,not_walking,0,xgboost,3,47046344M-104,reference,0.0,0.0678592249751091,0
47046344M-104,2024-10-15 07:31:49.010000+00:00,not_walking,0,xgboost,3,47046344M-104,reference,0.0,0.025642527267336845,0
47046344M-104,2024-10-15 07:31:50.010000+00:00,not_walking,0,xgboost,3,47046344M-104,reference,0.0,0.12630602717399597,0
47046344M-104,2024-10-15 07:31:54.020000+00:00,walking,1,xgboost,3,47046344M-104,reference,0.0,0.1229085922241211,0
47046344M-104,2024-10-15 07:31:55.020000+00:00,walking,1,xgboost,3,47046344M-104,reference,0.0,0.14256350696086884,0
47046344M-104,2024-10-15 07:31:56.020000+00:00,walking,1,xgboost,3,47046344M-104,reference,0.0,0.19976599514484406,0
47046344M-104,2024-10-15 07:31:57.020000+00:00,walking,1,xgboost,3,47046344M-104,reference,0.0,0.1028989627957344,0
47046344M-104,2024-10-15 07:31:58.020000+00:00,walking,1,xgboost,3,47046344M-104,reference,0.0,0.04519939050078392,0
47046344M-104,2024-10-15 07:31:59.020000+00:00,walking,1,xgboost,3,47046344M-104,reference,0.0,0.07348692417144775,0
47046344M-104,2024-10-15 07:32:00.020000+00:00,walking,1,xgboost,3,47046344M-104,reference,0.0,0.11855727434158325,0
47046344M-104,2024-10-15 07:32:01.020000+00:00,walking,1,xgboost,3,47046344M-104,reference,0.0,0.030681483447551727,0
47046344M-104,2024-10-15 07:32:02.020000+00:00,walking,1,xgboost,3,47046344M-104,reference,0.0,0.10648701339960098,0
47046344M-104,2024-10-15 07:32:03.020000+00:00,walking,1,xgboost,3,47046344M-104,reference,0.0,0.08406399190425873,0
47046344M-104,2024-10-15 07:32:04.020000+00:00,walking,1,xgboost,3,47046344M-104,reference,0.0,0.06032821163535118,0
47046344M-104,2024-10-15 07:32:05.020000+00:00,walking,1,xgboost,3,47046344M-104,reference,0.0,0.0378156378865242,0
47046344M-104,2024-10-15 07:32:06.020000+00:00,walking,1,xgboost,3,47046344M-104,reference,0.0,0.07789038121700287,0
47046344M-104,2024-10-15 07:32:07.020000+00:00,walking,1,xgboost,3,47046344M-104,reference,0.0,0.05699091777205467,0
47046344M-104,2024-10-15 07:32:08.020000+00:00,walking,1,xgboost,3,47046344M-104,reference,0.0,0.04841526225209236,0
47046344M-104,2024-10-15 07:32:09.020000+00:00,walking,1,xgboost,3,47046344M-104,reference,0.0,0.11694548279047012,0
47046344M-104,2024-10-15 07:32:10.020000+00:00,walking,1,xgboost,3,47046344M-104,reference,0.0,0.07684897631406784,0
47046344M-104,2024-10-15 07:32:11.020000+00:00,walking,1,xgboost,3,47046344M-104,reference,0.0,0.05871681869029999,0
47046344M-104,2024-10-15 07:32:12.020000+00:00,walking,1,xgboost,3,47046344M-104,reference,0.0,0.047080960124731064,0
47046344M-104,2024-10-15 07:32:13.020000+00:00,walking,1,xgboost,3,47046344M-104,reference,0.0,0.1324843317270279,0
47046344M-104,2024-10-15 07:32:14.020000+00:00,walking,1,xgboost,3,47046344M-104,reference,0.0,0.14594611525535583,0
47046344M-104,2024-10-15 07:32:15.020000+00:00,walking,1,xgboost,3,47046344M-104,reference,0.0,0.13337254524230957,0
47046344M-104,2024-10-15 07:32:16.020000+00:00,walking,1,xgboost,3,47046344M-104,reference,0.0,0.14984790980815887,0
47046344M-104,2024-10-15 07:32:17.020000+00:00,walking,1,xgboost,3,47046344M-104,reference,0.0,0.11697407811880112,0
47046344M-104,2024-10-15 07:32:18.020000+00:00,walking,1,xgboost,3,47046344M-104,reference,0.0,0.10724060237407684,0
47046344M-104,2024-10-15 07:32:19.020000+00:00,walking,1,xgboost,3,47046344M-104,reference,0.0,0.12042960524559021,0
47046344M-104,2024-10-15 07:32:20.020000+00:00,walking,1,xgboost,3,47046344M-104,reference,0.0,0.10192312300205231,0
47046344M-104,2024-10-15 07:32:21.020000+00:00,walking,1,xgboost,3,47046344M-104,reference,0.0,0.0519305020570755,0
47046344M-104,2024-10-15 07:32:22.020000+00:00,walking,1,xgboost,3,47046344M-104,reference,0.0,0.09679688513278961,0
47046344M-104,2024-10-15 07:32:23.020000+00:00,walking,1,xgboost,3,47046344M-104,reference,0.0,0.05147339031100273,0
47046344M-104,2024-10-15 07:32:24.020000+00:00,walking,1,xgboost,3,47046344M-104,reference,0.0,0.03207545727491379,0
47046344M-104,2024-10-15 07:32:25.020000+00:00,walking,1,xgboost,3,47046344M-104,reference,0.0,0.03774392977356911,0
47046344M-104,2024-10-15 07:32:26.020000+00:00,walking,1,xgboost,3,47046344M-104,reference,0.0,0.024526460096240044,0
47046344M-104,2024-10-15 07:32:27.020000+00:00,walking,1,xgboost,3,47046344M-104,reference,0.0,0.10940206050872803,0
47046344M-104,2024-10-15 07:32:28.020000+00:00,walking,1,xgboost,3,47046344M-104,reference,0.0,0.05135206878185272,0
47046344M-104,2024-10-15 07:33:39.020000+00:00,walking,1,xgboost,3,47046344M-104,reference,0.0,0.08088141679763794,0
47046344M-104,2024-10-15 07:33:40.020000+00:00,walking,1,xgboost,3,47046344M-104,reference,0.0,0.10736655443906784,0
47046344M-104,2024-10-15 07:33:41.020000+00:00,walking,1,xgboost,3,47046344M-104,reference,0.0,0.0322616882622242,0
47046344M-104,2024-10-15 07:33:42.020000+00:00,walking,1,xgboost,3,47046344M-104,reference,0.0,0.06160648539662361,0
47046344M-104,2024-10-15 07:33:43.020000+00:00,walking,1,xgboost,3,47046344M-104,reference,0.0,0.02869638428092003,0
47046344M-104,2024-10-15 07:33:44.020000+00:00,walking,1,xgboost,3,47046344M-104,reference,0.0,0.04945513233542442,0
47046344M-104,2024-10-15 07:33:45.020000+00:00,walking,1,xgboost,3,47046344M-104,reference,0.0,0.062427129596471786,0
47046344M-104,2024-10-15 07:33:46.020000+00:00,walking,1,xgboost,3,47046344M-104,reference,0.0,0.014353177510201931,0
47046344M-104,2024-10-15 07:33:47.020000+00:00,walking,1,xgboost,3,47046344M-104,reference,0.0,0.04607430100440979,0
47046344M-104,2024-10-15 07:33:48.020000+00:00,walking,1,xgboost,3,47046344M-104,reference,0.0,0.03823185712099075,0
47046344M-104,2024-10-15 07:33:49.020000+00:00,walking,1,xgboost,3,47046344M-104,reference,0.0,0.03575512021780014,0
47046344M-104,2024-10-15 07:33:50.020000+00:00,walking,1,xgboost,3,47046344M-104,reference,0.0,0.05365011841058731,0
47046344M-104,2024-10-15 07:33:51.020000+00:00,walking,1,xgboost,3,47046344M-104,reference,0.0,0.03633839264512062,0
47046344M-104,2024-10-15 07:33:52.020000+00:00,walking,1,xgboost,3,47046344M-104,reference,0.0,0.03109864704310894,0
47046344M-104,2024-10-15 07:33:53.020000+00:00,walking,1,xgboost,3,47046344M-104,reference,0.0,0.026657652109861374,0
47046344M-104,2024-10-15 07:33:54.020000+00:00,walking,1,xgboost,3,47046344M-104,reference,0.0,0.026652703061699867,0
47046344M-104,2024-10-15 07:33:55.020000+00:00,walking,1,xgboost,3,47046344M-104,reference,0.0,0.022640476003289223,0
47046344M-104,2024-10-15 07:33:56.020000+00:00,walking,1,xgboost,3,47046344M-104,reference,0.0,0.08893022686243057,0
47046344M-104,2024-10-15 07:33:57.020000+00:00,walking,1,xgboost,3,47046344M-104,reference,0.0,0.021809926256537437,0
47046344M-104,2024-10-15 07:33:58.020000+00:00,walking,1,xgboost,3,47046344M-104,reference,0.0,0.03935297578573227,0
47046344M-104,2024-10-15 07:33:59.020000+00:00,walking,1,xgboost,3,47046344M-104,reference,0.0,0.153446227312088,0
47046344M-104,2024-10-15 07:34:00.020000+00:00,walking,1,xgboost,3,47046344M-104,reference,0.0,0.09288770705461502,0
47046344M-104,2024-10-15 07:34:01.020000+00:00,walking,1,xgboost,3,47046344M-104,reference,0.0,0.06322826445102692,0
47046344M-104,2024-10-15 07:34:02.020000+00:00,walking,1,xgboost,3,47046344M-104,reference,0.0,0.11077607423067093,0
47046344M-104,2024-10-15 07:34:03.020000+00:00,walking,1,xgboost,3,47046344M-104,reference,0.0,0.1398920714855194,0
47046344M-104,2024-10-15 07:34:04.020000+00:00,walking,1,xgboost,3,47046344M-104,reference,0.0,0.03479171544313431,0
47046344M-104,2024-10-15 07:34:05.020000+00:00,walking,1,xgboost,3,47046344M-104,reference,0.0,0.14709819853305817,0
47046344M-104,2024-10-15 07:34:06.020000+00:00,walking,1,xgboost,3,47046344M-104,reference,0.0,0.06064508855342865,0
47046344M-104,2024-10-15 07:34:07.020000+00:00,walking,1,xgboost,3,47046344M-104,reference,0.0,0.03435937687754631,0
47046344M-104,2024-10-15 07:34:08.020000+00:00,walking,1,xgboost,3,47046344M-104,reference,0.0,0.05732336640357971,0
47046344M-104,2024-10-15 07:34:09.020000+00:00,walking,1,xgboost,3,47046344M-104,reference,0.0,0.32588836550712585,0
47046344M-104,2024-10-15 07:34:10.020000+00:00,walking,1,xgboost,3,47046344M-104,reference,0.0,0.04034942761063576,0
47046344M-104,2024-10-15 07:34:11.020000+00:00,walking,1,xgboost,3,47046344M-104,reference,0.0,0.03835924714803696,0
47046344M-104,2024-10-15 07:34:12.020000+00:00,walking,1,xgboost,3,47046344M-104,reference,0.0,0.036150284111499786,0
47046344M-104,2024-10-15 07:34:13.020000+00:00,walking,1,xgboost,3,47046344M-104,reference,0.0,0.06491988152265549,0
47046344M-104,2024-10-15 07:34:14.020000+00:00,walking,1,xgboost,3,47046344M-104,reference,0.0,0.06631770730018616,0
47046344M-104,2024-10-15 07:34:15.020000+00:00,walking,1,xgboost,3,47046344M-104,reference,0.0,0.09461232274770737,0
47046344M-104,2024-10-15 07:34:16.020000+00:00,walking,1,xgboost,3,47046344M-104,reference,0.0,0.1327691227197647,0
47046344M-104,2024-10-15 07:34:17.020000+00:00,walking,1,xgboost,3,47046344M-104,reference,0.0,0.02290511690080166,0
47046344M-104,2024-10-15 07:34:18.020000+00:00,walking,1,xgboost,3,47046344M-104,reference,0.0,0.019270028918981552,0
47046344M-104,2024-10-15 07:34:19.020000+00:00,walking,1,xgboost,3,47046344M-104,reference,0.0,0.06580612808465958,0
47046344M-104,2024-10-15 07:34:20.020000+00:00,walking,1,xgboost,3,47046344M-104,reference,0.0,0.051180850714445114,0
47046344M-104,2024-10-15 07:34:21.020000+00:00,walking,1,xgboost,3,47046344M-104,reference,0.0,0.055900197476148605,0
47046344M-104,2024-10-15 07:34:22.020000+00:00,walking,1,xgboost,3,47046344M-104,reference,0.0,0.03794819861650467,0
47046344M-104,2024-10-15 07:34:23.020000+00:00,walking,1,xgboost,3,47046344M-104,reference,0.0,0.040516965091228485,0
47046344M-104,2024-10-15 07:34:24.020000+00:00,walking,1,xgboost,3,47046344M-104,reference,0.0,0.04737129434943199,0
47046344M-104,2024-10-15 07:34:25.020000+00:00,walking,1,xgboost,3,47046344M-104,reference,0.0,0.045112695544958115,0
47046344M-104,2024-10-15 07:34:26.020000+00:00,walking,1,xgboost,3,47046344M-104,reference,0.0,0.15233412384986877,0
47046344M-104,2024-10-15 07:34:27.020000+00:00,walking,1,xgboost,3,47046344M-104,reference,0.0,0.03301168605685234,0
47046344M-104,2024-10-15 07:34:28.020000+00:00,walking,1,xgboost,3,47046344M-104,reference,0.0,0.0384407602250576,0
47046344M-104,2024-10-15 07:34:29.020000+00:00,walking,1,xgboost,3,47046344M-104,reference,0.0,0.09394623339176178,0
47046344M-104,2024-10-15 07:34:30.020000+00:00,walking,1,xgboost,3,47046344M-104,reference,0.0,0.0329296700656414,0
47046344M-104,2024-10-15 07:34:31.020000+00:00,walking,1,xgboost,3,47046344M-104,reference,0.0,0.038771022111177444,0
47046344M-104,2024-10-15 07:34:32.020000+00:00,walking,1,xgboost,3,47046344M-104,reference,0.0,0.16730467975139618,0
47046344M-104,2024-10-15 07:34:33.020000+00:00,walking,1,xgboost,3,47046344M-104,reference,0.0,0.03125462308526039,0
47046344M-104,2024-10-15 07:34:34.020000+00:00,walking,1,xgboost,3,47046344M-104,reference,0.0,0.030312618240714073,0
47046344M-104,2024-10-15 07:34:35.020000+00:00,walking,1,xgboost,3,47046344M-104,reference,0.0,0.04253672808408737,0
47046344M-104,2024-10-15 07:34:36.020000+00:00,walking,1,xgboost,3,47046344M-104,reference,0.0,0.05029468238353729,0
47046344M-104,2024-10-15 07:34:37.020000+00:00,walking,1,xgboost,3,47046344M-104,reference,0.0,0.03736458346247673,0
47046344M-104,2024-10-15 07:34:38.020000+00:00,walking,1,xgboost,3,47046344M-104,reference,0.0,0.07156003266572952,0
47046344M-104,2024-10-15 07:34:39.020000+00:00,walking,1,xgboost,3,47046344M-104,reference,0.0,0.033819105476140976,0
47046344M-104,2024-10-15 07:34:40.020000+00:00,walking,1,xgboost,3,47046344M-104,reference,0.0,0.2439112663269043,0
47046344M-104,2024-10-15 07:34:41.020000+00:00,walking,1,xgboost,3,47046344M-104,reference,0.0,0.2774481475353241,0
47046344M-104,2024-10-15 07:34:42.020000+00:00,walking,1,xgboost,3,47046344M-104,reference,0.0,0.052537694573402405,0
47046344M-104,2024-10-15 07:34:43.020000+00:00,walking,1,xgboost,3,47046344M-104,reference,0.0,0.048995450139045715,0
47046344M-104,2024-10-15 07:34:44.020000+00:00,walking,1,xgboost,3,47046344M-104,reference,0.0,0.31664204597473145,0
47046344M-104,2024-10-15 07:34:45.020000+00:00,walking,1,xgboost,3,47046344M-104,reference,0.0,0.02632397972047329,0
47046344M-104,2024-10-15 07:34:46.020000+00:00,walking,1,xgboost,3,47046344M-104,reference,0.0,0.07638927549123764,0
47046344M-104,2024-10-15 07:34:47.020000+00:00,walking,1,xgboost,3,47046344M-104,reference,0.0,0.09336774796247482,0
47046344M-104,2024-10-15 07:34:48.020000+00:00,walking,1,xgboost,3,47046344M-104,reference,0.0,0.0646258071064949,0
47046344M-104,2024-10-15 07:34:49.020000+00:00,walking,1,xgboost,3,47046344M-104,reference,0.0,0.02868170104920864,0
47046344M-104,2024-10-15 07:34:50.020000+00:00,walking,1,xgboost,3,47046344M-104,reference,0.0,0.09685933589935303,0
47046344M-104,2024-10-15 07:34:51.020000+00:00,walking,1,xgboost,3,47046344M-104,reference,0.0,0.05413566529750824,0
47046344M-104,2024-10-15 07:34:52.020000+00:00,walking,1,xgboost,3,47046344M-104,reference,0.0,0.046700432896614075,0
47046344M-104,2024-10-15 07:34:53.020000+00:00,walking,1,xgboost,3,47046344M-104,reference,0.0,0.13462598621845245,0
47046344M-104,2024-10-15 07:34:54.020000+00:00,walking,1,xgboost,3,47046344M-104,reference,0.0,0.03568832203745842,0
47046344M-104,2024-10-15 07:34:55.020000+00:00,walking,1,xgboost,3,47046344M-104,reference,0.0,0.06390605121850967,0
47046344M-104,2024-10-15 07:34:56.020000+00:00,walking,1,xgboost,3,47046344M-104,reference,0.0,0.13645318150520325,0
47046344M-104,2024-10-15 07:34:57.020000+00:00,walking,1,xgboost,3,47046344M-104,reference,0.0,0.02343176305294037,0
47046344M-104,2024-10-15 07:34:58.020000+00:00,walking,1,xgboost,3,47046344M-104,reference,0.0,0.059115227311849594,0
47046344M-104,2024-10-15 07:34:59.020000+00:00,walking,1,xgboost,3,47046344M-104,reference,0.0,0.037513215094804764,0
47046344M-104,2024-10-15 07:35:00.020000+00:00,walking,1,xgboost,3,47046344M-104,reference,0.0,0.01087655033916235,0
47046344M-104,2024-10-15 07:35:01.020000+00:00,walking,1,xgboost,3,47046344M-104,reference,0.0,0.23831434547901154,0
47046344M-104,2024-10-15 07:35:02.020000+00:00,walking,1,xgboost,3,47046344M-104,reference,0.0,0.10351167619228363,0
47046344M-104,2024-10-15 07:35:03.020000+00:00,walking,1,xgboost,3,47046344M-104,reference,0.0,0.10826689004898071,0
47046344M-104,2024-10-15 07:35:04.020000+00:00,walking,1,xgboost,3,47046344M-104,reference,0.0,0.026890229433774948,0
47046344M-104,2024-10-15 07:35:05.020000+00:00,walking,1,xgboost,3,47046344M-104,reference,0.0,0.04647253453731537,0
47046344M-104,2024-10-15 07:35:06.020000+00:00,walking,1,xgboost,3,47046344M-104,reference,0.0,0.03347266837954521,0
47046344M-104,2024-10-15 07:35:07.020000+00:00,walking,1,xgboost,3,47046344M-104,reference,0.0,0.04112004116177559,0
47046344M-104,2024-10-15 07:35:08.020000+00:00,walking,1,xgboost,3,47046344M-104,reference,0.0,0.0277443565428257,0
47046344M-104,2024-10-15 07:35:09.020000+00:00,walking,1,xgboost,3,47046344M-104,reference,0.0,0.5799354314804077,1
47046344M-104,2024-10-15 07:35:10.020000+00:00,walking,1,xgboost,3,47046344M-104,reference,0.0,0.13485878705978394,0
47046344M-104,2024-10-15 07:35:11.020000+00:00,walking,1,xgboost,3,47046344M-104,reference,0.0,0.14980998635292053,0
47046344M-104,2024-10-15 07:35:12.020000+00:00,walking,1,xgboost,3,47046344M-104,reference,0.0,0.14894406497478485,0
47046344M-104,2024-10-15 07:35:13.020000+00:00,walking,1,xgboost,3,47046344M-104,reference,0.0,0.06822527945041656,0
47046344M-104,2024-10-15 07:35:14.020000+00:00,walking,1,xgboost,3,47046344M-104,reference,0.0,0.03630487620830536,0
47046344M-104,2024-10-15 07:35:15.020000+00:00,walking,1,xgboost,3,47046344M-104,reference,0.0,0.06883218884468079,0
47046344M-104,2024-10-15 07:35:16.020000+00:00,walking,1,xgboost,3,47046344M-104,reference,0.0,0.031014831736683846,0
47046344M-104,2024-10-15 07:35:17.020000+00:00,walking,1,xgboost,3,47046344M-104,reference,0.0,0.011194761842489243,0
47046344M-104,2024-10-15 07:35:18.020000+00:00,walking,1,xgboost,3,47046344M-104,reference,0.0,0.01692056842148304,0
47046344M-104,2024-10-15 07:35:19.020000+00:00,walking,1,xgboost,3,47046344M-104,reference,0.0,0.04047592729330063,0
47046344M-104,2024-10-15 07:35:20.020000+00:00,walking,1,xgboost,3,47046344M-104,reference,0.0,0.033116843551397324,0
47046344M-104,2024-10-15 07:35:21.020000+00:00,walking,1,xgboost,3,47046344M-104,reference,0.0,0.016825798898935318,0
47046344M-104,2024-10-15 07:35:22.020000+00:00,walking,1,xgboost,3,47046344M-104,reference,0.0,0.016972161829471588,0
47046344M-104,2024-10-15 07:35:23.020000+00:00,walking,1,xgboost,3,47046344M-104,reference,0.0,0.022287089377641678,0
47046344M-104,2024-10-15 07:35:24.020000+00:00,walking,1,xgboost,3,47046344M-104,reference,0.0,0.26130351424217224,0
47046344M-104,2024-10-15 07:35:25.020000+00:00,walking,1,xgboost,3,47046344M-104,reference,0.0,0.14305931329727173,0
47046344M-104,2024-10-15 07:35:26.020000+00:00,walking,1,xgboost,3,47046344M-104,reference,0.0,0.03100292570888996,0
47046344M-104,2024-10-15 07:35:27.020000+00:00,walking,1,xgboost,3,47046344M-104,reference,0.0,0.043251506984233856,0
47046344M-104,2024-10-15 07:35:28.020000+00:00,walking,1,xgboost,3,47046344M-104,reference,0.0,0.05553507059812546,0
47046344M-104,2024-10-15 07:37:19.010000+00:00,walking,1,xgboost,3,47046344M-104,reference,0.0,0.06601739674806595,0
47046344M-104,2024-10-15 07:37:20.010000+00:00,walking,1,xgboost,3,47046344M-104,reference,0.0,0.2094128429889679,0
47046344M-104,2024-10-15 07:37:21.010000+00:00,walking,1,xgboost,3,47046344M-104,reference,0.0,0.044839099049568176,0
47046344M-104,2024-10-15 07:37:22.010000+00:00,walking,1,xgboost,3,47046344M-104,reference,0.0,0.04148939251899719,0
47046344M-104,2024-10-15 07:37:23.010000+00:00,walking,1,xgboost,3,47046344M-104,reference,0.0,0.05001148581504822,0
47046344M-104,2024-10-15 07:37:24.010000+00:00,walking,1,xgboost,3,47046344M-104,reference,0.0,0.09155967086553574,0
47046344M-104,2024-10-15 07:37:25.010000+00:00,walking,1,xgboost,3,47046344M-104,reference,0.0,0.03128248453140259,0
47046344M-104,2024-10-15 07:37:26.010000+00:00,walking,1,xgboost,3,47046344M-104,reference,0.0,0.021252479404211044,0
47046344M-104,2024-10-15 07:37:27.010000+00:00,walking,1,xgboost,3,47046344M-104,reference,0.0,0.017373329028487206,0
47046344M-104,2024-10-15 07:37:28.010000+00:00,walking,1,xgboost,3,47046344M-104,reference,0.0,0.04444853216409683,0
47046344M-104,2024-10-15 07:37:29.010000+00:00,walking,1,xgboost,3,47046344M-104,reference,0.0,0.1307823210954666,0
47046344M-104,2024-10-15 07:37:30.010000+00:00,walking,1,xgboost,3,47046344M-104,reference,0.0,0.09581757336854935,0
47046344M-104,2024-10-15 07:37:31.010000+00:00,walking,1,xgboost,3,47046344M-104,reference,0.0,0.032292138785123825,0
47046344M-104,2024-10-15 07:37:32.010000+00:00,walking,1,xgboost,3,47046344M-104,reference,0.0,0.06849940121173859,0
47046344M-104,2024-10-15 07:37:33.010000+00:00,walking,1,xgboost,3,47046344M-104,reference,0.0,0.05395070090889931,0
47046344M-104,2024-10-15 07:37:34.010000+00:00,walking,1,xgboost,3,47046344M-104,reference,0.0,0.03387882187962532,0
47046344M-104,2024-10-15 07:37:35.010000+00:00,walking,1,xgboost,3,47046344M-104,reference,0.0,0.07097098231315613,0
47046344M-104,2024-10-15 07:37:36.010000+00:00,walking,1,xgboost,3,47046344M-104,reference,0.0,0.02389722689986229,0
47046344M-104,2024-10-15 07:37:37.010000+00:00,walking,1,xgboost,3,47046344M-104,reference,0.0,0.021630115807056427,0
47046344M-104,2024-10-15 07:37:38.010000+00:00,walking,1,xgboost,3,47046344M-104,reference,0.0,0.0403917096555233,0
47046344M-104,2024-10-15 07:37:39.010000+00:00,walking,1,xgboost,3,47046344M-104,reference,0.0,0.06395598500967026,0
47046344M-104,2024-10-15 07:37:40.010000+00:00,walking,1,xgboost,3,47046344M-104,reference,0.0,0.11205289512872696,0
47046344M-104,2024-10-15 07:37:41.010000+00:00,walking,1,xgboost,3,47046344M-104,reference,0.0,0.06412409991025925,0
47046344M-104,2024-10-15 07:37:42.010000+00:00,walking,1,xgboost,3,47046344M-104,reference,0.0,0.058443859219551086,0
47046344M-104,2024-10-15 07:37:43.010000+00:00,walking,1,xgboost,3,47046344M-104,reference,0.0,0.04270141199231148,0
47046344M-104,2024-10-15 07:37:44.010000+00:00,walking,1,xgboost,3,47046344M-104,reference,0.0,0.028753384947776794,0
47046344M-104,2024-10-15 07:37:45.010000+00:00,walking,1,xgboost,3,47046344M-104,reference,0.0,0.1274537742137909,0
47046344M-104,2024-10-15 07:37:46.010000+00:00,walking,1,xgboost,3,47046344M-104,reference,0.0,0.0347922183573246,0
47046344M-104,2024-10-15 07:37:47.010000+00:00,walking,1,xgboost,3,47046344M-104,reference,0.0,0.04645233973860741,0
47046344M-104,2024-10-15 07:37:48.010000+00:00,walking,1,xgboost,3,47046344M-104,reference,0.0,0.03616226464509964,0
47046344M-104,2024-10-15 07:37:49.010000+00:00,walking,1,xgboost,3,47046344M-104,reference,0.0,0.03626208379864693,0
47046344M-104,2024-10-15 07:37:50.010000+00:00,walking,1,xgboost,3,47046344M-104,reference,0.0,0.03422035276889801,0
47046344M-104,2024-10-15 07:37:51.010000+00:00,walking,1,xgboost,3,47046344M-104,reference,0.0,0.04670998826622963,0
47046344M-104,2024-10-15 07:37:52.010000+00:00,walking,1,xgboost,3,47046344M-104,reference,0.0,0.029680978506803513,0
47046344M-104,2024-10-15 07:37:53.010000+00:00,walking,1,xgboost,3,47046344M-104,reference,0.0,0.029042908921837807,0
47046344M-104,2024-10-15 07:37:54.010000+00:00,walking,1,xgboost,3,47046344M-104,reference,0.0,0.03036613017320633,0
47046344M-104,2024-10-15 07:37:55.010000+00:00,walking,1,xgboost,3,47046344M-104,reference,0.0,0.12790058553218842,0
47046344M-104,2024-10-15 07:37:56.010000+00:00,walking,1,xgboost,3,47046344M-104,reference,0.0,0.1300458461046219,0
47046344M-104,2024-10-15 07:37:57.010000+00:00,walking,1,xgboost,3,47046344M-104,reference,0.0,0.12597979605197906,0
47046344M-104,2024-10-15 07:37:58.010000+00:00,walking,1,xgboost,3,47046344M-104,reference,0.0,0.030788738280534744,0
47046344M-104,2024-10-15 07:37:59.010000+00:00,walking,1,xgboost,3,47046344M-104,reference,0.0,0.020180027931928635,0
47046344M-104,2024-10-15 07:38:00.010000+00:00,walking,1,xgboost,3,47046344M-104,reference,0.0,0.038388941437006,0
47046344M-104,2024-10-15 07:38:01.010000+00:00,walking,1,xgboost,3,47046344M-104,reference,0.0,0.03467150777578354,0
47046344M-104,2024-10-15 07:38:02.010000+00:00,walking,1,xgboost,3,47046344M-104,reference,0.0,0.04894459247589111,0
47046344M-104,2024-10-15 07:38:03.010000+00:00,walking,1,xgboost,3,47046344M-104,reference,0.0,0.03378643840551376,0
47046344M-104,2024-10-15 07:38:04.010000+00:00,walking,1,xgboost,3,47046344M-104,reference,0.0,0.03649316355586052,0
47046344M-104,2024-10-15 07:38:05.010000+00:00,walking,1,xgboost,3,47046344M-104,reference,0.0,0.09370466321706772,0
47046344M-104,2024-10-15 07:38:06.010000+00:00,walking,1,xgboost,3,47046344M-104,reference,0.0,0.037885040044784546,0
47046344M-104,2024-10-15 07:38:07.010000+00:00,walking,1,xgboost,3,47046344M-104,reference,0.0,0.0260437224060297,0
47046344M-104,2024-10-15 07:38:08.010000+00:00,walking,1,xgboost,3,47046344M-104,reference,0.0,0.027788419276475906,0
47046344M-104,2024-10-15 07:38:09.010000+00:00,walking,1,xgboost,3,47046344M-104,reference,0.0,0.0471927635371685,0
47046344M-104,2024-10-15 07:38:11.010000+00:00,not_walking,0,xgboost,3,47046344M-104,reference,0.0,0.035431746393442154,0
47046344M-104,2024-10-15 07:38:12.010000+00:00,not_walking,0,xgboost,3,47046344M-104,reference,0.0,0.033567022532224655,0
47046344M-104,2024-10-15 07:38:13.010000+00:00,not_walking,0,xgboost,3,47046344M-104,reference,0.0,0.027442079037427902,0
47046344M-104,2024-10-15 07:38:14.010000+00:00,not_walking,0,xgboost,3,47046344M-104,reference,0.0,0.027723483741283417,0
47046344M-104,2024-10-15 07:38:15.010000+00:00,not_walking,0,xgboost,3,47046344M-104,reference,0.0,0.03673204407095909,0
47046344M-104,2024-10-15 07:38:16.010000+00:00,not_walking,0,xgboost,3,47046344M-104,reference,0.0,0.03316804766654968,0
47046344M-104,2024-10-15 07:38:17.010000+00:00,not_walking,0,xgboost,3,47046344M-104,reference,0.0,0.03218856081366539,0
47046344M-104,2024-10-15 07:38:18.010000+00:00,not_walking,0,xgboost,3,47046344M-104,reference,0.0,0.03243682533502579,0
47046344M-104,2024-10-15 07:38:19.010000+00:00,not_walking,0,xgboost,3,47046344M-104,reference,0.0,0.03198296204209328,0
47046344M-104,2024-10-15 07:38:20.010000+00:00,not_walking,0,xgboost,3,47046344M-104,reference,0.0,0.02480265684425831,0
47046344M-104,2024-10-15 07:38:21.010000+00:00,not_walking,0,xgboost,3,47046344M-104,reference,0.0,0.044750113040208817,0
47046344M-104,2024-10-15 07:38:22.010000+00:00,not_walking,0,xgboost,3,47046344M-104,reference,0.0,0.04716569185256958,0
47046344M-104,2024-10-15 07:38:23.010000+00:00,not_walking,0,xgboost,3,47046344M-104,reference,0.0,0.3207258880138397,0
47046344M-104,2024-10-15 07:38:25.010000+00:00,not_walking,0,xgboost,3,47046344M-104,reference,0.0,0.03900323808193207,0
47046344M-104,2024-10-15 07:38:26.010000+00:00,not_walking,0,xgboost,3,47046344M-104,reference,0.0,0.0647667869925499,0
47046344M-104,2024-10-15 07:38:27.010000+00:00,not_walking,0,xgboost,3,47046344M-104,reference,0.0,0.07714802771806717,0
47046344M-104,2024-10-15 07:38:28.010000+00:00,not_walking,0,xgboost,3,47046344M-104,reference,0.0,0.053553979843854904,0
47046344M-104,2024-10-15 07:38:29.010000+00:00,not_walking,0,xgboost,3,47046344M-104,reference,0.0,0.048537373542785645,0
47046344M-104,2024-10-15 07:38:30.010000+00:00,not_walking,0,xgboost,3,47046344M-104,reference,0.0,0.055556055158376694,0
47046344M-104,2024-10-15 07:38:31.010000+00:00,not_walking,0,xgboost,3,47046344M-104,reference,0.0,0.06068927049636841,0
47046344M-104,2024-10-15 07:38:32.010000+00:00,walking,1,xgboost,3,47046344M-104,reference,0.0,0.05020597204566002,0
47046344M-104,2024-10-15 07:38:33.010000+00:00,walking,1,xgboost,3,47046344M-104,reference,0.0,0.084324911236763,0
47046344M-104,2024-10-15 07:38:34.010000+00:00,walking,1,xgboost,3,47046344M-104,reference,0.0,0.048196956515312195,0
47046344M-104,2024-10-15 07:38:35.010000+00:00,walking,1,xgboost,3,47046344M-104,reference,0.0,0.08528288453817368,0
47046344M-104,2024-10-15 07:38:36.010000+00:00,walking,1,xgboost,3,47046344M-104,reference,0.0,0.07457230985164642,0
47046344M-104,2024-10-15 07:38:37.010000+00:00,walking,1,xgboost,3,47046344M-104,reference,0.0,0.04642565920948982,0
47046344M-104,2024-10-15 07:38:38.010000+00:00,walking,1,xgboost,3,47046344M-104,reference,0.0,0.06592357158660889,0
47046344M-104,2024-10-15 07:38:39.010000+00:00,walking,1,xgboost,3,47046344M-104,reference,0.0,0.025928914546966553,0
47046344M-104,2024-10-15 07:38:40.010000+00:00,walking,1,xgboost,3,47046344M-104,reference,0.0,0.06372728198766708,0
47046344M-104,2024-10-15 07:38:41.010000+00:00,walking,1,xgboost,3,47046344M-104,reference,0.0,0.045840490609407425,0
47046344M-104,2024-10-15 07:38:42.010000+00:00,walking,1,xgboost,3,47046344M-104,reference,0.0,0.034490592777729034,0
47046344M-104,2024-10-15 07:38:43.010000+00:00,walking,1,xgboost,3,47046344M-104,reference,0.0,0.19959557056427002,0
47046344M-104,2024-10-15 07:38:44.010000+00:00,walking,1,xgboost,3,47046344M-104,reference,0.0,0.07826409488916397,0
47046344M-104,2024-10-15 07:38:45.010000+00:00,walking,1,xgboost,3,47046344M-104,reference,0.0,0.010981597006320953,0
47046344M-104,2024-10-15 07:38:46.010000+00:00,walking,1,xgboost,3,47046344M-104,reference,0.0,0.02468162029981613,0
47046344M-104,2024-10-15 07:38:47.010000+00:00,walking,1,xgboost,3,47046344M-104,reference,0.0,0.06193005293607712,0
47046344M-104,2024-10-15 07:38:59.010000+00:00,not_walking,0,xgboost,3,47046344M-104,reference,0.0,0.025769740343093872,0
47046344M-104,2024-10-15 07:39:00.010000+00:00,not_walking,0,xgboost,3,47046344M-104,reference,0.0,0.04671614617109299,0
47046344M-104,2024-10-15 07:39:01.010000+00:00,not_walking,0,xgboost,3,47046344M-104,reference,0.0,0.21423600614070892,0
47046344M-104,2024-10-15 07:39:02.010000+00:00,not_walking,0,xgboost,3,47046344M-104,reference,0.0,0.3050704002380371,0
47046344M-104,2024-10-15 07:39:03.010000+00:00,not_walking,0,xgboost,3,47046344M-104,reference,0.0,0.065334752202034,0
47046344M-104,2024-10-15 07:39:04.010000+00:00,not_walking,0,xgboost,3,47046344M-104,reference,0.0,0.04458964243531227,0
47046344M-104,2024-10-15 07:39:05.010000+00:00,not_walking,0,xgboost,3,47046344M-104,reference,0.0,0.03723815456032753,0
47046344M-104,2024-10-15 07:39:06.010000+00:00,not_walking,0,xgboost,3,47046344M-104,reference,0.0,0.03389142081141472,0
47046344M-104,2024-10-15 07:39:07.010000+00:00,not_walking,0,xgboost,3,47046344M-104,reference,0.0,0.08852459490299225,0
47046344M-104,2024-10-15 07:39:08.010000+00:00,not_walking,0,xgboost,3,47046344M-104,reference,0.0,0.1489955484867096,0
47046344M-104,2024-10-15 07:39:09.010000+00:00,not_walking,0,xgboost,3,47046344M-104,reference,0.0,0.08942397683858871,0
47046344M-104,2024-10-15 07:39:10.010000+00:00,not_walking,0,xgboost,3,47046344M-104,reference,0.0,0.03850141912698746,0
47046344M-104,2024-10-15 07:39:11.010000+00:00,not_walking,0,xgboost,3,47046344M-104,reference,0.0,0.05278133600950241,0
47046344M-104,2024-10-15 07:39:26.010000+00:00,walking,1,xgboost,3,47046344M-104,reference,0.0,0.0847247764468193,0
47046344M-104,2024-10-15 07:39:27.010000+00:00,walking,1,xgboost,3,47046344M-104,reference,0.0,0.3093557357788086,0
47046344M-104,2024-10-15 07:39:28.010000+00:00,walking,1,xgboost,3,47046344M-104,reference,0.0,0.07798744738101959,0
47046344M-104,2024-10-15 07:39:29.010000+00:00,walking,1,xgboost,3,47046344M-104,reference,0.0,0.18220925331115723,0
47046344M-104,2024-10-15 07:39:30.010000+00:00,walking,1,xgboost,3,47046344M-104,reference,0.0,0.3779647946357727,0
47046344M-104,2024-10-15 07:39:31.010000+00:00,walking,1,xgboost,3,47046344M-104,reference,0.0,0.26742303371429443,0
47046344M-104,2024-10-15 07:39:32.010000+00:00,walking,1,xgboost,3,47046344M-104,reference,0.0,0.05842055380344391,0
47046344M-104,2024-10-15 07:39:33.010000+00:00,walking,1,xgboost,3,47046344M-104,reference,0.0,0.05731853470206261,0
47046344M-104,2024-10-15 07:39:34.010000+00:00,walking,1,xgboost,3,47046344M-104,reference,0.0,0.21100541949272156,0
47046344M-104,2024-10-15 07:39:35.010000+00:00,walking,1,xgboost,3,47046344M-104,reference,0.0,0.21688610315322876,0
47046344M-104,2024-10-15 07:39:36.010000+00:00,walking,1,xgboost,3,47046344M-104,reference,0.0,0.2224578559398651,0
47046344M-104,2024-10-15 07:39:37.010000+00:00,walking,1,xgboost,3,47046344M-104,reference,0.0,0.13091950118541718,0
47046344M-104,2024-10-15 07:39:38.010000+00:00,walking,1,xgboost,3,47046344M-104,reference,0.0,0.1828749179840088,0
47046344M-104,2024-10-15 07:39:39.010000+00:00,walking,1,xgboost,3,47046344M-104,reference,0.0,0.03349648043513298,0
47046344M-104,2024-10-15 07:39:40.010000+00:00,walking,1,xgboost,3,47046344M-104,reference,0.0,0.2646559476852417,0
47046344M-104,2024-10-15 07:39:41.010000+00:00,walking,1,xgboost,3,47046344M-104,reference,0.0,0.04156816005706787,0
47046344M-104,2024-10-15 07:39:42.010000+00:00,walking,1,xgboost,3,47046344M-104,reference,0.0,0.04636919125914574,0
47046344M-104,2024-10-15 07:39:43.010000+00:00,walking,1,xgboost,3,47046344M-104,reference,0.0,0.05197829753160477,0
47046344M-104,2024-10-15 07:39:44.010000+00:00,walking,1,xgboost,3,47046344M-104,reference,0.0,0.11892002075910568,0
47046344M-104,2024-10-15 07:39:45.010000+00:00,walking,1,xgboost,3,47046344M-104,reference,0.0,0.19047464430332184,0
47046344M-104,2024-10-15 07:39:46.010000+00:00,walking,1,xgboost,3,47046344M-104,reference,0.0,0.08581671863794327,0
47046344M-104,2024-10-15 07:39:47.010000+00:00,walking,1,xgboost,3,47046344M-104,reference,0.0,0.036170560866594315,0
47046344M-104,2024-10-15 07:39:48.010000+00:00,walking,1,xgboost,3,47046344M-104,reference,0.0,0.026543039828538895,0
47046344M-104,2024-10-15 07:39:49.010000+00:00,walking,1,xgboost,3,47046344M-104,reference,0.0,0.061453189700841904,0
47046344M-104,2024-10-15 07:39:50.010000+00:00,walking,1,xgboost,3,47046344M-104,reference,0.0,0.1805259734392166,0
47046344M-104,2024-10-15 07:39:51.010000+00:00,walking,1,xgboost,3,47046344M-104,reference,0.0,0.19315223395824432,0
47046344M-104,2024-10-15 07:39:52.010000+00:00,walking,1,xgboost,3,47046344M-104,reference,0.0,0.09690990298986435,0
47046344M-104,2024-10-15 07:39:53.010000+00:00,walking,1,xgboost,3,47046344M-104,reference,0.0,0.33472350239753723,0
47046344M-104,2024-10-15 07:39:54.010000+00:00,walking,1,xgboost,3,47046344M-104,reference,0.0,0.04943844676017761,0
47046344M-104,2024-10-15 07:39:55.010000+00:00,walking,1,xgboost,3,47046344M-104,reference,0.0,0.1858789175748825,0
47046344M-104,2024-10-15 07:39:56.010000+00:00,walking,1,xgboost,3,47046344M-104,reference,0.0,0.33806145191192627,0
47046344M-104,2024-10-15 07:39:57.010000+00:00,walking,1,xgboost,3,47046344M-104,reference,0.0,0.1304500848054886,0
47046344M-104,2024-10-15 07:39:58.010000+00:00,walking,1,xgboost,3,47046344M-104,reference,0.0,0.11875222623348236,0
47046344M-104,2024-10-15 07:39:59.010000+00:00,walking,1,xgboost,3,47046344M-104,reference,0.0,0.0499165914952755,0
47046344M-104,2024-10-15 07:40:00.010000+00:00,walking,1,xgboost,3,47046344M-104,reference,0.0,0.027514005079865456,0
47046344M-104,2024-10-15 07:40:01.010000+00:00,walking,1,xgboost,3,47046344M-104,reference,0.0,0.021325672045350075,0
47046344M-104,2024-10-15 07:40:02.010000+00:00,walking,1,xgboost,3,47046344M-104,reference,0.0,0.17234541475772858,0
47046344M-104,2024-10-15 07:40:03.010000+00:00,walking,1,xgboost,3,47046344M-104,reference,0.0,0.11191082745790482,0
47046344M-104,2024-10-15 07:40:04.010000+00:00,walking,1,xgboost,3,47046344M-104,reference,0.0,0.02681705728173256,0
47046344M-104,2024-10-15 07:40:05.010000+00:00,walking,1,xgboost,3,47046344M-104,reference,0.0,0.038854558020830154,0
47046344M-104,2024-10-15 07:40:06.010000+00:00,walking,1,xgboost,3,47046344M-104,reference,0.0,0.05061458423733711,0
47046344M-104,2024-10-15 07:40:07.010000+00:00,walking,1,xgboost,3,47046344M-104,reference,0.0,0.15787255764007568,0
47046344M-104,2024-10-15 07:40:08.010000+00:00,walking,1,xgboost,3,47046344M-104,reference,0.0,0.03833398595452309,0
47046344M-104,2024-10-15 07:40:09.010000+00:00,walking,1,xgboost,3,47046344M-104,reference,0.0,0.18131691217422485,0
47046344M-104,2024-10-15 07:43:28.010000+00:00,walking,1,xgboost,3,47046344M-104,reference,0.0,0.07134752720594406,0
47046344M-104,2024-10-15 07:43:29.010000+00:00,walking,1,xgboost,3,47046344M-104,reference,0.0,0.04512215033173561,0
47046344M-104,2024-10-15 07:43:30.010000+00:00,walking,1,xgboost,3,47046344M-104,reference,0.0,0.053586412221193314,0
47046344M-104,2024-10-15 07:43:31.010000+00:00,walking,1,xgboost,3,47046344M-104,reference,0.0,0.09373670816421509,0
47046344M-104,2024-10-15 07:43:32.010000+00:00,walking,1,xgboost,3,47046344M-104,reference,0.0,0.12924547493457794,0
47046344M-104,2024-10-15 07:43:33.010000+00:00,walking,1,xgboost,3,47046344M-104,reference,0.0,0.015681957826018333,0
47046344M-104,2024-10-15 07:43:34.010000+00:00,walking,1,xgboost,3,47046344M-104,reference,0.0,0.13088767230510712,0
47046344M-104,2024-10-15 07:43:35.010000+00:00,walking,1,xgboost,3,47046344M-104,reference,0.0,0.3090764284133911,0
47046344M-104,2024-10-15 07:43:36.010000+00:00,walking,1,xgboost,3,47046344M-104,reference,0.0,0.10924912244081497,0
47046344M-104,2024-10-15 07:43:37.010000+00:00,walking,1,xgboost,3,47046344M-104,reference,0.0,0.060904741287231445,0
47046344M-104,2024-10-15 07:43:38.010000+00:00,walking,1,xgboost,3,47046344M-104,reference,0.0,0.06606463342905045,0
47046344M-104,2024-10-15 07:43:39.010000+00:00,walking,1,xgboost,3,47046344M-104,reference,0.0,0.05886036530137062,0
47046344M-104,2024-10-15 07:43:40.010000+00:00,walking,1,xgboost,3,47046344M-104,reference,0.0,0.04582506790757179,0
47046344M-104,2024-10-15 07:43:41.010000+00:00,walking,1,xgboost,3,47046344M-104,reference,0.0,0.023676352575421333,0
47046344M-104,2024-10-15 07:43:42.010000+00:00,walking,1,xgboost,3,47046344M-104,reference,0.0,0.021439870819449425,0
47046344M-104,2024-10-15 07:43:43.010000+00:00,walking,1,xgboost,3,47046344M-104,reference,0.0,0.3792541027069092,0
47046344M-104,2024-10-15 07:43:44.010000+00:00,walking,1,xgboost,3,47046344M-104,reference,0.0,0.23462846875190735,0
47046344M-104,2024-10-15 07:43:45.010000+00:00,walking,1,xgboost,3,47046344M-104,reference,0.0,0.0954909473657608,0
47046344M-104,2024-10-15 07:43:46.010000+00:00,walking,1,xgboost,3,47046344M-104,reference,0.0,0.03454016149044037,0
47046344M-104,2024-10-15 07:43:47.010000+00:00,walking,1,xgboost,3,47046344M-104,reference,0.0,0.02813725732266903,0
47046344M-104,2024-10-15 07:43:48.010000+00:00,walking,1,xgboost,3,47046344M-104,reference,0.0,0.03029906563460827,0
47046344M-104,2024-10-15 07:43:49.010000+00:00,walking,1,xgboost,3,47046344M-104,reference,0.0,0.05193538963794708,0
47046344M-104,2024-10-15 07:43:50.010000+00:00,walking,1,xgboost,3,47046344M-104,reference,0.0,0.10510919988155365,0
47046344M-104,2024-10-15 07:43:51.010000+00:00,walking,1,xgboost,3,47046344M-104,reference,0.0,0.059711821377277374,0
47046344M-104,2024-10-15 07:43:52.010000+00:00,walking,1,xgboost,3,47046344M-104,reference,0.0,0.05862438306212425,0
47046344M-104,2024-10-15 07:43:53.010000+00:00,walking,1,xgboost,3,47046344M-104,reference,0.0,0.010539817623794079,0
47046344M-104,2024-10-15 07:43:54.010000+00:00,walking,1,xgboost,3,47046344M-104,reference,0.0,0.035971034318208694,0
47046344M-104,2024-10-15 07:43:55.010000+00:00,walking,1,xgboost,3,47046344M-104,reference,0.0,0.41308215260505676,0
47046344M-104,2024-10-15 07:43:56.010000+00:00,walking,1,xgboost,3,47046344M-104,reference,0.0,0.02453545667231083,0
47046344M-104,2024-10-15 07:43:57.010000+00:00,walking,1,xgboost,3,47046344M-104,reference,0.0,0.24841244518756866,0
47046344M-104,2024-10-15 07:43:58.010000+00:00,walking,1,xgboost,3,47046344M-104,reference,0.0,0.2541245222091675,0
47046344M-104,2024-10-15 07:43:59.010000+00:00,walking,1,xgboost,3,47046344M-104,reference,0.0,0.09384505450725555,0
47046344M-104,2024-10-15 07:44:00.010000+00:00,walking,1,xgboost,3,47046344M-104,reference,0.0,0.025781894102692604,0
47046344M-104,2024-10-15 07:44:01.010000+00:00,walking,1,xgboost,3,47046344M-104,reference,0.0,0.10928163677453995,0
47046344M-104,2024-10-15 07:44:02.010000+00:00,walking,1,xgboost,3,47046344M-104,reference,0.0,0.07518759369850159,0
47046344M-104,2024-10-15 07:44:03.010000+00:00,walking,1,xgboost,3,47046344M-104,reference,0.0,0.3408617377281189,0
47046344M-104,2024-10-15 07:44:04.010000+00:00,walking,1,xgboost,3,47046344M-104,reference,0.0,0.04482606053352356,0
47046344M-104,2024-10-15 07:44:05.010000+00:00,walking,1,xgboost,3,47046344M-104,reference,0.0,0.01866914890706539,0
47046344M-104,2024-10-15 07:44:06.010000+00:00,walking,1,xgboost,3,47046344M-104,reference,0.0,0.0033900265116244555,0
47046344M-104,2024-10-15 07:44:07.010000+00:00,walking,1,xgboost,3,47046344M-104,reference,0.0,0.040116727352142334,0
47046344M-104,2024-10-15 07:44:08.010000+00:00,walking,1,xgboost,3,47046344M-104,reference,0.0,0.05234462022781372,0
47046344M-104,2024-10-15 07:44:09.010000+00:00,walking,1,xgboost,3,47046344M-104,reference,0.0,0.010339232161641121,0
47046344M-104,2024-10-15 07:44:10.010000+00:00,walking,1,xgboost,3,47046344M-104,reference,0.0,0.13341543078422546,0
47046344M-104,2024-10-15 07:44:11.010000+00:00,walking,1,xgboost,3,47046344M-104,reference,0.0,0.03415079042315483,0
47046344M-104,2024-10-15 07:44:13.010000+00:00,not_walking,0,xgboost,3,47046344M-104,reference,0.0,0.07858152687549591,0
47046344M-104,2024-10-15 07:44:14.010000+00:00,not_walking,0,xgboost,3,47046344M-104,reference,0.0,0.032515447586774826,0
47046344M-104,2024-10-15 07:44:15.010000+00:00,not_walking,0,xgboost,3,47046344M-104,reference,0.0,0.029897823929786682,0
47046344M-104,2024-10-15 07:44:16.010000+00:00,not_walking,0,xgboost,3,47046344M-104,reference,0.0,0.053026504814624786,0
47046344M-104,2024-10-15 07:44:17.010000+00:00,not_walking,0,xgboost,3,47046344M-104,reference,0.0,0.027387093752622604,0
47046344M-104,2024-10-15 07:44:18.010000+00:00,not_walking,0,xgboost,3,47046344M-104,reference,0.0,0.1549815833568573,0
47046344M-104,2024-10-15 07:44:19.010000+00:00,not_walking,0,xgboost,3,47046344M-104,reference,0.0,0.25707563757896423,0
47046344M-104,2024-10-15 07:44:20.010000+00:00,not_walking,0,xgboost,3,47046344M-104,reference,0.0,0.024779191240668297,0
47046344M-104,2024-10-15 07:44:21.010000+00:00,not_walking,0,xgboost,3,47046344M-104,reference,0.0,0.13382641971111298,0
47046344M-104,2024-10-15 07:44:22.010000+00:00,not_walking,0,xgboost,3,47046344M-104,reference,0.0,0.0486445315182209,0
47046344M-104,2024-10-15 07:44:23.010000+00:00,not_walking,0,xgboost,3,47046344M-104,reference,0.0,0.054059986025094986,0
47046344M-104,2024-10-15 07:44:24.010000+00:00,not_walking,0,xgboost,3,47046344M-104,reference,0.0,0.1049203872680664,0
47046344M-104,2024-10-15 07:44:25.010000+00:00,not_walking,0,xgboost,3,47046344M-104,reference,0.0,0.13664382696151733,0
47046344M-104,2024-10-15 07:44:26.010000+00:00,not_walking,0,xgboost,3,47046344M-104,reference,0.0,0.04442460834980011,0
47046344M-104,2024-10-15 07:44:27.010000+00:00,not_walking,0,xgboost,3,47046344M-104,reference,0.0,0.026638265699148178,0
47046344M-104,2024-10-15 07:44:28.010000+00:00,not_walking,0,xgboost,3,47046344M-104,reference,0.0,0.048482585698366165,0
47046344M-104,2024-10-15 07:44:29.010000+00:00,not_walking,0,xgboost,3,47046344M-104,reference,0.0,0.03437166288495064,0
47046344M-104,2024-10-15 07:44:30.010000+00:00,not_walking,0,xgboost,3,47046344M-104,reference,0.0,0.05532447248697281,0
47046344M-104,2024-10-15 07:44:31.010000+00:00,not_walking,0,xgboost,3,47046344M-104,reference,0.0,0.043383222073316574,0
47046344M-104,2024-10-15 07:44:32.010000+00:00,not_walking,0,xgboost,3,47046344M-104,reference,0.0,0.026035262271761894,0
47046344M-104,2024-10-15 07:44:33.010000+00:00,not_walking,0,xgboost,3,47046344M-104,reference,0.0,0.05770622566342354,0
47046344M-104,2024-10-15 07:44:34.010000+00:00,not_walking,0,xgboost,3,47046344M-104,reference,0.0,0.08623459190130234,0
47046344M-104,2024-10-15 07:44:35.010000+00:00,not_walking,0,xgboost,3,47046344M-104,reference,0.0,0.07114730775356293,0
47046344M-104,2024-10-15 07:44:36.010000+00:00,not_walking,0,xgboost,3,47046344M-104,reference,0.0,0.029797105118632317,0
47046344M-104,2024-10-15 07:44:37.010000+00:00,not_walking,0,xgboost,3,47046344M-104,reference,0.0,0.03887859359383583,0
47046344M-104,2024-10-15 07:44:38.010000+00:00,not_walking,0,xgboost,3,47046344M-104,reference,0.0,0.05877762287855148,0
47046344M-104,2024-10-15 07:44:39.010000+00:00,not_walking,0,xgboost,3,47046344M-104,reference,0.0,0.052431683987379074,0
47046344M-104,2024-10-15 07:44:40.010000+00:00,not_walking,0,xgboost,3,47046344M-104,reference,0.0,0.0780598372220993,0
47046344M-104,2024-10-15 07:44:41.010000+00:00,not_walking,0,xgboost,3,47046344M-104,reference,0.0,0.033599406480789185,0
47046344M-104,2024-10-15 07:44:42.010000+00:00,not_walking,0,xgboost,3,47046344M-104,reference,0.0,0.052534837275743484,0
47046344M-104,2024-10-15 07:44:43.010000+00:00,not_walking,0,xgboost,3,47046344M-104,reference,0.0,0.08219878375530243,0
47046344M-104,2024-10-15 07:44:44.010000+00:00,not_walking,0,xgboost,3,47046344M-104,reference,0.0,0.03088657557964325,0
47046344M-104,2024-10-15 07:44:45.010000+00:00,not_walking,0,xgboost,3,47046344M-104,reference,0.0,0.017995215952396393,0
47046344M-104,2024-10-15 07:44:46.010000+00:00,not_walking,0,xgboost,3,47046344M-104,reference,0.0,0.08727400749921799,0
47046344M-104,2024-10-15 07:44:47.010000+00:00,not_walking,0,xgboost,3,47046344M-104,reference,0.0,0.01688951998949051,0
47046344M-104,2024-10-15 07:44:48.010000+00:00,not_walking,0,xgboost,3,47046344M-104,reference,0.0,0.20098312199115753,0
47046344M-104,2024-10-15 07:44:49.010000+00:00,not_walking,0,xgboost,3,47046344M-104,reference,0.0,0.12384756654500961,0
47046344M-104,2024-10-15 07:44:50.010000+00:00,not_walking,0,xgboost,3,47046344M-104,reference,0.0,0.030092667788267136,0
47046344M-104,2024-10-15 07:44:51.010000+00:00,not_walking,0,xgboost,3,47046344M-104,reference,0.0,0.05257171764969826,0
47046344M-104,2024-10-15 07:44:52.010000+00:00,not_walking,0,xgboost,3,47046344M-104,reference,0.0,0.08241104334592819,0
47046344M-104,2024-10-15 07:44:53.010000+00:00,not_walking,0,xgboost,3,47046344M-104,reference,0.0,0.12924017012119293,0
47046344M-104,2024-10-15 07:44:54.010000+00:00,not_walking,0,xgboost,3,47046344M-104,reference,0.0,0.03681536018848419,0
47046344M-104,2024-10-15 07:44:55.010000+00:00,not_walking,0,xgboost,3,47046344M-104,reference,0.0,0.040470510721206665,0
47046344M-104,2024-10-15 07:44:56.010000+00:00,not_walking,0,xgboost,3,47046344M-104,reference,0.0,0.028215214610099792,0
47046344M-104,2024-10-15 07:44:57.010000+00:00,not_walking,0,xgboost,3,47046344M-104,reference,0.0,0.12962131202220917,0
47046344M-104,2024-10-15 07:44:58.010000+00:00,not_walking,0,xgboost,3,47046344M-104,reference,0.0,0.03450864925980568,0
47046344M-104,2024-10-15 07:44:59.010000+00:00,not_walking,0,xgboost,3,47046344M-104,reference,0.0,0.04640645533800125,0
47046344M-104,2024-10-15 07:45:00.010000+00:00,not_walking,0,xgboost,3,47046344M-104,reference,0.0,0.022682012990117073,0
47046344M-104,2024-10-15 07:45:01.010000+00:00,not_walking,0,xgboost,3,47046344M-104,reference,0.0,0.08175867050886154,0
47046344M-104,2024-10-15 07:45:02.010000+00:00,not_walking,0,xgboost,3,47046344M-104,reference,0.0,0.10639593750238419,0
47046344M-104,2024-10-15 07:45:03.010000+00:00,not_walking,0,xgboost,3,47046344M-104,reference,0.0,0.028475655242800713,0
47046344M-104,2024-10-15 07:45:04.010000+00:00,not_walking,0,xgboost,3,47046344M-104,reference,0.0,0.021007690578699112,0
47046344M-104,2024-10-15 07:45:05.010000+00:00,not_walking,0,xgboost,3,47046344M-104,reference,0.0,0.3275269865989685,0
47046344M-104,2024-10-15 07:45:06.010000+00:00,not_walking,0,xgboost,3,47046344M-104,reference,0.0,0.018284996971488,0
47046344M-104,2024-10-15 07:45:07.010000+00:00,not_walking,0,xgboost,3,47046344M-104,reference,0.0,0.08539087325334549,0
47046344M-104,2024-10-15 07:45:08.010000+00:00,not_walking,0,xgboost,3,47046344M-104,reference,0.0,0.023200269788503647,0
47046344M-104,2024-10-15 07:45:09.010000+00:00,not_walking,0,xgboost,3,47046344M-104,reference,0.0,0.13704712688922882,0
47046344M-104,2024-10-15 07:45:10.010000+00:00,not_walking,0,xgboost,3,47046344M-104,reference,0.0,0.27858832478523254,0
47046344M-104,2024-10-15 07:45:11.010000+00:00,not_walking,0,xgboost,3,47046344M-104,reference,0.0,0.0668325275182724,0
47046344M-104,2024-10-15 07:45:12.010000+00:00,not_walking,0,xgboost,3,47046344M-104,reference,0.0,0.10723104327917099,0
47046344M-104,2024-10-15 07:45:13.010000+00:00,not_walking,0,xgboost,3,47046344M-104,reference,0.0,0.08365339040756226,0
47046344M-104,2024-10-15 07:45:14.010000+00:00,not_walking,0,xgboost,3,47046344M-104,reference,0.0,0.03423736244440079,0
47046344M-104,2024-10-15 07:45:15.010000+00:00,not_walking,0,xgboost,3,47046344M-104,reference,0.0,0.08176437020301819,0
47046344M-104,2024-10-15 07:45:16.010000+00:00,not_walking,0,xgboost,3,47046344M-104,reference,0.0,0.12304972857236862,0
47046344M-104,2024-10-15 07:45:17.010000+00:00,not_walking,0,xgboost,3,47046344M-104,reference,0.0,0.16834188997745514,0
47046344M-104,2024-10-15 07:45:18.010000+00:00,not_walking,0,xgboost,3,47046344M-104,reference,0.0,0.060185398906469345,0
47046344M-104,2024-10-15 07:45:19.010000+00:00,not_walking,0,xgboost,3,47046344M-104,reference,0.0,0.0616651251912117,0
47046344M-104,2024-10-15 07:45:20.010000+00:00,not_walking,0,xgboost,3,47046344M-104,reference,0.0,0.050815094262361526,0
47046344M-104,2024-10-15 07:45:21.010000+00:00,not_walking,0,xgboost,3,47046344M-104,reference,0.0,0.05454619601368904,0
47046344M-104,2024-10-15 07:45:22.010000+00:00,not_walking,0,xgboost,3,47046344M-104,reference,0.0,0.2399619221687317,0
47046344M-104,2024-10-15 07:45:23.010000+00:00,not_walking,0,xgboost,3,47046344M-104,reference,0.0,0.12394236773252487,0
47046344M-104,2024-10-15 07:45:25.010000+00:00,walking,1,xgboost,3,47046344M-104,reference,0.0,0.0906018614768982,0
47046344M-104,2024-10-15 07:45:26.010000+00:00,walking,1,xgboost,3,47046344M-104,reference,0.0,0.1273958384990692,0
47046344M-104,2024-10-15 07:45:27.010000+00:00,walking,1,xgboost,3,47046344M-104,reference,0.0,0.1238970011472702,0
47046344M-104,2024-10-15 07:45:28.010000+00:00,walking,1,xgboost,3,47046344M-104,reference,0.0,0.046139154583215714,0
47046344M-104,2024-10-15 07:45:29.010000+00:00,walking,1,xgboost,3,47046344M-104,reference,0.0,0.1002209484577179,0
47046344M-104,2024-10-15 07:45:30.010000+00:00,walking,1,xgboost,3,47046344M-104,reference,0.0,0.06481342017650604,0
47046344M-104,2024-10-15 07:45:31.010000+00:00,walking,1,xgboost,3,47046344M-104,reference,0.0,0.04786529019474983,0
47046344M-104,2024-10-15 07:45:32.010000+00:00,walking,1,xgboost,3,47046344M-104,reference,0.0,0.02528339996933937,0
47046344M-104,2024-10-15 07:45:33.010000+00:00,walking,1,xgboost,3,47046344M-104,reference,0.0,0.08984221518039703,0
47046344M-104,2024-10-15 07:45:34.010000+00:00,walking,1,xgboost,3,47046344M-104,reference,0.0,0.06588928401470184,0
47046344M-104,2024-10-15 07:45:35.010000+00:00,walking,1,xgboost,3,47046344M-104,reference,0.0,0.035714298486709595,0
47046344M-104,2024-10-15 07:45:36.010000+00:00,walking,1,xgboost,3,47046344M-104,reference,0.0,0.1508021503686905,0
47046344M-104,2024-10-15 07:45:37.010000+00:00,walking,1,xgboost,3,47046344M-104,reference,0.0,0.011508110910654068,0
47046344M-104,2024-10-15 07:45:38.010000+00:00,walking,1,xgboost,3,47046344M-104,reference,0.0,0.0605483315885067,0
47046344M-104,2024-10-15 07:45:39.010000+00:00,walking,1,xgboost,3,47046344M-104,reference,0.0,0.014096432365477085,0
47046344M-104,2024-10-15 07:45:40.010000+00:00,walking,1,xgboost,3,47046344M-104,reference,0.0,0.13579055666923523,0
47046344M-104,2024-10-15 07:45:41.010000+00:00,walking,1,xgboost,3,47046344M-104,reference,0.0,0.0399431474506855,0
47046344M-104,2024-10-15 07:45:42.010000+00:00,walking,1,xgboost,3,47046344M-104,reference,0.0,0.2505634129047394,0
47046344M-104,2024-10-15 07:45:43.010000+00:00,walking,1,xgboost,3,47046344M-104,reference,0.0,0.23485593497753143,0
47046344M-104,2024-10-15 07:45:44.010000+00:00,walking,1,xgboost,3,47046344M-104,reference,0.0,0.03375333920121193,0
47046344M-104,2024-10-15 07:45:45.010000+00:00,walking,1,xgboost,3,47046344M-104,reference,0.0,0.3822099566459656,0
47046344M-104,2024-10-15 07:45:46.010000+00:00,walking,1,xgboost,3,47046344M-104,reference,0.0,0.027046166360378265,0
47046344M-104,2024-10-15 07:45:47.010000+00:00,walking,1,xgboost,3,47046344M-104,reference,0.0,0.043689727783203125,0
47046344M-104,2024-10-15 07:45:48.010000+00:00,walking,1,xgboost,3,47046344M-104,reference,0.0,0.02538573183119297,0
47046344M-104,2024-10-15 07:45:49.010000+00:00,walking,1,xgboost,3,47046344M-104,reference,0.0,0.052582476288080215,0
47046344M-104,2024-10-15 07:45:50.010000+00:00,walking,1,xgboost,3,47046344M-104,reference,0.0,0.10508310049772263,0
47046344M-104,2024-10-15 07:45:51.010000+00:00,walking,1,xgboost,3,47046344M-104,reference,0.0,0.032650791108608246,0
47046344M-104,2024-10-15 07:45:52.010000+00:00,walking,1,xgboost,3,47046344M-104,reference,0.0,0.054597221314907074,0
47046344M-104,2024-10-15 07:45:53.010000+00:00,walking,1,xgboost,3,47046344M-104,reference,0.0,0.03317888826131821,0
47046344M-104,2024-10-15 07:45:54.010000+00:00,walking,1,xgboost,3,47046344M-104,reference,0.0,0.03512558713555336,0
47046344M-104,2024-10-15 07:45:55.010000+00:00,walking,1,xgboost,3,47046344M-104,reference,0.0,0.04294182360172272,0
47046344M-104,2024-10-15 07:45:56.010000+00:00,walking,1,xgboost,3,47046344M-104,reference,0.0,0.07637108117341995,0
47046344M-104,2024-10-15 07:45:57.010000+00:00,walking,1,xgboost,3,47046344M-104,reference,0.0,0.05519821494817734,0
47046344M-104,2024-10-15 07:45:58.010000+00:00,walking,1,xgboost,3,47046344M-104,reference,0.0,0.10960964113473892,0
47046344M-104,2024-10-15 07:45:59.010000+00:00,walking,1,xgboost,3,47046344M-104,reference,0.0,0.3202899396419525,0
47046344M-104,2024-10-15 07:46:00.010000+00:00,walking,1,xgboost,3,47046344M-104,reference,0.0,0.34030959010124207,0
47046344M-104,2024-10-15 07:46:01.010000+00:00,walking,1,xgboost,3,47046344M-104,reference,0.0,0.11682043224573135,0
47046344M-104,2024-10-15 07:46:02.010000+00:00,walking,1,xgboost,3,47046344M-104,reference,0.0,0.1498362421989441,0
47046344M-104,2024-10-15 07:46:03.010000+00:00,walking,1,xgboost,3,47046344M-104,reference,0.0,0.05271455645561218,0
47046344M-104,2024-10-15 07:46:04.010000+00:00,walking,1,xgboost,3,47046344M-104,reference,0.0,0.010841527953743935,0
47046344M-104,2024-10-15 07:46:05.010000+00:00,walking,1,xgboost,3,47046344M-104,reference,0.0,0.10902976244688034,0
47046344M-104,2024-10-15 07:46:06.010000+00:00,walking,1,xgboost,3,47046344M-104,reference,0.0,0.12936851382255554,0
47046344M-104,2024-10-15 07:46:07.010000+00:00,walking,1,xgboost,3,47046344M-104,reference,0.0,0.22236646711826324,0
47046344M-104,2024-10-15 07:46:08.010000+00:00,walking,1,xgboost,3,47046344M-104,reference,0.0,0.1545693576335907,0
47046344M-104,2024-10-15 07:46:09.010000+00:00,walking,1,xgboost,3,47046344M-104,reference,0.0,0.03278661146759987,0
47046344M-104,2024-10-15 07:46:10.010000+00:00,walking,1,xgboost,3,47046344M-104,reference,0.0,0.051617562770843506,0
47046344M-104,2024-10-15 07:46:11.010000+00:00,walking,1,xgboost,3,47046344M-104,reference,0.0,0.4468875229358673,0
47046344M-104,2024-10-15 07:46:12.010000+00:00,walking,1,xgboost,3,47046344M-104,reference,0.0,0.18759821355342865,0
47046344M-104,2024-10-15 07:46:13.010000+00:00,walking,1,xgboost,3,47046344M-104,reference,0.0,0.05106860399246216,0
47046344M-104,2024-10-15 07:46:14.010000+00:00,walking,1,xgboost,3,47046344M-104,reference,0.0,0.03369294852018356,0
47046344M-104,2024-10-15 07:46:15.010000+00:00,walking,1,xgboost,3,47046344M-104,reference,0.0,0.012861198745667934,0
47046344M-104,2024-10-15 07:46:16.010000+00:00,walking,1,xgboost,3,47046344M-104,reference,0.0,0.04777625575661659,0
47046344M-104,2024-10-15 07:46:17.010000+00:00,walking,1,xgboost,3,47046344M-104,reference,0.0,0.05633790045976639,0
47046344M-104,2024-10-15 07:46:18.010000+00:00,walking,1,xgboost,3,47046344M-104,reference,0.0,0.36183178424835205,0
47046344M-104,2024-10-15 07:46:19.010000+00:00,walking,1,xgboost,3,47046344M-104,reference,0.0,0.07601411640644073,0
47046344M-104,2024-10-15 07:46:20.010000+00:00,walking,1,xgboost,3,47046344M-104,reference,0.0,0.37301257252693176,0
47046344M-104,2024-10-15 07:46:21.010000+00:00,walking,1,xgboost,3,47046344M-104,reference,0.0,0.01957159861922264,0
47046344M-104,2024-10-15 07:46:22.010000+00:00,walking,1,xgboost,3,47046344M-104,reference,0.0,0.04249700903892517,0
47046344M-104,2024-10-15 07:46:23.010000+00:00,walking,1,xgboost,3,47046344M-104,reference,0.0,0.040547389537096024,0
47046344M-104,2024-10-15 07:46:24.010000+00:00,walking,1,xgboost,3,47046344M-104,reference,0.0,0.039413679391145706,0
47046344M-104,2024-10-15 07:46:25.010000+00:00,walking,1,xgboost,3,47046344M-104,reference,0.0,0.045099396258592606,0
47046344M-104,2024-10-15 07:46:26.010000+00:00,walking,1,xgboost,3,47046344M-104,reference,0.0,0.14340999722480774,0
47046344M-104,2024-10-15 07:46:27.010000+00:00,walking,1,xgboost,3,47046344M-104,reference,0.0,0.04626297205686569,0
47046344M-104,2024-10-15 07:46:28.010000+00:00,walking,1,xgboost,3,47046344M-104,reference,0.0,0.045021507889032364,0
47046344M-104,2024-10-15 07:46:29.010000+00:00,walking,1,xgboost,3,47046344M-104,reference,0.0,0.09011252224445343,0
47046344M-104,2024-10-15 07:46:30.010000+00:00,walking,1,xgboost,3,47046344M-104,reference,0.0,0.02705683559179306,0
47046344M-104,2024-10-15 07:46:31.010000+00:00,walking,1,xgboost,3,47046344M-104,reference,0.0,0.03596227988600731,0
47046344M-104,2024-10-15 07:46:32.010000+00:00,walking,1,xgboost,3,47046344M-104,reference,0.0,0.04599333927035332,0
47046344M-104,2024-10-15 07:46:33.010000+00:00,walking,1,xgboost,3,47046344M-104,reference,0.0,0.09740831702947617,0
47046344M-104,2024-10-15 07:46:34.010000+00:00,walking,1,xgboost,3,47046344M-104,reference,0.0,0.026051372289657593,0
47046344M-104,2024-10-15 07:46:35.010000+00:00,walking,1,xgboost,3,47046344M-104,reference,0.0,0.08075098693370819,0
47046344M-104,2024-10-15 07:46:36.010000+00:00,walking,1,xgboost,3,47046344M-104,reference,0.0,0.10094087570905685,0
47046344M-104,2024-10-15 07:46:37.010000+00:00,walking,1,xgboost,3,47046344M-104,reference,0.0,0.09014570713043213,0
47046344M-104,2024-10-15 07:46:38.010000+00:00,walking,1,xgboost,3,47046344M-104,reference,0.0,0.05071596801280975,0
47046344M-104,2024-10-15 07:46:39.010000+00:00,walking,1,xgboost,3,47046344M-104,reference,0.0,0.12416074424982071,0
47046344M-104,2024-10-15 07:46:40.010000+00:00,walking,1,xgboost,3,47046344M-104,reference,0.0,0.10490404069423676,0
47046344M-104,2024-10-15 07:46:41.010000+00:00,walking,1,xgboost,3,47046344M-104,reference,0.0,0.21081840991973877,0
47046344M-104,2024-10-15 07:46:42.010000+00:00,walking,1,xgboost,3,47046344M-104,reference,0.0,0.05964331328868866,0
47046344M-104,2024-10-15 07:46:43.010000+00:00,walking,1,xgboost,3,47046344M-104,reference,0.0,0.05841931700706482,0
47046344M-104,2024-10-15 07:46:44.010000+00:00,walking,1,xgboost,3,47046344M-104,reference,0.0,0.07889406383037567,0
47046344M-104,2024-10-15 07:46:45.010000+00:00,walking,1,xgboost,3,47046344M-104,reference,0.0,0.23074588179588318,0
47046344M-104,2024-10-15 07:46:46.010000+00:00,walking,1,xgboost,3,47046344M-104,reference,0.0,0.047115691006183624,0
47046344M-104,2024-10-15 07:47:58.010000+00:00,walking,1,xgboost,3,47046344M-104,reference,0.0,0.12198613584041595,0
47046344M-104,2024-10-15 07:47:59.010000+00:00,walking,1,xgboost,3,47046344M-104,reference,0.0,0.27605322003364563,0
47046344M-104,2024-10-15 07:48:00.010000+00:00,walking,1,xgboost,3,47046344M-104,reference,0.0,0.09732475131750107,0
47046344M-104,2024-10-15 07:48:01.010000+00:00,walking,1,xgboost,3,47046344M-104,reference,0.0,0.09223449975252151,0
47046344M-104,2024-10-15 07:48:02.010000+00:00,walking,1,xgboost,3,47046344M-104,reference,0.0,0.12610262632369995,0
47046344M-104,2024-10-15 07:48:03.010000+00:00,walking,1,xgboost,3,47046344M-104,reference,0.0,0.03584799915552139,0
47046344M-104,2024-10-15 07:48:04.010000+00:00,walking,1,xgboost,3,47046344M-104,reference,0.0,0.02187979780137539,0
47046344M-104,2024-10-15 07:48:05.010000+00:00,walking,1,xgboost,3,47046344M-104,reference,0.0,0.04703548550605774,0
47046344M-104,2024-10-15 07:48:06.010000+00:00,walking,1,xgboost,3,47046344M-104,reference,0.0,0.02250431664288044,0
47046344M-104,2024-10-15 07:48:07.010000+00:00,walking,1,xgboost,3,47046344M-104,reference,0.0,0.05279555916786194,0
47046344M-104,2024-10-15 07:48:08.010000+00:00,walking,1,xgboost,3,47046344M-104,reference,0.0,0.03000924549996853,0
47046344M-104,2024-10-15 07:48:09.010000+00:00,walking,1,xgboost,3,47046344M-104,reference,0.0,0.03691844642162323,0
47046344M-104,2024-10-15 07:48:10.010000+00:00,walking,1,xgboost,3,47046344M-104,reference,0.0,0.032071709632873535,0
47046344M-104,2024-10-15 07:48:11.010000+00:00,walking,1,xgboost,3,47046344M-104,reference,0.0,0.04361933469772339,0
47046344M-104,2024-10-15 07:48:12.010000+00:00,walking,1,xgboost,3,47046344M-104,reference,0.0,0.0226940605789423,0
47046344M-104,2024-10-15 07:48:13.010000+00:00,walking,1,xgboost,3,47046344M-104,reference,0.0,0.011021463200449944,0
47046344M-104,2024-10-15 07:48:14.010000+00:00,walking,1,xgboost,3,47046344M-104,reference,0.0,0.17089015245437622,0
47046344M-104,2024-10-15 07:48:15.010000+00:00,walking,1,xgboost,3,47046344M-104,reference,0.0,0.051547639071941376,0
47046344M-104,2024-10-15 07:48:16.010000+00:00,walking,1,xgboost,3,47046344M-104,reference,0.0,0.1492101401090622,0
47046344M-104,2024-10-15 07:48:17.010000+00:00,walking,1,xgboost,3,47046344M-104,reference,0.0,0.0443461537361145,0
47046344M-104,2024-10-15 07:48:18.010000+00:00,walking,1,xgboost,3,47046344M-104,reference,0.0,0.012027437798678875,0
47046344M-104,2024-10-15 07:48:19.010000+00:00,walking,1,xgboost,3,47046344M-104,reference,0.0,0.0252322256565094,0
47046344M-104,2024-10-15 07:48:20.010000+00:00,walking,1,xgboost,3,47046344M-104,reference,0.0,0.12351607531309128,0
47046344M-104,2024-10-15 07:48:21.010000+00:00,walking,1,xgboost,3,47046344M-104,reference,0.0,0.06709025800228119,0
47046344M-104,2024-10-15 07:48:22.010000+00:00,walking,1,xgboost,3,47046344M-104,reference,0.0,0.25188779830932617,0
47046344M-104,2024-10-15 07:48:23.010000+00:00,walking,1,xgboost,3,47046344M-104,reference,0.0,0.12204235792160034,0
47046344M-104,2024-10-15 07:48:24.010000+00:00,walking,1,xgboost,3,47046344M-104,reference,0.0,0.23256410658359528,0
47046344M-104,2024-10-15 07:48:25.010000+00:00,walking,1,xgboost,3,47046344M-104,reference,0.0,0.2976393401622772,0
47046344M-104,2024-10-15 07:48:26.010000+00:00,walking,1,xgboost,3,47046344M-104,reference,0.0,0.10717315226793289,0
47046344M-104,2024-10-15 07:48:27.010000+00:00,walking,1,xgboost,3,47046344M-104,reference,0.0,0.06150223687291145,0
47046344M-104,2024-10-15 07:48:28.010000+00:00,walking,1,xgboost,3,47046344M-104,reference,0.0,0.03252892196178436,0
47046344M-104,2024-10-15 07:48:29.010000+00:00,walking,1,xgboost,3,47046344M-104,reference,0.0,0.023451220244169235,0
47046344M-104,2024-10-15 07:48:30.010000+00:00,walking,1,xgboost,3,47046344M-104,reference,0.0,0.027440590783953667,0
47046344M-104,2024-10-15 07:48:31.010000+00:00,walking,1,xgboost,3,47046344M-104,reference,0.0,0.08851765096187592,0
47046344M-104,2024-10-15 07:48:32.010000+00:00,walking,1,xgboost,3,47046344M-104,reference,0.0,0.02366352453827858,0
47046344M-104,2024-10-15 07:48:33.010000+00:00,walking,1,xgboost,3,47046344M-104,reference,0.0,0.11235062032938004,0
47046344M-104,2024-10-15 07:48:34.010000+00:00,walking,1,xgboost,3,47046344M-104,reference,0.0,0.03873247653245926,0
47046344M-104,2024-10-15 07:48:35.010000+00:00,walking,1,xgboost,3,47046344M-104,reference,0.0,0.31357118487358093,0
47046344M-104,2024-10-15 07:48:36.010000+00:00,walking,1,xgboost,3,47046344M-104,reference,0.0,0.08677808195352554,0
47046344M-104,2024-10-15 07:48:37.010000+00:00,walking,1,xgboost,3,47046344M-104,reference,0.0,0.10320882499217987,0
47046344M-104,2024-10-15 07:48:38.010000+00:00,walking,1,xgboost,3,47046344M-104,reference,0.0,0.011608216911554337,0
47046344M-104,2024-10-15 07:48:39.010000+00:00,walking,1,xgboost,3,47046344M-104,reference,0.0,0.011695417575538158,0
47046344M-104,2024-10-15 07:48:40.010000+00:00,walking,1,xgboost,3,47046344M-104,reference,0.0,0.04218324273824692,0
47046344M-104,2024-10-15 07:48:41.010000+00:00,walking,1,xgboost,3,47046344M-104,reference,0.0,0.09646428376436234,0
47046344M-104,2024-10-15 07:48:42.010000+00:00,walking,1,xgboost,3,47046344M-104,reference,0.0,0.03623151034116745,0
02548893X-118,2025-02-28 09:48:08.010000+00:00,not_walking,0,catboost,1,02548893X-118,reference,0.0,0.19578598838486103,0
02548893X-118,2025-02-28 09:48:09.010000+00:00,not_walking,0,catboost,1,02548893X-118,reference,0.0,0.18882700543663392,0
02548893X-118,2025-02-28 09:48:10.010000+00:00,not_walking,0,catboost,1,02548893X-118,reference,0.0,0.2381879895673691,0
02548893X-118,2025-02-28 09:48:11.010000+00:00,not_walking,0,catboost,1,02548893X-118,reference,0.0,0.12730698595740234,0
02548893X-118,2025-02-28 09:48:12.010000+00:00,not_walking,0,catboost,1,02548893X-118,reference,0.0,0.07543851683994343,0
02548893X-118,2025-02-28 09:48:13.010000+00:00,not_walking,0,catboost,1,02548893X-118,reference,0.0,0.02195856570761717,0
02548893X-118,2025-02-28 09:48:14.010000+00:00,not_walking,0,catboost,1,02548893X-118,reference,0.0,0.2446319076310189,0
02548893X-118,2025-02-28 09:48:15.010000+00:00,not_walking,0,catboost,1,02548893X-118,reference,0.0,0.059983197509972254,0
02548893X-118,2025-02-28 09:48:16.010000+00:00,not_walking,0,catboost,1,02548893X-118,reference,0.0,0.1951711176979536,0
02548893X-118,2025-02-28 09:48:17.010000+00:00,not_walking,0,catboost,1,02548893X-118,reference,0.0,0.11645308364624356,0
02548893X-118,2025-02-28 09:48:18.010000+00:00,not_walking,0,catboost,1,02548893X-118,reference,0.0,0.03297674844729961,0
02548893X-118,2025-02-28 09:48:19.010000+00:00,not_walking,0,catboost,1,02548893X-118,reference,0.0,0.06474107739319562,0
02548893X-118,2025-02-28 09:48:20.010000+00:00,not_walking,0,catboost,1,02548893X-118,reference,0.0,0.1002756652761675,0
02548893X-118,2025-02-28 09:48:21.010000+00:00,not_walking,0,catboost,1,02548893X-118,reference,0.0,0.12624220272072,0
02548893X-118,2025-02-28 09:48:22.010000+00:00,not_walking,0,catboost,1,02548893X-118,reference,0.0,0.04596114005136772,0
02548893X-118,2025-02-28 09:48:23.010000+00:00,not_walking,0,catboost,1,02548893X-118,reference,0.0,0.10147083862168615,0
02548893X-118,2025-02-28 09:48:24.010000+00:00,not_walking,0,catboost,1,02548893X-118,reference,0.0,0.20761866349893923,0
02548893X-118,2025-02-28 09:48:25.010000+00:00,not_walking,0,catboost,1,02548893X-118,reference,0.0,0.094611613062747,0
02548893X-118,2025-02-28 09:48:26.010000+00:00,not_walking,0,catboost,1,02548893X-118,reference,0.0,0.06786859618578014,0
02548893X-118,2025-02-28 09:48:27.010000+00:00,not_walking,0,catboost,1,02548893X-118,reference,0.0,0.13946583510179109,0
02548893X-118,2025-02-28 09:48:28.010000+00:00,not_walking,0,catboost,1,02548893X-118,reference,0.0,0.1604357893528032,0
02548893X-118,2025-02-28 09:48:29.010000+00:00,not_walking,0,catboost,1,02548893X-118,reference,0.0,0.1313722603845922,0
02548893X-118,2025-02-28 09:48:30.010000+00:00,not_walking,0,catboost,1,02548893X-118,reference,0.0,0.2156451877076084,0
02548893X-118,2025-02-28 09:48:31.010000+00:00,not_walking,0,catboost,1,02548893X-118,reference,0.0,0.15507762679119697,0
02548893X-118,2025-02-28 09:48:32.010000+00:00,not_walking,0,catboost,1,02548893X-118,reference,0.0,0.35502744844854195,0
02548893X-118,2025-02-28 09:48:33.010000+00:00,not_walking,0,catboost,1,02548893X-118,reference,0.0,0.19694767377146258,0
02548893X-118,2025-02-28 09:48:34.010000+00:00,not_walking,0,catboost,1,02548893X-118,reference,0.0,0.286095606158632,0
02548893X-118,2025-02-28 09:48:35.010000+00:00,not_walking,0,catboost,1,02548893X-118,reference,0.0,0.3235165069167439,0
02548893X-118,2025-02-28 09:48:36.010000+00:00,not_walking,0,catboost,1,02548893X-118,reference,0.0,0.16657554138862482,0
02548893X-118,2025-02-28 09:48:37.010000+00:00,not_walking,0,catboost,1,02548893X-118,reference,0.0,0.1270449225587409,0
02548893X-118,2025-02-28 09:48:38.010000+00:00,not_walking,0,catboost,1,02548893X-118,reference,0.0,0.14202597184101984,0
02548893X-118,2025-02-28 09:48:39.010000+00:00,not_walking,0,catboost,1,02548893X-118,reference,0.0,0.14277549327294553,0
02548893X-118,2025-02-28 09:48:40.010000+00:00,not_walking,0,catboost,1,02548893X-118,reference,0.0,0.18535058204226396,0
02548893X-118,2025-02-28 09:48:41.010000+00:00,not_walking,0,catboost,1,02548893X-118,reference,0.0,0.11402076451377689,0
02548893X-118,2025-02-28 09:48:42.010000+00:00,not_walking,0,catboost,1,02548893X-118,reference,0.0,0.12842795918165004,0
02548893X-118,2025-02-28 09:48:43.010000+00:00,not_walking,0,catboost,1,02548893X-118,reference,0.0,0.09380932542817978,0
02548893X-118,2025-02-28 09:48:44.010000+00:00,not_walking,0,catboost,1,02548893X-118,reference,0.0,0.1889885291585373,0
02548893X-118,2025-02-28 09:48:45.010000+00:00,not_walking,0,catboost,1,02548893X-118,reference,0.0,0.22704285047497294,0
02548893X-118,2025-02-28 09:48:46.010000+00:00,not_walking,0,catboost,1,02548893X-118,reference,0.0,0.20841922077618968,0
02548893X-118,2025-02-28 09:48:47.010000+00:00,not_walking,0,catboost,1,02548893X-118,reference,0.0,0.2979382401492952,0
02548893X-118,2025-02-28 09:48:48.010000+00:00,not_walking,0,catboost,1,02548893X-118,reference,0.0,0.21248455677848418,0
02548893X-118,2025-02-28 09:48:49.010000+00:00,not_walking,0,catboost,1,02548893X-118,reference,0.0,0.21317766150426612,0
02548893X-118,2025-02-28 09:48:50.010000+00:00,not_walking,0,catboost,1,02548893X-118,reference,0.0,0.21080837110289882,0
02548893X-118,2025-02-28 09:48:51.010000+00:00,not_walking,0,catboost,1,02548893X-118,reference,0.0,0.22936023919467427,0
02548893X-118,2025-02-28 09:48:52.010000+00:00,not_walking,0,catboost,1,02548893X-118,reference,0.0,0.18737098385605674,0
02548893X-118,2025-02-28 09:48:53.010000+00:00,not_walking,0,catboost,1,02548893X-118,reference,0.0,0.34957249120888617,0
02548893X-118,2025-02-28 09:48:54.010000+00:00,not_walking,0,catboost,1,02548893X-118,reference,0.0,0.20334166064868958,0
02548893X-118,2025-02-28 09:48:55.010000+00:00,not_walking,0,catboost,1,02548893X-118,reference,0.0,0.3104892595936754,0
02548893X-118,2025-02-28 09:48:56.010000+00:00,not_walking,0,catboost,1,02548893X-118,reference,0.0,0.35164366152275844,0
02548893X-118,2025-02-28 09:48:57.010000+00:00,not_walking,0,catboost,1,02548893X-118,reference,0.0,0.11083554434710825,0
02548893X-118,2025-02-28 09:48:58.010000+00:00,not_walking,0,catboost,1,02548893X-118,reference,0.0,0.3201911262095302,0
02548893X-118,2025-02-28 09:48:59.010000+00:00,not_walking,0,catboost,1,02548893X-118,reference,0.0,0.2865421671312473,0
02548893X-118,2025-02-28 09:49:00.010000+00:00,not_walking,0,catboost,1,02548893X-118,reference,0.0,0.3946542592531571,0
02548893X-118,2025-02-28 09:49:01.010000+00:00,not_walking,0,catboost,1,02548893X-118,reference,0.0,0.36801281609412423,0
02548893X-118,2025-02-28 09:49:02.010000+00:00,not_walking,0,catboost,1,02548893X-118,reference,0.0,0.22328843196628012,0
02548893X-118,2025-02-28 09:49:03.010000+00:00,not_walking,0,catboost,1,02548893X-118,reference,0.0,0.24211349347199276,0
02548893X-118,2025-02-28 09:49:04.010000+00:00,not_walking,0,catboost,1,02548893X-118,reference,0.0,0.3354818618639571,0
02548893X-118,2025-02-28 09:49:05.010000+00:00,not_walking,0,catboost,1,02548893X-118,reference,0.0,0.21320420438362492,0
02548893X-118,2025-02-28 09:49:06.010000+00:00,not_walking,0,catboost,1,02548893X-118,reference,0.0,0.14580549251046582,0
02548893X-118,2025-02-28 09:49:07.010000+00:00,not_walking,0,catboost,1,02548893X-118,reference,0.0,0.2384234838063203,0
02548893X-118,2025-02-28 09:49:08.010000+00:00,not_walking,0,catboost,1,02548893X-118,reference,0.0,0.2919591140295337,0
02548893X-118,2025-02-28 09:49:09.010000+00:00,not_walking,0,catboost,1,02548893X-118,reference,0.0,0.38933230487564563,0
02548893X-118,2025-02-28 09:49:10.010000+00:00,not_walking,0,catboost,1,02548893X-118,reference,0.0,0.1550879852532064,0
02548893X-118,2025-02-28 09:49:11.010000+00:00,not_walking,0,catboost,1,02548893X-118,reference,0.0,0.10484294101341231,0
02548893X-118,2025-02-28 09:49:12.010000+00:00,not_walking,0,catboost,1,02548893X-118,reference,0.0,0.10939899171112068,0
02548893X-118,2025-02-28 09:49:13.010000+00:00,not_walking,0,catboost,1,02548893X-118,reference,0.0,0.06546632384453079,0
02548893X-118,2025-02-28 09:49:14.010000+00:00,not_walking,0,catboost,1,02548893X-118,reference,0.0,0.030475194994189,0
02548893X-118,2025-02-28 09:49:15.010000+00:00,not_walking,0,catboost,1,02548893X-118,reference,0.0,0.038268121777586865,0
02548893X-118,2025-02-28 09:49:16.010000+00:00,not_walking,0,catboost,1,02548893X-118,reference,0.0,0.07986035441069952,0
02548893X-118,2025-02-28 09:49:17.010000+00:00,not_walking,0,catboost,1,02548893X-118,reference,0.0,0.10663096317935221,0
02548893X-118,2025-02-28 09:49:18.010000+00:00,not_walking,0,catboost,1,02548893X-118,reference,0.0,0.2865302170524332,0
02548893X-118,2025-02-28 09:49:19.010000+00:00,not_walking,0,catboost,1,02548893X-118,reference,0.0,0.15939814515559095,0
02548893X-118,2025-02-28 09:49:20.010000+00:00,not_walking,0,catboost,1,02548893X-118,reference,0.0,0.3048587637829783,0
02548893X-118,2025-02-28 09:49:21.010000+00:00,not_walking,0,catboost,1,02548893X-118,reference,0.0,0.48973530350620675,0
02548893X-118,2025-02-28 09:49:22.010000+00:00,not_walking,0,catboost,1,02548893X-118,reference,0.0,0.3440613404516993,0
02548893X-118,2025-02-28 09:49:23.010000+00:00,not_walking,0,catboost,1,02548893X-118,reference,0.0,0.4494998740844087,0
02548893X-118,2025-02-28 09:49:24.010000+00:00,not_walking,0,catboost,1,02548893X-118,reference,0.0,0.2591535592962277,0
02548893X-118,2025-02-28 09:49:25.010000+00:00,not_walking,0,catboost,1,02548893X-118,reference,0.0,0.4382123465269842,0
02548893X-118,2025-02-28 09:49:26.010000+00:00,not_walking,0,catboost,1,02548893X-118,reference,0.0,0.19294182882614072,0
02548893X-118,2025-02-28 09:49:27.010000+00:00,not_walking,0,catboost,1,02548893X-118,reference,0.0,0.7191741661368671,1
02548893X-118,2025-02-28 09:49:28.010000+00:00,not_walking,0,catboost,1,02548893X-118,reference,0.0,0.6317144730191879,1
02548893X-118,2025-02-28 09:49:29.010000+00:00,not_walking,0,catboost,1,02548893X-118,reference,0.0,0.9483607929739415,1
02548893X-118,2025-02-28 09:49:30.010000+00:00,not_walking,0,catboost,1,02548893X-118,reference,0.0,0.8052861321723226,1
02548893X-118,2025-02-28 09:49:31.010000+00:00,not_walking,0,catboost,1,02548893X-118,reference,0.0,0.7614816064994019,1
02548893X-118,2025-02-28 09:49:32.010000+00:00,not_walking,0,catboost,1,02548893X-118,reference,0.0,0.7567598566573952,1
02548893X-118,2025-02-28 09:49:33.010000+00:00,not_walking,0,catboost,1,02548893X-118,reference,0.0,0.17416243709058998,0
02548893X-118,2025-02-28 09:49:34.010000+00:00,not_walking,0,catboost,1,02548893X-118,reference,0.0,0.7317164393219053,1
02548893X-118,2025-02-28 09:49:35.010000+00:00,not_walking,0,catboost,1,02548893X-118,reference,0.0,0.49314707618520476,0
02548893X-118,2025-02-28 09:49:36.010000+00:00,not_walking,0,catboost,1,02548893X-118,reference,0.0,0.5073939597471869,1
02548893X-118,2025-02-28 09:49:37.010000+00:00,not_walking,0,catboost,1,02548893X-118,reference,0.0,0.7148554152202312,1
02548893X-118,2025-02-28 09:49:38.010000+00:00,not_walking,0,catboost,1,02548893X-118,reference,0.0,0.4579782819211195,0
02548893X-118,2025-02-28 09:49:39.010000+00:00,not_walking,0,catboost,1,02548893X-118,reference,0.0,0.6680210893403895,1
02548893X-118,2025-02-28 09:49:40.010000+00:00,not_walking,0,catboost,1,02548893X-118,reference,0.0,0.6066940177470426,1
02548893X-118,2025-02-28 09:49:41.010000+00:00,not_walking,0,catboost,1,02548893X-118,reference,0.0,0.6118629089513054,1
02548893X-118,2025-02-28 09:49:42.010000+00:00,not_walking,0,catboost,1,02548893X-118,reference,0.0,0.6508333518154228,1
02548893X-118,2025-02-28 09:49:43.010000+00:00,not_walking,0,catboost,1,02548893X-118,reference,0.0,0.566623659724064,1
02548893X-118,2025-02-28 09:49:44.010000+00:00,not_walking,0,catboost,1,02548893X-118,reference,0.0,0.20048285829327914,0
02548893X-118,2025-02-28 09:49:45.010000+00:00,not_walking,0,catboost,1,02548893X-118,reference,0.0,0.5649944350805115,1
02548893X-118,2025-02-28 09:49:46.010000+00:00,not_walking,0,catboost,1,02548893X-118,reference,0.0,0.42113717754942553,0
02548893X-118,2025-02-28 09:49:47.010000+00:00,not_walking,0,catboost,1,02548893X-118,reference,0.0,0.22390894713108292,0
02548893X-118,2025-02-28 09:49:48.010000+00:00,not_walking,0,catboost,1,02548893X-118,reference,0.0,0.20338849538037626,0
02548893X-118,2025-02-28 09:49:49.010000+00:00,not_walking,0,catboost,1,02548893X-118,reference,0.0,0.2633725254225129,0
02548893X-118,2025-02-28 09:49:50.010000+00:00,not_walking,0,catboost,1,02548893X-118,reference,0.0,0.4636016782176689,0
02548893X-118,2025-02-28 09:49:51.010000+00:00,not_walking,0,catboost,1,02548893X-118,reference,0.0,0.26204576872927127,0
02548893X-118,2025-02-28 09:49:52.010000+00:00,not_walking,0,catboost,1,02548893X-118,reference,0.0,0.7554925255540343,1
02548893X-118,2025-02-28 09:49:53.010000+00:00,not_walking,0,catboost,1,02548893X-118,reference,0.0,0.0909227003842802,0
02548893X-118,2025-02-28 09:49:54.010000+00:00,not_walking,0,catboost,1,02548893X-118,reference,0.0,0.30033596926856376,0
02548893X-118,2025-02-28 09:49:55.010000+00:00,not_walking,0,catboost,1,02548893X-118,reference,0.0,0.44323235363947716,0
02548893X-118,2025-02-28 09:49:56.010000+00:00,not_walking,0,catboost,1,02548893X-118,reference,0.0,0.8169751135049936,1
02548893X-118,2025-02-28 09:49:57.010000+00:00,not_walking,0,catboost,1,02548893X-118,reference,0.0,0.8292050543133906,1
02548893X-118,2025-02-28 09:49:58.010000+00:00,not_walking,0,catboost,1,02548893X-118,reference,0.0,0.611836691885538,1
02548893X-118,2025-02-28 09:49:59.010000+00:00,not_walking,0,catboost,1,02548893X-118,reference,0.0,0.4223123308222485,0
02548893X-118,2025-02-28 09:50:00.010000+00:00,not_walking,0,catboost,1,02548893X-118,reference,0.0,0.22614643320722327,0
02548893X-118,2025-02-28 09:50:01.010000+00:00,not_walking,0,catboost,1,02548893X-118,reference,0.0,0.35537890294648067,0
02548893X-118,2025-02-28 09:50:02.010000+00:00,not_walking,0,catboost,1,02548893X-118,reference,0.0,0.5341575158982883,1
02548893X-118,2025-02-28 09:50:03.010000+00:00,not_walking,0,catboost,1,02548893X-118,reference,0.0,0.7206169365878499,1
02548893X-118,2025-02-28 09:50:04.010000+00:00,not_walking,0,catboost,1,02548893X-118,reference,0.0,0.4492940353028098,0
02548893X-118,2025-02-28 09:50:05.010000+00:00,not_walking,0,catboost,1,02548893X-118,reference,0.0,0.5248655706445224,1
04845288Q-121,2025-03-01 11:32:18.010000+00:00,walking,1,catboost,2,04845288Q-121,reference,0.0,0.050453369004156715,0
04845288Q-121,2025-03-01 11:32:19.010000+00:00,walking,1,catboost,2,04845288Q-121,reference,0.0,0.39445688957377245,0
04845288Q-121,2025-03-01 11:32:20.010000+00:00,walking,1,catboost,2,04845288Q-121,reference,0.0,0.7461328187804446,1
04845288Q-121,2025-03-01 11:32:21.010000+00:00,walking,1,catboost,2,04845288Q-121,reference,0.0,0.39760989327792556,0
04845288Q-121,2025-03-01 11:32:22.010000+00:00,walking,1,catboost,2,04845288Q-121,reference,0.0,0.5724796895539246,1
04845288Q-121,2025-03-01 11:32:23.010000+00:00,walking,1,catboost,2,04845288Q-121,reference,0.0,0.5250817593924657,1
04845288Q-121,2025-03-01 11:32:24.010000+00:00,walking,1,catboost,2,04845288Q-121,reference,0.0,0.39641360863346276,0
04845288Q-121,2025-03-01 11:32:25.010000+00:00,walking,1,catboost,2,04845288Q-121,reference,0.0,0.21060983643507877,0
04845288Q-121,2025-03-01 11:32:26.010000+00:00,walking,1,catboost,2,04845288Q-121,reference,0.0,0.11641608350325909,0
04845288Q-121,2025-03-01 11:32:27.010000+00:00,walking,1,catboost,2,04845288Q-121,reference,0.0,0.5999477753741376,1
04845288Q-121,2025-03-01 11:32:28.010000+00:00,walking,1,catboost,2,04845288Q-121,reference,0.0,0.24107539120228821,0
04845288Q-121,2025-03-01 11:32:29.010000+00:00,walking,1,catboost,2,04845288Q-121,reference,0.0,0.4030438565255797,0
04845288Q-121,2025-03-01 11:32:30.010000+00:00,not_walking,0,catboost,2,04845288Q-121,reference,0.0,0.20473327749097367,0
04845288Q-121,2025-03-01 11:32:31.010000+00:00,not_walking,0,catboost,2,04845288Q-121,reference,0.0,0.6609007130690705,1
04845288Q-121,2025-03-01 11:32:32.010000+00:00,not_walking,0,catboost,2,04845288Q-121,reference,0.0,0.29803284639031125,0
04845288Q-121,2025-03-01 11:32:33.010000+00:00,not_walking,0,catboost,2,04845288Q-121,reference,0.0,0.2826793603070299,0
04845288Q-121,2025-03-01 11:32:34.010000+00:00,not_walking,0,catboost,2,04845288Q-121,reference,0.0,0.38782036656765767,0
04845288Q-121,2025-03-01 11:32:35.010000+00:00,not_walking,0,catboost,2,04845288Q-121,reference,0.0,0.35204371883736074,0
04845288Q-121,2025-03-01 11:32:36.010000+00:00,not_walking,0,catboost,2,04845288Q-121,reference,0.0,0.24829610012543668,0
04845288Q-121,2025-03-01 11:32:37.010000+00:00,not_walking,0,catboost,2,04845288Q-121,reference,0.0,0.2605767757424361,0
04845288Q-121,2025-03-01 11:32:38.010000+00:00,not_walking,0,catboost,2,04845288Q-121,reference,0.0,0.4736005314241759,0
04845288Q-121,2025-03-01 11:32:39.010000+00:00,not_walking,0,catboost,2,04845288Q-121,reference,0.0,0.3269867437229793,0
04845288Q-121,2025-03-01 11:32:40.010000+00:00,not_walking,0,catboost,2,04845288Q-121,reference,0.0,0.4258138461301332,0
04845288Q-121,2025-03-01 11:32:41.010000+00:00,not_walking,0,catboost,2,04845288Q-121,reference,0.0,0.28163337527472415,0
04845288Q-121,2025-03-01 11:32:42.010000+00:00,walking,1,catboost,2,04845288Q-121,reference,0.0,0.27323260292326473,0
04845288Q-121,2025-03-01 11:32:43.010000+00:00,walking,1,catboost,2,04845288Q-121,reference,0.0,0.2021077418381927,0
04845288Q-121,2025-03-01 11:32:44.010000+00:00,walking,1,catboost,2,04845288Q-121,reference,0.0,0.6829223675159161,1
04845288Q-121,2025-03-01 11:32:45.010000+00:00,walking,1,catboost,2,04845288Q-121,reference,0.0,0.5331254176448088,1
04845288Q-121,2025-03-01 11:32:46.010000+00:00,walking,1,catboost,2,04845288Q-121,reference,0.0,0.3843066947902286,0
04845288Q-121,2025-03-01 11:32:47.010000+00:00,walking,1,catboost,2,04845288Q-121,reference,0.0,0.5681429595369905,1
04845288Q-121,2025-03-01 11:32:48.010000+00:00,walking,1,catboost,2,04845288Q-121,reference,0.0,0.25605956274682706,0
04845288Q-121,2025-03-01 11:32:49.010000+00:00,not_walking,0,catboost,2,04845288Q-121,reference,0.0,0.26120665640500157,0
04845288Q-121,2025-03-01 11:32:50.010000+00:00,not_walking,0,catboost,2,04845288Q-121,reference,0.0,0.16363950683074988,0
04845288Q-121,2025-03-01 11:32:51.010000+00:00,not_walking,0,catboost,2,04845288Q-121,reference,0.0,0.105596421467054,0
04845288Q-121,2025-03-01 11:32:52.010000+00:00,not_walking,0,catboost,2,04845288Q-121,reference,0.0,0.10771944831622218,0
04845288Q-121,2025-03-01 11:32:53.010000+00:00,not_walking,0,catboost,2,04845288Q-121,reference,0.0,0.2541081690147344,0
04845288Q-121,2025-03-01 11:32:54.010000+00:00,not_walking,0,catboost,2,04845288Q-121,reference,0.0,0.603415016092354,1
04845288Q-121,2025-03-01 11:32:55.010000+00:00,not_walking,0,catboost,2,04845288Q-121,reference,0.0,0.4173559454794631,0
04845288Q-121,2025-03-01 11:32:56.010000+00:00,not_walking,0,catboost,2,04845288Q-121,reference,0.0,0.5925973046505555,1
04845288Q-121,2025-03-01 11:32:57.010000+00:00,not_walking,0,catboost,2,04845288Q-121,reference,0.0,0.43392505219165195,0
04845288Q-121,2025-03-01 11:32:58.010000+00:00,not_walking,0,catboost,2,04845288Q-121,reference,0.0,0.695125474659306,1
04845288Q-121,2025-03-01 11:32:59.010000+00:00,not_walking,0,catboost,2,04845288Q-121,reference,0.0,0.6982751076007102,1
04845288Q-121,2025-03-01 11:33:00.010000+00:00,not_walking,0,catboost,2,04845288Q-121,reference,0.0,0.583484668812909,1
04845288Q-121,2025-03-01 11:33:01.010000+00:00,not_walking,0,catboost,2,04845288Q-121,reference,0.0,0.34870578327345236,0
04845288Q-121,2025-03-01 11:33:02.010000+00:00,not_walking,0,catboost,2,04845288Q-121,reference,0.0,0.540247607122012,1
04845288Q-121,2025-03-01 11:33:03.010000+00:00,not_walking,0,catboost,2,04845288Q-121,reference,0.0,0.6243148799896572,1
04845288Q-121,2025-03-01 11:33:04.010000+00:00,not_walking,0,catboost,2,04845288Q-121,reference,0.0,0.5951473789685192,1
04845288Q-121,2025-03-01 11:33:09.010000+00:00,not_walking,0,catboost,2,04845288Q-121,reference,0.0,0.029302738525063612,0
04845288Q-121,2025-03-01 11:33:10.010000+00:00,not_walking,0,catboost,2,04845288Q-121,reference,0.0,0.4567698706945021,0
04845288Q-121,2025-03-01 11:33:11.010000+00:00,not_walking,0,catboost,2,04845288Q-121,reference,0.0,0.5323121801770654,1
04845288Q-121,2025-03-01 11:33:12.010000+00:00,not_walking,0,catboost,2,04845288Q-121,reference,0.0,0.4662241796220845,0
04845288Q-121,2025-03-01 11:33:13.010000+00:00,not_walking,0,catboost,2,04845288Q-121,reference,0.0,0.11551435048809598,0
04845288Q-121,2025-03-01 11:33:14.010000+00:00,not_walking,0,catboost,2,04845288Q-121,reference,0.0,0.5727171962213654,1
04845288Q-121,2025-03-01 11:33:15.010000+00:00,not_walking,0,catboost,2,04845288Q-121,reference,0.0,0.4361914199124486,0
04845288Q-121,2025-03-01 11:33:16.010000+00:00,not_walking,0,catboost,2,04845288Q-121,reference,0.0,0.2995639700486696,0
04845288Q-121,2025-03-01 11:33:17.010000+00:00,not_walking,0,catboost,2,04845288Q-121,reference,0.0,0.42213676948343265,0
04845288Q-121,2025-03-01 11:33:18.010000+00:00,not_walking,0,catboost,2,04845288Q-121,reference,0.0,0.24188031078934077,0
04845288Q-121,2025-03-01 11:33:19.010000+00:00,not_walking,0,catboost,2,04845288Q-121,reference,0.0,0.4935050148932033,0
04845288Q-121,2025-03-01 11:33:20.010000+00:00,not_walking,0,catboost,2,04845288Q-121,reference,0.0,0.14924635029750893,0
04845288Q-121,2025-03-01 11:33:21.010000+00:00,not_walking,0,catboost,2,04845288Q-121,reference,0.0,0.4478407055557408,0
04845288Q-121,2025-03-01 11:33:22.010000+00:00,not_walking,0,catboost,2,04845288Q-121,reference,0.0,0.2100999608261728,0
04845288Q-121,2025-03-01 11:33:23.010000+00:00,not_walking,0,catboost,2,04845288Q-121,reference,0.0,0.29020758748455866,0
04845288Q-121,2025-03-01 11:33:24.010000+00:00,not_walking,0,catboost,2,04845288Q-121,reference,0.0,0.7045338289806815,1
04845288Q-121,2025-03-01 11:33:25.010000+00:00,not_walking,0,catboost,2,04845288Q-121,reference,0.0,0.44107121257928933,0
04845288Q-121,2025-03-01 11:33:26.010000+00:00,not_walking,0,catboost,2,04845288Q-121,reference,0.0,0.27927089778069125,0
04845288Q-121,2025-03-01 11:33:27.010000+00:00,not_walking,0,catboost,2,04845288Q-121,reference,0.0,0.6949284451564278,1
04845288Q-121,2025-03-01 11:33:28.010000+00:00,not_walking,0,catboost,2,04845288Q-121,reference,0.0,0.20333177788835832,0
04845288Q-121,2025-03-01 11:33:29.010000+00:00,not_walking,0,catboost,2,04845288Q-121,reference,0.0,0.37374796898020246,0
04845288Q-121,2025-03-01 11:33:30.010000+00:00,not_walking,0,catboost,2,04845288Q-121,reference,0.0,0.553508154323003,1
04845288Q-121,2025-03-01 11:33:31.010000+00:00,not_walking,0,catboost,2,04845288Q-121,reference,0.0,0.1452911223916605,0
04845288Q-121,2025-03-01 11:33:32.010000+00:00,not_walking,0,catboost,2,04845288Q-121,reference,0.0,0.5178800788428196,1
04845288Q-121,2025-03-01 11:33:33.010000+00:00,not_walking,0,catboost,2,04845288Q-121,reference,0.0,0.493953956833063,0
04845288Q-121,2025-03-01 11:33:34.010000+00:00,not_walking,0,catboost,2,04845288Q-121,reference,0.0,0.47192474927349526,0
04845288Q-121,2025-03-01 11:33:35.010000+00:00,not_walking,0,catboost,2,04845288Q-121,reference,0.0,0.5736225184754499,1
04845288Q-121,2025-03-01 11:33:36.010000+00:00,not_walking,0,catboost,2,04845288Q-121,reference,0.0,0.7778852425709655,1
04845288Q-121,2025-03-01 11:33:37.010000+00:00,not_walking,0,catboost,2,04845288Q-121,reference,0.0,0.35333633766050526,0
04845288Q-121,2025-03-01 11:33:38.010000+00:00,not_walking,0,catboost,2,04845288Q-121,reference,0.0,0.4665441316963183,0
04845288Q-121,2025-03-01 11:33:39.010000+00:00,not_walking,0,catboost,2,04845288Q-121,reference,0.0,0.5262673223531295,1
04845288Q-121,2025-03-01 11:33:40.010000+00:00,not_walking,0,catboost,2,04845288Q-121,reference,0.0,0.31079437189060405,0
04845288Q-121,2025-03-01 11:33:41.010000+00:00,not_walking,0,catboost,2,04845288Q-121,reference,0.0,0.5325395033520433,1
04845288Q-121,2025-03-01 11:33:42.010000+00:00,not_walking,0,catboost,2,04845288Q-121,reference,0.0,0.41331158489482106,0
04845288Q-121,2025-03-01 11:33:43.010000+00:00,not_walking,0,catboost,2,04845288Q-121,reference,0.0,0.3387042067252254,0
04845288Q-121,2025-03-01 11:33:44.010000+00:00,not_walking,0,catboost,2,04845288Q-121,reference,0.0,0.22413071073327423,0
04845288Q-121,2025-03-01 11:33:45.010000+00:00,not_walking,0,catboost,2,04845288Q-121,reference,0.0,0.7567186643089922,1
04845288Q-121,2025-03-01 11:33:46.010000+00:00,not_walking,0,catboost,2,04845288Q-121,reference,0.0,0.315472624993843,0
04845288Q-121,2025-03-01 11:33:47.010000+00:00,not_walking,0,catboost,2,04845288Q-121,reference,0.0,0.5420745416676759,1
04845288Q-121,2025-03-01 11:33:48.010000+00:00,not_walking,0,catboost,2,04845288Q-121,reference,0.0,0.47047722710585366,0
04845288Q-121,2025-03-01 11:33:49.010000+00:00,not_walking,0,catboost,2,04845288Q-121,reference,0.0,0.6867310083863127,1
04845288Q-121,2025-03-01 11:33:50.010000+00:00,not_walking,0,catboost,2,04845288Q-121,reference,0.0,0.39159381862577014,0
04845288Q-121,2025-03-01 11:33:51.010000+00:00,not_walking,0,catboost,2,04845288Q-121,reference,0.0,0.3461383019209059,0
04845288Q-121,2025-03-01 11:33:52.010000+00:00,not_walking,0,catboost,2,04845288Q-121,reference,0.0,0.5899826223600355,1
04845288Q-121,2025-03-01 11:33:53.010000+00:00,not_walking,0,catboost,2,04845288Q-121,reference,0.0,0.6596407781522672,1
04845288Q-121,2025-03-01 11:33:54.010000+00:00,not_walking,0,catboost,2,04845288Q-121,reference,0.0,0.4930717723662123,0
04845288Q-121,2025-03-01 11:33:55.010000+00:00,not_walking,0,catboost,2,04845288Q-121,reference,0.0,0.3834594055560106,0
04845288Q-121,2025-03-01 11:33:56.010000+00:00,not_walking,0,catboost,2,04845288Q-121,reference,0.0,0.3618506868424176,0
04845288Q-121,2025-03-01 11:33:57.010000+00:00,not_walking,0,catboost,2,04845288Q-121,reference,0.0,0.5615811580172967,1
04845288Q-121,2025-03-01 11:33:58.010000+00:00,not_walking,0,catboost,2,04845288Q-121,reference,0.0,0.23653899502631043,0
04845288Q-121,2025-03-01 11:33:59.010000+00:00,not_walking,0,catboost,2,04845288Q-121,reference,0.0,0.2665898038336113,0
04845288Q-121,2025-03-01 11:34:00.010000+00:00,not_walking,0,catboost,2,04845288Q-121,reference,0.0,0.5485929427294539,1
04845288Q-121,2025-03-01 11:34:01.010000+00:00,not_walking,0,catboost,2,04845288Q-121,reference,0.0,0.6318098522942329,1
04845288Q-121,2025-03-01 11:34:02.010000+00:00,not_walking,0,catboost,2,04845288Q-121,reference,0.0,0.5236613725801117,1
04845288Q-121,2025-03-01 11:34:03.010000+00:00,not_walking,0,catboost,2,04845288Q-121,reference,0.0,0.24555614235553708,0
04845288Q-121,2025-03-01 11:34:04.010000+00:00,not_walking,0,catboost,2,04845288Q-121,reference,0.0,0.16431820756547938,0
04845288Q-121,2025-03-01 11:34:05.010000+00:00,not_walking,0,catboost,2,04845288Q-121,reference,0.0,0.6816418607846624,1
04845288Q-121,2025-03-01 11:34:06.010000+00:00,not_walking,0,catboost,2,04845288Q-121,reference,0.0,0.7130426544139674,1
04845288Q-121,2025-03-01 11:34:07.010000+00:00,not_walking,0,catboost,2,04845288Q-121,reference,0.0,0.7316949651943983,1
04845288Q-121,2025-03-01 11:34:08.010000+00:00,not_walking,0,catboost,2,04845288Q-121,reference,0.0,0.4080454111757697,0
04845288Q-121,2025-03-01 11:34:09.010000+00:00,not_walking,0,catboost,2,04845288Q-121,reference,0.0,0.565411701663708,1
04845288Q-121,2025-03-01 11:34:10.010000+00:00,not_walking,0,catboost,2,04845288Q-121,reference,0.0,0.4255577560532852,0
04845288Q-121,2025-03-01 11:34:11.010000+00:00,not_walking,0,catboost,2,04845288Q-121,reference,0.0,0.4303227396503467,0
04845288Q-121,2025-03-01 11:34:12.010000+00:00,not_walking,0,catboost,2,04845288Q-121,reference,0.0,0.3664556063889024,0
04845288Q-121,2025-03-01 11:34:13.010000+00:00,not_walking,0,catboost,2,04845288Q-121,reference,0.0,0.31034305147989066,0
04845288Q-121,2025-03-01 11:34:14.010000+00:00,not_walking,0,catboost,2,04845288Q-121,reference,0.0,0.5868309565722423,1
04845288Q-121,2025-03-01 11:34:15.010000+00:00,not_walking,0,catboost,2,04845288Q-121,reference,0.0,0.829776283558955,1
04845288Q-121,2025-03-01 11:34:16.010000+00:00,not_walking,0,catboost,2,04845288Q-121,reference,0.0,0.700981499862581,1
04845288Q-121,2025-03-01 11:34:17.010000+00:00,not_walking,0,catboost,2,04845288Q-121,reference,0.0,0.5376984691552585,1
04845288Q-121,2025-03-01 11:34:18.010000+00:00,not_walking,0,catboost,2,04845288Q-121,reference,0.0,0.5348914735126254,1
04845288Q-121,2025-03-01 11:34:19.010000+00:00,not_walking,0,catboost,2,04845288Q-121,reference,0.0,0.3227872001022275,0
04845288Q-121,2025-03-01 11:34:20.010000+00:00,not_walking,0,catboost,2,04845288Q-121,reference,0.0,0.41921145401725723,0
04845288Q-121,2025-03-01 11:34:21.010000+00:00,not_walking,0,catboost,2,04845288Q-121,reference,0.0,0.4772151229373124,0
04845288Q-121,2025-03-01 11:34:22.010000+00:00,not_walking,0,catboost,2,04845288Q-121,reference,0.0,0.5503691673272915,1
04845288Q-121,2025-03-01 11:34:23.010000+00:00,not_walking,0,catboost,2,04845288Q-121,reference,0.0,0.3059793851697396,0
04845288Q-121,2025-03-01 11:34:24.010000+00:00,not_walking,0,catboost,2,04845288Q-121,reference,0.0,0.590022909968512,1
04845288Q-121,2025-03-01 11:34:25.010000+00:00,not_walking,0,catboost,2,04845288Q-121,reference,0.0,0.7530050326846922,1
04845288Q-121,2025-03-01 11:34:26.010000+00:00,not_walking,0,catboost,2,04845288Q-121,reference,0.0,0.6424514645897949,1
04845288Q-121,2025-03-01 11:34:27.010000+00:00,not_walking,0,catboost,2,04845288Q-121,reference,0.0,0.4167132054417605,0
04845288Q-121,2025-03-01 11:34:28.010000+00:00,not_walking,0,catboost,2,04845288Q-121,reference,0.0,0.7940892514983813,1
04845288Q-121,2025-03-01 11:34:29.010000+00:00,not_walking,0,catboost,2,04845288Q-121,reference,0.0,0.14621567451390308,0
04845288Q-121,2025-03-01 11:34:30.010000+00:00,not_walking,0,catboost,2,04845288Q-121,reference,0.0,0.15502279302344818,0
04845288Q-121,2025-03-01 11:34:31.010000+00:00,not_walking,0,catboost,2,04845288Q-121,reference,0.0,0.2978815109599437,0
04845288Q-121,2025-03-01 11:34:32.010000+00:00,not_walking,0,catboost,2,04845288Q-121,reference,0.0,0.6956869772492776,1
04845288Q-121,2025-03-01 11:34:33.010000+00:00,not_walking,0,catboost,2,04845288Q-121,reference,0.0,0.5737275842362284,1
04845288Q-121,2025-03-01 11:34:34.010000+00:00,not_walking,0,catboost,2,04845288Q-121,reference,0.0,0.20998627684477228,0
04845288Q-121,2025-03-01 11:34:35.010000+00:00,not_walking,0,catboost,2,04845288Q-121,reference,0.0,0.49686508070712265,0
04845288Q-121,2025-03-01 11:34:36.010000+00:00,not_walking,0,catboost,2,04845288Q-121,reference,0.0,0.748250288474807,1
04845288Q-121,2025-03-01 11:34:37.010000+00:00,not_walking,0,catboost,2,04845288Q-121,reference,0.0,0.4364641177996582,0
04845288Q-121,2025-03-01 11:34:38.010000+00:00,not_walking,0,catboost,2,04845288Q-121,reference,0.0,0.31769146665109355,0
04845288Q-121,2025-03-01 11:34:39.010000+00:00,not_walking,0,catboost,2,04845288Q-121,reference,0.0,0.6569553910921341,1
04845288Q-121,2025-03-01 11:34:40.010000+00:00,not_walking,0,catboost,2,04845288Q-121,reference,0.0,0.3596330985541326,0
04845288Q-121,2025-03-01 11:34:41.010000+00:00,not_walking,0,catboost,2,04845288Q-121,reference,0.0,0.16809018283539448,0
04845288Q-121,2025-03-01 11:34:42.010000+00:00,not_walking,0,catboost,2,04845288Q-121,reference,0.0,0.4999553164586474,0
04845288Q-121,2025-03-01 11:34:43.010000+00:00,not_walking,0,catboost,2,04845288Q-121,reference,0.0,0.6522285809587716,1
04845288Q-121,2025-03-01 11:34:44.010000+00:00,not_walking,0,catboost,2,04845288Q-121,reference,0.0,0.36504438802588357,0
04845288Q-121,2025-03-01 11:34:45.010000+00:00,not_walking,0,catboost,2,04845288Q-121,reference,0.0,0.7202151438308549,1
04845288Q-121,2025-03-01 11:34:46.010000+00:00,not_walking,0,catboost,2,04845288Q-121,reference,0.0,0.6483439236178025,1
04845288Q-121,2025-03-01 11:34:47.010000+00:00,not_walking,0,catboost,2,04845288Q-121,reference,0.0,0.08716350262210279,0
04845288Q-121,2025-03-01 11:34:48.010000+00:00,not_walking,0,catboost,2,04845288Q-121,reference,0.0,0.29820499414191953,0
04845288Q-121,2025-03-01 11:34:49.010000+00:00,not_walking,0,catboost,2,04845288Q-121,reference,0.0,0.2093910890440764,0
04845288Q-121,2025-03-01 11:34:59.010000+00:00,not_walking,0,catboost,2,04845288Q-121,reference,0.0,0.32946026678619755,0
04845288Q-121,2025-03-01 11:35:00.010000+00:00,not_walking,0,catboost,2,04845288Q-121,reference,0.0,0.6553939321904528,1
04845288Q-121,2025-03-01 11:35:01.010000+00:00,not_walking,0,catboost,2,04845288Q-121,reference,0.0,0.35281872654993035,0
04845288Q-121,2025-03-01 11:35:02.010000+00:00,not_walking,0,catboost,2,04845288Q-121,reference,0.0,0.5291600480977632,1
04845288Q-121,2025-03-01 11:35:03.010000+00:00,not_walking,0,catboost,2,04845288Q-121,reference,0.0,0.4586932260558248,0
04845288Q-121,2025-03-01 11:35:04.010000+00:00,not_walking,0,catboost,2,04845288Q-121,reference,0.0,0.3004931349769423,0
04845288Q-121,2025-03-01 11:35:05.010000+00:00,not_walking,0,catboost,2,04845288Q-121,reference,0.0,0.7264483441812096,1
04845288Q-121,2025-03-01 11:35:06.010000+00:00,not_walking,0,catboost,2,04845288Q-121,reference,0.0,0.2434425511470654,0
04845288Q-121,2025-03-01 11:35:07.010000+00:00,not_walking,0,catboost,2,04845288Q-121,reference,0.0,0.505142848206036,1
04845288Q-121,2025-03-01 11:35:08.010000+00:00,not_walking,0,catboost,2,04845288Q-121,reference,0.0,0.6520152268495054,1
04845288Q-121,2025-03-01 11:35:09.010000+00:00,not_walking,0,catboost,2,04845288Q-121,reference,0.0,0.338279944993129,0
04845288Q-121,2025-03-01 11:35:10.010000+00:00,not_walking,0,catboost,2,04845288Q-121,reference,0.0,0.34234433813141596,0
04845288Q-121,2025-03-01 11:35:11.010000+00:00,not_walking,0,catboost,2,04845288Q-121,reference,0.0,0.49863999969291795,0
04845288Q-121,2025-03-01 11:35:12.010000+00:00,not_walking,0,catboost,2,04845288Q-121,reference,0.0,0.3146732171162554,0
04845288Q-121,2025-03-01 11:35:13.010000+00:00,not_walking,0,catboost,2,04845288Q-121,reference,0.0,0.5117248488600489,1
04845288Q-121,2025-03-01 11:35:14.010000+00:00,not_walking,0,catboost,2,04845288Q-121,reference,0.0,0.5301527238564196,1
04845288Q-121,2025-03-01 11:35:15.010000+00:00,not_walking,0,catboost,2,04845288Q-121,reference,0.0,0.43621022005397375,0
04845288Q-121,2025-03-01 11:35:16.010000+00:00,not_walking,0,catboost,2,04845288Q-121,reference,0.0,0.3487727040585635,0
04845288Q-121,2025-03-01 11:35:17.010000+00:00,not_walking,0,catboost,2,04845288Q-121,reference,0.0,0.5183956984483532,1
04845288Q-121,2025-03-01 11:35:18.010000+00:00,not_walking,0,catboost,2,04845288Q-121,reference,0.0,0.5930803711334511,1
04845288Q-121,2025-03-01 11:35:19.010000+00:00,not_walking,0,catboost,2,04845288Q-121,reference,0.0,0.3822892487507446,0
04845288Q-121,2025-03-01 11:35:20.010000+00:00,not_walking,0,catboost,2,04845288Q-121,reference,0.0,0.6061804505842121,1
04845288Q-121,2025-03-01 11:35:21.010000+00:00,not_walking,0,catboost,2,04845288Q-121,reference,0.0,0.4335428640187801,0
04845288Q-121,2025-03-01 11:35:22.010000+00:00,not_walking,0,catboost,2,04845288Q-121,reference,0.0,0.5232981828693165,1
04845288Q-121,2025-03-01 11:35:23.010000+00:00,not_walking,0,catboost,2,04845288Q-121,reference,0.0,0.23440065856538977,0
04845288Q-121,2025-03-01 11:35:24.010000+00:00,not_walking,0,catboost,2,04845288Q-121,reference,0.0,0.6922542108291049,1
04845288Q-121,2025-03-01 11:35:25.010000+00:00,not_walking,0,catboost,2,04845288Q-121,reference,0.0,0.37142366400608917,0
04845288Q-121,2025-03-01 11:35:26.010000+00:00,not_walking,0,catboost,2,04845288Q-121,reference,0.0,0.4941642279453953,0
04845288Q-121,2025-03-01 11:35:27.010000+00:00,not_walking,0,catboost,2,04845288Q-121,reference,0.0,0.4154426302355859,0
04845288Q-121,2025-03-01 11:35:28.010000+00:00,not_walking,0,catboost,2,04845288Q-121,reference,0.0,0.7455450009656521,1
04845288Q-121,2025-03-01 11:35:29.010000+00:00,not_walking,0,catboost,2,04845288Q-121,reference,0.0,0.2221548965536581,0
04845288Q-121,2025-03-01 11:35:30.010000+00:00,not_walking,0,catboost,2,04845288Q-121,reference,0.0,0.3674951402647497,0
04845288Q-121,2025-03-01 11:35:31.010000+00:00,not_walking,0,catboost,2,04845288Q-121,reference,0.0,0.35353090474353366,0
04845288Q-121,2025-03-01 11:35:33.010000+00:00,walking,1,catboost,2,04845288Q-121,reference,0.0,0.42548008060087,0
04845288Q-121,2025-03-01 11:35:34.010000+00:00,walking,1,catboost,2,04845288Q-121,reference,0.0,0.4759496338234806,0
04845288Q-121,2025-03-01 11:35:35.010000+00:00,walking,1,catboost,2,04845288Q-121,reference,0.0,0.26334671657816666,0
04845288Q-121,2025-03-01 11:35:36.010000+00:00,walking,1,catboost,2,04845288Q-121,reference,0.0,0.4996679504436644,0
04845288Q-121,2025-03-01 11:35:37.010000+00:00,walking,1,catboost,2,04845288Q-121,reference,0.0,0.482676634679149,0
04845288Q-121,2025-03-01 11:35:38.010000+00:00,walking,1,catboost,2,04845288Q-121,reference,0.0,0.147378258653246,0
04845288Q-121,2025-03-01 11:35:39.010000+00:00,walking,1,catboost,2,04845288Q-121,reference,0.0,0.29090785323987667,0
04845288Q-121,2025-03-01 11:35:40.010000+00:00,walking,1,catboost,2,04845288Q-121,reference,0.0,0.5219555514263788,1
04845288Q-121,2025-03-01 11:35:41.010000+00:00,walking,1,catboost,2,04845288Q-121,reference,0.0,0.4791684955422977,0
04845288Q-121,2025-03-01 11:35:42.010000+00:00,walking,1,catboost,2,04845288Q-121,reference,0.0,0.5926347197886291,1
04845288Q-121,2025-03-01 11:35:43.010000+00:00,walking,1,catboost,2,04845288Q-121,reference,0.0,0.3632161920931395,0
04845288Q-121,2025-03-01 11:35:45.010000+00:00,not_walking,0,catboost,2,04845288Q-121,reference,0.0,0.5424002369148648,1
04845288Q-121,2025-03-01 11:35:46.010000+00:00,not_walking,0,catboost,2,04845288Q-121,reference,0.0,0.6263062612200383,1
04845288Q-121,2025-03-01 11:35:47.010000+00:00,not_walking,0,catboost,2,04845288Q-121,reference,0.0,0.6334341444760601,1
04845288Q-121,2025-03-01 11:35:48.010000+00:00,not_walking,0,catboost,2,04845288Q-121,reference,0.0,0.04348812776555765,0
04845288Q-121,2025-03-01 11:35:49.010000+00:00,not_walking,0,catboost,2,04845288Q-121,reference,0.0,0.02418894025414713,0
04845288Q-121,2025-03-01 11:35:50.010000+00:00,not_walking,0,catboost,2,04845288Q-121,reference,0.0,0.014203971965920475,0
04845288Q-121,2025-03-01 11:35:51.010000+00:00,not_walking,0,catboost,2,04845288Q-121,reference,0.0,0.027823251828087144,0
04845288Q-121,2025-03-01 11:35:52.010000+00:00,not_walking,0,catboost,2,04845288Q-121,reference,0.0,0.011889840746266936,0
04845288Q-121,2025-03-01 11:35:53.010000+00:00,not_walking,0,catboost,2,04845288Q-121,reference,0.0,0.08309080978270235,0
04845288Q-121,2025-03-01 11:35:54.010000+00:00,not_walking,0,catboost,2,04845288Q-121,reference,0.0,0.06803898898459455,0
04845288Q-121,2025-03-01 11:35:55.010000+00:00,not_walking,0,catboost,2,04845288Q-121,reference,0.0,0.05201825206688228,0
04845288Q-121,2025-03-01 11:35:56.010000+00:00,not_walking,0,catboost,2,04845288Q-121,reference,0.0,0.1102468707482267,0
04845288Q-121,2025-03-01 11:35:57.010000+00:00,not_walking,0,catboost,2,04845288Q-121,reference,0.0,0.06769728388367781,0
04845288Q-121,2025-03-01 11:35:58.010000+00:00,not_walking,0,catboost,2,04845288Q-121,reference,0.0,0.05239852828716804,0
04845288Q-121,2025-03-01 11:35:59.010000+00:00,not_walking,0,catboost,2,04845288Q-121,reference,0.0,0.026061660427229953,0
04845288Q-121,2025-03-01 11:36:00.010000+00:00,not_walking,0,catboost,2,04845288Q-121,reference,0.0,0.014716979239391715,0
04845288Q-121,2025-03-01 11:36:01.010000+00:00,not_walking,0,catboost,2,04845288Q-121,reference,0.0,0.017950554595143234,0
04845288Q-121,2025-03-01 11:36:02.010000+00:00,not_walking,0,catboost,2,04845288Q-121,reference,0.0,0.013941941017364894,0
04845288Q-121,2025-03-01 11:36:03.010000+00:00,not_walking,0,catboost,2,04845288Q-121,reference,0.0,0.017135167801937377,0
04845288Q-121,2025-03-01 11:36:04.010000+00:00,not_walking,0,catboost,2,04845288Q-121,reference,0.0,0.025244892982564465,0
04845288Q-121,2025-03-01 11:36:05.010000+00:00,not_walking,0,catboost,2,04845288Q-121,reference,0.0,0.05621588949117721,0
04845288Q-121,2025-03-01 11:36:06.010000+00:00,not_walking,0,catboost,2,04845288Q-121,reference,0.0,0.08844256878733522,0
04845288Q-121,2025-03-01 11:36:07.010000+00:00,not_walking,0,catboost,2,04845288Q-121,reference,0.0,0.6417964992281702,1
04845288Q-121,2025-03-01 11:36:08.010000+00:00,not_walking,0,catboost,2,04845288Q-121,reference,0.0,0.8273156490421814,1
04845288Q-121,2025-03-01 11:36:09.010000+00:00,not_walking,0,catboost,2,04845288Q-121,reference,0.0,0.023549117178953548,0
04845288Q-121,2025-03-01 11:36:10.010000+00:00,not_walking,0,catboost,2,04845288Q-121,reference,0.0,0.016827044017375368,0
04845288Q-121,2025-03-01 11:36:11.010000+00:00,not_walking,0,catboost,2,04845288Q-121,reference,0.0,0.06363798440454545,0
04845288Q-121,2025-03-01 11:36:12.010000+00:00,not_walking,0,catboost,2,04845288Q-121,reference,0.0,0.321911545912783,0
04845288Q-121,2025-03-01 11:36:13.010000+00:00,not_walking,0,catboost,2,04845288Q-121,reference,0.0,0.26366005221059724,0
04845288Q-121,2025-03-01 11:36:14.010000+00:00,not_walking,0,catboost,2,04845288Q-121,reference,0.0,0.8050920982432485,1
04845288Q-121,2025-03-01 11:36:15.010000+00:00,not_walking,0,catboost,2,04845288Q-121,reference,0.0,0.35261561828422777,0
04845288Q-121,2025-03-01 11:36:16.010000+00:00,not_walking,0,catboost,2,04845288Q-121,reference,0.0,0.04150944504152519,0
04845288Q-121,2025-03-01 11:36:17.010000+00:00,not_walking,0,catboost,2,04845288Q-121,reference,0.0,0.020043365984912225,0
04845288Q-121,2025-03-01 11:36:18.010000+00:00,not_walking,0,catboost,2,04845288Q-121,reference,0.0,0.030248521285836365,0
04845288Q-121,2025-03-01 11:36:19.010000+00:00,not_walking,0,catboost,2,04845288Q-121,reference,0.0,0.030251558356638616,0
04845288Q-121,2025-03-01 11:36:20.010000+00:00,not_walking,0,catboost,2,04845288Q-121,reference,0.0,0.034783882009236065,0
04845288Q-121,2025-03-01 11:36:21.010000+00:00,not_walking,0,catboost,2,04845288Q-121,reference,0.0,0.012611182692105536,0
04845288Q-121,2025-03-01 11:36:22.010000+00:00,not_walking,0,catboost,2,04845288Q-121,reference,0.0,0.024088328633583653,0
04845288Q-121,2025-03-01 11:36:23.010000+00:00,not_walking,0,catboost,2,04845288Q-121,reference,0.0,0.050048789585071495,0
04845288Q-121,2025-03-01 11:36:24.010000+00:00,not_walking,0,catboost,2,04845288Q-121,reference,0.0,0.032952655921199905,0
04845288Q-121,2025-03-01 11:36:25.010000+00:00,not_walking,0,catboost,2,04845288Q-121,reference,0.0,0.019360725087312177,0
04845288Q-121,2025-03-01 11:36:26.010000+00:00,not_walking,0,catboost,2,04845288Q-121,reference,0.0,0.036664690232989704,0
04845288Q-121,2025-03-01 11:36:27.010000+00:00,not_walking,0,catboost,2,04845288Q-121,reference,0.0,0.01628136307798291,0
04845288Q-121,2025-03-01 11:36:28.010000+00:00,not_walking,0,catboost,2,04845288Q-121,reference,0.0,0.012231471260609281,0
04845288Q-121,2025-03-01 11:36:29.010000+00:00,not_walking,0,catboost,2,04845288Q-121,reference,0.0,0.02887842609791409,0
04845288Q-121,2025-03-01 11:36:30.010000+00:00,not_walking,0,catboost,2,04845288Q-121,reference,0.0,0.034811367319277385,0
04845288Q-121,2025-03-01 11:36:31.010000+00:00,not_walking,0,catboost,2,04845288Q-121,reference,0.0,0.054700670323459336,0
04845288Q-121,2025-03-01 11:36:32.010000+00:00,not_walking,0,catboost,2,04845288Q-121,reference,0.0,0.022166380322856213,0
04845288Q-121,2025-03-01 11:36:33.010000+00:00,not_walking,0,catboost,2,04845288Q-121,reference,0.0,0.026720512975994926,0
04845288Q-121,2025-03-01 11:36:34.010000+00:00,not_walking,0,catboost,2,04845288Q-121,reference,0.0,0.024930478069115296,0
04845288Q-121,2025-03-01 11:36:35.010000+00:00,not_walking,0,catboost,2,04845288Q-121,reference,0.0,0.022471304989981605,0
04845288Q-121,2025-03-01 11:36:36.010000+00:00,not_walking,0,catboost,2,04845288Q-121,reference,0.0,0.02032877360543135,0
04845288Q-121,2025-03-01 11:36:37.010000+00:00,not_walking,0,catboost,2,04845288Q-121,reference,0.0,0.021513210549242687,0
04845288Q-121,2025-03-01 11:36:38.010000+00:00,not_walking,0,catboost,2,04845288Q-121,reference,0.0,0.02642591798062862,0
04845288Q-121,2025-03-01 11:36:39.010000+00:00,not_walking,0,catboost,2,04845288Q-121,reference,0.0,0.021079052134717537,0
04845288Q-121,2025-03-01 11:36:40.010000+00:00,not_walking,0,catboost,2,04845288Q-121,reference,0.0,0.025215035529852856,0
04845288Q-121,2025-03-01 11:36:41.010000+00:00,not_walking,0,catboost,2,04845288Q-121,reference,0.0,0.02253663124682867,0
04845288Q-121,2025-03-01 11:36:42.010000+00:00,not_walking,0,catboost,2,04845288Q-121,reference,0.0,0.03495701933368687,0
04845288Q-121,2025-03-01 11:36:43.010000+00:00,not_walking,0,catboost,2,04845288Q-121,reference,0.0,0.02606440805837423,0
04845288Q-121,2025-03-01 11:36:44.010000+00:00,not_walking,0,catboost,2,04845288Q-121,reference,0.0,0.02159975145416893,0
04845288Q-121,2025-03-01 11:36:45.010000+00:00,not_walking,0,catboost,2,04845288Q-121,reference,0.0,0.03470128011487109,0
04845288Q-121,2025-03-01 11:36:46.010000+00:00,not_walking,0,catboost,2,04845288Q-121,reference,0.0,0.041970258012594054,0
04845288Q-121,2025-03-01 11:36:47.010000+00:00,not_walking,0,catboost,2,04845288Q-121,reference,0.0,0.03568720587801126,0
04845288Q-121,2025-03-01 11:36:48.010000+00:00,not_walking,0,catboost,2,04845288Q-121,reference,0.0,0.017488449013025053,0
04845288Q-121,2025-03-01 11:36:49.010000+00:00,not_walking,0,catboost,2,04845288Q-121,reference,0.0,0.028713133098513276,0
04845288Q-121,2025-03-01 11:36:50.010000+00:00,not_walking,0,catboost,2,04845288Q-121,reference,0.0,0.03373680463556686,0
04845288Q-121,2025-03-01 11:36:51.010000+00:00,not_walking,0,catboost,2,04845288Q-121,reference,0.0,0.019660067292112778,0
04845288Q-121,2025-03-01 11:36:52.010000+00:00,not_walking,0,catboost,2,04845288Q-121,reference,0.0,0.01632151025800672,0
04845288Q-121,2025-03-01 11:36:53.010000+00:00,not_walking,0,catboost,2,04845288Q-121,reference,0.0,0.03530237639808444,0
04845288Q-121,2025-03-01 11:36:54.010000+00:00,not_walking,0,catboost,2,04845288Q-121,reference,0.0,0.04338618382303368,0
04845288Q-121,2025-03-01 11:36:55.010000+00:00,not_walking,0,catboost,2,04845288Q-121,reference,0.0,0.021445955300650826,0
04845288Q-121,2025-03-01 11:36:56.010000+00:00,not_walking,0,catboost,2,04845288Q-121,reference,0.0,0.020069739868229984,0
04845288Q-121,2025-03-01 11:36:57.010000+00:00,not_walking,0,catboost,2,04845288Q-121,reference,0.0,0.016213107692047046,0
04845288Q-121,2025-03-01 11:36:58.010000+00:00,not_walking,0,catboost,2,04845288Q-121,reference,0.0,0.026178096537401368,0
04845288Q-121,2025-03-01 11:36:59.010000+00:00,not_walking,0,catboost,2,04845288Q-121,reference,0.0,0.017410042482945844,0
04845288Q-121,2025-03-01 11:37:00.010000+00:00,not_walking,0,catboost,2,04845288Q-121,reference,0.0,0.020066459137683883,0
04845288Q-121,2025-03-01 11:37:01.010000+00:00,not_walking,0,catboost,2,04845288Q-121,reference,0.0,0.020191395253938704,0
04845288Q-121,2025-03-01 11:37:02.010000+00:00,not_walking,0,catboost,2,04845288Q-121,reference,0.0,0.020503530803358132,0
04845288Q-121,2025-03-01 11:37:03.010000+00:00,not_walking,0,catboost,2,04845288Q-121,reference,0.0,0.02148037176422048,0
04845288Q-121,2025-03-01 11:37:04.010000+00:00,not_walking,0,catboost,2,04845288Q-121,reference,0.0,0.017981385983234833,0
04845288Q-121,2025-03-01 11:37:05.010000+00:00,not_walking,0,catboost,2,04845288Q-121,reference,0.0,0.016142524932432668,0
04845288Q-121,2025-03-01 11:37:06.010000+00:00,not_walking,0,catboost,2,04845288Q-121,reference,0.0,0.024821863469405864,0
04845288Q-121,2025-03-01 11:37:07.010000+00:00,not_walking,0,catboost,2,04845288Q-121,reference,0.0,0.01670060267804023,0
04845288Q-121,2025-03-01 11:37:08.010000+00:00,not_walking,0,catboost,2,04845288Q-121,reference,0.0,0.019928523784911424,0
04845288Q-121,2025-03-01 11:37:09.010000+00:00,not_walking,0,catboost,2,04845288Q-121,reference,0.0,0.013698193628717782,0
04845288Q-121,2025-03-01 11:37:10.010000+00:00,not_walking,0,catboost,2,04845288Q-121,reference,0.0,0.021954808170716208,0
04845288Q-121,2025-03-01 11:37:11.010000+00:00,not_walking,0,catboost,2,04845288Q-121,reference,0.0,0.043691203880729765,0
04845288Q-121,2025-03-01 11:37:12.010000+00:00,not_walking,0,catboost,2,04845288Q-121,reference,0.0,0.024911317475574242,0
04845288Q-121,2025-03-01 11:37:13.010000+00:00,not_walking,0,catboost,2,04845288Q-121,reference,0.0,0.025704998270041517,0
04845288Q-121,2025-03-01 11:37:14.010000+00:00,not_walking,0,catboost,2,04845288Q-121,reference,0.0,0.019843469821967257,0
04845288Q-121,2025-03-01 11:37:15.010000+00:00,not_walking,0,catboost,2,04845288Q-121,reference,0.0,0.02147040078653464,0
04845288Q-121,2025-03-01 11:37:16.010000+00:00,not_walking,0,catboost,2,04845288Q-121,reference,0.0,0.011920034122589702,0
04845288Q-121,2025-03-01 11:37:17.010000+00:00,not_walking,0,catboost,2,04845288Q-121,reference,0.0,0.020890021580071905,0
04845288Q-121,2025-03-01 11:37:18.010000+00:00,not_walking,0,catboost,2,04845288Q-121,reference,0.0,0.01519416287118018,0
04845288Q-121,2025-03-01 11:37:19.010000+00:00,not_walking,0,catboost,2,04845288Q-121,reference,0.0,0.020875456996809538,0
04845288Q-121,2025-03-01 11:37:20.010000+00:00,not_walking,0,catboost,2,04845288Q-121,reference,0.0,0.022128270992276985,0
04845288Q-121,2025-03-01 11:37:21.010000+00:00,not_walking,0,catboost,2,04845288Q-121,reference,0.0,0.025891376403016145,0
04845288Q-121,2025-03-01 11:37:22.010000+00:00,not_walking,0,catboost,2,04845288Q-121,reference,0.0,0.020345756796254034,0
04845288Q-121,2025-03-01 11:37:23.010000+00:00,not_walking,0,catboost,2,04845288Q-121,reference,0.0,0.04217244361144498,0
04845288Q-121,2025-03-01 11:37:24.010000+00:00,not_walking,0,catboost,2,04845288Q-121,reference,0.0,0.05170771421369192,0
04845288Q-121,2025-03-01 11:37:25.010000+00:00,not_walking,0,catboost,2,04845288Q-121,reference,0.0,0.03179553202185582,0
04845288Q-121,2025-03-01 11:37:26.010000+00:00,not_walking,0,catboost,2,04845288Q-121,reference,0.0,0.03784318200395178,0
04845288Q-121,2025-03-01 11:37:27.010000+00:00,not_walking,0,catboost,2,04845288Q-121,reference,0.0,0.040558697372883985,0
04845288Q-121,2025-03-01 11:37:28.010000+00:00,not_walking,0,catboost,2,04845288Q-121,reference,0.0,0.02146802958342522,0
04845288Q-121,2025-03-01 11:37:29.010000+00:00,not_walking,0,catboost,2,04845288Q-121,reference,0.0,0.04104465621040564,0
04845288Q-121,2025-03-01 11:37:30.010000+00:00,not_walking,0,catboost,2,04845288Q-121,reference,0.0,0.02007833316749998,0
04845288Q-121,2025-03-01 11:37:31.010000+00:00,not_walking,0,catboost,2,04845288Q-121,reference,0.0,0.05352776798287467,0
04845288Q-121,2025-03-01 11:37:32.010000+00:00,not_walking,0,catboost,2,04845288Q-121,reference,0.0,0.030620705667403294,0
04845288Q-121,2025-03-01 11:37:33.010000+00:00,not_walking,0,catboost,2,04845288Q-121,reference,0.0,0.042953668543541844,0
04845288Q-121,2025-03-01 11:37:34.010000+00:00,not_walking,0,catboost,2,04845288Q-121,reference,0.0,0.025057879335262774,0
04845288Q-121,2025-03-01 11:37:35.010000+00:00,not_walking,0,catboost,2,04845288Q-121,reference,0.0,0.0349314483915365,0
04845288Q-121,2025-03-01 11:37:36.010000+00:00,not_walking,0,catboost,2,04845288Q-121,reference,0.0,0.022179057219833306,0
04845288Q-121,2025-03-01 11:37:37.010000+00:00,not_walking,0,catboost,2,04845288Q-121,reference,0.0,0.03393530541641824,0
04845288Q-121,2025-03-01 11:37:38.010000+00:00,not_walking,0,catboost,2,04845288Q-121,reference,0.0,0.022636832554125463,0
04845288Q-121,2025-03-01 11:37:39.010000+00:00,not_walking,0,catboost,2,04845288Q-121,reference,0.0,0.04739194301841079,0
04845288Q-121,2025-03-01 11:37:40.010000+00:00,not_walking,0,catboost,2,04845288Q-121,reference,0.0,0.03914672080086248,0
04845288Q-121,2025-03-01 11:37:41.010000+00:00,not_walking,0,catboost,2,04845288Q-121,reference,0.0,0.02120812056753274,0
04845288Q-121,2025-03-01 11:37:42.010000+00:00,not_walking,0,catboost,2,04845288Q-121,reference,0.0,0.0271101041590054,0
04845288Q-121,2025-03-01 11:37:43.010000+00:00,not_walking,0,catboost,2,04845288Q-121,reference,0.0,0.023905918470596397,0
04845288Q-121,2025-03-01 11:37:44.010000+00:00,not_walking,0,catboost,2,04845288Q-121,reference,0.0,0.014385930946636044,0
04845288Q-121,2025-03-01 11:37:45.010000+00:00,not_walking,0,catboost,2,04845288Q-121,reference,0.0,0.025146158359478046,0
04845288Q-121,2025-03-01 11:37:46.010000+00:00,not_walking,0,catboost,2,04845288Q-121,reference,0.0,0.013747271527861472,0
04845288Q-121,2025-03-01 11:37:47.010000+00:00,not_walking,0,catboost,2,04845288Q-121,reference,0.0,0.02438486482614333,0
04845288Q-121,2025-03-01 11:37:48.010000+00:00,not_walking,0,catboost,2,04845288Q-121,reference,0.0,0.03842459273858978,0
04845288Q-121,2025-03-01 11:37:49.010000+00:00,not_walking,0,catboost,2,04845288Q-121,reference,0.0,0.018467364692920363,0
04845288Q-121,2025-03-01 11:37:50.010000+00:00,not_walking,0,catboost,2,04845288Q-121,reference,0.0,0.01752569441244051,0
04845288Q-121,2025-03-01 11:37:51.010000+00:00,not_walking,0,catboost,2,04845288Q-121,reference,0.0,0.019599356875586685,0
04845288Q-121,2025-03-01 11:37:52.010000+00:00,not_walking,0,catboost,2,04845288Q-121,reference,0.0,0.04851856270914388,0
04845288Q-121,2025-03-01 11:37:53.010000+00:00,not_walking,0,catboost,2,04845288Q-121,reference,0.0,0.0422008275710972,0
04845288Q-121,2025-03-01 11:37:54.010000+00:00,not_walking,0,catboost,2,04845288Q-121,reference,0.0,0.08964529305874719,0
04845288Q-121,2025-03-01 11:37:55.010000+00:00,not_walking,0,catboost,2,04845288Q-121,reference,0.0,0.11766972396362248,0
04845288Q-121,2025-03-01 11:37:56.010000+00:00,not_walking,0,catboost,2,04845288Q-121,reference,0.0,0.028839551693318078,0
04845288Q-121,2025-03-01 11:37:57.010000+00:00,not_walking,0,catboost,2,04845288Q-121,reference,0.0,0.03425218651028786,0
04845288Q-121,2025-03-01 11:37:58.010000+00:00,not_walking,0,catboost,2,04845288Q-121,reference,0.0,0.3182431947096265,0
04845288Q-121,2025-03-01 11:37:59.010000+00:00,not_walking,0,catboost,2,04845288Q-121,reference,0.0,0.536439933424079,1
04845288Q-121,2025-03-01 11:38:00.010000+00:00,not_walking,0,catboost,2,04845288Q-121,reference,0.0,0.5665754033625108,1
04845288Q-121,2025-03-01 11:38:01.010000+00:00,not_walking,0,catboost,2,04845288Q-121,reference,0.0,0.6987774928575419,1
04845288Q-121,2025-03-01 11:38:02.010000+00:00,not_walking,0,catboost,2,04845288Q-121,reference,0.0,0.5747247715021468,1
04845288Q-121,2025-03-01 11:38:03.010000+00:00,not_walking,0,catboost,2,04845288Q-121,reference,0.0,0.06432594161252442,0
04845288Q-121,2025-03-01 11:38:04.010000+00:00,not_walking,0,catboost,2,04845288Q-121,reference,0.0,0.3153158971384973,0
04845288Q-121,2025-03-01 11:38:05.010000+00:00,not_walking,0,catboost,2,04845288Q-121,reference,0.0,0.3564177801299626,0
04845288Q-121,2025-03-01 11:38:06.010000+00:00,not_walking,0,catboost,2,04845288Q-121,reference,0.0,0.08108489194819843,0
04845288Q-121,2025-03-01 11:38:07.010000+00:00,not_walking,0,catboost,2,04845288Q-121,reference,0.0,0.022019343665722068,0
04845288Q-121,2025-03-01 11:38:08.010000+00:00,not_walking,0,catboost,2,04845288Q-121,reference,0.0,0.0176978367974305,0
04845288Q-121,2025-03-01 11:38:09.010000+00:00,not_walking,0,catboost,2,04845288Q-121,reference,0.0,0.019928523784911424,0
04845288Q-121,2025-03-01 11:38:10.010000+00:00,not_walking,0,catboost,2,04845288Q-121,reference,0.0,0.02260882972773175,0
04845288Q-121,2025-03-01 11:38:11.010000+00:00,not_walking,0,catboost,2,04845288Q-121,reference,0.0,0.01789107273329236,0
04845288Q-121,2025-03-01 11:38:12.010000+00:00,not_walking,0,catboost,2,04845288Q-121,reference,0.0,0.033230700725600526,0
04845288Q-121,2025-03-01 11:38:13.010000+00:00,not_walking,0,catboost,2,04845288Q-121,reference,0.0,0.02949748803046338,0
04845288Q-121,2025-03-01 11:38:14.010000+00:00,not_walking,0,catboost,2,04845288Q-121,reference,0.0,0.09753837702891094,0
04845288Q-121,2025-03-01 11:38:15.010000+00:00,not_walking,0,catboost,2,04845288Q-121,reference,0.0,0.0896937336057385,0
04845288Q-121,2025-03-01 11:38:16.010000+00:00,not_walking,0,catboost,2,04845288Q-121,reference,0.0,0.05541989270981955,0
04845288Q-121,2025-03-01 11:38:17.010000+00:00,not_walking,0,catboost,2,04845288Q-121,reference,0.0,0.1844071862596113,0
04845288Q-121,2025-03-01 11:38:18.010000+00:00,walking,1,catboost,2,04845288Q-121,reference,0.0,0.034499783371536204,0
04845288Q-121,2025-03-01 11:38:19.010000+00:00,walking,1,catboost,2,04845288Q-121,reference,0.0,0.5538482111135961,1
04845288Q-121,2025-03-01 11:38:20.010000+00:00,walking,1,catboost,2,04845288Q-121,reference,0.0,0.5751433455222642,1
04845288Q-121,2025-03-01 11:38:21.010000+00:00,walking,1,catboost,2,04845288Q-121,reference,0.0,0.5258818410736495,1
04845288Q-121,2025-03-01 11:38:22.010000+00:00,walking,1,catboost,2,04845288Q-121,reference,0.0,0.23585122135182546,0
04845288Q-121,2025-03-01 11:38:23.010000+00:00,walking,1,catboost,2,04845288Q-121,reference,0.0,0.06729694326860212,0
04845288Q-121,2025-03-01 11:38:24.010000+00:00,walking,1,catboost,2,04845288Q-121,reference,0.0,0.05845643596047908,0
04845288Q-121,2025-03-01 11:38:25.010000+00:00,walking,1,catboost,2,04845288Q-121,reference,0.0,0.29726446978367554,0
04845288Q-121,2025-03-01 11:38:26.010000+00:00,walking,1,catboost,2,04845288Q-121,reference,0.0,0.07695160444124566,0
04845288Q-121,2025-03-01 11:38:27.010000+00:00,walking,1,catboost,2,04845288Q-121,reference,0.0,0.40859075655766336,0
04845288Q-121,2025-03-01 11:38:28.010000+00:00,walking,1,catboost,2,04845288Q-121,reference,0.0,0.19572277618854153,0
04845288Q-121,2025-03-01 11:38:29.010000+00:00,walking,1,catboost,2,04845288Q-121,reference,0.0,0.043225791015927564,0
04845288Q-121,2025-03-01 11:38:30.010000+00:00,walking,1,catboost,2,04845288Q-121,reference,0.0,0.012304031373711662,0
04845288Q-121,2025-03-01 11:38:31.010000+00:00,walking,1,catboost,2,04845288Q-121,reference,0.0,0.038688563396572666,0
04845288Q-121,2025-03-01 11:38:32.010000+00:00,walking,1,catboost,2,04845288Q-121,reference,0.0,0.20719285573769916,0
04845288Q-121,2025-03-01 11:38:33.010000+00:00,walking,1,catboost,2,04845288Q-121,reference,0.0,0.08426689017678163,0
04845288Q-121,2025-03-01 11:38:34.010000+00:00,walking,1,catboost,2,04845288Q-121,reference,0.0,0.033403506934679764,0
04845288Q-121,2025-03-01 11:38:35.010000+00:00,walking,1,catboost,2,04845288Q-121,reference,0.0,0.03481621307366969,0
04845288Q-121,2025-03-01 11:38:36.010000+00:00,walking,1,catboost,2,04845288Q-121,reference,0.0,0.03170960637892932,0
04845288Q-121,2025-03-01 11:38:37.010000+00:00,walking,1,catboost,2,04845288Q-121,reference,0.0,0.05423188533451953,0
04845288Q-121,2025-03-01 11:38:38.010000+00:00,walking,1,catboost,2,04845288Q-121,reference,0.0,0.10059187985968637,0
04845288Q-121,2025-03-01 11:38:39.010000+00:00,walking,1,catboost,2,04845288Q-121,reference,0.0,0.02751123151786651,0
04845288Q-121,2025-03-01 11:38:40.010000+00:00,walking,1,catboost,2,04845288Q-121,reference,0.0,0.02055811196239976,0
04845288Q-121,2025-03-01 11:38:41.010000+00:00,walking,1,catboost,2,04845288Q-121,reference,0.0,0.01615776875142166,0
04845288Q-121,2025-03-01 11:38:44.010000+00:00,not_walking,0,catboost,2,04845288Q-121,reference,0.0,0.012695569589931222,0
04845288Q-121,2025-03-01 11:38:45.010000+00:00,not_walking,0,catboost,2,04845288Q-121,reference,0.0,0.016168242609016458,0
04845288Q-121,2025-03-01 11:38:46.010000+00:00,not_walking,0,catboost,2,04845288Q-121,reference,0.0,0.02188187255738415,0
04845288Q-121,2025-03-01 11:38:47.010000+00:00,not_walking,0,catboost,2,04845288Q-121,reference,0.0,0.026718859986138304,0
04845288Q-121,2025-03-01 11:38:48.010000+00:00,not_walking,0,catboost,2,04845288Q-121,reference,0.0,0.09088624116642197,0
04845288Q-121,2025-03-01 11:38:49.010000+00:00,not_walking,0,catboost,2,04845288Q-121,reference,0.0,0.04749163784576942,0
04845288Q-121,2025-03-01 11:38:50.010000+00:00,not_walking,0,catboost,2,04845288Q-121,reference,0.0,0.041203092017051954,0
04845288Q-121,2025-03-01 11:38:51.010000+00:00,not_walking,0,catboost,2,04845288Q-121,reference,0.0,0.03674480731286103,0
04845288Q-121,2025-03-01 11:38:52.010000+00:00,not_walking,0,catboost,2,04845288Q-121,reference,0.0,0.10409828210948442,0
04845288Q-121,2025-03-01 11:38:53.010000+00:00,not_walking,0,catboost,2,04845288Q-121,reference,0.0,0.021950636034597334,0
04845288Q-121,2025-03-01 11:38:54.010000+00:00,not_walking,0,catboost,2,04845288Q-121,reference,0.0,0.0953377341968425,0
04845288Q-121,2025-03-01 11:38:55.010000+00:00,not_walking,0,catboost,2,04845288Q-121,reference,0.0,0.01768182687108102,0
04845288Q-121,2025-03-01 11:38:56.010000+00:00,not_walking,0,catboost,2,04845288Q-121,reference,0.0,0.05693261715717205,0
04845288Q-121,2025-03-01 11:38:57.010000+00:00,not_walking,0,catboost,2,04845288Q-121,reference,0.0,0.03825263786233613,0
04845288Q-121,2025-03-01 11:38:58.010000+00:00,not_walking,0,catboost,2,04845288Q-121,reference,0.0,0.04278916800136575,0
04845288Q-121,2025-03-01 11:38:59.010000+00:00,not_walking,0,catboost,2,04845288Q-121,reference,0.0,0.013860314074106395,0
04845288Q-121,2025-03-01 11:39:00.010000+00:00,not_walking,0,catboost,2,04845288Q-121,reference,0.0,0.037477230677152654,0
04845288Q-121,2025-03-01 11:39:01.010000+00:00,not_walking,0,catboost,2,04845288Q-121,reference,0.0,0.038094480351659174,0
04845288Q-121,2025-03-01 11:39:02.010000+00:00,not_walking,0,catboost,2,04845288Q-121,reference,0.0,0.056650501509875544,0
04845288Q-121,2025-03-01 11:39:03.010000+00:00,not_walking,0,catboost,2,04845288Q-121,reference,0.0,0.020865345861558422,0
04845288Q-121,2025-03-01 11:39:04.010000+00:00,not_walking,0,catboost,2,04845288Q-121,reference,0.0,0.02161741349114146,0
04845288Q-121,2025-03-01 11:39:05.010000+00:00,not_walking,0,catboost,2,04845288Q-121,reference,0.0,0.020856160215407118,0
04845288Q-121,2025-03-01 11:39:06.010000+00:00,not_walking,0,catboost,2,04845288Q-121,reference,0.0,0.022421592976455323,0
04845288Q-121,2025-03-01 11:39:07.010000+00:00,not_walking,0,catboost,2,04845288Q-121,reference,0.0,0.02506552713840197,0
04845288Q-121,2025-03-01 11:39:08.010000+00:00,not_walking,0,catboost,2,04845288Q-121,reference,0.0,0.008020432645870983,0
04845288Q-121,2025-03-01 11:39:09.010000+00:00,not_walking,0,catboost,2,04845288Q-121,reference,0.0,0.01214416213788847,0
04845288Q-121,2025-03-01 11:39:10.010000+00:00,not_walking,0,catboost,2,04845288Q-121,reference,0.0,0.014047832916522082,0
04845288Q-121,2025-03-01 11:39:11.010000+00:00,not_walking,0,catboost,2,04845288Q-121,reference,0.0,0.01832833094888038,0
04845288Q-121,2025-03-01 11:39:12.010000+00:00,not_walking,0,catboost,2,04845288Q-121,reference,0.0,0.0210123330766645,0
04845288Q-121,2025-03-01 11:39:13.010000+00:00,not_walking,0,catboost,2,04845288Q-121,reference,0.0,0.034629039924679215,0
04845288Q-121,2025-03-01 11:39:14.010000+00:00,not_walking,0,catboost,2,04845288Q-121,reference,0.0,0.029767798282866,0
04845288Q-121,2025-03-01 11:39:15.010000+00:00,not_walking,0,catboost,2,04845288Q-121,reference,0.0,0.030370064041594657,0
04845288Q-121,2025-03-01 11:39:16.010000+00:00,not_walking,0,catboost,2,04845288Q-121,reference,0.0,0.04902930268484153,0
04845288Q-121,2025-03-01 11:39:17.010000+00:00,not_walking,0,catboost,2,04845288Q-121,reference,0.0,0.021494474788334494,0
04845288Q-121,2025-03-01 11:39:18.010000+00:00,not_walking,0,catboost,2,04845288Q-121,reference,0.0,0.023072955759243546,0
04845288Q-121,2025-03-01 11:39:19.010000+00:00,not_walking,0,catboost,2,04845288Q-121,reference,0.0,0.020867985102690438,0
04845288Q-121,2025-03-01 11:39:20.010000+00:00,not_walking,0,catboost,2,04845288Q-121,reference,0.0,0.02541388375455046,0
04845288Q-121,2025-03-01 11:39:21.010000+00:00,not_walking,0,catboost,2,04845288Q-121,reference,0.0,0.03399250958428275,0
04845288Q-121,2025-03-01 11:39:22.010000+00:00,not_walking,0,catboost,2,04845288Q-121,reference,0.0,0.015968878606258813,0
04845288Q-121,2025-03-01 11:39:23.010000+00:00,walking,1,catboost,2,04845288Q-121,reference,0.0,0.01376496236408004,0
04845288Q-121,2025-03-01 11:39:24.010000+00:00,walking,1,catboost,2,04845288Q-121,reference,0.0,0.04007820758417607,0
04845288Q-121,2025-03-01 11:39:25.010000+00:00,walking,1,catboost,2,04845288Q-121,reference,0.0,0.024071643877951288,0
04845288Q-121,2025-03-01 11:39:26.010000+00:00,walking,1,catboost,2,04845288Q-121,reference,0.0,0.01233638075766046,0
04845288Q-121,2025-03-01 11:39:27.010000+00:00,walking,1,catboost,2,04845288Q-121,reference,0.0,0.02849565224305853,0
04845288Q-121,2025-03-01 11:39:28.010000+00:00,walking,1,catboost,2,04845288Q-121,reference,0.0,0.01926037411037495,0
04845288Q-121,2025-03-01 11:39:29.010000+00:00,walking,1,catboost,2,04845288Q-121,reference,0.0,0.01536533520384814,0
04845288Q-121,2025-03-01 11:39:30.010000+00:00,walking,1,catboost,2,04845288Q-121,reference,0.0,0.02174574194978482,0
04845288Q-121,2025-03-01 11:39:31.010000+00:00,walking,1,catboost,2,04845288Q-121,reference,0.0,0.023445419560248332,0
04845288Q-121,2025-03-01 11:39:32.010000+00:00,walking,1,catboost,2,04845288Q-121,reference,0.0,0.019399306765815492,0
04845288Q-121,2025-03-01 11:39:33.010000+00:00,walking,1,catboost,2,04845288Q-121,reference,0.0,0.02256962326162624,0
04845288Q-121,2025-03-01 11:39:34.010000+00:00,not_walking,0,catboost,2,04845288Q-121,reference,0.0,0.013847891705395826,0
04845288Q-121,2025-03-01 11:39:35.010000+00:00,not_walking,0,catboost,2,04845288Q-121,reference,0.0,0.027926982163865924,0
04845288Q-121,2025-03-01 11:39:36.010000+00:00,not_walking,0,catboost,2,04845288Q-121,reference,0.0,0.02395748095207792,0
04845288Q-121,2025-03-01 11:39:37.010000+00:00,not_walking,0,catboost,2,04845288Q-121,reference,0.0,0.02509962651366293,0
04845288Q-121,2025-03-01 11:39:38.010000+00:00,not_walking,0,catboost,2,04845288Q-121,reference,0.0,0.025644745102872013,0
04845288Q-121,2025-03-01 11:39:39.010000+00:00,not_walking,0,catboost,2,04845288Q-121,reference,0.0,0.02585191797149079,0
04845288Q-121,2025-03-01 11:39:40.010000+00:00,not_walking,0,catboost,2,04845288Q-121,reference,0.0,0.02261087433352184,0
04845288Q-121,2025-03-01 11:39:41.010000+00:00,not_walking,0,catboost,2,04845288Q-121,reference,0.0,0.02664950382994927,0
04845288Q-121,2025-03-01 11:39:42.010000+00:00,not_walking,0,catboost,2,04845288Q-121,reference,0.0,0.2759780615682949,0
04845288Q-121,2025-03-01 11:39:43.010000+00:00,not_walking,0,catboost,2,04845288Q-121,reference,0.0,0.1098035947897934,0
04845288Q-121,2025-03-01 11:39:44.010000+00:00,not_walking,0,catboost,2,04845288Q-121,reference,0.0,0.4899566347788197,0
04845288Q-121,2025-03-01 11:39:51.010000+00:00,not_walking,0,catboost,2,04845288Q-121,reference,0.0,0.037064022485097034,0
04845288Q-121,2025-03-01 11:39:52.010000+00:00,not_walking,0,catboost,2,04845288Q-121,reference,0.0,0.037861318224012605,0
04845288Q-121,2025-03-01 11:39:53.010000+00:00,not_walking,0,catboost,2,04845288Q-121,reference,0.0,0.044179812972843936,0
04845288Q-121,2025-03-01 11:39:54.010000+00:00,not_walking,0,catboost,2,04845288Q-121,reference,0.0,0.021805488938581585,0
04845288Q-121,2025-03-01 11:39:55.010000+00:00,not_walking,0,catboost,2,04845288Q-121,reference,0.0,0.028205408904624474,0
04845288Q-121,2025-03-01 11:39:56.010000+00:00,not_walking,0,catboost,2,04845288Q-121,reference,0.0,0.06053596994927114,0
04845288Q-121,2025-03-01 11:39:57.010000+00:00,not_walking,0,catboost,2,04845288Q-121,reference,0.0,0.01641782677963569,0
04845288Q-121,2025-03-01 11:39:58.010000+00:00,not_walking,0,catboost,2,04845288Q-121,reference,0.0,0.03752595436406559,0
04845288Q-121,2025-03-01 11:39:59.010000+00:00,not_walking,0,catboost,2,04845288Q-121,reference,0.0,0.024890796737498586,0
04845288Q-121,2025-03-01 11:40:04.010000+00:00,walking,1,catboost,2,04845288Q-121,reference,0.0,0.015354761690066677,0
04845288Q-121,2025-03-01 11:40:05.010000+00:00,walking,1,catboost,2,04845288Q-121,reference,0.0,0.01670060267804023,0
04845288Q-121,2025-03-01 11:40:06.010000+00:00,walking,1,catboost,2,04845288Q-121,reference,0.0,0.013716859124971214,0
04845288Q-121,2025-03-01 11:40:07.010000+00:00,walking,1,catboost,2,04845288Q-121,reference,0.0,0.02231509126409143,0
04845288Q-121,2025-03-01 11:40:08.010000+00:00,walking,1,catboost,2,04845288Q-121,reference,0.0,0.021032765900435322,0
04845288Q-121,2025-03-01 11:40:09.010000+00:00,walking,1,catboost,2,04845288Q-121,reference,0.0,0.027100740528847943,0
04845288Q-121,2025-03-01 11:40:10.010000+00:00,walking,1,catboost,2,04845288Q-121,reference,0.0,0.009262691505714193,0
04845288Q-121,2025-03-01 11:40:11.010000+00:00,walking,1,catboost,2,04845288Q-121,reference,0.0,0.029094161774693997,0
04845288Q-121,2025-03-01 11:40:12.010000+00:00,walking,1,catboost,2,04845288Q-121,reference,0.0,0.02153250857232064,0
04845288Q-121,2025-03-01 11:40:13.010000+00:00,walking,1,catboost,2,04845288Q-121,reference,0.0,0.026479438688345566,0
04845288Q-121,2025-03-01 11:40:14.010000+00:00,walking,1,catboost,2,04845288Q-121,reference,0.0,0.04223758740999983,0
04845288Q-121,2025-03-01 11:40:15.010000+00:00,walking,1,catboost,2,04845288Q-121,reference,0.0,0.052551630494711794,0
04845288Q-121,2025-03-01 11:40:16.010000+00:00,walking,1,catboost,2,04845288Q-121,reference,0.0,0.0297841812029979,0
04845288Q-121,2025-03-01 11:40:17.010000+00:00,walking,1,catboost,2,04845288Q-121,reference,0.0,0.030299988740356085,0
04845288Q-121,2025-03-01 11:40:18.010000+00:00,walking,1,catboost,2,04845288Q-121,reference,0.0,0.018749807468090633,0
04845288Q-121,2025-03-01 11:40:19.010000+00:00,walking,1,catboost,2,04845288Q-121,reference,0.0,0.015954483675222862,0
04845288Q-121,2025-03-01 11:40:20.010000+00:00,walking,1,catboost,2,04845288Q-121,reference,0.0,0.0216926996832386,0
04845288Q-121,2025-03-01 11:40:21.010000+00:00,walking,1,catboost,2,04845288Q-121,reference,0.0,0.025718263590281346,0
04845288Q-121,2025-03-01 11:40:22.010000+00:00,walking,1,catboost,2,04845288Q-121,reference,0.0,0.042334337880535165,0
04845288Q-121,2025-03-01 11:40:23.010000+00:00,walking,1,catboost,2,04845288Q-121,reference,0.0,0.0763518219279375,0
04845288Q-121,2025-03-01 11:40:24.010000+00:00,walking,1,catboost,2,04845288Q-121,reference,0.0,0.03654639636988271,0
04845288Q-121,2025-03-01 11:40:25.010000+00:00,not_walking,0,catboost,2,04845288Q-121,reference,0.0,0.05382741396278147,0
04845288Q-121,2025-03-01 11:40:26.010000+00:00,not_walking,0,catboost,2,04845288Q-121,reference,0.0,0.024027440455909464,0
04845288Q-121,2025-03-01 11:40:27.010000+00:00,not_walking,0,catboost,2,04845288Q-121,reference,0.0,0.024675306973440718,0
04845288Q-121,2025-03-01 11:40:28.010000+00:00,not_walking,0,catboost,2,04845288Q-121,reference,0.0,0.03494705998871566,0
04845288Q-121,2025-03-01 11:40:29.010000+00:00,not_walking,0,catboost,2,04845288Q-121,reference,0.0,0.054140514873814764,0
04845288Q-121,2025-03-01 11:40:30.010000+00:00,not_walking,0,catboost,2,04845288Q-121,reference,0.0,0.02974194275403957,0
04845288Q-121,2025-03-01 11:40:31.010000+00:00,not_walking,0,catboost,2,04845288Q-121,reference,0.0,0.033758511472436935,0
04845288Q-121,2025-03-01 11:40:32.010000+00:00,not_walking,0,catboost,2,04845288Q-121,reference,0.0,0.02229539131076836,0
04845288Q-121,2025-03-01 11:40:33.010000+00:00,not_walking,0,catboost,2,04845288Q-121,reference,0.0,0.03500874432907404,0
04845288Q-121,2025-03-01 11:40:34.010000+00:00,not_walking,0,catboost,2,04845288Q-121,reference,0.0,0.09237006699667419,0
04845288Q-121,2025-03-01 11:40:35.010000+00:00,not_walking,0,catboost,2,04845288Q-121,reference,0.0,0.05881917825559328,0
04845288Q-121,2025-03-01 11:40:36.010000+00:00,not_walking,0,catboost,2,04845288Q-121,reference,0.0,0.023132838951224245,0
04845288Q-121,2025-03-01 11:40:37.010000+00:00,not_walking,0,catboost,2,04845288Q-121,reference,0.0,0.027640139198920777,0
04845288Q-121,2025-03-01 11:40:38.010000+00:00,not_walking,0,catboost,2,04845288Q-121,reference,0.0,0.02840138077301631,0
47046344M-104,2024-10-15 07:28:59.010000+00:00,not_walking,0,catboost,3,47046344M-104,reference,0.0,0.036080186830898045,0
47046344M-104,2024-10-15 07:29:00.010000+00:00,not_walking,0,catboost,3,47046344M-104,reference,0.0,0.071583030661977,0
47046344M-104,2024-10-15 07:29:01.010000+00:00,not_walking,0,catboost,3,47046344M-104,reference,0.0,0.030206797409740225,0
47046344M-104,2024-10-15 07:29:02.010000+00:00,not_walking,0,catboost,3,47046344M-104,reference,0.0,0.1744006729485744,0
47046344M-104,2024-10-15 07:29:03.010000+00:00,not_walking,0,catboost,3,47046344M-104,reference,0.0,0.06293607200160141,0
47046344M-104,2024-10-15 07:29:04.010000+00:00,not_walking,0,catboost,3,47046344M-104,reference,0.0,0.15459469756928132,0
47046344M-104,2024-10-15 07:29:05.010000+00:00,not_walking,0,catboost,3,47046344M-104,reference,0.0,0.07569331522976959,0
47046344M-104,2024-10-15 07:29:06.010000+00:00,not_walking,0,catboost,3,47046344M-104,reference,0.0,0.26207184435658754,0
47046344M-104,2024-10-15 07:29:07.010000+00:00,not_walking,0,catboost,3,47046344M-104,reference,0.0,0.0667019614802973,0
47046344M-104,2024-10-15 07:29:08.010000+00:00,not_walking,0,catboost,3,47046344M-104,reference,0.0,0.22582128677240187,0
47046344M-104,2024-10-15 07:29:09.010000+00:00,not_walking,0,catboost,3,47046344M-104,reference,0.0,0.10888300295778114,0
47046344M-104,2024-10-15 07:29:10.010000+00:00,not_walking,0,catboost,3,47046344M-104,reference,0.0,0.12748585381178937,0
47046344M-104,2024-10-15 07:29:11.010000+00:00,not_walking,0,catboost,3,47046344M-104,reference,0.0,0.15345612187082622,0
47046344M-104,2024-10-15 07:29:12.010000+00:00,not_walking,0,catboost,3,47046344M-104,reference,0.0,0.11351834369209908,0
47046344M-104,2024-10-15 07:29:13.010000+00:00,not_walking,0,catboost,3,47046344M-104,reference,0.0,0.06483844829445881,0
47046344M-104,2024-10-15 07:29:14.010000+00:00,not_walking,0,catboost,3,47046344M-104,reference,0.0,0.21323366147904224,0
47046344M-104,2024-10-15 07:29:15.010000+00:00,not_walking,0,catboost,3,47046344M-104,reference,0.0,0.04600591875514614,0
47046344M-104,2024-10-15 07:29:16.010000+00:00,not_walking,0,catboost,3,47046344M-104,reference,0.0,0.03608347299367964,0
47046344M-104,2024-10-15 07:29:17.010000+00:00,not_walking,0,catboost,3,47046344M-104,reference,0.0,0.12887080985499613,0
47046344M-104,2024-10-15 07:29:18.010000+00:00,not_walking,0,catboost,3,47046344M-104,reference,0.0,0.032917288824270766,0
47046344M-104,2024-10-15 07:29:19.010000+00:00,not_walking,0,catboost,3,47046344M-104,reference,0.0,0.11339045262085755,0
47046344M-104,2024-10-15 07:29:20.010000+00:00,not_walking,0,catboost,3,47046344M-104,reference,0.0,0.27701805110355016,0
47046344M-104,2024-10-15 07:29:21.010000+00:00,not_walking,0,catboost,3,47046344M-104,reference,0.0,0.0773068334923745,0
47046344M-104,2024-10-15 07:29:22.010000+00:00,not_walking,0,catboost,3,47046344M-104,reference,0.0,0.10452958639519704,0
47046344M-104,2024-10-15 07:29:23.010000+00:00,not_walking,0,catboost,3,47046344M-104,reference,0.0,0.07145895822826484,0
47046344M-104,2024-10-15 07:29:24.010000+00:00,not_walking,0,catboost,3,47046344M-104,reference,0.0,0.135564484632508,0
47046344M-104,2024-10-15 07:29:25.010000+00:00,not_walking,0,catboost,3,47046344M-104,reference,0.0,0.2066455229550166,0
47046344M-104,2024-10-15 07:29:26.010000+00:00,not_walking,0,catboost,3,47046344M-104,reference,0.0,0.3759210937537825,0
47046344M-104,2024-10-15 07:29:27.010000+00:00,not_walking,0,catboost,3,47046344M-104,reference,0.0,0.05672445435583628,0
47046344M-104,2024-10-15 07:29:28.010000+00:00,not_walking,0,catboost,3,47046344M-104,reference,0.0,0.2729809344289773,0
47046344M-104,2024-10-15 07:29:29.010000+00:00,not_walking,0,catboost,3,47046344M-104,reference,0.0,0.11102569399669225,0
47046344M-104,2024-10-15 07:29:30.010000+00:00,not_walking,0,catboost,3,47046344M-104,reference,0.0,0.05557007193692725,0
47046344M-104,2024-10-15 07:29:31.010000+00:00,not_walking,0,catboost,3,47046344M-104,reference,0.0,0.15505931177336138,0
47046344M-104,2024-10-15 07:29:32.010000+00:00,not_walking,0,catboost,3,47046344M-104,reference,0.0,0.33662862281886446,0
47046344M-104,2024-10-15 07:29:33.010000+00:00,not_walking,0,catboost,3,47046344M-104,reference,0.0,0.02951683132126516,0
47046344M-104,2024-10-15 07:29:34.010000+00:00,not_walking,0,catboost,3,47046344M-104,reference,0.0,0.32240217578090624,0
47046344M-104,2024-10-15 07:29:35.010000+00:00,not_walking,0,catboost,3,47046344M-104,reference,0.0,0.09319901763238457,0
47046344M-104,2024-10-15 07:29:36.010000+00:00,not_walking,0,catboost,3,47046344M-104,reference,0.0,0.1558767989853026,0
47046344M-104,2024-10-15 07:29:37.010000+00:00,not_walking,0,catboost,3,47046344M-104,reference,0.0,0.22817871826233888,0
47046344M-104,2024-10-15 07:29:38.010000+00:00,not_walking,0,catboost,3,47046344M-104,reference,0.0,0.05082095800920719,0
47046344M-104,2024-10-15 07:29:39.010000+00:00,not_walking,0,catboost,3,47046344M-104,reference,0.0,0.10899387093789245,0
47046344M-104,2024-10-15 07:29:40.010000+00:00,not_walking,0,catboost,3,47046344M-104,reference,0.0,0.11681795864944784,0
47046344M-104,2024-10-15 07:29:41.010000+00:00,not_walking,0,catboost,3,47046344M-104,reference,0.0,0.04157770243522799,0
47046344M-104,2024-10-15 07:29:42.010000+00:00,not_walking,0,catboost,3,47046344M-104,reference,0.0,0.04293501896384609,0
47046344M-104,2024-10-15 07:29:43.010000+00:00,not_walking,0,catboost,3,47046344M-104,reference,0.0,0.11488474728920245,0
47046344M-104,2024-10-15 07:29:44.010000+00:00,not_walking,0,catboost,3,47046344M-104,reference,0.0,0.16624477379194152,0
47046344M-104,2024-10-15 07:29:45.010000+00:00,not_walking,0,catboost,3,47046344M-104,reference,0.0,0.17322594657135995,0
47046344M-104,2024-10-15 07:29:46.010000+00:00,not_walking,0,catboost,3,47046344M-104,reference,0.0,0.07387111461397576,0
47046344M-104,2024-10-15 07:29:47.010000+00:00,not_walking,0,catboost,3,47046344M-104,reference,0.0,0.04748347406314261,0
47046344M-104,2024-10-15 07:29:48.010000+00:00,not_walking,0,catboost,3,47046344M-104,reference,0.0,0.08257101387739653,0
47046344M-104,2024-10-15 07:29:49.010000+00:00,not_walking,0,catboost,3,47046344M-104,reference,0.0,0.041578785516234625,0
47046344M-104,2024-10-15 07:29:50.010000+00:00,not_walking,0,catboost,3,47046344M-104,reference,0.0,0.061482896960044,0
47046344M-104,2024-10-15 07:29:51.010000+00:00,not_walking,0,catboost,3,47046344M-104,reference,0.0,0.06434583790250652,0
47046344M-104,2024-10-15 07:29:52.010000+00:00,not_walking,0,catboost,3,47046344M-104,reference,0.0,0.04120448515247534,0
47046344M-104,2024-10-15 07:29:53.010000+00:00,not_walking,0,catboost,3,47046344M-104,reference,0.0,0.028319077373837324,0
47046344M-104,2024-10-15 07:29:54.010000+00:00,not_walking,0,catboost,3,47046344M-104,reference,0.0,0.14864456204964685,0
47046344M-104,2024-10-15 07:29:55.010000+00:00,not_walking,0,catboost,3,47046344M-104,reference,0.0,0.3919347233873913,0
47046344M-104,2024-10-15 07:29:56.010000+00:00,not_walking,0,catboost,3,47046344M-104,reference,0.0,0.19553823158930372,0
47046344M-104,2024-10-15 07:29:57.010000+00:00,not_walking,0,catboost,3,47046344M-104,reference,0.0,0.21662380312995463,0
47046344M-104,2024-10-15 07:29:58.010000+00:00,not_walking,0,catboost,3,47046344M-104,reference,0.0,0.13514957355502033,0
47046344M-104,2024-10-15 07:29:59.010000+00:00,not_walking,0,catboost,3,47046344M-104,reference,0.0,0.07950835476006361,0
47046344M-104,2024-10-15 07:30:02.010000+00:00,walking,1,catboost,3,47046344M-104,reference,0.0,0.12094847391918757,0
47046344M-104,2024-10-15 07:30:03.010000+00:00,walking,1,catboost,3,47046344M-104,reference,0.0,0.0942030549203841,0
47046344M-104,2024-10-15 07:30:04.010000+00:00,walking,1,catboost,3,47046344M-104,reference,0.0,0.02156256932821099,0
47046344M-104,2024-10-15 07:30:05.010000+00:00,walking,1,catboost,3,47046344M-104,reference,0.0,0.03089726974690803,0
47046344M-104,2024-10-15 07:30:06.010000+00:00,walking,1,catboost,3,47046344M-104,reference,0.0,0.03410379770089817,0
47046344M-104,2024-10-15 07:30:07.010000+00:00,walking,1,catboost,3,47046344M-104,reference,0.0,0.03513927144516266,0
47046344M-104,2024-10-15 07:30:08.010000+00:00,walking,1,catboost,3,47046344M-104,reference,0.0,0.053306439905908234,0
47046344M-104,2024-10-15 07:30:09.010000+00:00,walking,1,catboost,3,47046344M-104,reference,0.0,0.11309156387424132,0
47046344M-104,2024-10-15 07:30:10.010000+00:00,walking,1,catboost,3,47046344M-104,reference,0.0,0.12428501518314534,0
47046344M-104,2024-10-15 07:30:11.010000+00:00,walking,1,catboost,3,47046344M-104,reference,0.0,0.12325413720830063,0
47046344M-104,2024-10-15 07:30:12.010000+00:00,walking,1,catboost,3,47046344M-104,reference,0.0,0.043250916577727054,0
47046344M-104,2024-10-15 07:30:13.010000+00:00,walking,1,catboost,3,47046344M-104,reference,0.0,0.08822211758966464,0
47046344M-104,2024-10-15 07:30:14.010000+00:00,walking,1,catboost,3,47046344M-104,reference,0.0,0.025519376407828705,0
47046344M-104,2024-10-15 07:30:15.010000+00:00,walking,1,catboost,3,47046344M-104,reference,0.0,0.17378664605972968,0
47046344M-104,2024-10-15 07:30:16.010000+00:00,not_walking,0,catboost,3,47046344M-104,reference,0.0,0.131602294615092,0
47046344M-104,2024-10-15 07:30:17.010000+00:00,not_walking,0,catboost,3,47046344M-104,reference,0.0,0.0946373558104405,0
47046344M-104,2024-10-15 07:30:18.010000+00:00,not_walking,0,catboost,3,47046344M-104,reference,0.0,0.15573489318972514,0
47046344M-104,2024-10-15 07:30:19.010000+00:00,not_walking,0,catboost,3,47046344M-104,reference,0.0,0.20419399113055434,0
47046344M-104,2024-10-15 07:30:20.010000+00:00,not_walking,0,catboost,3,47046344M-104,reference,0.0,0.029666384363784753,0
47046344M-104,2024-10-15 07:30:21.010000+00:00,not_walking,0,catboost,3,47046344M-104,reference,0.0,0.18169979275002446,0
47046344M-104,2024-10-15 07:30:22.010000+00:00,not_walking,0,catboost,3,47046344M-104,reference,0.0,0.145632212445899,0
47046344M-104,2024-10-15 07:30:23.010000+00:00,not_walking,0,catboost,3,47046344M-104,reference,0.0,0.15385318653560162,0
47046344M-104,2024-10-15 07:30:24.010000+00:00,not_walking,0,catboost,3,47046344M-104,reference,0.0,0.26066610431801596,0
47046344M-104,2024-10-15 07:30:25.010000+00:00,not_walking,0,catboost,3,47046344M-104,reference,0.0,0.24728875241256146,0
47046344M-104,2024-10-15 07:30:26.010000+00:00,not_walking,0,catboost,3,47046344M-104,reference,0.0,0.1158916270485797,0
47046344M-104,2024-10-15 07:30:27.010000+00:00,not_walking,0,catboost,3,47046344M-104,reference,0.0,0.22723326504949903,0
47046344M-104,2024-10-15 07:30:28.010000+00:00,not_walking,0,catboost,3,47046344M-104,reference,0.0,0.07172740564141088,0
47046344M-104,2024-10-15 07:30:29.010000+00:00,not_walking,0,catboost,3,47046344M-104,reference,0.0,0.16232557578763718,0
47046344M-104,2024-10-15 07:30:30.010000+00:00,not_walking,0,catboost,3,47046344M-104,reference,0.0,0.2529093184499608,0
47046344M-104,2024-10-15 07:30:31.010000+00:00,not_walking,0,catboost,3,47046344M-104,reference,0.0,0.17131270506946691,0
47046344M-104,2024-10-15 07:30:32.010000+00:00,not_walking,0,catboost,3,47046344M-104,reference,0.0,0.11353626585082519,0
47046344M-104,2024-10-15 07:30:33.010000+00:00,not_walking,0,catboost,3,47046344M-104,reference,0.0,0.05601017144735968,0
47046344M-104,2024-10-15 07:30:34.010000+00:00,not_walking,0,catboost,3,47046344M-104,reference,0.0,0.2465497518641792,0
47046344M-104,2024-10-15 07:30:35.010000+00:00,not_walking,0,catboost,3,47046344M-104,reference,0.0,0.10069640834722725,0
47046344M-104,2024-10-15 07:30:36.010000+00:00,not_walking,0,catboost,3,47046344M-104,reference,0.0,0.271013164883277,0
47046344M-104,2024-10-15 07:30:37.010000+00:00,not_walking,0,catboost,3,47046344M-104,reference,0.0,0.04726623485315289,0
47046344M-104,2024-10-15 07:30:38.010000+00:00,not_walking,0,catboost,3,47046344M-104,reference,0.0,0.275979701558485,0
47046344M-104,2024-10-15 07:30:39.010000+00:00,not_walking,0,catboost,3,47046344M-104,reference,0.0,0.028528530390180978,0
47046344M-104,2024-10-15 07:30:40.010000+00:00,not_walking,0,catboost,3,47046344M-104,reference,0.0,0.15001535429691074,0
47046344M-104,2024-10-15 07:30:41.010000+00:00,not_walking,0,catboost,3,47046344M-104,reference,0.0,0.1176050226835746,0
47046344M-104,2024-10-15 07:30:42.010000+00:00,not_walking,0,catboost,3,47046344M-104,reference,0.0,0.10216426668179625,0
47046344M-104,2024-10-15 07:30:43.010000+00:00,not_walking,0,catboost,3,47046344M-104,reference,0.0,0.12582662314684828,0
47046344M-104,2024-10-15 07:30:44.010000+00:00,not_walking,0,catboost,3,47046344M-104,reference,0.0,0.15984488338327543,0
47046344M-104,2024-10-15 07:30:45.010000+00:00,not_walking,0,catboost,3,47046344M-104,reference,0.0,0.048964938327841205,0
47046344M-104,2024-10-15 07:30:46.010000+00:00,not_walking,0,catboost,3,47046344M-104,reference,0.0,0.10404760673792654,0
47046344M-104,2024-10-15 07:30:47.010000+00:00,not_walking,0,catboost,3,47046344M-104,reference,0.0,0.2015799918489995,0
47046344M-104,2024-10-15 07:30:48.010000+00:00,not_walking,0,catboost,3,47046344M-104,reference,0.0,0.27969219528644307,0
47046344M-104,2024-10-15 07:30:49.010000+00:00,not_walking,0,catboost,3,47046344M-104,reference,0.0,0.03770561986760717,0
47046344M-104,2024-10-15 07:30:50.010000+00:00,not_walking,0,catboost,3,47046344M-104,reference,0.0,0.1229064085295131,0
47046344M-104,2024-10-15 07:30:51.010000+00:00,not_walking,0,catboost,3,47046344M-104,reference,0.0,0.2110945481554062,0
47046344M-104,2024-10-15 07:30:52.010000+00:00,not_walking,0,catboost,3,47046344M-104,reference,0.0,0.08908266496745616,0
47046344M-104,2024-10-15 07:30:53.010000+00:00,not_walking,0,catboost,3,47046344M-104,reference,0.0,0.19434220558789128,0
47046344M-104,2024-10-15 07:30:54.010000+00:00,not_walking,0,catboost,3,47046344M-104,reference,0.0,0.09779198084495744,0
47046344M-104,2024-10-15 07:30:55.010000+00:00,not_walking,0,catboost,3,47046344M-104,reference,0.0,0.08529781879657908,0
47046344M-104,2024-10-15 07:30:56.010000+00:00,not_walking,0,catboost,3,47046344M-104,reference,0.0,0.11657661580526033,0
47046344M-104,2024-10-15 07:30:57.010000+00:00,not_walking,0,catboost,3,47046344M-104,reference,0.0,0.13873319900329206,0
47046344M-104,2024-10-15 07:30:58.010000+00:00,not_walking,0,catboost,3,47046344M-104,reference,0.0,0.053832634319704004,0
47046344M-104,2024-10-15 07:30:59.010000+00:00,not_walking,0,catboost,3,47046344M-104,reference,0.0,0.09828182622377885,0
47046344M-104,2024-10-15 07:31:00.010000+00:00,not_walking,0,catboost,3,47046344M-104,reference,0.0,0.10735736980547247,0
47046344M-104,2024-10-15 07:31:01.010000+00:00,not_walking,0,catboost,3,47046344M-104,reference,0.0,0.10609109947019571,0
47046344M-104,2024-10-15 07:31:02.010000+00:00,not_walking,0,catboost,3,47046344M-104,reference,0.0,0.14695552143421944,0
47046344M-104,2024-10-15 07:31:03.010000+00:00,not_walking,0,catboost,3,47046344M-104,reference,0.0,0.09983588202486396,0
47046344M-104,2024-10-15 07:31:04.010000+00:00,not_walking,0,catboost,3,47046344M-104,reference,0.0,0.10723468828852978,0
47046344M-104,2024-10-15 07:31:05.010000+00:00,not_walking,0,catboost,3,47046344M-104,reference,0.0,0.10183296666943016,0
47046344M-104,2024-10-15 07:31:06.010000+00:00,not_walking,0,catboost,3,47046344M-104,reference,0.0,0.03636224038465781,0
47046344M-104,2024-10-15 07:31:07.010000+00:00,not_walking,0,catboost,3,47046344M-104,reference,0.0,0.12877633550851805,0
47046344M-104,2024-10-15 07:31:08.010000+00:00,not_walking,0,catboost,3,47046344M-104,reference,0.0,0.10667210718893139,0
47046344M-104,2024-10-15 07:31:09.010000+00:00,not_walking,0,catboost,3,47046344M-104,reference,0.0,0.09017196562113673,0
47046344M-104,2024-10-15 07:31:10.010000+00:00,not_walking,0,catboost,3,47046344M-104,reference,0.0,0.07603592242433735,0
47046344M-104,2024-10-15 07:31:11.010000+00:00,not_walking,0,catboost,3,47046344M-104,reference,0.0,0.04678032046663909,0
47046344M-104,2024-10-15 07:31:12.010000+00:00,not_walking,0,catboost,3,47046344M-104,reference,0.0,0.04937488953669514,0
47046344M-104,2024-10-15 07:31:13.010000+00:00,not_walking,0,catboost,3,47046344M-104,reference,0.0,0.12391200625180629,0
47046344M-104,2024-10-15 07:31:14.010000+00:00,not_walking,0,catboost,3,47046344M-104,reference,0.0,0.4043288987054367,0
47046344M-104,2024-10-15 07:31:15.010000+00:00,not_walking,0,catboost,3,47046344M-104,reference,0.0,0.07061273456797647,0
47046344M-104,2024-10-15 07:31:16.010000+00:00,not_walking,0,catboost,3,47046344M-104,reference,0.0,0.3171934353344227,0
47046344M-104,2024-10-15 07:31:17.010000+00:00,not_walking,0,catboost,3,47046344M-104,reference,0.0,0.033323121951096796,0
47046344M-104,2024-10-15 07:31:18.010000+00:00,not_walking,0,catboost,3,47046344M-104,reference,0.0,0.049349340387116254,0
47046344M-104,2024-10-15 07:31:19.010000+00:00,not_walking,0,catboost,3,47046344M-104,reference,0.0,0.028484919019099567,0
47046344M-104,2024-10-15 07:31:20.010000+00:00,not_walking,0,catboost,3,47046344M-104,reference,0.0,0.05105446299150778,0
47046344M-104,2024-10-15 07:31:21.010000+00:00,not_walking,0,catboost,3,47046344M-104,reference,0.0,0.11277872017020996,0
47046344M-104,2024-10-15 07:31:22.010000+00:00,not_walking,0,catboost,3,47046344M-104,reference,0.0,0.006191844839554289,0
47046344M-104,2024-10-15 07:31:23.010000+00:00,not_walking,0,catboost,3,47046344M-104,reference,0.0,0.2800384995747557,0
47046344M-104,2024-10-15 07:31:24.010000+00:00,not_walking,0,catboost,3,47046344M-104,reference,0.0,0.02644554427890639,0
47046344M-104,2024-10-15 07:31:25.010000+00:00,not_walking,0,catboost,3,47046344M-104,reference,0.0,0.062041169114674284,0
47046344M-104,2024-10-15 07:31:26.010000+00:00,not_walking,0,catboost,3,47046344M-104,reference,0.0,0.028571915801617408,0
47046344M-104,2024-10-15 07:31:27.010000+00:00,not_walking,0,catboost,3,47046344M-104,reference,0.0,0.12101894082505638,0
47046344M-104,2024-10-15 07:31:28.010000+00:00,not_walking,0,catboost,3,47046344M-104,reference,0.0,0.06292578694236722,0
47046344M-104,2024-10-15 07:31:29.010000+00:00,not_walking,0,catboost,3,47046344M-104,reference,0.0,0.032154579035625054,0
47046344M-104,2024-10-15 07:31:30.010000+00:00,not_walking,0,catboost,3,47046344M-104,reference,0.0,0.02610740574268819,0
47046344M-104,2024-10-15 07:31:31.010000+00:00,not_walking,0,catboost,3,47046344M-104,reference,0.0,0.059357519570400245,0
47046344M-104,2024-10-15 07:31:32.010000+00:00,not_walking,0,catboost,3,47046344M-104,reference,0.0,0.08747729383433563,0
47046344M-104,2024-10-15 07:31:33.010000+00:00,not_walking,0,catboost,3,47046344M-104,reference,0.0,0.12938597634568874,0
47046344M-104,2024-10-15 07:31:34.010000+00:00,not_walking,0,catboost,3,47046344M-104,reference,0.0,0.20331544912516952,0
47046344M-104,2024-10-15 07:31:35.010000+00:00,not_walking,0,catboost,3,47046344M-104,reference,0.0,0.0410477198376055,0
47046344M-104,2024-10-15 07:31:36.010000+00:00,not_walking,0,catboost,3,47046344M-104,reference,0.0,0.046219772960475566,0
47046344M-104,2024-10-15 07:31:37.010000+00:00,not_walking,0,catboost,3,47046344M-104,reference,0.0,0.048673686782562654,0
47046344M-104,2024-10-15 07:31:38.010000+00:00,not_walking,0,catboost,3,47046344M-104,reference,0.0,0.09752414412896888,0
47046344M-104,2024-10-15 07:31:39.010000+00:00,not_walking,0,catboost,3,47046344M-104,reference,0.0,0.05490859196754044,0
47046344M-104,2024-10-15 07:31:40.010000+00:00,not_walking,0,catboost,3,47046344M-104,reference,0.0,0.14284981519403195,0
47046344M-104,2024-10-15 07:31:41.010000+00:00,not_walking,0,catboost,3,47046344M-104,reference,0.0,0.15644668854045615,0
47046344M-104,2024-10-15 07:31:42.010000+00:00,not_walking,0,catboost,3,47046344M-104,reference,0.0,0.05295644171677735,0
47046344M-104,2024-10-15 07:31:43.010000+00:00,not_walking,0,catboost,3,47046344M-104,reference,0.0,0.04125967516861514,0
47046344M-104,2024-10-15 07:31:44.010000+00:00,not_walking,0,catboost,3,47046344M-104,reference,0.0,0.24644959548337655,0
47046344M-104,2024-10-15 07:31:45.010000+00:00,not_walking,0,catboost,3,47046344M-104,reference,0.0,0.05140805080850749,0
47046344M-104,2024-10-15 07:31:46.010000+00:00,not_walking,0,catboost,3,47046344M-104,reference,0.0,0.04349579667111527,0
47046344M-104,2024-10-15 07:31:47.010000+00:00,not_walking,0,catboost,3,47046344M-104,reference,0.0,0.07081826027872842,0
47046344M-104,2024-10-15 07:31:48.010000+00:00,not_walking,0,catboost,3,47046344M-104,reference,0.0,0.11171796398665948,0
47046344M-104,2024-10-15 07:31:49.010000+00:00,not_walking,0,catboost,3,47046344M-104,reference,0.0,0.08102533737311636,0
47046344M-104,2024-10-15 07:31:50.010000+00:00,not_walking,0,catboost,3,47046344M-104,reference,0.0,0.3790800135980676,0
47046344M-104,2024-10-15 07:31:54.020000+00:00,walking,1,catboost,3,47046344M-104,reference,0.0,0.24154138162523894,0
47046344M-104,2024-10-15 07:31:55.020000+00:00,walking,1,catboost,3,47046344M-104,reference,0.0,0.09422249010840612,0
47046344M-104,2024-10-15 07:31:56.020000+00:00,walking,1,catboost,3,47046344M-104,reference,0.0,0.39877056597754157,0
47046344M-104,2024-10-15 07:31:57.020000+00:00,walking,1,catboost,3,47046344M-104,reference,0.0,0.13680442701167128,0
47046344M-104,2024-10-15 07:31:58.020000+00:00,walking,1,catboost,3,47046344M-104,reference,0.0,0.03794116513408638,0
47046344M-104,2024-10-15 07:31:59.020000+00:00,walking,1,catboost,3,47046344M-104,reference,0.0,0.02950670670300639,0
47046344M-104,2024-10-15 07:32:00.020000+00:00,walking,1,catboost,3,47046344M-104,reference,0.0,0.10220437433339967,0
47046344M-104,2024-10-15 07:32:01.020000+00:00,walking,1,catboost,3,47046344M-104,reference,0.0,0.09112857539488683,0
47046344M-104,2024-10-15 07:32:02.020000+00:00,walking,1,catboost,3,47046344M-104,reference,0.0,0.11383627322439797,0
47046344M-104,2024-10-15 07:32:03.020000+00:00,walking,1,catboost,3,47046344M-104,reference,0.0,0.04834434581782166,0
47046344M-104,2024-10-15 07:32:04.020000+00:00,walking,1,catboost,3,47046344M-104,reference,0.0,0.10340631401428396,0
47046344M-104,2024-10-15 07:32:05.020000+00:00,walking,1,catboost,3,47046344M-104,reference,0.0,0.029603347006288763,0
47046344M-104,2024-10-15 07:32:06.020000+00:00,walking,1,catboost,3,47046344M-104,reference,0.0,0.14546553493021339,0
47046344M-104,2024-10-15 07:32:07.020000+00:00,walking,1,catboost,3,47046344M-104,reference,0.0,0.05830567717575705,0
47046344M-104,2024-10-15 07:32:08.020000+00:00,walking,1,catboost,3,47046344M-104,reference,0.0,0.07347300015639284,0
47046344M-104,2024-10-15 07:32:09.020000+00:00,walking,1,catboost,3,47046344M-104,reference,0.0,0.1452546445259488,0
47046344M-104,2024-10-15 07:32:10.020000+00:00,walking,1,catboost,3,47046344M-104,reference,0.0,0.09685826405259221,0
47046344M-104,2024-10-15 07:32:11.020000+00:00,walking,1,catboost,3,47046344M-104,reference,0.0,0.034016919734982144,0
47046344M-104,2024-10-15 07:32:12.020000+00:00,walking,1,catboost,3,47046344M-104,reference,0.0,0.04457399977927193,0
47046344M-104,2024-10-15 07:32:13.020000+00:00,walking,1,catboost,3,47046344M-104,reference,0.0,0.11219851185648723,0
47046344M-104,2024-10-15 07:32:14.020000+00:00,walking,1,catboost,3,47046344M-104,reference,0.0,0.14750403643353643,0
47046344M-104,2024-10-15 07:32:15.020000+00:00,walking,1,catboost,3,47046344M-104,reference,0.0,0.07928988788953617,0
47046344M-104,2024-10-15 07:32:16.020000+00:00,walking,1,catboost,3,47046344M-104,reference,0.0,0.18889313897067808,0
47046344M-104,2024-10-15 07:32:17.020000+00:00,walking,1,catboost,3,47046344M-104,reference,0.0,0.22432752033201575,0
47046344M-104,2024-10-15 07:32:18.020000+00:00,walking,1,catboost,3,47046344M-104,reference,0.0,0.11817296417655627,0
47046344M-104,2024-10-15 07:32:19.020000+00:00,walking,1,catboost,3,47046344M-104,reference,0.0,0.16125691337137388,0
47046344M-104,2024-10-15 07:32:20.020000+00:00,walking,1,catboost,3,47046344M-104,reference,0.0,0.07018036063194205,0
47046344M-104,2024-10-15 07:32:21.020000+00:00,walking,1,catboost,3,47046344M-104,reference,0.0,0.14712643278262708,0
47046344M-104,2024-10-15 07:32:22.020000+00:00,walking,1,catboost,3,47046344M-104,reference,0.0,0.2845598274489876,0
47046344M-104,2024-10-15 07:32:23.020000+00:00,walking,1,catboost,3,47046344M-104,reference,0.0,0.04430946933362489,0
47046344M-104,2024-10-15 07:32:24.020000+00:00,walking,1,catboost,3,47046344M-104,reference,0.0,0.05861104307738544,0
47046344M-104,2024-10-15 07:32:25.020000+00:00,walking,1,catboost,3,47046344M-104,reference,0.0,0.03844144817505567,0
47046344M-104,2024-10-15 07:32:26.020000+00:00,walking,1,catboost,3,47046344M-104,reference,0.0,0.05015268828410017,0
47046344M-104,2024-10-15 07:32:27.020000+00:00,walking,1,catboost,3,47046344M-104,reference,0.0,0.39562954743262485,0
47046344M-104,2024-10-15 07:32:28.020000+00:00,walking,1,catboost,3,47046344M-104,reference,0.0,0.08091139481104408,0
47046344M-104,2024-10-15 07:33:39.020000+00:00,walking,1,catboost,3,47046344M-104,reference,0.0,0.16476389212298267,0
47046344M-104,2024-10-15 07:33:40.020000+00:00,walking,1,catboost,3,47046344M-104,reference,0.0,0.36500449521172385,0
47046344M-104,2024-10-15 07:33:41.020000+00:00,walking,1,catboost,3,47046344M-104,reference,0.0,0.03279214522908849,0
47046344M-104,2024-10-15 07:33:42.020000+00:00,walking,1,catboost,3,47046344M-104,reference,0.0,0.034134454244446194,0
47046344M-104,2024-10-15 07:33:43.020000+00:00,walking,1,catboost,3,47046344M-104,reference,0.0,0.04012209911265652,0
47046344M-104,2024-10-15 07:33:44.020000+00:00,walking,1,catboost,3,47046344M-104,reference,0.0,0.07147504927631605,0
47046344M-104,2024-10-15 07:33:45.020000+00:00,walking,1,catboost,3,47046344M-104,reference,0.0,0.043046556239234236,0
47046344M-104,2024-10-15 07:33:46.020000+00:00,walking,1,catboost,3,47046344M-104,reference,0.0,0.02321211636906551,0
47046344M-104,2024-10-15 07:33:47.020000+00:00,walking,1,catboost,3,47046344M-104,reference,0.0,0.046243846628851726,0
47046344M-104,2024-10-15 07:33:48.020000+00:00,walking,1,catboost,3,47046344M-104,reference,0.0,0.01642668628705422,0
47046344M-104,2024-10-15 07:33:49.020000+00:00,walking,1,catboost,3,47046344M-104,reference,0.0,0.011009332543245036,0
47046344M-104,2024-10-15 07:33:50.020000+00:00,walking,1,catboost,3,47046344M-104,reference,0.0,0.2361711411944279,0
47046344M-104,2024-10-15 07:33:51.020000+00:00,walking,1,catboost,3,47046344M-104,reference,0.0,0.012701916584707759,0
47046344M-104,2024-10-15 07:33:52.020000+00:00,walking,1,catboost,3,47046344M-104,reference,0.0,0.08176647192410713,0
47046344M-104,2024-10-15 07:33:53.020000+00:00,walking,1,catboost,3,47046344M-104,reference,0.0,0.12671183046646614,0
47046344M-104,2024-10-15 07:33:54.020000+00:00,walking,1,catboost,3,47046344M-104,reference,0.0,0.07073823013902603,0
47046344M-104,2024-10-15 07:33:55.020000+00:00,walking,1,catboost,3,47046344M-104,reference,0.0,0.02937366139906063,0
47046344M-104,2024-10-15 07:33:56.020000+00:00,walking,1,catboost,3,47046344M-104,reference,0.0,0.08362817803072303,0
47046344M-104,2024-10-15 07:33:57.020000+00:00,walking,1,catboost,3,47046344M-104,reference,0.0,0.08053575846067784,0
47046344M-104,2024-10-15 07:33:58.020000+00:00,walking,1,catboost,3,47046344M-104,reference,0.0,0.041294094132071774,0
47046344M-104,2024-10-15 07:33:59.020000+00:00,walking,1,catboost,3,47046344M-104,reference,0.0,0.15174119375040956,0
47046344M-104,2024-10-15 07:34:00.020000+00:00,walking,1,catboost,3,47046344M-104,reference,0.0,0.14234335824971062,0
47046344M-104,2024-10-15 07:34:01.020000+00:00,walking,1,catboost,3,47046344M-104,reference,0.0,0.04572790872040923,0
47046344M-104,2024-10-15 07:34:02.020000+00:00,walking,1,catboost,3,47046344M-104,reference,0.0,0.1297157925751688,0
47046344M-104,2024-10-15 07:34:03.020000+00:00,walking,1,catboost,3,47046344M-104,reference,0.0,0.0818124904003261,0
47046344M-104,2024-10-15 07:34:04.020000+00:00,walking,1,catboost,3,47046344M-104,reference,0.0,0.07477423708486956,0
47046344M-104,2024-10-15 07:34:05.020000+00:00,walking,1,catboost,3,47046344M-104,reference,0.0,0.23193301239683733,0
47046344M-104,2024-10-15 07:34:06.020000+00:00,walking,1,catboost,3,47046344M-104,reference,0.0,0.08942625860116743,0
47046344M-104,2024-10-15 07:34:07.020000+00:00,walking,1,catboost,3,47046344M-104,reference,0.0,0.025683951167892884,0
47046344M-104,2024-10-15 07:34:08.020000+00:00,walking,1,catboost,3,47046344M-104,reference,0.0,0.09897097799143746,0
47046344M-104,2024-10-15 07:34:09.020000+00:00,walking,1,catboost,3,47046344M-104,reference,0.0,0.38808985748510033,0
47046344M-104,2024-10-15 07:34:10.020000+00:00,walking,1,catboost,3,47046344M-104,reference,0.0,0.011544424617741354,0
47046344M-104,2024-10-15 07:34:11.020000+00:00,walking,1,catboost,3,47046344M-104,reference,0.0,0.015181203223325343,0
47046344M-104,2024-10-15 07:34:12.020000+00:00,walking,1,catboost,3,47046344M-104,reference,0.0,0.010070290969587456,0
47046344M-104,2024-10-15 07:34:13.020000+00:00,walking,1,catboost,3,47046344M-104,reference,0.0,0.03132078419319424,0
47046344M-104,2024-10-15 07:34:14.020000+00:00,walking,1,catboost,3,47046344M-104,reference,0.0,0.06994314783795873,0
47046344M-104,2024-10-15 07:34:15.020000+00:00,walking,1,catboost,3,47046344M-104,reference,0.0,0.0808521838982659,0
47046344M-104,2024-10-15 07:34:16.020000+00:00,walking,1,catboost,3,47046344M-104,reference,0.0,0.2529705026836891,0
47046344M-104,2024-10-15 07:34:17.020000+00:00,walking,1,catboost,3,47046344M-104,reference,0.0,0.04837303651417943,0
47046344M-104,2024-10-15 07:34:18.020000+00:00,walking,1,catboost,3,47046344M-104,reference,0.0,0.03605034016748477,0
47046344M-104,2024-10-15 07:34:19.020000+00:00,walking,1,catboost,3,47046344M-104,reference,0.0,0.06100813903182351,0
47046344M-104,2024-10-15 07:34:20.020000+00:00,walking,1,catboost,3,47046344M-104,reference,0.0,0.03085297116851484,0
47046344M-104,2024-10-15 07:34:21.020000+00:00,walking,1,catboost,3,47046344M-104,reference,0.0,0.09781234324094462,0
47046344M-104,2024-10-15 07:34:22.020000+00:00,walking,1,catboost,3,47046344M-104,reference,0.0,0.04202169671866848,0
47046344M-104,2024-10-15 07:34:23.020000+00:00,walking,1,catboost,3,47046344M-104,reference,0.0,0.02369628706487631,0
47046344M-104,2024-10-15 07:34:24.020000+00:00,walking,1,catboost,3,47046344M-104,reference,0.0,0.05673834736222206,0
47046344M-104,2024-10-15 07:34:25.020000+00:00,walking,1,catboost,3,47046344M-104,reference,0.0,0.06675382416757163,0
47046344M-104,2024-10-15 07:34:26.020000+00:00,walking,1,catboost,3,47046344M-104,reference,0.0,0.2585850126924737,0
47046344M-104,2024-10-15 07:34:27.020000+00:00,walking,1,catboost,3,47046344M-104,reference,0.0,0.07516939488814094,0
47046344M-104,2024-10-15 07:34:28.020000+00:00,walking,1,catboost,3,47046344M-104,reference,0.0,0.006798389783007992,0
47046344M-104,2024-10-15 07:34:29.020000+00:00,walking,1,catboost,3,47046344M-104,reference,0.0,0.10246379410369215,0
47046344M-104,2024-10-15 07:34:30.020000+00:00,walking,1,catboost,3,47046344M-104,reference,0.0,0.015696178183910937,0
47046344M-104,2024-10-15 07:34:31.020000+00:00,walking,1,catboost,3,47046344M-104,reference,0.0,0.0629674065564359,0
47046344M-104,2024-10-15 07:34:32.020000+00:00,walking,1,catboost,3,47046344M-104,reference,0.0,0.17169384315584116,0
47046344M-104,2024-10-15 07:34:33.020000+00:00,walking,1,catboost,3,47046344M-104,reference,0.0,0.08276302510857755,0
47046344M-104,2024-10-15 07:34:34.020000+00:00,walking,1,catboost,3,47046344M-104,reference,0.0,0.0299703249244489,0
47046344M-104,2024-10-15 07:34:35.020000+00:00,walking,1,catboost,3,47046344M-104,reference,0.0,0.08977159131157104,0
47046344M-104,2024-10-15 07:34:36.020000+00:00,walking,1,catboost,3,47046344M-104,reference,0.0,0.14026279737750463,0
47046344M-104,2024-10-15 07:34:37.020000+00:00,walking,1,catboost,3,47046344M-104,reference,0.0,0.016311457613071925,0
47046344M-104,2024-10-15 07:34:38.020000+00:00,walking,1,catboost,3,47046344M-104,reference,0.0,0.2047062343872515,0
47046344M-104,2024-10-15 07:34:39.020000+00:00,walking,1,catboost,3,47046344M-104,reference,0.0,0.06951808540782908,0
47046344M-104,2024-10-15 07:34:40.020000+00:00,walking,1,catboost,3,47046344M-104,reference,0.0,0.09628509635696535,0
47046344M-104,2024-10-15 07:34:41.020000+00:00,walking,1,catboost,3,47046344M-104,reference,0.0,0.4689007367967531,0
47046344M-104,2024-10-15 07:34:42.020000+00:00,walking,1,catboost,3,47046344M-104,reference,0.0,0.09205221262420728,0
47046344M-104,2024-10-15 07:34:43.020000+00:00,walking,1,catboost,3,47046344M-104,reference,0.0,0.07382047824598513,0
47046344M-104,2024-10-15 07:34:44.020000+00:00,walking,1,catboost,3,47046344M-104,reference,0.0,0.5334688928642561,1
47046344M-104,2024-10-15 07:34:45.020000+00:00,walking,1,catboost,3,47046344M-104,reference,0.0,0.035315779999343426,0
47046344M-104,2024-10-15 07:34:46.020000+00:00,walking,1,catboost,3,47046344M-104,reference,0.0,0.12893465653685424,0
47046344M-104,2024-10-15 07:34:47.020000+00:00,walking,1,catboost,3,47046344M-104,reference,0.0,0.08125009351252578,0
47046344M-104,2024-10-15 07:34:48.020000+00:00,walking,1,catboost,3,47046344M-104,reference,0.0,0.07370119690726358,0
47046344M-104,2024-10-15 07:34:49.020000+00:00,walking,1,catboost,3,47046344M-104,reference,0.0,0.052692689812237695,0
47046344M-104,2024-10-15 07:34:50.020000+00:00,walking,1,catboost,3,47046344M-104,reference,0.0,0.19373973476684928,0
47046344M-104,2024-10-15 07:34:51.020000+00:00,walking,1,catboost,3,47046344M-104,reference,0.0,0.12126959133021391,0
47046344M-104,2024-10-15 07:34:52.020000+00:00,walking,1,catboost,3,47046344M-104,reference,0.0,0.024574010588172303,0
47046344M-104,2024-10-15 07:34:53.020000+00:00,walking,1,catboost,3,47046344M-104,reference,0.0,0.12125596844085454,0
47046344M-104,2024-10-15 07:34:54.020000+00:00,walking,1,catboost,3,47046344M-104,reference,0.0,0.0708212886949947,0
47046344M-104,2024-10-15 07:34:55.020000+00:00,walking,1,catboost,3,47046344M-104,reference,0.0,0.12437240289873522,0
47046344M-104,2024-10-15 07:34:56.020000+00:00,walking,1,catboost,3,47046344M-104,reference,0.0,0.18115488189479284,0
47046344M-104,2024-10-15 07:34:57.020000+00:00,walking,1,catboost,3,47046344M-104,reference,0.0,0.3473642915846403,0
47046344M-104,2024-10-15 07:34:58.020000+00:00,walking,1,catboost,3,47046344M-104,reference,0.0,0.06233927482427321,0
47046344M-104,2024-10-15 07:34:59.020000+00:00,walking,1,catboost,3,47046344M-104,reference,0.0,0.16662136511051845,0
47046344M-104,2024-10-15 07:35:00.020000+00:00,walking,1,catboost,3,47046344M-104,reference,0.0,0.030680863471899845,0
47046344M-104,2024-10-15 07:35:01.020000+00:00,walking,1,catboost,3,47046344M-104,reference,0.0,0.4015352128832942,0
47046344M-104,2024-10-15 07:35:02.020000+00:00,walking,1,catboost,3,47046344M-104,reference,0.0,0.2798167364724056,0
47046344M-104,2024-10-15 07:35:03.020000+00:00,walking,1,catboost,3,47046344M-104,reference,0.0,0.3602136683571725,0
47046344M-104,2024-10-15 07:35:04.020000+00:00,walking,1,catboost,3,47046344M-104,reference,0.0,0.05403141961195388,0
47046344M-104,2024-10-15 07:35:05.020000+00:00,walking,1,catboost,3,47046344M-104,reference,0.0,0.12509395766885206,0
47046344M-104,2024-10-15 07:35:06.020000+00:00,walking,1,catboost,3,47046344M-104,reference,0.0,0.07141249732379147,0
47046344M-104,2024-10-15 07:35:07.020000+00:00,walking,1,catboost,3,47046344M-104,reference,0.0,0.055761654981128776,0
47046344M-104,2024-10-15 07:35:08.020000+00:00,walking,1,catboost,3,47046344M-104,reference,0.0,0.099476921357871,0
47046344M-104,2024-10-15 07:35:09.020000+00:00,walking,1,catboost,3,47046344M-104,reference,0.0,0.7825722415026389,1
47046344M-104,2024-10-15 07:35:10.020000+00:00,walking,1,catboost,3,47046344M-104,reference,0.0,0.16511911566869952,0
47046344M-104,2024-10-15 07:35:11.020000+00:00,walking,1,catboost,3,47046344M-104,reference,0.0,0.19506927286219602,0
47046344M-104,2024-10-15 07:35:12.020000+00:00,walking,1,catboost,3,47046344M-104,reference,0.0,0.26181185347778596,0
47046344M-104,2024-10-15 07:35:13.020000+00:00,walking,1,catboost,3,47046344M-104,reference,0.0,0.12693680126547044,0
47046344M-104,2024-10-15 07:35:14.020000+00:00,walking,1,catboost,3,47046344M-104,reference,0.0,0.008814032729364728,0
47046344M-104,2024-10-15 07:35:15.020000+00:00,walking,1,catboost,3,47046344M-104,reference,0.0,0.04856741439543263,0
47046344M-104,2024-10-15 07:35:16.020000+00:00,walking,1,catboost,3,47046344M-104,reference,0.0,0.008874860976875123,0
47046344M-104,2024-10-15 07:35:17.020000+00:00,walking,1,catboost,3,47046344M-104,reference,0.0,0.016066862669211264,0
47046344M-104,2024-10-15 07:35:18.020000+00:00,walking,1,catboost,3,47046344M-104,reference,0.0,0.026502765555259978,0
47046344M-104,2024-10-15 07:35:19.020000+00:00,walking,1,catboost,3,47046344M-104,reference,0.0,0.020752829581584437,0
47046344M-104,2024-10-15 07:35:20.020000+00:00,walking,1,catboost,3,47046344M-104,reference,0.0,0.09339696207830486,0
47046344M-104,2024-10-15 07:35:21.020000+00:00,walking,1,catboost,3,47046344M-104,reference,0.0,0.026738439154461918,0
47046344M-104,2024-10-15 07:35:22.020000+00:00,walking,1,catboost,3,47046344M-104,reference,0.0,0.009553783749824445,0
47046344M-104,2024-10-15 07:35:23.020000+00:00,walking,1,catboost,3,47046344M-104,reference,0.0,0.06302799587285038,0
47046344M-104,2024-10-15 07:35:24.020000+00:00,walking,1,catboost,3,47046344M-104,reference,0.0,0.3580621819220115,0
47046344M-104,2024-10-15 07:35:25.020000+00:00,walking,1,catboost,3,47046344M-104,reference,0.0,0.39438904819015497,0
47046344M-104,2024-10-15 07:35:26.020000+00:00,walking,1,catboost,3,47046344M-104,reference,0.0,0.1350404231618826,0
47046344M-104,2024-10-15 07:35:27.020000+00:00,walking,1,catboost,3,47046344M-104,reference,0.0,0.06619533290916725,0
47046344M-104,2024-10-15 07:35:28.020000+00:00,walking,1,catboost,3,47046344M-104,reference,0.0,0.17681847917787258,0
47046344M-104,2024-10-15 07:37:19.010000+00:00,walking,1,catboost,3,47046344M-104,reference,0.0,0.0353593789984047,0
47046344M-104,2024-10-15 07:37:20.010000+00:00,walking,1,catboost,3,47046344M-104,reference,0.0,0.16617528855571376,0
47046344M-104,2024-10-15 07:37:21.010000+00:00,walking,1,catboost,3,47046344M-104,reference,0.0,0.012279636872787478,0
47046344M-104,2024-10-15 07:37:22.010000+00:00,walking,1,catboost,3,47046344M-104,reference,0.0,0.007004341937333467,0
47046344M-104,2024-10-15 07:37:23.010000+00:00,walking,1,catboost,3,47046344M-104,reference,0.0,0.01499783176253773,0
47046344M-104,2024-10-15 07:37:24.010000+00:00,walking,1,catboost,3,47046344M-104,reference,0.0,0.04164548836158373,0
47046344M-104,2024-10-15 07:37:25.010000+00:00,walking,1,catboost,3,47046344M-104,reference,0.0,0.02589691699028736,0
47046344M-104,2024-10-15 07:37:26.010000+00:00,walking,1,catboost,3,47046344M-104,reference,0.0,0.03443670817425982,0
47046344M-104,2024-10-15 07:37:27.010000+00:00,walking,1,catboost,3,47046344M-104,reference,0.0,0.031511753259949836,0
47046344M-104,2024-10-15 07:37:28.010000+00:00,walking,1,catboost,3,47046344M-104,reference,0.0,0.1321847713739276,0
47046344M-104,2024-10-15 07:37:29.010000+00:00,walking,1,catboost,3,47046344M-104,reference,0.0,0.3583310872670564,0
47046344M-104,2024-10-15 07:37:30.010000+00:00,walking,1,catboost,3,47046344M-104,reference,0.0,0.20778651577530946,0
47046344M-104,2024-10-15 07:37:31.010000+00:00,walking,1,catboost,3,47046344M-104,reference,0.0,0.06932282760923894,0
47046344M-104,2024-10-15 07:37:32.010000+00:00,walking,1,catboost,3,47046344M-104,reference,0.0,0.2296754462961249,0
47046344M-104,2024-10-15 07:37:33.010000+00:00,walking,1,catboost,3,47046344M-104,reference,0.0,0.053558448206411646,0
47046344M-104,2024-10-15 07:37:34.010000+00:00,walking,1,catboost,3,47046344M-104,reference,0.0,0.02293272142201378,0
47046344M-104,2024-10-15 07:37:35.010000+00:00,walking,1,catboost,3,47046344M-104,reference,0.0,0.04855230107603681,0
47046344M-104,2024-10-15 07:37:36.010000+00:00,walking,1,catboost,3,47046344M-104,reference,0.0,0.041953458191385094,0
47046344M-104,2024-10-15 07:37:37.010000+00:00,walking,1,catboost,3,47046344M-104,reference,0.0,0.008681333667808747,0
47046344M-104,2024-10-15 07:37:38.010000+00:00,walking,1,catboost,3,47046344M-104,reference,0.0,0.030683642853943115,0
47046344M-104,2024-10-15 07:37:39.010000+00:00,walking,1,catboost,3,47046344M-104,reference,0.0,0.06255838382479646,0
47046344M-104,2024-10-15 07:37:40.010000+00:00,walking,1,catboost,3,47046344M-104,reference,0.0,0.037002759680785965,0
47046344M-104,2024-10-15 07:37:41.010000+00:00,walking,1,catboost,3,47046344M-104,reference,0.0,0.05912374897283824,0
47046344M-104,2024-10-15 07:37:42.010000+00:00,walking,1,catboost,3,47046344M-104,reference,0.0,0.04572044271689385,0
47046344M-104,2024-10-15 07:37:43.010000+00:00,walking,1,catboost,3,47046344M-104,reference,0.0,0.010501025484708736,0
47046344M-104,2024-10-15 07:37:44.010000+00:00,walking,1,catboost,3,47046344M-104,reference,0.0,0.01594447566408431,0
47046344M-104,2024-10-15 07:37:45.010000+00:00,walking,1,catboost,3,47046344M-104,reference,0.0,0.06893403356636928,0
47046344M-104,2024-10-15 07:37:46.010000+00:00,walking,1,catboost,3,47046344M-104,reference,0.0,0.014197056765919858,0
47046344M-104,2024-10-15 07:37:47.010000+00:00,walking,1,catboost,3,47046344M-104,reference,0.0,0.04365826571271434,0
47046344M-104,2024-10-15 07:37:48.010000+00:00,walking,1,catboost,3,47046344M-104,reference,0.0,0.017596208875307138,0
47046344M-104,2024-10-15 07:37:49.010000+00:00,walking,1,catboost,3,47046344M-104,reference,0.0,0.010826899480584077,0
47046344M-104,2024-10-15 07:37:50.010000+00:00,walking,1,catboost,3,47046344M-104,reference,0.0,0.021612788476796208,0
47046344M-104,2024-10-15 07:37:51.010000+00:00,walking,1,catboost,3,47046344M-104,reference,0.0,0.04000628364936095,0
47046344M-104,2024-10-15 07:37:52.010000+00:00,walking,1,catboost,3,47046344M-104,reference,0.0,0.010720695828517965,0
47046344M-104,2024-10-15 07:37:53.010000+00:00,walking,1,catboost,3,47046344M-104,reference,0.0,0.006980017835825396,0
47046344M-104,2024-10-15 07:37:54.010000+00:00,walking,1,catboost,3,47046344M-104,reference,0.0,0.024701199627257066,0
47046344M-104,2024-10-15 07:37:55.010000+00:00,walking,1,catboost,3,47046344M-104,reference,0.0,0.03965548366101344,0
47046344M-104,2024-10-15 07:37:56.010000+00:00,walking,1,catboost,3,47046344M-104,reference,0.0,0.28034978478664685,0
47046344M-104,2024-10-15 07:37:57.010000+00:00,walking,1,catboost,3,47046344M-104,reference,0.0,0.21844572427894576,0
47046344M-104,2024-10-15 07:37:58.010000+00:00,walking,1,catboost,3,47046344M-104,reference,0.0,0.008486497761818156,0
47046344M-104,2024-10-15 07:37:59.010000+00:00,walking,1,catboost,3,47046344M-104,reference,0.0,0.011718260946042206,0
47046344M-104,2024-10-15 07:38:00.010000+00:00,walking,1,catboost,3,47046344M-104,reference,0.0,0.1157849637978423,0
47046344M-104,2024-10-15 07:38:01.010000+00:00,walking,1,catboost,3,47046344M-104,reference,0.0,0.008015140536837433,0
47046344M-104,2024-10-15 07:38:02.010000+00:00,walking,1,catboost,3,47046344M-104,reference,0.0,0.017517676063592204,0
47046344M-104,2024-10-15 07:38:03.010000+00:00,walking,1,catboost,3,47046344M-104,reference,0.0,0.044259247887393396,0
47046344M-104,2024-10-15 07:38:04.010000+00:00,walking,1,catboost,3,47046344M-104,reference,0.0,0.007872382065269934,0
47046344M-104,2024-10-15 07:38:05.010000+00:00,walking,1,catboost,3,47046344M-104,reference,0.0,0.04674479439412069,0
47046344M-104,2024-10-15 07:38:06.010000+00:00,walking,1,catboost,3,47046344M-104,reference,0.0,0.01446551554269699,0
47046344M-104,2024-10-15 07:38:07.010000+00:00,walking,1,catboost,3,47046344M-104,reference,0.0,0.023697528503613993,0
47046344M-104,2024-10-15 07:38:08.010000+00:00,walking,1,catboost,3,47046344M-104,reference,0.0,0.020528507442804423,0
47046344M-104,2024-10-15 07:38:09.010000+00:00,walking,1,catboost,3,47046344M-104,reference,0.0,0.007817718674993613,0
47046344M-104,2024-10-15 07:38:11.010000+00:00,not_walking,0,catboost,3,47046344M-104,reference,0.0,0.012015307968227374,0
47046344M-104,2024-10-15 07:38:12.010000+00:00,not_walking,0,catboost,3,47046344M-104,reference,0.0,0.005864315459695138,0
47046344M-104,2024-10-15 07:38:13.010000+00:00,not_walking,0,catboost,3,47046344M-104,reference,0.0,0.0196006570293415,0
47046344M-104,2024-10-15 07:38:14.010000+00:00,not_walking,0,catboost,3,47046344M-104,reference,0.0,0.006689906249483465,0
47046344M-104,2024-10-15 07:38:15.010000+00:00,not_walking,0,catboost,3,47046344M-104,reference,0.0,0.009452876303523903,0
47046344M-104,2024-10-15 07:38:16.010000+00:00,not_walking,0,catboost,3,47046344M-104,reference,0.0,0.01213881216154809,0
47046344M-104,2024-10-15 07:38:17.010000+00:00,not_walking,0,catboost,3,47046344M-104,reference,0.0,0.013006063418309649,0
47046344M-104,2024-10-15 07:38:18.010000+00:00,not_walking,0,catboost,3,47046344M-104,reference,0.0,0.011314291882099934,0
47046344M-104,2024-10-15 07:38:19.010000+00:00,not_walking,0,catboost,3,47046344M-104,reference,0.0,0.00986282610710917,0
47046344M-104,2024-10-15 07:38:20.010000+00:00,not_walking,0,catboost,3,47046344M-104,reference,0.0,0.008222197375398105,0
47046344M-104,2024-10-15 07:38:21.010000+00:00,not_walking,0,catboost,3,47046344M-104,reference,0.0,0.0113331233210196,0
47046344M-104,2024-10-15 07:38:22.010000+00:00,not_walking,0,catboost,3,47046344M-104,reference,0.0,0.12190296337249443,0
47046344M-104,2024-10-15 07:38:23.010000+00:00,not_walking,0,catboost,3,47046344M-104,reference,0.0,0.30901990172611166,0
47046344M-104,2024-10-15 07:38:25.010000+00:00,not_walking,0,catboost,3,47046344M-104,reference,0.0,0.03784206450375622,0
47046344M-104,2024-10-15 07:38:26.010000+00:00,not_walking,0,catboost,3,47046344M-104,reference,0.0,0.05836501180113228,0
47046344M-104,2024-10-15 07:38:27.010000+00:00,not_walking,0,catboost,3,47046344M-104,reference,0.0,0.06823616833854247,0
47046344M-104,2024-10-15 07:38:28.010000+00:00,not_walking,0,catboost,3,47046344M-104,reference,0.0,0.027789633859205777,0
47046344M-104,2024-10-15 07:38:29.010000+00:00,not_walking,0,catboost,3,47046344M-104,reference,0.0,0.03289067942231042,0
47046344M-104,2024-10-15 07:38:30.010000+00:00,not_walking,0,catboost,3,47046344M-104,reference,0.0,0.05024971807076307,0
47046344M-104,2024-10-15 07:38:31.010000+00:00,not_walking,0,catboost,3,47046344M-104,reference,0.0,0.11389145114037347,0
47046344M-104,2024-10-15 07:38:32.010000+00:00,walking,1,catboost,3,47046344M-104,reference,0.0,0.036118381481053514,0
47046344M-104,2024-10-15 07:38:33.010000+00:00,walking,1,catboost,3,47046344M-104,reference,0.0,0.03764309980658999,0
47046344M-104,2024-10-15 07:38:34.010000+00:00,walking,1,catboost,3,47046344M-104,reference,0.0,0.0164534169169348,0
47046344M-104,2024-10-15 07:38:35.010000+00:00,walking,1,catboost,3,47046344M-104,reference,0.0,0.03762604512606708,0
47046344M-104,2024-10-15 07:38:36.010000+00:00,walking,1,catboost,3,47046344M-104,reference,0.0,0.058535206617994155,0
47046344M-104,2024-10-15 07:38:37.010000+00:00,walking,1,catboost,3,47046344M-104,reference,0.0,0.014232184056883384,0
47046344M-104,2024-10-15 07:38:38.010000+00:00,walking,1,catboost,3,47046344M-104,reference,0.0,0.06968955291693846,0
47046344M-104,2024-10-15 07:38:39.010000+00:00,walking,1,catboost,3,47046344M-104,reference,0.0,0.00825424651437809,0
47046344M-104,2024-10-15 07:38:40.010000+00:00,walking,1,catboost,3,47046344M-104,reference,0.0,0.03612766092909959,0
47046344M-104,2024-10-15 07:38:41.010000+00:00,walking,1,catboost,3,47046344M-104,reference,0.0,0.11946443246591712,0
47046344M-104,2024-10-15 07:38:42.010000+00:00,walking,1,catboost,3,47046344M-104,reference,0.0,0.09413383786216388,0
47046344M-104,2024-10-15 07:38:43.010000+00:00,walking,1,catboost,3,47046344M-104,reference,0.0,0.37863222919544465,0
47046344M-104,2024-10-15 07:38:44.010000+00:00,walking,1,catboost,3,47046344M-104,reference,0.0,0.15466882366993936,0
47046344M-104,2024-10-15 07:38:45.010000+00:00,walking,1,catboost,3,47046344M-104,reference,0.0,0.013022452613913415,0
47046344M-104,2024-10-15 07:38:46.010000+00:00,walking,1,catboost,3,47046344M-104,reference,0.0,0.14693064925908836,0
47046344M-104,2024-10-15 07:38:47.010000+00:00,walking,1,catboost,3,47046344M-104,reference,0.0,0.04632070707883108,0
47046344M-104,2024-10-15 07:38:59.010000+00:00,not_walking,0,catboost,3,47046344M-104,reference,0.0,0.04471015982876001,0
47046344M-104,2024-10-15 07:39:00.010000+00:00,not_walking,0,catboost,3,47046344M-104,reference,0.0,0.12022995068165274,0
47046344M-104,2024-10-15 07:39:01.010000+00:00,not_walking,0,catboost,3,47046344M-104,reference,0.0,0.27861559521928175,0
47046344M-104,2024-10-15 07:39:02.010000+00:00,not_walking,0,catboost,3,47046344M-104,reference,0.0,0.09103693349918561,0
47046344M-104,2024-10-15 07:39:03.010000+00:00,not_walking,0,catboost,3,47046344M-104,reference,0.0,0.14194426591411222,0
47046344M-104,2024-10-15 07:39:04.010000+00:00,not_walking,0,catboost,3,47046344M-104,reference,0.0,0.02690992922671333,0
47046344M-104,2024-10-15 07:39:05.010000+00:00,not_walking,0,catboost,3,47046344M-104,reference,0.0,0.05079897842800644,0
47046344M-104,2024-10-15 07:39:06.010000+00:00,not_walking,0,catboost,3,47046344M-104,reference,0.0,0.05804300561053588,0
47046344M-104,2024-10-15 07:39:07.010000+00:00,not_walking,0,catboost,3,47046344M-104,reference,0.0,0.11924866970834758,0
47046344M-104,2024-10-15 07:39:08.010000+00:00,not_walking,0,catboost,3,47046344M-104,reference,0.0,0.08484308275698955,0
47046344M-104,2024-10-15 07:39:09.010000+00:00,not_walking,0,catboost,3,47046344M-104,reference,0.0,0.23076230428776157,0
47046344M-104,2024-10-15 07:39:10.010000+00:00,not_walking,0,catboost,3,47046344M-104,reference,0.0,0.030591834404203936,0
47046344M-104,2024-10-15 07:39:11.010000+00:00,not_walking,0,catboost,3,47046344M-104,reference,0.0,0.038166443466564066,0
47046344M-104,2024-10-15 07:39:26.010000+00:00,walking,1,catboost,3,47046344M-104,reference,0.0,0.27109539642749686,0
47046344M-104,2024-10-15 07:39:27.010000+00:00,walking,1,catboost,3,47046344M-104,reference,0.0,0.4493321783953862,0
47046344M-104,2024-10-15 07:39:28.010000+00:00,walking,1,catboost,3,47046344M-104,reference,0.0,0.13723262588623278,0
47046344M-104,2024-10-15 07:39:29.010000+00:00,walking,1,catboost,3,47046344M-104,reference,0.0,0.13923179423620557,0
47046344M-104,2024-10-15 07:39:30.010000+00:00,walking,1,catboost,3,47046344M-104,reference,0.0,0.38194394401717935,0
47046344M-104,2024-10-15 07:39:31.010000+00:00,walking,1,catboost,3,47046344M-104,reference,0.0,0.2677436344481873,0
47046344M-104,2024-10-15 07:39:32.010000+00:00,walking,1,catboost,3,47046344M-104,reference,0.0,0.12798759968224024,0
47046344M-104,2024-10-15 07:39:33.010000+00:00,walking,1,catboost,3,47046344M-104,reference,0.0,0.1368184596520791,0
47046344M-104,2024-10-15 07:39:34.010000+00:00,walking,1,catboost,3,47046344M-104,reference,0.0,0.38902238015488466,0
47046344M-104,2024-10-15 07:39:35.010000+00:00,walking,1,catboost,3,47046344M-104,reference,0.0,0.4060221362265916,0
47046344M-104,2024-10-15 07:39:36.010000+00:00,walking,1,catboost,3,47046344M-104,reference,0.0,0.214828944223884,0
47046344M-104,2024-10-15 07:39:37.010000+00:00,walking,1,catboost,3,47046344M-104,reference,0.0,0.185787877324058,0
47046344M-104,2024-10-15 07:39:38.010000+00:00,walking,1,catboost,3,47046344M-104,reference,0.0,0.3487470402716584,0
47046344M-104,2024-10-15 07:39:39.010000+00:00,walking,1,catboost,3,47046344M-104,reference,0.0,0.037897060263872503,0
47046344M-104,2024-10-15 07:39:40.010000+00:00,walking,1,catboost,3,47046344M-104,reference,0.0,0.34355137476961345,0
47046344M-104,2024-10-15 07:39:41.010000+00:00,walking,1,catboost,3,47046344M-104,reference,0.0,0.06620909694951159,0
47046344M-104,2024-10-15 07:39:42.010000+00:00,walking,1,catboost,3,47046344M-104,reference,0.0,0.09436861319192105,0
47046344M-104,2024-10-15 07:39:43.010000+00:00,walking,1,catboost,3,47046344M-104,reference,0.0,0.12845170248033794,0
47046344M-104,2024-10-15 07:39:44.010000+00:00,walking,1,catboost,3,47046344M-104,reference,0.0,0.21452336099826483,0
47046344M-104,2024-10-15 07:39:45.010000+00:00,walking,1,catboost,3,47046344M-104,reference,0.0,0.1650488888807687,0
47046344M-104,2024-10-15 07:39:46.010000+00:00,walking,1,catboost,3,47046344M-104,reference,0.0,0.08298223240009772,0
47046344M-104,2024-10-15 07:39:47.010000+00:00,walking,1,catboost,3,47046344M-104,reference,0.0,0.0488527199100517,0
47046344M-104,2024-10-15 07:39:48.010000+00:00,walking,1,catboost,3,47046344M-104,reference,0.0,0.028967688299680175,0
47046344M-104,2024-10-15 07:39:49.010000+00:00,walking,1,catboost,3,47046344M-104,reference,0.0,0.12100022738931811,0
47046344M-104,2024-10-15 07:39:50.010000+00:00,walking,1,catboost,3,47046344M-104,reference,0.0,0.3433172045227087,0
47046344M-104,2024-10-15 07:39:51.010000+00:00,walking,1,catboost,3,47046344M-104,reference,0.0,0.18151103701639623,0
47046344M-104,2024-10-15 07:39:52.010000+00:00,walking,1,catboost,3,47046344M-104,reference,0.0,0.1370068493983842,0
47046344M-104,2024-10-15 07:39:53.010000+00:00,walking,1,catboost,3,47046344M-104,reference,0.0,0.4232013970326498,0
47046344M-104,2024-10-15 07:39:54.010000+00:00,walking,1,catboost,3,47046344M-104,reference,0.0,0.11713509758614173,0
47046344M-104,2024-10-15 07:39:55.010000+00:00,walking,1,catboost,3,47046344M-104,reference,0.0,0.3221629311580964,0
47046344M-104,2024-10-15 07:39:56.010000+00:00,walking,1,catboost,3,47046344M-104,reference,0.0,0.5382943690359944,1
47046344M-104,2024-10-15 07:39:57.010000+00:00,walking,1,catboost,3,47046344M-104,reference,0.0,0.17482899404537544,0
47046344M-104,2024-10-15 07:39:58.010000+00:00,walking,1,catboost,3,47046344M-104,reference,0.0,0.07198913468577357,0
47046344M-104,2024-10-15 07:39:59.010000+00:00,walking,1,catboost,3,47046344M-104,reference,0.0,0.17158966916918916,0
47046344M-104,2024-10-15 07:40:00.010000+00:00,walking,1,catboost,3,47046344M-104,reference,0.0,0.0663973063690778,0
47046344M-104,2024-10-15 07:40:01.010000+00:00,walking,1,catboost,3,47046344M-104,reference,0.0,0.03444899917546047,0
47046344M-104,2024-10-15 07:40:02.010000+00:00,walking,1,catboost,3,47046344M-104,reference,0.0,0.24266139950611895,0
47046344M-104,2024-10-15 07:40:03.010000+00:00,walking,1,catboost,3,47046344M-104,reference,0.0,0.10775443364921594,0
47046344M-104,2024-10-15 07:40:04.010000+00:00,walking,1,catboost,3,47046344M-104,reference,0.0,0.030350995082386364,0
47046344M-104,2024-10-15 07:40:05.010000+00:00,walking,1,catboost,3,47046344M-104,reference,0.0,0.027806348046465954,0
47046344M-104,2024-10-15 07:40:06.010000+00:00,walking,1,catboost,3,47046344M-104,reference,0.0,0.03126616704093819,0
47046344M-104,2024-10-15 07:40:07.010000+00:00,walking,1,catboost,3,47046344M-104,reference,0.0,0.14968914463141225,0
47046344M-104,2024-10-15 07:40:08.010000+00:00,walking,1,catboost,3,47046344M-104,reference,0.0,0.126474378383523,0
47046344M-104,2024-10-15 07:40:09.010000+00:00,walking,1,catboost,3,47046344M-104,reference,0.0,0.24421571015140478,0
47046344M-104,2024-10-15 07:43:28.010000+00:00,walking,1,catboost,3,47046344M-104,reference,0.0,0.18143642887583147,0
47046344M-104,2024-10-15 07:43:29.010000+00:00,walking,1,catboost,3,47046344M-104,reference,0.0,0.034673313473362735,0
47046344M-104,2024-10-15 07:43:30.010000+00:00,walking,1,catboost,3,47046344M-104,reference,0.0,0.1260244313718621,0
47046344M-104,2024-10-15 07:43:31.010000+00:00,walking,1,catboost,3,47046344M-104,reference,0.0,0.09901986285601365,0
47046344M-104,2024-10-15 07:43:32.010000+00:00,walking,1,catboost,3,47046344M-104,reference,0.0,0.21217709478552824,0
47046344M-104,2024-10-15 07:43:33.010000+00:00,walking,1,catboost,3,47046344M-104,reference,0.0,0.012658578434850696,0
47046344M-104,2024-10-15 07:43:34.010000+00:00,walking,1,catboost,3,47046344M-104,reference,0.0,0.33991012675719384,0
47046344M-104,2024-10-15 07:43:35.010000+00:00,walking,1,catboost,3,47046344M-104,reference,0.0,0.56233578929302,1
47046344M-104,2024-10-15 07:43:36.010000+00:00,walking,1,catboost,3,47046344M-104,reference,0.0,0.22088752020154007,0
47046344M-104,2024-10-15 07:43:37.010000+00:00,walking,1,catboost,3,47046344M-104,reference,0.0,0.09364330254775027,0
47046344M-104,2024-10-15 07:43:38.010000+00:00,walking,1,catboost,3,47046344M-104,reference,0.0,0.215294486191538,0
47046344M-104,2024-10-15 07:43:39.010000+00:00,walking,1,catboost,3,47046344M-104,reference,0.0,0.03974715043538979,0
47046344M-104,2024-10-15 07:43:40.010000+00:00,walking,1,catboost,3,47046344M-104,reference,0.0,0.08595838259497868,0
47046344M-104,2024-10-15 07:43:41.010000+00:00,walking,1,catboost,3,47046344M-104,reference,0.0,0.04080432575304765,0
47046344M-104,2024-10-15 07:43:42.010000+00:00,walking,1,catboost,3,47046344M-104,reference,0.0,0.09261623136851017,0
47046344M-104,2024-10-15 07:43:43.010000+00:00,walking,1,catboost,3,47046344M-104,reference,0.0,0.18208045146394036,0
47046344M-104,2024-10-15 07:43:44.010000+00:00,walking,1,catboost,3,47046344M-104,reference,0.0,0.35807676795062027,0
47046344M-104,2024-10-15 07:43:45.010000+00:00,walking,1,catboost,3,47046344M-104,reference,0.0,0.1045868279299585,0
47046344M-104,2024-10-15 07:43:46.010000+00:00,walking,1,catboost,3,47046344M-104,reference,0.0,0.1279062305054083,0
47046344M-104,2024-10-15 07:43:47.010000+00:00,walking,1,catboost,3,47046344M-104,reference,0.0,0.08403200676188567,0
47046344M-104,2024-10-15 07:43:48.010000+00:00,walking,1,catboost,3,47046344M-104,reference,0.0,0.05986090249724599,0
47046344M-104,2024-10-15 07:43:49.010000+00:00,walking,1,catboost,3,47046344M-104,reference,0.0,0.07933785566377392,0
47046344M-104,2024-10-15 07:43:50.010000+00:00,walking,1,catboost,3,47046344M-104,reference,0.0,0.2873535259969198,0
47046344M-104,2024-10-15 07:43:51.010000+00:00,walking,1,catboost,3,47046344M-104,reference,0.0,0.08758455402059986,0
47046344M-104,2024-10-15 07:43:52.010000+00:00,walking,1,catboost,3,47046344M-104,reference,0.0,0.07963029021117606,0
47046344M-104,2024-10-15 07:43:53.010000+00:00,walking,1,catboost,3,47046344M-104,reference,0.0,0.013521136530371488,0
47046344M-104,2024-10-15 07:43:54.010000+00:00,walking,1,catboost,3,47046344M-104,reference,0.0,0.16462608510648857,0
47046344M-104,2024-10-15 07:43:55.010000+00:00,walking,1,catboost,3,47046344M-104,reference,0.0,0.6331674452254673,1
47046344M-104,2024-10-15 07:43:56.010000+00:00,walking,1,catboost,3,47046344M-104,reference,0.0,0.08070253327512035,0
47046344M-104,2024-10-15 07:43:57.010000+00:00,walking,1,catboost,3,47046344M-104,reference,0.0,0.3178184013017407,0
47046344M-104,2024-10-15 07:43:58.010000+00:00,walking,1,catboost,3,47046344M-104,reference,0.0,0.25302000801876406,0
47046344M-104,2024-10-15 07:43:59.010000+00:00,walking,1,catboost,3,47046344M-104,reference,0.0,0.24930404877078602,0
47046344M-104,2024-10-15 07:44:00.010000+00:00,walking,1,catboost,3,47046344M-104,reference,0.0,0.02579776725153094,0
47046344M-104,2024-10-15 07:44:01.010000+00:00,walking,1,catboost,3,47046344M-104,reference,0.0,0.14145006639855856,0
47046344M-104,2024-10-15 07:44:02.010000+00:00,walking,1,catboost,3,47046344M-104,reference,0.0,0.30103926769080847,0
47046344M-104,2024-10-15 07:44:03.010000+00:00,walking,1,catboost,3,47046344M-104,reference,0.0,0.3734758112660334,0
47046344M-104,2024-10-15 07:44:04.010000+00:00,walking,1,catboost,3,47046344M-104,reference,0.0,0.16197057970894954,0
47046344M-104,2024-10-15 07:44:05.010000+00:00,walking,1,catboost,3,47046344M-104,reference,0.0,0.05959676658825537,0
47046344M-104,2024-10-15 07:44:06.010000+00:00,walking,1,catboost,3,47046344M-104,reference,0.0,0.01545448522111527,0
47046344M-104,2024-10-15 07:44:07.010000+00:00,walking,1,catboost,3,47046344M-104,reference,0.0,0.14282073395086534,0
47046344M-104,2024-10-15 07:44:08.010000+00:00,walking,1,catboost,3,47046344M-104,reference,0.0,0.06693839286618616,0
47046344M-104,2024-10-15 07:44:09.010000+00:00,walking,1,catboost,3,47046344M-104,reference,0.0,0.04788264049769614,0
47046344M-104,2024-10-15 07:44:10.010000+00:00,walking,1,catboost,3,47046344M-104,reference,0.0,0.1443069048539828,0
47046344M-104,2024-10-15 07:44:11.010000+00:00,walking,1,catboost,3,47046344M-104,reference,0.0,0.06459213540358759,0
47046344M-104,2024-10-15 07:44:13.010000+00:00,not_walking,0,catboost,3,47046344M-104,reference,0.0,0.06656444155542217,0
47046344M-104,2024-10-15 07:44:14.010000+00:00,not_walking,0,catboost,3,47046344M-104,reference,0.0,0.020658057981447455,0
47046344M-104,2024-10-15 07:44:15.010000+00:00,not_walking,0,catboost,3,47046344M-104,reference,0.0,0.02288974712055853,0
47046344M-104,2024-10-15 07:44:16.010000+00:00,not_walking,0,catboost,3,47046344M-104,reference,0.0,0.01450657801572195,0
47046344M-104,2024-10-15 07:44:17.010000+00:00,not_walking,0,catboost,3,47046344M-104,reference,0.0,0.01585775139388926,0
47046344M-104,2024-10-15 07:44:18.010000+00:00,not_walking,0,catboost,3,47046344M-104,reference,0.0,0.095294296711296,0
47046344M-104,2024-10-15 07:44:19.010000+00:00,not_walking,0,catboost,3,47046344M-104,reference,0.0,0.19155110801092076,0
47046344M-104,2024-10-15 07:44:20.010000+00:00,not_walking,0,catboost,3,47046344M-104,reference,0.0,0.009443428014048991,0
47046344M-104,2024-10-15 07:44:21.010000+00:00,not_walking,0,catboost,3,47046344M-104,reference,0.0,0.0821175653180793,0
47046344M-104,2024-10-15 07:44:22.010000+00:00,not_walking,0,catboost,3,47046344M-104,reference,0.0,0.025831807803147998,0
47046344M-104,2024-10-15 07:44:23.010000+00:00,not_walking,0,catboost,3,47046344M-104,reference,0.0,0.056182081404044217,0
47046344M-104,2024-10-15 07:44:24.010000+00:00,not_walking,0,catboost,3,47046344M-104,reference,0.0,0.1947190508622829,0
47046344M-104,2024-10-15 07:44:25.010000+00:00,not_walking,0,catboost,3,47046344M-104,reference,0.0,0.1969031980170488,0
47046344M-104,2024-10-15 07:44:26.010000+00:00,not_walking,0,catboost,3,47046344M-104,reference,0.0,0.022740630300830053,0
47046344M-104,2024-10-15 07:44:27.010000+00:00,not_walking,0,catboost,3,47046344M-104,reference,0.0,0.01316579433829965,0
47046344M-104,2024-10-15 07:44:28.010000+00:00,not_walking,0,catboost,3,47046344M-104,reference,0.0,0.026743495064481843,0
47046344M-104,2024-10-15 07:44:29.010000+00:00,not_walking,0,catboost,3,47046344M-104,reference,0.0,0.043324231820524944,0
47046344M-104,2024-10-15 07:44:30.010000+00:00,not_walking,0,catboost,3,47046344M-104,reference,0.0,0.13769302370237116,0
47046344M-104,2024-10-15 07:44:31.010000+00:00,not_walking,0,catboost,3,47046344M-104,reference,0.0,0.00757494790263546,0
47046344M-104,2024-10-15 07:44:32.010000+00:00,not_walking,0,catboost,3,47046344M-104,reference,0.0,0.006348251796864784,0
47046344M-104,2024-10-15 07:44:33.010000+00:00,not_walking,0,catboost,3,47046344M-104,reference,0.0,0.017430115617502847,0
47046344M-104,2024-10-15 07:44:34.010000+00:00,not_walking,0,catboost,3,47046344M-104,reference,0.0,0.08115534889820736,0
47046344M-104,2024-10-15 07:44:35.010000+00:00,not_walking,0,catboost,3,47046344M-104,reference,0.0,0.031272492574482724,0
47046344M-104,2024-10-15 07:44:36.010000+00:00,not_walking,0,catboost,3,47046344M-104,reference,0.0,0.00847071783533792,0
47046344M-104,2024-10-15 07:44:37.010000+00:00,not_walking,0,catboost,3,47046344M-104,reference,0.0,0.03484017757163078,0
47046344M-104,2024-10-15 07:44:38.010000+00:00,not_walking,0,catboost,3,47046344M-104,reference,0.0,0.05234734297728993,0
47046344M-104,2024-10-15 07:44:39.010000+00:00,not_walking,0,catboost,3,47046344M-104,reference,0.0,0.04040666847133115,0
47046344M-104,2024-10-15 07:44:40.010000+00:00,not_walking,0,catboost,3,47046344M-104,reference,0.0,0.08558654245226256,0
47046344M-104,2024-10-15 07:44:41.010000+00:00,not_walking,0,catboost,3,47046344M-104,reference,0.0,0.17121207019015733,0
47046344M-104,2024-10-15 07:44:42.010000+00:00,not_walking,0,catboost,3,47046344M-104,reference,0.0,0.230228003854997,0
47046344M-104,2024-10-15 07:44:43.010000+00:00,not_walking,0,catboost,3,47046344M-104,reference,0.0,0.10987950320072629,0
47046344M-104,2024-10-15 07:44:44.010000+00:00,not_walking,0,catboost,3,47046344M-104,reference,0.0,0.037400511679622175,0
47046344M-104,2024-10-15 07:44:45.010000+00:00,not_walking,0,catboost,3,47046344M-104,reference,0.0,0.024368704425127077,0
47046344M-104,2024-10-15 07:44:46.010000+00:00,not_walking,0,catboost,3,47046344M-104,reference,0.0,0.19686707835844497,0
47046344M-104,2024-10-15 07:44:47.010000+00:00,not_walking,0,catboost,3,47046344M-104,reference,0.0,0.026184834659519148,0
47046344M-104,2024-10-15 07:44:48.010000+00:00,not_walking,0,catboost,3,47046344M-104,reference,0.0,0.038798165298727746,0
47046344M-104,2024-10-15 07:44:49.010000+00:00,not_walking,0,catboost,3,47046344M-104,reference,0.0,0.10113628193867713,0
47046344M-104,2024-10-15 07:44:50.010000+00:00,not_walking,0,catboost,3,47046344M-104,reference,0.0,0.015248659538735113,0
47046344M-104,2024-10-15 07:44:51.010000+00:00,not_walking,0,catboost,3,47046344M-104,reference,0.0,0.025135490681633985,0
47046344M-104,2024-10-15 07:44:52.010000+00:00,not_walking,0,catboost,3,47046344M-104,reference,0.0,0.031756491038356635,0
47046344M-104,2024-10-15 07:44:53.010000+00:00,not_walking,0,catboost,3,47046344M-104,reference,0.0,0.06688645264728296,0
47046344M-104,2024-10-15 07:44:54.010000+00:00,not_walking,0,catboost,3,47046344M-104,reference,0.0,0.08583566224687715,0
47046344M-104,2024-10-15 07:44:55.010000+00:00,not_walking,0,catboost,3,47046344M-104,reference,0.0,0.037573093026396054,0
47046344M-104,2024-10-15 07:44:56.010000+00:00,not_walking,0,catboost,3,47046344M-104,reference,0.0,0.02770876727876595,0
47046344M-104,2024-10-15 07:44:57.010000+00:00,not_walking,0,catboost,3,47046344M-104,reference,0.0,0.09342138041512346,0
47046344M-104,2024-10-15 07:44:58.010000+00:00,not_walking,0,catboost,3,47046344M-104,reference,0.0,0.04503985664232769,0
47046344M-104,2024-10-15 07:44:59.010000+00:00,not_walking,0,catboost,3,47046344M-104,reference,0.0,0.05358587887578161,0
47046344M-104,2024-10-15 07:45:00.010000+00:00,not_walking,0,catboost,3,47046344M-104,reference,0.0,0.04178566004776459,0
47046344M-104,2024-10-15 07:45:01.010000+00:00,not_walking,0,catboost,3,47046344M-104,reference,0.0,0.15606149994863194,0
47046344M-104,2024-10-15 07:45:02.010000+00:00,not_walking,0,catboost,3,47046344M-104,reference,0.0,0.14065119914067858,0
47046344M-104,2024-10-15 07:45:03.010000+00:00,not_walking,0,catboost,3,47046344M-104,reference,0.0,0.06255132501233629,0
47046344M-104,2024-10-15 07:45:04.010000+00:00,not_walking,0,catboost,3,47046344M-104,reference,0.0,0.05101011270828543,0
47046344M-104,2024-10-15 07:45:05.010000+00:00,not_walking,0,catboost,3,47046344M-104,reference,0.0,0.5628258908677778,1
47046344M-104,2024-10-15 07:45:06.010000+00:00,not_walking,0,catboost,3,47046344M-104,reference,0.0,0.04182333543474372,0
47046344M-104,2024-10-15 07:45:07.010000+00:00,not_walking,0,catboost,3,47046344M-104,reference,0.0,0.23250388218294618,0
47046344M-104,2024-10-15 07:45:08.010000+00:00,not_walking,0,catboost,3,47046344M-104,reference,0.0,0.030957166070310658,0
47046344M-104,2024-10-15 07:45:09.010000+00:00,not_walking,0,catboost,3,47046344M-104,reference,0.0,0.17956306817297352,0
47046344M-104,2024-10-15 07:45:10.010000+00:00,not_walking,0,catboost,3,47046344M-104,reference,0.0,0.366214189211168,0
47046344M-104,2024-10-15 07:45:11.010000+00:00,not_walking,0,catboost,3,47046344M-104,reference,0.0,0.027229404389672984,0
47046344M-104,2024-10-15 07:45:12.010000+00:00,not_walking,0,catboost,3,47046344M-104,reference,0.0,0.20946981789467736,0
47046344M-104,2024-10-15 07:45:13.010000+00:00,not_walking,0,catboost,3,47046344M-104,reference,0.0,0.07385203210793741,0
47046344M-104,2024-10-15 07:45:14.010000+00:00,not_walking,0,catboost,3,47046344M-104,reference,0.0,0.02794957489395336,0
47046344M-104,2024-10-15 07:45:15.010000+00:00,not_walking,0,catboost,3,47046344M-104,reference,0.0,0.07133658377557289,0
47046344M-104,2024-10-15 07:45:16.010000+00:00,not_walking,0,catboost,3,47046344M-104,reference,0.0,0.10952920084195324,0
47046344M-104,2024-10-15 07:45:17.010000+00:00,not_walking,0,catboost,3,47046344M-104,reference,0.0,0.22037693417812595,0
47046344M-104,2024-10-15 07:45:18.010000+00:00,not_walking,0,catboost,3,47046344M-104,reference,0.0,0.19395840308329257,0
47046344M-104,2024-10-15 07:45:19.010000+00:00,not_walking,0,catboost,3,47046344M-104,reference,0.0,0.06246316701645779,0
47046344M-104,2024-10-15 07:45:20.010000+00:00,not_walking,0,catboost,3,47046344M-104,reference,0.0,0.10072207505283419,0
47046344M-104,2024-10-15 07:45:21.010000+00:00,not_walking,0,catboost,3,47046344M-104,reference,0.0,0.057532521796361036,0
47046344M-104,2024-10-15 07:45:22.010000+00:00,not_walking,0,catboost,3,47046344M-104,reference,0.0,0.19902652285232528,0
47046344M-104,2024-10-15 07:45:23.010000+00:00,not_walking,0,catboost,3,47046344M-104,reference,0.0,0.12662174041122487,0
47046344M-104,2024-10-15 07:45:25.010000+00:00,walking,1,catboost,3,47046344M-104,reference,0.0,0.11105302838453664,0
47046344M-104,2024-10-15 07:45:26.010000+00:00,walking,1,catboost,3,47046344M-104,reference,0.0,0.11219486440569282,0
47046344M-104,2024-10-15 07:45:27.010000+00:00,walking,1,catboost,3,47046344M-104,reference,0.0,0.145006198936296,0
47046344M-104,2024-10-15 07:45:28.010000+00:00,walking,1,catboost,3,47046344M-104,reference,0.0,0.05251638861247478,0
47046344M-104,2024-10-15 07:45:29.010000+00:00,walking,1,catboost,3,47046344M-104,reference,0.0,0.09456438993711984,0
47046344M-104,2024-10-15 07:45:30.010000+00:00,walking,1,catboost,3,47046344M-104,reference,0.0,0.04407337968835208,0
47046344M-104,2024-10-15 07:45:31.010000+00:00,walking,1,catboost,3,47046344M-104,reference,0.0,0.03570064239698077,0
47046344M-104,2024-10-15 07:45:32.010000+00:00,walking,1,catboost,3,47046344M-104,reference,0.0,0.06778265640964316,0
47046344M-104,2024-10-15 07:45:33.010000+00:00,walking,1,catboost,3,47046344M-104,reference,0.0,0.15408041611999987,0
47046344M-104,2024-10-15 07:45:34.010000+00:00,walking,1,catboost,3,47046344M-104,reference,0.0,0.08690092490048128,0
47046344M-104,2024-10-15 07:45:35.010000+00:00,walking,1,catboost,3,47046344M-104,reference,0.0,0.04552156048958512,0
47046344M-104,2024-10-15 07:45:36.010000+00:00,walking,1,catboost,3,47046344M-104,reference,0.0,0.27995465067495184,0
47046344M-104,2024-10-15 07:45:37.010000+00:00,walking,1,catboost,3,47046344M-104,reference,0.0,0.036467354120042775,0
47046344M-104,2024-10-15 07:45:38.010000+00:00,walking,1,catboost,3,47046344M-104,reference,0.0,0.10622659377759426,0
47046344M-104,2024-10-15 07:45:39.010000+00:00,walking,1,catboost,3,47046344M-104,reference,0.0,0.05574367378419339,0
47046344M-104,2024-10-15 07:45:40.010000+00:00,walking,1,catboost,3,47046344M-104,reference,0.0,0.37603888647175404,0
47046344M-104,2024-10-15 07:45:41.010000+00:00,walking,1,catboost,3,47046344M-104,reference,0.0,0.07689806323955083,0
47046344M-104,2024-10-15 07:45:42.010000+00:00,walking,1,catboost,3,47046344M-104,reference,0.0,0.3105207380999827,0
47046344M-104,2024-10-15 07:45:43.010000+00:00,walking,1,catboost,3,47046344M-104,reference,0.0,0.1614420411762129,0
47046344M-104,2024-10-15 07:45:44.010000+00:00,walking,1,catboost,3,47046344M-104,reference,0.0,0.05101524997231707,0
47046344M-104,2024-10-15 07:45:45.010000+00:00,walking,1,catboost,3,47046344M-104,reference,0.0,0.5673342482588071,1
47046344M-104,2024-10-15 07:45:46.010000+00:00,walking,1,catboost,3,47046344M-104,reference,0.0,0.10388913911126868,0
47046344M-104,2024-10-15 07:45:47.010000+00:00,walking,1,catboost,3,47046344M-104,reference,0.0,0.03722490561275079,0
47046344M-104,2024-10-15 07:45:48.010000+00:00,walking,1,catboost,3,47046344M-104,reference,0.0,0.009442617503818246,0
47046344M-104,2024-10-15 07:45:49.010000+00:00,walking,1,catboost,3,47046344M-104,reference,0.0,0.051028457738718704,0
47046344M-104,2024-10-15 07:45:50.010000+00:00,walking,1,catboost,3,47046344M-104,reference,0.0,0.07938993717402196,0
47046344M-104,2024-10-15 07:45:51.010000+00:00,walking,1,catboost,3,47046344M-104,reference,0.0,0.015992908356017403,0
47046344M-104,2024-10-15 07:45:52.010000+00:00,walking,1,catboost,3,47046344M-104,reference,0.0,0.08822109851442539,0
47046344M-104,2024-10-15 07:45:53.010000+00:00,walking,1,catboost,3,47046344M-104,reference,0.0,0.008362535822794831,0
47046344M-104,2024-10-15 07:45:54.010000+00:00,walking,1,catboost,3,47046344M-104,reference,0.0,0.057544054677732596,0
47046344M-104,2024-10-15 07:45:55.010000+00:00,walking,1,catboost,3,47046344M-104,reference,0.0,0.06320879520006596,0
47046344M-104,2024-10-15 07:45:56.010000+00:00,walking,1,catboost,3,47046344M-104,reference,0.0,0.0580160144154351,0
47046344M-104,2024-10-15 07:45:57.010000+00:00,walking,1,catboost,3,47046344M-104,reference,0.0,0.0531644731283299,0
47046344M-104,2024-10-15 07:45:58.010000+00:00,walking,1,catboost,3,47046344M-104,reference,0.0,0.0784251921865905,0
47046344M-104,2024-10-15 07:45:59.010000+00:00,walking,1,catboost,3,47046344M-104,reference,0.0,0.5255570890876142,1
47046344M-104,2024-10-15 07:46:00.010000+00:00,walking,1,catboost,3,47046344M-104,reference,0.0,0.3002039149694283,0
47046344M-104,2024-10-15 07:46:01.010000+00:00,walking,1,catboost,3,47046344M-104,reference,0.0,0.136177792847058,0
47046344M-104,2024-10-15 07:46:02.010000+00:00,walking,1,catboost,3,47046344M-104,reference,0.0,0.2331134752921549,0
47046344M-104,2024-10-15 07:46:03.010000+00:00,walking,1,catboost,3,47046344M-104,reference,0.0,0.14812832528520453,0
47046344M-104,2024-10-15 07:46:04.010000+00:00,walking,1,catboost,3,47046344M-104,reference,0.0,0.06701522225551373,0
47046344M-104,2024-10-15 07:46:05.010000+00:00,walking,1,catboost,3,47046344M-104,reference,0.0,0.18842468384308692,0
47046344M-104,2024-10-15 07:46:06.010000+00:00,walking,1,catboost,3,47046344M-104,reference,0.0,0.31936071546783035,0
47046344M-104,2024-10-15 07:46:07.010000+00:00,walking,1,catboost,3,47046344M-104,reference,0.0,0.2191537874103752,0
47046344M-104,2024-10-15 07:46:08.010000+00:00,walking,1,catboost,3,47046344M-104,reference,0.0,0.17539141932942892,0
47046344M-104,2024-10-15 07:46:09.010000+00:00,walking,1,catboost,3,47046344M-104,reference,0.0,0.061090166817700554,0
47046344M-104,2024-10-15 07:46:10.010000+00:00,walking,1,catboost,3,47046344M-104,reference,0.0,0.04402064905638283,0
47046344M-104,2024-10-15 07:46:11.010000+00:00,walking,1,catboost,3,47046344M-104,reference,0.0,0.530429334183101,1
47046344M-104,2024-10-15 07:46:12.010000+00:00,walking,1,catboost,3,47046344M-104,reference,0.0,0.34712674170941715,0
47046344M-104,2024-10-15 07:46:13.010000+00:00,walking,1,catboost,3,47046344M-104,reference,0.0,0.1471570438382718,0
47046344M-104,2024-10-15 07:46:14.010000+00:00,walking,1,catboost,3,47046344M-104,reference,0.0,0.11051930983046401,0
47046344M-104,2024-10-15 07:46:15.010000+00:00,walking,1,catboost,3,47046344M-104,reference,0.0,0.03249682901577289,0
47046344M-104,2024-10-15 07:46:16.010000+00:00,walking,1,catboost,3,47046344M-104,reference,0.0,0.1438384152450546,0
47046344M-104,2024-10-15 07:46:17.010000+00:00,walking,1,catboost,3,47046344M-104,reference,0.0,0.12311818434353274,0
47046344M-104,2024-10-15 07:46:18.010000+00:00,walking,1,catboost,3,47046344M-104,reference,0.0,0.6871154981487924,1
47046344M-104,2024-10-15 07:46:19.010000+00:00,walking,1,catboost,3,47046344M-104,reference,0.0,0.099324645702003,0
47046344M-104,2024-10-15 07:46:20.010000+00:00,walking,1,catboost,3,47046344M-104,reference,0.0,0.32247155061518046,0
47046344M-104,2024-10-15 07:46:21.010000+00:00,walking,1,catboost,3,47046344M-104,reference,0.0,0.03134985680460442,0
47046344M-104,2024-10-15 07:46:22.010000+00:00,walking,1,catboost,3,47046344M-104,reference,0.0,0.04383389577526771,0
47046344M-104,2024-10-15 07:46:23.010000+00:00,walking,1,catboost,3,47046344M-104,reference,0.0,0.07881791642567906,0
47046344M-104,2024-10-15 07:46:24.010000+00:00,walking,1,catboost,3,47046344M-104,reference,0.0,0.11037969059496093,0
47046344M-104,2024-10-15 07:46:25.010000+00:00,walking,1,catboost,3,47046344M-104,reference,0.0,0.041511393279219544,0
47046344M-104,2024-10-15 07:46:26.010000+00:00,walking,1,catboost,3,47046344M-104,reference,0.0,0.22704869484757037,0
47046344M-104,2024-10-15 07:46:27.010000+00:00,walking,1,catboost,3,47046344M-104,reference,0.0,0.061279273795785856,0
47046344M-104,2024-10-15 07:46:28.010000+00:00,walking,1,catboost,3,47046344M-104,reference,0.0,0.05181605005545008,0
47046344M-104,2024-10-15 07:46:29.010000+00:00,walking,1,catboost,3,47046344M-104,reference,0.0,0.12836776150499718,0
47046344M-104,2024-10-15 07:46:30.010000+00:00,walking,1,catboost,3,47046344M-104,reference,0.0,0.06841003486646374,0
47046344M-104,2024-10-15 07:46:31.010000+00:00,walking,1,catboost,3,47046344M-104,reference,0.0,0.0570551067479726,0
47046344M-104,2024-10-15 07:46:32.010000+00:00,walking,1,catboost,3,47046344M-104,reference,0.0,0.085635665131406,0
47046344M-104,2024-10-15 07:46:33.010000+00:00,walking,1,catboost,3,47046344M-104,reference,0.0,0.04541429842925506,0
47046344M-104,2024-10-15 07:46:34.010000+00:00,walking,1,catboost,3,47046344M-104,reference,0.0,0.05231069717942215,0
47046344M-104,2024-10-15 07:46:35.010000+00:00,walking,1,catboost,3,47046344M-104,reference,0.0,0.13590943321424262,0
47046344M-104,2024-10-15 07:46:36.010000+00:00,walking,1,catboost,3,47046344M-104,reference,0.0,0.10062874816494886,0
47046344M-104,2024-10-15 07:46:37.010000+00:00,walking,1,catboost,3,47046344M-104,reference,0.0,0.042327316078918945,0
47046344M-104,2024-10-15 07:46:38.010000+00:00,walking,1,catboost,3,47046344M-104,reference,0.0,0.1063962574746023,0
47046344M-104,2024-10-15 07:46:39.010000+00:00,walking,1,catboost,3,47046344M-104,reference,0.0,0.19219504700386505,0
47046344M-104,2024-10-15 07:46:40.010000+00:00,walking,1,catboost,3,47046344M-104,reference,0.0,0.053523597646795644,0
47046344M-104,2024-10-15 07:46:41.010000+00:00,walking,1,catboost,3,47046344M-104,reference,0.0,0.36378539374004654,0
47046344M-104,2024-10-15 07:46:42.010000+00:00,walking,1,catboost,3,47046344M-104,reference,0.0,0.1522730136767185,0
47046344M-104,2024-10-15 07:46:43.010000+00:00,walking,1,catboost,3,47046344M-104,reference,0.0,0.10829262383835873,0
47046344M-104,2024-10-15 07:46:44.010000+00:00,walking,1,catboost,3,47046344M-104,reference,0.0,0.07867217211841351,0
47046344M-104,2024-10-15 07:46:45.010000+00:00,walking,1,catboost,3,47046344M-104,reference,0.0,0.18402655890484904,0
47046344M-104,2024-10-15 07:46:46.010000+00:00,walking,1,catboost,3,47046344M-104,reference,0.0,0.03301444704229548,0
47046344M-104,2024-10-15 07:47:58.010000+00:00,walking,1,catboost,3,47046344M-104,reference,0.0,0.3787849351542615,0
47046344M-104,2024-10-15 07:47:59.010000+00:00,walking,1,catboost,3,47046344M-104,reference,0.0,0.29767129571625445,0
47046344M-104,2024-10-15 07:48:00.010000+00:00,walking,1,catboost,3,47046344M-104,reference,0.0,0.07142168221792476,0
47046344M-104,2024-10-15 07:48:01.010000+00:00,walking,1,catboost,3,47046344M-104,reference,0.0,0.0954040367412854,0
47046344M-104,2024-10-15 07:48:02.010000+00:00,walking,1,catboost,3,47046344M-104,reference,0.0,0.3236362211859473,0
47046344M-104,2024-10-15 07:48:03.010000+00:00,walking,1,catboost,3,47046344M-104,reference,0.0,0.04069770943972187,0
47046344M-104,2024-10-15 07:48:04.010000+00:00,walking,1,catboost,3,47046344M-104,reference,0.0,0.03574179254852141,0
47046344M-104,2024-10-15 07:48:05.010000+00:00,walking,1,catboost,3,47046344M-104,reference,0.0,0.044055715782759644,0
47046344M-104,2024-10-15 07:48:06.010000+00:00,walking,1,catboost,3,47046344M-104,reference,0.0,0.049067102070574416,0
47046344M-104,2024-10-15 07:48:07.010000+00:00,walking,1,catboost,3,47046344M-104,reference,0.0,0.05457923277624389,0
47046344M-104,2024-10-15 07:48:08.010000+00:00,walking,1,catboost,3,47046344M-104,reference,0.0,0.016376033982630794,0
47046344M-104,2024-10-15 07:48:09.010000+00:00,walking,1,catboost,3,47046344M-104,reference,0.0,0.010533904815003105,0
47046344M-104,2024-10-15 07:48:10.010000+00:00,walking,1,catboost,3,47046344M-104,reference,0.0,0.019794343566991675,0
47046344M-104,2024-10-15 07:48:11.010000+00:00,walking,1,catboost,3,47046344M-104,reference,0.0,0.0371296793197744,0
47046344M-104,2024-10-15 07:48:12.010000+00:00,walking,1,catboost,3,47046344M-104,reference,0.0,0.018948423207452374,0
47046344M-104,2024-10-15 07:48:13.010000+00:00,walking,1,catboost,3,47046344M-104,reference,0.0,0.005062305948071596,0
47046344M-104,2024-10-15 07:48:14.010000+00:00,walking,1,catboost,3,47046344M-104,reference,0.0,0.16996820976581795,0
47046344M-104,2024-10-15 07:48:15.010000+00:00,walking,1,catboost,3,47046344M-104,reference,0.0,0.18599860366247936,0
47046344M-104,2024-10-15 07:48:16.010000+00:00,walking,1,catboost,3,47046344M-104,reference,0.0,0.16259200720288455,0
47046344M-104,2024-10-15 07:48:17.010000+00:00,walking,1,catboost,3,47046344M-104,reference,0.0,0.06362483927113259,0
47046344M-104,2024-10-15 07:48:18.010000+00:00,walking,1,catboost,3,47046344M-104,reference,0.0,0.021284440129554123,0
47046344M-104,2024-10-15 07:48:19.010000+00:00,walking,1,catboost,3,47046344M-104,reference,0.0,0.016273199731081146,0
47046344M-104,2024-10-15 07:48:20.010000+00:00,walking,1,catboost,3,47046344M-104,reference,0.0,0.23410500743778184,0
47046344M-104,2024-10-15 07:48:21.010000+00:00,walking,1,catboost,3,47046344M-104,reference,0.0,0.087744367565775,0
47046344M-104,2024-10-15 07:48:22.010000+00:00,walking,1,catboost,3,47046344M-104,reference,0.0,0.4480762144892299,0
47046344M-104,2024-10-15 07:48:23.010000+00:00,walking,1,catboost,3,47046344M-104,reference,0.0,0.1698025862608663,0
47046344M-104,2024-10-15 07:48:24.010000+00:00,walking,1,catboost,3,47046344M-104,reference,0.0,0.2341530366480744,0
47046344M-104,2024-10-15 07:48:25.010000+00:00,walking,1,catboost,3,47046344M-104,reference,0.0,0.3641271210783967,0
47046344M-104,2024-10-15 07:48:26.010000+00:00,walking,1,catboost,3,47046344M-104,reference,0.0,0.44416702535541475,0
47046344M-104,2024-10-15 07:48:27.010000+00:00,walking,1,catboost,3,47046344M-104,reference,0.0,0.08420548524888877,0
47046344M-104,2024-10-15 07:48:28.010000+00:00,walking,1,catboost,3,47046344M-104,reference,0.0,0.033893209424169395,0
47046344M-104,2024-10-15 07:48:29.010000+00:00,walking,1,catboost,3,47046344M-104,reference,0.0,0.030927960862453037,0
47046344M-104,2024-10-15 07:48:30.010000+00:00,walking,1,catboost,3,47046344M-104,reference,0.0,0.021659861676192806,0
47046344M-104,2024-10-15 07:48:31.010000+00:00,walking,1,catboost,3,47046344M-104,reference,0.0,0.10426401545116452,0
47046344M-104,2024-10-15 07:48:32.010000+00:00,walking,1,catboost,3,47046344M-104,reference,0.0,0.06347918640451232,0
47046344M-104,2024-10-15 07:48:33.010000+00:00,walking,1,catboost,3,47046344M-104,reference,0.0,0.08914333792975607,0
47046344M-104,2024-10-15 07:48:34.010000+00:00,walking,1,catboost,3,47046344M-104,reference,0.0,0.027351691007554586,0
47046344M-104,2024-10-15 07:48:35.010000+00:00,walking,1,catboost,3,47046344M-104,reference,0.0,0.20794399054872192,0
47046344M-104,2024-10-15 07:48:36.010000+00:00,walking,1,catboost,3,47046344M-104,reference,0.0,0.06139177840440117,0
47046344M-104,2024-10-15 07:48:37.010000+00:00,walking,1,catboost,3,47046344M-104,reference,0.0,0.23637691940759634,0
47046344M-104,2024-10-15 07:48:38.010000+00:00,walking,1,catboost,3,47046344M-104,reference,0.0,0.011907024401935038,0
47046344M-104,2024-10-15 07:48:39.010000+00:00,walking,1,catboost,3,47046344M-104,reference,0.0,0.01651543453677802,0
47046344M-104,2024-10-15 07:48:40.010000+00:00,walking,1,catboost,3,47046344M-104,reference,0.0,0.0840730360444254,0
47046344M-104,2024-10-15 07:48:41.010000+00:00,walking,1,catboost,3,47046344M-104,reference,0.0,0.04177695881334883,0
47046344M-104,2024-10-15 07:48:42.010000+00:00,walking,1,catboost,3,47046344M-104,reference,0.0,0.041996220988033725,0
