reference,time_center,mov_type,target,model,fold,group,group_by,embargo_seconds,prob_walking,prediction
02548893X-118,2025-02-28 09:48:08.010000+00:00,not_walking,0,random_forest,1,02548893X-118_block_1,temporal_block,15.0,0.6677374473623381,1
02548893X-118,2025-02-28 09:48:09.010000+00:00,not_walking,0,random_forest,1,02548893X-118_block_1,temporal_block,15.0,0.7339256665164535,1
02548893X-118,2025-02-28 09:48:10.010000+00:00,not_walking,0,random_forest,1,02548893X-118_block_1,temporal_block,15.0,0.49630779177299017,0
02548893X-118,2025-02-28 09:48:11.010000+00:00,not_walking,0,random_forest,1,02548893X-118_block_1,temporal_block,15.0,0.4712921611720791,0
02548893X-118,2025-02-28 09:48:12.010000+00:00,not_walking,0,random_forest,1,02548893X-118_block_1,temporal_block,15.0,0.47239208155938534,0
02548893X-118,2025-02-28 09:48:13.010000+00:00,not_walking,0,random_forest,1,02548893X-118_block_1,temporal_block,15.0,0.46445949702410444,0
02548893X-118,2025-02-28 09:48:14.010000+00:00,not_walking,0,random_forest,1,02548893X-118_block_1,temporal_block,15.0,0.5139468166095622,1
02548893X-118,2025-02-28 09:48:15.010000+00:00,not_walking,0,random_forest,1,02548893X-118_block_1,temporal_block,15.0,0.5644678709048907,1
02548893X-118,2025-02-28 09:48:16.010000+00:00,not_walking,0,random_forest,1,02548893X-118_block_1,temporal_block,15.0,0.7992557431912519,1
02548893X-118,2025-02-28 09:48:17.010000+00:00,not_walking,0,random_forest,1,02548893X-118_block_1,temporal_block,15.0,0.4522320638667898,0
02548893X-118,2025-02-28 09:48:18.010000+00:00,not_walking,0,random_forest,1,02548893X-118_block_1,temporal_block,15.0,0.48368248094967325,0
02548893X-118,2025-02-28 09:48:19.010000+00:00,not_walking,0,random_forest,1,02548893X-118_block_1,temporal_block,15.0,0.5306093373919408,1
02548893X-118,2025-02-28 09:48:20.010000+00:00,not_walking,0,random_forest,1,02548893X-118_block_1,temporal_block,15.0,0.49765017397174927,0
02548893X-118,2025-02-28 09:48:21.010000+00:00,not_walking,0,random_forest,1,02548893X-118_block_1,temporal_block,15.0,0.5195147270367158,1
02548893X-118,2025-02-28 09:48:22.010000+00:00,not_walking,0,random_forest,1,02548893X-118_block_1,temporal_block,15.0,0.4981926529496163,0
02548893X-118,2025-02-28 09:48:23.010000+00:00,not_walking,0,random_forest,1,02548893X-118_block_1,temporal_block,15.0,0.6419010507874405,1
02548893X-118,2025-02-28 09:48:24.010000+00:00,not_walking,0,random_forest,1,02548893X-118_block_1,temporal_block,15.0,0.6522597465357559,1
02548893X-118,2025-02-28 09:48:25.010000+00:00,not_walking,0,random_forest,1,02548893X-118_block_1,temporal_block,15.0,0.5094660423379491,1
02548893X-118,2025-02-28 09:48:26.010000+00:00,not_walking,0,random_forest,1,02548893X-118_block_1,temporal_block,15.0,0.5353333743220223,1
02548893X-118,2025-02-28 09:48:27.010000+00:00,not_walking,0,random_forest,1,02548893X-118_block_1,temporal_block,15.0,0.524968416259432,1
02548893X-118,2025-02-28 09:48:28.010000+00:00,not_walking,0,random_forest,1,02548893X-118_block_1,temporal_block,15.0,0.4729676239005418,0
02548893X-118,2025-02-28 09:48:29.010000+00:00,not_walking,0,random_forest,1,02548893X-118_block_1,temporal_block,15.0,0.5022308475312149,1
02548893X-118,2025-02-28 09:48:30.010000+00:00,not_walking,0,random_forest,1,02548893X-118_block_1,temporal_block,15.0,0.5344121217154555,1
02548893X-118,2025-02-28 09:48:31.010000+00:00,not_walking,0,random_forest,1,02548893X-118_block_1,temporal_block,15.0,0.7519464879151604,1
02548893X-118,2025-02-28 09:48:32.010000+00:00,not_walking,0,random_forest,1,02548893X-118_block_1,temporal_block,15.0,0.6514345246063892,1
02548893X-118,2025-02-28 09:48:33.010000+00:00,not_walking,0,random_forest,1,02548893X-118_block_1,temporal_block,15.0,0.7349693427737336,1
02548893X-118,2025-02-28 09:48:34.010000+00:00,not_walking,0,random_forest,1,02548893X-118_block_1,temporal_block,15.0,0.7142529729485202,1
02548893X-118,2025-02-28 09:48:35.010000+00:00,not_walking,0,random_forest,1,02548893X-118_block_1,temporal_block,15.0,0.7202136692684942,1
02548893X-118,2025-02-28 09:48:36.010000+00:00,not_walking,0,random_forest,1,02548893X-118_block_1,temporal_block,15.0,0.6159074821796472,1
02548893X-118,2025-02-28 09:48:37.010000+00:00,not_walking,0,random_forest,1,02548893X-118_block_1,temporal_block,15.0,0.6377728927400779,1
02548893X-118,2025-02-28 09:48:38.010000+00:00,not_walking,0,random_forest,1,02548893X-118_block_1,temporal_block,15.0,0.6352436785916944,1
02548893X-118,2025-02-28 09:48:39.010000+00:00,not_walking,0,random_forest,1,02548893X-118_block_1,temporal_block,15.0,0.6380490260926375,1
02548893X-118,2025-02-28 09:48:40.010000+00:00,not_walking,0,random_forest,1,02548893X-118_block_1,temporal_block,15.0,0.6967892389173824,1
02548893X-118,2025-02-28 09:48:41.010000+00:00,not_walking,0,random_forest,1,02548893X-118_block_1,temporal_block,15.0,0.6275753239385068,1
02548893X-118,2025-02-28 09:48:42.010000+00:00,not_walking,0,random_forest,1,02548893X-118_block_1,temporal_block,15.0,0.6909431685952918,1
02548893X-118,2025-02-28 09:48:43.010000+00:00,not_walking,0,random_forest,1,02548893X-118_block_1,temporal_block,15.0,0.6353646714498378,1
02548893X-118,2025-02-28 09:48:44.010000+00:00,not_walking,0,random_forest,1,02548893X-118_block_1,temporal_block,15.0,0.6983687704850168,1
02548893X-118,2025-02-28 09:48:45.010000+00:00,not_walking,0,random_forest,1,02548893X-118_block_1,temporal_block,15.0,0.6953166979827154,1
02548893X-118,2025-02-28 09:48:46.010000+00:00,not_walking,0,random_forest,1,02548893X-118_block_1,temporal_block,15.0,0.7033992353157188,1
02548893X-118,2025-02-28 09:48:47.010000+00:00,not_walking,0,random_forest,1,02548893X-118_block_1,temporal_block,15.0,0.6454098617744096,1
02548893X-118,2025-02-28 09:48:48.010000+00:00,not_walking,0,random_forest,1,02548893X-118_block_1,temporal_block,15.0,0.6208939403751447,1
02548893X-118,2025-02-28 09:48:49.010000+00:00,not_walking,0,random_forest,1,02548893X-118_block_1,temporal_block,15.0,0.7292760251601597,1
02548893X-118,2025-02-28 09:48:50.010000+00:00,not_walking,0,random_forest,1,02548893X-118_block_1,temporal_block,15.0,0.7317856521589317,1
02548893X-118,2025-02-28 09:48:51.010000+00:00,not_walking,0,random_forest,1,02548893X-118_block_1,temporal_block,15.0,0.7249143419487057,1
02548893X-118,2025-02-28 09:48:52.010000+00:00,not_walking,0,random_forest,1,02548893X-118_block_1,temporal_block,15.0,0.6588052210757345,1
02548893X-118,2025-02-28 09:48:53.010000+00:00,not_walking,0,random_forest,1,02548893X-118_block_1,temporal_block,15.0,0.7025035087675193,1
02548893X-118,2025-02-28 09:48:54.010000+00:00,not_walking,0,random_forest,1,02548893X-118_block_1,temporal_block,15.0,0.7409026518592764,1
02548893X-118,2025-02-28 09:48:55.010000+00:00,not_walking,0,random_forest,1,02548893X-118_block_1,temporal_block,15.0,0.7161826997248019,1
02548893X-118,2025-02-28 09:48:56.010000+00:00,not_walking,0,random_forest,1,02548893X-118_block_1,temporal_block,15.0,0.6692640556669283,1
02548893X-118,2025-02-28 09:48:57.010000+00:00,not_walking,0,random_forest,1,02548893X-118_block_1,temporal_block,15.0,0.702148368806111,1
02548893X-118,2025-02-28 09:48:58.010000+00:00,not_walking,0,random_forest,1,02548893X-118_block_1,temporal_block,15.0,0.7189369237234043,1
02548893X-118,2025-02-28 09:48:59.010000+00:00,not_walking,0,random_forest,1,02548893X-118_block_1,temporal_block,15.0,0.7103847276932272,1
02548893X-118,2025-02-28 09:49:00.010000+00:00,not_walking,0,random_forest,1,02548893X-118_block_1,temporal_block,15.0,0.6476184936935595,1
02548893X-118,2025-02-28 09:49:01.010000+00:00,not_walking,0,random_forest,1,02548893X-118_block_1,temporal_block,15.0,0.6739828165378102,1
02548893X-118,2025-02-28 09:49:02.010000+00:00,not_walking,0,random_forest,1,02548893X-118_block_1,temporal_block,15.0,0.7630699711536856,1
02548893X-118,2025-02-28 09:49:03.010000+00:00,not_walking,0,random_forest,1,02548893X-118_block_1,temporal_block,15.0,0.6434018163437829,1
02548893X-118,2025-02-28 09:49:04.010000+00:00,not_walking,0,random_forest,1,02548893X-118_block_1,temporal_block,15.0,0.6927824169645992,1
02548893X-118,2025-02-28 09:49:05.010000+00:00,not_walking,0,random_forest,1,02548893X-118_block_1,temporal_block,15.0,0.6189780026218673,1
02548893X-118,2025-02-28 09:49:06.010000+00:00,not_walking,0,random_forest,1,02548893X-118_block_1,temporal_block,15.0,0.6339499674552938,1
02548893X-118,2025-02-28 09:49:07.010000+00:00,not_walking,0,random_forest,1,02548893X-118_block_1,temporal_block,15.0,0.6024600215889233,1
02548893X-118,2025-02-28 09:49:08.010000+00:00,not_walking,0,random_forest,1,02548893X-118_block_1,temporal_block,15.0,0.7249954754364173,1
02548893X-118,2025-02-28 09:49:09.010000+00:00,not_walking,0,random_forest,1,02548893X-118_block_1,temporal_block,15.0,0.6393476130389818,1
02548893X-118,2025-02-28 09:49:10.010000+00:00,not_walking,0,random_forest,1,02548893X-118_block_1,temporal_block,15.0,0.73170059475186,1
02548893X-118,2025-02-28 09:49:11.010000+00:00,not_walking,0,random_forest,1,02548893X-118_block_1,temporal_block,15.0,0.705983117730243,1
02548893X-118,2025-02-28 09:49:12.010000+00:00,not_walking,0,random_forest,1,02548893X-118_block_1,temporal_block,15.0,0.6207873967717039,1
02548893X-118,2025-02-28 09:49:13.010000+00:00,not_walking,0,random_forest,1,02548893X-118_block_1,temporal_block,15.0,0.6099503708634818,1
02548893X-118,2025-02-28 09:49:14.010000+00:00,not_walking,0,random_forest,1,02548893X-118_block_1,temporal_block,15.0,0.6177828710544767,1
02548893X-118,2025-02-28 09:49:15.010000+00:00,not_walking,0,random_forest,1,02548893X-118_block_1,temporal_block,15.0,0.6584458949680142,1
02548893X-118,2025-02-28 09:49:16.010000+00:00,not_walking,0,random_forest,1,02548893X-118_block_1,temporal_block,15.0,0.6176105322368433,1
02548893X-118,2025-02-28 09:49:17.010000+00:00,not_walking,0,random_forest,1,02548893X-118_block_1,temporal_block,15.0,0.6019845595840582,1
02548893X-118,2025-02-28 09:49:18.010000+00:00,not_walking,0,random_forest,1,02548893X-118_block_1,temporal_block,15.0,0.7112547083700533,1
02548893X-118,2025-02-28 09:49:19.010000+00:00,not_walking,0,random_forest,1,02548893X-118_block_1,temporal_block,15.0,0.7748976293029767,1
02548893X-118,2025-02-28 09:49:20.010000+00:00,not_walking,0,random_forest,1,02548893X-118_block_1,temporal_block,15.0,0.7298787554021776,1
02548893X-118,2025-02-28 09:49:21.010000+00:00,not_walking,0,random_forest,1,02548893X-118_block_1,temporal_block,15.0,0.7114825761920325,1
02548893X-118,2025-02-28 09:49:22.010000+00:00,not_walking,0,random_forest,1,02548893X-118_block_1,temporal_block,15.0,0.8165878098948545,1
02548893X-118,2025-02-28 09:49:23.010000+00:00,not_walking,0,random_forest,1,02548893X-118_block_1,temporal_block,15.0,0.7369904484867701,1
02548893X-118,2025-02-28 09:49:24.010000+00:00,not_walking,0,random_forest,1,02548893X-118_block_1,temporal_block,15.0,0.7728709169598315,1
02548893X-118,2025-02-28 09:49:25.010000+00:00,not_walking,0,random_forest,1,02548893X-118_block_1,temporal_block,15.0,0.8825089500620906,1
02548893X-118,2025-02-28 09:49:26.010000+00:00,not_walking,0,random_forest,1,02548893X-118_block_1,temporal_block,15.0,0.7782342894189971,1
02548893X-118,2025-02-28 09:49:27.010000+00:00,not_walking,0,random_forest,1,02548893X-118_block_1,temporal_block,15.0,0.5923458468030937,1
02548893X-118,2025-02-28 09:49:28.010000+00:00,not_walking,0,random_forest,1,02548893X-118_block_1,temporal_block,15.0,0.5221351825555893,1
02548893X-118,2025-02-28 09:49:29.010000+00:00,not_walking,0,random_forest,1,02548893X-118_block_1,temporal_block,15.0,0.2039484003742379,0
02548893X-118,2025-02-28 09:49:30.010000+00:00,not_walking,0,random_forest,1,02548893X-118_block_1,temporal_block,15.0,0.13917644612926638,0
02548893X-118,2025-02-28 09:49:31.010000+00:00,not_walking,0,random_forest,1,02548893X-118_block_1,temporal_block,15.0,0.2709122808006529,0
02548893X-118,2025-02-28 09:49:32.010000+00:00,not_walking,0,random_forest,1,02548893X-118_block_1,temporal_block,15.0,0.48771990176318497,0
02548893X-118,2025-02-28 09:49:33.010000+00:00,not_walking,0,random_forest,1,02548893X-118_block_1,temporal_block,15.0,0.2469815056750114,0
02548893X-118,2025-02-28 09:49:34.010000+00:00,not_walking,0,random_forest,1,02548893X-118_block_1,temporal_block,15.0,0.42019547334928453,0
02548893X-118,2025-02-28 09:49:35.010000+00:00,not_walking,0,random_forest,1,02548893X-118_block_1,temporal_block,15.0,0.43999808213464575,0
02548893X-118,2025-02-28 09:49:36.010000+00:00,not_walking,0,random_forest,1,02548893X-118_block_1,temporal_block,15.0,0.5112766216311959,1
02548893X-118,2025-02-28 09:49:37.010000+00:00,not_walking,0,random_forest,1,02548893X-118_block_1,temporal_block,15.0,0.3817767749102076,0
02548893X-118,2025-02-28 09:49:38.010000+00:00,not_walking,0,random_forest,1,02548893X-118_block_1,temporal_block,15.0,0.4353121717721196,0
02548893X-118,2025-02-28 09:49:39.010000+00:00,not_walking,0,random_forest,1,02548893X-118_block_1,temporal_block,15.0,0.20071512357650478,0
02548893X-118,2025-02-28 09:49:40.010000+00:00,not_walking,0,random_forest,1,02548893X-118_block_1,temporal_block,15.0,0.14170338685562053,0
02548893X-118,2025-02-28 09:49:41.010000+00:00,not_walking,0,random_forest,1,02548893X-118_block_1,temporal_block,15.0,0.1509949804293357,0
02548893X-118,2025-02-28 09:49:42.010000+00:00,not_walking,0,random_forest,1,02548893X-118_block_1,temporal_block,15.0,0.28595234435366723,0
02548893X-118,2025-02-28 09:49:43.010000+00:00,not_walking,0,random_forest,1,02548893X-118_block_1,temporal_block,15.0,0.5358047227847267,1
02548893X-118,2025-02-28 09:49:44.010000+00:00,not_walking,0,random_forest,1,02548893X-118_block_1,temporal_block,15.0,0.5558633756388078,1
02548893X-118,2025-02-28 09:49:45.010000+00:00,not_walking,0,random_forest,1,02548893X-118_block_1,temporal_block,15.0,0.2571792862765445,0
02548893X-118,2025-02-28 09:49:46.010000+00:00,not_walking,0,random_forest,1,02548893X-118_block_1,temporal_block,15.0,0.11298321459514689,0
02548893X-118,2025-02-28 09:49:47.010000+00:00,not_walking,0,random_forest,1,02548893X-118_block_1,temporal_block,15.0,0.04902330226108487,0
02548893X-118,2025-02-28 09:49:48.010000+00:00,not_walking,0,random_forest,1,02548893X-118_block_1,temporal_block,15.0,0.06882101359059764,0
02548893X-118,2025-02-28 09:49:49.010000+00:00,not_walking,0,random_forest,1,02548893X-118_block_1,temporal_block,15.0,0.05996556732032038,0
02548893X-118,2025-02-28 09:49:50.010000+00:00,not_walking,0,random_forest,1,02548893X-118_block_1,temporal_block,15.0,0.06745140381191107,0
02548893X-118,2025-02-28 09:49:51.010000+00:00,not_walking,0,random_forest,1,02548893X-118_block_1,temporal_block,15.0,0.04967965476735388,0
02548893X-118,2025-02-28 09:49:52.010000+00:00,not_walking,0,random_forest,1,02548893X-118_block_1,temporal_block,15.0,0.057681983371238046,0
02548893X-118,2025-02-28 09:49:53.010000+00:00,not_walking,0,random_forest,1,02548893X-118_block_1,temporal_block,15.0,0.06467233495525723,0
02548893X-118,2025-02-28 09:49:54.010000+00:00,not_walking,0,random_forest,1,02548893X-118_block_1,temporal_block,15.0,0.056222503064785094,0
02548893X-118,2025-02-28 09:49:55.010000+00:00,not_walking,0,random_forest,1,02548893X-118_block_1,temporal_block,15.0,0.05722970924918902,0
02548893X-118,2025-02-28 09:49:56.010000+00:00,not_walking,0,random_forest,1,02548893X-118_block_1,temporal_block,15.0,0.060337567754690395,0
02548893X-118,2025-02-28 09:49:57.010000+00:00,not_walking,0,random_forest,1,02548893X-118_block_1,temporal_block,15.0,0.05633429142713626,0
02548893X-118,2025-02-28 09:49:58.010000+00:00,not_walking,0,random_forest,1,02548893X-118_block_1,temporal_block,15.0,0.05448778759491392,0
02548893X-118,2025-02-28 09:49:59.010000+00:00,not_walking,0,random_forest,1,02548893X-118_block_1,temporal_block,15.0,0.056151723205484505,0
02548893X-118,2025-02-28 09:50:00.010000+00:00,not_walking,0,random_forest,1,02548893X-118_block_1,temporal_block,15.0,0.05953467154603474,0
02548893X-118,2025-02-28 09:50:01.010000+00:00,not_walking,0,random_forest,1,02548893X-118_block_1,temporal_block,15.0,0.05351343949920317,0
02548893X-118,2025-02-28 09:50:02.010000+00:00,not_walking,0,random_forest,1,02548893X-118_block_1,temporal_block,15.0,0.05651412834330169,0
02548893X-118,2025-02-28 09:50:03.010000+00:00,not_walking,0,random_forest,1,02548893X-118_block_1,temporal_block,15.0,0.04121492144420391,0
02548893X-118,2025-02-28 09:50:04.010000+00:00,not_walking,0,random_forest,1,02548893X-118_block_1,temporal_block,15.0,0.043511002086517835,0
02548893X-118,2025-02-28 09:50:05.010000+00:00,not_walking,0,random_forest,1,02548893X-118_block_1,temporal_block,15.0,0.05067577251858886,0
04845288Q-121,2025-03-01 11:32:18.010000+00:00,walking,1,random_forest,2,04845288Q-121_block_2,temporal_block,15.0,0.5177819845602211,1
04845288Q-121,2025-03-01 11:32:19.010000+00:00,walking,1,random_forest,2,04845288Q-121_block_2,temporal_block,15.0,0.6249411718542554,1
04845288Q-121,2025-03-01 11:32:20.010000+00:00,walking,1,random_forest,2,04845288Q-121_block_2,temporal_block,15.0,0.2699825691817807,0
04845288Q-121,2025-03-01 11:32:21.010000+00:00,walking,1,random_forest,2,04845288Q-121_block_2,temporal_block,15.0,0.10043089140959846,0
04845288Q-121,2025-03-01 11:32:22.010000+00:00,walking,1,random_forest,2,04845288Q-121_block_2,temporal_block,15.0,0.09377062225304765,0
04845288Q-121,2025-03-01 11:32:23.010000+00:00,walking,1,random_forest,2,04845288Q-121_block_2,temporal_block,15.0,0.09381258109618433,0
04845288Q-121,2025-03-01 11:32:24.010000+00:00,walking,1,random_forest,2,04845288Q-121_block_2,temporal_block,15.0,0.3313707868114944,0
04845288Q-121,2025-03-01 11:32:25.010000+00:00,walking,1,random_forest,2,04845288Q-121_block_2,temporal_block,15.0,0.7152994761625231,1
04845288Q-121,2025-03-01 11:32:26.010000+00:00,walking,1,random_forest,2,04845288Q-121_block_2,temporal_block,15.0,0.7769093489277464,1
04845288Q-121,2025-03-01 11:32:27.010000+00:00,walking,1,random_forest,2,04845288Q-121_block_2,temporal_block,15.0,0.5890183898686955,1
04845288Q-121,2025-03-01 11:32:28.010000+00:00,walking,1,random_forest,2,04845288Q-121_block_2,temporal_block,15.0,0.7739863003923046,1
04845288Q-121,2025-03-01 11:32:31.010000+00:00,not_walking,0,random_forest,2,04845288Q-121_block_2,temporal_block,15.0,0.4651033055088278,0
04845288Q-121,2025-03-01 11:32:32.010000+00:00,not_walking,0,random_forest,2,04845288Q-121_block_2,temporal_block,15.0,0.7814069755851275,1
04845288Q-121,2025-03-01 11:32:33.010000+00:00,not_walking,0,random_forest,2,04845288Q-121_block_2,temporal_block,15.0,0.52597897275584,1
04845288Q-121,2025-03-01 11:32:34.010000+00:00,not_walking,0,random_forest,2,04845288Q-121_block_2,temporal_block,15.0,0.6387990599234759,1
04845288Q-121,2025-03-01 11:32:35.010000+00:00,not_walking,0,random_forest,2,04845288Q-121_block_2,temporal_block,15.0,0.49528404768911327,0
04845288Q-121,2025-03-01 11:32:36.010000+00:00,not_walking,0,random_forest,2,04845288Q-121_block_2,temporal_block,15.0,0.7241835962387905,1
04845288Q-121,2025-03-01 11:32:37.010000+00:00,not_walking,0,random_forest,2,04845288Q-121_block_2,temporal_block,15.0,0.6625893933364541,1
04845288Q-121,2025-03-01 11:32:38.010000+00:00,not_walking,0,random_forest,2,04845288Q-121_block_2,temporal_block,15.0,0.33083454647089194,0
04845288Q-121,2025-03-01 11:32:39.010000+00:00,not_walking,0,random_forest,2,04845288Q-121_block_2,temporal_block,15.0,0.20088234843753744,0
04845288Q-121,2025-03-01 11:32:40.010000+00:00,not_walking,0,random_forest,2,04845288Q-121_block_2,temporal_block,15.0,0.08241526554441071,0
04845288Q-121,2025-03-01 11:32:43.010000+00:00,walking,1,random_forest,2,04845288Q-121_block_2,temporal_block,15.0,0.11540138781099228,0
04845288Q-121,2025-03-01 11:32:44.010000+00:00,walking,1,random_forest,2,04845288Q-121_block_2,temporal_block,15.0,0.1166165353692852,0
04845288Q-121,2025-03-01 11:32:45.010000+00:00,walking,1,random_forest,2,04845288Q-121_block_2,temporal_block,15.0,0.06720764496023518,0
04845288Q-121,2025-03-01 11:32:46.010000+00:00,walking,1,random_forest,2,04845288Q-121_block_2,temporal_block,15.0,0.058505293794340635,0
04845288Q-121,2025-03-01 11:32:47.010000+00:00,walking,1,random_forest,2,04845288Q-121_block_2,temporal_block,15.0,0.06639140376042106,0
04845288Q-121,2025-03-01 11:32:50.010000+00:00,not_walking,0,random_forest,2,04845288Q-121_block_2,temporal_block,15.0,0.6971850715147346,1
04845288Q-121,2025-03-01 11:32:51.010000+00:00,not_walking,0,random_forest,2,04845288Q-121_block_2,temporal_block,15.0,0.4804041314450986,0
04845288Q-121,2025-03-01 11:32:52.010000+00:00,not_walking,0,random_forest,2,04845288Q-121_block_2,temporal_block,15.0,0.5672227005608724,1
04845288Q-121,2025-03-01 11:32:53.010000+00:00,not_walking,0,random_forest,2,04845288Q-121_block_2,temporal_block,15.0,0.6887528592149434,1
04845288Q-121,2025-03-01 11:32:54.010000+00:00,not_walking,0,random_forest,2,04845288Q-121_block_2,temporal_block,15.0,0.8190079069446022,1
04845288Q-121,2025-03-01 11:32:55.010000+00:00,not_walking,0,random_forest,2,04845288Q-121_block_2,temporal_block,15.0,0.5326433020192545,1
04845288Q-121,2025-03-01 11:32:56.010000+00:00,not_walking,0,random_forest,2,04845288Q-121_block_2,temporal_block,15.0,0.19928756647994836,0
04845288Q-121,2025-03-01 11:32:57.010000+00:00,not_walking,0,random_forest,2,04845288Q-121_block_2,temporal_block,15.0,0.15412108884440023,0
04845288Q-121,2025-03-01 11:32:58.010000+00:00,not_walking,0,random_forest,2,04845288Q-121_block_2,temporal_block,15.0,0.15823917070156773,0
04845288Q-121,2025-03-01 11:32:59.010000+00:00,not_walking,0,random_forest,2,04845288Q-121_block_2,temporal_block,15.0,0.21491186348310332,0
04845288Q-121,2025-03-01 11:33:00.010000+00:00,not_walking,0,random_forest,2,04845288Q-121_block_2,temporal_block,15.0,0.16110354887890826,0
04845288Q-121,2025-03-01 11:33:01.010000+00:00,not_walking,0,random_forest,2,04845288Q-121_block_2,temporal_block,15.0,0.12881388166928762,0
04845288Q-121,2025-03-01 11:33:02.010000+00:00,not_walking,0,random_forest,2,04845288Q-121_block_2,temporal_block,15.0,0.2006961098457658,0
04845288Q-121,2025-03-01 11:33:03.010000+00:00,not_walking,0,random_forest,2,04845288Q-121_block_2,temporal_block,15.0,0.6256033955428556,1
04845288Q-121,2025-03-01 11:33:04.010000+00:00,not_walking,0,random_forest,2,04845288Q-121_block_2,temporal_block,15.0,0.6397668742559223,1
04845288Q-121,2025-03-01 11:33:09.010000+00:00,not_walking,0,random_forest,2,04845288Q-121_block_2,temporal_block,15.0,0.5148488519988695,1
04845288Q-121,2025-03-01 11:33:10.010000+00:00,not_walking,0,random_forest,2,04845288Q-121_block_2,temporal_block,15.0,0.6240692376569039,1
04845288Q-121,2025-03-01 11:33:11.010000+00:00,not_walking,0,random_forest,2,04845288Q-121_block_2,temporal_block,15.0,0.17308707513981633,0
04845288Q-121,2025-03-01 11:33:12.010000+00:00,not_walking,0,random_forest,2,04845288Q-121_block_2,temporal_block,15.0,0.125640983479829,0
04845288Q-121,2025-03-01 11:33:13.010000+00:00,not_walking,0,random_forest,2,04845288Q-121_block_2,temporal_block,15.0,0.11943799812137589,0
04845288Q-121,2025-03-01 11:33:14.010000+00:00,not_walking,0,random_forest,2,04845288Q-121_block_2,temporal_block,15.0,0.08057900028185226,0
04845288Q-121,2025-03-01 11:33:15.010000+00:00,not_walking,0,random_forest,2,04845288Q-121_block_2,temporal_block,15.0,0.07329820124106554,0
04845288Q-121,2025-03-01 11:33:16.010000+00:00,not_walking,0,random_forest,2,04845288Q-121_block_2,temporal_block,15.0,0.0877749885860414,0
04845288Q-121,2025-03-01 11:33:17.010000+00:00,not_walking,0,random_forest,2,04845288Q-121_block_2,temporal_block,15.0,0.07279082062637,0
04845288Q-121,2025-03-01 11:33:18.010000+00:00,not_walking,0,random_forest,2,04845288Q-121_block_2,temporal_block,15.0,0.04691119775975981,0
04845288Q-121,2025-03-01 11:33:19.010000+00:00,not_walking,0,random_forest,2,04845288Q-121_block_2,temporal_block,15.0,0.09651674191043241,0
04845288Q-121,2025-03-01 11:33:20.010000+00:00,not_walking,0,random_forest,2,04845288Q-121_block_2,temporal_block,15.0,0.06298161063398806,0
04845288Q-121,2025-03-01 11:33:21.010000+00:00,not_walking,0,random_forest,2,04845288Q-121_block_2,temporal_block,15.0,0.06991081913399941,0
04845288Q-121,2025-03-01 11:33:22.010000+00:00,not_walking,0,random_forest,2,04845288Q-121_block_2,temporal_block,15.0,0.07718679439377943,0
04845288Q-121,2025-03-01 11:33:23.010000+00:00,not_walking,0,random_forest,2,04845288Q-121_block_2,temporal_block,15.0,0.11748323658941744,0
04845288Q-121,2025-03-01 11:33:24.010000+00:00,not_walking,0,random_forest,2,04845288Q-121_block_2,temporal_block,15.0,0.4665426200258646,0
04845288Q-121,2025-03-01 11:33:25.010000+00:00,not_walking,0,random_forest,2,04845288Q-121_block_2,temporal_block,15.0,0.6174862394706513,1
04845288Q-121,2025-03-01 11:33:26.010000+00:00,not_walking,0,random_forest,2,04845288Q-121_block_2,temporal_block,15.0,0.6862283227409521,1
04845288Q-121,2025-03-01 11:33:27.010000+00:00,not_walking,0,random_forest,2,04845288Q-121_block_2,temporal_block,15.0,0.7144214531780427,1
04845288Q-121,2025-03-01 11:33:28.010000+00:00,not_walking,0,random_forest,2,04845288Q-121_block_2,temporal_block,15.0,0.5234611341879671,1
04845288Q-121,2025-03-01 11:33:29.010000+00:00,not_walking,0,random_forest,2,04845288Q-121_block_2,temporal_block,15.0,0.19876646052149208,0
04845288Q-121,2025-03-01 11:33:30.010000+00:00,not_walking,0,random_forest,2,04845288Q-121_block_2,temporal_block,15.0,0.42232307422093074,0
04845288Q-121,2025-03-01 11:33:31.010000+00:00,not_walking,0,random_forest,2,04845288Q-121_block_2,temporal_block,15.0,0.7808776575946215,1
04845288Q-121,2025-03-01 11:33:32.010000+00:00,not_walking,0,random_forest,2,04845288Q-121_block_2,temporal_block,15.0,0.2584815260470299,0
04845288Q-121,2025-03-01 11:33:33.010000+00:00,not_walking,0,random_forest,2,04845288Q-121_block_2,temporal_block,15.0,0.11446312441614555,0
04845288Q-121,2025-03-01 11:33:34.010000+00:00,not_walking,0,random_forest,2,04845288Q-121_block_2,temporal_block,15.0,0.17370942874569953,0
04845288Q-121,2025-03-01 11:33:35.010000+00:00,not_walking,0,random_forest,2,04845288Q-121_block_2,temporal_block,15.0,0.12647500148180132,0
04845288Q-121,2025-03-01 11:33:36.010000+00:00,not_walking,0,random_forest,2,04845288Q-121_block_2,temporal_block,15.0,0.16007684546278175,0
04845288Q-121,2025-03-01 11:33:37.010000+00:00,not_walking,0,random_forest,2,04845288Q-121_block_2,temporal_block,15.0,0.1601553951538697,0
04845288Q-121,2025-03-01 11:33:38.010000+00:00,not_walking,0,random_forest,2,04845288Q-121_block_2,temporal_block,15.0,0.17404749705323622,0
04845288Q-121,2025-03-01 11:33:39.010000+00:00,not_walking,0,random_forest,2,04845288Q-121_block_2,temporal_block,15.0,0.11044864029424098,0
04845288Q-121,2025-03-01 11:33:40.010000+00:00,not_walking,0,random_forest,2,04845288Q-121_block_2,temporal_block,15.0,0.08157775400309933,0
04845288Q-121,2025-03-01 11:33:41.010000+00:00,not_walking,0,random_forest,2,04845288Q-121_block_2,temporal_block,15.0,0.08713622203506444,0
04845288Q-121,2025-03-01 11:33:42.010000+00:00,not_walking,0,random_forest,2,04845288Q-121_block_2,temporal_block,15.0,0.14648805372147725,0
04845288Q-121,2025-03-01 11:33:43.010000+00:00,not_walking,0,random_forest,2,04845288Q-121_block_2,temporal_block,15.0,0.0849509817024582,0
04845288Q-121,2025-03-01 11:33:44.010000+00:00,not_walking,0,random_forest,2,04845288Q-121_block_2,temporal_block,15.0,0.0907870204620932,0
04845288Q-121,2025-03-01 11:33:45.010000+00:00,not_walking,0,random_forest,2,04845288Q-121_block_2,temporal_block,15.0,0.4577208896276238,0
04845288Q-121,2025-03-01 11:33:46.010000+00:00,not_walking,0,random_forest,2,04845288Q-121_block_2,temporal_block,15.0,0.6092123455737568,1
04845288Q-121,2025-03-01 11:33:47.010000+00:00,not_walking,0,random_forest,2,04845288Q-121_block_2,temporal_block,15.0,0.6800020754568803,1
04845288Q-121,2025-03-01 11:33:48.010000+00:00,not_walking,0,random_forest,2,04845288Q-121_block_2,temporal_block,15.0,0.5987451603801746,1
04845288Q-121,2025-03-01 11:33:49.010000+00:00,not_walking,0,random_forest,2,04845288Q-121_block_2,temporal_block,15.0,0.31123790491680814,0
04845288Q-121,2025-03-01 11:33:50.010000+00:00,not_walking,0,random_forest,2,04845288Q-121_block_2,temporal_block,15.0,0.14250010493593568,0
04845288Q-121,2025-03-01 11:33:51.010000+00:00,not_walking,0,random_forest,2,04845288Q-121_block_2,temporal_block,15.0,0.5069607508905611,1
04845288Q-121,2025-03-01 11:33:52.010000+00:00,not_walking,0,random_forest,2,04845288Q-121_block_2,temporal_block,15.0,0.19318648844178435,0
04845288Q-121,2025-03-01 11:33:53.010000+00:00,not_walking,0,random_forest,2,04845288Q-121_block_2,temporal_block,15.0,0.13327286817508535,0
04845288Q-121,2025-03-01 11:33:54.010000+00:00,not_walking,0,random_forest,2,04845288Q-121_block_2,temporal_block,15.0,0.20882955846671897,0
04845288Q-121,2025-03-01 11:33:55.010000+00:00,not_walking,0,random_forest,2,04845288Q-121_block_2,temporal_block,15.0,0.1757455012347512,0
04845288Q-121,2025-03-01 11:33:56.010000+00:00,not_walking,0,random_forest,2,04845288Q-121_block_2,temporal_block,15.0,0.18973588840613942,0
04845288Q-121,2025-03-01 11:33:57.010000+00:00,not_walking,0,random_forest,2,04845288Q-121_block_2,temporal_block,15.0,0.33981675854076593,0
04845288Q-121,2025-03-01 11:33:58.010000+00:00,not_walking,0,random_forest,2,04845288Q-121_block_2,temporal_block,15.0,0.6427185193135947,1
04845288Q-121,2025-03-01 11:33:59.010000+00:00,not_walking,0,random_forest,2,04845288Q-121_block_2,temporal_block,15.0,0.48875206556555384,0
04845288Q-121,2025-03-01 11:34:00.010000+00:00,not_walking,0,random_forest,2,04845288Q-121_block_2,temporal_block,15.0,0.08576948138767154,0
04845288Q-121,2025-03-01 11:34:01.010000+00:00,not_walking,0,random_forest,2,04845288Q-121_block_2,temporal_block,15.0,0.08914852649970627,0
04845288Q-121,2025-03-01 11:34:02.010000+00:00,not_walking,0,random_forest,2,04845288Q-121_block_2,temporal_block,15.0,0.5528737880146034,1
04845288Q-121,2025-03-01 11:34:03.010000+00:00,not_walking,0,random_forest,2,04845288Q-121_block_2,temporal_block,15.0,0.6788501714418181,1
04845288Q-121,2025-03-01 11:34:04.010000+00:00,not_walking,0,random_forest,2,04845288Q-121_block_2,temporal_block,15.0,0.4526348892260215,0
04845288Q-121,2025-03-01 11:34:05.010000+00:00,not_walking,0,random_forest,2,04845288Q-121_block_2,temporal_block,15.0,0.10734511038969868,0
04845288Q-121,2025-03-01 11:34:06.010000+00:00,not_walking,0,random_forest,2,04845288Q-121_block_2,temporal_block,15.0,0.12937239292179947,0
04845288Q-121,2025-03-01 11:34:07.010000+00:00,not_walking,0,random_forest,2,04845288Q-121_block_2,temporal_block,15.0,0.14965482306698055,0
04845288Q-121,2025-03-01 11:34:08.010000+00:00,not_walking,0,random_forest,2,04845288Q-121_block_2,temporal_block,15.0,0.17972768579694637,0
04845288Q-121,2025-03-01 11:34:09.010000+00:00,not_walking,0,random_forest,2,04845288Q-121_block_2,temporal_block,15.0,0.15497348748909462,0
04845288Q-121,2025-03-01 11:34:10.010000+00:00,not_walking,0,random_forest,2,04845288Q-121_block_2,temporal_block,15.0,0.13700335517674372,0
04845288Q-121,2025-03-01 11:34:11.010000+00:00,not_walking,0,random_forest,2,04845288Q-121_block_2,temporal_block,15.0,0.11438943515259846,0
04845288Q-121,2025-03-01 11:34:12.010000+00:00,not_walking,0,random_forest,2,04845288Q-121_block_2,temporal_block,15.0,0.11376969582854031,0
04845288Q-121,2025-03-01 11:34:13.010000+00:00,not_walking,0,random_forest,2,04845288Q-121_block_2,temporal_block,15.0,0.08467474788909247,0
04845288Q-121,2025-03-01 11:34:14.010000+00:00,not_walking,0,random_forest,2,04845288Q-121_block_2,temporal_block,15.0,0.42209342906173364,0
04845288Q-121,2025-03-01 11:34:15.010000+00:00,not_walking,0,random_forest,2,04845288Q-121_block_2,temporal_block,15.0,0.37570201651121515,0
04845288Q-121,2025-03-01 11:34:16.010000+00:00,not_walking,0,random_forest,2,04845288Q-121_block_2,temporal_block,15.0,0.17702762115909174,0
04845288Q-121,2025-03-01 11:34:17.010000+00:00,not_walking,0,random_forest,2,04845288Q-121_block_2,temporal_block,15.0,0.2721031707117503,0
04845288Q-121,2025-03-01 11:34:18.010000+00:00,not_walking,0,random_forest,2,04845288Q-121_block_2,temporal_block,15.0,0.1441121885964647,0
04845288Q-121,2025-03-01 11:34:19.010000+00:00,not_walking,0,random_forest,2,04845288Q-121_block_2,temporal_block,15.0,0.09497842757848263,0
04845288Q-121,2025-03-01 11:34:20.010000+00:00,not_walking,0,random_forest,2,04845288Q-121_block_2,temporal_block,15.0,0.13313647483071686,0
04845288Q-121,2025-03-01 11:34:21.010000+00:00,not_walking,0,random_forest,2,04845288Q-121_block_2,temporal_block,15.0,0.06828700259641098,0
04845288Q-121,2025-03-01 11:34:22.010000+00:00,not_walking,0,random_forest,2,04845288Q-121_block_2,temporal_block,15.0,0.10195749180280586,0
04845288Q-121,2025-03-01 11:34:23.010000+00:00,not_walking,0,random_forest,2,04845288Q-121_block_2,temporal_block,15.0,0.0869801074576415,0
04845288Q-121,2025-03-01 11:34:24.010000+00:00,not_walking,0,random_forest,2,04845288Q-121_block_2,temporal_block,15.0,0.11440422503638134,0
04845288Q-121,2025-03-01 11:34:25.010000+00:00,not_walking,0,random_forest,2,04845288Q-121_block_2,temporal_block,15.0,0.08091766791618243,0
04845288Q-121,2025-03-01 11:34:26.010000+00:00,not_walking,0,random_forest,2,04845288Q-121_block_2,temporal_block,15.0,0.17739541239480336,0
04845288Q-121,2025-03-01 11:34:27.010000+00:00,not_walking,0,random_forest,2,04845288Q-121_block_2,temporal_block,15.0,0.5709349949167342,1
04845288Q-121,2025-03-01 11:34:28.010000+00:00,not_walking,0,random_forest,2,04845288Q-121_block_2,temporal_block,15.0,0.7501784768960937,1
04845288Q-121,2025-03-01 11:34:29.010000+00:00,not_walking,0,random_forest,2,04845288Q-121_block_2,temporal_block,15.0,0.8577539359819946,1
04845288Q-121,2025-03-01 11:34:30.010000+00:00,not_walking,0,random_forest,2,04845288Q-121_block_2,temporal_block,15.0,0.5683589627784763,1
04845288Q-121,2025-03-01 11:34:31.010000+00:00,not_walking,0,random_forest,2,04845288Q-121_block_2,temporal_block,15.0,0.3674553410196089,0
04845288Q-121,2025-03-01 11:34:32.010000+00:00,not_walking,0,random_forest,2,04845288Q-121_block_2,temporal_block,15.0,0.40184919153650683,0
04845288Q-121,2025-03-01 11:34:33.010000+00:00,not_walking,0,random_forest,2,04845288Q-121_block_2,temporal_block,15.0,0.27073879253561617,0
04845288Q-121,2025-03-01 11:34:34.010000+00:00,not_walking,0,random_forest,2,04845288Q-121_block_2,temporal_block,15.0,0.45125317190970093,0
04845288Q-121,2025-03-01 11:34:35.010000+00:00,not_walking,0,random_forest,2,04845288Q-121_block_2,temporal_block,15.0,0.08885185525069707,0
04845288Q-121,2025-03-01 11:34:36.010000+00:00,not_walking,0,random_forest,2,04845288Q-121_block_2,temporal_block,15.0,0.08655249554373795,0
04845288Q-121,2025-03-01 11:34:37.010000+00:00,not_walking,0,random_forest,2,04845288Q-121_block_2,temporal_block,15.0,0.08460840969713428,0
04845288Q-121,2025-03-01 11:34:38.010000+00:00,not_walking,0,random_forest,2,04845288Q-121_block_2,temporal_block,15.0,0.08082267567820561,0
04845288Q-121,2025-03-01 11:34:39.010000+00:00,not_walking,0,random_forest,2,04845288Q-121_block_2,temporal_block,15.0,0.0903991007242272,0
04845288Q-121,2025-03-01 11:34:40.010000+00:00,not_walking,0,random_forest,2,04845288Q-121_block_2,temporal_block,15.0,0.07783046285134806,0
04845288Q-121,2025-03-01 11:34:41.010000+00:00,not_walking,0,random_forest,2,04845288Q-121_block_2,temporal_block,15.0,0.08425441486605145,0
04845288Q-121,2025-03-01 11:34:42.010000+00:00,not_walking,0,random_forest,2,04845288Q-121_block_2,temporal_block,15.0,0.09993597547344493,0
04845288Q-121,2025-03-01 11:34:43.010000+00:00,not_walking,0,random_forest,2,04845288Q-121_block_2,temporal_block,15.0,0.10691863263460619,0
04845288Q-121,2025-03-01 11:34:44.010000+00:00,not_walking,0,random_forest,2,04845288Q-121_block_2,temporal_block,15.0,0.16771320879679555,0
04845288Q-121,2025-03-01 11:34:45.010000+00:00,not_walking,0,random_forest,2,04845288Q-121_block_2,temporal_block,15.0,0.19901722036072952,0
04845288Q-121,2025-03-01 11:34:46.010000+00:00,not_walking,0,random_forest,2,04845288Q-121_block_2,temporal_block,15.0,0.1259392534352843,0
04845288Q-121,2025-03-01 11:34:47.010000+00:00,not_walking,0,random_forest,2,04845288Q-121_block_2,temporal_block,15.0,0.12485481534336064,0
04845288Q-121,2025-03-01 11:34:48.010000+00:00,not_walking,0,random_forest,2,04845288Q-121_block_2,temporal_block,15.0,0.10470403942910399,0
04845288Q-121,2025-03-01 11:34:49.010000+00:00,not_walking,0,random_forest,2,04845288Q-121_block_2,temporal_block,15.0,0.10708111711798346,0
04845288Q-121,2025-03-01 11:34:59.010000+00:00,not_walking,0,random_forest,3,04845288Q-121_block_3,temporal_block,15.0,0.18494253371082364,0
04845288Q-121,2025-03-01 11:35:00.010000+00:00,not_walking,0,random_forest,3,04845288Q-121_block_3,temporal_block,15.0,0.29672855448207835,0
04845288Q-121,2025-03-01 11:35:01.010000+00:00,not_walking,0,random_forest,3,04845288Q-121_block_3,temporal_block,15.0,0.6203328278045412,1
04845288Q-121,2025-03-01 11:35:02.010000+00:00,not_walking,0,random_forest,3,04845288Q-121_block_3,temporal_block,15.0,0.674785559565069,1
04845288Q-121,2025-03-01 11:35:03.010000+00:00,not_walking,0,random_forest,3,04845288Q-121_block_3,temporal_block,15.0,0.7221432406578197,1
04845288Q-121,2025-03-01 11:35:04.010000+00:00,not_walking,0,random_forest,3,04845288Q-121_block_3,temporal_block,15.0,0.6885471307498783,1
04845288Q-121,2025-03-01 11:35:05.010000+00:00,not_walking,0,random_forest,3,04845288Q-121_block_3,temporal_block,15.0,0.545591195574383,1
04845288Q-121,2025-03-01 11:35:06.010000+00:00,not_walking,0,random_forest,3,04845288Q-121_block_3,temporal_block,15.0,0.5132180786042505,1
04845288Q-121,2025-03-01 11:35:07.010000+00:00,not_walking,0,random_forest,3,04845288Q-121_block_3,temporal_block,15.0,0.18033984132402672,0
04845288Q-121,2025-03-01 11:35:08.010000+00:00,not_walking,0,random_forest,3,04845288Q-121_block_3,temporal_block,15.0,0.048396368398255035,0
04845288Q-121,2025-03-01 11:35:09.010000+00:00,not_walking,0,random_forest,3,04845288Q-121_block_3,temporal_block,15.0,0.23354260879268007,0
04845288Q-121,2025-03-01 11:35:10.010000+00:00,not_walking,0,random_forest,3,04845288Q-121_block_3,temporal_block,15.0,0.5999961827079058,1
04845288Q-121,2025-03-01 11:35:11.010000+00:00,not_walking,0,random_forest,3,04845288Q-121_block_3,temporal_block,15.0,0.6418170389603298,1
04845288Q-121,2025-03-01 11:35:12.010000+00:00,not_walking,0,random_forest,3,04845288Q-121_block_3,temporal_block,15.0,0.4456916575556673,0
04845288Q-121,2025-03-01 11:35:13.010000+00:00,not_walking,0,random_forest,3,04845288Q-121_block_3,temporal_block,15.0,0.3126772415525412,0
04845288Q-121,2025-03-01 11:35:14.010000+00:00,not_walking,0,random_forest,3,04845288Q-121_block_3,temporal_block,15.0,0.16360669975650355,0
04845288Q-121,2025-03-01 11:35:15.010000+00:00,not_walking,0,random_forest,3,04845288Q-121_block_3,temporal_block,15.0,0.05233882380303289,0
04845288Q-121,2025-03-01 11:35:16.010000+00:00,not_walking,0,random_forest,3,04845288Q-121_block_3,temporal_block,15.0,0.09111113822931889,0
04845288Q-121,2025-03-01 11:35:17.010000+00:00,not_walking,0,random_forest,3,04845288Q-121_block_3,temporal_block,15.0,0.06763713410588543,0
04845288Q-121,2025-03-01 11:35:18.010000+00:00,not_walking,0,random_forest,3,04845288Q-121_block_3,temporal_block,15.0,0.10479928595622436,0
04845288Q-121,2025-03-01 11:35:19.010000+00:00,not_walking,0,random_forest,3,04845288Q-121_block_3,temporal_block,15.0,0.3450511877624171,0
04845288Q-121,2025-03-01 11:35:20.010000+00:00,not_walking,0,random_forest,3,04845288Q-121_block_3,temporal_block,15.0,0.200152413138583,0
04845288Q-121,2025-03-01 11:35:21.010000+00:00,not_walking,0,random_forest,3,04845288Q-121_block_3,temporal_block,15.0,0.05306939829902316,0
04845288Q-121,2025-03-01 11:35:22.010000+00:00,not_walking,0,random_forest,3,04845288Q-121_block_3,temporal_block,15.0,0.04939974417577723,0
04845288Q-121,2025-03-01 11:35:23.010000+00:00,not_walking,0,random_forest,3,04845288Q-121_block_3,temporal_block,15.0,0.042545386768840225,0
04845288Q-121,2025-03-01 11:35:24.010000+00:00,not_walking,0,random_forest,3,04845288Q-121_block_3,temporal_block,15.0,0.042184882345174285,0
04845288Q-121,2025-03-01 11:35:25.010000+00:00,not_walking,0,random_forest,3,04845288Q-121_block_3,temporal_block,15.0,0.04419034453583966,0
04845288Q-121,2025-03-01 11:35:26.010000+00:00,not_walking,0,random_forest,3,04845288Q-121_block_3,temporal_block,15.0,0.04034340432798636,0
04845288Q-121,2025-03-01 11:35:27.010000+00:00,not_walking,0,random_forest,3,04845288Q-121_block_3,temporal_block,15.0,0.04988015178679683,0
04845288Q-121,2025-03-01 11:35:28.010000+00:00,not_walking,0,random_forest,3,04845288Q-121_block_3,temporal_block,15.0,0.050734993112383754,0
04845288Q-121,2025-03-01 11:35:29.010000+00:00,not_walking,0,random_forest,3,04845288Q-121_block_3,temporal_block,15.0,0.059352776964772896,0
04845288Q-121,2025-03-01 11:35:30.010000+00:00,not_walking,0,random_forest,3,04845288Q-121_block_3,temporal_block,15.0,0.21442361507967372,0
04845288Q-121,2025-03-01 11:35:34.010000+00:00,walking,1,random_forest,3,04845288Q-121_block_3,temporal_block,15.0,0.19489849883670454,0
04845288Q-121,2025-03-01 11:35:35.010000+00:00,walking,1,random_forest,3,04845288Q-121_block_3,temporal_block,15.0,0.5183651663338137,1
04845288Q-121,2025-03-01 11:35:36.010000+00:00,walking,1,random_forest,3,04845288Q-121_block_3,temporal_block,15.0,0.4577817224197715,0
04845288Q-121,2025-03-01 11:35:37.010000+00:00,walking,1,random_forest,3,04845288Q-121_block_3,temporal_block,15.0,0.17822741053773303,0
04845288Q-121,2025-03-01 11:35:38.010000+00:00,walking,1,random_forest,3,04845288Q-121_block_3,temporal_block,15.0,0.1438965461515874,0
04845288Q-121,2025-03-01 11:35:39.010000+00:00,walking,1,random_forest,3,04845288Q-121_block_3,temporal_block,15.0,0.05506686752493173,0
04845288Q-121,2025-03-01 11:35:40.010000+00:00,walking,1,random_forest,3,04845288Q-121_block_3,temporal_block,15.0,0.051113805680289115,0
04845288Q-121,2025-03-01 11:35:41.010000+00:00,walking,1,random_forest,3,04845288Q-121_block_3,temporal_block,15.0,0.07458480146283349,0
04845288Q-121,2025-03-01 11:35:42.010000+00:00,walking,1,random_forest,3,04845288Q-121_block_3,temporal_block,15.0,0.09360051771399104,0
04845288Q-121,2025-03-01 11:35:46.010000+00:00,not_walking,0,random_forest,3,04845288Q-121_block_3,temporal_block,15.0,0.08757496440773023,0
04845288Q-121,2025-03-01 11:35:47.010000+00:00,not_walking,0,random_forest,3,04845288Q-121_block_3,temporal_block,15.0,0.5679214486002039,1
04845288Q-121,2025-03-01 11:35:48.010000+00:00,not_walking,0,random_forest,3,04845288Q-121_block_3,temporal_block,15.0,0.9281846759769394,1
04845288Q-121,2025-03-01 11:35:49.010000+00:00,not_walking,0,random_forest,3,04845288Q-121_block_3,temporal_block,15.0,0.5573960640314441,1
04845288Q-121,2025-03-01 11:35:50.010000+00:00,not_walking,0,random_forest,3,04845288Q-121_block_3,temporal_block,15.0,0.6916640644837745,1
04845288Q-121,2025-03-01 11:35:51.010000+00:00,not_walking,0,random_forest,3,04845288Q-121_block_3,temporal_block,15.0,0.6762055974600581,1
04845288Q-121,2025-03-01 11:35:52.010000+00:00,not_walking,0,random_forest,3,04845288Q-121_block_3,temporal_block,15.0,0.6073180841477006,1
04845288Q-121,2025-03-01 11:35:53.010000+00:00,not_walking,0,random_forest,3,04845288Q-121_block_3,temporal_block,15.0,0.9202582937339643,1
04845288Q-121,2025-03-01 11:35:54.010000+00:00,not_walking,0,random_forest,3,04845288Q-121_block_3,temporal_block,15.0,0.7968257596764553,1
04845288Q-121,2025-03-01 11:35:55.010000+00:00,not_walking,0,random_forest,3,04845288Q-121_block_3,temporal_block,15.0,0.4498703108381227,0
04845288Q-121,2025-03-01 11:35:56.010000+00:00,not_walking,0,random_forest,3,04845288Q-121_block_3,temporal_block,15.0,0.3639139285213731,0
04845288Q-121,2025-03-01 11:35:57.010000+00:00,not_walking,0,random_forest,3,04845288Q-121_block_3,temporal_block,15.0,0.8349164559446723,1
04845288Q-121,2025-03-01 11:35:58.010000+00:00,not_walking,0,random_forest,3,04845288Q-121_block_3,temporal_block,15.0,0.8050717259353024,1
04845288Q-121,2025-03-01 11:35:59.010000+00:00,not_walking,0,random_forest,3,04845288Q-121_block_3,temporal_block,15.0,0.7124514636694049,1
04845288Q-121,2025-03-01 11:36:00.010000+00:00,not_walking,0,random_forest,3,04845288Q-121_block_3,temporal_block,15.0,0.558932676655754,1
04845288Q-121,2025-03-01 11:36:01.010000+00:00,not_walking,0,random_forest,3,04845288Q-121_block_3,temporal_block,15.0,0.6619484545452144,1
04845288Q-121,2025-03-01 11:36:02.010000+00:00,not_walking,0,random_forest,3,04845288Q-121_block_3,temporal_block,15.0,0.5045609506277321,1
04845288Q-121,2025-03-01 11:36:03.010000+00:00,not_walking,0,random_forest,3,04845288Q-121_block_3,temporal_block,15.0,0.47613933267490355,0
04845288Q-121,2025-03-01 11:36:04.010000+00:00,not_walking,0,random_forest,3,04845288Q-121_block_3,temporal_block,15.0,0.8326190965284179,1
04845288Q-121,2025-03-01 11:36:05.010000+00:00,not_walking,0,random_forest,3,04845288Q-121_block_3,temporal_block,15.0,0.5195765499894284,1
04845288Q-121,2025-03-01 11:36:06.010000+00:00,not_walking,0,random_forest,3,04845288Q-121_block_3,temporal_block,15.0,0.8009750341190953,1
04845288Q-121,2025-03-01 11:36:07.010000+00:00,not_walking,0,random_forest,3,04845288Q-121_block_3,temporal_block,15.0,0.7522339152239362,1
04845288Q-121,2025-03-01 11:36:08.010000+00:00,not_walking,0,random_forest,3,04845288Q-121_block_3,temporal_block,15.0,0.5899563836820965,1
04845288Q-121,2025-03-01 11:36:09.010000+00:00,not_walking,0,random_forest,3,04845288Q-121_block_3,temporal_block,15.0,0.7450769039466197,1
04845288Q-121,2025-03-01 11:36:10.010000+00:00,not_walking,0,random_forest,3,04845288Q-121_block_3,temporal_block,15.0,0.47870316177478106,0
04845288Q-121,2025-03-01 11:36:11.010000+00:00,not_walking,0,random_forest,3,04845288Q-121_block_3,temporal_block,15.0,0.7565009283326274,1
04845288Q-121,2025-03-01 11:36:12.010000+00:00,not_walking,0,random_forest,3,04845288Q-121_block_3,temporal_block,15.0,0.06701665262320979,0
04845288Q-121,2025-03-01 11:36:13.010000+00:00,not_walking,0,random_forest,3,04845288Q-121_block_3,temporal_block,15.0,0.04509666589589792,0
04845288Q-121,2025-03-01 11:36:14.010000+00:00,not_walking,0,random_forest,3,04845288Q-121_block_3,temporal_block,15.0,0.20831620260990572,0
04845288Q-121,2025-03-01 11:36:15.010000+00:00,not_walking,0,random_forest,3,04845288Q-121_block_3,temporal_block,15.0,0.7424493874944615,1
04845288Q-121,2025-03-01 11:36:16.010000+00:00,not_walking,0,random_forest,3,04845288Q-121_block_3,temporal_block,15.0,0.7836716596772225,1
04845288Q-121,2025-03-01 11:36:17.010000+00:00,not_walking,0,random_forest,3,04845288Q-121_block_3,temporal_block,15.0,0.7803293314579419,1
04845288Q-121,2025-03-01 11:36:18.010000+00:00,not_walking,0,random_forest,3,04845288Q-121_block_3,temporal_block,15.0,0.8329255851599447,1
04845288Q-121,2025-03-01 11:36:19.010000+00:00,not_walking,0,random_forest,3,04845288Q-121_block_3,temporal_block,15.0,0.8008193750013655,1
04845288Q-121,2025-03-01 11:36:20.010000+00:00,not_walking,0,random_forest,3,04845288Q-121_block_3,temporal_block,15.0,0.8182044464833473,1
04845288Q-121,2025-03-01 11:36:21.010000+00:00,not_walking,0,random_forest,3,04845288Q-121_block_3,temporal_block,15.0,0.8137634608757458,1
04845288Q-121,2025-03-01 11:36:22.010000+00:00,not_walking,0,random_forest,3,04845288Q-121_block_3,temporal_block,15.0,0.842504395252082,1
04845288Q-121,2025-03-01 11:36:23.010000+00:00,not_walking,0,random_forest,3,04845288Q-121_block_3,temporal_block,15.0,0.8321783944346411,1
04845288Q-121,2025-03-01 11:36:24.010000+00:00,not_walking,0,random_forest,3,04845288Q-121_block_3,temporal_block,15.0,0.7962744186041915,1
04845288Q-121,2025-03-01 11:36:25.010000+00:00,not_walking,0,random_forest,3,04845288Q-121_block_3,temporal_block,15.0,0.7980292906700417,1
04845288Q-121,2025-03-01 11:36:26.010000+00:00,not_walking,0,random_forest,3,04845288Q-121_block_3,temporal_block,15.0,0.8043737072012314,1
04845288Q-121,2025-03-01 11:36:27.010000+00:00,not_walking,0,random_forest,3,04845288Q-121_block_3,temporal_block,15.0,0.774101850638616,1
04845288Q-121,2025-03-01 11:36:28.010000+00:00,not_walking,0,random_forest,3,04845288Q-121_block_3,temporal_block,15.0,0.8302595365063,1
04845288Q-121,2025-03-01 11:36:29.010000+00:00,not_walking,0,random_forest,3,04845288Q-121_block_3,temporal_block,15.0,0.8571116642324196,1
04845288Q-121,2025-03-01 11:36:30.010000+00:00,not_walking,0,random_forest,3,04845288Q-121_block_3,temporal_block,15.0,0.7908761250797944,1
04845288Q-121,2025-03-01 11:36:31.010000+00:00,not_walking,0,random_forest,3,04845288Q-121_block_3,temporal_block,15.0,0.8240370136493995,1
04845288Q-121,2025-03-01 11:36:32.010000+00:00,not_walking,0,random_forest,3,04845288Q-121_block_3,temporal_block,15.0,0.8247346064738253,1
04845288Q-121,2025-03-01 11:36:33.010000+00:00,not_walking,0,random_forest,3,04845288Q-121_block_3,temporal_block,15.0,0.8200950249324278,1
04845288Q-121,2025-03-01 11:36:34.010000+00:00,not_walking,0,random_forest,3,04845288Q-121_block_3,temporal_block,15.0,0.8136083181457208,1
04845288Q-121,2025-03-01 11:36:35.010000+00:00,not_walking,0,random_forest,3,04845288Q-121_block_3,temporal_block,15.0,0.7702421553376356,1
04845288Q-121,2025-03-01 11:36:36.010000+00:00,not_walking,0,random_forest,3,04845288Q-121_block_3,temporal_block,15.0,0.7342146327721001,1
04845288Q-121,2025-03-01 11:36:37.010000+00:00,not_walking,0,random_forest,3,04845288Q-121_block_3,temporal_block,15.0,0.8207476839499664,1
04845288Q-121,2025-03-01 11:36:38.010000+00:00,not_walking,0,random_forest,3,04845288Q-121_block_3,temporal_block,15.0,0.7781029497806419,1
04845288Q-121,2025-03-01 11:36:39.010000+00:00,not_walking,0,random_forest,3,04845288Q-121_block_3,temporal_block,15.0,0.7656228202118686,1
04845288Q-121,2025-03-01 11:36:40.010000+00:00,not_walking,0,random_forest,3,04845288Q-121_block_3,temporal_block,15.0,0.8319899433102727,1
04845288Q-121,2025-03-01 11:36:41.010000+00:00,not_walking,0,random_forest,3,04845288Q-121_block_3,temporal_block,15.0,0.8230743004391811,1
04845288Q-121,2025-03-01 11:36:42.010000+00:00,not_walking,0,random_forest,3,04845288Q-121_block_3,temporal_block,15.0,0.8192575318753872,1
04845288Q-121,2025-03-01 11:36:43.010000+00:00,not_walking,0,random_forest,3,04845288Q-121_block_3,temporal_block,15.0,0.8097922538951553,1
04845288Q-121,2025-03-01 11:36:44.010000+00:00,not_walking,0,random_forest,3,04845288Q-121_block_3,temporal_block,15.0,0.8173691001488402,1
04845288Q-121,2025-03-01 11:36:45.010000+00:00,not_walking,0,random_forest,3,04845288Q-121_block_3,temporal_block,15.0,0.8239964032592103,1
04845288Q-121,2025-03-01 11:36:46.010000+00:00,not_walking,0,random_forest,3,04845288Q-121_block_3,temporal_block,15.0,0.8389978703691217,1
04845288Q-121,2025-03-01 11:36:47.010000+00:00,not_walking,0,random_forest,3,04845288Q-121_block_3,temporal_block,15.0,0.8211570769459693,1
04845288Q-121,2025-03-01 11:36:48.010000+00:00,not_walking,0,random_forest,3,04845288Q-121_block_3,temporal_block,15.0,0.8164702114296858,1
04845288Q-121,2025-03-01 11:36:49.010000+00:00,not_walking,0,random_forest,3,04845288Q-121_block_3,temporal_block,15.0,0.7558047316949458,1
04845288Q-121,2025-03-01 11:36:50.010000+00:00,not_walking,0,random_forest,3,04845288Q-121_block_3,temporal_block,15.0,0.787503478392193,1
04845288Q-121,2025-03-01 11:36:51.010000+00:00,not_walking,0,random_forest,3,04845288Q-121_block_3,temporal_block,15.0,0.8014843990471711,1
04845288Q-121,2025-03-01 11:36:52.010000+00:00,not_walking,0,random_forest,3,04845288Q-121_block_3,temporal_block,15.0,0.758441405821789,1
04845288Q-121,2025-03-01 11:36:53.010000+00:00,not_walking,0,random_forest,3,04845288Q-121_block_3,temporal_block,15.0,0.8151807345923364,1
04845288Q-121,2025-03-01 11:36:54.010000+00:00,not_walking,0,random_forest,3,04845288Q-121_block_3,temporal_block,15.0,0.8210276788949887,1
04845288Q-121,2025-03-01 11:36:55.010000+00:00,not_walking,0,random_forest,3,04845288Q-121_block_3,temporal_block,15.0,0.806648591121493,1
04845288Q-121,2025-03-01 11:36:56.010000+00:00,not_walking,0,random_forest,3,04845288Q-121_block_3,temporal_block,15.0,0.806017592151896,1
04845288Q-121,2025-03-01 11:36:57.010000+00:00,not_walking,0,random_forest,3,04845288Q-121_block_3,temporal_block,15.0,0.7833300918192767,1
04845288Q-121,2025-03-01 11:36:58.010000+00:00,not_walking,0,random_forest,3,04845288Q-121_block_3,temporal_block,15.0,0.7499894376344794,1
04845288Q-121,2025-03-01 11:36:59.010000+00:00,not_walking,0,random_forest,3,04845288Q-121_block_3,temporal_block,15.0,0.7469753565268673,1
04845288Q-121,2025-03-01 11:37:00.010000+00:00,not_walking,0,random_forest,3,04845288Q-121_block_3,temporal_block,15.0,0.7223047099335345,1
04845288Q-121,2025-03-01 11:37:01.010000+00:00,not_walking,0,random_forest,3,04845288Q-121_block_3,temporal_block,15.0,0.804370442939577,1
04845288Q-121,2025-03-01 11:37:02.010000+00:00,not_walking,0,random_forest,3,04845288Q-121_block_3,temporal_block,15.0,0.7949682552457934,1
04845288Q-121,2025-03-01 11:37:03.010000+00:00,not_walking,0,random_forest,3,04845288Q-121_block_3,temporal_block,15.0,0.8117753138901684,1
04845288Q-121,2025-03-01 11:37:04.010000+00:00,not_walking,0,random_forest,3,04845288Q-121_block_3,temporal_block,15.0,0.8110350674397657,1
04845288Q-121,2025-03-01 11:37:05.010000+00:00,not_walking,0,random_forest,3,04845288Q-121_block_3,temporal_block,15.0,0.7795346353691722,1
04845288Q-121,2025-03-01 11:37:06.010000+00:00,not_walking,0,random_forest,3,04845288Q-121_block_3,temporal_block,15.0,0.7864948502995077,1
04845288Q-121,2025-03-01 11:37:07.010000+00:00,not_walking,0,random_forest,3,04845288Q-121_block_3,temporal_block,15.0,0.7670121010576435,1
04845288Q-121,2025-03-01 11:37:08.010000+00:00,not_walking,0,random_forest,3,04845288Q-121_block_3,temporal_block,15.0,0.7963291050788158,1
04845288Q-121,2025-03-01 11:37:09.010000+00:00,not_walking,0,random_forest,3,04845288Q-121_block_3,temporal_block,15.0,0.7990459862393275,1
04845288Q-121,2025-03-01 11:37:10.010000+00:00,not_walking,0,random_forest,3,04845288Q-121_block_3,temporal_block,15.0,0.7856210166556574,1
04845288Q-121,2025-03-01 11:37:11.010000+00:00,not_walking,0,random_forest,3,04845288Q-121_block_3,temporal_block,15.0,0.6558551604156495,1
04845288Q-121,2025-03-01 11:37:12.010000+00:00,not_walking,0,random_forest,3,04845288Q-121_block_3,temporal_block,15.0,0.6922390954475247,1
04845288Q-121,2025-03-01 11:37:13.010000+00:00,not_walking,0,random_forest,3,04845288Q-121_block_3,temporal_block,15.0,0.7236759466149635,1
04845288Q-121,2025-03-01 11:37:14.010000+00:00,not_walking,0,random_forest,3,04845288Q-121_block_3,temporal_block,15.0,0.7476494152124354,1
04845288Q-121,2025-03-01 11:37:15.010000+00:00,not_walking,0,random_forest,3,04845288Q-121_block_3,temporal_block,15.0,0.8223753095886188,1
04845288Q-121,2025-03-01 11:37:16.010000+00:00,not_walking,0,random_forest,3,04845288Q-121_block_3,temporal_block,15.0,0.7716755019799416,1
04845288Q-121,2025-03-01 11:37:17.010000+00:00,not_walking,0,random_forest,3,04845288Q-121_block_3,temporal_block,15.0,0.7826757520447388,1
04845288Q-121,2025-03-01 11:37:18.010000+00:00,not_walking,0,random_forest,3,04845288Q-121_block_3,temporal_block,15.0,0.7939975560970288,1
04845288Q-121,2025-03-01 11:37:19.010000+00:00,not_walking,0,random_forest,3,04845288Q-121_block_3,temporal_block,15.0,0.8100893064410001,1
04845288Q-121,2025-03-01 11:37:20.010000+00:00,not_walking,0,random_forest,3,04845288Q-121_block_3,temporal_block,15.0,0.7982116366827656,1
04845288Q-121,2025-03-01 11:37:21.010000+00:00,not_walking,0,random_forest,3,04845288Q-121_block_3,temporal_block,15.0,0.7995195432098886,1
04845288Q-121,2025-03-01 11:37:22.010000+00:00,not_walking,0,random_forest,3,04845288Q-121_block_3,temporal_block,15.0,0.8203567659422986,1
04845288Q-121,2025-03-01 11:37:23.010000+00:00,not_walking,0,random_forest,3,04845288Q-121_block_3,temporal_block,15.0,0.8075208727675998,1
04845288Q-121,2025-03-01 11:37:24.010000+00:00,not_walking,0,random_forest,3,04845288Q-121_block_3,temporal_block,15.0,0.7846062107493972,1
04845288Q-121,2025-03-01 11:37:25.010000+00:00,not_walking,0,random_forest,3,04845288Q-121_block_3,temporal_block,15.0,0.822370324525887,1
04845288Q-121,2025-03-01 11:37:26.010000+00:00,not_walking,0,random_forest,3,04845288Q-121_block_3,temporal_block,15.0,0.8074670031628188,1
04845288Q-121,2025-03-01 11:37:27.010000+00:00,not_walking,0,random_forest,3,04845288Q-121_block_3,temporal_block,15.0,0.8303081698844361,1
04845288Q-121,2025-03-01 11:37:28.010000+00:00,not_walking,0,random_forest,3,04845288Q-121_block_3,temporal_block,15.0,0.8273455949121059,1
04845288Q-121,2025-03-01 11:37:29.010000+00:00,not_walking,0,random_forest,3,04845288Q-121_block_3,temporal_block,15.0,0.8361886897526138,1
04845288Q-121,2025-03-01 11:37:30.010000+00:00,not_walking,0,random_forest,3,04845288Q-121_block_3,temporal_block,15.0,0.7969860502511876,1
04845288Q-121,2025-03-01 11:37:31.010000+00:00,not_walking,0,random_forest,3,04845288Q-121_block_3,temporal_block,15.0,0.8265892974303163,1
04845288Q-121,2025-03-01 11:37:32.010000+00:00,not_walking,0,random_forest,3,04845288Q-121_block_3,temporal_block,15.0,0.7952198270745168,1
04845288Q-121,2025-03-01 11:37:33.010000+00:00,not_walking,0,random_forest,3,04845288Q-121_block_3,temporal_block,15.0,0.7834360117037344,1
04845288Q-121,2025-03-01 11:37:34.010000+00:00,not_walking,0,random_forest,3,04845288Q-121_block_3,temporal_block,15.0,0.8037737051503429,1
04845288Q-121,2025-03-01 11:37:35.010000+00:00,not_walking,0,random_forest,3,04845288Q-121_block_3,temporal_block,15.0,0.7882963348515213,1
04845288Q-121,2025-03-01 11:37:36.010000+00:00,not_walking,0,random_forest,3,04845288Q-121_block_3,temporal_block,15.0,0.7667988489805834,1
04845288Q-121,2025-03-01 11:37:37.010000+00:00,not_walking,0,random_forest,3,04845288Q-121_block_3,temporal_block,15.0,0.7926757982289234,1
04845288Q-121,2025-03-01 11:37:38.010000+00:00,not_walking,0,random_forest,3,04845288Q-121_block_3,temporal_block,15.0,0.8200858321805488,1
04845288Q-121,2025-03-01 11:37:39.010000+00:00,not_walking,0,random_forest,3,04845288Q-121_block_3,temporal_block,15.0,0.8204397214304316,1
04845288Q-121,2025-03-01 11:37:40.010000+00:00,not_walking,0,random_forest,3,04845288Q-121_block_3,temporal_block,15.0,0.7893635813605976,1
04845288Q-121,2025-03-01 11:37:41.010000+00:00,not_walking,0,random_forest,3,04845288Q-121_block_3,temporal_block,15.0,0.8327481315075639,1
04845288Q-121,2025-03-01 11:37:42.010000+00:00,not_walking,0,random_forest,3,04845288Q-121_block_3,temporal_block,15.0,0.7936748168877213,1
04845288Q-121,2025-03-01 11:37:43.010000+00:00,not_walking,0,random_forest,3,04845288Q-121_block_3,temporal_block,15.0,0.7505575887577935,1
04845288Q-121,2025-03-01 11:37:44.010000+00:00,not_walking,0,random_forest,3,04845288Q-121_block_3,temporal_block,15.0,0.7361003887649613,1
04845288Q-121,2025-03-01 11:37:45.010000+00:00,not_walking,0,random_forest,3,04845288Q-121_block_3,temporal_block,15.0,0.772750738811499,1
04845288Q-121,2025-03-01 11:37:46.010000+00:00,not_walking,0,random_forest,3,04845288Q-121_block_3,temporal_block,15.0,0.7110605026807406,1
04845288Q-121,2025-03-01 11:37:47.010000+00:00,not_walking,0,random_forest,3,04845288Q-121_block_3,temporal_block,15.0,0.7442259838148815,1
04845288Q-121,2025-03-01 11:37:48.010000+00:00,not_walking,0,random_forest,3,04845288Q-121_block_3,temporal_block,15.0,0.81082658916215,1
04845288Q-121,2025-03-01 11:37:49.010000+00:00,not_walking,0,random_forest,3,04845288Q-121_block_3,temporal_block,15.0,0.824587338496362,1
04845288Q-121,2025-03-01 11:37:50.010000+00:00,not_walking,0,random_forest,3,04845288Q-121_block_3,temporal_block,15.0,0.7888416471575557,1
04845288Q-121,2025-03-01 11:37:51.010000+00:00,not_walking,0,random_forest,3,04845288Q-121_block_3,temporal_block,15.0,0.7643617457832301,1
04845288Q-121,2025-03-01 11:37:52.010000+00:00,not_walking,0,random_forest,3,04845288Q-121_block_3,temporal_block,15.0,0.7823238467180151,1
04845288Q-121,2025-03-01 11:37:53.010000+00:00,not_walking,0,random_forest,3,04845288Q-121_block_3,temporal_block,15.0,0.7687540598830215,1
04845288Q-121,2025-03-01 11:37:54.010000+00:00,not_walking,0,random_forest,3,04845288Q-121_block_3,temporal_block,15.0,0.693975972908664,1
04845288Q-121,2025-03-01 11:37:55.010000+00:00,not_walking,0,random_forest,3,04845288Q-121_block_3,temporal_block,15.0,0.7019660064749353,1
04845288Q-121,2025-03-01 11:37:56.010000+00:00,not_walking,0,random_forest,3,04845288Q-121_block_3,temporal_block,15.0,0.7743738395364905,1
04845288Q-121,2025-03-01 11:37:57.010000+00:00,not_walking,0,random_forest,3,04845288Q-121_block_3,temporal_block,15.0,0.7741068928352614,1
04845288Q-121,2025-03-01 11:37:58.010000+00:00,not_walking,0,random_forest,3,04845288Q-121_block_3,temporal_block,15.0,0.3682612564341255,0
04845288Q-121,2025-03-01 11:37:59.010000+00:00,not_walking,0,random_forest,3,04845288Q-121_block_3,temporal_block,15.0,0.06533413608829962,0
04845288Q-121,2025-03-01 11:38:00.010000+00:00,not_walking,0,random_forest,3,04845288Q-121_block_3,temporal_block,15.0,0.07173985388547992,0
04845288Q-121,2025-03-01 11:38:01.010000+00:00,not_walking,0,random_forest,3,04845288Q-121_block_3,temporal_block,15.0,0.33468972357193894,0
04845288Q-121,2025-03-01 11:38:02.010000+00:00,not_walking,0,random_forest,3,04845288Q-121_block_3,temporal_block,15.0,0.7268194492856057,1
04845288Q-121,2025-03-01 11:38:03.010000+00:00,not_walking,0,random_forest,3,04845288Q-121_block_3,temporal_block,15.0,0.7468960925089962,1
04845288Q-121,2025-03-01 11:38:04.010000+00:00,not_walking,0,random_forest,3,04845288Q-121_block_3,temporal_block,15.0,0.701136824880968,1
04845288Q-121,2025-03-01 11:38:05.010000+00:00,not_walking,0,random_forest,3,04845288Q-121_block_3,temporal_block,15.0,0.5580797622864794,1
04845288Q-121,2025-03-01 11:38:06.010000+00:00,not_walking,0,random_forest,3,04845288Q-121_block_3,temporal_block,15.0,0.847045777711618,1
04845288Q-121,2025-03-01 11:38:07.010000+00:00,not_walking,0,random_forest,3,04845288Q-121_block_3,temporal_block,15.0,0.8174813591130715,1
04845288Q-121,2025-03-01 11:38:08.010000+00:00,not_walking,0,random_forest,3,04845288Q-121_block_3,temporal_block,15.0,0.747816390763044,1
04845288Q-121,2025-03-01 11:38:09.010000+00:00,not_walking,0,random_forest,3,04845288Q-121_block_3,temporal_block,15.0,0.8410978997215902,1
04845288Q-121,2025-03-01 11:38:10.010000+00:00,not_walking,0,random_forest,3,04845288Q-121_block_3,temporal_block,15.0,0.7517698566527329,1
04845288Q-121,2025-03-01 11:38:11.010000+00:00,not_walking,0,random_forest,3,04845288Q-121_block_3,temporal_block,15.0,0.7507316335650441,1
04845288Q-121,2025-03-01 11:38:12.010000+00:00,not_walking,0,random_forest,3,04845288Q-121_block_3,temporal_block,15.0,0.7753248208155954,1
04845288Q-121,2025-03-01 11:38:13.010000+00:00,not_walking,0,random_forest,3,04845288Q-121_block_3,temporal_block,15.0,0.7693481627307804,1
04845288Q-121,2025-03-01 11:38:14.010000+00:00,not_walking,0,random_forest,3,04845288Q-121_block_3,temporal_block,15.0,0.8008706317959325,1
04845288Q-121,2025-03-01 11:38:15.010000+00:00,not_walking,0,random_forest,3,04845288Q-121_block_3,temporal_block,15.0,0.7089971226648928,1
04845288Q-121,2025-03-01 11:38:16.010000+00:00,not_walking,0,random_forest,3,04845288Q-121_block_3,temporal_block,15.0,0.7719342884367751,1
04845288Q-121,2025-03-01 11:38:19.010000+00:00,walking,1,random_forest,3,04845288Q-121_block_3,temporal_block,15.0,0.8096704875606476,1
04845288Q-121,2025-03-01 11:38:20.010000+00:00,walking,1,random_forest,3,04845288Q-121_block_3,temporal_block,15.0,0.7741373602089006,1
04845288Q-121,2025-03-01 11:38:21.010000+00:00,walking,1,random_forest,3,04845288Q-121_block_3,temporal_block,15.0,0.739986981195156,1
04845288Q-121,2025-03-01 11:38:22.010000+00:00,walking,1,random_forest,3,04845288Q-121_block_3,temporal_block,15.0,0.7640663812839247,1
04845288Q-121,2025-03-01 11:38:23.010000+00:00,walking,1,random_forest,3,04845288Q-121_block_3,temporal_block,15.0,0.8530569358799267,1
04845288Q-121,2025-03-01 11:38:24.010000+00:00,walking,1,random_forest,3,04845288Q-121_block_3,temporal_block,15.0,0.8270769122697145,1
04845288Q-121,2025-03-01 11:38:25.010000+00:00,walking,1,random_forest,3,04845288Q-121_block_3,temporal_block,15.0,0.7634825938412445,1
04845288Q-121,2025-03-01 11:38:26.010000+00:00,walking,1,random_forest,3,04845288Q-121_block_3,temporal_block,15.0,0.8536974850468181,1
04845288Q-121,2025-03-01 11:38:27.010000+00:00,walking,1,random_forest,3,04845288Q-121_block_3,temporal_block,15.0,0.5659235645708586,1
04845288Q-121,2025-03-01 11:38:28.010000+00:00,walking,1,random_forest,3,04845288Q-121_block_3,temporal_block,15.0,0.7107777049230252,1
04845288Q-121,2025-03-01 11:38:29.010000+00:00,walking,1,random_forest,3,04845288Q-121_block_3,temporal_block,15.0,0.6109718096685574,1
04845288Q-121,2025-03-01 11:38:30.010000+00:00,walking,1,random_forest,3,04845288Q-121_block_3,temporal_block,15.0,0.7873660567749625,1
04845288Q-121,2025-03-01 11:38:31.010000+00:00,walking,1,random_forest,3,04845288Q-121_block_3,temporal_block,15.0,0.767524688473803,1
04845288Q-121,2025-03-01 11:38:32.010000+00:00,walking,1,random_forest,3,04845288Q-121_block_3,temporal_block,15.0,0.7463816582135095,1
04845288Q-121,2025-03-01 11:38:33.010000+00:00,walking,1,random_forest,3,04845288Q-121_block_3,temporal_block,15.0,0.7709072410626334,1
04845288Q-121,2025-03-01 11:38:34.010000+00:00,walking,1,random_forest,3,04845288Q-121_block_3,temporal_block,15.0,0.7562875241175465,1
04845288Q-121,2025-03-01 11:38:35.010000+00:00,walking,1,random_forest,3,04845288Q-121_block_3,temporal_block,15.0,0.8194508133485111,1
04845288Q-121,2025-03-01 11:38:36.010000+00:00,walking,1,random_forest,3,04845288Q-121_block_3,temporal_block,15.0,0.7792614480250607,1
04845288Q-121,2025-03-01 11:38:37.010000+00:00,walking,1,random_forest,3,04845288Q-121_block_3,temporal_block,15.0,0.7526926310944639,1
04845288Q-121,2025-03-01 11:38:38.010000+00:00,walking,1,random_forest,3,04845288Q-121_block_3,temporal_block,15.0,0.6901193911556954,1
04845288Q-121,2025-03-01 11:38:39.010000+00:00,walking,1,random_forest,3,04845288Q-121_block_3,temporal_block,15.0,0.7316640495316884,1
04845288Q-121,2025-03-01 11:38:40.010000+00:00,walking,1,random_forest,3,04845288Q-121_block_3,temporal_block,15.0,0.7347457799693667,1
04845288Q-121,2025-03-01 11:38:45.010000+00:00,not_walking,0,random_forest,3,04845288Q-121_block_3,temporal_block,15.0,0.8109185973190943,1
04845288Q-121,2025-03-01 11:38:46.010000+00:00,not_walking,0,random_forest,3,04845288Q-121_block_3,temporal_block,15.0,0.7879010637142579,1
04845288Q-121,2025-03-01 11:38:47.010000+00:00,not_walking,0,random_forest,3,04845288Q-121_block_3,temporal_block,15.0,0.7805193943745308,1
04845288Q-121,2025-03-01 11:38:48.010000+00:00,not_walking,0,random_forest,3,04845288Q-121_block_3,temporal_block,15.0,0.7622851377284086,1
04845288Q-121,2025-03-01 11:38:49.010000+00:00,not_walking,0,random_forest,3,04845288Q-121_block_3,temporal_block,15.0,0.7538086702261776,1
04845288Q-121,2025-03-01 11:38:50.010000+00:00,not_walking,0,random_forest,3,04845288Q-121_block_3,temporal_block,15.0,0.7623447300977142,1
04845288Q-121,2025-03-01 11:38:51.010000+00:00,not_walking,0,random_forest,3,04845288Q-121_block_3,temporal_block,15.0,0.74959776180617,1
04845288Q-121,2025-03-01 11:38:52.010000+00:00,not_walking,0,random_forest,3,04845288Q-121_block_3,temporal_block,15.0,0.7944967642829478,1
04845288Q-121,2025-03-01 11:38:53.010000+00:00,not_walking,0,random_forest,3,04845288Q-121_block_3,temporal_block,15.0,0.7055980757392061,1
04845288Q-121,2025-03-01 11:38:54.010000+00:00,not_walking,0,random_forest,3,04845288Q-121_block_3,temporal_block,15.0,0.7392210289242789,1
04845288Q-121,2025-03-01 11:38:55.010000+00:00,not_walking,0,random_forest,3,04845288Q-121_block_3,temporal_block,15.0,0.7338013159640101,1
04845288Q-121,2025-03-01 11:38:56.010000+00:00,not_walking,0,random_forest,3,04845288Q-121_block_3,temporal_block,15.0,0.7662732039448595,1
04845288Q-121,2025-03-01 11:38:57.010000+00:00,not_walking,0,random_forest,3,04845288Q-121_block_3,temporal_block,15.0,0.8035853896822348,1
04845288Q-121,2025-03-01 11:38:58.010000+00:00,not_walking,0,random_forest,3,04845288Q-121_block_3,temporal_block,15.0,0.8047135725897098,1
04845288Q-121,2025-03-01 11:38:59.010000+00:00,not_walking,0,random_forest,3,04845288Q-121_block_3,temporal_block,15.0,0.6212637155623921,1
04845288Q-121,2025-03-01 11:39:00.010000+00:00,not_walking,0,random_forest,3,04845288Q-121_block_3,temporal_block,15.0,0.6309407630586343,1
04845288Q-121,2025-03-01 11:39:01.010000+00:00,not_walking,0,random_forest,3,04845288Q-121_block_3,temporal_block,15.0,0.699205449032347,1
04845288Q-121,2025-03-01 11:39:02.010000+00:00,not_walking,0,random_forest,3,04845288Q-121_block_3,temporal_block,15.0,0.7462063579278062,1
04845288Q-121,2025-03-01 11:39:03.010000+00:00,not_walking,0,random_forest,3,04845288Q-121_block_3,temporal_block,15.0,0.7624437370526311,1
04845288Q-121,2025-03-01 11:39:04.010000+00:00,not_walking,0,random_forest,3,04845288Q-121_block_3,temporal_block,15.0,0.8129321697904259,1
04845288Q-121,2025-03-01 11:39:05.010000+00:00,not_walking,0,random_forest,3,04845288Q-121_block_3,temporal_block,15.0,0.7699265971291538,1
04845288Q-121,2025-03-01 11:39:06.010000+00:00,not_walking,0,random_forest,3,04845288Q-121_block_3,temporal_block,15.0,0.7441855252594817,1
04845288Q-121,2025-03-01 11:39:07.010000+00:00,not_walking,0,random_forest,3,04845288Q-121_block_3,temporal_block,15.0,0.7958387698466559,1
04845288Q-121,2025-03-01 11:39:08.010000+00:00,not_walking,0,random_forest,3,04845288Q-121_block_3,temporal_block,15.0,0.7514790489808028,1
04845288Q-121,2025-03-01 11:39:09.010000+00:00,not_walking,0,random_forest,3,04845288Q-121_block_3,temporal_block,15.0,0.7920565689721557,1
04845288Q-121,2025-03-01 11:39:10.010000+00:00,not_walking,0,random_forest,3,04845288Q-121_block_3,temporal_block,15.0,0.743838424225807,1
04845288Q-121,2025-03-01 11:39:11.010000+00:00,not_walking,0,random_forest,3,04845288Q-121_block_3,temporal_block,15.0,0.7125618555432758,1
04845288Q-121,2025-03-01 11:39:12.010000+00:00,not_walking,0,random_forest,3,04845288Q-121_block_3,temporal_block,15.0,0.7852334036467723,1
04845288Q-121,2025-03-01 11:39:13.010000+00:00,not_walking,0,random_forest,3,04845288Q-121_block_3,temporal_block,15.0,0.7395063448022928,1
04845288Q-121,2025-03-01 11:39:14.010000+00:00,not_walking,0,random_forest,3,04845288Q-121_block_3,temporal_block,15.0,0.7632502653393031,1
04845288Q-121,2025-03-01 11:39:15.010000+00:00,not_walking,0,random_forest,3,04845288Q-121_block_3,temporal_block,15.0,0.758892197625304,1
04845288Q-121,2025-03-01 11:39:16.010000+00:00,not_walking,0,random_forest,3,04845288Q-121_block_3,temporal_block,15.0,0.6883176808566299,1
04845288Q-121,2025-03-01 11:39:17.010000+00:00,not_walking,0,random_forest,3,04845288Q-121_block_3,temporal_block,15.0,0.7777522754332371,1
04845288Q-121,2025-03-01 11:39:18.010000+00:00,not_walking,0,random_forest,3,04845288Q-121_block_3,temporal_block,15.0,0.7936314682266509,1
04845288Q-121,2025-03-01 11:39:19.010000+00:00,not_walking,0,random_forest,3,04845288Q-121_block_3,temporal_block,15.0,0.7513387216170659,1
04845288Q-121,2025-03-01 11:39:20.010000+00:00,not_walking,0,random_forest,3,04845288Q-121_block_3,temporal_block,15.0,0.7691550893668027,1
04845288Q-121,2025-03-01 11:39:21.010000+00:00,not_walking,0,random_forest,3,04845288Q-121_block_3,temporal_block,15.0,0.735112058324657,1
04845288Q-121,2025-03-01 11:39:24.010000+00:00,walking,1,random_forest,3,04845288Q-121_block_3,temporal_block,15.0,0.8190879809556272,1
04845288Q-121,2025-03-01 11:39:25.010000+00:00,walking,1,random_forest,3,04845288Q-121_block_3,temporal_block,15.0,0.8050122665256733,1
04845288Q-121,2025-03-01 11:39:26.010000+00:00,walking,1,random_forest,3,04845288Q-121_block_3,temporal_block,15.0,0.8006154554990182,1
04845288Q-121,2025-03-01 11:39:27.010000+00:00,walking,1,random_forest,3,04845288Q-121_block_3,temporal_block,15.0,0.7549058597900181,1
04845288Q-121,2025-03-01 11:39:28.010000+00:00,walking,1,random_forest,3,04845288Q-121_block_3,temporal_block,15.0,0.8087156881263214,1
04845288Q-121,2025-03-01 11:39:29.010000+00:00,walking,1,random_forest,3,04845288Q-121_block_3,temporal_block,15.0,0.8061603013206138,1
04845288Q-121,2025-03-01 11:39:30.010000+00:00,walking,1,random_forest,3,04845288Q-121_block_3,temporal_block,15.0,0.7686117195546618,1
04845288Q-121,2025-03-01 11:39:31.010000+00:00,walking,1,random_forest,3,04845288Q-121_block_3,temporal_block,15.0,0.7903379985000349,1
04845288Q-121,2025-03-01 11:39:32.010000+00:00,walking,1,random_forest,3,04845288Q-121_block_3,temporal_block,15.0,0.778538856588229,1
04845288Q-121,2025-03-01 11:39:35.010000+00:00,not_walking,0,random_forest,3,04845288Q-121_block_3,temporal_block,15.0,0.8080189031157347,1
04845288Q-121,2025-03-01 11:39:36.010000+00:00,not_walking,0,random_forest,3,04845288Q-121_block_3,temporal_block,15.0,0.7968295293390226,1
04845288Q-121,2025-03-01 11:39:37.010000+00:00,not_walking,0,random_forest,3,04845288Q-121_block_3,temporal_block,15.0,0.7883044682359254,1
04845288Q-121,2025-03-01 11:39:38.010000+00:00,not_walking,0,random_forest,3,04845288Q-121_block_3,temporal_block,15.0,0.8124108225100175,1
04845288Q-121,2025-03-01 11:39:39.010000+00:00,not_walking,0,random_forest,3,04845288Q-121_block_3,temporal_block,15.0,0.7680426492090842,1
04845288Q-121,2025-03-01 11:39:40.010000+00:00,not_walking,0,random_forest,3,04845288Q-121_block_3,temporal_block,15.0,0.8005283986628418,1
04845288Q-121,2025-03-01 11:39:41.010000+00:00,not_walking,0,random_forest,3,04845288Q-121_block_3,temporal_block,15.0,0.7957950006251108,1
04845288Q-121,2025-03-01 11:39:42.010000+00:00,not_walking,0,random_forest,3,04845288Q-121_block_3,temporal_block,15.0,0.794479264504879,1
04845288Q-121,2025-03-01 11:39:43.010000+00:00,not_walking,0,random_forest,3,04845288Q-121_block_3,temporal_block,15.0,0.657662323534002,1
04845288Q-121,2025-03-01 11:39:44.010000+00:00,not_walking,0,random_forest,3,04845288Q-121_block_3,temporal_block,15.0,0.7436769756623702,1
04845288Q-121,2025-03-01 11:39:51.010000+00:00,not_walking,0,random_forest,4,04845288Q-121_block_4,temporal_block,15.0,0.10108364103599896,0
04845288Q-121,2025-03-01 11:39:52.010000+00:00,not_walking,0,random_forest,4,04845288Q-121_block_4,temporal_block,15.0,0.08285786903404653,0
04845288Q-121,2025-03-01 11:39:53.010000+00:00,not_walking,0,random_forest,4,04845288Q-121_block_4,temporal_block,15.0,0.11200041632041308,0
04845288Q-121,2025-03-01 11:39:54.010000+00:00,not_walking,0,random_forest,4,04845288Q-121_block_4,temporal_block,15.0,0.15089319847365323,0
04845288Q-121,2025-03-01 11:39:55.010000+00:00,not_walking,0,random_forest,4,04845288Q-121_block_4,temporal_block,15.0,0.1490805680389607,0
04845288Q-121,2025-03-01 11:39:56.010000+00:00,not_walking,0,random_forest,4,04845288Q-121_block_4,temporal_block,15.0,0.14676092367456858,0
04845288Q-121,2025-03-01 11:39:57.010000+00:00,not_walking,0,random_forest,4,04845288Q-121_block_4,temporal_block,15.0,0.1865027310825482,0
04845288Q-121,2025-03-01 11:39:58.010000+00:00,not_walking,0,random_forest,4,04845288Q-121_block_4,temporal_block,15.0,0.17501770289292332,0
04845288Q-121,2025-03-01 11:39:59.010000+00:00,not_walking,0,random_forest,4,04845288Q-121_block_4,temporal_block,15.0,0.121903128149216,0
04845288Q-121,2025-03-01 11:40:04.010000+00:00,walking,1,random_forest,4,04845288Q-121_block_4,temporal_block,15.0,0.098556972402044,0
04845288Q-121,2025-03-01 11:40:05.010000+00:00,walking,1,random_forest,4,04845288Q-121_block_4,temporal_block,15.0,0.2532738942081788,0
04845288Q-121,2025-03-01 11:40:06.010000+00:00,walking,1,random_forest,4,04845288Q-121_block_4,temporal_block,15.0,0.14159544165225438,0
04845288Q-121,2025-03-01 11:40:07.010000+00:00,walking,1,random_forest,4,04845288Q-121_block_4,temporal_block,15.0,0.22145884765545887,0
04845288Q-121,2025-03-01 11:40:08.010000+00:00,walking,1,random_forest,4,04845288Q-121_block_4,temporal_block,15.0,0.15580930787605024,0
04845288Q-121,2025-03-01 11:40:09.010000+00:00,walking,1,random_forest,4,04845288Q-121_block_4,temporal_block,15.0,0.1502847200116827,0
04845288Q-121,2025-03-01 11:40:10.010000+00:00,walking,1,random_forest,4,04845288Q-121_block_4,temporal_block,15.0,0.18362813987737206,0
04845288Q-121,2025-03-01 11:40:11.010000+00:00,walking,1,random_forest,4,04845288Q-121_block_4,temporal_block,15.0,0.11317497229628559,0
04845288Q-121,2025-03-01 11:40:12.010000+00:00,walking,1,random_forest,4,04845288Q-121_block_4,temporal_block,15.0,0.14244463254411083,0
04845288Q-121,2025-03-01 11:40:13.010000+00:00,walking,1,random_forest,4,04845288Q-121_block_4,temporal_block,15.0,0.12083628807628687,0
04845288Q-121,2025-03-01 11:40:14.010000+00:00,walking,1,random_forest,4,04845288Q-121_block_4,temporal_block,15.0,0.11657208795897477,0
04845288Q-121,2025-03-01 11:40:15.010000+00:00,walking,1,random_forest,4,04845288Q-121_block_4,temporal_block,15.0,0.21517775293684768,0
04845288Q-121,2025-03-01 11:40:16.010000+00:00,walking,1,random_forest,4,04845288Q-121_block_4,temporal_block,15.0,0.2767278693994526,0
04845288Q-121,2025-03-01 11:40:17.010000+00:00,walking,1,random_forest,4,04845288Q-121_block_4,temporal_block,15.0,0.24239787552484227,0
04845288Q-121,2025-03-01 11:40:18.010000+00:00,walking,1,random_forest,4,04845288Q-121_block_4,temporal_block,15.0,0.2316311914116845,0
04845288Q-121,2025-03-01 11:40:19.010000+00:00,walking,1,random_forest,4,04845288Q-121_block_4,temporal_block,15.0,0.3304800537732657,0
04845288Q-121,2025-03-01 11:40:20.010000+00:00,walking,1,random_forest,4,04845288Q-121_block_4,temporal_block,15.0,0.23052345606970415,0
04845288Q-121,2025-03-01 11:40:21.010000+00:00,walking,1,random_forest,4,04845288Q-121_block_4,temporal_block,15.0,0.25184568183577266,0
04845288Q-121,2025-03-01 11:40:22.010000+00:00,walking,1,random_forest,4,04845288Q-121_block_4,temporal_block,15.0,0.32280447152761743,0
04845288Q-121,2025-03-01 11:40:23.010000+00:00,walking,1,random_forest,4,04845288Q-121_block_4,temporal_block,15.0,0.1364637076717839,0
04845288Q-121,2025-03-01 11:40:26.010000+00:00,not_walking,0,random_forest,4,04845288Q-121_block_4,temporal_block,15.0,0.09772890769573603,0
04845288Q-121,2025-03-01 11:40:27.010000+00:00,not_walking,0,random_forest,4,04845288Q-121_block_4,temporal_block,15.0,0.13941679611117697,0
04845288Q-121,2025-03-01 11:40:28.010000+00:00,not_walking,0,random_forest,4,04845288Q-121_block_4,temporal_block,15.0,0.43326060080085077,0
04845288Q-121,2025-03-01 11:40:29.010000+00:00,not_walking,0,random_forest,4,04845288Q-121_block_4,temporal_block,15.0,0.36332004683122965,0
04845288Q-121,2025-03-01 11:40:30.010000+00:00,not_walking,0,random_forest,4,04845288Q-121_block_4,temporal_block,15.0,0.37151685241925575,0
04845288Q-121,2025-03-01 11:40:31.010000+00:00,not_walking,0,random_forest,4,04845288Q-121_block_4,temporal_block,15.0,0.38797434034822503,0
04845288Q-121,2025-03-01 11:40:32.010000+00:00,not_walking,0,random_forest,4,04845288Q-121_block_4,temporal_block,15.0,0.22076451315782383,0
04845288Q-121,2025-03-01 11:40:33.010000+00:00,not_walking,0,random_forest,4,04845288Q-121_block_4,temporal_block,15.0,0.31823891816127614,0
04845288Q-121,2025-03-01 11:40:34.010000+00:00,not_walking,0,random_forest,4,04845288Q-121_block_4,temporal_block,15.0,0.29189757711551123,0
04845288Q-121,2025-03-01 11:40:35.010000+00:00,not_walking,0,random_forest,4,04845288Q-121_block_4,temporal_block,15.0,0.1773723158930458,0
04845288Q-121,2025-03-01 11:40:36.010000+00:00,not_walking,0,random_forest,4,04845288Q-121_block_4,temporal_block,15.0,0.14758807644950547,0
04845288Q-121,2025-03-01 11:40:37.010000+00:00,not_walking,0,random_forest,4,04845288Q-121_block_4,temporal_block,15.0,0.4771802800030289,0
04845288Q-121,2025-03-01 11:40:38.010000+00:00,not_walking,0,random_forest,4,04845288Q-121_block_4,temporal_block,15.0,0.26996418407887307,0
05447093A-110,2024-05-09 08:26:59.690000+00:00,not_walking,0,random_forest,5,05447093A-110_block_5,temporal_block,15.0,0.08737456563867387,0
05447093A-110,2024-05-09 08:27:00.690000+00:00,not_walking,0,random_forest,5,05447093A-110_block_5,temporal_block,15.0,0.12254212320553727,0
05447093A-110,2024-05-09 08:27:01.690000+00:00,not_walking,0,random_forest,5,05447093A-110_block_5,temporal_block,15.0,0.19214778289849468,0
05447093A-110,2024-05-09 08:27:02.690000+00:00,not_walking,0,random_forest,5,05447093A-110_block_5,temporal_block,15.0,0.37846280869040283,0
05447093A-110,2024-05-09 08:27:03.690000+00:00,not_walking,0,random_forest,5,05447093A-110_block_5,temporal_block,15.0,0.6106611723429327,1
05447093A-110,2024-05-09 08:27:04.690000+00:00,not_walking,0,random_forest,5,05447093A-110_block_5,temporal_block,15.0,0.4293376193560381,0
05447093A-110,2024-05-09 08:27:05.690000+00:00,not_walking,0,random_forest,5,05447093A-110_block_5,temporal_block,15.0,0.6088043096410506,1
05447093A-110,2024-05-09 08:27:06.690000+00:00,not_walking,0,random_forest,5,05447093A-110_block_5,temporal_block,15.0,0.5963289933179043,1
05447093A-110,2024-05-09 08:27:07.690000+00:00,not_walking,0,random_forest,5,05447093A-110_block_5,temporal_block,15.0,0.5770710293465047,1
05447093A-110,2024-05-09 08:27:08.690000+00:00,not_walking,0,random_forest,5,05447093A-110_block_5,temporal_block,15.0,0.5854629876411175,1
05447093A-110,2024-05-09 08:27:09.690000+00:00,not_walking,0,random_forest,5,05447093A-110_block_5,temporal_block,15.0,0.5920472742582386,1
05447093A-110,2024-05-09 08:27:10.690000+00:00,not_walking,0,random_forest,5,05447093A-110_block_5,temporal_block,15.0,0.5780205586824478,1
05447093A-110,2024-05-09 08:27:11.690000+00:00,not_walking,0,random_forest,5,05447093A-110_block_5,temporal_block,15.0,0.4794367924134347,0
05447093A-110,2024-05-09 08:27:12.690000+00:00,not_walking,0,random_forest,5,05447093A-110_block_5,temporal_block,15.0,0.5951363051861422,1
05447093A-110,2024-05-09 08:27:13.690000+00:00,not_walking,0,random_forest,5,05447093A-110_block_5,temporal_block,15.0,0.6678487217406326,1
05447093A-110,2024-05-09 08:27:14.690000+00:00,not_walking,0,random_forest,5,05447093A-110_block_5,temporal_block,15.0,0.5954022842006337,1
05447093A-110,2024-05-09 08:27:15.690000+00:00,not_walking,0,random_forest,5,05447093A-110_block_5,temporal_block,15.0,0.6024357854844113,1
05447093A-110,2024-05-09 08:27:16.690000+00:00,not_walking,0,random_forest,5,05447093A-110_block_5,temporal_block,15.0,0.6735729843068871,1
05447093A-110,2024-05-09 08:27:17.690000+00:00,not_walking,0,random_forest,5,05447093A-110_block_5,temporal_block,15.0,0.5818882719894239,1
05447093A-110,2024-05-09 08:27:18.690000+00:00,not_walking,0,random_forest,5,05447093A-110_block_5,temporal_block,15.0,0.5519877567873309,1
05447093A-110,2024-05-09 08:27:19.690000+00:00,not_walking,0,random_forest,5,05447093A-110_block_5,temporal_block,15.0,0.17963656023807628,0
05447093A-110,2024-05-09 08:27:20.690000+00:00,not_walking,0,random_forest,5,05447093A-110_block_5,temporal_block,15.0,0.4882183123650817,0
05447093A-110,2024-05-09 08:27:21.690000+00:00,not_walking,0,random_forest,5,05447093A-110_block_5,temporal_block,15.0,0.2931599900474062,0
05447093A-110,2024-05-09 08:27:22.690000+00:00,not_walking,0,random_forest,5,05447093A-110_block_5,temporal_block,15.0,0.14750003822099092,0
05447093A-110,2024-05-09 08:27:23.690000+00:00,not_walking,0,random_forest,5,05447093A-110_block_5,temporal_block,15.0,0.1380771971116207,0
05447093A-110,2024-05-09 08:27:24.690000+00:00,not_walking,0,random_forest,5,05447093A-110_block_5,temporal_block,15.0,0.4050671681675286,0
05447093A-110,2024-05-09 08:27:25.690000+00:00,not_walking,0,random_forest,5,05447093A-110_block_5,temporal_block,15.0,0.48094202185840196,0
05447093A-110,2024-05-09 08:27:26.690000+00:00,not_walking,0,random_forest,5,05447093A-110_block_5,temporal_block,15.0,0.4388413108817614,0
05447093A-110,2024-05-09 08:27:27.690000+00:00,not_walking,0,random_forest,5,05447093A-110_block_5,temporal_block,15.0,0.32782769428049763,0
05447093A-110,2024-05-09 08:27:28.690000+00:00,not_walking,0,random_forest,5,05447093A-110_block_5,temporal_block,15.0,0.1362382622825077,0
05447093A-110,2024-05-09 08:27:29.690000+00:00,not_walking,0,random_forest,5,05447093A-110_block_5,temporal_block,15.0,0.13130053483514312,0
05447093A-110,2024-05-09 08:27:30.690000+00:00,not_walking,0,random_forest,5,05447093A-110_block_5,temporal_block,15.0,0.4769636008663617,0
05447093A-110,2024-05-09 08:27:31.690000+00:00,not_walking,0,random_forest,5,05447093A-110_block_5,temporal_block,15.0,0.40572024065621537,0
05447093A-110,2024-05-09 08:27:32.690000+00:00,not_walking,0,random_forest,5,05447093A-110_block_5,temporal_block,15.0,0.20278729450678457,0
05447093A-110,2024-05-09 08:27:33.690000+00:00,not_walking,0,random_forest,5,05447093A-110_block_5,temporal_block,15.0,0.22952782547584835,0
05447093A-110,2024-05-09 08:27:34.690000+00:00,not_walking,0,random_forest,5,05447093A-110_block_5,temporal_block,15.0,0.3063291472677475,0
05447093A-110,2024-05-09 08:27:35.690000+00:00,not_walking,0,random_forest,5,05447093A-110_block_5,temporal_block,15.0,0.3051912216555966,0
05447093A-110,2024-05-09 08:27:36.690000+00:00,not_walking,0,random_forest,5,05447093A-110_block_5,temporal_block,15.0,0.31551884822220044,0
05447093A-110,2024-05-09 08:27:37.690000+00:00,not_walking,0,random_forest,5,05447093A-110_block_5,temporal_block,15.0,0.23883758863784194,0
05447093A-110,2024-05-09 08:27:38.690000+00:00,not_walking,0,random_forest,5,05447093A-110_block_5,temporal_block,15.0,0.12922306151295487,0
05447093A-110,2024-05-09 08:27:39.690000+00:00,not_walking,0,random_forest,5,05447093A-110_block_5,temporal_block,15.0,0.19226968973591055,0
05447093A-110,2024-05-09 08:27:40.690000+00:00,not_walking,0,random_forest,5,05447093A-110_block_5,temporal_block,15.0,0.18006974116543356,0
05447093A-110,2024-05-09 08:27:41.690000+00:00,not_walking,0,random_forest,5,05447093A-110_block_5,temporal_block,15.0,0.1894806004051239,0
05447093A-110,2024-05-09 08:27:42.690000+00:00,not_walking,0,random_forest,5,05447093A-110_block_5,temporal_block,15.0,0.1424394718194329,0
05447093A-110,2024-05-09 08:27:43.690000+00:00,not_walking,0,random_forest,5,05447093A-110_block_5,temporal_block,15.0,0.20411503642261192,0
05447093A-110,2024-05-09 08:27:44.690000+00:00,not_walking,0,random_forest,5,05447093A-110_block_5,temporal_block,15.0,0.13087189585066544,0
05447093A-110,2024-05-09 08:27:45.690000+00:00,not_walking,0,random_forest,5,05447093A-110_block_5,temporal_block,15.0,0.20512615115071334,0
05447093A-110,2024-05-09 08:27:46.690000+00:00,not_walking,0,random_forest,5,05447093A-110_block_5,temporal_block,15.0,0.22176971541650894,0
05447093A-110,2024-05-09 08:27:47.690000+00:00,not_walking,0,random_forest,5,05447093A-110_block_5,temporal_block,15.0,0.40076179427313574,0
05447093A-110,2024-05-09 08:27:48.690000+00:00,not_walking,0,random_forest,5,05447093A-110_block_5,temporal_block,15.0,0.2183139452260473,0
05447093A-110,2024-05-09 08:27:49.690000+00:00,not_walking,0,random_forest,5,05447093A-110_block_5,temporal_block,15.0,0.3439213440646009,0
05447093A-110,2024-05-09 08:27:50.690000+00:00,not_walking,0,random_forest,5,05447093A-110_block_5,temporal_block,15.0,0.29615894609705734,0
05447093A-110,2024-05-09 08:27:51.690000+00:00,not_walking,0,random_forest,5,05447093A-110_block_5,temporal_block,15.0,0.17742531256333657,0
05447093A-110,2024-05-09 08:27:52.690000+00:00,not_walking,0,random_forest,5,05447093A-110_block_5,temporal_block,15.0,0.12733817131036287,0
05447093A-110,2024-05-09 08:27:53.690000+00:00,not_walking,0,random_forest,5,05447093A-110_block_5,temporal_block,15.0,0.1620747565052583,0
05447093A-110,2024-05-09 08:27:54.690000+00:00,not_walking,0,random_forest,5,05447093A-110_block_5,temporal_block,15.0,0.12887331826698337,0
05447093A-110,2024-05-09 08:27:55.690000+00:00,not_walking,0,random_forest,5,05447093A-110_block_5,temporal_block,15.0,0.1682097271417842,0
05447093A-110,2024-05-09 08:27:56.690000+00:00,not_walking,0,random_forest,5,05447093A-110_block_5,temporal_block,15.0,0.28472156519947506,0
05447093A-110,2024-05-09 08:27:57.690000+00:00,not_walking,0,random_forest,5,05447093A-110_block_5,temporal_block,15.0,0.14565577388101345,0
05447093A-110,2024-05-09 08:27:58.690000+00:00,not_walking,0,random_forest,5,05447093A-110_block_5,temporal_block,15.0,0.11636230500285116,0
05447093A-110,2024-05-09 08:27:59.690000+00:00,not_walking,0,random_forest,5,05447093A-110_block_5,temporal_block,15.0,0.12940990994967236,0
05447093A-110,2024-05-09 08:28:00.690000+00:00,not_walking,0,random_forest,5,05447093A-110_block_5,temporal_block,15.0,0.15094950403248453,0
05447093A-110,2024-05-09 08:28:01.690000+00:00,not_walking,0,random_forest,5,05447093A-110_block_5,temporal_block,15.0,0.15239321572088171,0
05447093A-110,2024-05-09 08:28:02.690000+00:00,not_walking,0,random_forest,5,05447093A-110_block_5,temporal_block,15.0,0.4706396561019136,0
05447093A-110,2024-05-09 08:28:03.690000+00:00,not_walking,0,random_forest,5,05447093A-110_block_5,temporal_block,15.0,0.30192413343263796,0
05447093A-110,2024-05-09 08:28:04.690000+00:00,not_walking,0,random_forest,5,05447093A-110_block_5,temporal_block,15.0,0.3269376141703194,0
05447093A-110,2024-05-09 08:28:05.690000+00:00,not_walking,0,random_forest,5,05447093A-110_block_5,temporal_block,15.0,0.14399389265180454,0
05447093A-110,2024-05-09 08:28:06.690000+00:00,not_walking,0,random_forest,5,05447093A-110_block_5,temporal_block,15.0,0.12623480273057947,0
05447093A-110,2024-05-09 08:28:07.690000+00:00,not_walking,0,random_forest,5,05447093A-110_block_5,temporal_block,15.0,0.1273298503173664,0
05447093A-110,2024-05-09 08:28:08.690000+00:00,not_walking,0,random_forest,5,05447093A-110_block_5,temporal_block,15.0,0.12772717484004176,0
05447093A-110,2024-05-09 08:28:09.690000+00:00,not_walking,0,random_forest,5,05447093A-110_block_5,temporal_block,15.0,0.12557574001168936,0
05447093A-110,2024-05-09 08:28:10.690000+00:00,not_walking,0,random_forest,5,05447093A-110_block_5,temporal_block,15.0,0.1253647800080191,0
05447093A-110,2024-05-09 08:28:11.690000+00:00,not_walking,0,random_forest,5,05447093A-110_block_5,temporal_block,15.0,0.13842563601503236,0
05447093A-110,2024-05-09 08:28:12.690000+00:00,not_walking,0,random_forest,5,05447093A-110_block_5,temporal_block,15.0,0.12458095697659495,0
05447093A-110,2024-05-09 08:28:13.690000+00:00,not_walking,0,random_forest,5,05447093A-110_block_5,temporal_block,15.0,0.532568433004437,1
05447093A-110,2024-05-09 08:28:14.690000+00:00,not_walking,0,random_forest,5,05447093A-110_block_5,temporal_block,15.0,0.6056151797021536,1
05447093A-110,2024-05-09 08:28:15.690000+00:00,not_walking,0,random_forest,5,05447093A-110_block_5,temporal_block,15.0,0.5387695573024099,1
05447093A-110,2024-05-09 08:28:16.690000+00:00,not_walking,0,random_forest,5,05447093A-110_block_5,temporal_block,15.0,0.4218923346598207,0
05447093A-110,2024-05-09 08:28:17.690000+00:00,not_walking,0,random_forest,5,05447093A-110_block_5,temporal_block,15.0,0.47783932014781916,0
05447093A-110,2024-05-09 08:28:18.690000+00:00,not_walking,0,random_forest,5,05447093A-110_block_5,temporal_block,15.0,0.31573506628441855,0
05447093A-110,2024-05-09 08:28:19.690000+00:00,not_walking,0,random_forest,5,05447093A-110_block_5,temporal_block,15.0,0.23604035438244997,0
05447093A-110,2024-05-09 08:28:20.690000+00:00,not_walking,0,random_forest,5,05447093A-110_block_5,temporal_block,15.0,0.269192220449913,0
05447093A-110,2024-05-09 08:28:21.690000+00:00,not_walking,0,random_forest,5,05447093A-110_block_5,temporal_block,15.0,0.5397922634096223,1
05447093A-110,2024-05-09 08:28:22.690000+00:00,not_walking,0,random_forest,5,05447093A-110_block_5,temporal_block,15.0,0.6240560094546981,1
05447093A-110,2024-05-09 08:28:23.690000+00:00,not_walking,0,random_forest,5,05447093A-110_block_5,temporal_block,15.0,0.5861717309292338,1
05447093A-110,2024-05-09 08:28:24.690000+00:00,not_walking,0,random_forest,5,05447093A-110_block_5,temporal_block,15.0,0.6036047023312983,1
05447093A-110,2024-05-09 08:28:25.690000+00:00,not_walking,0,random_forest,5,05447093A-110_block_5,temporal_block,15.0,0.5460234187012677,1
05447093A-110,2024-05-09 08:28:26.690000+00:00,not_walking,0,random_forest,5,05447093A-110_block_5,temporal_block,15.0,0.284642138020941,0
05447093A-110,2024-05-09 08:28:27.690000+00:00,not_walking,0,random_forest,5,05447093A-110_block_5,temporal_block,15.0,0.44257111098787266,0
05447093A-110,2024-05-09 08:28:28.690000+00:00,not_walking,0,random_forest,5,05447093A-110_block_5,temporal_block,15.0,0.4684434833252661,0
05447093A-110,2024-05-09 08:28:29.690000+00:00,not_walking,0,random_forest,5,05447093A-110_block_5,temporal_block,15.0,0.541601541917378,1
05447093A-110,2024-05-09 08:28:30.690000+00:00,not_walking,0,random_forest,5,05447093A-110_block_5,temporal_block,15.0,0.5424382417829196,1
05447093A-110,2024-05-09 08:28:31.690000+00:00,not_walking,0,random_forest,5,05447093A-110_block_5,temporal_block,15.0,0.4636607488370993,0
05447093A-110,2024-05-09 08:28:32.690000+00:00,not_walking,0,random_forest,5,05447093A-110_block_5,temporal_block,15.0,0.19056306133027004,0
05447093A-110,2024-05-09 08:28:33.690000+00:00,not_walking,0,random_forest,5,05447093A-110_block_5,temporal_block,15.0,0.11783782749568705,0
05447093A-110,2024-05-09 08:28:34.690000+00:00,not_walking,0,random_forest,5,05447093A-110_block_5,temporal_block,15.0,0.49305333650380895,0
05447093A-110,2024-05-09 08:28:35.690000+00:00,not_walking,0,random_forest,5,05447093A-110_block_5,temporal_block,15.0,0.45176857889676064,0
05447093A-110,2024-05-09 08:28:36.690000+00:00,not_walking,0,random_forest,5,05447093A-110_block_5,temporal_block,15.0,0.37554039362509867,0
05447093A-110,2024-05-09 08:28:37.690000+00:00,not_walking,0,random_forest,5,05447093A-110_block_5,temporal_block,15.0,0.10905055274476716,0
05447093A-110,2024-05-09 08:28:38.690000+00:00,not_walking,0,random_forest,5,05447093A-110_block_5,temporal_block,15.0,0.06743368558523474,0
05447093A-110,2024-05-09 08:28:39.690000+00:00,not_walking,0,random_forest,5,05447093A-110_block_5,temporal_block,15.0,0.21258144697621856,0
05447093A-110,2024-05-09 08:28:40.690000+00:00,not_walking,0,random_forest,5,05447093A-110_block_5,temporal_block,15.0,0.36185156195523993,0
05447093A-110,2024-05-09 08:28:41.690000+00:00,not_walking,0,random_forest,5,05447093A-110_block_5,temporal_block,15.0,0.2852989914745609,0
05447093A-110,2024-05-09 08:28:42.690000+00:00,not_walking,0,random_forest,5,05447093A-110_block_5,temporal_block,15.0,0.1346772703841046,0
05447093A-110,2024-05-09 08:28:43.690000+00:00,not_walking,0,random_forest,5,05447093A-110_block_5,temporal_block,15.0,0.11664220264643592,0
05447093A-110,2024-05-09 08:28:44.690000+00:00,not_walking,0,random_forest,5,05447093A-110_block_5,temporal_block,15.0,0.17113068703833037,0
05447093A-110,2024-05-09 08:28:45.690000+00:00,not_walking,0,random_forest,5,05447093A-110_block_5,temporal_block,15.0,0.10965467529709304,0
05447093A-110,2024-05-09 08:28:46.690000+00:00,not_walking,0,random_forest,5,05447093A-110_block_5,temporal_block,15.0,0.0914462468104836,0
05447093A-110,2024-05-09 08:28:47.690000+00:00,not_walking,0,random_forest,5,05447093A-110_block_5,temporal_block,15.0,0.10658685261647953,0
05447093A-110,2024-05-09 08:28:48.690000+00:00,not_walking,0,random_forest,5,05447093A-110_block_5,temporal_block,15.0,0.09840975459638096,0
05447093A-110,2024-05-09 08:28:49.690000+00:00,not_walking,0,random_forest,5,05447093A-110_block_5,temporal_block,15.0,0.10897724400371998,0
05447093A-110,2024-05-09 08:28:50.690000+00:00,not_walking,0,random_forest,5,05447093A-110_block_5,temporal_block,15.0,0.11137837202089579,0
05447093A-110,2024-05-09 08:28:51.690000+00:00,not_walking,0,random_forest,5,05447093A-110_block_5,temporal_block,15.0,0.10800882756939806,0
05447093A-110,2024-05-09 08:28:52.690000+00:00,not_walking,0,random_forest,5,05447093A-110_block_5,temporal_block,15.0,0.09118255253110732,0
05447093A-110,2024-05-09 08:28:53.690000+00:00,not_walking,0,random_forest,5,05447093A-110_block_5,temporal_block,15.0,0.16089131258489273,0
05447093A-110,2024-05-09 08:28:54.690000+00:00,not_walking,0,random_forest,5,05447093A-110_block_5,temporal_block,15.0,0.13119460224670498,0
05447093A-110,2024-05-09 08:28:55.690000+00:00,not_walking,0,random_forest,5,05447093A-110_block_5,temporal_block,15.0,0.11127543996193272,0
05447093A-110,2024-05-09 08:28:56.690000+00:00,not_walking,0,random_forest,5,05447093A-110_block_5,temporal_block,15.0,0.11565680801144755,0
05447093A-110,2024-05-09 08:28:57.690000+00:00,not_walking,0,random_forest,5,05447093A-110_block_5,temporal_block,15.0,0.11065490349956562,0
05447093A-110,2024-05-09 08:28:58.690000+00:00,not_walking,0,random_forest,5,05447093A-110_block_5,temporal_block,15.0,0.12433467058273669,0
05447093A-110,2024-05-09 08:28:59.690000+00:00,not_walking,0,random_forest,5,05447093A-110_block_5,temporal_block,15.0,0.11152130448510142,0
05447093A-110,2024-05-09 08:29:00.690000+00:00,not_walking,0,random_forest,5,05447093A-110_block_5,temporal_block,15.0,0.12095105213101592,0
05447093A-110,2024-05-09 08:29:01.690000+00:00,not_walking,0,random_forest,5,05447093A-110_block_5,temporal_block,15.0,0.11030537264266077,0
05447093A-110,2024-05-09 08:29:02.690000+00:00,not_walking,0,random_forest,5,05447093A-110_block_5,temporal_block,15.0,0.12990809466686176,0
05447093A-110,2024-05-09 08:29:03.690000+00:00,not_walking,0,random_forest,5,05447093A-110_block_5,temporal_block,15.0,0.11252873718963198,0
05447093A-110,2024-05-09 08:29:04.690000+00:00,not_walking,0,random_forest,5,05447093A-110_block_5,temporal_block,15.0,0.25045571243443443,0
05447093A-110,2024-05-09 08:29:05.690000+00:00,not_walking,0,random_forest,5,05447093A-110_block_5,temporal_block,15.0,0.13134554346210278,0
05447093A-110,2024-05-09 08:29:06.690000+00:00,not_walking,0,random_forest,5,05447093A-110_block_5,temporal_block,15.0,0.11945634943303851,0
05447093A-110,2024-05-09 08:29:07.690000+00:00,not_walking,0,random_forest,5,05447093A-110_block_5,temporal_block,15.0,0.11357978035311786,0
05447093A-110,2024-05-09 08:29:08.690000+00:00,not_walking,0,random_forest,5,05447093A-110_block_5,temporal_block,15.0,0.11447574299419938,0
05447093A-110,2024-05-09 08:29:09.690000+00:00,not_walking,0,random_forest,5,05447093A-110_block_5,temporal_block,15.0,0.12579621761992374,0
05447093A-110,2024-05-09 08:29:10.690000+00:00,not_walking,0,random_forest,5,05447093A-110_block_5,temporal_block,15.0,0.12729789374424016,0
05447093A-110,2024-05-09 08:29:11.690000+00:00,not_walking,0,random_forest,5,05447093A-110_block_5,temporal_block,15.0,0.12297844106326693,0
05447093A-110,2024-05-09 08:29:12.690000+00:00,not_walking,0,random_forest,5,05447093A-110_block_5,temporal_block,15.0,0.1241157502624377,0
05447093A-110,2024-05-09 08:29:13.690000+00:00,not_walking,0,random_forest,5,05447093A-110_block_5,temporal_block,15.0,0.12369390702099324,0
05447093A-110,2024-05-09 08:29:14.690000+00:00,not_walking,0,random_forest,5,05447093A-110_block_5,temporal_block,15.0,0.11398393365227062,0
05447093A-110,2024-05-09 08:29:15.690000+00:00,not_walking,0,random_forest,5,05447093A-110_block_5,temporal_block,15.0,0.13179897454317938,0
05447093A-110,2024-05-09 08:29:16.690000+00:00,not_walking,0,random_forest,5,05447093A-110_block_5,temporal_block,15.0,0.1247863323970651,0
05447093A-110,2024-05-09 08:29:17.690000+00:00,not_walking,0,random_forest,5,05447093A-110_block_5,temporal_block,15.0,0.1151839663380237,0
05447093A-110,2024-05-09 08:29:18.690000+00:00,not_walking,0,random_forest,5,05447093A-110_block_5,temporal_block,15.0,0.13999475224865565,0
05447093A-110,2024-05-09 08:29:19.690000+00:00,not_walking,0,random_forest,5,05447093A-110_block_5,temporal_block,15.0,0.11510110496063977,0
05447093A-110,2024-05-09 08:29:20.690000+00:00,not_walking,0,random_forest,5,05447093A-110_block_5,temporal_block,15.0,0.12726822215109154,0
05447093A-110,2024-05-09 08:29:21.690000+00:00,not_walking,0,random_forest,5,05447093A-110_block_5,temporal_block,15.0,0.12872871971083244,0
05447093A-110,2024-05-09 08:29:22.690000+00:00,not_walking,0,random_forest,5,05447093A-110_block_5,temporal_block,15.0,0.12422366336549574,0
05447093A-110,2024-05-09 08:29:23.690000+00:00,not_walking,0,random_forest,5,05447093A-110_block_5,temporal_block,15.0,0.10768355483925554,0
05447093A-110,2024-05-09 08:29:24.690000+00:00,not_walking,0,random_forest,5,05447093A-110_block_5,temporal_block,15.0,0.1174609164414046,0
05447093A-110,2024-05-09 08:29:25.690000+00:00,not_walking,0,random_forest,5,05447093A-110_block_5,temporal_block,15.0,0.11873426125382916,0
05447093A-110,2024-05-09 08:29:26.690000+00:00,not_walking,0,random_forest,5,05447093A-110_block_5,temporal_block,15.0,0.12471129299199642,0
05447093A-110,2024-05-09 08:29:27.690000+00:00,not_walking,0,random_forest,5,05447093A-110_block_5,temporal_block,15.0,0.11407258322052483,0
05447093A-110,2024-05-09 08:29:28.690000+00:00,not_walking,0,random_forest,5,05447093A-110_block_5,temporal_block,15.0,0.12605287485527147,0
05447093A-110,2024-05-09 08:29:29.690000+00:00,not_walking,0,random_forest,5,05447093A-110_block_5,temporal_block,15.0,0.12758858816162907,0
05447093A-110,2024-05-09 08:29:30.690000+00:00,not_walking,0,random_forest,5,05447093A-110_block_5,temporal_block,15.0,0.1285739064600633,0
05447093A-110,2024-05-09 08:29:31.690000+00:00,not_walking,0,random_forest,5,05447093A-110_block_5,temporal_block,15.0,0.12115754681233895,0
05447093A-110,2024-05-09 08:29:32.690000+00:00,not_walking,0,random_forest,5,05447093A-110_block_5,temporal_block,15.0,0.136747333980029,0
05447093A-110,2024-05-09 08:29:33.690000+00:00,not_walking,0,random_forest,5,05447093A-110_block_5,temporal_block,15.0,0.3757939020762647,0
05447093A-110,2024-05-09 08:29:34.690000+00:00,not_walking,0,random_forest,5,05447093A-110_block_5,temporal_block,15.0,0.41777054686148346,0
05447093A-110,2024-05-09 08:29:35.690000+00:00,not_walking,0,random_forest,5,05447093A-110_block_5,temporal_block,15.0,0.16684375609972865,0
05447093A-110,2024-05-09 08:29:36.690000+00:00,not_walking,0,random_forest,5,05447093A-110_block_5,temporal_block,15.0,0.10884535385953607,0
05447093A-110,2024-05-09 08:29:37.690000+00:00,not_walking,0,random_forest,5,05447093A-110_block_5,temporal_block,15.0,0.10493998097018818,0
05447093A-110,2024-05-09 08:29:38.690000+00:00,not_walking,0,random_forest,5,05447093A-110_block_5,temporal_block,15.0,0.12005486922916676,0
05447093A-110,2024-05-09 08:29:39.690000+00:00,not_walking,0,random_forest,5,05447093A-110_block_5,temporal_block,15.0,0.11945107701309444,0
05447093A-110,2024-05-09 08:29:40.690000+00:00,not_walking,0,random_forest,5,05447093A-110_block_5,temporal_block,15.0,0.1266167235927935,0
05447093A-110,2024-05-09 08:29:41.690000+00:00,not_walking,0,random_forest,5,05447093A-110_block_5,temporal_block,15.0,0.11469023401003549,0
05447093A-110,2024-05-09 08:29:42.690000+00:00,not_walking,0,random_forest,5,05447093A-110_block_5,temporal_block,15.0,0.12366482467634586,0
05447093A-110,2024-05-09 08:29:43.690000+00:00,not_walking,0,random_forest,5,05447093A-110_block_5,temporal_block,15.0,0.2752815866412962,0
05447093A-110,2024-05-09 08:29:44.690000+00:00,not_walking,0,random_forest,5,05447093A-110_block_5,temporal_block,15.0,0.4339874751313248,0
05447093A-110,2024-05-09 08:29:45.690000+00:00,not_walking,0,random_forest,5,05447093A-110_block_5,temporal_block,15.0,0.284206532916522,0
05447093A-110,2024-05-09 08:29:46.690000+00:00,not_walking,0,random_forest,5,05447093A-110_block_5,temporal_block,15.0,0.13679944927612336,0
05447093A-110,2024-05-09 08:29:47.690000+00:00,not_walking,0,random_forest,5,05447093A-110_block_5,temporal_block,15.0,0.131792056523924,0
05447093A-110,2024-05-09 08:29:48.690000+00:00,not_walking,0,random_forest,5,05447093A-110_block_5,temporal_block,15.0,0.1310028497292692,0
05447093A-110,2024-05-09 08:29:49.690000+00:00,not_walking,0,random_forest,5,05447093A-110_block_5,temporal_block,15.0,0.11290350620311848,0
05447093A-110,2024-05-09 08:29:50.690000+00:00,not_walking,0,random_forest,5,05447093A-110_block_5,temporal_block,15.0,0.12449692161086183,0
05447093A-110,2024-05-09 08:29:51.690000+00:00,not_walking,0,random_forest,5,05447093A-110_block_5,temporal_block,15.0,0.15253920917297492,0
05447093A-110,2024-05-09 08:29:52.690000+00:00,not_walking,0,random_forest,5,05447093A-110_block_5,temporal_block,15.0,0.1420427582073708,0
05447093A-110,2024-05-09 08:29:53.690000+00:00,not_walking,0,random_forest,5,05447093A-110_block_5,temporal_block,15.0,0.14374593408170952,0
05447093A-110,2024-05-09 08:29:54.690000+00:00,not_walking,0,random_forest,5,05447093A-110_block_5,temporal_block,15.0,0.1312232410540161,0
05447093A-110,2024-05-09 08:29:55.690000+00:00,not_walking,0,random_forest,5,05447093A-110_block_5,temporal_block,15.0,0.12915311739974839,0
05447093A-110,2024-05-09 08:29:56.690000+00:00,not_walking,0,random_forest,5,05447093A-110_block_5,temporal_block,15.0,0.13035022793871157,0
05447093A-110,2024-05-09 08:29:57.690000+00:00,not_walking,0,random_forest,5,05447093A-110_block_5,temporal_block,15.0,0.13265305638666683,0
05447093A-110,2024-05-09 08:29:58.690000+00:00,not_walking,0,random_forest,5,05447093A-110_block_5,temporal_block,15.0,0.12168975343452805,0
05447093A-110,2024-05-09 08:29:59.690000+00:00,not_walking,0,random_forest,5,05447093A-110_block_5,temporal_block,15.0,0.1258684945597247,0
05447093A-110,2024-05-09 08:30:00.690000+00:00,not_walking,0,random_forest,5,05447093A-110_block_5,temporal_block,15.0,0.1313969285330051,0
05447093A-110,2024-05-09 08:30:01.690000+00:00,not_walking,0,random_forest,5,05447093A-110_block_5,temporal_block,15.0,0.11827796642664175,0
05447093A-110,2024-05-09 08:30:02.690000+00:00,not_walking,0,random_forest,5,05447093A-110_block_5,temporal_block,15.0,0.12403441289682995,0
05447093A-110,2024-05-09 08:30:03.690000+00:00,not_walking,0,random_forest,5,05447093A-110_block_5,temporal_block,15.0,0.11456853396219524,0
05447093A-110,2024-05-09 08:30:04.690000+00:00,not_walking,0,random_forest,5,05447093A-110_block_5,temporal_block,15.0,0.13705951230555316,0
05447093A-110,2024-05-09 08:30:05.690000+00:00,not_walking,0,random_forest,5,05447093A-110_block_5,temporal_block,15.0,0.11753513613093652,0
05447093A-110,2024-05-09 08:30:06.690000+00:00,not_walking,0,random_forest,5,05447093A-110_block_5,temporal_block,15.0,0.1281556370806173,0
05447093A-110,2024-05-09 08:30:07.690000+00:00,not_walking,0,random_forest,5,05447093A-110_block_5,temporal_block,15.0,0.12249790432717374,0
05447093A-110,2024-05-09 08:30:08.690000+00:00,not_walking,0,random_forest,5,05447093A-110_block_5,temporal_block,15.0,0.1307793073450831,0
05447093A-110,2024-05-09 08:30:09.690000+00:00,not_walking,0,random_forest,5,05447093A-110_block_5,temporal_block,15.0,0.1282381195450677,0
05447093A-110,2024-05-09 08:30:10.690000+00:00,not_walking,0,random_forest,5,05447093A-110_block_5,temporal_block,15.0,0.12835439720190286,0
05447093A-110,2024-05-09 08:30:11.690000+00:00,not_walking,0,random_forest,5,05447093A-110_block_5,temporal_block,15.0,0.11911744440155267,0
05447093A-110,2024-05-09 08:30:12.690000+00:00,not_walking,0,random_forest,5,05447093A-110_block_5,temporal_block,15.0,0.1306524098408801,0
05447093A-110,2024-05-09 08:30:13.690000+00:00,not_walking,0,random_forest,5,05447093A-110_block_5,temporal_block,15.0,0.1349295756443177,0
05447093A-110,2024-05-09 08:30:14.690000+00:00,not_walking,0,random_forest,5,05447093A-110_block_5,temporal_block,15.0,0.12536970264188832,0
05447093A-110,2024-05-09 08:30:15.690000+00:00,not_walking,0,random_forest,5,05447093A-110_block_5,temporal_block,15.0,0.12419447198777848,0
05447093A-110,2024-05-09 08:30:16.690000+00:00,not_walking,0,random_forest,5,05447093A-110_block_5,temporal_block,15.0,0.11682842656796921,0
05447093A-110,2024-05-09 08:30:17.690000+00:00,not_walking,0,random_forest,5,05447093A-110_block_5,temporal_block,15.0,0.12775352034250906,0
05447093A-110,2024-05-09 08:30:18.690000+00:00,not_walking,0,random_forest,5,05447093A-110_block_5,temporal_block,15.0,0.12508344363260798,0
05447093A-110,2024-05-09 08:30:19.690000+00:00,not_walking,0,random_forest,5,05447093A-110_block_5,temporal_block,15.0,0.12509498728483667,0
05447093A-110,2024-05-09 08:30:20.690000+00:00,not_walking,0,random_forest,5,05447093A-110_block_5,temporal_block,15.0,0.13359950888201225,0
05447093A-110,2024-05-09 08:30:21.690000+00:00,not_walking,0,random_forest,5,05447093A-110_block_5,temporal_block,15.0,0.1255787174744688,0
05447093A-110,2024-05-09 08:30:22.690000+00:00,not_walking,0,random_forest,5,05447093A-110_block_5,temporal_block,15.0,0.10384655036674396,0
05447093A-110,2024-05-09 08:30:23.690000+00:00,not_walking,0,random_forest,5,05447093A-110_block_5,temporal_block,15.0,0.1320331443916907,0
05447093A-110,2024-05-09 08:30:24.690000+00:00,not_walking,0,random_forest,5,05447093A-110_block_5,temporal_block,15.0,0.1304690308086642,0
05447093A-110,2024-05-09 08:30:25.690000+00:00,not_walking,0,random_forest,5,05447093A-110_block_5,temporal_block,15.0,0.11829767746198862,0
05447093A-110,2024-05-09 08:30:26.690000+00:00,not_walking,0,random_forest,5,05447093A-110_block_5,temporal_block,15.0,0.11476132236442008,0
05447093A-110,2024-05-09 08:30:27.690000+00:00,not_walking,0,random_forest,5,05447093A-110_block_5,temporal_block,15.0,0.11672485182460211,0
05447093A-110,2024-05-09 08:30:28.690000+00:00,not_walking,0,random_forest,5,05447093A-110_block_5,temporal_block,15.0,0.10747594026473886,0
05447093A-110,2024-05-09 08:30:29.690000+00:00,not_walking,0,random_forest,5,05447093A-110_block_5,temporal_block,15.0,0.11298463240048538,0
05447093A-110,2024-05-09 08:30:30.690000+00:00,not_walking,0,random_forest,5,05447093A-110_block_5,temporal_block,15.0,0.1169191314202247,0
05447093A-110,2024-05-09 08:30:31.690000+00:00,not_walking,0,random_forest,5,05447093A-110_block_5,temporal_block,15.0,0.13292378407543892,0
05447093A-110,2024-05-09 08:30:32.690000+00:00,not_walking,0,random_forest,5,05447093A-110_block_5,temporal_block,15.0,0.133383406090762,0
05447093A-110,2024-05-09 08:30:33.690000+00:00,not_walking,0,random_forest,5,05447093A-110_block_5,temporal_block,15.0,0.11495349422145151,0
05447093A-110,2024-05-09 08:30:34.690000+00:00,not_walking,0,random_forest,5,05447093A-110_block_5,temporal_block,15.0,0.12653209039295396,0
05447093A-110,2024-05-09 08:30:35.690000+00:00,not_walking,0,random_forest,5,05447093A-110_block_5,temporal_block,15.0,0.11992089547858027,0
05447093A-110,2024-05-09 08:30:36.690000+00:00,not_walking,0,random_forest,5,05447093A-110_block_5,temporal_block,15.0,0.12188656984577077,0
05447093A-110,2024-05-09 08:30:37.690000+00:00,not_walking,0,random_forest,5,05447093A-110_block_5,temporal_block,15.0,0.11389387842893998,0
05447093A-110,2024-05-09 08:30:38.690000+00:00,not_walking,0,random_forest,5,05447093A-110_block_5,temporal_block,15.0,0.11529513577742406,0
05447093A-110,2024-05-09 08:30:39.690000+00:00,not_walking,0,random_forest,5,05447093A-110_block_5,temporal_block,15.0,0.10800763084365753,0
05447093A-110,2024-05-09 08:30:40.690000+00:00,not_walking,0,random_forest,5,05447093A-110_block_5,temporal_block,15.0,0.1257089830134171,0
05447093A-110,2024-05-09 08:30:41.690000+00:00,not_walking,0,random_forest,5,05447093A-110_block_5,temporal_block,15.0,0.12471760847810283,0
05447093A-110,2024-05-09 08:30:42.690000+00:00,not_walking,0,random_forest,5,05447093A-110_block_5,temporal_block,15.0,0.11903196024254872,0
05447093A-110,2024-05-09 08:30:43.690000+00:00,not_walking,0,random_forest,5,05447093A-110_block_5,temporal_block,15.0,0.1269377873596557,0
05447093A-110,2024-05-09 08:30:44.690000+00:00,not_walking,0,random_forest,5,05447093A-110_block_5,temporal_block,15.0,0.12773032466744808,0
05447093A-110,2024-05-09 08:30:45.690000+00:00,not_walking,0,random_forest,5,05447093A-110_block_5,temporal_block,15.0,0.12279579958466785,0
05447093A-110,2024-05-09 08:30:46.690000+00:00,not_walking,0,random_forest,5,05447093A-110_block_5,temporal_block,15.0,0.11332077867074844,0
05447093A-110,2024-05-09 08:30:47.690000+00:00,not_walking,0,random_forest,5,05447093A-110_block_5,temporal_block,15.0,0.11177592733458058,0
05447093A-110,2024-05-09 08:30:48.690000+00:00,not_walking,0,random_forest,5,05447093A-110_block_5,temporal_block,15.0,0.10838061692946593,0
05447093A-110,2024-05-09 08:30:49.690000+00:00,not_walking,0,random_forest,5,05447093A-110_block_5,temporal_block,15.0,0.11652264051473073,0
05447093A-110,2024-05-09 08:30:50.690000+00:00,not_walking,0,random_forest,5,05447093A-110_block_5,temporal_block,15.0,0.10709041609275448,0
05447093A-110,2024-05-09 08:30:51.690000+00:00,not_walking,0,random_forest,5,05447093A-110_block_5,temporal_block,15.0,0.12913321092284816,0
05447093A-110,2024-05-09 08:30:52.690000+00:00,not_walking,0,random_forest,5,05447093A-110_block_5,temporal_block,15.0,0.1148066135650465,0
05447093A-110,2024-05-09 08:30:53.690000+00:00,not_walking,0,random_forest,5,05447093A-110_block_5,temporal_block,15.0,0.13895120907426328,0
05447093A-110,2024-05-09 08:30:54.690000+00:00,not_walking,0,random_forest,5,05447093A-110_block_5,temporal_block,15.0,0.12459757791774469,0
05447093A-110,2024-05-09 08:30:55.690000+00:00,not_walking,0,random_forest,5,05447093A-110_block_5,temporal_block,15.0,0.1196712866592294,0
05447093A-110,2024-05-09 08:30:56.690000+00:00,not_walking,0,random_forest,5,05447093A-110_block_5,temporal_block,15.0,0.11904767815444998,0
05447093A-110,2024-05-09 08:30:57.690000+00:00,not_walking,0,random_forest,5,05447093A-110_block_5,temporal_block,15.0,0.10995131489073309,0
05447093A-110,2024-05-09 08:30:58.690000+00:00,not_walking,0,random_forest,5,05447093A-110_block_5,temporal_block,15.0,0.11098235085431012,0
05447093A-110,2024-05-09 08:30:59.690000+00:00,not_walking,0,random_forest,5,05447093A-110_block_5,temporal_block,15.0,0.1172938892641615,0
05447093A-110,2024-05-09 08:31:00.690000+00:00,not_walking,0,random_forest,5,05447093A-110_block_5,temporal_block,15.0,0.11952162771411584,0
05447093A-110,2024-05-09 08:31:01.690000+00:00,not_walking,0,random_forest,5,05447093A-110_block_5,temporal_block,15.0,0.12161674063319372,0
05447093A-110,2024-05-09 08:31:02.690000+00:00,not_walking,0,random_forest,5,05447093A-110_block_5,temporal_block,15.0,0.11040464108136346,0
05447093A-110,2024-05-09 08:31:03.690000+00:00,not_walking,0,random_forest,5,05447093A-110_block_5,temporal_block,15.0,0.1688066916119976,0
05447093A-110,2024-05-09 08:31:04.690000+00:00,not_walking,0,random_forest,5,05447093A-110_block_5,temporal_block,15.0,0.1471568504717797,0
05447093A-110,2024-05-09 08:31:05.690000+00:00,not_walking,0,random_forest,5,05447093A-110_block_5,temporal_block,15.0,0.1417473482575249,0
05447093A-110,2024-05-09 08:31:06.690000+00:00,not_walking,0,random_forest,5,05447093A-110_block_5,temporal_block,15.0,0.14344663649070358,0
05447093A-110,2024-05-09 08:31:07.690000+00:00,not_walking,0,random_forest,5,05447093A-110_block_5,temporal_block,15.0,0.12481191959896362,0
05447093A-110,2024-05-09 08:31:08.690000+00:00,not_walking,0,random_forest,5,05447093A-110_block_5,temporal_block,15.0,0.12937809817903553,0
05447093A-110,2024-05-09 08:31:09.690000+00:00,not_walking,0,random_forest,5,05447093A-110_block_5,temporal_block,15.0,0.12410086781733869,0
05447093A-110,2024-05-09 08:31:10.690000+00:00,not_walking,0,random_forest,5,05447093A-110_block_5,temporal_block,15.0,0.12400111581243933,0
05447093A-110,2024-05-09 08:31:11.690000+00:00,not_walking,0,random_forest,5,05447093A-110_block_5,temporal_block,15.0,0.12075500776292515,0
05447093A-110,2024-05-09 08:31:12.690000+00:00,not_walking,0,random_forest,5,05447093A-110_block_5,temporal_block,15.0,0.1221434002139856,0
05447093A-110,2024-05-09 08:31:13.690000+00:00,not_walking,0,random_forest,5,05447093A-110_block_5,temporal_block,15.0,0.1402915158800652,0
05447093A-110,2024-05-09 08:31:14.690000+00:00,not_walking,0,random_forest,5,05447093A-110_block_5,temporal_block,15.0,0.10668409131598655,0
05447093A-110,2024-05-09 08:31:15.690000+00:00,not_walking,0,random_forest,5,05447093A-110_block_5,temporal_block,15.0,0.12682125520357082,0
05447093A-110,2024-05-09 08:31:16.690000+00:00,not_walking,0,random_forest,5,05447093A-110_block_5,temporal_block,15.0,0.11505793951636363,0
05447093A-110,2024-05-09 08:31:17.690000+00:00,not_walking,0,random_forest,5,05447093A-110_block_5,temporal_block,15.0,0.10596876409698336,0
05447093A-110,2024-05-09 08:31:18.690000+00:00,not_walking,0,random_forest,5,05447093A-110_block_5,temporal_block,15.0,0.12157898123333233,0
05447093A-110,2024-05-09 08:31:19.690000+00:00,not_walking,0,random_forest,5,05447093A-110_block_5,temporal_block,15.0,0.1144893508515195,0
05447093A-110,2024-05-09 08:31:20.690000+00:00,not_walking,0,random_forest,5,05447093A-110_block_5,temporal_block,15.0,0.10608290091334442,0
05447093A-110,2024-05-09 08:31:21.690000+00:00,not_walking,0,random_forest,5,05447093A-110_block_5,temporal_block,15.0,0.11120507964304781,0
05447093A-110,2024-05-09 08:31:22.690000+00:00,not_walking,0,random_forest,5,05447093A-110_block_5,temporal_block,15.0,0.12927595643926798,0
05447093A-110,2024-05-09 08:31:23.690000+00:00,not_walking,0,random_forest,5,05447093A-110_block_5,temporal_block,15.0,0.13176869675825362,0
05447093A-110,2024-05-09 08:31:24.690000+00:00,not_walking,0,random_forest,5,05447093A-110_block_5,temporal_block,15.0,0.12723391166926262,0
05447093A-110,2024-05-09 08:31:25.690000+00:00,not_walking,0,random_forest,5,05447093A-110_block_5,temporal_block,15.0,0.1255070816877139,0
05447093A-110,2024-05-09 08:31:26.690000+00:00,not_walking,0,random_forest,5,05447093A-110_block_5,temporal_block,15.0,0.12154654111933079,0
05447093A-110,2024-05-09 08:31:27.690000+00:00,not_walking,0,random_forest,5,05447093A-110_block_5,temporal_block,15.0,0.11881796469129977,0
05447093A-110,2024-05-09 08:31:28.690000+00:00,not_walking,0,random_forest,5,05447093A-110_block_5,temporal_block,15.0,0.11926205114974141,0
05447093A-110,2024-05-09 08:31:29.690000+00:00,not_walking,0,random_forest,5,05447093A-110_block_5,temporal_block,15.0,0.10745795137763609,0
05447093A-110,2024-05-09 08:31:30.690000+00:00,not_walking,0,random_forest,5,05447093A-110_block_5,temporal_block,15.0,0.11716242783341066,0
05447093A-110,2024-05-09 08:31:31.690000+00:00,not_walking,0,random_forest,5,05447093A-110_block_5,temporal_block,15.0,0.1265704046207111,0
05447093A-110,2024-05-09 08:31:32.690000+00:00,not_walking,0,random_forest,5,05447093A-110_block_5,temporal_block,15.0,0.11164625617616167,0
05447093A-110,2024-05-09 08:31:33.690000+00:00,not_walking,0,random_forest,5,05447093A-110_block_5,temporal_block,15.0,0.12757567344583146,0
05447093A-110,2024-05-09 08:31:34.690000+00:00,not_walking,0,random_forest,5,05447093A-110_block_5,temporal_block,15.0,0.11406705467346323,0
05447093A-110,2024-05-09 08:31:35.690000+00:00,not_walking,0,random_forest,5,05447093A-110_block_5,temporal_block,15.0,0.11243000031946301,0
05447093A-110,2024-05-09 08:31:36.690000+00:00,not_walking,0,random_forest,5,05447093A-110_block_5,temporal_block,15.0,0.1141104589844862,0
05447093A-110,2024-05-09 08:31:37.690000+00:00,not_walking,0,random_forest,5,05447093A-110_block_5,temporal_block,15.0,0.11723610109229524,0
05447093A-110,2024-05-09 08:31:38.690000+00:00,not_walking,0,random_forest,5,05447093A-110_block_5,temporal_block,15.0,0.11991652032061273,0
05447093A-110,2024-05-09 08:31:39.690000+00:00,not_walking,0,random_forest,5,05447093A-110_block_5,temporal_block,15.0,0.12377560163676632,0
05447093A-110,2024-05-09 08:31:40.690000+00:00,not_walking,0,random_forest,5,05447093A-110_block_5,temporal_block,15.0,0.114252936420193,0
05447093A-110,2024-05-09 08:31:41.690000+00:00,not_walking,0,random_forest,5,05447093A-110_block_5,temporal_block,15.0,0.12859315897033136,0
05447093A-110,2024-05-09 08:31:42.690000+00:00,not_walking,0,random_forest,5,05447093A-110_block_5,temporal_block,15.0,0.1274210896564489,0
05447093A-110,2024-05-09 08:31:43.690000+00:00,not_walking,0,random_forest,5,05447093A-110_block_5,temporal_block,15.0,0.123584260929807,0
05447093A-110,2024-05-09 08:31:44.690000+00:00,not_walking,0,random_forest,5,05447093A-110_block_5,temporal_block,15.0,0.13564801367722695,0
05447093A-110,2024-05-09 08:31:45.690000+00:00,not_walking,0,random_forest,5,05447093A-110_block_5,temporal_block,15.0,0.12667785632524248,0
05447093A-110,2024-05-09 08:31:46.690000+00:00,not_walking,0,random_forest,5,05447093A-110_block_5,temporal_block,15.0,0.12158792305063751,0
05447093A-110,2024-05-09 08:31:47.690000+00:00,not_walking,0,random_forest,5,05447093A-110_block_5,temporal_block,15.0,0.1239365673303003,0
05447093A-110,2024-05-09 08:31:48.690000+00:00,not_walking,0,random_forest,5,05447093A-110_block_5,temporal_block,15.0,0.1136736719394672,0
05447093A-110,2024-05-09 08:31:49.690000+00:00,not_walking,0,random_forest,5,05447093A-110_block_5,temporal_block,15.0,0.12105246307118703,0
05447093A-110,2024-05-09 08:31:50.690000+00:00,not_walking,0,random_forest,5,05447093A-110_block_5,temporal_block,15.0,0.12101773065435673,0
05447093A-110,2024-05-09 08:31:51.690000+00:00,not_walking,0,random_forest,5,05447093A-110_block_5,temporal_block,15.0,0.12104150383313363,0
05447093A-110,2024-05-09 08:31:52.690000+00:00,not_walking,0,random_forest,5,05447093A-110_block_5,temporal_block,15.0,0.11789991631761199,0
05447093A-110,2024-05-09 08:31:53.690000+00:00,not_walking,0,random_forest,5,05447093A-110_block_5,temporal_block,15.0,0.12189474518002051,0
05447093A-110,2024-05-09 08:31:54.690000+00:00,not_walking,0,random_forest,5,05447093A-110_block_5,temporal_block,15.0,0.12156322740214219,0
05447093A-110,2024-05-09 08:31:55.690000+00:00,not_walking,0,random_forest,5,05447093A-110_block_5,temporal_block,15.0,0.13667979802273278,0
05447093A-110,2024-05-09 08:31:56.690000+00:00,not_walking,0,random_forest,5,05447093A-110_block_5,temporal_block,15.0,0.12438949827556736,0
05447093A-110,2024-05-09 08:31:57.690000+00:00,not_walking,0,random_forest,5,05447093A-110_block_5,temporal_block,15.0,0.12106423332582165,0
05447093A-110,2024-05-09 08:31:58.690000+00:00,not_walking,0,random_forest,5,05447093A-110_block_5,temporal_block,15.0,0.11811431315301386,0
05447093A-110,2024-05-09 08:31:59.690000+00:00,not_walking,0,random_forest,5,05447093A-110_block_5,temporal_block,15.0,0.1094993325564,0
05447093A-110,2024-05-09 08:32:00.690000+00:00,not_walking,0,random_forest,5,05447093A-110_block_5,temporal_block,15.0,0.1201374916424857,0
05447093A-110,2024-05-09 08:32:01.690000+00:00,not_walking,0,random_forest,5,05447093A-110_block_5,temporal_block,15.0,0.12232973246505419,0
05447093A-110,2024-05-09 08:32:02.690000+00:00,not_walking,0,random_forest,5,05447093A-110_block_5,temporal_block,15.0,0.12018736292007441,0
05447093A-110,2024-05-09 08:32:03.690000+00:00,not_walking,0,random_forest,5,05447093A-110_block_5,temporal_block,15.0,0.1258686364831822,0
05447093A-110,2024-05-09 08:32:04.690000+00:00,not_walking,0,random_forest,5,05447093A-110_block_5,temporal_block,15.0,0.12164481813753256,0
05447093A-110,2024-05-09 08:32:05.690000+00:00,not_walking,0,random_forest,5,05447093A-110_block_5,temporal_block,15.0,0.1238568351111536,0
05447093A-110,2024-05-09 08:32:06.690000+00:00,not_walking,0,random_forest,5,05447093A-110_block_5,temporal_block,15.0,0.12138493990822885,0
05447093A-110,2024-05-09 08:32:07.690000+00:00,not_walking,0,random_forest,5,05447093A-110_block_5,temporal_block,15.0,0.11330616244161147,0
05447093A-110,2024-05-09 08:32:08.690000+00:00,not_walking,0,random_forest,5,05447093A-110_block_5,temporal_block,15.0,0.1246756078223921,0
05447093A-110,2024-05-09 08:32:09.690000+00:00,not_walking,0,random_forest,5,05447093A-110_block_5,temporal_block,15.0,0.12003685281141614,0
05447093A-110,2024-05-09 08:32:10.690000+00:00,not_walking,0,random_forest,5,05447093A-110_block_5,temporal_block,15.0,0.11466923168234902,0
05447093A-110,2024-05-09 08:32:11.690000+00:00,not_walking,0,random_forest,5,05447093A-110_block_5,temporal_block,15.0,0.11668164465698405,0
05447093A-110,2024-05-09 08:32:12.690000+00:00,not_walking,0,random_forest,5,05447093A-110_block_5,temporal_block,15.0,0.22226087489564927,0
05447093A-110,2024-05-09 08:32:13.690000+00:00,not_walking,0,random_forest,5,05447093A-110_block_5,temporal_block,15.0,0.17957339556109744,0
05447093A-110,2024-05-09 08:32:14.690000+00:00,not_walking,0,random_forest,5,05447093A-110_block_5,temporal_block,15.0,0.12586327997353547,0
05447093A-110,2024-05-09 08:32:15.690000+00:00,not_walking,0,random_forest,5,05447093A-110_block_5,temporal_block,15.0,0.1287086024135668,0
05447093A-110,2024-05-09 08:32:16.690000+00:00,not_walking,0,random_forest,5,05447093A-110_block_5,temporal_block,15.0,0.15026187180576997,0
05447093A-110,2024-05-09 08:32:17.690000+00:00,not_walking,0,random_forest,5,05447093A-110_block_5,temporal_block,15.0,0.4969514001349389,0
05447093A-110,2024-05-09 08:32:18.690000+00:00,not_walking,0,random_forest,5,05447093A-110_block_5,temporal_block,15.0,0.14716841252898438,0
05447093A-110,2024-05-09 08:32:19.690000+00:00,not_walking,0,random_forest,5,05447093A-110_block_5,temporal_block,15.0,0.13792082366956843,0
05447093A-110,2024-05-09 08:32:20.690000+00:00,not_walking,0,random_forest,5,05447093A-110_block_5,temporal_block,15.0,0.534855636489898,1
05447093A-110,2024-05-09 08:32:21.690000+00:00,not_walking,0,random_forest,5,05447093A-110_block_5,temporal_block,15.0,0.6117969194372671,1
05447093A-110,2024-05-09 08:32:22.690000+00:00,not_walking,0,random_forest,5,05447093A-110_block_5,temporal_block,15.0,0.6412449539929964,1
05447093A-110,2024-05-09 08:32:23.690000+00:00,not_walking,0,random_forest,5,05447093A-110_block_5,temporal_block,15.0,0.5462029159906456,1
05447093A-110,2024-05-09 08:32:24.690000+00:00,not_walking,0,random_forest,5,05447093A-110_block_5,temporal_block,15.0,0.5880983404524917,1
05447093A-110,2024-05-09 08:32:25.690000+00:00,not_walking,0,random_forest,5,05447093A-110_block_5,temporal_block,15.0,0.5255901963228544,1
05447093A-110,2024-05-09 08:32:26.690000+00:00,not_walking,0,random_forest,5,05447093A-110_block_5,temporal_block,15.0,0.4854730478149552,0
05447093A-110,2024-05-09 08:32:27.690000+00:00,not_walking,0,random_forest,5,05447093A-110_block_5,temporal_block,15.0,0.5316601957130598,1
05447093A-110,2024-05-09 08:32:28.690000+00:00,not_walking,0,random_forest,5,05447093A-110_block_5,temporal_block,15.0,0.17421055129529947,0
05447093A-110,2024-05-09 08:32:29.690000+00:00,not_walking,0,random_forest,5,05447093A-110_block_5,temporal_block,15.0,0.19257723439754557,0
05447093A-110,2024-05-09 08:32:30.690000+00:00,not_walking,0,random_forest,5,05447093A-110_block_5,temporal_block,15.0,0.5295062900379447,1
05447093A-110,2024-05-09 08:32:31.690000+00:00,not_walking,0,random_forest,5,05447093A-110_block_5,temporal_block,15.0,0.5613256416614583,1
05447093A-110,2024-05-09 08:32:32.690000+00:00,not_walking,0,random_forest,5,05447093A-110_block_5,temporal_block,15.0,0.32236213351930604,0
05447093A-110,2024-05-09 08:32:33.690000+00:00,not_walking,0,random_forest,5,05447093A-110_block_5,temporal_block,15.0,0.26413938984043883,0
05447093A-110,2024-05-09 08:32:34.690000+00:00,not_walking,0,random_forest,5,05447093A-110_block_5,temporal_block,15.0,0.16811351355542065,0
05447093A-110,2024-05-09 08:32:35.690000+00:00,not_walking,0,random_forest,5,05447093A-110_block_5,temporal_block,15.0,0.1302347752013565,0
05447093A-110,2024-05-09 08:32:36.690000+00:00,not_walking,0,random_forest,5,05447093A-110_block_5,temporal_block,15.0,0.12476324041496029,0
05447093A-110,2024-05-09 08:32:37.690000+00:00,not_walking,0,random_forest,5,05447093A-110_block_5,temporal_block,15.0,0.11064811004606523,0
05447093A-110,2024-05-09 08:32:38.690000+00:00,not_walking,0,random_forest,5,05447093A-110_block_5,temporal_block,15.0,0.22047622850829066,0
05447093A-110,2024-05-09 08:32:39.690000+00:00,not_walking,0,random_forest,5,05447093A-110_block_5,temporal_block,15.0,0.25202494027106265,0
05447093A-110,2024-05-09 08:32:40.690000+00:00,not_walking,0,random_forest,5,05447093A-110_block_5,temporal_block,15.0,0.16043959969193183,0
05447093A-110,2024-05-09 08:32:41.690000+00:00,not_walking,0,random_forest,5,05447093A-110_block_5,temporal_block,15.0,0.4781534980976477,0
05447093A-110,2024-05-09 08:32:42.690000+00:00,not_walking,0,random_forest,5,05447093A-110_block_5,temporal_block,15.0,0.5191807043033,1
05447093A-110,2024-05-09 08:32:43.690000+00:00,not_walking,0,random_forest,5,05447093A-110_block_5,temporal_block,15.0,0.3126771212412298,0
05447093A-110,2024-05-09 08:32:44.690000+00:00,not_walking,0,random_forest,5,05447093A-110_block_5,temporal_block,15.0,0.20633460471552395,0
05447093A-110,2024-05-09 08:32:45.690000+00:00,not_walking,0,random_forest,5,05447093A-110_block_5,temporal_block,15.0,0.2818481209486376,0
05447093A-110,2024-05-09 08:32:46.690000+00:00,not_walking,0,random_forest,5,05447093A-110_block_5,temporal_block,15.0,0.22231786942615803,0
05447093A-110,2024-05-09 08:32:47.690000+00:00,not_walking,0,random_forest,5,05447093A-110_block_5,temporal_block,15.0,0.17819603232951117,0
05447093A-110,2024-05-09 08:32:48.690000+00:00,not_walking,0,random_forest,5,05447093A-110_block_5,temporal_block,15.0,0.15563334649823155,0
05447093A-110,2024-05-09 08:32:49.690000+00:00,not_walking,0,random_forest,5,05447093A-110_block_5,temporal_block,15.0,0.49721167062487115,0
05447093A-110,2024-05-09 08:32:50.690000+00:00,not_walking,0,random_forest,5,05447093A-110_block_5,temporal_block,15.0,0.2623089331311825,0
05447093A-110,2024-05-09 08:32:51.690000+00:00,not_walking,0,random_forest,5,05447093A-110_block_5,temporal_block,15.0,0.1391305875858525,0
05447093A-110,2024-05-09 08:32:52.690000+00:00,not_walking,0,random_forest,5,05447093A-110_block_5,temporal_block,15.0,0.10562305824323935,0
05447093A-110,2024-05-09 08:32:53.690000+00:00,not_walking,0,random_forest,5,05447093A-110_block_5,temporal_block,15.0,0.1244883345249846,0
05447093A-110,2024-05-09 08:32:54.690000+00:00,not_walking,0,random_forest,5,05447093A-110_block_5,temporal_block,15.0,0.11823048192388887,0
05447093A-110,2024-05-09 08:32:55.690000+00:00,not_walking,0,random_forest,5,05447093A-110_block_5,temporal_block,15.0,0.1419551325546582,0
05447093A-110,2024-05-09 08:32:56.690000+00:00,not_walking,0,random_forest,5,05447093A-110_block_5,temporal_block,15.0,0.142780089820999,0
05447093A-110,2024-05-09 08:32:57.690000+00:00,not_walking,0,random_forest,5,05447093A-110_block_5,temporal_block,15.0,0.1241494619559362,0
05447093A-110,2024-05-09 08:32:58.690000+00:00,not_walking,0,random_forest,5,05447093A-110_block_5,temporal_block,15.0,0.12045570521786524,0
05447093A-110,2024-05-09 08:32:59.690000+00:00,not_walking,0,random_forest,5,05447093A-110_block_5,temporal_block,15.0,0.10128701976890556,0
05447093A-110,2024-05-09 08:33:00.690000+00:00,not_walking,0,random_forest,5,05447093A-110_block_5,temporal_block,15.0,0.09832181026230301,0
05447093A-110,2024-05-09 08:33:01.690000+00:00,not_walking,0,random_forest,5,05447093A-110_block_5,temporal_block,15.0,0.1030398368000199,0
05447093A-110,2024-05-09 08:33:02.690000+00:00,not_walking,0,random_forest,5,05447093A-110_block_5,temporal_block,15.0,0.22070719789845625,0
05447093A-110,2024-05-09 08:33:03.690000+00:00,not_walking,0,random_forest,5,05447093A-110_block_5,temporal_block,15.0,0.20093616200278724,0
05447093A-110,2024-05-09 08:33:04.690000+00:00,not_walking,0,random_forest,5,05447093A-110_block_5,temporal_block,15.0,0.16052647374767698,0
05447093A-110,2024-05-09 08:33:05.690000+00:00,not_walking,0,random_forest,5,05447093A-110_block_5,temporal_block,15.0,0.182419759855642,0
05447093A-110,2024-05-09 08:33:06.690000+00:00,not_walking,0,random_forest,5,05447093A-110_block_5,temporal_block,15.0,0.11390825184691429,0
05447093A-110,2024-05-09 08:33:07.690000+00:00,not_walking,0,random_forest,5,05447093A-110_block_5,temporal_block,15.0,0.11907367641254375,0
05447093A-110,2024-05-09 08:33:08.690000+00:00,not_walking,0,random_forest,5,05447093A-110_block_5,temporal_block,15.0,0.13576103601998993,0
05447093A-110,2024-05-09 08:33:09.690000+00:00,not_walking,0,random_forest,5,05447093A-110_block_5,temporal_block,15.0,0.2891800087521657,0
05447093A-110,2024-05-09 08:33:10.690000+00:00,not_walking,0,random_forest,5,05447093A-110_block_5,temporal_block,15.0,0.19248819022863953,0
05447093A-110,2024-05-09 08:33:11.690000+00:00,not_walking,0,random_forest,5,05447093A-110_block_5,temporal_block,15.0,0.11974184359405543,0
05447093A-110,2024-05-09 08:33:12.690000+00:00,not_walking,0,random_forest,5,05447093A-110_block_5,temporal_block,15.0,0.12409691757420736,0
05447093A-110,2024-05-09 08:33:13.690000+00:00,not_walking,0,random_forest,5,05447093A-110_block_5,temporal_block,15.0,0.1208556007130475,0
05447093A-110,2024-05-09 08:33:14.690000+00:00,not_walking,0,random_forest,5,05447093A-110_block_5,temporal_block,15.0,0.11842935698963568,0
05447093A-110,2024-05-09 08:33:15.690000+00:00,not_walking,0,random_forest,5,05447093A-110_block_5,temporal_block,15.0,0.12227487389477412,0
05447093A-110,2024-05-09 08:33:16.690000+00:00,not_walking,0,random_forest,5,05447093A-110_block_5,temporal_block,15.0,0.13178409782548944,0
05447093A-110,2024-05-09 08:33:17.690000+00:00,not_walking,0,random_forest,5,05447093A-110_block_5,temporal_block,15.0,0.1350081830065366,0
05447093A-110,2024-05-09 08:33:18.690000+00:00,not_walking,0,random_forest,5,05447093A-110_block_5,temporal_block,15.0,0.13946126793341967,0
05447093A-110,2024-05-09 08:33:19.690000+00:00,not_walking,0,random_forest,5,05447093A-110_block_5,temporal_block,15.0,0.13498460617178906,0
05447093A-110,2024-05-09 08:33:20.690000+00:00,not_walking,0,random_forest,5,05447093A-110_block_5,temporal_block,15.0,0.17929539932758629,0
05447093A-110,2024-05-09 08:33:21.690000+00:00,not_walking,0,random_forest,5,05447093A-110_block_5,temporal_block,15.0,0.14509702070896313,0
05447093A-110,2024-05-09 08:33:22.690000+00:00,not_walking,0,random_forest,5,05447093A-110_block_5,temporal_block,15.0,0.1621009479002301,0
05447093A-110,2024-05-09 08:33:23.690000+00:00,not_walking,0,random_forest,5,05447093A-110_block_5,temporal_block,15.0,0.17277560997458247,0
05447093A-110,2024-05-09 08:33:24.690000+00:00,not_walking,0,random_forest,5,05447093A-110_block_5,temporal_block,15.0,0.10094013855123984,0
05447093A-110,2024-05-09 08:33:25.690000+00:00,not_walking,0,random_forest,5,05447093A-110_block_5,temporal_block,15.0,0.1173811547414485,0
05447093A-110,2024-05-09 08:33:26.690000+00:00,not_walking,0,random_forest,5,05447093A-110_block_5,temporal_block,15.0,0.13542671830180736,0
05447093A-110,2024-05-09 08:33:27.690000+00:00,not_walking,0,random_forest,5,05447093A-110_block_5,temporal_block,15.0,0.10441068097723263,0
05447093A-110,2024-05-09 08:33:28.690000+00:00,not_walking,0,random_forest,5,05447093A-110_block_5,temporal_block,15.0,0.12057415802660365,0
05447093A-110,2024-05-09 08:33:29.690000+00:00,not_walking,0,random_forest,5,05447093A-110_block_5,temporal_block,15.0,0.13096933100206443,0
05447093A-110,2024-05-09 08:33:30.690000+00:00,not_walking,0,random_forest,5,05447093A-110_block_5,temporal_block,15.0,0.10290475168305303,0
05447093A-110,2024-05-09 08:33:31.690000+00:00,not_walking,0,random_forest,5,05447093A-110_block_5,temporal_block,15.0,0.1115447429294255,0
05447093A-110,2024-05-09 08:33:32.690000+00:00,not_walking,0,random_forest,5,05447093A-110_block_5,temporal_block,15.0,0.24008631993072446,0
05447093A-110,2024-05-09 08:33:33.690000+00:00,not_walking,0,random_forest,5,05447093A-110_block_5,temporal_block,15.0,0.13075796569494583,0
05447093A-110,2024-05-09 08:33:34.690000+00:00,not_walking,0,random_forest,5,05447093A-110_block_5,temporal_block,15.0,0.13165656610975168,0
05447093A-110,2024-05-09 08:33:35.690000+00:00,not_walking,0,random_forest,5,05447093A-110_block_5,temporal_block,15.0,0.12758383787480304,0
05447093A-110,2024-05-09 08:33:36.690000+00:00,not_walking,0,random_forest,5,05447093A-110_block_5,temporal_block,15.0,0.1266953214653741,0
05447093A-110,2024-05-09 08:33:37.690000+00:00,not_walking,0,random_forest,5,05447093A-110_block_5,temporal_block,15.0,0.10561047426562113,0
05447093A-110,2024-05-09 08:33:38.690000+00:00,not_walking,0,random_forest,5,05447093A-110_block_5,temporal_block,15.0,0.1394376903424852,0
05447093A-110,2024-05-09 08:33:39.690000+00:00,not_walking,0,random_forest,5,05447093A-110_block_5,temporal_block,15.0,0.16380303390550938,0
05447093A-110,2024-05-09 08:33:40.690000+00:00,not_walking,0,random_forest,5,05447093A-110_block_5,temporal_block,15.0,0.13852281782431392,0
05447093A-110,2024-05-09 08:33:41.690000+00:00,not_walking,0,random_forest,5,05447093A-110_block_5,temporal_block,15.0,0.22243387490184105,0
05447093A-110,2024-05-09 08:33:42.690000+00:00,not_walking,0,random_forest,5,05447093A-110_block_5,temporal_block,15.0,0.5020114329130062,1
05447093A-110,2024-05-09 08:33:43.690000+00:00,not_walking,0,random_forest,5,05447093A-110_block_5,temporal_block,15.0,0.261640753860314,0
05447093A-110,2024-05-09 08:33:44.690000+00:00,not_walking,0,random_forest,5,05447093A-110_block_5,temporal_block,15.0,0.17889756835648743,0
05447093A-110,2024-05-09 08:33:45.690000+00:00,not_walking,0,random_forest,5,05447093A-110_block_5,temporal_block,15.0,0.16415383946687656,0
05447093A-110,2024-05-09 08:33:46.690000+00:00,not_walking,0,random_forest,5,05447093A-110_block_5,temporal_block,15.0,0.1616578962282424,0
05447093A-110,2024-05-09 08:33:47.690000+00:00,not_walking,0,random_forest,5,05447093A-110_block_5,temporal_block,15.0,0.18519138435934604,0
05447093A-110,2024-05-09 08:33:48.690000+00:00,not_walking,0,random_forest,5,05447093A-110_block_5,temporal_block,15.0,0.1783969198201747,0
05447093A-110,2024-05-09 08:33:49.690000+00:00,not_walking,0,random_forest,5,05447093A-110_block_5,temporal_block,15.0,0.17863458423779013,0
05447093A-110,2024-05-09 08:33:50.690000+00:00,not_walking,0,random_forest,5,05447093A-110_block_5,temporal_block,15.0,0.16157292100749351,0
05447093A-110,2024-05-09 08:33:51.690000+00:00,not_walking,0,random_forest,5,05447093A-110_block_5,temporal_block,15.0,0.5014805690234868,1
05447093A-110,2024-05-09 08:33:52.690000+00:00,not_walking,0,random_forest,5,05447093A-110_block_5,temporal_block,15.0,0.19490991169690872,0
05447093A-110,2024-05-09 08:33:53.690000+00:00,not_walking,0,random_forest,5,05447093A-110_block_5,temporal_block,15.0,0.17080654696849878,0
05447093A-110,2024-05-09 08:33:54.690000+00:00,not_walking,0,random_forest,5,05447093A-110_block_5,temporal_block,15.0,0.10957578453122681,0
05447093A-110,2024-05-09 08:33:55.690000+00:00,not_walking,0,random_forest,5,05447093A-110_block_5,temporal_block,15.0,0.15637059842151835,0
05447093A-110,2024-05-09 08:33:56.690000+00:00,not_walking,0,random_forest,5,05447093A-110_block_5,temporal_block,15.0,0.24094864104090027,0
05447093A-110,2024-05-09 08:33:57.690000+00:00,not_walking,0,random_forest,5,05447093A-110_block_5,temporal_block,15.0,0.12631336366753834,0
05447093A-110,2024-05-09 08:33:58.690000+00:00,not_walking,0,random_forest,5,05447093A-110_block_5,temporal_block,15.0,0.11599468536444026,0
05447093A-110,2024-05-09 09:44:01+00:00,not_walking,0,random_forest,6,05447093A-110_block_6,temporal_block,15.0,0.4131103150415221,0
05447093A-110,2024-05-09 09:44:02+00:00,not_walking,0,random_forest,6,05447093A-110_block_6,temporal_block,15.0,0.04305183670478272,0
05447093A-110,2024-05-09 09:44:03+00:00,not_walking,0,random_forest,6,05447093A-110_block_6,temporal_block,15.0,0.06898633791145538,0
05447093A-110,2024-05-09 09:44:04+00:00,not_walking,0,random_forest,6,05447093A-110_block_6,temporal_block,15.0,0.09349521743613085,0
05447093A-110,2024-05-09 09:44:05+00:00,not_walking,0,random_forest,6,05447093A-110_block_6,temporal_block,15.0,0.08544639295719562,0
05447093A-110,2024-05-09 09:44:06+00:00,not_walking,0,random_forest,6,05447093A-110_block_6,temporal_block,15.0,0.04661483960722721,0
05447093A-110,2024-05-09 09:44:07+00:00,not_walking,0,random_forest,6,05447093A-110_block_6,temporal_block,15.0,0.04174440243809334,0
05447093A-110,2024-05-09 09:44:08+00:00,not_walking,0,random_forest,6,05447093A-110_block_6,temporal_block,15.0,0.03820495091114668,0
05447093A-110,2024-05-09 09:44:09+00:00,not_walking,0,random_forest,6,05447093A-110_block_6,temporal_block,15.0,0.04263334846877976,0
05447093A-110,2024-05-09 09:44:10+00:00,not_walking,0,random_forest,6,05447093A-110_block_6,temporal_block,15.0,0.06050534562862155,0
05447093A-110,2024-05-09 09:44:11+00:00,not_walking,0,random_forest,6,05447093A-110_block_6,temporal_block,15.0,0.051740698341447906,0
05447093A-110,2024-05-09 09:44:12+00:00,not_walking,0,random_forest,6,05447093A-110_block_6,temporal_block,15.0,0.04963542679140628,0
05447093A-110,2024-05-09 09:44:19+00:00,not_walking,0,random_forest,7,05447093A-110_block_7,temporal_block,15.0,0.3106035991751732,0
05447093A-110,2024-05-09 09:44:20+00:00,not_walking,0,random_forest,7,05447093A-110_block_7,temporal_block,15.0,0.12258995775663294,0
05447093A-110,2024-05-09 09:44:21+00:00,not_walking,0,random_forest,7,05447093A-110_block_7,temporal_block,15.0,0.09231422987150516,0
05447093A-110,2024-05-09 09:44:22+00:00,not_walking,0,random_forest,7,05447093A-110_block_7,temporal_block,15.0,0.038958694271793846,0
05447093A-110,2024-05-09 09:44:23+00:00,not_walking,0,random_forest,7,05447093A-110_block_7,temporal_block,15.0,0.07305691194262716,0
05447093A-110,2024-05-09 09:44:24+00:00,not_walking,0,random_forest,7,05447093A-110_block_7,temporal_block,15.0,0.06033227585755719,0
05447093A-110,2024-05-09 09:44:25+00:00,not_walking,0,random_forest,7,05447093A-110_block_7,temporal_block,15.0,0.09050180239763223,0
05447093A-110,2024-05-09 09:44:26+00:00,not_walking,0,random_forest,7,05447093A-110_block_7,temporal_block,15.0,0.04575877512023236,0
05447093A-110,2024-05-09 09:44:27+00:00,not_walking,0,random_forest,7,05447093A-110_block_7,temporal_block,15.0,0.04740133370154392,0
05447093A-110,2024-05-09 09:44:28+00:00,not_walking,0,random_forest,7,05447093A-110_block_7,temporal_block,15.0,0.035534958308424375,0
05447093A-110,2024-05-09 09:44:29+00:00,not_walking,0,random_forest,7,05447093A-110_block_7,temporal_block,15.0,0.08889904030147193,0
05447093A-110,2024-05-09 09:44:30+00:00,not_walking,0,random_forest,7,05447093A-110_block_7,temporal_block,15.0,0.048657709190258025,0
05447093A-110,2024-05-09 09:44:31+00:00,not_walking,0,random_forest,7,05447093A-110_block_7,temporal_block,15.0,0.03856016375570968,0
05447093A-110,2024-05-09 09:44:32+00:00,not_walking,0,random_forest,7,05447093A-110_block_7,temporal_block,15.0,0.04741100671699505,0
05447093A-110,2024-05-09 09:44:33+00:00,not_walking,0,random_forest,7,05447093A-110_block_7,temporal_block,15.0,0.036611215180710414,0
05447093A-110,2024-05-09 09:44:34+00:00,not_walking,0,random_forest,7,05447093A-110_block_7,temporal_block,15.0,0.07233800394056265,0
05447093A-110,2024-05-09 09:44:35+00:00,not_walking,0,random_forest,7,05447093A-110_block_7,temporal_block,15.0,0.40946316344359607,0
05447093A-110,2024-05-09 09:44:36+00:00,not_walking,0,random_forest,7,05447093A-110_block_7,temporal_block,15.0,0.6061299615364978,1
05447093A-110,2024-05-09 09:44:37+00:00,not_walking,0,random_forest,7,05447093A-110_block_7,temporal_block,15.0,0.7967238844015389,1
05447093A-110,2024-05-09 09:44:38+00:00,not_walking,0,random_forest,7,05447093A-110_block_7,temporal_block,15.0,0.2209456508659539,0
05447093A-110,2024-05-09 09:44:39+00:00,not_walking,0,random_forest,7,05447093A-110_block_7,temporal_block,15.0,0.05292850386958633,0
05447093A-110,2024-05-09 09:44:40+00:00,not_walking,0,random_forest,7,05447093A-110_block_7,temporal_block,15.0,0.0512669779397295,0
05447093A-110,2024-05-09 09:44:41+00:00,not_walking,0,random_forest,7,05447093A-110_block_7,temporal_block,15.0,0.07287684311139744,0
05447093A-110,2024-05-09 09:44:42+00:00,not_walking,0,random_forest,7,05447093A-110_block_7,temporal_block,15.0,0.052329745708536435,0
05447093A-110,2024-05-09 09:44:43+00:00,not_walking,0,random_forest,7,05447093A-110_block_7,temporal_block,15.0,0.07544023790558972,0
05447093A-110,2024-05-09 09:44:44+00:00,not_walking,0,random_forest,7,05447093A-110_block_7,temporal_block,15.0,0.12122341067317126,0
05447093A-110,2024-05-09 09:44:45+00:00,not_walking,0,random_forest,7,05447093A-110_block_7,temporal_block,15.0,0.0595390938641062,0
05447093A-110,2024-05-09 09:44:46+00:00,not_walking,0,random_forest,7,05447093A-110_block_7,temporal_block,15.0,0.04240012180022024,0
05447093A-110,2024-05-09 09:44:47+00:00,not_walking,0,random_forest,7,05447093A-110_block_7,temporal_block,15.0,0.06709364878537227,0
05447093A-110,2024-05-09 09:44:48+00:00,not_walking,0,random_forest,7,05447093A-110_block_7,temporal_block,15.0,0.508376423670448,1
05447093A-110,2024-05-09 09:44:49+00:00,not_walking,0,random_forest,7,05447093A-110_block_7,temporal_block,15.0,0.5838563155564783,1
05447093A-110,2024-05-09 09:44:50+00:00,not_walking,0,random_forest,7,05447093A-110_block_7,temporal_block,15.0,0.5103327929042907,1
05447093A-110,2024-05-09 09:44:51+00:00,not_walking,0,random_forest,7,05447093A-110_block_7,temporal_block,15.0,0.17162429229133233,0
05447093A-110,2024-05-09 09:44:52+00:00,not_walking,0,random_forest,7,05447093A-110_block_7,temporal_block,15.0,0.10526779652761098,0
05447093A-110,2024-05-09 09:44:53+00:00,not_walking,0,random_forest,7,05447093A-110_block_7,temporal_block,15.0,0.06071730662117342,0
05447093A-110,2024-05-09 09:44:54+00:00,not_walking,0,random_forest,7,05447093A-110_block_7,temporal_block,15.0,0.1166076927101094,0
05447093A-110,2024-05-09 09:44:55+00:00,not_walking,0,random_forest,7,05447093A-110_block_7,temporal_block,15.0,0.15079883391883853,0
05447093A-110,2024-05-09 09:57:46+00:00,walking,1,random_forest,8,05447093A-110_block_8,temporal_block,15.0,0.5603762441229043,1
05447093A-110,2024-05-09 09:57:47+00:00,walking,1,random_forest,8,05447093A-110_block_8,temporal_block,15.0,0.6687673039914768,1
05447093A-110,2024-05-09 09:57:48+00:00,walking,1,random_forest,8,05447093A-110_block_8,temporal_block,15.0,0.7079849117116882,1
05447093A-110,2024-05-09 09:57:49+00:00,walking,1,random_forest,8,05447093A-110_block_8,temporal_block,15.0,0.514852493972077,1
05447093A-110,2024-05-09 09:57:50+00:00,walking,1,random_forest,8,05447093A-110_block_8,temporal_block,15.0,0.5679324210914534,1
05447093A-110,2024-05-09 09:57:51+00:00,walking,1,random_forest,8,05447093A-110_block_8,temporal_block,15.0,0.7223244048271268,1
05447093A-110,2024-05-09 09:57:52+00:00,walking,1,random_forest,8,05447093A-110_block_8,temporal_block,15.0,0.5979482892961215,1
05447093A-110,2024-05-09 09:57:53+00:00,walking,1,random_forest,8,05447093A-110_block_8,temporal_block,15.0,0.6052925647106926,1
05447093A-110,2024-05-09 09:57:54+00:00,walking,1,random_forest,8,05447093A-110_block_8,temporal_block,15.0,0.7384556403967996,1
05447093A-110,2024-05-09 09:57:55+00:00,walking,1,random_forest,8,05447093A-110_block_8,temporal_block,15.0,0.5432379313054072,1
05447093A-110,2024-05-09 09:57:56+00:00,walking,1,random_forest,8,05447093A-110_block_8,temporal_block,15.0,0.24438240595321947,0
05447093A-110,2024-05-09 09:57:57+00:00,walking,1,random_forest,8,05447093A-110_block_8,temporal_block,15.0,0.6346942640113888,1
05447093A-110,2024-05-09 09:57:58+00:00,walking,1,random_forest,8,05447093A-110_block_8,temporal_block,15.0,0.5493319151962712,1
05447093A-110,2024-05-09 09:57:59+00:00,walking,1,random_forest,8,05447093A-110_block_8,temporal_block,15.0,0.6033005337950411,1
05447093A-110,2024-05-09 10:19:27.010000+00:00,walking,1,random_forest,9,05447093A-110_block_9,temporal_block,15.0,0.1639792572169768,0
05447093A-110,2024-05-09 10:19:28.010000+00:00,walking,1,random_forest,9,05447093A-110_block_9,temporal_block,15.0,0.48348370566593984,0
05447093A-110,2024-05-09 10:19:29.010000+00:00,walking,1,random_forest,9,05447093A-110_block_9,temporal_block,15.0,0.4508152207749791,0
05447093A-110,2024-05-09 10:19:30.010000+00:00,walking,1,random_forest,9,05447093A-110_block_9,temporal_block,15.0,0.5525433846207537,1
05447093A-110,2024-05-09 10:19:31.010000+00:00,walking,1,random_forest,9,05447093A-110_block_9,temporal_block,15.0,0.273201416289106,0
05447093A-110,2024-05-09 10:19:32.010000+00:00,walking,1,random_forest,9,05447093A-110_block_9,temporal_block,15.0,0.5137524443992236,1
05447093A-110,2024-05-09 10:19:33.010000+00:00,walking,1,random_forest,9,05447093A-110_block_9,temporal_block,15.0,0.536782702920285,1
05447093A-110,2024-05-09 10:19:34.010000+00:00,walking,1,random_forest,9,05447093A-110_block_9,temporal_block,15.0,0.6672539491387269,1
05447093A-110,2024-05-09 10:19:35.010000+00:00,walking,1,random_forest,9,05447093A-110_block_9,temporal_block,15.0,0.40920671274475384,0
05447093A-110,2024-05-09 10:19:36.010000+00:00,walking,1,random_forest,9,05447093A-110_block_9,temporal_block,15.0,0.5760921012988441,1
05447093A-110,2024-05-09 10:19:37.010000+00:00,walking,1,random_forest,9,05447093A-110_block_9,temporal_block,15.0,0.6988254815332751,1
05447093A-110,2024-05-09 10:19:38.010000+00:00,walking,1,random_forest,9,05447093A-110_block_9,temporal_block,15.0,0.3272598582750161,0
05447093A-110,2024-05-09 10:19:39.010000+00:00,walking,1,random_forest,9,05447093A-110_block_9,temporal_block,15.0,0.12197053133386136,0
05447093A-110,2024-05-09 10:19:40.010000+00:00,walking,1,random_forest,9,05447093A-110_block_9,temporal_block,15.0,0.5623973219530101,1
05447093A-110,2024-05-09 10:19:41.010000+00:00,walking,1,random_forest,9,05447093A-110_block_9,temporal_block,15.0,0.2314974658927412,0
05447093A-110,2024-05-09 10:19:42.010000+00:00,walking,1,random_forest,9,05447093A-110_block_9,temporal_block,15.0,0.5589978396156127,1
05447093A-110,2024-05-09 10:19:43.010000+00:00,walking,1,random_forest,9,05447093A-110_block_9,temporal_block,15.0,0.6146694596942319,1
05447093A-110,2024-05-09 10:19:44.010000+00:00,walking,1,random_forest,9,05447093A-110_block_9,temporal_block,15.0,0.295064851193447,0
05447093A-110,2024-05-09 10:19:45.010000+00:00,walking,1,random_forest,9,05447093A-110_block_9,temporal_block,15.0,0.13486152566030934,0
05447093A-110,2024-05-09 10:19:46.010000+00:00,walking,1,random_forest,9,05447093A-110_block_9,temporal_block,15.0,0.4256512070165677,0
05447093A-110,2024-05-09 10:19:47.010000+00:00,walking,1,random_forest,9,05447093A-110_block_9,temporal_block,15.0,0.4143635105722492,0
05447093A-110,2024-05-09 10:19:48.010000+00:00,walking,1,random_forest,9,05447093A-110_block_9,temporal_block,15.0,0.4798835223756448,0
05447093A-110,2024-05-09 10:19:49.010000+00:00,walking,1,random_forest,9,05447093A-110_block_9,temporal_block,15.0,0.1645143078774521,0
05447093A-110,2024-05-09 10:19:50.010000+00:00,walking,1,random_forest,9,05447093A-110_block_9,temporal_block,15.0,0.6091903299424174,1
05447093A-110,2024-05-09 10:19:51.010000+00:00,walking,1,random_forest,9,05447093A-110_block_9,temporal_block,15.0,0.5842644624024435,1
05447093A-110,2024-05-09 10:19:52.010000+00:00,walking,1,random_forest,9,05447093A-110_block_9,temporal_block,15.0,0.2473002119781889,0
05447093A-110,2024-05-09 10:19:53.010000+00:00,walking,1,random_forest,9,05447093A-110_block_9,temporal_block,15.0,0.38061270167427563,0
05447093A-110,2024-05-09 10:19:54.010000+00:00,walking,1,random_forest,9,05447093A-110_block_9,temporal_block,15.0,0.6346292801714947,1
05447093A-110,2024-05-09 10:19:55.010000+00:00,walking,1,random_forest,9,05447093A-110_block_9,temporal_block,15.0,0.7285947637793716,1
05447093A-110,2024-05-09 10:19:56.010000+00:00,walking,1,random_forest,9,05447093A-110_block_9,temporal_block,15.0,0.299892049135252,0
05447093A-110,2024-05-09 10:19:57.010000+00:00,walking,1,random_forest,9,05447093A-110_block_9,temporal_block,15.0,0.3316731125130035,0
05447093A-110,2024-05-09 10:19:58.010000+00:00,walking,1,random_forest,9,05447093A-110_block_9,temporal_block,15.0,0.7381883980995162,1
330034-32,2025-02-25 10:28:10.230000+00:00,not_walking,0,random_forest,10,330034-32_block_10,temporal_block,15.0,0.0520570496679891,0
330034-32,2025-02-25 10:28:11.230000+00:00,not_walking,0,random_forest,10,330034-32_block_10,temporal_block,15.0,0.0523491889564422,0
330034-32,2025-02-25 10:28:12.230000+00:00,not_walking,0,random_forest,10,330034-32_block_10,temporal_block,15.0,0.05266540003641309,0
330034-32,2025-02-25 10:28:13.230000+00:00,not_walking,0,random_forest,10,330034-32_block_10,temporal_block,15.0,0.05137185006388976,0
330034-32,2025-02-25 10:28:14.230000+00:00,not_walking,0,random_forest,10,330034-32_block_10,temporal_block,15.0,0.086655697266693,0
330034-32,2025-02-25 10:28:15.230000+00:00,not_walking,0,random_forest,10,330034-32_block_10,temporal_block,15.0,0.18030096999457337,0
330034-32,2025-02-25 10:28:16.230000+00:00,not_walking,0,random_forest,10,330034-32_block_10,temporal_block,15.0,0.41628088018010406,0
330034-32,2025-02-25 10:28:17.230000+00:00,not_walking,0,random_forest,10,330034-32_block_10,temporal_block,15.0,0.04891995482620058,0
330034-32,2025-02-25 10:28:18.230000+00:00,not_walking,0,random_forest,10,330034-32_block_10,temporal_block,15.0,0.04715190896686982,0
330034-32,2025-02-25 10:28:19.230000+00:00,not_walking,0,random_forest,10,330034-32_block_10,temporal_block,15.0,0.04904506830899832,0
330034-32,2025-02-25 10:28:20.230000+00:00,not_walking,0,random_forest,10,330034-32_block_10,temporal_block,15.0,0.04773127249592873,0
330034-32,2025-02-25 10:28:21.230000+00:00,not_walking,0,random_forest,10,330034-32_block_10,temporal_block,15.0,0.04909201779398527,0
330034-32,2025-02-25 10:28:22.230000+00:00,not_walking,0,random_forest,10,330034-32_block_10,temporal_block,15.0,0.051455805420557554,0
330034-32,2025-02-25 10:28:23.230000+00:00,not_walking,0,random_forest,10,330034-32_block_10,temporal_block,15.0,0.3010619343451218,0
330034-32,2025-02-25 10:28:24.230000+00:00,not_walking,0,random_forest,10,330034-32_block_10,temporal_block,15.0,0.11798970646229087,0
330034-32,2025-02-25 10:28:25.230000+00:00,not_walking,0,random_forest,10,330034-32_block_10,temporal_block,15.0,0.11931429898513232,0
330034-32,2025-02-25 10:28:26.230000+00:00,not_walking,0,random_forest,10,330034-32_block_10,temporal_block,15.0,0.31588131398779834,0
330034-32,2025-02-25 10:28:27.230000+00:00,not_walking,0,random_forest,10,330034-32_block_10,temporal_block,15.0,0.3602343624911031,0
330034-32,2025-02-25 10:28:28.230000+00:00,not_walking,0,random_forest,10,330034-32_block_10,temporal_block,15.0,0.5291639867959681,1
330034-32,2025-02-25 10:28:29.230000+00:00,not_walking,0,random_forest,10,330034-32_block_10,temporal_block,15.0,0.508334645666634,1
330034-32,2025-02-25 10:28:30.230000+00:00,not_walking,0,random_forest,10,330034-32_block_10,temporal_block,15.0,0.23669166814876572,0
330034-32,2025-02-25 10:28:31.230000+00:00,not_walking,0,random_forest,10,330034-32_block_10,temporal_block,15.0,0.05267070073584157,0
330034-32,2025-02-25 10:28:32.230000+00:00,not_walking,0,random_forest,10,330034-32_block_10,temporal_block,15.0,0.0492098687841482,0
330034-32,2025-02-25 10:28:33.230000+00:00,not_walking,0,random_forest,10,330034-32_block_10,temporal_block,15.0,0.053056827888651556,0
330034-32,2025-02-25 10:28:34.230000+00:00,not_walking,0,random_forest,10,330034-32_block_10,temporal_block,15.0,0.07372057296340201,0
330034-32,2025-02-25 10:28:35.230000+00:00,not_walking,0,random_forest,10,330034-32_block_10,temporal_block,15.0,0.404470848981839,0
330034-32,2025-02-25 10:28:36.230000+00:00,not_walking,0,random_forest,10,330034-32_block_10,temporal_block,15.0,0.48383446421095594,0
330034-32,2025-02-25 10:28:37.230000+00:00,not_walking,0,random_forest,10,330034-32_block_10,temporal_block,15.0,0.3018267156781051,0
330034-32,2025-02-25 10:28:38.230000+00:00,not_walking,0,random_forest,10,330034-32_block_10,temporal_block,15.0,0.2192554454316752,0
330034-32,2025-02-25 10:28:39.230000+00:00,not_walking,0,random_forest,10,330034-32_block_10,temporal_block,15.0,0.18879844981235328,0
330034-32,2025-02-25 10:28:40.230000+00:00,not_walking,0,random_forest,10,330034-32_block_10,temporal_block,15.0,0.09986597217862436,0
330034-32,2025-02-25 10:28:41.230000+00:00,not_walking,0,random_forest,10,330034-32_block_10,temporal_block,15.0,0.10839267130095025,0
330034-32,2025-02-25 10:28:42.230000+00:00,not_walking,0,random_forest,10,330034-32_block_10,temporal_block,15.0,0.09747039034618862,0
330034-32,2025-02-25 10:28:43.230000+00:00,not_walking,0,random_forest,10,330034-32_block_10,temporal_block,15.0,0.10645294839531266,0
330034-32,2025-02-25 10:28:44.230000+00:00,not_walking,0,random_forest,10,330034-32_block_10,temporal_block,15.0,0.09995124692026307,0
330034-32,2025-02-25 10:28:45.230000+00:00,not_walking,0,random_forest,10,330034-32_block_10,temporal_block,15.0,0.10081172257118924,0
330034-32,2025-02-25 10:29:01.010000+00:00,not_walking,0,random_forest,11,330034-32_block_11,temporal_block,15.0,0.5156819584919271,1
330034-32,2025-02-25 10:29:02.010000+00:00,not_walking,0,random_forest,11,330034-32_block_11,temporal_block,15.0,0.4260328625910999,0
330034-32,2025-02-25 10:29:03.010000+00:00,not_walking,0,random_forest,11,330034-32_block_11,temporal_block,15.0,0.45980388801030575,0
330034-32,2025-02-25 10:29:04.010000+00:00,not_walking,0,random_forest,11,330034-32_block_11,temporal_block,15.0,0.08099452346703984,0
330034-32,2025-02-25 10:29:05.010000+00:00,not_walking,0,random_forest,11,330034-32_block_11,temporal_block,15.0,0.09639978055895858,0
330034-32,2025-02-25 10:29:06.010000+00:00,not_walking,0,random_forest,11,330034-32_block_11,temporal_block,15.0,0.022621130540334114,0
330034-32,2025-02-25 10:29:07.010000+00:00,not_walking,0,random_forest,11,330034-32_block_11,temporal_block,15.0,0.21097361351345786,0
330034-32,2025-02-25 10:29:08.010000+00:00,not_walking,0,random_forest,11,330034-32_block_11,temporal_block,15.0,0.032230474480446074,0
330034-32,2025-02-25 10:29:23+00:00,walking,1,random_forest,12,330034-32_block_12,temporal_block,15.0,0.7509105629299004,1
330034-32,2025-02-25 10:29:24+00:00,walking,1,random_forest,12,330034-32_block_12,temporal_block,15.0,0.3121173424521179,0
330034-32,2025-02-25 10:29:25+00:00,walking,1,random_forest,12,330034-32_block_12,temporal_block,15.0,0.15367932278338944,0
330034-32,2025-02-25 10:29:26+00:00,walking,1,random_forest,12,330034-32_block_12,temporal_block,15.0,0.19249632005513548,0
330034-32,2025-02-25 10:29:27+00:00,walking,1,random_forest,12,330034-32_block_12,temporal_block,15.0,0.31148049898623953,0
330034-32,2025-02-25 10:29:28+00:00,walking,1,random_forest,12,330034-32_block_12,temporal_block,15.0,0.6304876681013867,1
330034-32,2025-02-25 10:29:29+00:00,walking,1,random_forest,12,330034-32_block_12,temporal_block,15.0,0.5976316805447948,1
330034-32,2025-02-25 10:29:30+00:00,walking,1,random_forest,12,330034-32_block_12,temporal_block,15.0,0.6122132291277349,1
330034-32,2025-02-25 10:29:31+00:00,walking,1,random_forest,12,330034-32_block_12,temporal_block,15.0,0.8480265829946103,1
330034-32,2025-02-25 10:29:32+00:00,walking,1,random_forest,12,330034-32_block_12,temporal_block,15.0,0.9027974455443399,1
330034-32,2025-02-25 10:29:33+00:00,walking,1,random_forest,12,330034-32_block_12,temporal_block,15.0,0.7030983115333136,1
330034-32,2025-02-25 10:29:34+00:00,walking,1,random_forest,12,330034-32_block_12,temporal_block,15.0,0.6535479300355245,1
330034-32,2025-02-25 10:29:35+00:00,walking,1,random_forest,12,330034-32_block_12,temporal_block,15.0,0.4313331856045354,0
330034-32,2025-02-25 10:29:36+00:00,walking,1,random_forest,12,330034-32_block_12,temporal_block,15.0,0.235629222080419,0
330034-32,2025-02-25 10:29:37+00:00,walking,1,random_forest,12,330034-32_block_12,temporal_block,15.0,0.18538270288881803,0
330034-32,2025-02-25 10:29:38+00:00,walking,1,random_forest,12,330034-32_block_12,temporal_block,15.0,0.35938061006638927,0
330034-32,2025-02-25 10:29:39+00:00,walking,1,random_forest,12,330034-32_block_12,temporal_block,15.0,0.584378253520129,1
330034-32,2025-02-25 10:29:40+00:00,walking,1,random_forest,12,330034-32_block_12,temporal_block,15.0,0.7068912617871248,1
330034-32,2025-02-25 10:29:41+00:00,walking,1,random_forest,12,330034-32_block_12,temporal_block,15.0,0.7190243294869446,1
330034-32,2025-02-25 10:29:42+00:00,walking,1,random_forest,12,330034-32_block_12,temporal_block,15.0,0.6251851258141058,1
330034-32,2025-02-25 10:29:43+00:00,walking,1,random_forest,12,330034-32_block_12,temporal_block,15.0,0.7687746620529133,1
330034-32,2025-02-25 10:29:44+00:00,walking,1,random_forest,12,330034-32_block_12,temporal_block,15.0,0.8047828397884874,1
330034-32,2025-02-25 10:29:45+00:00,walking,1,random_forest,12,330034-32_block_12,temporal_block,15.0,0.48206770230961693,0
330034-32,2025-02-25 10:29:46+00:00,walking,1,random_forest,12,330034-32_block_12,temporal_block,15.0,0.764059759395389,1
330034-32,2025-02-25 10:29:47+00:00,walking,1,random_forest,12,330034-32_block_12,temporal_block,15.0,0.37882933398553376,0
330034-32,2025-02-25 10:29:48+00:00,walking,1,random_forest,12,330034-32_block_12,temporal_block,15.0,0.17638391517085344,0
330034-32,2025-02-25 10:29:49+00:00,walking,1,random_forest,12,330034-32_block_12,temporal_block,15.0,0.1622762092326182,0
330034-32,2025-02-25 10:29:50+00:00,walking,1,random_forest,12,330034-32_block_12,temporal_block,15.0,0.44128109868943965,0
330034-32,2025-02-25 10:29:51+00:00,walking,1,random_forest,12,330034-32_block_12,temporal_block,15.0,0.41753103383838935,0
330034-32,2025-02-25 10:29:52+00:00,walking,1,random_forest,12,330034-32_block_12,temporal_block,15.0,0.7111539634720933,1
330034-32,2025-02-25 10:29:53+00:00,walking,1,random_forest,12,330034-32_block_12,temporal_block,15.0,0.5330403785640219,1
330034-32,2025-02-25 10:29:54+00:00,walking,1,random_forest,12,330034-32_block_12,temporal_block,15.0,0.3129876182847409,0
330034-32,2025-02-25 10:29:55+00:00,walking,1,random_forest,12,330034-32_block_12,temporal_block,15.0,0.5346831766665704,1
330034-32,2025-02-25 10:29:56+00:00,walking,1,random_forest,12,330034-32_block_12,temporal_block,15.0,0.7072615521045126,1
330034-32,2025-02-25 10:29:57+00:00,walking,1,random_forest,12,330034-32_block_12,temporal_block,15.0,0.6798115295829251,1
330034-32,2025-02-25 10:29:58+00:00,walking,1,random_forest,12,330034-32_block_12,temporal_block,15.0,0.7994447123414026,1
330034-32,2025-02-25 10:29:59+00:00,walking,1,random_forest,12,330034-32_block_12,temporal_block,15.0,0.8630676343852076,1
330034-32,2025-02-25 10:30:00+00:00,walking,1,random_forest,12,330034-32_block_12,temporal_block,15.0,0.9057827547469689,1
330034-32,2025-02-25 10:30:01+00:00,walking,1,random_forest,12,330034-32_block_12,temporal_block,15.0,0.7898078079970497,1
330034-32,2025-02-25 10:30:09.020000+00:00,not_walking,0,random_forest,13,330034-32_block_13,temporal_block,15.0,0.13270001498133346,0
330034-32,2025-02-25 10:30:10.020000+00:00,not_walking,0,random_forest,13,330034-32_block_13,temporal_block,15.0,0.2179134044035589,0
330034-32,2025-02-25 10:30:11.020000+00:00,not_walking,0,random_forest,13,330034-32_block_13,temporal_block,15.0,0.12622874730851769,0
330034-32,2025-02-25 10:30:12.020000+00:00,not_walking,0,random_forest,13,330034-32_block_13,temporal_block,15.0,0.11753489769431416,0
330034-32,2025-02-25 10:30:13.020000+00:00,not_walking,0,random_forest,13,330034-32_block_13,temporal_block,15.0,0.12788618517626482,0
330034-32,2025-02-25 10:30:14.020000+00:00,not_walking,0,random_forest,13,330034-32_block_13,temporal_block,15.0,0.12214805079388401,0
330034-32,2025-02-25 10:30:15.020000+00:00,not_walking,0,random_forest,13,330034-32_block_13,temporal_block,15.0,0.11486778130641383,0
330034-32,2025-02-25 10:30:16.020000+00:00,not_walking,0,random_forest,13,330034-32_block_13,temporal_block,15.0,0.11548199203504758,0
330034-32,2025-02-25 10:30:17.020000+00:00,not_walking,0,random_forest,13,330034-32_block_13,temporal_block,15.0,0.11518865385857197,0
330034-32,2025-02-25 10:30:18.020000+00:00,not_walking,0,random_forest,13,330034-32_block_13,temporal_block,15.0,0.1220887684596355,0
330034-32,2025-02-25 10:30:19.020000+00:00,not_walking,0,random_forest,13,330034-32_block_13,temporal_block,15.0,0.14265169450481407,0
330034-32,2025-02-25 10:30:20.020000+00:00,not_walking,0,random_forest,13,330034-32_block_13,temporal_block,15.0,0.43594178261793576,0
330034-32,2025-02-25 10:30:21.020000+00:00,not_walking,0,random_forest,13,330034-32_block_13,temporal_block,15.0,0.5882687667528954,1
330034-32,2025-02-25 10:30:22.020000+00:00,not_walking,0,random_forest,13,330034-32_block_13,temporal_block,15.0,0.6150527836129543,1
330034-32,2025-02-25 10:30:23.020000+00:00,not_walking,0,random_forest,13,330034-32_block_13,temporal_block,15.0,0.7017626913786539,1
330034-32,2025-02-25 10:30:24.020000+00:00,not_walking,0,random_forest,13,330034-32_block_13,temporal_block,15.0,0.6980602298104124,1
330034-32,2025-02-25 10:30:25.020000+00:00,not_walking,0,random_forest,13,330034-32_block_13,temporal_block,15.0,0.5228573452413945,1
330034-32,2025-02-25 10:30:26.020000+00:00,not_walking,0,random_forest,13,330034-32_block_13,temporal_block,15.0,0.4198941777069926,0
330034-32,2025-02-25 10:30:27.020000+00:00,not_walking,0,random_forest,13,330034-32_block_13,temporal_block,15.0,0.4811815386260047,0
330034-32,2025-02-25 10:30:28.020000+00:00,not_walking,0,random_forest,13,330034-32_block_13,temporal_block,15.0,0.5692894035989579,1
330034-32,2025-02-25 10:30:29.020000+00:00,not_walking,0,random_forest,13,330034-32_block_13,temporal_block,15.0,0.09885925690964394,0
330034-32,2025-02-25 10:30:30.020000+00:00,not_walking,0,random_forest,13,330034-32_block_13,temporal_block,15.0,0.1205210635110322,0
330034-32,2025-02-25 10:30:31.020000+00:00,not_walking,0,random_forest,13,330034-32_block_13,temporal_block,15.0,0.10150773890111257,0
330034-32,2025-02-25 10:30:32.020000+00:00,not_walking,0,random_forest,13,330034-32_block_13,temporal_block,15.0,0.14357962391138845,0
330034-32,2025-02-25 10:30:33.020000+00:00,not_walking,0,random_forest,13,330034-32_block_13,temporal_block,15.0,0.20868338906227302,0
330034-32,2025-02-25 10:30:34.020000+00:00,not_walking,0,random_forest,13,330034-32_block_13,temporal_block,15.0,0.12392406185010724,0
330034-32,2025-02-25 10:30:35.020000+00:00,not_walking,0,random_forest,13,330034-32_block_13,temporal_block,15.0,0.19986329510442835,0
330034-32,2025-02-25 10:30:36.020000+00:00,not_walking,0,random_forest,13,330034-32_block_13,temporal_block,15.0,0.10901565326787054,0
330034-32,2025-02-25 10:30:37.020000+00:00,not_walking,0,random_forest,13,330034-32_block_13,temporal_block,15.0,0.11515393612694412,0
330034-32,2025-02-25 10:30:38.020000+00:00,not_walking,0,random_forest,13,330034-32_block_13,temporal_block,15.0,0.11509825564652312,0
330034-32,2025-02-25 10:30:39.020000+00:00,not_walking,0,random_forest,13,330034-32_block_13,temporal_block,15.0,0.11831533596264407,0
330034-32,2025-02-25 10:30:40.020000+00:00,not_walking,0,random_forest,13,330034-32_block_13,temporal_block,15.0,0.10312778413168544,0
330034-32,2025-02-25 10:30:41.020000+00:00,not_walking,0,random_forest,13,330034-32_block_13,temporal_block,15.0,0.11659704469883894,0
330034-32,2025-02-25 10:30:42.020000+00:00,not_walking,0,random_forest,13,330034-32_block_13,temporal_block,15.0,0.12050430793188345,0
330034-32,2025-02-25 10:30:43.020000+00:00,not_walking,0,random_forest,13,330034-32_block_13,temporal_block,15.0,0.3921082991472703,0
330034-32,2025-02-25 10:30:44.020000+00:00,not_walking,0,random_forest,13,330034-32_block_13,temporal_block,15.0,0.12846052426102245,0
330034-32,2025-02-25 10:30:45.020000+00:00,not_walking,0,random_forest,13,330034-32_block_13,temporal_block,15.0,0.11527380845493546,0
330034-32,2025-02-25 10:30:46.020000+00:00,not_walking,0,random_forest,13,330034-32_block_13,temporal_block,15.0,0.1162792500252101,0
330034-32,2025-02-25 10:30:47.020000+00:00,not_walking,0,random_forest,13,330034-32_block_13,temporal_block,15.0,0.11392846102297595,0
330034-32,2025-02-25 10:30:48.020000+00:00,not_walking,0,random_forest,13,330034-32_block_13,temporal_block,15.0,0.12039576131253893,0
330034-32,2025-02-25 10:30:49.020000+00:00,not_walking,0,random_forest,13,330034-32_block_13,temporal_block,15.0,0.10887845596541083,0
330034-32,2025-02-25 10:30:50.020000+00:00,not_walking,0,random_forest,13,330034-32_block_13,temporal_block,15.0,0.11804386341895355,0
330034-32,2025-02-25 10:30:51.020000+00:00,not_walking,0,random_forest,13,330034-32_block_13,temporal_block,15.0,0.14282390162299402,0
330034-32,2025-02-25 10:30:52.020000+00:00,not_walking,0,random_forest,13,330034-32_block_13,temporal_block,15.0,0.16944522312796048,0
330034-32,2025-02-25 10:30:53.020000+00:00,not_walking,0,random_forest,13,330034-32_block_13,temporal_block,15.0,0.14490827101654508,0
330034-32,2025-02-25 10:30:54.020000+00:00,not_walking,0,random_forest,13,330034-32_block_13,temporal_block,15.0,0.1453838659050292,0
330034-32,2025-02-25 10:30:55.020000+00:00,not_walking,0,random_forest,13,330034-32_block_13,temporal_block,15.0,0.20680850199906736,0
330034-32,2025-02-25 10:30:56.020000+00:00,not_walking,0,random_forest,13,330034-32_block_13,temporal_block,15.0,0.10813874391244067,0
330034-32,2025-02-25 10:30:57.020000+00:00,not_walking,0,random_forest,13,330034-32_block_13,temporal_block,15.0,0.11054979262006297,0
330034-32,2025-02-25 10:30:58.020000+00:00,not_walking,0,random_forest,13,330034-32_block_13,temporal_block,15.0,0.11449484329029998,0
330034-32,2025-02-25 10:30:59.020000+00:00,not_walking,0,random_forest,13,330034-32_block_13,temporal_block,15.0,0.11361520089159714,0
330034-32,2025-02-25 10:31:00.020000+00:00,not_walking,0,random_forest,13,330034-32_block_13,temporal_block,15.0,0.10896739520333755,0
330034-32,2025-02-25 10:31:01.020000+00:00,not_walking,0,random_forest,13,330034-32_block_13,temporal_block,15.0,0.11743234808108968,0
330034-32,2025-02-25 10:31:02.020000+00:00,not_walking,0,random_forest,13,330034-32_block_13,temporal_block,15.0,0.11337017353109646,0
330034-32,2025-02-25 10:31:03.020000+00:00,not_walking,0,random_forest,13,330034-32_block_13,temporal_block,15.0,0.11026065992354211,0
330034-32,2025-02-25 10:31:04.020000+00:00,not_walking,0,random_forest,13,330034-32_block_13,temporal_block,15.0,0.11097550969913601,0
330034-32,2025-02-25 10:31:05.020000+00:00,not_walking,0,random_forest,13,330034-32_block_13,temporal_block,15.0,0.11152782888758975,0
330034-32,2025-02-25 10:31:06.020000+00:00,not_walking,0,random_forest,13,330034-32_block_13,temporal_block,15.0,0.11564077545042871,0
330034-32,2025-02-25 10:31:07.020000+00:00,not_walking,0,random_forest,13,330034-32_block_13,temporal_block,15.0,0.11239236139990404,0
330034-32,2025-02-25 10:31:08.020000+00:00,not_walking,0,random_forest,13,330034-32_block_13,temporal_block,15.0,0.11286523073517275,0
330034-32,2025-02-25 10:31:09.020000+00:00,not_walking,0,random_forest,13,330034-32_block_13,temporal_block,15.0,0.09914420144553449,0
330034-32,2025-02-25 10:31:10.020000+00:00,not_walking,0,random_forest,13,330034-32_block_13,temporal_block,15.0,0.11818851937150425,0
330034-32,2025-02-25 10:31:11.020000+00:00,not_walking,0,random_forest,13,330034-32_block_13,temporal_block,15.0,0.1166873787055632,0
330034-32,2025-02-25 10:31:12.020000+00:00,not_walking,0,random_forest,13,330034-32_block_13,temporal_block,15.0,0.11687549593569048,0
330034-32,2025-02-25 10:31:13.020000+00:00,not_walking,0,random_forest,13,330034-32_block_13,temporal_block,15.0,0.11877922568620616,0
330034-32,2025-02-25 10:31:14.020000+00:00,not_walking,0,random_forest,13,330034-32_block_13,temporal_block,15.0,0.11035218322774225,0
330034-32,2025-02-25 10:31:15.020000+00:00,not_walking,0,random_forest,13,330034-32_block_13,temporal_block,15.0,0.11914446332271071,0
330034-32,2025-02-25 10:31:16.020000+00:00,not_walking,0,random_forest,13,330034-32_block_13,temporal_block,15.0,0.11568101008588094,0
330034-32,2025-02-25 10:31:17.020000+00:00,not_walking,0,random_forest,13,330034-32_block_13,temporal_block,15.0,0.11160881143069341,0
330034-32,2025-02-25 10:31:18.020000+00:00,not_walking,0,random_forest,13,330034-32_block_13,temporal_block,15.0,0.11228315342327953,0
330034-32,2025-02-25 10:31:19.020000+00:00,not_walking,0,random_forest,13,330034-32_block_13,temporal_block,15.0,0.10772938088059685,0
330034-32,2025-02-25 10:31:20.020000+00:00,not_walking,0,random_forest,13,330034-32_block_13,temporal_block,15.0,0.11321252013927613,0
330034-32,2025-02-25 10:31:21.020000+00:00,not_walking,0,random_forest,13,330034-32_block_13,temporal_block,15.0,0.11085327732059745,0
330034-32,2025-02-25 10:31:22.020000+00:00,not_walking,0,random_forest,13,330034-32_block_13,temporal_block,15.0,0.11136178295582357,0
330034-32,2025-02-25 10:31:23.020000+00:00,not_walking,0,random_forest,13,330034-32_block_13,temporal_block,15.0,0.11440152722702931,0
330034-32,2025-02-25 10:31:24.020000+00:00,not_walking,0,random_forest,13,330034-32_block_13,temporal_block,15.0,0.11035218322774225,0
330034-32,2025-02-25 10:31:25.020000+00:00,not_walking,0,random_forest,13,330034-32_block_13,temporal_block,15.0,0.11844210293649204,0
330034-32,2025-02-25 10:31:26.020000+00:00,not_walking,0,random_forest,13,330034-32_block_13,temporal_block,15.0,0.11917524624009836,0
330034-32,2025-02-25 10:31:27.020000+00:00,not_walking,0,random_forest,13,330034-32_block_13,temporal_block,15.0,0.15450243299986052,0
330034-32,2025-02-25 10:31:28.020000+00:00,not_walking,0,random_forest,13,330034-32_block_13,temporal_block,15.0,0.3642707469928505,0
330034-32,2025-02-25 10:31:29.020000+00:00,not_walking,0,random_forest,13,330034-32_block_13,temporal_block,15.0,0.11295436753586229,0
330034-32,2025-02-25 10:31:30.020000+00:00,not_walking,0,random_forest,13,330034-32_block_13,temporal_block,15.0,0.12556918685446056,0
330034-32,2025-02-25 10:31:31.020000+00:00,not_walking,0,random_forest,13,330034-32_block_13,temporal_block,15.0,0.20276960448359985,0
330034-32,2025-02-25 10:31:32.020000+00:00,not_walking,0,random_forest,13,330034-32_block_13,temporal_block,15.0,0.14189459579106295,0
330034-32,2025-02-25 10:31:33.020000+00:00,not_walking,0,random_forest,13,330034-32_block_13,temporal_block,15.0,0.12208311769482168,0
330034-32,2025-02-25 10:31:34.020000+00:00,not_walking,0,random_forest,13,330034-32_block_13,temporal_block,15.0,0.15065964595966638,0
330034-32,2025-02-25 10:31:35.020000+00:00,not_walking,0,random_forest,13,330034-32_block_13,temporal_block,15.0,0.1494967443126607,0
330034-32,2025-02-25 10:31:36.020000+00:00,not_walking,0,random_forest,13,330034-32_block_13,temporal_block,15.0,0.17591733652598432,0
330034-32,2025-02-25 10:31:37.020000+00:00,not_walking,0,random_forest,13,330034-32_block_13,temporal_block,15.0,0.5057621819813589,1
330034-32,2025-02-25 10:31:38.020000+00:00,not_walking,0,random_forest,13,330034-32_block_13,temporal_block,15.0,0.4681709269203368,0
330034-32,2025-02-25 10:31:39.020000+00:00,not_walking,0,random_forest,13,330034-32_block_13,temporal_block,15.0,0.11771329109505584,0
330034-32,2025-02-25 10:31:40.020000+00:00,not_walking,0,random_forest,13,330034-32_block_13,temporal_block,15.0,0.17237128592270198,0
330034-32,2025-02-25 10:31:41.020000+00:00,not_walking,0,random_forest,13,330034-32_block_13,temporal_block,15.0,0.1148198155323723,0
330034-32,2025-02-25 10:31:42.020000+00:00,not_walking,0,random_forest,13,330034-32_block_13,temporal_block,15.0,0.3995093122136673,0
330034-32,2025-02-25 10:31:43.020000+00:00,not_walking,0,random_forest,13,330034-32_block_13,temporal_block,15.0,0.13055170520276138,0
330034-32,2025-02-25 10:31:44.020000+00:00,not_walking,0,random_forest,13,330034-32_block_13,temporal_block,15.0,0.10999181491033622,0
330034-32,2025-02-25 10:31:45.020000+00:00,not_walking,0,random_forest,13,330034-32_block_13,temporal_block,15.0,0.18603818095365174,0
330034-32,2025-02-25 10:31:46.020000+00:00,not_walking,0,random_forest,13,330034-32_block_13,temporal_block,15.0,0.13648439734214893,0
330034-32,2025-02-25 10:31:47.020000+00:00,not_walking,0,random_forest,13,330034-32_block_13,temporal_block,15.0,0.15325870174264034,0
330034-32,2025-02-25 10:31:48.020000+00:00,not_walking,0,random_forest,13,330034-32_block_13,temporal_block,15.0,0.1852108537117494,0
330034-32,2025-02-25 10:31:49.020000+00:00,not_walking,0,random_forest,13,330034-32_block_13,temporal_block,15.0,0.10641283952352679,0
330034-32,2025-02-25 10:31:50.020000+00:00,not_walking,0,random_forest,13,330034-32_block_13,temporal_block,15.0,0.1184418207592138,0
330034-32,2025-02-25 10:31:51.020000+00:00,not_walking,0,random_forest,13,330034-32_block_13,temporal_block,15.0,0.1538945194170023,0
330034-32,2025-02-25 10:31:52.020000+00:00,not_walking,0,random_forest,13,330034-32_block_13,temporal_block,15.0,0.10806775042034139,0
330034-32,2025-02-25 10:31:53.020000+00:00,not_walking,0,random_forest,13,330034-32_block_13,temporal_block,15.0,0.20073607496779597,0
330034-32,2025-02-25 10:31:54.020000+00:00,not_walking,0,random_forest,13,330034-32_block_13,temporal_block,15.0,0.11122173096746041,0
330034-32,2025-02-25 10:31:55.020000+00:00,not_walking,0,random_forest,13,330034-32_block_13,temporal_block,15.0,0.3938400578168012,0
330034-32,2025-02-25 10:31:56.020000+00:00,not_walking,0,random_forest,13,330034-32_block_13,temporal_block,15.0,0.26523602960164006,0
330034-32,2025-02-25 10:31:57.020000+00:00,not_walking,0,random_forest,13,330034-32_block_13,temporal_block,15.0,0.1545588980330488,0
330034-32,2025-02-25 10:31:58.020000+00:00,not_walking,0,random_forest,13,330034-32_block_13,temporal_block,15.0,0.16097926828743622,0
330034-32,2025-02-25 10:31:59.020000+00:00,not_walking,0,random_forest,13,330034-32_block_13,temporal_block,15.0,0.5085774668589684,1
330034-32,2025-02-25 10:32:00.020000+00:00,not_walking,0,random_forest,13,330034-32_block_13,temporal_block,15.0,0.11302638740842594,0
330034-32,2025-02-25 10:32:01.020000+00:00,not_walking,0,random_forest,13,330034-32_block_13,temporal_block,15.0,0.10853035259669094,0
330034-32,2025-02-25 10:32:02.020000+00:00,not_walking,0,random_forest,13,330034-32_block_13,temporal_block,15.0,0.10984820760194308,0
330034-32,2025-02-25 10:32:03.020000+00:00,not_walking,0,random_forest,13,330034-32_block_13,temporal_block,15.0,0.13224599411353447,0
330034-32,2025-02-25 10:32:04.020000+00:00,not_walking,0,random_forest,13,330034-32_block_13,temporal_block,15.0,0.12137594782645217,0
330034-32,2025-02-25 10:32:05.020000+00:00,not_walking,0,random_forest,13,330034-32_block_13,temporal_block,15.0,0.10605694049391165,0
330034-32,2025-02-25 10:32:06.020000+00:00,not_walking,0,random_forest,13,330034-32_block_13,temporal_block,15.0,0.18688180775753832,0
330034-32,2025-02-25 10:32:07.020000+00:00,not_walking,0,random_forest,13,330034-32_block_13,temporal_block,15.0,0.12043615259620805,0
330034-32,2025-02-25 10:32:08.020000+00:00,not_walking,0,random_forest,13,330034-32_block_13,temporal_block,15.0,0.12239297143431042,0
330034-32,2025-02-25 10:32:09.020000+00:00,not_walking,0,random_forest,13,330034-32_block_13,temporal_block,15.0,0.12515764693316425,0
330034-32,2025-02-25 10:32:10.020000+00:00,not_walking,0,random_forest,13,330034-32_block_13,temporal_block,15.0,0.10497011113112904,0
330034-32,2025-02-25 10:32:11.020000+00:00,not_walking,0,random_forest,13,330034-32_block_13,temporal_block,15.0,0.33136309355376053,0
330034-32,2025-02-25 10:32:12.020000+00:00,not_walking,0,random_forest,13,330034-32_block_13,temporal_block,15.0,0.1682590276439374,0
330034-32,2025-02-25 10:32:13.020000+00:00,not_walking,0,random_forest,13,330034-32_block_13,temporal_block,15.0,0.1774189353096765,0
330034-32,2025-02-25 10:32:14.020000+00:00,not_walking,0,random_forest,13,330034-32_block_13,temporal_block,15.0,0.2647130250976758,0
330034-32,2025-02-25 10:32:15.020000+00:00,not_walking,0,random_forest,13,330034-32_block_13,temporal_block,15.0,0.148519281697175,0
330034-32,2025-02-25 10:32:16.020000+00:00,not_walking,0,random_forest,13,330034-32_block_13,temporal_block,15.0,0.13171977474948157,0
330034-32,2025-02-25 10:32:17.020000+00:00,not_walking,0,random_forest,13,330034-32_block_13,temporal_block,15.0,0.24640872845546521,0
330034-32,2025-02-25 10:32:18.020000+00:00,not_walking,0,random_forest,13,330034-32_block_13,temporal_block,15.0,0.5842495697806918,1
330034-32,2025-02-25 10:32:19.020000+00:00,not_walking,0,random_forest,13,330034-32_block_13,temporal_block,15.0,0.20356748072588357,0
330034-32,2025-02-25 10:32:20.020000+00:00,not_walking,0,random_forest,13,330034-32_block_13,temporal_block,15.0,0.12700782124527793,0
330034-32,2025-02-25 10:32:21.020000+00:00,not_walking,0,random_forest,13,330034-32_block_13,temporal_block,15.0,0.20148958945392817,0
330034-32,2025-02-25 10:32:22.020000+00:00,not_walking,0,random_forest,13,330034-32_block_13,temporal_block,15.0,0.2641846773777902,0
330034-32,2025-02-25 10:32:23.020000+00:00,not_walking,0,random_forest,13,330034-32_block_13,temporal_block,15.0,0.17359901084317134,0
330034-32,2025-02-25 10:32:24.020000+00:00,not_walking,0,random_forest,13,330034-32_block_13,temporal_block,15.0,0.13543927828646007,0
330034-32,2025-02-25 10:32:25.020000+00:00,not_walking,0,random_forest,13,330034-32_block_13,temporal_block,15.0,0.10392845729893428,0
330034-32,2025-02-25 10:32:26.020000+00:00,not_walking,0,random_forest,13,330034-32_block_13,temporal_block,15.0,0.11292042844752509,0
330034-32,2025-02-25 10:32:27.020000+00:00,not_walking,0,random_forest,13,330034-32_block_13,temporal_block,15.0,0.11474716949408116,0
330034-32,2025-02-25 10:32:28.020000+00:00,not_walking,0,random_forest,13,330034-32_block_13,temporal_block,15.0,0.12736101186747398,0
330034-32,2025-02-25 10:32:29.020000+00:00,not_walking,0,random_forest,13,330034-32_block_13,temporal_block,15.0,0.4112180496601354,0
47046344M-104,2024-10-15 07:28:59.010000+00:00,not_walking,0,random_forest,14,47046344M-104_block_14,temporal_block,15.0,0.7789116758202076,1
47046344M-104,2024-10-15 07:29:00.010000+00:00,not_walking,0,random_forest,14,47046344M-104_block_14,temporal_block,15.0,0.7810916315364518,1
47046344M-104,2024-10-15 07:29:01.010000+00:00,not_walking,0,random_forest,14,47046344M-104_block_14,temporal_block,15.0,0.6860398582764617,1
47046344M-104,2024-10-15 07:29:02.010000+00:00,not_walking,0,random_forest,14,47046344M-104_block_14,temporal_block,15.0,0.6902716551455867,1
47046344M-104,2024-10-15 07:29:03.010000+00:00,not_walking,0,random_forest,14,47046344M-104_block_14,temporal_block,15.0,0.7905867867966686,1
47046344M-104,2024-10-15 07:29:04.010000+00:00,not_walking,0,random_forest,14,47046344M-104_block_14,temporal_block,15.0,0.7709120781638427,1
47046344M-104,2024-10-15 07:29:05.010000+00:00,not_walking,0,random_forest,14,47046344M-104_block_14,temporal_block,15.0,0.741380365872873,1
47046344M-104,2024-10-15 07:29:06.010000+00:00,not_walking,0,random_forest,14,47046344M-104_block_14,temporal_block,15.0,0.786349836569362,1
47046344M-104,2024-10-15 07:29:07.010000+00:00,not_walking,0,random_forest,14,47046344M-104_block_14,temporal_block,15.0,0.7553895349804505,1
47046344M-104,2024-10-15 07:29:08.010000+00:00,not_walking,0,random_forest,14,47046344M-104_block_14,temporal_block,15.0,0.7680716252322584,1
47046344M-104,2024-10-15 07:29:09.010000+00:00,not_walking,0,random_forest,14,47046344M-104_block_14,temporal_block,15.0,0.7872775047426789,1
47046344M-104,2024-10-15 07:29:10.010000+00:00,not_walking,0,random_forest,14,47046344M-104_block_14,temporal_block,15.0,0.7056669790662132,1
47046344M-104,2024-10-15 07:29:11.010000+00:00,not_walking,0,random_forest,14,47046344M-104_block_14,temporal_block,15.0,0.8006217114001545,1
47046344M-104,2024-10-15 07:29:12.010000+00:00,not_walking,0,random_forest,14,47046344M-104_block_14,temporal_block,15.0,0.8143986970792606,1
47046344M-104,2024-10-15 07:29:13.010000+00:00,not_walking,0,random_forest,14,47046344M-104_block_14,temporal_block,15.0,0.7883368725993198,1
47046344M-104,2024-10-15 07:29:14.010000+00:00,not_walking,0,random_forest,14,47046344M-104_block_14,temporal_block,15.0,0.8112259377954394,1
47046344M-104,2024-10-15 07:29:15.010000+00:00,not_walking,0,random_forest,14,47046344M-104_block_14,temporal_block,15.0,0.8126919567631093,1
47046344M-104,2024-10-15 07:29:16.010000+00:00,not_walking,0,random_forest,14,47046344M-104_block_14,temporal_block,15.0,0.7683145264460147,1
47046344M-104,2024-10-15 07:29:17.010000+00:00,not_walking,0,random_forest,14,47046344M-104_block_14,temporal_block,15.0,0.7770444132184005,1
47046344M-104,2024-10-15 07:29:18.010000+00:00,not_walking,0,random_forest,14,47046344M-104_block_14,temporal_block,15.0,0.8030620413972732,1
47046344M-104,2024-10-15 07:29:19.010000+00:00,not_walking,0,random_forest,14,47046344M-104_block_14,temporal_block,15.0,0.7197253801347439,1
47046344M-104,2024-10-15 07:29:20.010000+00:00,not_walking,0,random_forest,14,47046344M-104_block_14,temporal_block,15.0,0.7200646506105957,1
47046344M-104,2024-10-15 07:29:21.010000+00:00,not_walking,0,random_forest,14,47046344M-104_block_14,temporal_block,15.0,0.7669182379939888,1
47046344M-104,2024-10-15 07:29:22.010000+00:00,not_walking,0,random_forest,14,47046344M-104_block_14,temporal_block,15.0,0.7993561818893871,1
47046344M-104,2024-10-15 07:29:23.010000+00:00,not_walking,0,random_forest,14,47046344M-104_block_14,temporal_block,15.0,0.7394112819493291,1
47046344M-104,2024-10-15 07:29:24.010000+00:00,not_walking,0,random_forest,14,47046344M-104_block_14,temporal_block,15.0,0.7810976708218976,1
47046344M-104,2024-10-15 07:29:25.010000+00:00,not_walking,0,random_forest,14,47046344M-104_block_14,temporal_block,15.0,0.7955427744343233,1
47046344M-104,2024-10-15 07:29:26.010000+00:00,not_walking,0,random_forest,14,47046344M-104_block_14,temporal_block,15.0,0.7636935747018002,1
47046344M-104,2024-10-15 07:29:27.010000+00:00,not_walking,0,random_forest,14,47046344M-104_block_14,temporal_block,15.0,0.7756775291617697,1
47046344M-104,2024-10-15 07:29:28.010000+00:00,not_walking,0,random_forest,14,47046344M-104_block_14,temporal_block,15.0,0.8030679378932042,1
47046344M-104,2024-10-15 07:29:29.010000+00:00,not_walking,0,random_forest,14,47046344M-104_block_14,temporal_block,15.0,0.8042513528149006,1
47046344M-104,2024-10-15 07:29:30.010000+00:00,not_walking,0,random_forest,14,47046344M-104_block_14,temporal_block,15.0,0.7740200631997728,1
47046344M-104,2024-10-15 07:29:31.010000+00:00,not_walking,0,random_forest,14,47046344M-104_block_14,temporal_block,15.0,0.7831191721403401,1
47046344M-104,2024-10-15 07:29:32.010000+00:00,not_walking,0,random_forest,14,47046344M-104_block_14,temporal_block,15.0,0.759000100820485,1
47046344M-104,2024-10-15 07:29:33.010000+00:00,not_walking,0,random_forest,14,47046344M-104_block_14,temporal_block,15.0,0.8019509063161693,1
47046344M-104,2024-10-15 07:29:34.010000+00:00,not_walking,0,random_forest,14,47046344M-104_block_14,temporal_block,15.0,0.7363352324757595,1
47046344M-104,2024-10-15 07:29:35.010000+00:00,not_walking,0,random_forest,14,47046344M-104_block_14,temporal_block,15.0,0.8173474591038244,1
47046344M-104,2024-10-15 07:29:36.010000+00:00,not_walking,0,random_forest,14,47046344M-104_block_14,temporal_block,15.0,0.7918556952859803,1
47046344M-104,2024-10-15 07:29:37.010000+00:00,not_walking,0,random_forest,14,47046344M-104_block_14,temporal_block,15.0,0.7626476955941082,1
47046344M-104,2024-10-15 07:29:38.010000+00:00,not_walking,0,random_forest,14,47046344M-104_block_14,temporal_block,15.0,0.7238287552385173,1
47046344M-104,2024-10-15 07:29:39.010000+00:00,not_walking,0,random_forest,14,47046344M-104_block_14,temporal_block,15.0,0.8104584326608429,1
47046344M-104,2024-10-15 07:29:40.010000+00:00,not_walking,0,random_forest,14,47046344M-104_block_14,temporal_block,15.0,0.7867644509841157,1
47046344M-104,2024-10-15 07:29:41.010000+00:00,not_walking,0,random_forest,14,47046344M-104_block_14,temporal_block,15.0,0.762806247405599,1
47046344M-104,2024-10-15 07:29:42.010000+00:00,not_walking,0,random_forest,14,47046344M-104_block_14,temporal_block,15.0,0.7829816644183164,1
47046344M-104,2024-10-15 07:29:43.010000+00:00,not_walking,0,random_forest,14,47046344M-104_block_14,temporal_block,15.0,0.8057097847822456,1
47046344M-104,2024-10-15 07:29:44.010000+00:00,not_walking,0,random_forest,14,47046344M-104_block_14,temporal_block,15.0,0.7853580707705666,1
47046344M-104,2024-10-15 07:29:45.010000+00:00,not_walking,0,random_forest,14,47046344M-104_block_14,temporal_block,15.0,0.7877317478625692,1
47046344M-104,2024-10-15 07:29:46.010000+00:00,not_walking,0,random_forest,14,47046344M-104_block_14,temporal_block,15.0,0.8096419715451887,1
47046344M-104,2024-10-15 07:29:47.010000+00:00,not_walking,0,random_forest,14,47046344M-104_block_14,temporal_block,15.0,0.7995019194683696,1
47046344M-104,2024-10-15 07:29:48.010000+00:00,not_walking,0,random_forest,14,47046344M-104_block_14,temporal_block,15.0,0.7597308833573542,1
47046344M-104,2024-10-15 07:29:49.010000+00:00,not_walking,0,random_forest,14,47046344M-104_block_14,temporal_block,15.0,0.7601403047035696,1
47046344M-104,2024-10-15 07:29:50.010000+00:00,not_walking,0,random_forest,14,47046344M-104_block_14,temporal_block,15.0,0.8089576822354261,1
47046344M-104,2024-10-15 07:29:51.010000+00:00,not_walking,0,random_forest,14,47046344M-104_block_14,temporal_block,15.0,0.7822872335048972,1
47046344M-104,2024-10-15 07:29:52.010000+00:00,not_walking,0,random_forest,14,47046344M-104_block_14,temporal_block,15.0,0.7772303393546903,1
47046344M-104,2024-10-15 07:29:53.010000+00:00,not_walking,0,random_forest,14,47046344M-104_block_14,temporal_block,15.0,0.7865211670602645,1
47046344M-104,2024-10-15 07:29:54.010000+00:00,not_walking,0,random_forest,14,47046344M-104_block_14,temporal_block,15.0,0.7799142251232545,1
47046344M-104,2024-10-15 07:29:55.010000+00:00,not_walking,0,random_forest,14,47046344M-104_block_14,temporal_block,15.0,0.8059181127212158,1
47046344M-104,2024-10-15 07:29:56.010000+00:00,not_walking,0,random_forest,14,47046344M-104_block_14,temporal_block,15.0,0.7062836886499982,1
47046344M-104,2024-10-15 07:29:57.010000+00:00,not_walking,0,random_forest,14,47046344M-104_block_14,temporal_block,15.0,0.8069691055258935,1
47046344M-104,2024-10-15 07:29:58.010000+00:00,not_walking,0,random_forest,14,47046344M-104_block_14,temporal_block,15.0,0.8133796064322947,1
47046344M-104,2024-10-15 07:30:03.010000+00:00,walking,1,random_forest,14,47046344M-104_block_14,temporal_block,15.0,0.8056429032124048,1
47046344M-104,2024-10-15 07:30:04.010000+00:00,walking,1,random_forest,14,47046344M-104_block_14,temporal_block,15.0,0.8127496100511999,1
47046344M-104,2024-10-15 07:30:05.010000+00:00,walking,1,random_forest,14,47046344M-104_block_14,temporal_block,15.0,0.8647010321848184,1
47046344M-104,2024-10-15 07:30:06.010000+00:00,walking,1,random_forest,14,47046344M-104_block_14,temporal_block,15.0,0.8357395536589373,1
47046344M-104,2024-10-15 07:30:07.010000+00:00,walking,1,random_forest,14,47046344M-104_block_14,temporal_block,15.0,0.84804195778231,1
47046344M-104,2024-10-15 07:30:08.010000+00:00,walking,1,random_forest,14,47046344M-104_block_14,temporal_block,15.0,0.8606571462652389,1
47046344M-104,2024-10-15 07:30:09.010000+00:00,walking,1,random_forest,14,47046344M-104_block_14,temporal_block,15.0,0.8479148707471501,1
47046344M-104,2024-10-15 07:30:10.010000+00:00,walking,1,random_forest,14,47046344M-104_block_14,temporal_block,15.0,0.8559533265155814,1
47046344M-104,2024-10-15 07:30:11.010000+00:00,walking,1,random_forest,14,47046344M-104_block_14,temporal_block,15.0,0.8318048838048548,1
47046344M-104,2024-10-15 07:30:12.010000+00:00,walking,1,random_forest,14,47046344M-104_block_14,temporal_block,15.0,0.8518077538739707,1
47046344M-104,2024-10-15 07:30:13.010000+00:00,walking,1,random_forest,14,47046344M-104_block_14,temporal_block,15.0,0.8579695486654939,1
47046344M-104,2024-10-15 07:30:14.010000+00:00,walking,1,random_forest,14,47046344M-104_block_14,temporal_block,15.0,0.8577402588514133,1
47046344M-104,2024-10-15 07:30:17.010000+00:00,not_walking,0,random_forest,14,47046344M-104_block_14,temporal_block,15.0,0.8416877480313348,1
47046344M-104,2024-10-15 07:30:18.010000+00:00,not_walking,0,random_forest,14,47046344M-104_block_14,temporal_block,15.0,0.8468413563406921,1
47046344M-104,2024-10-15 07:30:19.010000+00:00,not_walking,0,random_forest,14,47046344M-104_block_14,temporal_block,15.0,0.8185143944905321,1
47046344M-104,2024-10-15 07:30:20.010000+00:00,not_walking,0,random_forest,14,47046344M-104_block_14,temporal_block,15.0,0.80777708354788,1
47046344M-104,2024-10-15 07:30:21.010000+00:00,not_walking,0,random_forest,14,47046344M-104_block_14,temporal_block,15.0,0.8435629038551143,1
47046344M-104,2024-10-15 07:30:22.010000+00:00,not_walking,0,random_forest,14,47046344M-104_block_14,temporal_block,15.0,0.8438832682130218,1
47046344M-104,2024-10-15 07:30:23.010000+00:00,not_walking,0,random_forest,14,47046344M-104_block_14,temporal_block,15.0,0.809270832935879,1
47046344M-104,2024-10-15 07:30:24.010000+00:00,not_walking,0,random_forest,14,47046344M-104_block_14,temporal_block,15.0,0.8468922779929503,1
47046344M-104,2024-10-15 07:30:25.010000+00:00,not_walking,0,random_forest,14,47046344M-104_block_14,temporal_block,15.0,0.810225475001184,1
47046344M-104,2024-10-15 07:30:26.010000+00:00,not_walking,0,random_forest,14,47046344M-104_block_14,temporal_block,15.0,0.806023427711957,1
47046344M-104,2024-10-15 07:30:27.010000+00:00,not_walking,0,random_forest,14,47046344M-104_block_14,temporal_block,15.0,0.8445189850622515,1
47046344M-104,2024-10-15 07:30:28.010000+00:00,not_walking,0,random_forest,14,47046344M-104_block_14,temporal_block,15.0,0.8458616757237742,1
47046344M-104,2024-10-15 07:30:29.010000+00:00,not_walking,0,random_forest,14,47046344M-104_block_14,temporal_block,15.0,0.8013337373779023,1
47046344M-104,2024-10-15 07:30:30.010000+00:00,not_walking,0,random_forest,14,47046344M-104_block_14,temporal_block,15.0,0.8167023973729245,1
47046344M-104,2024-10-15 07:30:31.010000+00:00,not_walking,0,random_forest,14,47046344M-104_block_14,temporal_block,15.0,0.8460239343967877,1
47046344M-104,2024-10-15 07:30:32.010000+00:00,not_walking,0,random_forest,14,47046344M-104_block_14,temporal_block,15.0,0.8416138202378307,1
47046344M-104,2024-10-15 07:30:33.010000+00:00,not_walking,0,random_forest,14,47046344M-104_block_14,temporal_block,15.0,0.8176135712273083,1
47046344M-104,2024-10-15 07:30:34.010000+00:00,not_walking,0,random_forest,14,47046344M-104_block_14,temporal_block,15.0,0.7990948238104437,1
47046344M-104,2024-10-15 07:30:35.010000+00:00,not_walking,0,random_forest,14,47046344M-104_block_14,temporal_block,15.0,0.833747676684676,1
47046344M-104,2024-10-15 07:30:36.010000+00:00,not_walking,0,random_forest,14,47046344M-104_block_14,temporal_block,15.0,0.8432590487628765,1
47046344M-104,2024-10-15 07:30:37.010000+00:00,not_walking,0,random_forest,14,47046344M-104_block_14,temporal_block,15.0,0.8431923481137026,1
47046344M-104,2024-10-15 07:30:38.010000+00:00,not_walking,0,random_forest,14,47046344M-104_block_14,temporal_block,15.0,0.8175281859035647,1
47046344M-104,2024-10-15 07:30:39.010000+00:00,not_walking,0,random_forest,14,47046344M-104_block_14,temporal_block,15.0,0.8026779901756801,1
47046344M-104,2024-10-15 07:30:40.010000+00:00,not_walking,0,random_forest,14,47046344M-104_block_14,temporal_block,15.0,0.8451997226264149,1
47046344M-104,2024-10-15 07:30:41.010000+00:00,not_walking,0,random_forest,14,47046344M-104_block_14,temporal_block,15.0,0.8496598167367588,1
47046344M-104,2024-10-15 07:30:42.010000+00:00,not_walking,0,random_forest,14,47046344M-104_block_14,temporal_block,15.0,0.8401240825978917,1
47046344M-104,2024-10-15 07:30:43.010000+00:00,not_walking,0,random_forest,14,47046344M-104_block_14,temporal_block,15.0,0.8103013579350745,1
47046344M-104,2024-10-15 07:30:44.010000+00:00,not_walking,0,random_forest,14,47046344M-104_block_14,temporal_block,15.0,0.8021680696396958,1
47046344M-104,2024-10-15 07:30:45.010000+00:00,not_walking,0,random_forest,14,47046344M-104_block_14,temporal_block,15.0,0.8051684801916458,1
47046344M-104,2024-10-15 07:30:46.010000+00:00,not_walking,0,random_forest,14,47046344M-104_block_14,temporal_block,15.0,0.8004331098569314,1
47046344M-104,2024-10-15 07:30:47.010000+00:00,not_walking,0,random_forest,14,47046344M-104_block_14,temporal_block,15.0,0.8436915270016141,1
47046344M-104,2024-10-15 07:30:48.010000+00:00,not_walking,0,random_forest,14,47046344M-104_block_14,temporal_block,15.0,0.8477447029791199,1
47046344M-104,2024-10-15 07:30:49.010000+00:00,not_walking,0,random_forest,14,47046344M-104_block_14,temporal_block,15.0,0.8461388562404749,1
47046344M-104,2024-10-15 07:30:50.010000+00:00,not_walking,0,random_forest,14,47046344M-104_block_14,temporal_block,15.0,0.8051816715378454,1
47046344M-104,2024-10-15 07:30:51.010000+00:00,not_walking,0,random_forest,14,47046344M-104_block_14,temporal_block,15.0,0.8466800181810771,1
47046344M-104,2024-10-15 07:30:52.010000+00:00,not_walking,0,random_forest,14,47046344M-104_block_14,temporal_block,15.0,0.803845689035984,1
47046344M-104,2024-10-15 07:30:53.010000+00:00,not_walking,0,random_forest,14,47046344M-104_block_14,temporal_block,15.0,0.7991956480316144,1
47046344M-104,2024-10-15 07:30:54.010000+00:00,not_walking,0,random_forest,14,47046344M-104_block_14,temporal_block,15.0,0.8379964359786147,1
47046344M-104,2024-10-15 07:30:55.010000+00:00,not_walking,0,random_forest,14,47046344M-104_block_14,temporal_block,15.0,0.8395996914689772,1
47046344M-104,2024-10-15 07:30:56.010000+00:00,not_walking,0,random_forest,14,47046344M-104_block_14,temporal_block,15.0,0.8401319256520874,1
47046344M-104,2024-10-15 07:30:57.010000+00:00,not_walking,0,random_forest,14,47046344M-104_block_14,temporal_block,15.0,0.8089189419374724,1
47046344M-104,2024-10-15 07:30:58.010000+00:00,not_walking,0,random_forest,14,47046344M-104_block_14,temporal_block,15.0,0.7954336114843056,1
47046344M-104,2024-10-15 07:30:59.010000+00:00,not_walking,0,random_forest,14,47046344M-104_block_14,temporal_block,15.0,0.8380188095117891,1
47046344M-104,2024-10-15 07:31:00.010000+00:00,not_walking,0,random_forest,14,47046344M-104_block_14,temporal_block,15.0,0.8421580347832368,1
47046344M-104,2024-10-15 07:31:01.010000+00:00,not_walking,0,random_forest,14,47046344M-104_block_14,temporal_block,15.0,0.8335215088964231,1
47046344M-104,2024-10-15 07:31:02.010000+00:00,not_walking,0,random_forest,14,47046344M-104_block_14,temporal_block,15.0,0.8105315582050717,1
47046344M-104,2024-10-15 07:31:03.010000+00:00,not_walking,0,random_forest,14,47046344M-104_block_14,temporal_block,15.0,0.8446219783127791,1
47046344M-104,2024-10-15 07:31:04.010000+00:00,not_walking,0,random_forest,14,47046344M-104_block_14,temporal_block,15.0,0.7832601001328063,1
47046344M-104,2024-10-15 07:31:05.010000+00:00,not_walking,0,random_forest,14,47046344M-104_block_14,temporal_block,15.0,0.6740034674136303,1
47046344M-104,2024-10-15 07:31:06.010000+00:00,not_walking,0,random_forest,14,47046344M-104_block_14,temporal_block,15.0,0.8664042075241406,1
47046344M-104,2024-10-15 07:31:07.010000+00:00,not_walking,0,random_forest,14,47046344M-104_block_14,temporal_block,15.0,0.7383773319680632,1
47046344M-104,2024-10-15 07:31:08.010000+00:00,not_walking,0,random_forest,14,47046344M-104_block_14,temporal_block,15.0,0.8429701651473543,1
47046344M-104,2024-10-15 07:31:09.010000+00:00,not_walking,0,random_forest,14,47046344M-104_block_14,temporal_block,15.0,0.8366171596694728,1
47046344M-104,2024-10-15 07:31:10.010000+00:00,not_walking,0,random_forest,14,47046344M-104_block_14,temporal_block,15.0,0.8598959134285963,1
47046344M-104,2024-10-15 07:31:11.010000+00:00,not_walking,0,random_forest,14,47046344M-104_block_14,temporal_block,15.0,0.897448676978915,1
47046344M-104,2024-10-15 07:31:12.010000+00:00,not_walking,0,random_forest,14,47046344M-104_block_14,temporal_block,15.0,0.898585533528796,1
47046344M-104,2024-10-15 07:31:13.010000+00:00,not_walking,0,random_forest,14,47046344M-104_block_14,temporal_block,15.0,0.8987468053016028,1
47046344M-104,2024-10-15 07:31:14.010000+00:00,not_walking,0,random_forest,14,47046344M-104_block_14,temporal_block,15.0,0.897847208067533,1
47046344M-104,2024-10-15 07:31:15.010000+00:00,not_walking,0,random_forest,14,47046344M-104_block_14,temporal_block,15.0,0.898585533528796,1
47046344M-104,2024-10-15 07:31:16.010000+00:00,not_walking,0,random_forest,14,47046344M-104_block_14,temporal_block,15.0,0.8978952307376197,1
47046344M-104,2024-10-15 07:31:17.010000+00:00,not_walking,0,random_forest,14,47046344M-104_block_14,temporal_block,15.0,0.8987468053016028,1
47046344M-104,2024-10-15 07:31:18.010000+00:00,not_walking,0,random_forest,14,47046344M-104_block_14,temporal_block,15.0,0.8972125531973768,1
47046344M-104,2024-10-15 07:31:19.010000+00:00,not_walking,0,random_forest,14,47046344M-104_block_14,temporal_block,15.0,0.8987468053016028,1
47046344M-104,2024-10-15 07:31:20.010000+00:00,not_walking,0,random_forest,14,47046344M-104_block_14,temporal_block,15.0,0.8959203313729311,1
47046344M-104,2024-10-15 07:31:21.010000+00:00,not_walking,0,random_forest,14,47046344M-104_block_14,temporal_block,15.0,0.897847208067533,1
47046344M-104,2024-10-15 07:31:22.010000+00:00,not_walking,0,random_forest,14,47046344M-104_block_14,temporal_block,15.0,0.896493462265852,1
47046344M-104,2024-10-15 07:31:23.010000+00:00,not_walking,0,random_forest,14,47046344M-104_block_14,temporal_block,15.0,0.8978968425071396,1
47046344M-104,2024-10-15 07:31:24.010000+00:00,not_walking,0,random_forest,14,47046344M-104_block_14,temporal_block,15.0,0.8980126951572822,1
47046344M-104,2024-10-15 07:31:25.010000+00:00,not_walking,0,random_forest,14,47046344M-104_block_14,temporal_block,15.0,0.89739836193249,1
47046344M-104,2024-10-15 07:31:26.010000+00:00,not_walking,0,random_forest,14,47046344M-104_block_14,temporal_block,15.0,0.8942085520736951,1
47046344M-104,2024-10-15 07:31:27.010000+00:00,not_walking,0,random_forest,14,47046344M-104_block_14,temporal_block,15.0,0.8904126622022109,1
47046344M-104,2024-10-15 07:31:28.010000+00:00,not_walking,0,random_forest,14,47046344M-104_block_14,temporal_block,15.0,0.8849137039952711,1
47046344M-104,2024-10-15 07:31:29.010000+00:00,not_walking,0,random_forest,14,47046344M-104_block_14,temporal_block,15.0,0.884057587798153,1
47046344M-104,2024-10-15 07:31:30.010000+00:00,not_walking,0,random_forest,14,47046344M-104_block_14,temporal_block,15.0,0.8966764822604889,1
47046344M-104,2024-10-15 07:31:31.010000+00:00,not_walking,0,random_forest,14,47046344M-104_block_14,temporal_block,15.0,0.8852205609178709,1
47046344M-104,2024-10-15 07:31:32.010000+00:00,not_walking,0,random_forest,14,47046344M-104_block_14,temporal_block,15.0,0.868475751263155,1
47046344M-104,2024-10-15 07:31:33.010000+00:00,not_walking,0,random_forest,14,47046344M-104_block_14,temporal_block,15.0,0.8664284845279485,1
47046344M-104,2024-10-15 07:31:34.010000+00:00,not_walking,0,random_forest,14,47046344M-104_block_14,temporal_block,15.0,0.8666545790982659,1
47046344M-104,2024-10-15 07:31:35.010000+00:00,not_walking,0,random_forest,14,47046344M-104_block_14,temporal_block,15.0,0.8875644535890844,1
47046344M-104,2024-10-15 07:31:36.010000+00:00,not_walking,0,random_forest,14,47046344M-104_block_14,temporal_block,15.0,0.8597230376039511,1
47046344M-104,2024-10-15 07:31:37.010000+00:00,not_walking,0,random_forest,14,47046344M-104_block_14,temporal_block,15.0,0.8858148516563537,1
47046344M-104,2024-10-15 07:31:38.010000+00:00,not_walking,0,random_forest,14,47046344M-104_block_14,temporal_block,15.0,0.854567983690218,1
47046344M-104,2024-10-15 07:31:39.010000+00:00,not_walking,0,random_forest,14,47046344M-104_block_14,temporal_block,15.0,0.8862609780930942,1
47046344M-104,2024-10-15 07:31:40.010000+00:00,not_walking,0,random_forest,14,47046344M-104_block_14,temporal_block,15.0,0.7963429997494192,1
47046344M-104,2024-10-15 07:31:41.010000+00:00,not_walking,0,random_forest,14,47046344M-104_block_14,temporal_block,15.0,0.8801430008561152,1
47046344M-104,2024-10-15 07:31:42.010000+00:00,not_walking,0,random_forest,14,47046344M-104_block_14,temporal_block,15.0,0.8716782443836066,1
47046344M-104,2024-10-15 07:31:43.010000+00:00,not_walking,0,random_forest,14,47046344M-104_block_14,temporal_block,15.0,0.8855109319525302,1
47046344M-104,2024-10-15 07:31:44.010000+00:00,not_walking,0,random_forest,14,47046344M-104_block_14,temporal_block,15.0,0.8837054365544926,1
47046344M-104,2024-10-15 07:31:45.010000+00:00,not_walking,0,random_forest,14,47046344M-104_block_14,temporal_block,15.0,0.8809054181508458,1
47046344M-104,2024-10-15 07:31:46.010000+00:00,not_walking,0,random_forest,14,47046344M-104_block_14,temporal_block,15.0,0.8009903932742075,1
47046344M-104,2024-10-15 07:31:47.010000+00:00,not_walking,0,random_forest,14,47046344M-104_block_14,temporal_block,15.0,0.8826517568223604,1
47046344M-104,2024-10-15 07:31:48.010000+00:00,not_walking,0,random_forest,14,47046344M-104_block_14,temporal_block,15.0,0.888918810381526,1
47046344M-104,2024-10-15 07:31:49.010000+00:00,not_walking,0,random_forest,14,47046344M-104_block_14,temporal_block,15.0,0.8307231908782127,1
47046344M-104,2024-10-15 07:31:55.020000+00:00,walking,1,random_forest,15,47046344M-104_block_15,temporal_block,15.0,0.523928640516699,1
47046344M-104,2024-10-15 07:31:56.020000+00:00,walking,1,random_forest,15,47046344M-104_block_15,temporal_block,15.0,0.4900372594851485,0
47046344M-104,2024-10-15 07:31:57.020000+00:00,walking,1,random_forest,15,47046344M-104_block_15,temporal_block,15.0,0.2639269557235093,0
47046344M-104,2024-10-15 07:31:58.020000+00:00,walking,1,random_forest,15,47046344M-104_block_15,temporal_block,15.0,0.48045105808790073,0
47046344M-104,2024-10-15 07:31:59.020000+00:00,walking,1,random_forest,15,47046344M-104_block_15,temporal_block,15.0,0.3758091752331536,0
47046344M-104,2024-10-15 07:32:00.020000+00:00,walking,1,random_forest,15,47046344M-104_block_15,temporal_block,15.0,0.3307313060918106,0
47046344M-104,2024-10-15 07:32:01.020000+00:00,walking,1,random_forest,15,47046344M-104_block_15,temporal_block,15.0,0.3228637434803223,0
47046344M-104,2024-10-15 07:32:02.020000+00:00,walking,1,random_forest,15,47046344M-104_block_15,temporal_block,15.0,0.3672368564556349,0
47046344M-104,2024-10-15 07:32:03.020000+00:00,walking,1,random_forest,15,47046344M-104_block_15,temporal_block,15.0,0.2511160207985642,0
47046344M-104,2024-10-15 07:32:04.020000+00:00,walking,1,random_forest,15,47046344M-104_block_15,temporal_block,15.0,0.2730907818380218,0
47046344M-104,2024-10-15 07:32:05.020000+00:00,walking,1,random_forest,15,47046344M-104_block_15,temporal_block,15.0,0.2588943317849037,0
47046344M-104,2024-10-15 07:32:06.020000+00:00,walking,1,random_forest,15,47046344M-104_block_15,temporal_block,15.0,0.25774063159507626,0
47046344M-104,2024-10-15 07:32:07.020000+00:00,walking,1,random_forest,15,47046344M-104_block_15,temporal_block,15.0,0.277196668421603,0
47046344M-104,2024-10-15 07:32:08.020000+00:00,walking,1,random_forest,15,47046344M-104_block_15,temporal_block,15.0,0.20599167550488848,0
47046344M-104,2024-10-15 07:32:09.020000+00:00,walking,1,random_forest,15,47046344M-104_block_15,temporal_block,15.0,0.2142261224758714,0
47046344M-104,2024-10-15 07:32:10.020000+00:00,walking,1,random_forest,15,47046344M-104_block_15,temporal_block,15.0,0.18973037824151442,0
47046344M-104,2024-10-15 07:32:11.020000+00:00,walking,1,random_forest,15,47046344M-104_block_15,temporal_block,15.0,0.18663739164369242,0
47046344M-104,2024-10-15 07:32:12.020000+00:00,walking,1,random_forest,15,47046344M-104_block_15,temporal_block,15.0,0.1848831157635944,0
47046344M-104,2024-10-15 07:32:13.020000+00:00,walking,1,random_forest,15,47046344M-104_block_15,temporal_block,15.0,0.2201435934005977,0
47046344M-104,2024-10-15 07:32:14.020000+00:00,walking,1,random_forest,15,47046344M-104_block_15,temporal_block,15.0,0.23176579142686582,0
47046344M-104,2024-10-15 07:32:15.020000+00:00,walking,1,random_forest,15,47046344M-104_block_15,temporal_block,15.0,0.2518984410518652,0
47046344M-104,2024-10-15 07:32:16.020000+00:00,walking,1,random_forest,15,47046344M-104_block_15,temporal_block,15.0,0.22316575893946725,0
47046344M-104,2024-10-15 07:32:17.020000+00:00,walking,1,random_forest,15,47046344M-104_block_15,temporal_block,15.0,0.22717392409592502,0
47046344M-104,2024-10-15 07:32:18.020000+00:00,walking,1,random_forest,15,47046344M-104_block_15,temporal_block,15.0,0.21412266081078268,0
47046344M-104,2024-10-15 07:32:19.020000+00:00,walking,1,random_forest,15,47046344M-104_block_15,temporal_block,15.0,0.235605485190413,0
47046344M-104,2024-10-15 07:32:20.020000+00:00,walking,1,random_forest,15,47046344M-104_block_15,temporal_block,15.0,0.3147346791665205,0
47046344M-104,2024-10-15 07:32:21.020000+00:00,walking,1,random_forest,15,47046344M-104_block_15,temporal_block,15.0,0.42412157772856246,0
47046344M-104,2024-10-15 07:32:22.020000+00:00,walking,1,random_forest,15,47046344M-104_block_15,temporal_block,15.0,0.4604110946113251,0
47046344M-104,2024-10-15 07:32:23.020000+00:00,walking,1,random_forest,15,47046344M-104_block_15,temporal_block,15.0,0.4806005295075595,0
47046344M-104,2024-10-15 07:32:24.020000+00:00,walking,1,random_forest,15,47046344M-104_block_15,temporal_block,15.0,0.4561419098672543,0
47046344M-104,2024-10-15 07:32:25.020000+00:00,walking,1,random_forest,15,47046344M-104_block_15,temporal_block,15.0,0.44249787992455597,0
47046344M-104,2024-10-15 07:32:26.020000+00:00,walking,1,random_forest,15,47046344M-104_block_15,temporal_block,15.0,0.4511535290499694,0
47046344M-104,2024-10-15 07:32:27.020000+00:00,walking,1,random_forest,15,47046344M-104_block_15,temporal_block,15.0,0.4445183387255965,0
47046344M-104,2024-10-15 07:32:28.020000+00:00,walking,1,random_forest,15,47046344M-104_block_15,temporal_block,15.0,0.458938157224619,0
47046344M-104,2024-10-15 07:33:39.020000+00:00,walking,1,random_forest,16,47046344M-104_block_16,temporal_block,15.0,0.28427399653645374,0
47046344M-104,2024-10-15 07:33:40.020000+00:00,walking,1,random_forest,16,47046344M-104_block_16,temporal_block,15.0,0.28741214097881734,0
47046344M-104,2024-10-15 07:33:41.020000+00:00,walking,1,random_forest,16,47046344M-104_block_16,temporal_block,15.0,0.2859339720701759,0
47046344M-104,2024-10-15 07:33:42.020000+00:00,walking,1,random_forest,16,47046344M-104_block_16,temporal_block,15.0,0.2980169910898331,0
47046344M-104,2024-10-15 07:33:43.020000+00:00,walking,1,random_forest,16,47046344M-104_block_16,temporal_block,15.0,0.30158050553750226,0
47046344M-104,2024-10-15 07:33:44.020000+00:00,walking,1,random_forest,16,47046344M-104_block_16,temporal_block,15.0,0.29433292401566646,0
47046344M-104,2024-10-15 07:33:45.020000+00:00,walking,1,random_forest,16,47046344M-104_block_16,temporal_block,15.0,0.2908975038252955,0
47046344M-104,2024-10-15 07:33:46.020000+00:00,walking,1,random_forest,16,47046344M-104_block_16,temporal_block,15.0,0.30096545896802884,0
47046344M-104,2024-10-15 07:33:47.020000+00:00,walking,1,random_forest,16,47046344M-104_block_16,temporal_block,15.0,0.29458755331681774,0
47046344M-104,2024-10-15 07:33:48.020000+00:00,walking,1,random_forest,16,47046344M-104_block_16,temporal_block,15.0,0.29611563503588734,0
47046344M-104,2024-10-15 07:33:49.020000+00:00,walking,1,random_forest,16,47046344M-104_block_16,temporal_block,15.0,0.28659228934762787,0
47046344M-104,2024-10-15 07:33:50.020000+00:00,walking,1,random_forest,16,47046344M-104_block_16,temporal_block,15.0,0.3026512583231161,0
47046344M-104,2024-10-15 07:33:51.020000+00:00,walking,1,random_forest,16,47046344M-104_block_16,temporal_block,15.0,0.2903111105357968,0
47046344M-104,2024-10-15 07:33:52.020000+00:00,walking,1,random_forest,16,47046344M-104_block_16,temporal_block,15.0,0.2930152742832358,0
47046344M-104,2024-10-15 07:33:53.020000+00:00,walking,1,random_forest,16,47046344M-104_block_16,temporal_block,15.0,0.3077696826614973,0
47046344M-104,2024-10-15 07:33:54.020000+00:00,walking,1,random_forest,16,47046344M-104_block_16,temporal_block,15.0,0.3058863852763531,0
47046344M-104,2024-10-15 07:33:55.020000+00:00,walking,1,random_forest,16,47046344M-104_block_16,temporal_block,15.0,0.30219691550966554,0
47046344M-104,2024-10-15 07:33:56.020000+00:00,walking,1,random_forest,16,47046344M-104_block_16,temporal_block,15.0,0.304224904137986,0
47046344M-104,2024-10-15 07:33:57.020000+00:00,walking,1,random_forest,16,47046344M-104_block_16,temporal_block,15.0,0.3048617904194649,0
47046344M-104,2024-10-15 07:33:58.020000+00:00,walking,1,random_forest,16,47046344M-104_block_16,temporal_block,15.0,0.29694411090458034,0
47046344M-104,2024-10-15 07:33:59.020000+00:00,walking,1,random_forest,16,47046344M-104_block_16,temporal_block,15.0,0.2955081105800432,0
47046344M-104,2024-10-15 07:34:00.020000+00:00,walking,1,random_forest,16,47046344M-104_block_16,temporal_block,15.0,0.30123991702844316,0
47046344M-104,2024-10-15 07:34:01.020000+00:00,walking,1,random_forest,16,47046344M-104_block_16,temporal_block,15.0,0.25552626935918793,0
47046344M-104,2024-10-15 07:34:02.020000+00:00,walking,1,random_forest,16,47046344M-104_block_16,temporal_block,15.0,0.3770098444631299,0
47046344M-104,2024-10-15 07:34:03.020000+00:00,walking,1,random_forest,16,47046344M-104_block_16,temporal_block,15.0,0.47519042046609183,0
47046344M-104,2024-10-15 07:34:04.020000+00:00,walking,1,random_forest,16,47046344M-104_block_16,temporal_block,15.0,0.4320128032109805,0
47046344M-104,2024-10-15 07:34:05.020000+00:00,walking,1,random_forest,16,47046344M-104_block_16,temporal_block,15.0,0.41182793353217784,0
47046344M-104,2024-10-15 07:34:06.020000+00:00,walking,1,random_forest,16,47046344M-104_block_16,temporal_block,15.0,0.37769509126617834,0
47046344M-104,2024-10-15 07:34:07.020000+00:00,walking,1,random_forest,16,47046344M-104_block_16,temporal_block,15.0,0.29940142788352025,0
47046344M-104,2024-10-15 07:34:08.020000+00:00,walking,1,random_forest,16,47046344M-104_block_16,temporal_block,15.0,0.2982056548460897,0
47046344M-104,2024-10-15 07:34:09.020000+00:00,walking,1,random_forest,16,47046344M-104_block_16,temporal_block,15.0,0.31228664865943107,0
47046344M-104,2024-10-15 07:34:10.020000+00:00,walking,1,random_forest,16,47046344M-104_block_16,temporal_block,15.0,0.31069457664107814,0
47046344M-104,2024-10-15 07:34:11.020000+00:00,walking,1,random_forest,16,47046344M-104_block_16,temporal_block,15.0,0.32613696535649633,0
47046344M-104,2024-10-15 07:34:12.020000+00:00,walking,1,random_forest,16,47046344M-104_block_16,temporal_block,15.0,0.3339672832106508,0
47046344M-104,2024-10-15 07:34:13.020000+00:00,walking,1,random_forest,16,47046344M-104_block_16,temporal_block,15.0,0.31586581813517917,0
47046344M-104,2024-10-15 07:34:14.020000+00:00,walking,1,random_forest,16,47046344M-104_block_16,temporal_block,15.0,0.3362410673696557,0
47046344M-104,2024-10-15 07:34:15.020000+00:00,walking,1,random_forest,16,47046344M-104_block_16,temporal_block,15.0,0.3287281259297677,0
47046344M-104,2024-10-15 07:34:16.020000+00:00,walking,1,random_forest,16,47046344M-104_block_16,temporal_block,15.0,0.3350861128593192,0
47046344M-104,2024-10-15 07:34:17.020000+00:00,walking,1,random_forest,16,47046344M-104_block_16,temporal_block,15.0,0.33353838640006545,0
47046344M-104,2024-10-15 07:34:18.020000+00:00,walking,1,random_forest,16,47046344M-104_block_16,temporal_block,15.0,0.3454014524368315,0
47046344M-104,2024-10-15 07:34:19.020000+00:00,walking,1,random_forest,16,47046344M-104_block_16,temporal_block,15.0,0.32383317029243874,0
47046344M-104,2024-10-15 07:34:20.020000+00:00,walking,1,random_forest,16,47046344M-104_block_16,temporal_block,15.0,0.330081148192838,0
47046344M-104,2024-10-15 07:34:21.020000+00:00,walking,1,random_forest,16,47046344M-104_block_16,temporal_block,15.0,0.3400508361764844,0
47046344M-104,2024-10-15 07:34:22.020000+00:00,walking,1,random_forest,16,47046344M-104_block_16,temporal_block,15.0,0.31800006057968844,0
47046344M-104,2024-10-15 07:34:23.020000+00:00,walking,1,random_forest,16,47046344M-104_block_16,temporal_block,15.0,0.32880082719498954,0
47046344M-104,2024-10-15 07:34:24.020000+00:00,walking,1,random_forest,16,47046344M-104_block_16,temporal_block,15.0,0.30222176898689207,0
47046344M-104,2024-10-15 07:34:25.020000+00:00,walking,1,random_forest,16,47046344M-104_block_16,temporal_block,15.0,0.32817238459872766,0
47046344M-104,2024-10-15 07:34:26.020000+00:00,walking,1,random_forest,16,47046344M-104_block_16,temporal_block,15.0,0.3259497308857591,0
47046344M-104,2024-10-15 07:34:27.020000+00:00,walking,1,random_forest,16,47046344M-104_block_16,temporal_block,15.0,0.30768882949570414,0
47046344M-104,2024-10-15 07:34:28.020000+00:00,walking,1,random_forest,16,47046344M-104_block_16,temporal_block,15.0,0.3328912925820535,0
47046344M-104,2024-10-15 07:34:29.020000+00:00,walking,1,random_forest,16,47046344M-104_block_16,temporal_block,15.0,0.3171659026850295,0
47046344M-104,2024-10-15 07:34:30.020000+00:00,walking,1,random_forest,16,47046344M-104_block_16,temporal_block,15.0,0.3188731693853656,0
47046344M-104,2024-10-15 07:34:31.020000+00:00,walking,1,random_forest,16,47046344M-104_block_16,temporal_block,15.0,0.34879089014547365,0
47046344M-104,2024-10-15 07:34:32.020000+00:00,walking,1,random_forest,16,47046344M-104_block_16,temporal_block,15.0,0.31612030869671215,0
47046344M-104,2024-10-15 07:34:33.020000+00:00,walking,1,random_forest,16,47046344M-104_block_16,temporal_block,15.0,0.3298956656590644,0
47046344M-104,2024-10-15 07:34:34.020000+00:00,walking,1,random_forest,16,47046344M-104_block_16,temporal_block,15.0,0.3200052800734876,0
47046344M-104,2024-10-15 07:34:35.020000+00:00,walking,1,random_forest,16,47046344M-104_block_16,temporal_block,15.0,0.30681335875108723,0
47046344M-104,2024-10-15 07:34:36.020000+00:00,walking,1,random_forest,16,47046344M-104_block_16,temporal_block,15.0,0.3102115938327604,0
47046344M-104,2024-10-15 07:34:37.020000+00:00,walking,1,random_forest,16,47046344M-104_block_16,temporal_block,15.0,0.35260844922384094,0
47046344M-104,2024-10-15 07:34:38.020000+00:00,walking,1,random_forest,16,47046344M-104_block_16,temporal_block,15.0,0.3215855675540465,0
47046344M-104,2024-10-15 07:34:39.020000+00:00,walking,1,random_forest,16,47046344M-104_block_16,temporal_block,15.0,0.5016673327003562,1
47046344M-104,2024-10-15 07:34:40.020000+00:00,walking,1,random_forest,16,47046344M-104_block_16,temporal_block,15.0,0.6501998355394233,1
47046344M-104,2024-10-15 07:34:41.020000+00:00,walking,1,random_forest,16,47046344M-104_block_16,temporal_block,15.0,0.40648174799378,0
47046344M-104,2024-10-15 07:34:42.020000+00:00,walking,1,random_forest,16,47046344M-104_block_16,temporal_block,15.0,0.5779223622196187,1
47046344M-104,2024-10-15 07:34:43.020000+00:00,walking,1,random_forest,16,47046344M-104_block_16,temporal_block,15.0,0.4571319845178238,0
47046344M-104,2024-10-15 07:34:44.020000+00:00,walking,1,random_forest,16,47046344M-104_block_16,temporal_block,15.0,0.3119814154704604,0
47046344M-104,2024-10-15 07:34:45.020000+00:00,walking,1,random_forest,16,47046344M-104_block_16,temporal_block,15.0,0.3451804689978381,0
47046344M-104,2024-10-15 07:34:46.020000+00:00,walking,1,random_forest,16,47046344M-104_block_16,temporal_block,15.0,0.35639340988021256,0
47046344M-104,2024-10-15 07:34:47.020000+00:00,walking,1,random_forest,16,47046344M-104_block_16,temporal_block,15.0,0.340450589214364,0
47046344M-104,2024-10-15 07:34:48.020000+00:00,walking,1,random_forest,16,47046344M-104_block_16,temporal_block,15.0,0.3473828397199846,0
47046344M-104,2024-10-15 07:34:49.020000+00:00,walking,1,random_forest,16,47046344M-104_block_16,temporal_block,15.0,0.3374772478144906,0
47046344M-104,2024-10-15 07:34:50.020000+00:00,walking,1,random_forest,16,47046344M-104_block_16,temporal_block,15.0,0.3611476983143358,0
47046344M-104,2024-10-15 07:34:51.020000+00:00,walking,1,random_forest,16,47046344M-104_block_16,temporal_block,15.0,0.33162085219164616,0
47046344M-104,2024-10-15 07:34:52.020000+00:00,walking,1,random_forest,16,47046344M-104_block_16,temporal_block,15.0,0.34682778873631886,0
47046344M-104,2024-10-15 07:34:53.020000+00:00,walking,1,random_forest,16,47046344M-104_block_16,temporal_block,15.0,0.35057863528946204,0
47046344M-104,2024-10-15 07:34:54.020000+00:00,walking,1,random_forest,16,47046344M-104_block_16,temporal_block,15.0,0.34947270501198074,0
47046344M-104,2024-10-15 07:34:55.020000+00:00,walking,1,random_forest,16,47046344M-104_block_16,temporal_block,15.0,0.42743147272370285,0
47046344M-104,2024-10-15 07:34:56.020000+00:00,walking,1,random_forest,16,47046344M-104_block_16,temporal_block,15.0,0.5236061072907408,1
47046344M-104,2024-10-15 07:34:57.020000+00:00,walking,1,random_forest,16,47046344M-104_block_16,temporal_block,15.0,0.6496327626440745,1
47046344M-104,2024-10-15 07:34:58.020000+00:00,walking,1,random_forest,16,47046344M-104_block_16,temporal_block,15.0,0.6533030310626038,1
47046344M-104,2024-10-15 07:34:59.020000+00:00,walking,1,random_forest,16,47046344M-104_block_16,temporal_block,15.0,0.6908716347953918,1
47046344M-104,2024-10-15 07:35:00.020000+00:00,walking,1,random_forest,16,47046344M-104_block_16,temporal_block,15.0,0.523898901806816,1
47046344M-104,2024-10-15 07:35:01.020000+00:00,walking,1,random_forest,16,47046344M-104_block_16,temporal_block,15.0,0.3451567976965935,0
47046344M-104,2024-10-15 07:35:02.020000+00:00,walking,1,random_forest,16,47046344M-104_block_16,temporal_block,15.0,0.43141151728618166,0
47046344M-104,2024-10-15 07:35:03.020000+00:00,walking,1,random_forest,16,47046344M-104_block_16,temporal_block,15.0,0.5120639152461002,1
47046344M-104,2024-10-15 07:35:04.020000+00:00,walking,1,random_forest,16,47046344M-104_block_16,temporal_block,15.0,0.5730216445420516,1
47046344M-104,2024-10-15 07:35:05.020000+00:00,walking,1,random_forest,16,47046344M-104_block_16,temporal_block,15.0,0.5480191818746429,1
47046344M-104,2024-10-15 07:35:06.020000+00:00,walking,1,random_forest,16,47046344M-104_block_16,temporal_block,15.0,0.5786416571092332,1
47046344M-104,2024-10-15 07:35:07.020000+00:00,walking,1,random_forest,16,47046344M-104_block_16,temporal_block,15.0,0.6115626852442151,1
47046344M-104,2024-10-15 07:35:08.020000+00:00,walking,1,random_forest,16,47046344M-104_block_16,temporal_block,15.0,0.5529832991059034,1
47046344M-104,2024-10-15 07:35:09.020000+00:00,walking,1,random_forest,16,47046344M-104_block_16,temporal_block,15.0,0.625827801930919,1
47046344M-104,2024-10-15 07:35:10.020000+00:00,walking,1,random_forest,16,47046344M-104_block_16,temporal_block,15.0,0.5557574754771983,1
47046344M-104,2024-10-15 07:35:11.020000+00:00,walking,1,random_forest,16,47046344M-104_block_16,temporal_block,15.0,0.46529464996208747,0
47046344M-104,2024-10-15 07:35:12.020000+00:00,walking,1,random_forest,16,47046344M-104_block_16,temporal_block,15.0,0.47993626651195864,0
47046344M-104,2024-10-15 07:35:13.020000+00:00,walking,1,random_forest,16,47046344M-104_block_16,temporal_block,15.0,0.5535865980192702,1
47046344M-104,2024-10-15 07:35:14.020000+00:00,walking,1,random_forest,16,47046344M-104_block_16,temporal_block,15.0,0.5242240661056297,1
47046344M-104,2024-10-15 07:35:15.020000+00:00,walking,1,random_forest,16,47046344M-104_block_16,temporal_block,15.0,0.5193846051863971,1
47046344M-104,2024-10-15 07:35:16.020000+00:00,walking,1,random_forest,16,47046344M-104_block_16,temporal_block,15.0,0.5255582350557872,1
47046344M-104,2024-10-15 07:35:17.020000+00:00,walking,1,random_forest,16,47046344M-104_block_16,temporal_block,15.0,0.36104879293655456,0
47046344M-104,2024-10-15 07:35:18.020000+00:00,walking,1,random_forest,16,47046344M-104_block_16,temporal_block,15.0,0.5318344309646856,1
47046344M-104,2024-10-15 07:35:19.020000+00:00,walking,1,random_forest,16,47046344M-104_block_16,temporal_block,15.0,0.5183335681012216,1
47046344M-104,2024-10-15 07:35:20.020000+00:00,walking,1,random_forest,16,47046344M-104_block_16,temporal_block,15.0,0.5323038269786452,1
47046344M-104,2024-10-15 07:35:21.020000+00:00,walking,1,random_forest,16,47046344M-104_block_16,temporal_block,15.0,0.5464950007385456,1
47046344M-104,2024-10-15 07:35:22.020000+00:00,walking,1,random_forest,16,47046344M-104_block_16,temporal_block,15.0,0.5211486919898024,1
47046344M-104,2024-10-15 07:35:23.020000+00:00,walking,1,random_forest,16,47046344M-104_block_16,temporal_block,15.0,0.4721716007476862,0
47046344M-104,2024-10-15 07:35:24.020000+00:00,walking,1,random_forest,16,47046344M-104_block_16,temporal_block,15.0,0.5835475346603582,1
47046344M-104,2024-10-15 07:35:25.020000+00:00,walking,1,random_forest,16,47046344M-104_block_16,temporal_block,15.0,0.6668708904254393,1
47046344M-104,2024-10-15 07:35:26.020000+00:00,walking,1,random_forest,16,47046344M-104_block_16,temporal_block,15.0,0.5149681343736127,1
47046344M-104,2024-10-15 07:35:27.020000+00:00,walking,1,random_forest,16,47046344M-104_block_16,temporal_block,15.0,0.5378522981414148,1
47046344M-104,2024-10-15 07:35:28.020000+00:00,walking,1,random_forest,16,47046344M-104_block_16,temporal_block,15.0,0.5503123530126517,1
47046344M-104,2024-10-15 07:37:19.010000+00:00,walking,1,random_forest,17,47046344M-104_block_17,temporal_block,15.0,0.632252993318527,1
47046344M-104,2024-10-15 07:37:20.010000+00:00,walking,1,random_forest,17,47046344M-104_block_17,temporal_block,15.0,0.6471532638905235,1
47046344M-104,2024-10-15 07:37:21.010000+00:00,walking,1,random_forest,17,47046344M-104_block_17,temporal_block,15.0,0.6434719405554165,1
47046344M-104,2024-10-15 07:37:22.010000+00:00,walking,1,random_forest,17,47046344M-104_block_17,temporal_block,15.0,0.6455496623794327,1
47046344M-104,2024-10-15 07:37:23.010000+00:00,walking,1,random_forest,17,47046344M-104_block_17,temporal_block,15.0,0.6704880240432406,1
47046344M-104,2024-10-15 07:37:24.010000+00:00,walking,1,random_forest,17,47046344M-104_block_17,temporal_block,15.0,0.6651173034649225,1
47046344M-104,2024-10-15 07:37:25.010000+00:00,walking,1,random_forest,17,47046344M-104_block_17,temporal_block,15.0,0.6663597019276709,1
47046344M-104,2024-10-15 07:37:26.010000+00:00,walking,1,random_forest,17,47046344M-104_block_17,temporal_block,15.0,0.6514916532714706,1
47046344M-104,2024-10-15 07:37:27.010000+00:00,walking,1,random_forest,17,47046344M-104_block_17,temporal_block,15.0,0.6721845441656397,1
47046344M-104,2024-10-15 07:37:28.010000+00:00,walking,1,random_forest,17,47046344M-104_block_17,temporal_block,15.0,0.7017144223459475,1
47046344M-104,2024-10-15 07:37:29.010000+00:00,walking,1,random_forest,17,47046344M-104_block_17,temporal_block,15.0,0.7335081203597004,1
47046344M-104,2024-10-15 07:37:30.010000+00:00,walking,1,random_forest,17,47046344M-104_block_17,temporal_block,15.0,0.6857355272738238,1
47046344M-104,2024-10-15 07:37:31.010000+00:00,walking,1,random_forest,17,47046344M-104_block_17,temporal_block,15.0,0.749031213806589,1
47046344M-104,2024-10-15 07:37:32.010000+00:00,walking,1,random_forest,17,47046344M-104_block_17,temporal_block,15.0,0.7233534245353358,1
47046344M-104,2024-10-15 07:37:33.010000+00:00,walking,1,random_forest,17,47046344M-104_block_17,temporal_block,15.0,0.7127069666108466,1
47046344M-104,2024-10-15 07:37:34.010000+00:00,walking,1,random_forest,17,47046344M-104_block_17,temporal_block,15.0,0.7392494669261852,1
47046344M-104,2024-10-15 07:37:35.010000+00:00,walking,1,random_forest,17,47046344M-104_block_17,temporal_block,15.0,0.7362441768205109,1
47046344M-104,2024-10-15 07:37:36.010000+00:00,walking,1,random_forest,17,47046344M-104_block_17,temporal_block,15.0,0.726644038090951,1
47046344M-104,2024-10-15 07:37:37.010000+00:00,walking,1,random_forest,17,47046344M-104_block_17,temporal_block,15.0,0.7235089043433852,1
47046344M-104,2024-10-15 07:37:38.010000+00:00,walking,1,random_forest,17,47046344M-104_block_17,temporal_block,15.0,0.7255476628275069,1
47046344M-104,2024-10-15 07:37:39.010000+00:00,walking,1,random_forest,17,47046344M-104_block_17,temporal_block,15.0,0.719028691202762,1
47046344M-104,2024-10-15 07:37:40.010000+00:00,walking,1,random_forest,17,47046344M-104_block_17,temporal_block,15.0,0.7388198075769298,1
47046344M-104,2024-10-15 07:37:41.010000+00:00,walking,1,random_forest,17,47046344M-104_block_17,temporal_block,15.0,0.7319451745403357,1
47046344M-104,2024-10-15 07:37:42.010000+00:00,walking,1,random_forest,17,47046344M-104_block_17,temporal_block,15.0,0.7408349197059524,1
47046344M-104,2024-10-15 07:37:43.010000+00:00,walking,1,random_forest,17,47046344M-104_block_17,temporal_block,15.0,0.7235900876210529,1
47046344M-104,2024-10-15 07:37:44.010000+00:00,walking,1,random_forest,17,47046344M-104_block_17,temporal_block,15.0,0.7310551299083178,1
47046344M-104,2024-10-15 07:37:45.010000+00:00,walking,1,random_forest,17,47046344M-104_block_17,temporal_block,15.0,0.7345782117229951,1
47046344M-104,2024-10-15 07:37:46.010000+00:00,walking,1,random_forest,17,47046344M-104_block_17,temporal_block,15.0,0.728830723532722,1
47046344M-104,2024-10-15 07:37:47.010000+00:00,walking,1,random_forest,17,47046344M-104_block_17,temporal_block,15.0,0.7217350219496711,1
47046344M-104,2024-10-15 07:37:48.010000+00:00,walking,1,random_forest,17,47046344M-104_block_17,temporal_block,15.0,0.7251864602397841,1
47046344M-104,2024-10-15 07:37:49.010000+00:00,walking,1,random_forest,17,47046344M-104_block_17,temporal_block,15.0,0.7266342956192456,1
47046344M-104,2024-10-15 07:37:50.010000+00:00,walking,1,random_forest,17,47046344M-104_block_17,temporal_block,15.0,0.7397426977466798,1
47046344M-104,2024-10-15 07:37:51.010000+00:00,walking,1,random_forest,17,47046344M-104_block_17,temporal_block,15.0,0.7240258054903368,1
47046344M-104,2024-10-15 07:37:52.010000+00:00,walking,1,random_forest,17,47046344M-104_block_17,temporal_block,15.0,0.723829957235756,1
47046344M-104,2024-10-15 07:37:53.010000+00:00,walking,1,random_forest,17,47046344M-104_block_17,temporal_block,15.0,0.7326429786107853,1
47046344M-104,2024-10-15 07:37:54.010000+00:00,walking,1,random_forest,17,47046344M-104_block_17,temporal_block,15.0,0.7094812615475306,1
47046344M-104,2024-10-15 07:37:55.010000+00:00,walking,1,random_forest,17,47046344M-104_block_17,temporal_block,15.0,0.7263657457653482,1
47046344M-104,2024-10-15 07:37:56.010000+00:00,walking,1,random_forest,17,47046344M-104_block_17,temporal_block,15.0,0.7272248320385143,1
47046344M-104,2024-10-15 07:37:57.010000+00:00,walking,1,random_forest,17,47046344M-104_block_17,temporal_block,15.0,0.7341108790410169,1
47046344M-104,2024-10-15 07:37:58.010000+00:00,walking,1,random_forest,17,47046344M-104_block_17,temporal_block,15.0,0.6968447598503105,1
47046344M-104,2024-10-15 07:37:59.010000+00:00,walking,1,random_forest,17,47046344M-104_block_17,temporal_block,15.0,0.7420937461072449,1
47046344M-104,2024-10-15 07:38:00.010000+00:00,walking,1,random_forest,17,47046344M-104_block_17,temporal_block,15.0,0.7258862022517838,1
47046344M-104,2024-10-15 07:38:01.010000+00:00,walking,1,random_forest,17,47046344M-104_block_17,temporal_block,15.0,0.7125766011949496,1
47046344M-104,2024-10-15 07:38:02.010000+00:00,walking,1,random_forest,17,47046344M-104_block_17,temporal_block,15.0,0.7170776597803027,1
47046344M-104,2024-10-15 07:38:03.010000+00:00,walking,1,random_forest,17,47046344M-104_block_17,temporal_block,15.0,0.7210292546956734,1
47046344M-104,2024-10-15 07:38:04.010000+00:00,walking,1,random_forest,17,47046344M-104_block_17,temporal_block,15.0,0.711272597261919,1
47046344M-104,2024-10-15 07:38:05.010000+00:00,walking,1,random_forest,17,47046344M-104_block_17,temporal_block,15.0,0.7263718180228788,1
47046344M-104,2024-10-15 07:38:06.010000+00:00,walking,1,random_forest,17,47046344M-104_block_17,temporal_block,15.0,0.7103426451627126,1
47046344M-104,2024-10-15 07:38:07.010000+00:00,walking,1,random_forest,17,47046344M-104_block_17,temporal_block,15.0,0.7082425234942052,1
47046344M-104,2024-10-15 07:38:08.010000+00:00,walking,1,random_forest,17,47046344M-104_block_17,temporal_block,15.0,0.6995392839081604,1
47046344M-104,2024-10-15 07:38:12.010000+00:00,not_walking,0,random_forest,17,47046344M-104_block_17,temporal_block,15.0,0.7176583614888158,1
47046344M-104,2024-10-15 07:38:13.010000+00:00,not_walking,0,random_forest,17,47046344M-104_block_17,temporal_block,15.0,0.7126145675828853,1
47046344M-104,2024-10-15 07:38:14.010000+00:00,not_walking,0,random_forest,17,47046344M-104_block_17,temporal_block,15.0,0.710892205785777,1
47046344M-104,2024-10-15 07:38:15.010000+00:00,not_walking,0,random_forest,17,47046344M-104_block_17,temporal_block,15.0,0.7083495862364086,1
47046344M-104,2024-10-15 07:38:16.010000+00:00,not_walking,0,random_forest,17,47046344M-104_block_17,temporal_block,15.0,0.7003252110849665,1
47046344M-104,2024-10-15 07:38:17.010000+00:00,not_walking,0,random_forest,17,47046344M-104_block_17,temporal_block,15.0,0.7045310106210446,1
47046344M-104,2024-10-15 07:38:18.010000+00:00,not_walking,0,random_forest,17,47046344M-104_block_17,temporal_block,15.0,0.704823080568353,1
47046344M-104,2024-10-15 07:38:19.010000+00:00,not_walking,0,random_forest,17,47046344M-104_block_17,temporal_block,15.0,0.7104718121360349,1
47046344M-104,2024-10-15 07:38:20.010000+00:00,not_walking,0,random_forest,17,47046344M-104_block_17,temporal_block,15.0,0.7059262251838792,1
47046344M-104,2024-10-15 07:38:21.010000+00:00,not_walking,0,random_forest,17,47046344M-104_block_17,temporal_block,15.0,0.712063272711327,1
47046344M-104,2024-10-15 07:38:22.010000+00:00,not_walking,0,random_forest,17,47046344M-104_block_17,temporal_block,15.0,0.7248574854259402,1
47046344M-104,2024-10-15 07:38:23.010000+00:00,not_walking,0,random_forest,17,47046344M-104_block_17,temporal_block,15.0,0.7346369577687261,1
47046344M-104,2024-10-15 07:38:25.010000+00:00,not_walking,0,random_forest,17,47046344M-104_block_17,temporal_block,15.0,0.7198718786834111,1
47046344M-104,2024-10-15 07:38:26.010000+00:00,not_walking,0,random_forest,17,47046344M-104_block_17,temporal_block,15.0,0.7315418610953582,1
47046344M-104,2024-10-15 07:38:27.010000+00:00,not_walking,0,random_forest,17,47046344M-104_block_17,temporal_block,15.0,0.7267546650094774,1
47046344M-104,2024-10-15 07:38:28.010000+00:00,not_walking,0,random_forest,17,47046344M-104_block_17,temporal_block,15.0,0.720647716187612,1
47046344M-104,2024-10-15 07:38:29.010000+00:00,not_walking,0,random_forest,17,47046344M-104_block_17,temporal_block,15.0,0.7205237291554928,1
47046344M-104,2024-10-15 07:38:30.010000+00:00,not_walking,0,random_forest,17,47046344M-104_block_17,temporal_block,15.0,0.7169466945905203,1
47046344M-104,2024-10-15 07:38:33.010000+00:00,walking,1,random_forest,17,47046344M-104_block_17,temporal_block,15.0,0.7108284488779195,1
47046344M-104,2024-10-15 07:38:34.010000+00:00,walking,1,random_forest,17,47046344M-104_block_17,temporal_block,15.0,0.7146198552884234,1
47046344M-104,2024-10-15 07:38:35.010000+00:00,walking,1,random_forest,17,47046344M-104_block_17,temporal_block,15.0,0.7144101400298583,1
47046344M-104,2024-10-15 07:38:36.010000+00:00,walking,1,random_forest,17,47046344M-104_block_17,temporal_block,15.0,0.7195303108213206,1
47046344M-104,2024-10-15 07:38:37.010000+00:00,walking,1,random_forest,17,47046344M-104_block_17,temporal_block,15.0,0.7279382053167833,1
47046344M-104,2024-10-15 07:38:38.010000+00:00,walking,1,random_forest,17,47046344M-104_block_17,temporal_block,15.0,0.711478635788884,1
47046344M-104,2024-10-15 07:38:39.010000+00:00,walking,1,random_forest,17,47046344M-104_block_17,temporal_block,15.0,0.7191658197774972,1
47046344M-104,2024-10-15 07:38:40.010000+00:00,walking,1,random_forest,17,47046344M-104_block_17,temporal_block,15.0,0.7144156606368438,1
47046344M-104,2024-10-15 07:38:41.010000+00:00,walking,1,random_forest,17,47046344M-104_block_17,temporal_block,15.0,0.7132319054910856,1
47046344M-104,2024-10-15 07:38:42.010000+00:00,walking,1,random_forest,17,47046344M-104_block_17,temporal_block,15.0,0.6001009518532127,1
47046344M-104,2024-10-15 07:38:43.010000+00:00,walking,1,random_forest,17,47046344M-104_block_17,temporal_block,15.0,0.4785891398275508,0
47046344M-104,2024-10-15 07:38:44.010000+00:00,walking,1,random_forest,17,47046344M-104_block_17,temporal_block,15.0,0.553407171944425,1
47046344M-104,2024-10-15 07:38:45.010000+00:00,walking,1,random_forest,17,47046344M-104_block_17,temporal_block,15.0,0.5331043206859839,1
47046344M-104,2024-10-15 07:38:46.010000+00:00,walking,1,random_forest,17,47046344M-104_block_17,temporal_block,15.0,0.5116022397062525,1
47046344M-104,2024-10-15 07:38:47.010000+00:00,walking,1,random_forest,17,47046344M-104_block_17,temporal_block,15.0,0.5285831379394692,1
47046344M-104,2024-10-15 07:38:59.010000+00:00,not_walking,0,random_forest,18,47046344M-104_block_18,temporal_block,15.0,0.6213329397646279,1
47046344M-104,2024-10-15 07:39:00.010000+00:00,not_walking,0,random_forest,18,47046344M-104_block_18,temporal_block,15.0,0.5534835549856056,1
47046344M-104,2024-10-15 07:39:01.010000+00:00,not_walking,0,random_forest,18,47046344M-104_block_18,temporal_block,15.0,0.6377527148320342,1
47046344M-104,2024-10-15 07:39:02.010000+00:00,not_walking,0,random_forest,18,47046344M-104_block_18,temporal_block,15.0,0.6578487786238493,1
47046344M-104,2024-10-15 07:39:03.010000+00:00,not_walking,0,random_forest,18,47046344M-104_block_18,temporal_block,15.0,0.6919621554196838,1
47046344M-104,2024-10-15 07:39:04.010000+00:00,not_walking,0,random_forest,18,47046344M-104_block_18,temporal_block,15.0,0.6621333953898294,1
47046344M-104,2024-10-15 07:39:05.010000+00:00,not_walking,0,random_forest,18,47046344M-104_block_18,temporal_block,15.0,0.6727506613092703,1
47046344M-104,2024-10-15 07:39:06.010000+00:00,not_walking,0,random_forest,18,47046344M-104_block_18,temporal_block,15.0,0.6609905311497957,1
47046344M-104,2024-10-15 07:39:07.010000+00:00,not_walking,0,random_forest,18,47046344M-104_block_18,temporal_block,15.0,0.6727104516284428,1
47046344M-104,2024-10-15 07:39:08.010000+00:00,not_walking,0,random_forest,18,47046344M-104_block_18,temporal_block,15.0,0.6749902504027444,1
47046344M-104,2024-10-15 07:39:09.010000+00:00,not_walking,0,random_forest,18,47046344M-104_block_18,temporal_block,15.0,0.6654449472959779,1
47046344M-104,2024-10-15 07:39:10.010000+00:00,not_walking,0,random_forest,18,47046344M-104_block_18,temporal_block,15.0,0.659721808833151,1
47046344M-104,2024-10-15 07:39:11.010000+00:00,not_walking,0,random_forest,18,47046344M-104_block_18,temporal_block,15.0,0.6676304688281126,1
47046344M-104,2024-10-15 07:39:26.010000+00:00,walking,1,random_forest,19,47046344M-104_block_19,temporal_block,15.0,0.5901149472502492,1
47046344M-104,2024-10-15 07:39:27.010000+00:00,walking,1,random_forest,19,47046344M-104_block_19,temporal_block,15.0,0.6192604489187999,1
47046344M-104,2024-10-15 07:39:28.010000+00:00,walking,1,random_forest,19,47046344M-104_block_19,temporal_block,15.0,0.5669247004675978,1
47046344M-104,2024-10-15 07:39:29.010000+00:00,walking,1,random_forest,19,47046344M-104_block_19,temporal_block,15.0,0.5932685912314573,1
47046344M-104,2024-10-15 07:39:30.010000+00:00,walking,1,random_forest,19,47046344M-104_block_19,temporal_block,15.0,0.5542006346644603,1
47046344M-104,2024-10-15 07:39:31.010000+00:00,walking,1,random_forest,19,47046344M-104_block_19,temporal_block,15.0,0.43869114049074437,0
47046344M-104,2024-10-15 07:39:32.010000+00:00,walking,1,random_forest,19,47046344M-104_block_19,temporal_block,15.0,0.5410067318715377,1
47046344M-104,2024-10-15 07:39:33.010000+00:00,walking,1,random_forest,19,47046344M-104_block_19,temporal_block,15.0,0.47206617865114603,0
47046344M-104,2024-10-15 07:39:34.010000+00:00,walking,1,random_forest,19,47046344M-104_block_19,temporal_block,15.0,0.385392655893188,0
47046344M-104,2024-10-15 07:39:35.010000+00:00,walking,1,random_forest,19,47046344M-104_block_19,temporal_block,15.0,0.3646458536252769,0
47046344M-104,2024-10-15 07:39:36.010000+00:00,walking,1,random_forest,19,47046344M-104_block_19,temporal_block,15.0,0.5173352116306115,1
47046344M-104,2024-10-15 07:39:37.010000+00:00,walking,1,random_forest,19,47046344M-104_block_19,temporal_block,15.0,0.5196741125695762,1
47046344M-104,2024-10-15 07:39:38.010000+00:00,walking,1,random_forest,19,47046344M-104_block_19,temporal_block,15.0,0.6165588304118366,1
47046344M-104,2024-10-15 07:39:39.010000+00:00,walking,1,random_forest,19,47046344M-104_block_19,temporal_block,15.0,0.4814359058436289,0
47046344M-104,2024-10-15 07:39:40.010000+00:00,walking,1,random_forest,19,47046344M-104_block_19,temporal_block,15.0,0.5135338047517821,1
47046344M-104,2024-10-15 07:39:41.010000+00:00,walking,1,random_forest,19,47046344M-104_block_19,temporal_block,15.0,0.41446125947726936,0
47046344M-104,2024-10-15 07:39:42.010000+00:00,walking,1,random_forest,19,47046344M-104_block_19,temporal_block,15.0,0.49835417266542303,0
47046344M-104,2024-10-15 07:39:43.010000+00:00,walking,1,random_forest,19,47046344M-104_block_19,temporal_block,15.0,0.3947553338083401,0
47046344M-104,2024-10-15 07:39:44.010000+00:00,walking,1,random_forest,19,47046344M-104_block_19,temporal_block,15.0,0.4905685822935761,0
47046344M-104,2024-10-15 07:39:45.010000+00:00,walking,1,random_forest,19,47046344M-104_block_19,temporal_block,15.0,0.49020038230093027,0
47046344M-104,2024-10-15 07:39:46.010000+00:00,walking,1,random_forest,19,47046344M-104_block_19,temporal_block,15.0,0.5479984133725804,1
47046344M-104,2024-10-15 07:39:47.010000+00:00,walking,1,random_forest,19,47046344M-104_block_19,temporal_block,15.0,0.44608606453000543,0
47046344M-104,2024-10-15 07:39:48.010000+00:00,walking,1,random_forest,19,47046344M-104_block_19,temporal_block,15.0,0.23707384734184755,0
47046344M-104,2024-10-15 07:39:49.010000+00:00,walking,1,random_forest,19,47046344M-104_block_19,temporal_block,15.0,0.4683082663872415,0
47046344M-104,2024-10-15 07:39:50.010000+00:00,walking,1,random_forest,19,47046344M-104_block_19,temporal_block,15.0,0.4399172573071766,0
47046344M-104,2024-10-15 07:39:51.010000+00:00,walking,1,random_forest,19,47046344M-104_block_19,temporal_block,15.0,0.4528295977156364,0
47046344M-104,2024-10-15 07:39:52.010000+00:00,walking,1,random_forest,19,47046344M-104_block_19,temporal_block,15.0,0.48429275011025896,0
47046344M-104,2024-10-15 07:39:53.010000+00:00,walking,1,random_forest,19,47046344M-104_block_19,temporal_block,15.0,0.49678086251500664,0
47046344M-104,2024-10-15 07:39:54.010000+00:00,walking,1,random_forest,19,47046344M-104_block_19,temporal_block,15.0,0.4107669274706177,0
47046344M-104,2024-10-15 07:39:55.010000+00:00,walking,1,random_forest,19,47046344M-104_block_19,temporal_block,15.0,0.48086303505753886,0
47046344M-104,2024-10-15 07:39:56.010000+00:00,walking,1,random_forest,19,47046344M-104_block_19,temporal_block,15.0,0.528280342001628,1
47046344M-104,2024-10-15 07:39:57.010000+00:00,walking,1,random_forest,19,47046344M-104_block_19,temporal_block,15.0,0.4181268691299042,0
47046344M-104,2024-10-15 07:39:58.010000+00:00,walking,1,random_forest,19,47046344M-104_block_19,temporal_block,15.0,0.5650256665709996,1
47046344M-104,2024-10-15 07:39:59.010000+00:00,walking,1,random_forest,19,47046344M-104_block_19,temporal_block,15.0,0.6417369167325165,1
47046344M-104,2024-10-15 07:40:00.010000+00:00,walking,1,random_forest,19,47046344M-104_block_19,temporal_block,15.0,0.6367332715858472,1
47046344M-104,2024-10-15 07:40:01.010000+00:00,walking,1,random_forest,19,47046344M-104_block_19,temporal_block,15.0,0.6603204525563281,1
47046344M-104,2024-10-15 07:40:02.010000+00:00,walking,1,random_forest,19,47046344M-104_block_19,temporal_block,15.0,0.6539291923412941,1
47046344M-104,2024-10-15 07:40:03.010000+00:00,walking,1,random_forest,19,47046344M-104_block_19,temporal_block,15.0,0.6396560079808977,1
47046344M-104,2024-10-15 07:40:04.010000+00:00,walking,1,random_forest,19,47046344M-104_block_19,temporal_block,15.0,0.6471377181120131,1
47046344M-104,2024-10-15 07:40:05.010000+00:00,walking,1,random_forest,19,47046344M-104_block_19,temporal_block,15.0,0.6511855114123305,1
47046344M-104,2024-10-15 07:40:06.010000+00:00,walking,1,random_forest,19,47046344M-104_block_19,temporal_block,15.0,0.668746999123443,1
47046344M-104,2024-10-15 07:40:07.010000+00:00,walking,1,random_forest,19,47046344M-104_block_19,temporal_block,15.0,0.6527249672092486,1
47046344M-104,2024-10-15 07:40:08.010000+00:00,walking,1,random_forest,19,47046344M-104_block_19,temporal_block,15.0,0.658441858928154,1
47046344M-104,2024-10-15 07:40:09.010000+00:00,walking,1,random_forest,19,47046344M-104_block_19,temporal_block,15.0,0.6342755580345344,1
47046344M-104,2024-10-15 07:43:28.010000+00:00,walking,1,random_forest,20,47046344M-104_block_20,temporal_block,15.0,0.607110175316572,1
47046344M-104,2024-10-15 07:43:29.010000+00:00,walking,1,random_forest,20,47046344M-104_block_20,temporal_block,15.0,0.655867448935406,1
47046344M-104,2024-10-15 07:43:30.010000+00:00,walking,1,random_forest,20,47046344M-104_block_20,temporal_block,15.0,0.6579752221845115,1
47046344M-104,2024-10-15 07:43:31.010000+00:00,walking,1,random_forest,20,47046344M-104_block_20,temporal_block,15.0,0.6377516179343711,1
47046344M-104,2024-10-15 07:43:32.010000+00:00,walking,1,random_forest,20,47046344M-104_block_20,temporal_block,15.0,0.660051556746446,1
47046344M-104,2024-10-15 07:43:33.010000+00:00,walking,1,random_forest,20,47046344M-104_block_20,temporal_block,15.0,0.543864055388154,1
47046344M-104,2024-10-15 07:43:34.010000+00:00,walking,1,random_forest,20,47046344M-104_block_20,temporal_block,15.0,0.6129844825759659,1
47046344M-104,2024-10-15 07:43:35.010000+00:00,walking,1,random_forest,20,47046344M-104_block_20,temporal_block,15.0,0.660400345432436,1
47046344M-104,2024-10-15 07:43:36.010000+00:00,walking,1,random_forest,20,47046344M-104_block_20,temporal_block,15.0,0.5862605136535617,1
47046344M-104,2024-10-15 07:43:37.010000+00:00,walking,1,random_forest,20,47046344M-104_block_20,temporal_block,15.0,0.6637885264811504,1
47046344M-104,2024-10-15 07:43:38.010000+00:00,walking,1,random_forest,20,47046344M-104_block_20,temporal_block,15.0,0.20061747270361271,0
47046344M-104,2024-10-15 07:43:39.010000+00:00,walking,1,random_forest,20,47046344M-104_block_20,temporal_block,15.0,0.5796429392623779,1
47046344M-104,2024-10-15 07:43:40.010000+00:00,walking,1,random_forest,20,47046344M-104_block_20,temporal_block,15.0,0.5394202250437287,1
47046344M-104,2024-10-15 07:43:41.010000+00:00,walking,1,random_forest,20,47046344M-104_block_20,temporal_block,15.0,0.5814238043282618,1
47046344M-104,2024-10-15 07:43:42.010000+00:00,walking,1,random_forest,20,47046344M-104_block_20,temporal_block,15.0,0.6068759575665376,1
47046344M-104,2024-10-15 07:43:43.010000+00:00,walking,1,random_forest,20,47046344M-104_block_20,temporal_block,15.0,0.6466047311244413,1
47046344M-104,2024-10-15 07:43:44.010000+00:00,walking,1,random_forest,20,47046344M-104_block_20,temporal_block,15.0,0.6595458967460145,1
47046344M-104,2024-10-15 07:43:45.010000+00:00,walking,1,random_forest,20,47046344M-104_block_20,temporal_block,15.0,0.6273236105260387,1
47046344M-104,2024-10-15 07:43:46.010000+00:00,walking,1,random_forest,20,47046344M-104_block_20,temporal_block,15.0,0.5545100970741239,1
47046344M-104,2024-10-15 07:43:47.010000+00:00,walking,1,random_forest,20,47046344M-104_block_20,temporal_block,15.0,0.5277083109774378,1
47046344M-104,2024-10-15 07:43:48.010000+00:00,walking,1,random_forest,20,47046344M-104_block_20,temporal_block,15.0,0.5463494411171428,1
47046344M-104,2024-10-15 07:43:49.010000+00:00,walking,1,random_forest,20,47046344M-104_block_20,temporal_block,15.0,0.3536701853537429,0
47046344M-104,2024-10-15 07:43:50.010000+00:00,walking,1,random_forest,20,47046344M-104_block_20,temporal_block,15.0,0.30776196802981143,0
47046344M-104,2024-10-15 07:43:51.010000+00:00,walking,1,random_forest,20,47046344M-104_block_20,temporal_block,15.0,0.5145946568685825,1
47046344M-104,2024-10-15 07:43:52.010000+00:00,walking,1,random_forest,20,47046344M-104_block_20,temporal_block,15.0,0.6031510502897195,1
47046344M-104,2024-10-15 07:43:53.010000+00:00,walking,1,random_forest,20,47046344M-104_block_20,temporal_block,15.0,0.5929945217298902,1
47046344M-104,2024-10-15 07:43:54.010000+00:00,walking,1,random_forest,20,47046344M-104_block_20,temporal_block,15.0,0.6161987328567406,1
47046344M-104,2024-10-15 07:43:55.010000+00:00,walking,1,random_forest,20,47046344M-104_block_20,temporal_block,15.0,0.5912577539378234,1
47046344M-104,2024-10-15 07:43:56.010000+00:00,walking,1,random_forest,20,47046344M-104_block_20,temporal_block,15.0,0.16617771410108786,0
47046344M-104,2024-10-15 07:43:57.010000+00:00,walking,1,random_forest,20,47046344M-104_block_20,temporal_block,15.0,0.6402257420779887,1
47046344M-104,2024-10-15 07:43:58.010000+00:00,walking,1,random_forest,20,47046344M-104_block_20,temporal_block,15.0,0.6684198026567194,1
47046344M-104,2024-10-15 07:43:59.010000+00:00,walking,1,random_forest,20,47046344M-104_block_20,temporal_block,15.0,0.5052432427375204,1
47046344M-104,2024-10-15 07:44:00.010000+00:00,walking,1,random_forest,20,47046344M-104_block_20,temporal_block,15.0,0.5357255727399161,1
47046344M-104,2024-10-15 07:44:01.010000+00:00,walking,1,random_forest,20,47046344M-104_block_20,temporal_block,15.0,0.5766868932421315,1
47046344M-104,2024-10-15 07:44:02.010000+00:00,walking,1,random_forest,20,47046344M-104_block_20,temporal_block,15.0,0.5751292097082233,1
47046344M-104,2024-10-15 07:44:03.010000+00:00,walking,1,random_forest,20,47046344M-104_block_20,temporal_block,15.0,0.5919279996337096,1
47046344M-104,2024-10-15 07:44:04.010000+00:00,walking,1,random_forest,20,47046344M-104_block_20,temporal_block,15.0,0.43345552846191204,0
47046344M-104,2024-10-15 07:44:05.010000+00:00,walking,1,random_forest,20,47046344M-104_block_20,temporal_block,15.0,0.5127557046222364,1
47046344M-104,2024-10-15 07:44:06.010000+00:00,walking,1,random_forest,20,47046344M-104_block_20,temporal_block,15.0,0.5333866248517525,1
47046344M-104,2024-10-15 07:44:07.010000+00:00,walking,1,random_forest,20,47046344M-104_block_20,temporal_block,15.0,0.6140792244300578,1
47046344M-104,2024-10-15 07:44:08.010000+00:00,walking,1,random_forest,20,47046344M-104_block_20,temporal_block,15.0,0.5420524278966394,1
47046344M-104,2024-10-15 07:44:09.010000+00:00,walking,1,random_forest,20,47046344M-104_block_20,temporal_block,15.0,0.45837077475485266,0
47046344M-104,2024-10-15 07:44:10.010000+00:00,walking,1,random_forest,20,47046344M-104_block_20,temporal_block,15.0,0.5892054511448811,1
47046344M-104,2024-10-15 07:44:14.010000+00:00,not_walking,0,random_forest,20,47046344M-104_block_20,temporal_block,15.0,0.7043403792672135,1
47046344M-104,2024-10-15 07:44:15.010000+00:00,not_walking,0,random_forest,20,47046344M-104_block_20,temporal_block,15.0,0.6796635645618795,1
47046344M-104,2024-10-15 07:44:16.010000+00:00,not_walking,0,random_forest,20,47046344M-104_block_20,temporal_block,15.0,0.6607462610850632,1
47046344M-104,2024-10-15 07:44:17.010000+00:00,not_walking,0,random_forest,20,47046344M-104_block_20,temporal_block,15.0,0.6587799513423651,1
47046344M-104,2024-10-15 07:44:18.010000+00:00,not_walking,0,random_forest,20,47046344M-104_block_20,temporal_block,15.0,0.6986212321730777,1
47046344M-104,2024-10-15 07:44:19.010000+00:00,not_walking,0,random_forest,20,47046344M-104_block_20,temporal_block,15.0,0.6875668936124829,1
47046344M-104,2024-10-15 07:44:20.010000+00:00,not_walking,0,random_forest,20,47046344M-104_block_20,temporal_block,15.0,0.7025594198177941,1
47046344M-104,2024-10-15 07:44:21.010000+00:00,not_walking,0,random_forest,20,47046344M-104_block_20,temporal_block,15.0,0.7060974569752252,1
47046344M-104,2024-10-15 07:44:22.010000+00:00,not_walking,0,random_forest,20,47046344M-104_block_20,temporal_block,15.0,0.6804873427121941,1
47046344M-104,2024-10-15 07:44:23.010000+00:00,not_walking,0,random_forest,20,47046344M-104_block_20,temporal_block,15.0,0.693382739292528,1
47046344M-104,2024-10-15 07:44:24.010000+00:00,not_walking,0,random_forest,20,47046344M-104_block_20,temporal_block,15.0,0.6995162116284132,1
47046344M-104,2024-10-15 07:44:25.010000+00:00,not_walking,0,random_forest,20,47046344M-104_block_20,temporal_block,15.0,0.6908072296635626,1
47046344M-104,2024-10-15 07:44:26.010000+00:00,not_walking,0,random_forest,20,47046344M-104_block_20,temporal_block,15.0,0.7063656584418949,1
47046344M-104,2024-10-15 07:44:27.010000+00:00,not_walking,0,random_forest,20,47046344M-104_block_20,temporal_block,15.0,0.6796545888348365,1
47046344M-104,2024-10-15 07:44:28.010000+00:00,not_walking,0,random_forest,20,47046344M-104_block_20,temporal_block,15.0,0.6999141433141147,1
47046344M-104,2024-10-15 07:44:29.010000+00:00,not_walking,0,random_forest,20,47046344M-104_block_20,temporal_block,15.0,0.6668336682267242,1
47046344M-104,2024-10-15 07:44:30.010000+00:00,not_walking,0,random_forest,20,47046344M-104_block_20,temporal_block,15.0,0.702240417069994,1
47046344M-104,2024-10-15 07:44:31.010000+00:00,not_walking,0,random_forest,20,47046344M-104_block_20,temporal_block,15.0,0.6747493345480965,1
47046344M-104,2024-10-15 07:44:32.010000+00:00,not_walking,0,random_forest,20,47046344M-104_block_20,temporal_block,15.0,0.6520056448318858,1
47046344M-104,2024-10-15 07:44:33.010000+00:00,not_walking,0,random_forest,20,47046344M-104_block_20,temporal_block,15.0,0.6526507358677183,1
47046344M-104,2024-10-15 07:44:34.010000+00:00,not_walking,0,random_forest,20,47046344M-104_block_20,temporal_block,15.0,0.6954094991751747,1
47046344M-104,2024-10-15 07:44:35.010000+00:00,not_walking,0,random_forest,20,47046344M-104_block_20,temporal_block,15.0,0.6942468028024038,1
47046344M-104,2024-10-15 07:44:36.010000+00:00,not_walking,0,random_forest,20,47046344M-104_block_20,temporal_block,15.0,0.6754364586292433,1
47046344M-104,2024-10-15 07:44:37.010000+00:00,not_walking,0,random_forest,20,47046344M-104_block_20,temporal_block,15.0,0.7008299904498921,1
47046344M-104,2024-10-15 07:44:38.010000+00:00,not_walking,0,random_forest,20,47046344M-104_block_20,temporal_block,15.0,0.6987200771729992,1
47046344M-104,2024-10-15 07:44:39.010000+00:00,not_walking,0,random_forest,20,47046344M-104_block_20,temporal_block,15.0,0.6776700496503661,1
47046344M-104,2024-10-15 07:44:40.010000+00:00,not_walking,0,random_forest,20,47046344M-104_block_20,temporal_block,15.0,0.6852931424292238,1
47046344M-104,2024-10-15 07:44:41.010000+00:00,not_walking,0,random_forest,20,47046344M-104_block_20,temporal_block,15.0,0.5269419068915068,1
47046344M-104,2024-10-15 07:44:42.010000+00:00,not_walking,0,random_forest,20,47046344M-104_block_20,temporal_block,15.0,0.4770516782873051,0
47046344M-104,2024-10-15 07:44:43.010000+00:00,not_walking,0,random_forest,20,47046344M-104_block_20,temporal_block,15.0,0.562961270222579,1
47046344M-104,2024-10-15 07:44:44.010000+00:00,not_walking,0,random_forest,20,47046344M-104_block_20,temporal_block,15.0,0.605322218947819,1
47046344M-104,2024-10-15 07:44:45.010000+00:00,not_walking,0,random_forest,20,47046344M-104_block_20,temporal_block,15.0,0.6123325144349654,1
47046344M-104,2024-10-15 07:44:46.010000+00:00,not_walking,0,random_forest,20,47046344M-104_block_20,temporal_block,15.0,0.6542042119195386,1
47046344M-104,2024-10-15 07:44:47.010000+00:00,not_walking,0,random_forest,20,47046344M-104_block_20,temporal_block,15.0,0.6632345715525919,1
47046344M-104,2024-10-15 07:44:48.010000+00:00,not_walking,0,random_forest,20,47046344M-104_block_20,temporal_block,15.0,0.7067835220584465,1
47046344M-104,2024-10-15 07:44:49.010000+00:00,not_walking,0,random_forest,20,47046344M-104_block_20,temporal_block,15.0,0.6973165791547025,1
47046344M-104,2024-10-15 07:44:50.010000+00:00,not_walking,0,random_forest,20,47046344M-104_block_20,temporal_block,15.0,0.6966154884724198,1
47046344M-104,2024-10-15 07:44:51.010000+00:00,not_walking,0,random_forest,20,47046344M-104_block_20,temporal_block,15.0,0.7047978285216607,1
47046344M-104,2024-10-15 07:44:52.010000+00:00,not_walking,0,random_forest,20,47046344M-104_block_20,temporal_block,15.0,0.7040386001123893,1
47046344M-104,2024-10-15 07:44:53.010000+00:00,not_walking,0,random_forest,20,47046344M-104_block_20,temporal_block,15.0,0.6934691897850757,1
47046344M-104,2024-10-15 07:44:54.010000+00:00,not_walking,0,random_forest,20,47046344M-104_block_20,temporal_block,15.0,0.6145543887967562,1
47046344M-104,2024-10-15 07:44:55.010000+00:00,not_walking,0,random_forest,20,47046344M-104_block_20,temporal_block,15.0,0.6678626294027975,1
47046344M-104,2024-10-15 07:44:56.010000+00:00,not_walking,0,random_forest,20,47046344M-104_block_20,temporal_block,15.0,0.6492275706636037,1
47046344M-104,2024-10-15 07:44:57.010000+00:00,not_walking,0,random_forest,20,47046344M-104_block_20,temporal_block,15.0,0.6846715199447653,1
47046344M-104,2024-10-15 07:44:58.010000+00:00,not_walking,0,random_forest,20,47046344M-104_block_20,temporal_block,15.0,0.6903228785067352,1
47046344M-104,2024-10-15 07:44:59.010000+00:00,not_walking,0,random_forest,20,47046344M-104_block_20,temporal_block,15.0,0.6511874124399568,1
47046344M-104,2024-10-15 07:45:00.010000+00:00,not_walking,0,random_forest,20,47046344M-104_block_20,temporal_block,15.0,0.5545572984500532,1
47046344M-104,2024-10-15 07:45:01.010000+00:00,not_walking,0,random_forest,20,47046344M-104_block_20,temporal_block,15.0,0.57066004336761,1
47046344M-104,2024-10-15 07:45:02.010000+00:00,not_walking,0,random_forest,20,47046344M-104_block_20,temporal_block,15.0,0.11125486815059653,0
47046344M-104,2024-10-15 07:45:03.010000+00:00,not_walking,0,random_forest,20,47046344M-104_block_20,temporal_block,15.0,0.4982392485135724,0
47046344M-104,2024-10-15 07:45:04.010000+00:00,not_walking,0,random_forest,20,47046344M-104_block_20,temporal_block,15.0,0.5571460165376699,1
47046344M-104,2024-10-15 07:45:05.010000+00:00,not_walking,0,random_forest,20,47046344M-104_block_20,temporal_block,15.0,0.5493616953816609,1
47046344M-104,2024-10-15 07:45:06.010000+00:00,not_walking,0,random_forest,20,47046344M-104_block_20,temporal_block,15.0,0.5314544979515183,1
47046344M-104,2024-10-15 07:45:07.010000+00:00,not_walking,0,random_forest,20,47046344M-104_block_20,temporal_block,15.0,0.528470066920426,1
47046344M-104,2024-10-15 07:45:08.010000+00:00,not_walking,0,random_forest,20,47046344M-104_block_20,temporal_block,15.0,0.47537005981032215,0
47046344M-104,2024-10-15 07:45:09.010000+00:00,not_walking,0,random_forest,20,47046344M-104_block_20,temporal_block,15.0,0.4249698089478514,0
47046344M-104,2024-10-15 07:45:10.010000+00:00,not_walking,0,random_forest,20,47046344M-104_block_20,temporal_block,15.0,0.6850267473090531,1
47046344M-104,2024-10-15 07:45:11.010000+00:00,not_walking,0,random_forest,20,47046344M-104_block_20,temporal_block,15.0,0.6609186037116527,1
47046344M-104,2024-10-15 07:45:12.010000+00:00,not_walking,0,random_forest,20,47046344M-104_block_20,temporal_block,15.0,0.7025272010665081,1
47046344M-104,2024-10-15 07:45:13.010000+00:00,not_walking,0,random_forest,20,47046344M-104_block_20,temporal_block,15.0,0.7238040891283558,1
47046344M-104,2024-10-15 07:45:14.010000+00:00,not_walking,0,random_forest,20,47046344M-104_block_20,temporal_block,15.0,0.7068513750930504,1
47046344M-104,2024-10-15 07:45:15.010000+00:00,not_walking,0,random_forest,20,47046344M-104_block_20,temporal_block,15.0,0.674496549579568,1
47046344M-104,2024-10-15 07:45:16.010000+00:00,not_walking,0,random_forest,20,47046344M-104_block_20,temporal_block,15.0,0.6921604182291374,1
47046344M-104,2024-10-15 07:45:17.010000+00:00,not_walking,0,random_forest,20,47046344M-104_block_20,temporal_block,15.0,0.7112071459203232,1
47046344M-104,2024-10-15 07:45:18.010000+00:00,not_walking,0,random_forest,20,47046344M-104_block_20,temporal_block,15.0,0.7088071229841274,1
47046344M-104,2024-10-15 07:45:19.010000+00:00,not_walking,0,random_forest,20,47046344M-104_block_20,temporal_block,15.0,0.7134993047420645,1
47046344M-104,2024-10-15 07:45:20.010000+00:00,not_walking,0,random_forest,20,47046344M-104_block_20,temporal_block,15.0,0.7178698276586315,1
47046344M-104,2024-10-15 07:45:21.010000+00:00,not_walking,0,random_forest,20,47046344M-104_block_20,temporal_block,15.0,0.7220276133579289,1
47046344M-104,2024-10-15 07:45:22.010000+00:00,not_walking,0,random_forest,20,47046344M-104_block_20,temporal_block,15.0,0.7141638301251154,1
47046344M-104,2024-10-15 07:45:26.010000+00:00,walking,1,random_forest,20,47046344M-104_block_20,temporal_block,15.0,0.692851878041094,1
47046344M-104,2024-10-15 07:45:27.010000+00:00,walking,1,random_forest,20,47046344M-104_block_20,temporal_block,15.0,0.7296422170240837,1
47046344M-104,2024-10-15 07:45:28.010000+00:00,walking,1,random_forest,20,47046344M-104_block_20,temporal_block,15.0,0.7293407562894249,1
47046344M-104,2024-10-15 07:45:29.010000+00:00,walking,1,random_forest,20,47046344M-104_block_20,temporal_block,15.0,0.7132915090201364,1
47046344M-104,2024-10-15 07:45:30.010000+00:00,walking,1,random_forest,20,47046344M-104_block_20,temporal_block,15.0,0.7145771570074867,1
47046344M-104,2024-10-15 07:45:31.010000+00:00,walking,1,random_forest,20,47046344M-104_block_20,temporal_block,15.0,0.7132071885499065,1
47046344M-104,2024-10-15 07:45:32.010000+00:00,walking,1,random_forest,20,47046344M-104_block_20,temporal_block,15.0,0.6945737314895628,1
47046344M-104,2024-10-15 07:45:33.010000+00:00,walking,1,random_forest,20,47046344M-104_block_20,temporal_block,15.0,0.6087440696043273,1
47046344M-104,2024-10-15 07:45:34.010000+00:00,walking,1,random_forest,20,47046344M-104_block_20,temporal_block,15.0,0.5813106564599166,1
47046344M-104,2024-10-15 07:45:35.010000+00:00,walking,1,random_forest,20,47046344M-104_block_20,temporal_block,15.0,0.47745859829443255,0
47046344M-104,2024-10-15 07:45:36.010000+00:00,walking,1,random_forest,20,47046344M-104_block_20,temporal_block,15.0,0.6413700854687338,1
47046344M-104,2024-10-15 07:45:37.010000+00:00,walking,1,random_forest,20,47046344M-104_block_20,temporal_block,15.0,0.5509937489792477,1
47046344M-104,2024-10-15 07:45:38.010000+00:00,walking,1,random_forest,20,47046344M-104_block_20,temporal_block,15.0,0.6386723706771121,1
47046344M-104,2024-10-15 07:45:39.010000+00:00,walking,1,random_forest,20,47046344M-104_block_20,temporal_block,15.0,0.6100450284501335,1
47046344M-104,2024-10-15 07:45:40.010000+00:00,walking,1,random_forest,20,47046344M-104_block_20,temporal_block,15.0,0.5679768959762277,1
47046344M-104,2024-10-15 07:45:41.010000+00:00,walking,1,random_forest,20,47046344M-104_block_20,temporal_block,15.0,0.691616324443965,1
47046344M-104,2024-10-15 07:45:42.010000+00:00,walking,1,random_forest,20,47046344M-104_block_20,temporal_block,15.0,0.64613556359167,1
47046344M-104,2024-10-15 07:45:43.010000+00:00,walking,1,random_forest,20,47046344M-104_block_20,temporal_block,15.0,0.7290717076316052,1
47046344M-104,2024-10-15 07:45:44.010000+00:00,walking,1,random_forest,20,47046344M-104_block_20,temporal_block,15.0,0.705353477705159,1
47046344M-104,2024-10-15 07:45:45.010000+00:00,walking,1,random_forest,20,47046344M-104_block_20,temporal_block,15.0,0.6722880684925109,1
47046344M-104,2024-10-15 07:45:46.010000+00:00,walking,1,random_forest,20,47046344M-104_block_20,temporal_block,15.0,0.7250752667970644,1
47046344M-104,2024-10-15 07:45:47.010000+00:00,walking,1,random_forest,20,47046344M-104_block_20,temporal_block,15.0,0.7252511443336812,1
47046344M-104,2024-10-15 07:45:48.010000+00:00,walking,1,random_forest,20,47046344M-104_block_20,temporal_block,15.0,0.712028746138721,1
47046344M-104,2024-10-15 07:45:49.010000+00:00,walking,1,random_forest,20,47046344M-104_block_20,temporal_block,15.0,0.704829262986501,1
47046344M-104,2024-10-15 07:45:50.010000+00:00,walking,1,random_forest,20,47046344M-104_block_20,temporal_block,15.0,0.6906443949965835,1
47046344M-104,2024-10-15 07:45:51.010000+00:00,walking,1,random_forest,20,47046344M-104_block_20,temporal_block,15.0,0.671331624928226,1
47046344M-104,2024-10-15 07:45:52.010000+00:00,walking,1,random_forest,20,47046344M-104_block_20,temporal_block,15.0,0.7178813497724885,1
47046344M-104,2024-10-15 07:45:53.010000+00:00,walking,1,random_forest,20,47046344M-104_block_20,temporal_block,15.0,0.7023755546901574,1
47046344M-104,2024-10-15 07:45:54.010000+00:00,walking,1,random_forest,20,47046344M-104_block_20,temporal_block,15.0,0.7057057816441902,1
47046344M-104,2024-10-15 07:45:55.010000+00:00,walking,1,random_forest,20,47046344M-104_block_20,temporal_block,15.0,0.6894561638207761,1
47046344M-104,2024-10-15 07:45:56.010000+00:00,walking,1,random_forest,20,47046344M-104_block_20,temporal_block,15.0,0.6926228254565091,1
47046344M-104,2024-10-15 07:45:57.010000+00:00,walking,1,random_forest,20,47046344M-104_block_20,temporal_block,15.0,0.6908283475892709,1
47046344M-104,2024-10-15 07:45:58.010000+00:00,walking,1,random_forest,20,47046344M-104_block_20,temporal_block,15.0,0.6576098332560534,1
47046344M-104,2024-10-15 07:45:59.010000+00:00,walking,1,random_forest,20,47046344M-104_block_20,temporal_block,15.0,0.7233616822409723,1
47046344M-104,2024-10-15 07:46:00.010000+00:00,walking,1,random_forest,20,47046344M-104_block_20,temporal_block,15.0,0.6267861234016264,1
47046344M-104,2024-10-15 07:46:01.010000+00:00,walking,1,random_forest,20,47046344M-104_block_20,temporal_block,15.0,0.45940064490758337,0
47046344M-104,2024-10-15 07:46:02.010000+00:00,walking,1,random_forest,20,47046344M-104_block_20,temporal_block,15.0,0.5363749292815762,1
47046344M-104,2024-10-15 07:46:03.010000+00:00,walking,1,random_forest,20,47046344M-104_block_20,temporal_block,15.0,0.495659754111329,0
47046344M-104,2024-10-15 07:46:04.010000+00:00,walking,1,random_forest,20,47046344M-104_block_20,temporal_block,15.0,0.5825284089293303,1
47046344M-104,2024-10-15 07:46:05.010000+00:00,walking,1,random_forest,20,47046344M-104_block_20,temporal_block,15.0,0.683985565426608,1
47046344M-104,2024-10-15 07:46:06.010000+00:00,walking,1,random_forest,20,47046344M-104_block_20,temporal_block,15.0,0.6081321881573559,1
47046344M-104,2024-10-15 07:46:07.010000+00:00,walking,1,random_forest,20,47046344M-104_block_20,temporal_block,15.0,0.6712613145716788,1
47046344M-104,2024-10-15 07:46:08.010000+00:00,walking,1,random_forest,20,47046344M-104_block_20,temporal_block,15.0,0.6046212546814934,1
47046344M-104,2024-10-15 07:46:09.010000+00:00,walking,1,random_forest,20,47046344M-104_block_20,temporal_block,15.0,0.6993916177478386,1
47046344M-104,2024-10-15 07:46:10.010000+00:00,walking,1,random_forest,20,47046344M-104_block_20,temporal_block,15.0,0.721828809933187,1
47046344M-104,2024-10-15 07:46:11.010000+00:00,walking,1,random_forest,20,47046344M-104_block_20,temporal_block,15.0,0.5878469178448625,1
47046344M-104,2024-10-15 07:46:12.010000+00:00,walking,1,random_forest,20,47046344M-104_block_20,temporal_block,15.0,0.605915992195163,1
47046344M-104,2024-10-15 07:46:13.010000+00:00,walking,1,random_forest,20,47046344M-104_block_20,temporal_block,15.0,0.46363647671700686,0
47046344M-104,2024-10-15 07:46:14.010000+00:00,walking,1,random_forest,20,47046344M-104_block_20,temporal_block,15.0,0.6082251465860726,1
47046344M-104,2024-10-15 07:46:15.010000+00:00,walking,1,random_forest,20,47046344M-104_block_20,temporal_block,15.0,0.5435404740315485,1
47046344M-104,2024-10-15 07:46:16.010000+00:00,walking,1,random_forest,20,47046344M-104_block_20,temporal_block,15.0,0.6488281226580731,1
47046344M-104,2024-10-15 07:46:17.010000+00:00,walking,1,random_forest,20,47046344M-104_block_20,temporal_block,15.0,0.6860764825812181,1
47046344M-104,2024-10-15 07:46:18.010000+00:00,walking,1,random_forest,20,47046344M-104_block_20,temporal_block,15.0,0.6969811335600352,1
47046344M-104,2024-10-15 07:46:19.010000+00:00,walking,1,random_forest,20,47046344M-104_block_20,temporal_block,15.0,0.712228427481663,1
47046344M-104,2024-10-15 07:46:20.010000+00:00,walking,1,random_forest,20,47046344M-104_block_20,temporal_block,15.0,0.6767888323607227,1
47046344M-104,2024-10-15 07:46:21.010000+00:00,walking,1,random_forest,20,47046344M-104_block_20,temporal_block,15.0,0.40232840671583275,0
47046344M-104,2024-10-15 07:46:22.010000+00:00,walking,1,random_forest,20,47046344M-104_block_20,temporal_block,15.0,0.5416317694482033,1
47046344M-104,2024-10-15 07:46:23.010000+00:00,walking,1,random_forest,20,47046344M-104_block_20,temporal_block,15.0,0.6245024533524323,1
47046344M-104,2024-10-15 07:46:24.010000+00:00,walking,1,random_forest,20,47046344M-104_block_20,temporal_block,15.0,0.6413348995916255,1
47046344M-104,2024-10-15 07:46:25.010000+00:00,walking,1,random_forest,20,47046344M-104_block_20,temporal_block,15.0,0.6478387642941539,1
47046344M-104,2024-10-15 07:46:26.010000+00:00,walking,1,random_forest,20,47046344M-104_block_20,temporal_block,15.0,0.6827261324674815,1
47046344M-104,2024-10-15 07:46:27.010000+00:00,walking,1,random_forest,20,47046344M-104_block_20,temporal_block,15.0,0.6601262905549333,1
47046344M-104,2024-10-15 07:46:28.010000+00:00,walking,1,random_forest,20,47046344M-104_block_20,temporal_block,15.0,0.6888379390580683,1
47046344M-104,2024-10-15 07:46:29.010000+00:00,walking,1,random_forest,20,47046344M-104_block_20,temporal_block,15.0,0.4827800206693299,0
47046344M-104,2024-10-15 07:46:30.010000+00:00,walking,1,random_forest,20,47046344M-104_block_20,temporal_block,15.0,0.5958988163723195,1
47046344M-104,2024-10-15 07:46:31.010000+00:00,walking,1,random_forest,20,47046344M-104_block_20,temporal_block,15.0,0.697553687942204,1
47046344M-104,2024-10-15 07:46:32.010000+00:00,walking,1,random_forest,20,47046344M-104_block_20,temporal_block,15.0,0.7126199778766901,1
47046344M-104,2024-10-15 07:46:33.010000+00:00,walking,1,random_forest,20,47046344M-104_block_20,temporal_block,15.0,0.7254602480618255,1
47046344M-104,2024-10-15 07:46:34.010000+00:00,walking,1,random_forest,20,47046344M-104_block_20,temporal_block,15.0,0.7303952675585014,1
47046344M-104,2024-10-15 07:46:35.010000+00:00,walking,1,random_forest,20,47046344M-104_block_20,temporal_block,15.0,0.7366906177836731,1
47046344M-104,2024-10-15 07:46:36.010000+00:00,walking,1,random_forest,20,47046344M-104_block_20,temporal_block,15.0,0.7185329792752958,1
47046344M-104,2024-10-15 07:46:37.010000+00:00,walking,1,random_forest,20,47046344M-104_block_20,temporal_block,15.0,0.7262787635926472,1
47046344M-104,2024-10-15 07:46:38.010000+00:00,walking,1,random_forest,20,47046344M-104_block_20,temporal_block,15.0,0.7331404213312644,1
47046344M-104,2024-10-15 07:46:39.010000+00:00,walking,1,random_forest,20,47046344M-104_block_20,temporal_block,15.0,0.7145596572716778,1
47046344M-104,2024-10-15 07:46:40.010000+00:00,walking,1,random_forest,20,47046344M-104_block_20,temporal_block,15.0,0.7033272647434957,1
47046344M-104,2024-10-15 07:46:41.010000+00:00,walking,1,random_forest,20,47046344M-104_block_20,temporal_block,15.0,0.6695447821543755,1
47046344M-104,2024-10-15 07:46:42.010000+00:00,walking,1,random_forest,20,47046344M-104_block_20,temporal_block,15.0,0.6514797788664649,1
47046344M-104,2024-10-15 07:46:43.010000+00:00,walking,1,random_forest,20,47046344M-104_block_20,temporal_block,15.0,0.7122244449826999,1
47046344M-104,2024-10-15 07:46:44.010000+00:00,walking,1,random_forest,20,47046344M-104_block_20,temporal_block,15.0,0.7103776410261126,1
47046344M-104,2024-10-15 07:46:45.010000+00:00,walking,1,random_forest,20,47046344M-104_block_20,temporal_block,15.0,0.721326012159534,1
47046344M-104,2024-10-15 07:46:46.010000+00:00,walking,1,random_forest,20,47046344M-104_block_20,temporal_block,15.0,0.705887721477879,1
47046344M-104,2024-10-15 07:47:58.010000+00:00,walking,1,random_forest,21,47046344M-104_block_21,temporal_block,15.0,0.5576931188883936,1
47046344M-104,2024-10-15 07:47:59.010000+00:00,walking,1,random_forest,21,47046344M-104_block_21,temporal_block,15.0,0.4344921923143686,0
47046344M-104,2024-10-15 07:48:00.010000+00:00,walking,1,random_forest,21,47046344M-104_block_21,temporal_block,15.0,0.3625179090743618,0
47046344M-104,2024-10-15 07:48:01.010000+00:00,walking,1,random_forest,21,47046344M-104_block_21,temporal_block,15.0,0.5412857677416573,1
47046344M-104,2024-10-15 07:48:02.010000+00:00,walking,1,random_forest,21,47046344M-104_block_21,temporal_block,15.0,0.5883354129285917,1
47046344M-104,2024-10-15 07:48:03.010000+00:00,walking,1,random_forest,21,47046344M-104_block_21,temporal_block,15.0,0.6620578492198449,1
47046344M-104,2024-10-15 07:48:04.010000+00:00,walking,1,random_forest,21,47046344M-104_block_21,temporal_block,15.0,0.6385100375538645,1
47046344M-104,2024-10-15 07:48:05.010000+00:00,walking,1,random_forest,21,47046344M-104_block_21,temporal_block,15.0,0.6063824539895777,1
47046344M-104,2024-10-15 07:48:06.010000+00:00,walking,1,random_forest,21,47046344M-104_block_21,temporal_block,15.0,0.5587011816665531,1
47046344M-104,2024-10-15 07:48:07.010000+00:00,walking,1,random_forest,21,47046344M-104_block_21,temporal_block,15.0,0.552814116366214,1
47046344M-104,2024-10-15 07:48:08.010000+00:00,walking,1,random_forest,21,47046344M-104_block_21,temporal_block,15.0,0.608482197898239,1
47046344M-104,2024-10-15 07:48:09.010000+00:00,walking,1,random_forest,21,47046344M-104_block_21,temporal_block,15.0,0.5782489538469662,1
47046344M-104,2024-10-15 07:48:10.010000+00:00,walking,1,random_forest,21,47046344M-104_block_21,temporal_block,15.0,0.5693706177037234,1
47046344M-104,2024-10-15 07:48:11.010000+00:00,walking,1,random_forest,21,47046344M-104_block_21,temporal_block,15.0,0.5934881642598044,1
47046344M-104,2024-10-15 07:48:12.010000+00:00,walking,1,random_forest,21,47046344M-104_block_21,temporal_block,15.0,0.5955067863718312,1
47046344M-104,2024-10-15 07:48:13.010000+00:00,walking,1,random_forest,21,47046344M-104_block_21,temporal_block,15.0,0.6065018399362031,1
47046344M-104,2024-10-15 07:48:14.010000+00:00,walking,1,random_forest,21,47046344M-104_block_21,temporal_block,15.0,0.6108581927098414,1
47046344M-104,2024-10-15 07:48:15.010000+00:00,walking,1,random_forest,21,47046344M-104_block_21,temporal_block,15.0,0.5202179589242372,1
47046344M-104,2024-10-15 07:48:16.010000+00:00,walking,1,random_forest,21,47046344M-104_block_21,temporal_block,15.0,0.5543395857501635,1
47046344M-104,2024-10-15 07:48:17.010000+00:00,walking,1,random_forest,21,47046344M-104_block_21,temporal_block,15.0,0.5912908335333447,1
47046344M-104,2024-10-15 07:48:18.010000+00:00,walking,1,random_forest,21,47046344M-104_block_21,temporal_block,15.0,0.586659417213362,1
47046344M-104,2024-10-15 07:48:19.010000+00:00,walking,1,random_forest,21,47046344M-104_block_21,temporal_block,15.0,0.5865864414339574,1
47046344M-104,2024-10-15 07:48:20.010000+00:00,walking,1,random_forest,21,47046344M-104_block_21,temporal_block,15.0,0.48721090228596475,0
47046344M-104,2024-10-15 07:48:21.010000+00:00,walking,1,random_forest,21,47046344M-104_block_21,temporal_block,15.0,0.49941913368012025,0
47046344M-104,2024-10-15 07:48:22.010000+00:00,walking,1,random_forest,21,47046344M-104_block_21,temporal_block,15.0,0.5707358032870842,1
47046344M-104,2024-10-15 07:48:23.010000+00:00,walking,1,random_forest,21,47046344M-104_block_21,temporal_block,15.0,0.4539955596215225,0
47046344M-104,2024-10-15 07:48:24.010000+00:00,walking,1,random_forest,21,47046344M-104_block_21,temporal_block,15.0,0.5083014777632545,1
47046344M-104,2024-10-15 07:48:25.010000+00:00,walking,1,random_forest,21,47046344M-104_block_21,temporal_block,15.0,0.4087036828419468,0
47046344M-104,2024-10-15 07:48:26.010000+00:00,walking,1,random_forest,21,47046344M-104_block_21,temporal_block,15.0,0.3462522450445953,0
47046344M-104,2024-10-15 07:48:27.010000+00:00,walking,1,random_forest,21,47046344M-104_block_21,temporal_block,15.0,0.4700107826634536,0
47046344M-104,2024-10-15 07:48:28.010000+00:00,walking,1,random_forest,21,47046344M-104_block_21,temporal_block,15.0,0.5298574761088242,1
47046344M-104,2024-10-15 07:48:29.010000+00:00,walking,1,random_forest,21,47046344M-104_block_21,temporal_block,15.0,0.5614585573910378,1
47046344M-104,2024-10-15 07:48:30.010000+00:00,walking,1,random_forest,21,47046344M-104_block_21,temporal_block,15.0,0.5024885649659901,1
47046344M-104,2024-10-15 07:48:31.010000+00:00,walking,1,random_forest,21,47046344M-104_block_21,temporal_block,15.0,0.47650141677961094,0
47046344M-104,2024-10-15 07:48:32.010000+00:00,walking,1,random_forest,21,47046344M-104_block_21,temporal_block,15.0,0.5046931486408625,1
47046344M-104,2024-10-15 07:48:33.010000+00:00,walking,1,random_forest,21,47046344M-104_block_21,temporal_block,15.0,0.5006131366384666,1
47046344M-104,2024-10-15 07:48:34.010000+00:00,walking,1,random_forest,21,47046344M-104_block_21,temporal_block,15.0,0.4873602894586414,0
47046344M-104,2024-10-15 07:48:35.010000+00:00,walking,1,random_forest,21,47046344M-104_block_21,temporal_block,15.0,0.4780809773790052,0
47046344M-104,2024-10-15 07:48:36.010000+00:00,walking,1,random_forest,21,47046344M-104_block_21,temporal_block,15.0,0.47246894959295604,0
47046344M-104,2024-10-15 07:48:37.010000+00:00,walking,1,random_forest,21,47046344M-104_block_21,temporal_block,15.0,0.5077775366040821,1
47046344M-104,2024-10-15 07:48:38.010000+00:00,walking,1,random_forest,21,47046344M-104_block_21,temporal_block,15.0,0.5167555441760695,1
47046344M-104,2024-10-15 07:48:39.010000+00:00,walking,1,random_forest,21,47046344M-104_block_21,temporal_block,15.0,0.5107875068064394,1
47046344M-104,2024-10-15 07:48:40.010000+00:00,walking,1,random_forest,21,47046344M-104_block_21,temporal_block,15.0,0.5143973515024267,1
47046344M-104,2024-10-15 07:48:41.010000+00:00,walking,1,random_forest,21,47046344M-104_block_21,temporal_block,15.0,0.510353836164718,1
47046344M-104,2024-10-15 07:48:42.010000+00:00,walking,1,random_forest,21,47046344M-104_block_21,temporal_block,15.0,0.5140916339978248,1
663495-44,2025-03-22 17:02:13+00:00,walking,1,random_forest,22,663495-44_block_22,temporal_block,15.0,0.7948947272071749,1
663495-44,2025-03-22 17:02:14+00:00,walking,1,random_forest,22,663495-44_block_22,temporal_block,15.0,0.7968232372727022,1
663495-44,2025-03-22 17:02:15+00:00,walking,1,random_forest,22,663495-44_block_22,temporal_block,15.0,0.7858600025096685,1
663495-44,2025-03-22 17:02:16+00:00,walking,1,random_forest,22,663495-44_block_22,temporal_block,15.0,0.8279056709851794,1
663495-44,2025-03-22 17:02:17+00:00,walking,1,random_forest,22,663495-44_block_22,temporal_block,15.0,0.8763429402711955,1
663495-44,2025-03-22 17:02:18+00:00,walking,1,random_forest,22,663495-44_block_22,temporal_block,15.0,0.7943546802482003,1
663495-44,2025-03-22 17:02:19+00:00,walking,1,random_forest,22,663495-44_block_22,temporal_block,15.0,0.8675136038690662,1
663495-44,2025-03-22 17:02:20+00:00,walking,1,random_forest,22,663495-44_block_22,temporal_block,15.0,0.7751360988857627,1
663495-44,2025-03-22 17:02:21+00:00,walking,1,random_forest,22,663495-44_block_22,temporal_block,15.0,0.6537781784219567,1
663495-44,2025-03-22 17:02:22+00:00,walking,1,random_forest,22,663495-44_block_22,temporal_block,15.0,0.41325250070878566,0
663495-44,2025-03-22 17:02:23+00:00,walking,1,random_forest,22,663495-44_block_22,temporal_block,15.0,0.5046432731210977,1
663495-44,2025-03-22 17:02:24+00:00,walking,1,random_forest,22,663495-44_block_22,temporal_block,15.0,0.7556569619592018,1
663495-44,2025-03-22 17:02:25+00:00,walking,1,random_forest,22,663495-44_block_22,temporal_block,15.0,0.782265174900079,1
663495-44,2025-03-22 17:02:26+00:00,walking,1,random_forest,22,663495-44_block_22,temporal_block,15.0,0.8577620425863843,1
663495-44,2025-03-22 17:02:27+00:00,walking,1,random_forest,22,663495-44_block_22,temporal_block,15.0,0.8773400108593694,1
663495-44,2025-03-22 17:02:28+00:00,walking,1,random_forest,22,663495-44_block_22,temporal_block,15.0,0.872640640735709,1
663495-44,2025-03-22 17:02:29+00:00,walking,1,random_forest,22,663495-44_block_22,temporal_block,15.0,0.9117718276784514,1
663495-44,2025-03-22 17:02:30+00:00,walking,1,random_forest,22,663495-44_block_22,temporal_block,15.0,0.9114878070529346,1
663495-44,2025-03-22 17:02:31+00:00,walking,1,random_forest,22,663495-44_block_22,temporal_block,15.0,0.9204706795934534,1
663495-44,2025-03-22 17:02:32+00:00,walking,1,random_forest,22,663495-44_block_22,temporal_block,15.0,0.6121048541874731,1
663495-44,2025-03-22 17:02:33+00:00,walking,1,random_forest,22,663495-44_block_22,temporal_block,15.0,0.5659930515539476,1
663495-44,2025-03-22 17:02:34+00:00,walking,1,random_forest,22,663495-44_block_22,temporal_block,15.0,0.4135626248988243,0
663495-44,2025-03-22 17:02:35+00:00,walking,1,random_forest,22,663495-44_block_22,temporal_block,15.0,0.546236827023179,1
663495-44,2025-03-22 17:02:36+00:00,walking,1,random_forest,22,663495-44_block_22,temporal_block,15.0,0.5247640413205178,1
663495-44,2025-03-22 17:02:37+00:00,walking,1,random_forest,22,663495-44_block_22,temporal_block,15.0,0.6684180029208255,1
663495-44,2025-03-22 17:02:38+00:00,walking,1,random_forest,22,663495-44_block_22,temporal_block,15.0,0.6382829822520392,1
663495-44,2025-03-22 17:02:39+00:00,walking,1,random_forest,22,663495-44_block_22,temporal_block,15.0,0.5731644374633009,1
663495-44,2025-03-22 17:02:40+00:00,walking,1,random_forest,22,663495-44_block_22,temporal_block,15.0,0.34965549053813016,0
663495-44,2025-03-22 17:02:41+00:00,walking,1,random_forest,22,663495-44_block_22,temporal_block,15.0,0.3334740560277346,0
663495-44,2025-03-22 17:02:42+00:00,walking,1,random_forest,22,663495-44_block_22,temporal_block,15.0,0.42613320152404344,0
663495-44,2025-03-22 17:02:43+00:00,walking,1,random_forest,22,663495-44_block_22,temporal_block,15.0,0.38249959706628534,0
663495-44,2025-03-22 17:03:09.010000+00:00,walking,1,random_forest,23,663495-44_block_23,temporal_block,15.0,0.6035084965856576,1
663495-44,2025-03-22 17:03:10.010000+00:00,walking,1,random_forest,23,663495-44_block_23,temporal_block,15.0,0.6203383934607684,1
663495-44,2025-03-22 17:03:11.010000+00:00,walking,1,random_forest,23,663495-44_block_23,temporal_block,15.0,0.798893776723122,1
663495-44,2025-03-22 17:03:12.010000+00:00,walking,1,random_forest,23,663495-44_block_23,temporal_block,15.0,0.7688896718527849,1
663495-44,2025-03-22 17:03:13.010000+00:00,walking,1,random_forest,23,663495-44_block_23,temporal_block,15.0,0.7423914141633241,1
663495-44,2025-03-22 17:03:14.010000+00:00,walking,1,random_forest,23,663495-44_block_23,temporal_block,15.0,0.7784872410825169,1
663495-44,2025-03-22 17:03:15.010000+00:00,walking,1,random_forest,23,663495-44_block_23,temporal_block,15.0,0.7371002286819784,1
663495-44,2025-03-22 17:03:16.010000+00:00,walking,1,random_forest,23,663495-44_block_23,temporal_block,15.0,0.6581797459601316,1
663495-44,2025-03-22 17:03:17.010000+00:00,walking,1,random_forest,23,663495-44_block_23,temporal_block,15.0,0.5770223692903087,1
663495-44,2025-03-22 17:03:18.010000+00:00,walking,1,random_forest,23,663495-44_block_23,temporal_block,15.0,0.6546036419708215,1
663495-44,2025-03-22 17:03:19.010000+00:00,walking,1,random_forest,23,663495-44_block_23,temporal_block,15.0,0.8298859114499993,1
663495-44,2025-03-22 17:03:20.010000+00:00,walking,1,random_forest,23,663495-44_block_23,temporal_block,15.0,0.8031624920038694,1
663495-44,2025-03-22 17:03:21.010000+00:00,walking,1,random_forest,23,663495-44_block_23,temporal_block,15.0,0.8247826581279885,1
663495-44,2025-03-22 17:03:22.010000+00:00,walking,1,random_forest,23,663495-44_block_23,temporal_block,15.0,0.6478664614990756,1
663495-44,2025-03-22 17:03:23.010000+00:00,walking,1,random_forest,23,663495-44_block_23,temporal_block,15.0,0.826494811521982,1
663495-44,2025-03-22 17:03:24.010000+00:00,walking,1,random_forest,23,663495-44_block_23,temporal_block,15.0,0.7758428464180848,1
663495-44,2025-03-22 17:03:25.010000+00:00,walking,1,random_forest,23,663495-44_block_23,temporal_block,15.0,0.8598656858930444,1
663495-44,2025-03-22 17:03:26.010000+00:00,walking,1,random_forest,23,663495-44_block_23,temporal_block,15.0,0.8084462609957163,1
663495-44,2025-03-22 17:03:42.010000+00:00,not_walking,0,random_forest,24,663495-44_block_24,temporal_block,15.0,0.15236480491602333,0
663495-44,2025-03-22 17:03:43.010000+00:00,not_walking,0,random_forest,24,663495-44_block_24,temporal_block,15.0,0.15061217221839174,0
663495-44,2025-03-22 17:03:44.010000+00:00,not_walking,0,random_forest,24,663495-44_block_24,temporal_block,15.0,0.14154885748602614,0
663495-44,2025-03-22 17:03:45.010000+00:00,not_walking,0,random_forest,24,663495-44_block_24,temporal_block,15.0,0.1428401302845669,0
663495-44,2025-03-22 17:03:46.010000+00:00,not_walking,0,random_forest,24,663495-44_block_24,temporal_block,15.0,0.14980597748189678,0
663495-44,2025-03-22 17:03:47.010000+00:00,not_walking,0,random_forest,24,663495-44_block_24,temporal_block,15.0,0.1782943034146653,0
663495-44,2025-03-22 17:03:48.010000+00:00,not_walking,0,random_forest,24,663495-44_block_24,temporal_block,15.0,0.1665713981776908,0
663495-44,2025-03-22 17:03:49.010000+00:00,not_walking,0,random_forest,24,663495-44_block_24,temporal_block,15.0,0.16740077329454267,0
663495-44,2025-03-22 17:03:50.010000+00:00,not_walking,0,random_forest,24,663495-44_block_24,temporal_block,15.0,0.16610841769851914,0
663495-44,2025-03-22 17:03:51.010000+00:00,not_walking,0,random_forest,24,663495-44_block_24,temporal_block,15.0,0.1640093835459013,0
663495-44,2025-03-22 17:03:52.010000+00:00,not_walking,0,random_forest,24,663495-44_block_24,temporal_block,15.0,0.15869132334956546,0
663495-44,2025-03-22 17:03:53.010000+00:00,not_walking,0,random_forest,24,663495-44_block_24,temporal_block,15.0,0.18368933290513703,0
663495-44,2025-03-22 17:03:54.010000+00:00,not_walking,0,random_forest,24,663495-44_block_24,temporal_block,15.0,0.15180239917594154,0
663495-44,2025-03-22 17:03:55.010000+00:00,not_walking,0,random_forest,24,663495-44_block_24,temporal_block,15.0,0.13544323888474794,0
663495-44,2025-03-22 17:03:56.010000+00:00,not_walking,0,random_forest,24,663495-44_block_24,temporal_block,15.0,0.16812266601806203,0
663495-44,2025-03-22 17:03:57.010000+00:00,not_walking,0,random_forest,24,663495-44_block_24,temporal_block,15.0,0.1534995008482825,0
663495-44,2025-03-22 17:03:58.010000+00:00,not_walking,0,random_forest,24,663495-44_block_24,temporal_block,15.0,0.14835574431304976,0
663495-44,2025-03-22 17:03:59.010000+00:00,not_walking,0,random_forest,24,663495-44_block_24,temporal_block,15.0,0.14916386003507132,0
663495-44,2025-03-22 17:04:00.010000+00:00,not_walking,0,random_forest,24,663495-44_block_24,temporal_block,15.0,0.14829852916109643,0
663495-44,2025-03-22 17:04:01.010000+00:00,not_walking,0,random_forest,24,663495-44_block_24,temporal_block,15.0,0.1500883941463518,0
663495-44,2025-03-22 17:04:02.010000+00:00,not_walking,0,random_forest,24,663495-44_block_24,temporal_block,15.0,0.16023773790408166,0
663495-44,2025-03-22 17:04:03.010000+00:00,not_walking,0,random_forest,24,663495-44_block_24,temporal_block,15.0,0.16135487970688964,0
663495-44,2025-03-22 17:04:04.010000+00:00,not_walking,0,random_forest,24,663495-44_block_24,temporal_block,15.0,0.1602427596434689,0
663495-44,2025-03-22 17:04:05.010000+00:00,not_walking,0,random_forest,24,663495-44_block_24,temporal_block,15.0,0.16754172421781835,0
663495-44,2025-03-22 17:04:06.010000+00:00,not_walking,0,random_forest,24,663495-44_block_24,temporal_block,15.0,0.179946598303632,0
663495-44,2025-03-22 17:04:07.010000+00:00,not_walking,0,random_forest,24,663495-44_block_24,temporal_block,15.0,0.183480917666086,0
663495-44,2025-03-22 17:04:08.010000+00:00,not_walking,0,random_forest,24,663495-44_block_24,temporal_block,15.0,0.1897999221112953,0
663495-44,2025-03-22 17:04:13.010000+00:00,walking,1,random_forest,24,663495-44_block_24,temporal_block,15.0,0.7908164313528186,1
663495-44,2025-03-22 17:04:14.010000+00:00,walking,1,random_forest,24,663495-44_block_24,temporal_block,15.0,0.8493183088667805,1
663495-44,2025-03-22 17:04:15.010000+00:00,walking,1,random_forest,24,663495-44_block_24,temporal_block,15.0,0.7644937585039364,1
663495-44,2025-03-22 17:04:16.010000+00:00,walking,1,random_forest,24,663495-44_block_24,temporal_block,15.0,0.6564421557933343,1
663495-44,2025-03-22 17:04:17.010000+00:00,walking,1,random_forest,24,663495-44_block_24,temporal_block,15.0,0.4175349910853374,0
663495-44,2025-03-22 17:04:18.010000+00:00,walking,1,random_forest,24,663495-44_block_24,temporal_block,15.0,0.704946797043217,1
663495-44,2025-03-22 17:04:19.010000+00:00,walking,1,random_forest,24,663495-44_block_24,temporal_block,15.0,0.7581614085327566,1
663495-44,2025-03-22 17:04:20.010000+00:00,walking,1,random_forest,24,663495-44_block_24,temporal_block,15.0,0.7913826870992625,1
663495-44,2025-03-22 17:04:21.010000+00:00,walking,1,random_forest,24,663495-44_block_24,temporal_block,15.0,0.8171644290632336,1
663495-44,2025-03-22 17:04:22.010000+00:00,walking,1,random_forest,24,663495-44_block_24,temporal_block,15.0,0.8605969200077987,1
663495-44,2025-03-22 17:04:23.010000+00:00,walking,1,random_forest,24,663495-44_block_24,temporal_block,15.0,0.7030957525089989,1
663495-44,2025-03-22 17:04:24.010000+00:00,walking,1,random_forest,24,663495-44_block_24,temporal_block,15.0,0.7471948043894313,1
663495-44,2025-03-22 17:04:25.010000+00:00,walking,1,random_forest,24,663495-44_block_24,temporal_block,15.0,0.6998936985002264,1
TABUENCA01-45,2024-04-25 14:14:51.020000+00:00,walking,1,random_forest,25,TABUENCA01-45_block_25,temporal_block,15.0,0.7921536150286325,1
TABUENCA01-45,2024-04-25 14:14:52.020000+00:00,walking,1,random_forest,25,TABUENCA01-45_block_25,temporal_block,15.0,0.8892758161760855,1
TABUENCA01-45,2024-04-25 14:14:53.020000+00:00,walking,1,random_forest,25,TABUENCA01-45_block_25,temporal_block,15.0,0.9711992921220404,1
TABUENCA01-45,2024-04-25 14:14:54.020000+00:00,walking,1,random_forest,25,TABUENCA01-45_block_25,temporal_block,15.0,0.9756998463760864,1
TABUENCA01-45,2024-04-25 14:14:55.020000+00:00,walking,1,random_forest,25,TABUENCA01-45_block_25,temporal_block,15.0,0.9545608814591018,1
TABUENCA01-45,2024-04-25 14:14:56.020000+00:00,walking,1,random_forest,25,TABUENCA01-45_block_25,temporal_block,15.0,0.9659785110041526,1
TABUENCA01-45,2024-04-25 14:14:57.020000+00:00,walking,1,random_forest,25,TABUENCA01-45_block_25,temporal_block,15.0,0.9731481581784042,1
TABUENCA01-45,2024-04-25 14:14:58.020000+00:00,walking,1,random_forest,25,TABUENCA01-45_block_25,temporal_block,15.0,0.974021220460854,1
TABUENCA01-45,2024-04-25 14:14:59.020000+00:00,walking,1,random_forest,25,TABUENCA01-45_block_25,temporal_block,15.0,0.9531225563785715,1
TABUENCA01-45,2024-04-25 14:15:00.020000+00:00,walking,1,random_forest,25,TABUENCA01-45_block_25,temporal_block,15.0,0.9852747212708334,1
TABUENCA01-45,2024-04-25 14:15:01.020000+00:00,walking,1,random_forest,25,TABUENCA01-45_block_25,temporal_block,15.0,0.9475917077190606,1
TABUENCA01-45,2024-04-25 14:15:02.020000+00:00,walking,1,random_forest,25,TABUENCA01-45_block_25,temporal_block,15.0,0.984956228712342,1
TABUENCA01-45,2024-04-25 14:15:03.020000+00:00,walking,1,random_forest,25,TABUENCA01-45_block_25,temporal_block,15.0,0.985448064928074,1
TABUENCA01-45,2024-04-25 14:15:04.020000+00:00,walking,1,random_forest,25,TABUENCA01-45_block_25,temporal_block,15.0,0.9589136862614452,1
TABUENCA01-45,2024-04-25 14:15:05.020000+00:00,walking,1,random_forest,25,TABUENCA01-45_block_25,temporal_block,15.0,0.9891642272222778,1
TABUENCA01-45,2024-04-25 14:15:06.020000+00:00,walking,1,random_forest,25,TABUENCA01-45_block_25,temporal_block,15.0,0.9744311636235365,1
TABUENCA01-45,2024-04-25 14:15:07.020000+00:00,walking,1,random_forest,25,TABUENCA01-45_block_25,temporal_block,15.0,0.9806434689940838,1
TABUENCA01-45,2024-04-25 14:15:08.020000+00:00,walking,1,random_forest,25,TABUENCA01-45_block_25,temporal_block,15.0,0.9839870812661631,1
TABUENCA01-45,2024-04-25 14:15:09.020000+00:00,walking,1,random_forest,25,TABUENCA01-45_block_25,temporal_block,15.0,0.9805126790477772,1
TABUENCA01-45,2024-04-25 14:15:10.020000+00:00,walking,1,random_forest,25,TABUENCA01-45_block_25,temporal_block,15.0,0.9840304805410592,1
TABUENCA01-45,2024-04-25 14:15:11.020000+00:00,walking,1,random_forest,25,TABUENCA01-45_block_25,temporal_block,15.0,0.9783549075383786,1
TABUENCA01-45,2024-04-25 14:15:12.020000+00:00,walking,1,random_forest,25,TABUENCA01-45_block_25,temporal_block,15.0,0.9893435452186932,1
TABUENCA01-45,2024-04-25 14:15:13.020000+00:00,walking,1,random_forest,25,TABUENCA01-45_block_25,temporal_block,15.0,0.9554465837318323,1
TABUENCA01-45,2024-04-25 14:15:14.020000+00:00,walking,1,random_forest,25,TABUENCA01-45_block_25,temporal_block,15.0,0.9045980652505293,1
TABUENCA01-45,2024-04-25 14:15:15.020000+00:00,walking,1,random_forest,25,TABUENCA01-45_block_25,temporal_block,15.0,0.8811758251167244,1
TABUENCA01-45,2024-04-25 14:15:20.020000+00:00,not_walking,0,random_forest,25,TABUENCA01-45_block_25,temporal_block,15.0,0.04635283489735282,0
TABUENCA01-45,2024-04-25 14:15:21.020000+00:00,not_walking,0,random_forest,25,TABUENCA01-45_block_25,temporal_block,15.0,0.0289370176780898,0
TABUENCA01-45,2024-04-25 14:15:22.020000+00:00,not_walking,0,random_forest,25,TABUENCA01-45_block_25,temporal_block,15.0,0.025751666021388474,0
TABUENCA01-45,2024-04-25 14:15:23.020000+00:00,not_walking,0,random_forest,25,TABUENCA01-45_block_25,temporal_block,15.0,0.006603080061649973,0
TABUENCA01-45,2024-04-25 14:15:24.020000+00:00,not_walking,0,random_forest,25,TABUENCA01-45_block_25,temporal_block,15.0,0.06559195641383025,0
TABUENCA01-45,2024-04-25 14:15:25.020000+00:00,not_walking,0,random_forest,25,TABUENCA01-45_block_25,temporal_block,15.0,0.0628682773288757,0
TABUENCA01-45,2024-04-25 14:15:31.020000+00:00,walking,1,random_forest,26,TABUENCA01-45_block_26,temporal_block,15.0,0.988265683803412,1
TABUENCA01-45,2024-04-25 14:15:32.020000+00:00,walking,1,random_forest,26,TABUENCA01-45_block_26,temporal_block,15.0,0.9753393053320302,1
TABUENCA01-45,2024-04-25 14:15:33.020000+00:00,walking,1,random_forest,26,TABUENCA01-45_block_26,temporal_block,15.0,0.9803951186382642,1
TABUENCA01-45,2024-04-25 14:15:34.020000+00:00,walking,1,random_forest,26,TABUENCA01-45_block_26,temporal_block,15.0,0.9789206214028519,1
TABUENCA01-45,2024-04-25 14:15:35.020000+00:00,walking,1,random_forest,26,TABUENCA01-45_block_26,temporal_block,15.0,0.9751267942431686,1
TABUENCA01-45,2024-04-25 14:15:36.020000+00:00,walking,1,random_forest,26,TABUENCA01-45_block_26,temporal_block,15.0,0.9355751449116951,1
TABUENCA01-45,2024-04-25 14:15:37.020000+00:00,walking,1,random_forest,26,TABUENCA01-45_block_26,temporal_block,15.0,0.9548984903351884,1
TABUENCA01-45,2024-04-25 14:15:38.020000+00:00,walking,1,random_forest,26,TABUENCA01-45_block_26,temporal_block,15.0,0.9559755917057248,1
TABUENCA01-45,2024-04-25 14:15:39.020000+00:00,walking,1,random_forest,26,TABUENCA01-45_block_26,temporal_block,15.0,0.9698398969500185,1
TABUENCA01-45,2024-04-25 14:15:40.020000+00:00,walking,1,random_forest,26,TABUENCA01-45_block_26,temporal_block,15.0,0.9857055862424564,1
TABUENCA01-45,2024-04-25 14:15:41.020000+00:00,walking,1,random_forest,26,TABUENCA01-45_block_26,temporal_block,15.0,0.9807945328800237,1
TABUENCA01-45,2024-04-25 14:15:42.020000+00:00,walking,1,random_forest,26,TABUENCA01-45_block_26,temporal_block,15.0,0.9628160457916844,1
TABUENCA01-45,2024-04-25 14:15:43.020000+00:00,walking,1,random_forest,26,TABUENCA01-45_block_26,temporal_block,15.0,0.951043465465162,1
TABUENCA01-45,2024-04-25 14:15:44.020000+00:00,walking,1,random_forest,26,TABUENCA01-45_block_26,temporal_block,15.0,0.922463384502051,1
TABUENCA01-45,2024-04-25 14:15:45.020000+00:00,walking,1,random_forest,26,TABUENCA01-45_block_26,temporal_block,15.0,0.9566984854540167,1
TABUENCA01-45,2024-04-25 14:15:46.020000+00:00,walking,1,random_forest,26,TABUENCA01-45_block_26,temporal_block,15.0,0.9747754289516796,1
TABUENCA01-45,2024-04-25 14:15:47.020000+00:00,walking,1,random_forest,26,TABUENCA01-45_block_26,temporal_block,15.0,0.9808835166844229,1
TABUENCA01-45,2024-04-25 14:15:48.020000+00:00,walking,1,random_forest,26,TABUENCA01-45_block_26,temporal_block,15.0,0.9542687231879364,1
TABUENCA01-45,2024-04-25 14:15:49.020000+00:00,walking,1,random_forest,26,TABUENCA01-45_block_26,temporal_block,15.0,0.9680253488419033,1
TABUENCA01-45,2024-04-25 14:15:50.020000+00:00,walking,1,random_forest,26,TABUENCA01-45_block_26,temporal_block,15.0,0.9560260637019907,1
TABUENCA01-45,2024-04-25 14:15:51.020000+00:00,walking,1,random_forest,26,TABUENCA01-45_block_26,temporal_block,15.0,0.9332124539214945,1
TABUENCA01-45,2024-04-25 14:15:52.020000+00:00,walking,1,random_forest,26,TABUENCA01-45_block_26,temporal_block,15.0,0.941468388097944,1
TABUENCA01-45,2024-04-25 14:15:53.020000+00:00,walking,1,random_forest,26,TABUENCA01-45_block_26,temporal_block,15.0,0.9554342242249892,1
TABUENCA01-45,2024-04-25 14:15:54.020000+00:00,walking,1,random_forest,26,TABUENCA01-45_block_26,temporal_block,15.0,0.942644591397664,1
TABUENCA01-45,2024-04-25 14:15:55.020000+00:00,walking,1,random_forest,26,TABUENCA01-45_block_26,temporal_block,15.0,0.9857400942041122,1
TABUENCA01-45,2024-04-25 14:15:56.020000+00:00,walking,1,random_forest,26,TABUENCA01-45_block_26,temporal_block,15.0,0.958218024053931,1
TABUENCA01-45,2024-04-25 14:15:57.020000+00:00,walking,1,random_forest,26,TABUENCA01-45_block_26,temporal_block,15.0,0.8518059739905209,1
TABUENCA01-45,2024-04-25 14:15:58.020000+00:00,walking,1,random_forest,26,TABUENCA01-45_block_26,temporal_block,15.0,0.9247651676038389,1
TABUENCA01-45,2024-04-25 14:15:59.020000+00:00,walking,1,random_forest,26,TABUENCA01-45_block_26,temporal_block,15.0,0.8905065136093376,1
TABUENCA01-45,2024-04-25 14:16:00.020000+00:00,walking,1,random_forest,26,TABUENCA01-45_block_26,temporal_block,15.0,0.9045044305015927,1
TABUENCA01-45,2024-04-25 14:16:01.020000+00:00,walking,1,random_forest,26,TABUENCA01-45_block_26,temporal_block,15.0,0.9783286610395362,1
TABUENCA01-45,2024-04-25 14:16:02.020000+00:00,walking,1,random_forest,26,TABUENCA01-45_block_26,temporal_block,15.0,0.9857968889515479,1
TABUENCA01-45,2024-04-25 14:16:03.020000+00:00,walking,1,random_forest,26,TABUENCA01-45_block_26,temporal_block,15.0,0.9727139169715684,1
TABUENCA01-45,2024-04-25 14:16:04.020000+00:00,walking,1,random_forest,26,TABUENCA01-45_block_26,temporal_block,15.0,0.9336923563070633,1
TABUENCA01-45,2024-04-25 14:16:05.020000+00:00,walking,1,random_forest,26,TABUENCA01-45_block_26,temporal_block,15.0,0.9751039958960324,1
TABUENCA01-45,2024-04-25 14:16:06.020000+00:00,walking,1,random_forest,26,TABUENCA01-45_block_26,temporal_block,15.0,0.9125728315799452,1
TABUENCA01-45,2024-04-25 14:16:07.020000+00:00,walking,1,random_forest,26,TABUENCA01-45_block_26,temporal_block,15.0,0.8805925224291576,1
TABUENCA01-45,2024-04-25 14:16:08.020000+00:00,walking,1,random_forest,26,TABUENCA01-45_block_26,temporal_block,15.0,0.9640988794251665,1
TABUENCA01-45,2024-04-25 14:16:09.020000+00:00,walking,1,random_forest,26,TABUENCA01-45_block_26,temporal_block,15.0,0.9367694271473397,1
TABUENCA01-45,2024-04-25 14:16:10.020000+00:00,walking,1,random_forest,26,TABUENCA01-45_block_26,temporal_block,15.0,0.9725996031950391,1
TABUENCA01-45,2024-04-25 14:16:11.020000+00:00,walking,1,random_forest,26,TABUENCA01-45_block_26,temporal_block,15.0,0.9740797556804885,1
TABUENCA01-45,2024-04-25 14:16:12.020000+00:00,walking,1,random_forest,26,TABUENCA01-45_block_26,temporal_block,15.0,0.9231746984290226,1
TABUENCA01-45,2024-04-25 14:16:13.020000+00:00,walking,1,random_forest,26,TABUENCA01-45_block_26,temporal_block,15.0,0.9428681102849655,1
TABUENCA01-45,2024-04-25 14:16:14.020000+00:00,walking,1,random_forest,26,TABUENCA01-45_block_26,temporal_block,15.0,0.9674095082861853,1
TABUENCA01-45,2024-04-25 14:16:15.020000+00:00,walking,1,random_forest,26,TABUENCA01-45_block_26,temporal_block,15.0,0.9756948687639557,1
TABUENCA01-45,2024-04-25 14:16:16.020000+00:00,walking,1,random_forest,26,TABUENCA01-45_block_26,temporal_block,15.0,0.9582598736332949,1
TABUENCA01-45,2024-04-25 14:16:17.020000+00:00,walking,1,random_forest,26,TABUENCA01-45_block_26,temporal_block,15.0,0.9871514219630533,1
TABUENCA01-45,2024-04-25 14:16:18.020000+00:00,walking,1,random_forest,26,TABUENCA01-45_block_26,temporal_block,15.0,0.9788457280891053,1
TABUENCA01-45,2024-04-25 14:16:19.020000+00:00,walking,1,random_forest,26,TABUENCA01-45_block_26,temporal_block,15.0,0.9795506198460732,1
TABUENCA01-45,2024-04-25 14:16:20.020000+00:00,walking,1,random_forest,26,TABUENCA01-45_block_26,temporal_block,15.0,0.9535016049615672,1
TABUENCA01-45,2024-04-25 14:16:21.020000+00:00,walking,1,random_forest,26,TABUENCA01-45_block_26,temporal_block,15.0,0.9719233466273626,1
TABUENCA01-45,2024-04-25 14:16:22.020000+00:00,walking,1,random_forest,26,TABUENCA01-45_block_26,temporal_block,15.0,0.864789020618846,1
TABUENCA01-45,2024-04-25 14:16:23.020000+00:00,walking,1,random_forest,26,TABUENCA01-45_block_26,temporal_block,15.0,0.9689454714879782,1
TABUENCA01-45,2024-04-25 14:16:24.020000+00:00,walking,1,random_forest,26,TABUENCA01-45_block_26,temporal_block,15.0,0.9591544498352498,1
TABUENCA01-45,2024-04-25 14:16:25.020000+00:00,walking,1,random_forest,26,TABUENCA01-45_block_26,temporal_block,15.0,0.9672865425845474,1
TABUENCA01-45,2024-04-25 14:16:26.020000+00:00,walking,1,random_forest,26,TABUENCA01-45_block_26,temporal_block,15.0,0.968465587790235,1
TABUENCA01-45,2024-04-25 14:16:27.020000+00:00,walking,1,random_forest,26,TABUENCA01-45_block_26,temporal_block,15.0,0.9863918891876925,1
TABUENCA01-45,2024-04-25 14:16:28.020000+00:00,walking,1,random_forest,26,TABUENCA01-45_block_26,temporal_block,15.0,0.9753191911600402,1
TABUENCA01-45,2024-04-25 14:16:29.020000+00:00,walking,1,random_forest,26,TABUENCA01-45_block_26,temporal_block,15.0,0.9742624816367034,1
TABUENCA01-45,2024-04-25 14:16:30.020000+00:00,walking,1,random_forest,26,TABUENCA01-45_block_26,temporal_block,15.0,0.940017664059043,1
TABUENCA01-45,2024-04-25 14:16:31.020000+00:00,walking,1,random_forest,26,TABUENCA01-45_block_26,temporal_block,15.0,0.9421806850347868,1
TABUENCA01-45,2024-04-25 14:16:32.020000+00:00,walking,1,random_forest,26,TABUENCA01-45_block_26,temporal_block,15.0,0.9126296463593144,1
TABUENCA01-45,2024-04-25 14:16:33.020000+00:00,walking,1,random_forest,26,TABUENCA01-45_block_26,temporal_block,15.0,0.9608335040221531,1
TABUENCA01-45,2024-04-25 14:16:34.020000+00:00,walking,1,random_forest,26,TABUENCA01-45_block_26,temporal_block,15.0,0.9691828247414684,1
TABUENCA01-45,2024-04-25 14:16:35.020000+00:00,walking,1,random_forest,26,TABUENCA01-45_block_26,temporal_block,15.0,0.9806257387337034,1
TABUENCA01-45,2024-04-25 14:16:36.020000+00:00,walking,1,random_forest,26,TABUENCA01-45_block_26,temporal_block,15.0,0.9840255198743845,1
TABUENCA01-45,2024-04-25 14:16:37.020000+00:00,walking,1,random_forest,26,TABUENCA01-45_block_26,temporal_block,15.0,0.9551694390998064,1
TABUENCA01-45,2024-04-25 14:16:38.020000+00:00,walking,1,random_forest,26,TABUENCA01-45_block_26,temporal_block,15.0,0.976384796024261,1
TABUENCA01-45,2024-04-25 14:16:39.020000+00:00,walking,1,random_forest,26,TABUENCA01-45_block_26,temporal_block,15.0,0.9649839601528402,1
TABUENCA01-45,2024-04-25 14:16:40.020000+00:00,walking,1,random_forest,26,TABUENCA01-45_block_26,temporal_block,15.0,0.9680158859175644,1
TABUENCA01-45,2024-04-25 14:16:41.020000+00:00,walking,1,random_forest,26,TABUENCA01-45_block_26,temporal_block,15.0,0.9876809173515309,1
TABUENCA01-45,2024-04-25 14:16:42.020000+00:00,walking,1,random_forest,26,TABUENCA01-45_block_26,temporal_block,15.0,0.9860094508800284,1
TABUENCA01-45,2024-04-25 14:16:43.020000+00:00,walking,1,random_forest,26,TABUENCA01-45_block_26,temporal_block,15.0,0.9686940421639221,1
TABUENCA01-45,2024-04-25 14:16:44.020000+00:00,walking,1,random_forest,26,TABUENCA01-45_block_26,temporal_block,15.0,0.9808881928519215,1
TABUENCA01-45,2024-04-25 14:16:45.020000+00:00,walking,1,random_forest,26,TABUENCA01-45_block_26,temporal_block,15.0,0.9812592380040476,1
TABUENCA01-45,2024-04-25 14:16:46.020000+00:00,walking,1,random_forest,26,TABUENCA01-45_block_26,temporal_block,15.0,0.9435456082019376,1
TABUENCA01-45,2024-04-25 14:16:47.020000+00:00,walking,1,random_forest,26,TABUENCA01-45_block_26,temporal_block,15.0,0.9833441236908859,1
TABUENCA01-45,2024-04-25 14:16:48.020000+00:00,walking,1,random_forest,26,TABUENCA01-45_block_26,temporal_block,15.0,0.9833470503910521,1
TABUENCA01-45,2024-04-25 14:16:49.020000+00:00,walking,1,random_forest,26,TABUENCA01-45_block_26,temporal_block,15.0,0.9824364444554129,1
TABUENCA01-45,2024-04-25 14:16:50.020000+00:00,walking,1,random_forest,26,TABUENCA01-45_block_26,temporal_block,15.0,0.9578473263156617,1
TABUENCA01-45,2024-04-25 14:16:51.020000+00:00,walking,1,random_forest,26,TABUENCA01-45_block_26,temporal_block,15.0,0.9744699761227075,1
TABUENCA01-45,2024-04-25 14:16:52.020000+00:00,walking,1,random_forest,26,TABUENCA01-45_block_26,temporal_block,15.0,0.9866798121217049,1
TABUENCA01-45,2024-04-25 14:16:53.020000+00:00,walking,1,random_forest,26,TABUENCA01-45_block_26,temporal_block,15.0,0.9773872814238668,1
TABUENCA01-45,2024-04-25 14:16:54.020000+00:00,walking,1,random_forest,26,TABUENCA01-45_block_26,temporal_block,15.0,0.9842136732754236,1
TABUENCA01-45,2024-04-25 14:16:55.020000+00:00,walking,1,random_forest,26,TABUENCA01-45_block_26,temporal_block,15.0,0.9744060420848507,1
TABUENCA01-45,2024-04-25 14:16:56.020000+00:00,walking,1,random_forest,26,TABUENCA01-45_block_26,temporal_block,15.0,0.9784931627109457,1
TABUENCA01-45,2024-04-25 14:16:57.020000+00:00,walking,1,random_forest,26,TABUENCA01-45_block_26,temporal_block,15.0,0.9726902885183943,1
TABUENCA01-45,2024-04-25 14:16:58.020000+00:00,walking,1,random_forest,26,TABUENCA01-45_block_26,temporal_block,15.0,0.9844944505454669,1
TABUENCA01-45,2024-04-25 14:16:59.020000+00:00,walking,1,random_forest,26,TABUENCA01-45_block_26,temporal_block,15.0,0.9820749773235343,1
TABUENCA01-45,2024-04-25 14:17:00.020000+00:00,walking,1,random_forest,26,TABUENCA01-45_block_26,temporal_block,15.0,0.9861297279097497,1
TABUENCA01-45,2024-04-25 14:17:01.020000+00:00,walking,1,random_forest,26,TABUENCA01-45_block_26,temporal_block,15.0,0.9571557808802615,1
TABUENCA01-45,2024-04-25 14:17:02.020000+00:00,walking,1,random_forest,26,TABUENCA01-45_block_26,temporal_block,15.0,0.9818480323409218,1
TABUENCA01-45,2024-04-25 14:17:03.020000+00:00,walking,1,random_forest,26,TABUENCA01-45_block_26,temporal_block,15.0,0.9880372586325719,1
TABUENCA01-45,2024-04-25 14:17:04.020000+00:00,walking,1,random_forest,26,TABUENCA01-45_block_26,temporal_block,15.0,0.9810787807738577,1
TABUENCA01-45,2024-04-25 14:17:05.020000+00:00,walking,1,random_forest,26,TABUENCA01-45_block_26,temporal_block,15.0,0.9789090254094267,1
TABUENCA01-45,2024-04-25 14:17:06.020000+00:00,walking,1,random_forest,26,TABUENCA01-45_block_26,temporal_block,15.0,0.9857228588091391,1
TABUENCA01-45,2024-04-25 14:17:07.020000+00:00,walking,1,random_forest,26,TABUENCA01-45_block_26,temporal_block,15.0,0.9882313281632507,1
TABUENCA01-45,2024-04-25 14:17:08.020000+00:00,walking,1,random_forest,26,TABUENCA01-45_block_26,temporal_block,15.0,0.9881863997312074,1
TABUENCA01-45,2024-04-25 14:17:09.020000+00:00,walking,1,random_forest,26,TABUENCA01-45_block_26,temporal_block,15.0,0.9881150801155826,1
TABUENCA01-45,2024-04-25 14:17:10.020000+00:00,walking,1,random_forest,26,TABUENCA01-45_block_26,temporal_block,15.0,0.9872474419627544,1
TABUENCA01-45,2024-04-25 14:17:11.020000+00:00,walking,1,random_forest,26,TABUENCA01-45_block_26,temporal_block,15.0,0.988265683803412,1
TABUENCA01-45,2024-04-25 14:17:12.020000+00:00,walking,1,random_forest,26,TABUENCA01-45_block_26,temporal_block,15.0,0.9804189584727908,1
TABUENCA01-45,2024-04-25 14:17:13.020000+00:00,walking,1,random_forest,26,TABUENCA01-45_block_26,temporal_block,15.0,0.9874647324305814,1
TABUENCA01-45,2024-04-25 14:17:14.020000+00:00,walking,1,random_forest,26,TABUENCA01-45_block_26,temporal_block,15.0,0.9832429859341001,1
TABUENCA01-45,2024-04-25 14:17:15.020000+00:00,walking,1,random_forest,26,TABUENCA01-45_block_26,temporal_block,15.0,0.9762986848671269,1
TABUENCA01-45,2024-04-25 14:17:16.020000+00:00,walking,1,random_forest,26,TABUENCA01-45_block_26,temporal_block,15.0,0.9847314006187249,1
TABUENCA01-45,2024-04-25 14:17:17.020000+00:00,walking,1,random_forest,26,TABUENCA01-45_block_26,temporal_block,15.0,0.9823582411844095,1
TABUENCA01-45,2024-04-25 14:17:18.020000+00:00,walking,1,random_forest,26,TABUENCA01-45_block_26,temporal_block,15.0,0.9869424296782573,1
TABUENCA01-45,2024-04-25 14:17:19.020000+00:00,walking,1,random_forest,26,TABUENCA01-45_block_26,temporal_block,15.0,0.9881948878904825,1
TABUENCA01-45,2024-04-25 14:17:20.020000+00:00,walking,1,random_forest,26,TABUENCA01-45_block_26,temporal_block,15.0,0.981994712325775,1
TABUENCA01-45,2024-04-25 14:17:21.020000+00:00,walking,1,random_forest,26,TABUENCA01-45_block_26,temporal_block,15.0,0.9861579059240659,1
TABUENCA01-45,2024-04-25 14:17:22.020000+00:00,walking,1,random_forest,26,TABUENCA01-45_block_26,temporal_block,15.0,0.9851533489944613,1
TABUENCA01-45,2024-04-25 14:17:23.020000+00:00,walking,1,random_forest,26,TABUENCA01-45_block_26,temporal_block,15.0,0.9861147691329076,1
TABUENCA01-45,2024-04-25 14:17:24.020000+00:00,walking,1,random_forest,26,TABUENCA01-45_block_26,temporal_block,15.0,0.9836778464498411,1
TABUENCA01-45,2024-04-25 14:17:25.020000+00:00,walking,1,random_forest,26,TABUENCA01-45_block_26,temporal_block,15.0,0.9879024136613445,1
TABUENCA01-45,2024-04-25 14:17:26.020000+00:00,walking,1,random_forest,26,TABUENCA01-45_block_26,temporal_block,15.0,0.9838737562426609,1
TABUENCA01-45,2024-04-25 14:17:27.020000+00:00,walking,1,random_forest,26,TABUENCA01-45_block_26,temporal_block,15.0,0.9821240231272284,1
TABUENCA01-45,2024-04-25 14:17:28.020000+00:00,walking,1,random_forest,26,TABUENCA01-45_block_26,temporal_block,15.0,0.9783504928600338,1
TABUENCA01-45,2024-04-25 14:17:33.040000+00:00,not_walking,0,random_forest,27,TABUENCA01-45_block_27,temporal_block,15.0,0.05014041370072697,0
TABUENCA01-45,2024-04-25 14:17:34.040000+00:00,not_walking,0,random_forest,27,TABUENCA01-45_block_27,temporal_block,15.0,0.028153381835525366,0
TABUENCA01-45,2024-04-25 14:17:35.040000+00:00,not_walking,0,random_forest,27,TABUENCA01-45_block_27,temporal_block,15.0,0.01283056711447933,0
TABUENCA01-45,2024-04-25 14:17:36.040000+00:00,not_walking,0,random_forest,27,TABUENCA01-45_block_27,temporal_block,15.0,0.015746296710255396,0
TABUENCA01-45,2024-04-25 14:17:37.040000+00:00,not_walking,0,random_forest,27,TABUENCA01-45_block_27,temporal_block,15.0,0.009684554210975627,0
TABUENCA01-45,2024-04-25 14:17:38.040000+00:00,not_walking,0,random_forest,27,TABUENCA01-45_block_27,temporal_block,15.0,0.01447643735512702,0
TABUENCA01-45,2024-04-25 14:17:39.040000+00:00,not_walking,0,random_forest,27,TABUENCA01-45_block_27,temporal_block,15.0,0.008882719099353724,0
TABUENCA01-45,2024-04-25 14:17:40.040000+00:00,not_walking,0,random_forest,27,TABUENCA01-45_block_27,temporal_block,15.0,0.0087868728410473,0
TABUENCA01-45,2024-04-25 14:17:45.020000+00:00,walking,1,random_forest,27,TABUENCA01-45_block_27,temporal_block,15.0,0.9279787922260945,1
TABUENCA01-45,2024-04-25 14:17:46.020000+00:00,walking,1,random_forest,27,TABUENCA01-45_block_27,temporal_block,15.0,0.9774502682888249,1
TABUENCA01-45,2024-04-25 14:17:47.020000+00:00,walking,1,random_forest,27,TABUENCA01-45_block_27,temporal_block,15.0,0.985152383222928,1
TABUENCA01-45,2024-04-25 14:17:48.020000+00:00,walking,1,random_forest,27,TABUENCA01-45_block_27,temporal_block,15.0,0.9763812939562535,1
TABUENCA01-45,2024-04-25 14:17:49.020000+00:00,walking,1,random_forest,27,TABUENCA01-45_block_27,temporal_block,15.0,0.982447573278398,1
TABUENCA01-45,2024-04-25 14:17:50.020000+00:00,walking,1,random_forest,27,TABUENCA01-45_block_27,temporal_block,15.0,0.984698279055771,1
TABUENCA01-45,2024-04-25 14:17:51.020000+00:00,walking,1,random_forest,27,TABUENCA01-45_block_27,temporal_block,15.0,0.9867388827159116,1
TABUENCA01-45,2024-04-25 14:17:52.020000+00:00,walking,1,random_forest,27,TABUENCA01-45_block_27,temporal_block,15.0,0.9173101175135457,1
TABUENCA01-45,2024-04-25 14:17:53.020000+00:00,walking,1,random_forest,27,TABUENCA01-45_block_27,temporal_block,15.0,0.9857169833942547,1
TABUENCA01-45,2024-04-25 14:17:54.020000+00:00,walking,1,random_forest,27,TABUENCA01-45_block_27,temporal_block,15.0,0.9746908537873596,1
TABUENCA01-45,2024-04-25 14:17:55.020000+00:00,walking,1,random_forest,27,TABUENCA01-45_block_27,temporal_block,15.0,0.9721792322235296,1
TABUENCA01-45,2024-04-25 14:17:56.020000+00:00,walking,1,random_forest,27,TABUENCA01-45_block_27,temporal_block,15.0,0.9729926025438973,1
TABUENCA01-45,2024-04-25 14:17:57.020000+00:00,walking,1,random_forest,27,TABUENCA01-45_block_27,temporal_block,15.0,0.987030145615934,1
TABUENCA01-45,2024-04-25 14:17:58.020000+00:00,walking,1,random_forest,27,TABUENCA01-45_block_27,temporal_block,15.0,0.9855952053343365,1
TABUENCA01-45,2024-04-25 14:17:59.020000+00:00,walking,1,random_forest,27,TABUENCA01-45_block_27,temporal_block,15.0,0.9678415324377395,1
TABUENCA01-45,2024-04-25 14:18:00.020000+00:00,walking,1,random_forest,27,TABUENCA01-45_block_27,temporal_block,15.0,0.978054150142306,1
TABUENCA01-45,2024-04-25 14:18:01.020000+00:00,walking,1,random_forest,27,TABUENCA01-45_block_27,temporal_block,15.0,0.9692724378211786,1
TABUENCA01-45,2024-04-25 14:18:02.020000+00:00,walking,1,random_forest,27,TABUENCA01-45_block_27,temporal_block,15.0,0.987840373710517,1
TABUENCA01-45,2024-04-25 14:18:03.020000+00:00,walking,1,random_forest,27,TABUENCA01-45_block_27,temporal_block,15.0,0.9737855315335412,1
TABUENCA01-45,2024-04-25 14:18:04.020000+00:00,walking,1,random_forest,27,TABUENCA01-45_block_27,temporal_block,15.0,0.8853611144544946,1
TABUENCA01-45,2024-04-25 14:18:05.020000+00:00,walking,1,random_forest,27,TABUENCA01-45_block_27,temporal_block,15.0,0.9595567339824216,1
TABUENCA01-45,2024-04-25 14:18:06.020000+00:00,walking,1,random_forest,27,TABUENCA01-45_block_27,temporal_block,15.0,0.9870332661063933,1
TABUENCA01-45,2024-04-25 14:18:07.020000+00:00,walking,1,random_forest,27,TABUENCA01-45_block_27,temporal_block,15.0,0.9778912682005405,1
TABUENCA01-45,2024-04-25 14:18:08.020000+00:00,walking,1,random_forest,27,TABUENCA01-45_block_27,temporal_block,15.0,0.9690190056730978,1
TABUENCA01-45,2024-04-25 14:18:09.020000+00:00,walking,1,random_forest,27,TABUENCA01-45_block_27,temporal_block,15.0,0.9785221375771378,1
TABUENCA01-45,2024-04-25 14:18:10.020000+00:00,walking,1,random_forest,27,TABUENCA01-45_block_27,temporal_block,15.0,0.9805685889788276,1
TABUENCA01-45,2024-04-25 14:18:11.020000+00:00,walking,1,random_forest,27,TABUENCA01-45_block_27,temporal_block,15.0,0.9454626142352013,1
TABUENCA01-45,2024-04-25 14:18:12.020000+00:00,walking,1,random_forest,27,TABUENCA01-45_block_27,temporal_block,15.0,0.9637821351376404,1
TABUENCA01-45,2024-04-25 14:18:13.020000+00:00,walking,1,random_forest,27,TABUENCA01-45_block_27,temporal_block,15.0,0.9844343140774131,1
TABUENCA01-45,2024-04-25 14:18:14.020000+00:00,walking,1,random_forest,27,TABUENCA01-45_block_27,temporal_block,15.0,0.9453784279085947,1
TABUENCA01-45,2024-04-25 14:18:15.020000+00:00,walking,1,random_forest,27,TABUENCA01-45_block_27,temporal_block,15.0,0.8431915008213304,1
TABUENCA01-45,2024-04-25 14:18:16.020000+00:00,walking,1,random_forest,27,TABUENCA01-45_block_27,temporal_block,15.0,0.9805156513440181,1
TABUENCA01-45,2024-04-25 14:18:17.020000+00:00,walking,1,random_forest,27,TABUENCA01-45_block_27,temporal_block,15.0,0.9259848380423996,1
TABUENCA01-45,2024-04-25 14:18:18.020000+00:00,walking,1,random_forest,27,TABUENCA01-45_block_27,temporal_block,15.0,0.9733992625312405,1
TABUENCA01-45,2024-04-25 14:18:19.020000+00:00,walking,1,random_forest,27,TABUENCA01-45_block_27,temporal_block,15.0,0.9442480187622597,1
TABUENCA01-45,2024-04-25 14:18:20.020000+00:00,walking,1,random_forest,27,TABUENCA01-45_block_27,temporal_block,15.0,0.9258110940455725,1
TABUENCA01-45,2024-04-25 14:18:21.020000+00:00,walking,1,random_forest,27,TABUENCA01-45_block_27,temporal_block,15.0,0.9813542412797085,1
TABUENCA01-45,2024-04-25 14:18:22.020000+00:00,walking,1,random_forest,27,TABUENCA01-45_block_27,temporal_block,15.0,0.9686627486450399,1
TABUENCA01-45,2024-04-25 14:18:23.020000+00:00,walking,1,random_forest,27,TABUENCA01-45_block_27,temporal_block,15.0,0.9443636148223917,1
TABUENCA01-45,2024-04-25 14:18:24.020000+00:00,walking,1,random_forest,27,TABUENCA01-45_block_27,temporal_block,15.0,0.9563139445513639,1
TABUENCA01-45,2024-04-25 14:18:25.020000+00:00,walking,1,random_forest,27,TABUENCA01-45_block_27,temporal_block,15.0,0.9691822080308199,1
TABUENCA01-45,2024-04-25 14:18:26.020000+00:00,walking,1,random_forest,27,TABUENCA01-45_block_27,temporal_block,15.0,0.9867208064657187,1
TABUENCA01-45,2024-04-25 14:18:27.020000+00:00,walking,1,random_forest,27,TABUENCA01-45_block_27,temporal_block,15.0,0.9506484386437704,1
TABUENCA01-45,2024-04-25 14:18:28.020000+00:00,walking,1,random_forest,27,TABUENCA01-45_block_27,temporal_block,15.0,0.9400200094500508,1
TABUENCA01-45,2024-04-25 14:18:29.020000+00:00,walking,1,random_forest,27,TABUENCA01-45_block_27,temporal_block,15.0,0.9831516814660141,1
TABUENCA01-45,2024-04-25 14:18:30.020000+00:00,walking,1,random_forest,27,TABUENCA01-45_block_27,temporal_block,15.0,0.9361056905234896,1
TABUENCA01-45,2024-04-25 14:18:31.020000+00:00,walking,1,random_forest,27,TABUENCA01-45_block_27,temporal_block,15.0,0.8934165785139127,1
TABUENCA01-45,2024-04-25 14:18:32.020000+00:00,walking,1,random_forest,27,TABUENCA01-45_block_27,temporal_block,15.0,0.9588829735074268,1
TABUENCA01-45,2024-04-25 14:18:33.020000+00:00,walking,1,random_forest,27,TABUENCA01-45_block_27,temporal_block,15.0,0.9109124568894439,1
TABUENCA01-45,2024-04-25 14:18:34.020000+00:00,walking,1,random_forest,27,TABUENCA01-45_block_27,temporal_block,15.0,0.9177368686798862,1
TABUENCA01-45,2024-04-25 14:18:35.020000+00:00,walking,1,random_forest,27,TABUENCA01-45_block_27,temporal_block,15.0,0.9705128495068461,1
TABUENCA01-45,2024-04-25 14:18:36.020000+00:00,walking,1,random_forest,27,TABUENCA01-45_block_27,temporal_block,15.0,0.867605776506532,1
TABUENCA01-45,2024-04-25 14:18:37.020000+00:00,walking,1,random_forest,27,TABUENCA01-45_block_27,temporal_block,15.0,0.9417822778378263,1
TABUENCA01-45,2024-04-25 14:18:38.020000+00:00,walking,1,random_forest,27,TABUENCA01-45_block_27,temporal_block,15.0,0.9760330071036933,1
TABUENCA01-45,2024-04-25 14:18:39.020000+00:00,walking,1,random_forest,27,TABUENCA01-45_block_27,temporal_block,15.0,0.977067324265491,1
TABUENCA01-45,2024-04-25 14:18:40.020000+00:00,walking,1,random_forest,27,TABUENCA01-45_block_27,temporal_block,15.0,0.973401485070122,1
TABUENCA01-45,2024-04-25 14:18:41.020000+00:00,walking,1,random_forest,27,TABUENCA01-45_block_27,temporal_block,15.0,0.9234315777077766,1
TABUENCA01-45,2024-04-25 14:18:42.020000+00:00,walking,1,random_forest,27,TABUENCA01-45_block_27,temporal_block,15.0,0.9499273386353889,1
TABUENCA01-45,2024-04-25 14:18:43.020000+00:00,walking,1,random_forest,27,TABUENCA01-45_block_27,temporal_block,15.0,0.9477490146766443,1
TABUENCA01-45,2024-04-25 14:18:44.020000+00:00,walking,1,random_forest,27,TABUENCA01-45_block_27,temporal_block,15.0,0.9839575027853348,1
TABUENCA01-45,2024-04-25 14:18:45.020000+00:00,walking,1,random_forest,27,TABUENCA01-45_block_27,temporal_block,15.0,0.8634485270334687,1
TABUENCA01-45,2024-04-25 14:18:46.020000+00:00,walking,1,random_forest,27,TABUENCA01-45_block_27,temporal_block,15.0,0.9323832539456278,1
TABUENCA01-45,2024-04-25 14:18:47.020000+00:00,walking,1,random_forest,27,TABUENCA01-45_block_27,temporal_block,15.0,0.9715273521055453,1
TABUENCA01-45,2024-04-25 14:18:48.020000+00:00,walking,1,random_forest,27,TABUENCA01-45_block_27,temporal_block,15.0,0.9690701784039745,1
TABUENCA01-45,2024-04-25 14:18:49.020000+00:00,walking,1,random_forest,27,TABUENCA01-45_block_27,temporal_block,15.0,0.9700498116727643,1
TABUENCA01-45,2024-04-25 14:18:50.020000+00:00,walking,1,random_forest,27,TABUENCA01-45_block_27,temporal_block,15.0,0.9744070250808036,1
TABUENCA01-45,2024-04-25 14:18:51.020000+00:00,walking,1,random_forest,27,TABUENCA01-45_block_27,temporal_block,15.0,0.9820966039500392,1
TABUENCA01-45,2024-04-25 14:18:52.020000+00:00,walking,1,random_forest,27,TABUENCA01-45_block_27,temporal_block,15.0,0.98033869562893,1
TABUENCA01-45,2024-04-25 14:18:53.020000+00:00,walking,1,random_forest,27,TABUENCA01-45_block_27,temporal_block,15.0,0.973491285494982,1
TABUENCA01-45,2024-04-25 14:18:54.020000+00:00,walking,1,random_forest,27,TABUENCA01-45_block_27,temporal_block,15.0,0.9636480928491178,1
TABUENCA01-45,2024-04-25 14:18:55.020000+00:00,walking,1,random_forest,27,TABUENCA01-45_block_27,temporal_block,15.0,0.9537696513203542,1
TABUENCA01-45,2024-04-25 14:18:56.020000+00:00,walking,1,random_forest,27,TABUENCA01-45_block_27,temporal_block,15.0,0.9078322280879078,1
TABUENCA01-45,2024-04-25 14:18:57.020000+00:00,walking,1,random_forest,27,TABUENCA01-45_block_27,temporal_block,15.0,0.9875924749481042,1
TABUENCA01-45,2024-04-25 14:18:58.020000+00:00,walking,1,random_forest,27,TABUENCA01-45_block_27,temporal_block,15.0,0.9795540510059307,1
TABUENCA01-45,2024-04-25 14:18:59.020000+00:00,walking,1,random_forest,27,TABUENCA01-45_block_27,temporal_block,15.0,0.978223244367255,1
TABUENCA01-45,2024-04-25 14:19:00.020000+00:00,walking,1,random_forest,27,TABUENCA01-45_block_27,temporal_block,15.0,0.948578114362524,1
TABUENCA01-45,2024-04-25 14:19:01.020000+00:00,walking,1,random_forest,27,TABUENCA01-45_block_27,temporal_block,15.0,0.9670969173625491,1
TABUENCA01-45,2024-04-25 14:19:02.020000+00:00,walking,1,random_forest,27,TABUENCA01-45_block_27,temporal_block,15.0,0.9777757575191734,1
TABUENCA01-45,2024-04-25 14:19:03.020000+00:00,walking,1,random_forest,27,TABUENCA01-45_block_27,temporal_block,15.0,0.9496501595624544,1
TABUENCA01-45,2024-04-25 14:19:04.020000+00:00,walking,1,random_forest,27,TABUENCA01-45_block_27,temporal_block,15.0,0.9875781233291935,1
TABUENCA01-45,2024-04-25 14:19:05.020000+00:00,walking,1,random_forest,27,TABUENCA01-45_block_27,temporal_block,15.0,0.9850301394322457,1
TABUENCA01-45,2024-04-25 14:19:06.020000+00:00,walking,1,random_forest,27,TABUENCA01-45_block_27,temporal_block,15.0,0.9600215618381097,1
TABUENCA01-45,2024-04-25 14:19:07.020000+00:00,walking,1,random_forest,27,TABUENCA01-45_block_27,temporal_block,15.0,0.9685219509687435,1
TABUENCA01-45,2024-04-25 14:19:08.020000+00:00,walking,1,random_forest,27,TABUENCA01-45_block_27,temporal_block,15.0,0.9811706410728236,1
TABUENCA01-45,2024-04-25 14:19:09.020000+00:00,walking,1,random_forest,27,TABUENCA01-45_block_27,temporal_block,15.0,0.9541756246396991,1
TABUENCA01-45,2024-04-25 14:19:10.020000+00:00,walking,1,random_forest,27,TABUENCA01-45_block_27,temporal_block,15.0,0.9790194648495749,1
TABUENCA01-45,2024-04-25 14:19:11.020000+00:00,walking,1,random_forest,27,TABUENCA01-45_block_27,temporal_block,15.0,0.9860068072455037,1
TABUENCA01-45,2024-04-25 14:19:12.020000+00:00,walking,1,random_forest,27,TABUENCA01-45_block_27,temporal_block,15.0,0.9565244257220551,1
TABUENCA01-45,2024-04-25 14:19:13.020000+00:00,walking,1,random_forest,27,TABUENCA01-45_block_27,temporal_block,15.0,0.9719532104255396,1
TABUENCA01-45,2024-04-25 14:19:14.020000+00:00,walking,1,random_forest,27,TABUENCA01-45_block_27,temporal_block,15.0,0.9704598480068283,1
TABUENCA01-45,2024-04-25 14:19:15.020000+00:00,walking,1,random_forest,27,TABUENCA01-45_block_27,temporal_block,15.0,0.944016495042559,1
TABUENCA01-45,2024-04-25 14:19:16.020000+00:00,walking,1,random_forest,27,TABUENCA01-45_block_27,temporal_block,15.0,0.8951443500985241,1
TABUENCA01-45,2024-04-25 14:19:17.020000+00:00,walking,1,random_forest,27,TABUENCA01-45_block_27,temporal_block,15.0,0.9838751212250942,1
TABUENCA01-45,2024-04-25 14:19:18.020000+00:00,walking,1,random_forest,27,TABUENCA01-45_block_27,temporal_block,15.0,0.9870095651074507,1
TABUENCA01-45,2024-04-25 14:19:19.020000+00:00,walking,1,random_forest,27,TABUENCA01-45_block_27,temporal_block,15.0,0.9852658382205849,1
TABUENCA01-45,2024-04-25 14:19:20.020000+00:00,walking,1,random_forest,27,TABUENCA01-45_block_27,temporal_block,15.0,0.9787396517567606,1
TABUENCA01-45,2024-04-25 14:19:21.020000+00:00,walking,1,random_forest,27,TABUENCA01-45_block_27,temporal_block,15.0,0.9695432475669822,1
TABUENCA01-45,2024-04-25 14:19:22.020000+00:00,walking,1,random_forest,27,TABUENCA01-45_block_27,temporal_block,15.0,0.9720984519907994,1
TABUENCA01-45,2024-04-25 14:19:23.020000+00:00,walking,1,random_forest,27,TABUENCA01-45_block_27,temporal_block,15.0,0.9583437978410935,1
TABUENCA01-45,2024-04-25 14:19:24.020000+00:00,walking,1,random_forest,27,TABUENCA01-45_block_27,temporal_block,15.0,0.945051083135653,1
TABUENCA01-45,2024-04-25 14:19:25.020000+00:00,walking,1,random_forest,27,TABUENCA01-45_block_27,temporal_block,15.0,0.9807549098909262,1
TABUENCA01-45,2024-04-25 14:19:26.020000+00:00,walking,1,random_forest,27,TABUENCA01-45_block_27,temporal_block,15.0,0.9573942873842821,1
TABUENCA01-45,2024-04-25 14:19:27.020000+00:00,walking,1,random_forest,27,TABUENCA01-45_block_27,temporal_block,15.0,0.9859397151689575,1
TABUENCA01-45,2024-04-25 14:19:28.020000+00:00,walking,1,random_forest,27,TABUENCA01-45_block_27,temporal_block,15.0,0.9811917480321927,1
TABUENCA01-45,2024-04-25 14:19:29.020000+00:00,walking,1,random_forest,27,TABUENCA01-45_block_27,temporal_block,15.0,0.9614226824132769,1
TABUENCA01-45,2024-04-25 14:19:30.020000+00:00,walking,1,random_forest,27,TABUENCA01-45_block_27,temporal_block,15.0,0.9823955874085859,1
TABUENCA01-45,2024-04-25 14:19:31.020000+00:00,walking,1,random_forest,27,TABUENCA01-45_block_27,temporal_block,15.0,0.9758016177274006,1
TABUENCA01-45,2024-04-25 14:19:32.020000+00:00,walking,1,random_forest,27,TABUENCA01-45_block_27,temporal_block,15.0,0.9725859226934326,1
TABUENCA01-45,2024-04-25 14:19:33.020000+00:00,walking,1,random_forest,27,TABUENCA01-45_block_27,temporal_block,15.0,0.9817766264558717,1
TABUENCA01-45,2024-04-25 14:19:34.020000+00:00,walking,1,random_forest,27,TABUENCA01-45_block_27,temporal_block,15.0,0.9766104724434777,1
TABUENCA01-45,2024-04-25 14:19:35.020000+00:00,walking,1,random_forest,27,TABUENCA01-45_block_27,temporal_block,15.0,0.972246128780709,1
TABUENCA01-45,2024-04-25 14:19:36.020000+00:00,walking,1,random_forest,27,TABUENCA01-45_block_27,temporal_block,15.0,0.9620465922575256,1
TABUENCA01-45,2024-04-25 14:19:37.020000+00:00,walking,1,random_forest,27,TABUENCA01-45_block_27,temporal_block,15.0,0.9623839473855164,1
TABUENCA01-45,2024-04-25 14:19:38.020000+00:00,walking,1,random_forest,27,TABUENCA01-45_block_27,temporal_block,15.0,0.9850042374382004,1
TABUENCA01-45,2024-04-25 14:19:39.020000+00:00,walking,1,random_forest,27,TABUENCA01-45_block_27,temporal_block,15.0,0.973289386836251,1
TABUENCA01-45,2024-04-25 14:19:40.020000+00:00,walking,1,random_forest,27,TABUENCA01-45_block_27,temporal_block,15.0,0.9634030539187065,1
TABUENCA01-45,2024-04-25 14:19:41.020000+00:00,walking,1,random_forest,27,TABUENCA01-45_block_27,temporal_block,15.0,0.9818165086566332,1
TABUENCA01-45,2024-04-25 14:19:42.020000+00:00,walking,1,random_forest,27,TABUENCA01-45_block_27,temporal_block,15.0,0.964234861976055,1
TABUENCA01-45,2024-04-25 14:19:43.020000+00:00,walking,1,random_forest,27,TABUENCA01-45_block_27,temporal_block,15.0,0.9490102316873011,1
TABUENCA01-45,2024-04-25 14:19:44.020000+00:00,walking,1,random_forest,27,TABUENCA01-45_block_27,temporal_block,15.0,0.945624492371875,1
TABUENCA01-45,2024-04-25 14:19:45.020000+00:00,walking,1,random_forest,27,TABUENCA01-45_block_27,temporal_block,15.0,0.9855725886679846,1
TABUENCA01-45,2024-04-25 14:19:46.020000+00:00,walking,1,random_forest,27,TABUENCA01-45_block_27,temporal_block,15.0,0.9569989496359447,1
TABUENCA01-45,2024-04-25 14:19:47.020000+00:00,walking,1,random_forest,27,TABUENCA01-45_block_27,temporal_block,15.0,0.963869818252228,1
TABUENCA01-45,2024-04-25 14:19:48.020000+00:00,walking,1,random_forest,27,TABUENCA01-45_block_27,temporal_block,15.0,0.9584817250395335,1
TABUENCA01-45,2024-04-25 14:19:49.020000+00:00,walking,1,random_forest,27,TABUENCA01-45_block_27,temporal_block,15.0,0.9765556115134767,1
TABUENCA01-45,2024-04-25 14:19:50.020000+00:00,walking,1,random_forest,27,TABUENCA01-45_block_27,temporal_block,15.0,0.9615449666930465,1
TABUENCA01-45,2024-04-25 14:19:51.020000+00:00,walking,1,random_forest,27,TABUENCA01-45_block_27,temporal_block,15.0,0.9718161127545383,1
TABUENCA01-45,2024-04-25 14:19:52.020000+00:00,walking,1,random_forest,27,TABUENCA01-45_block_27,temporal_block,15.0,0.9871005769306523,1
TABUENCA01-45,2024-04-25 14:19:53.020000+00:00,walking,1,random_forest,27,TABUENCA01-45_block_27,temporal_block,15.0,0.92420602540715,1
TABUENCA01-45,2024-04-25 14:19:54.020000+00:00,walking,1,random_forest,27,TABUENCA01-45_block_27,temporal_block,15.0,0.9767569292405259,1
TABUENCA01-45,2024-04-25 14:19:55.020000+00:00,walking,1,random_forest,27,TABUENCA01-45_block_27,temporal_block,15.0,0.9400930964553692,1
TABUENCA01-45,2024-04-25 14:19:56.020000+00:00,walking,1,random_forest,27,TABUENCA01-45_block_27,temporal_block,15.0,0.9808585253802996,1
TABUENCA01-45,2024-04-25 14:19:57.020000+00:00,walking,1,random_forest,27,TABUENCA01-45_block_27,temporal_block,15.0,0.9181328756328336,1
TABUENCA01-45,2024-04-25 14:19:58.020000+00:00,walking,1,random_forest,27,TABUENCA01-45_block_27,temporal_block,15.0,0.9824231385854412,1
TABUENCA01-45,2024-04-25 14:19:59.020000+00:00,walking,1,random_forest,27,TABUENCA01-45_block_27,temporal_block,15.0,0.9320574760424385,1
TABUENCA01-45,2024-04-25 14:20:00.020000+00:00,walking,1,random_forest,27,TABUENCA01-45_block_27,temporal_block,15.0,0.9723111764673771,1
TABUENCA01-45,2024-04-25 14:20:01.020000+00:00,walking,1,random_forest,27,TABUENCA01-45_block_27,temporal_block,15.0,0.9640461932046943,1
TABUENCA01-45,2024-04-25 14:20:02.020000+00:00,walking,1,random_forest,27,TABUENCA01-45_block_27,temporal_block,15.0,0.9535076815492634,1
TABUENCA01-45,2024-04-25 14:20:03.020000+00:00,walking,1,random_forest,27,TABUENCA01-45_block_27,temporal_block,15.0,0.969718999324873,1
TABUENCA01-45,2024-04-25 14:20:04.020000+00:00,walking,1,random_forest,27,TABUENCA01-45_block_27,temporal_block,15.0,0.987739012272315,1
TABUENCA01-45,2024-04-25 14:20:05.020000+00:00,walking,1,random_forest,27,TABUENCA01-45_block_27,temporal_block,15.0,0.9471197950104467,1
TABUENCA01-45,2024-04-25 14:20:06.020000+00:00,walking,1,random_forest,27,TABUENCA01-45_block_27,temporal_block,15.0,0.9672021536305602,1
TABUENCA01-45,2024-04-25 14:20:07.020000+00:00,walking,1,random_forest,27,TABUENCA01-45_block_27,temporal_block,15.0,0.984114079100079,1
TABUENCA01-45,2024-04-25 14:20:08.020000+00:00,walking,1,random_forest,27,TABUENCA01-45_block_27,temporal_block,15.0,0.9649762838872246,1
TABUENCA01-45,2024-04-25 14:20:09.020000+00:00,walking,1,random_forest,27,TABUENCA01-45_block_27,temporal_block,15.0,0.9342892848354736,1
TABUENCA01-45,2024-04-25 14:20:10.020000+00:00,walking,1,random_forest,27,TABUENCA01-45_block_27,temporal_block,15.0,0.9524162427923485,1
TABUENCA01-45,2024-04-25 14:20:11.020000+00:00,walking,1,random_forest,27,TABUENCA01-45_block_27,temporal_block,15.0,0.9157339005563737,1
TABUENCA01-45,2024-04-25 14:20:12.020000+00:00,walking,1,random_forest,27,TABUENCA01-45_block_27,temporal_block,15.0,0.9504214342581124,1
TABUENCA01-45,2024-04-25 14:20:13.020000+00:00,walking,1,random_forest,27,TABUENCA01-45_block_27,temporal_block,15.0,0.8666245023393173,1
TABUENCA01-45,2024-04-25 14:20:14.020000+00:00,walking,1,random_forest,27,TABUENCA01-45_block_27,temporal_block,15.0,0.9617970605244696,1
TABUENCA01-45,2024-04-25 14:20:15.020000+00:00,walking,1,random_forest,27,TABUENCA01-45_block_27,temporal_block,15.0,0.9771404797408662,1
TABUENCA01-45,2024-04-25 14:20:16.020000+00:00,walking,1,random_forest,27,TABUENCA01-45_block_27,temporal_block,15.0,0.944525730581095,1
TABUENCA01-45,2024-04-25 14:20:17.020000+00:00,walking,1,random_forest,27,TABUENCA01-45_block_27,temporal_block,15.0,0.8293252119067492,1
TABUENCA01-45,2024-04-25 14:20:23.020000+00:00,not_walking,0,random_forest,28,TABUENCA01-45_block_28,temporal_block,15.0,0.08632076731484475,0
TABUENCA01-45,2024-04-25 14:20:24.020000+00:00,not_walking,0,random_forest,28,TABUENCA01-45_block_28,temporal_block,15.0,0.049055516971569894,0
TABUENCA01-45,2024-04-25 14:20:25.020000+00:00,not_walking,0,random_forest,28,TABUENCA01-45_block_28,temporal_block,15.0,0.023610810048126405,0
TABUENCA01-45,2024-04-25 14:20:26.020000+00:00,not_walking,0,random_forest,28,TABUENCA01-45_block_28,temporal_block,15.0,0.03553059821044833,0
TABUENCA01-45,2024-04-25 14:20:27.020000+00:00,not_walking,0,random_forest,28,TABUENCA01-45_block_28,temporal_block,15.0,0.04014741641671925,0
TABUENCA01-45,2024-04-25 14:20:28.020000+00:00,not_walking,0,random_forest,28,TABUENCA01-45_block_28,temporal_block,15.0,0.0639498676995451,0
TABUENCA01-45,2024-04-25 14:20:29.020000+00:00,not_walking,0,random_forest,28,TABUENCA01-45_block_28,temporal_block,15.0,0.021482439445426667,0
TABUENCA01-45,2024-04-25 14:20:30.020000+00:00,not_walking,0,random_forest,28,TABUENCA01-45_block_28,temporal_block,15.0,0.029268714746379126,0
TABUENCA01-45,2024-04-25 14:20:31.020000+00:00,not_walking,0,random_forest,28,TABUENCA01-45_block_28,temporal_block,15.0,0.11397746144382369,0
TABUENCA01-45,2024-04-25 14:20:36.050000+00:00,walking,1,random_forest,29,TABUENCA01-45_block_29,temporal_block,15.0,0.7109607920164426,1
TABUENCA01-45,2024-04-25 14:20:37.050000+00:00,walking,1,random_forest,29,TABUENCA01-45_block_29,temporal_block,15.0,0.8901612961171338,1
TABUENCA01-45,2024-04-25 14:20:38.050000+00:00,walking,1,random_forest,29,TABUENCA01-45_block_29,temporal_block,15.0,0.8919651081167901,1
TABUENCA01-45,2024-04-25 14:20:39.050000+00:00,walking,1,random_forest,29,TABUENCA01-45_block_29,temporal_block,15.0,0.9704440198771062,1
TABUENCA01-45,2024-04-25 14:20:40.050000+00:00,walking,1,random_forest,29,TABUENCA01-45_block_29,temporal_block,15.0,0.9169845023865562,1
TABUENCA01-45,2024-04-25 14:20:41.050000+00:00,walking,1,random_forest,29,TABUENCA01-45_block_29,temporal_block,15.0,0.9171982159127983,1
TABUENCA01-45,2024-04-25 14:20:42.050000+00:00,walking,1,random_forest,29,TABUENCA01-45_block_29,temporal_block,15.0,0.9360021797858866,1
TABUENCA01-45,2024-04-25 14:20:43.050000+00:00,walking,1,random_forest,29,TABUENCA01-45_block_29,temporal_block,15.0,0.9302551413828533,1
TABUENCA01-45,2024-04-25 14:20:44.050000+00:00,walking,1,random_forest,29,TABUENCA01-45_block_29,temporal_block,15.0,0.9685354629668962,1
TABUENCA01-45,2024-04-25 14:20:45.050000+00:00,walking,1,random_forest,29,TABUENCA01-45_block_29,temporal_block,15.0,0.9528864961335433,1
TABUENCA01-45,2024-04-25 14:20:46.050000+00:00,walking,1,random_forest,29,TABUENCA01-45_block_29,temporal_block,15.0,0.9562638566186638,1
TABUENCA01-45,2024-04-25 14:20:47.050000+00:00,walking,1,random_forest,29,TABUENCA01-45_block_29,temporal_block,15.0,0.9271213624002254,1
TABUENCA01-45,2024-04-25 14:20:48.050000+00:00,walking,1,random_forest,29,TABUENCA01-45_block_29,temporal_block,15.0,0.9642039835800993,1
TABUENCA01-45,2024-04-25 14:20:49.050000+00:00,walking,1,random_forest,29,TABUENCA01-45_block_29,temporal_block,15.0,0.9374546412827119,1
TABUENCA01-45,2024-04-25 14:20:50.050000+00:00,walking,1,random_forest,29,TABUENCA01-45_block_29,temporal_block,15.0,0.9775645743509841,1
TABUENCA01-45,2024-04-25 14:20:51.050000+00:00,walking,1,random_forest,29,TABUENCA01-45_block_29,temporal_block,15.0,0.9856276834001839,1
TABUENCA01-45,2024-04-25 14:20:52.050000+00:00,walking,1,random_forest,29,TABUENCA01-45_block_29,temporal_block,15.0,0.9853238298588393,1
TABUENCA01-45,2024-04-25 14:20:53.050000+00:00,walking,1,random_forest,29,TABUENCA01-45_block_29,temporal_block,15.0,0.9689621355769503,1
TABUENCA01-45,2024-04-25 14:20:54.050000+00:00,walking,1,random_forest,29,TABUENCA01-45_block_29,temporal_block,15.0,0.9873458400311044,1
TABUENCA01-45,2024-04-25 14:20:55.050000+00:00,walking,1,random_forest,29,TABUENCA01-45_block_29,temporal_block,15.0,0.9859085314611398,1
TABUENCA01-45,2024-04-25 14:20:56.050000+00:00,walking,1,random_forest,29,TABUENCA01-45_block_29,temporal_block,15.0,0.9761037035487257,1
TABUENCA01-45,2024-04-25 14:20:57.050000+00:00,walking,1,random_forest,29,TABUENCA01-45_block_29,temporal_block,15.0,0.9805213250214007,1
TABUENCA01-45,2024-04-25 14:20:58.050000+00:00,walking,1,random_forest,29,TABUENCA01-45_block_29,temporal_block,15.0,0.9806778785521072,1
TABUENCA01-45,2024-04-25 14:20:59.050000+00:00,walking,1,random_forest,29,TABUENCA01-45_block_29,temporal_block,15.0,0.9889953468314587,1
TABUENCA01-45,2024-04-25 14:21:00.050000+00:00,walking,1,random_forest,29,TABUENCA01-45_block_29,temporal_block,15.0,0.9880358979086015,1
TABUENCA01-45,2024-04-25 14:21:01.050000+00:00,walking,1,random_forest,29,TABUENCA01-45_block_29,temporal_block,15.0,0.9892577783359303,1
TABUENCA01-45,2024-04-25 14:21:02.050000+00:00,walking,1,random_forest,29,TABUENCA01-45_block_29,temporal_block,15.0,0.9892533192653006,1
TABUENCA01-45,2024-04-25 14:21:03.050000+00:00,walking,1,random_forest,29,TABUENCA01-45_block_29,temporal_block,15.0,0.9842117520691956,1
TABUENCA01-45,2024-04-25 14:21:04.050000+00:00,walking,1,random_forest,29,TABUENCA01-45_block_29,temporal_block,15.0,0.986254592254246,1
TABUENCA01-45,2024-04-25 14:21:05.050000+00:00,walking,1,random_forest,29,TABUENCA01-45_block_29,temporal_block,15.0,0.9894808771785991,1
TABUENCA01-45,2024-04-25 14:21:06.050000+00:00,walking,1,random_forest,29,TABUENCA01-45_block_29,temporal_block,15.0,0.985099058484233,1
TABUENCA01-45,2024-04-25 14:21:07.050000+00:00,walking,1,random_forest,29,TABUENCA01-45_block_29,temporal_block,15.0,0.9889112644674104,1
TABUENCA01-45,2024-04-25 14:21:08.050000+00:00,walking,1,random_forest,29,TABUENCA01-45_block_29,temporal_block,15.0,0.9883487727280124,1
TABUENCA01-45,2024-04-25 14:21:09.050000+00:00,walking,1,random_forest,29,TABUENCA01-45_block_29,temporal_block,15.0,0.9887610857443279,1
TABUENCA01-45,2024-04-25 14:21:10.050000+00:00,walking,1,random_forest,29,TABUENCA01-45_block_29,temporal_block,15.0,0.9838231202884234,1
TABUENCA01-45,2024-04-25 14:21:11.050000+00:00,walking,1,random_forest,29,TABUENCA01-45_block_29,temporal_block,15.0,0.987986144769748,1
TABUENCA01-45,2024-04-25 14:21:12.050000+00:00,walking,1,random_forest,29,TABUENCA01-45_block_29,temporal_block,15.0,0.9867870369700359,1
TABUENCA01-45,2024-04-25 14:21:13.050000+00:00,walking,1,random_forest,29,TABUENCA01-45_block_29,temporal_block,15.0,0.9830870021311591,1
TABUENCA01-45,2024-04-25 14:21:14.050000+00:00,walking,1,random_forest,29,TABUENCA01-45_block_29,temporal_block,15.0,0.9879561899719721,1
TABUENCA01-45,2024-04-25 14:21:15.050000+00:00,walking,1,random_forest,29,TABUENCA01-45_block_29,temporal_block,15.0,0.9896944373893775,1
TABUENCA01-45,2024-04-25 14:21:16.050000+00:00,walking,1,random_forest,29,TABUENCA01-45_block_29,temporal_block,15.0,0.9754828937423472,1
TABUENCA01-45,2024-04-25 14:21:17.050000+00:00,walking,1,random_forest,29,TABUENCA01-45_block_29,temporal_block,15.0,0.8241054416639965,1
TABUENCA01-45,2024-04-25 14:21:18.050000+00:00,walking,1,random_forest,29,TABUENCA01-45_block_29,temporal_block,15.0,0.8203317969559337,1
TABUENCA01-45,2024-04-25 14:21:19.050000+00:00,walking,1,random_forest,29,TABUENCA01-45_block_29,temporal_block,15.0,0.9486732915248914,1
TABUENCA01-45,2024-04-25 14:21:20.050000+00:00,walking,1,random_forest,29,TABUENCA01-45_block_29,temporal_block,15.0,0.9895218642539243,1
TABUENCA01-45,2024-04-25 14:21:21.050000+00:00,walking,1,random_forest,29,TABUENCA01-45_block_29,temporal_block,15.0,0.9660497500510743,1
TABUENCA01-45,2024-04-25 14:21:22.050000+00:00,walking,1,random_forest,29,TABUENCA01-45_block_29,temporal_block,15.0,0.9863743180239739,1
TABUENCA01-45,2024-04-25 14:21:23.050000+00:00,walking,1,random_forest,29,TABUENCA01-45_block_29,temporal_block,15.0,0.9876660455700981,1
TABUENCA01-45,2024-04-25 14:21:24.050000+00:00,walking,1,random_forest,29,TABUENCA01-45_block_29,temporal_block,15.0,0.9889976652144713,1
TABUENCA01-45,2024-04-25 14:21:25.050000+00:00,walking,1,random_forest,29,TABUENCA01-45_block_29,temporal_block,15.0,0.9840127601339973,1
TABUENCA01-45,2024-04-25 14:21:26.050000+00:00,walking,1,random_forest,29,TABUENCA01-45_block_29,temporal_block,15.0,0.9824087412408447,1
TABUENCA01-45,2024-04-25 14:21:27.050000+00:00,walking,1,random_forest,29,TABUENCA01-45_block_29,temporal_block,15.0,0.9776716903467455,1
TABUENCA01-45,2024-04-25 14:21:28.050000+00:00,walking,1,random_forest,29,TABUENCA01-45_block_29,temporal_block,15.0,0.9874028209521623,1
TABUENCA01-45,2024-04-25 14:21:29.050000+00:00,walking,1,random_forest,29,TABUENCA01-45_block_29,temporal_block,15.0,0.9854937998959011,1
TABUENCA01-45,2024-04-25 14:21:30.050000+00:00,walking,1,random_forest,29,TABUENCA01-45_block_29,temporal_block,15.0,0.9878437885472493,1
TABUENCA01-45,2024-04-25 14:21:31.050000+00:00,walking,1,random_forest,29,TABUENCA01-45_block_29,temporal_block,15.0,0.9819782754682091,1
TABUENCA01-45,2024-04-25 14:21:32.050000+00:00,walking,1,random_forest,29,TABUENCA01-45_block_29,temporal_block,15.0,0.985455455908124,1
TABUENCA01-45,2024-04-25 14:21:33.050000+00:00,walking,1,random_forest,29,TABUENCA01-45_block_29,temporal_block,15.0,0.9876696822346118,1
TABUENCA01-45,2024-04-25 14:21:34.050000+00:00,walking,1,random_forest,29,TABUENCA01-45_block_29,temporal_block,15.0,0.9787015955558583,1
TABUENCA01-45,2024-04-25 14:21:35.050000+00:00,walking,1,random_forest,29,TABUENCA01-45_block_29,temporal_block,15.0,0.974094452338966,1
TABUENCA01-45,2024-04-25 14:21:36.050000+00:00,walking,1,random_forest,29,TABUENCA01-45_block_29,temporal_block,15.0,0.9869691760406416,1
TABUENCA01-45,2024-04-25 14:21:37.050000+00:00,walking,1,random_forest,29,TABUENCA01-45_block_29,temporal_block,15.0,0.9849048002614764,1
TABUENCA01-45,2024-04-25 14:21:38.050000+00:00,walking,1,random_forest,29,TABUENCA01-45_block_29,temporal_block,15.0,0.9859735355007146,1
TABUENCA01-45,2024-04-25 14:21:39.050000+00:00,walking,1,random_forest,29,TABUENCA01-45_block_29,temporal_block,15.0,0.9873358557862342,1
TABUENCA01-45,2024-04-25 14:21:40.050000+00:00,walking,1,random_forest,29,TABUENCA01-45_block_29,temporal_block,15.0,0.9845698202604516,1
TABUENCA01-45,2024-04-25 14:21:41.050000+00:00,walking,1,random_forest,29,TABUENCA01-45_block_29,temporal_block,15.0,0.9864869722958052,1
TABUENCA01-45,2024-04-25 14:21:42.050000+00:00,walking,1,random_forest,29,TABUENCA01-45_block_29,temporal_block,15.0,0.9896753457264718,1
TABUENCA01-45,2024-04-25 14:21:43.050000+00:00,walking,1,random_forest,29,TABUENCA01-45_block_29,temporal_block,15.0,0.9877686792780819,1
TABUENCA01-45,2024-04-25 14:21:44.050000+00:00,walking,1,random_forest,29,TABUENCA01-45_block_29,temporal_block,15.0,0.9883755287660493,1
TABUENCA01-45,2024-04-25 14:21:45.050000+00:00,walking,1,random_forest,29,TABUENCA01-45_block_29,temporal_block,15.0,0.9894386886070328,1
TABUENCA01-45,2024-04-25 14:21:46.050000+00:00,walking,1,random_forest,29,TABUENCA01-45_block_29,temporal_block,15.0,0.9891965770009642,1
TABUENCA01-45,2024-04-25 14:21:47.050000+00:00,walking,1,random_forest,29,TABUENCA01-45_block_29,temporal_block,15.0,0.9881899688418938,1
TABUENCA01-45,2024-04-25 14:21:48.050000+00:00,walking,1,random_forest,29,TABUENCA01-45_block_29,temporal_block,15.0,0.9893853664748207,1
TABUENCA01-45,2024-04-25 14:21:49.050000+00:00,walking,1,random_forest,29,TABUENCA01-45_block_29,temporal_block,15.0,0.9855629486273003,1
TABUENCA01-45,2024-04-25 14:21:50.050000+00:00,walking,1,random_forest,29,TABUENCA01-45_block_29,temporal_block,15.0,0.9834571416409655,1
TABUENCA01-45,2024-04-25 14:21:51.050000+00:00,walking,1,random_forest,29,TABUENCA01-45_block_29,temporal_block,15.0,0.9826609054418388,1
TABUENCA01-45,2024-04-25 14:21:57.060000+00:00,not_walking,0,random_forest,30,TABUENCA01-45_block_30,temporal_block,15.0,0.07350132171381492,0
TABUENCA01-45,2024-04-25 14:21:58.060000+00:00,not_walking,0,random_forest,30,TABUENCA01-45_block_30,temporal_block,15.0,0.11914073433974266,0
TABUENCA01-45,2024-04-25 14:21:59.060000+00:00,not_walking,0,random_forest,30,TABUENCA01-45_block_30,temporal_block,15.0,0.12403392651141701,0
TABUENCA01-45,2024-04-25 14:22:00.060000+00:00,not_walking,0,random_forest,30,TABUENCA01-45_block_30,temporal_block,15.0,0.14930522646770514,0
TABUENCA01-45,2024-04-25 14:22:01.060000+00:00,not_walking,0,random_forest,30,TABUENCA01-45_block_30,temporal_block,15.0,0.14553794799145592,0
TABUENCA01-45,2024-04-25 14:22:02.060000+00:00,not_walking,0,random_forest,30,TABUENCA01-45_block_30,temporal_block,15.0,0.07324950761170108,0
TABUENCA01-45,2024-04-25 14:22:03.060000+00:00,not_walking,0,random_forest,30,TABUENCA01-45_block_30,temporal_block,15.0,0.08060677711227798,0
TABUENCA01-45,2024-04-25 14:22:04.060000+00:00,not_walking,0,random_forest,30,TABUENCA01-45_block_30,temporal_block,15.0,0.08029295534951976,0
TABUENCA01-45,2024-04-25 14:22:05.060000+00:00,not_walking,0,random_forest,30,TABUENCA01-45_block_30,temporal_block,15.0,0.08853625053190119,0
TABUENCA01-45,2024-04-25 14:22:06.060000+00:00,not_walking,0,random_forest,30,TABUENCA01-45_block_30,temporal_block,15.0,0.0872654179975642,0
TABUENCA01-45,2024-04-25 14:22:07.060000+00:00,not_walking,0,random_forest,30,TABUENCA01-45_block_30,temporal_block,15.0,0.09904409379648944,0
TABUENCA01-45,2024-04-25 14:22:08.060000+00:00,not_walking,0,random_forest,30,TABUENCA01-45_block_30,temporal_block,15.0,0.09392096487398546,0
TABUENCA01-45,2024-04-25 14:22:09.060000+00:00,not_walking,0,random_forest,30,TABUENCA01-45_block_30,temporal_block,15.0,0.0721395079668384,0
TABUENCA01-45,2024-04-25 14:22:10.060000+00:00,not_walking,0,random_forest,30,TABUENCA01-45_block_30,temporal_block,15.0,0.09701659140634075,0
TABUENCA01-45,2024-04-25 14:22:11.060000+00:00,not_walking,0,random_forest,30,TABUENCA01-45_block_30,temporal_block,15.0,0.11165435149456006,0
TABUENCA01-45,2024-04-25 14:22:12.060000+00:00,not_walking,0,random_forest,30,TABUENCA01-45_block_30,temporal_block,15.0,0.10816608811573318,0
TABUENCA01-45,2024-04-25 14:22:13.060000+00:00,not_walking,0,random_forest,30,TABUENCA01-45_block_30,temporal_block,15.0,0.09219903372707726,0
TABUENCA01-45,2024-04-25 14:22:14.060000+00:00,not_walking,0,random_forest,30,TABUENCA01-45_block_30,temporal_block,15.0,0.09871408521748928,0
TABUENCA01-45,2024-04-25 14:22:15.060000+00:00,not_walking,0,random_forest,30,TABUENCA01-45_block_30,temporal_block,15.0,0.11666243654067238,0
TABUENCA01-45,2024-04-25 14:22:16.060000+00:00,not_walking,0,random_forest,30,TABUENCA01-45_block_30,temporal_block,15.0,0.09858922354357197,0
TABUENCA01-45,2024-04-25 14:22:17.060000+00:00,not_walking,0,random_forest,30,TABUENCA01-45_block_30,temporal_block,15.0,0.08000436095196926,0
TABUENCA01-45,2024-04-25 14:22:18.060000+00:00,not_walking,0,random_forest,30,TABUENCA01-45_block_30,temporal_block,15.0,0.07374804027651645,0
TABUENCA01-45,2024-04-25 14:22:19.060000+00:00,not_walking,0,random_forest,30,TABUENCA01-45_block_30,temporal_block,15.0,0.07440738364750982,0
TABUENCA01-45,2024-04-25 14:22:20.060000+00:00,not_walking,0,random_forest,30,TABUENCA01-45_block_30,temporal_block,15.0,0.09462031896824863,0
TABUENCA01-45,2024-04-25 14:22:21.060000+00:00,not_walking,0,random_forest,30,TABUENCA01-45_block_30,temporal_block,15.0,0.0947286306706431,0
TABUENCA01-45,2024-04-25 14:22:22.060000+00:00,not_walking,0,random_forest,30,TABUENCA01-45_block_30,temporal_block,15.0,0.09836901510007567,0
TABUENCA01-45,2024-04-25 14:22:23.060000+00:00,not_walking,0,random_forest,30,TABUENCA01-45_block_30,temporal_block,15.0,0.13520698481609278,0
TABUENCA01-45,2024-04-25 14:22:24.060000+00:00,not_walking,0,random_forest,30,TABUENCA01-45_block_30,temporal_block,15.0,0.1075579134974449,0
TABUENCA01-45,2024-04-25 14:22:25.060000+00:00,not_walking,0,random_forest,30,TABUENCA01-45_block_30,temporal_block,15.0,0.12005477404669172,0
TABUENCA01-45,2024-04-25 14:22:26.060000+00:00,not_walking,0,random_forest,30,TABUENCA01-45_block_30,temporal_block,15.0,0.12010694339711683,0
TABUENCA01-45,2024-04-25 14:22:27.060000+00:00,not_walking,0,random_forest,30,TABUENCA01-45_block_30,temporal_block,15.0,0.12538906813740366,0
TABUENCA01-45,2024-04-25 14:22:28.060000+00:00,not_walking,0,random_forest,30,TABUENCA01-45_block_30,temporal_block,15.0,0.18030077708015224,0
TABUENCA01-45,2024-04-25 14:22:29.060000+00:00,not_walking,0,random_forest,30,TABUENCA01-45_block_30,temporal_block,15.0,0.13942792931526896,0
TABUENCA01-45,2024-04-25 14:22:30.060000+00:00,not_walking,0,random_forest,30,TABUENCA01-45_block_30,temporal_block,15.0,0.1422965480336377,0
TABUENCA01-45,2024-04-25 14:22:31.060000+00:00,not_walking,0,random_forest,30,TABUENCA01-45_block_30,temporal_block,15.0,0.1659194849881492,0
TABUENCA01-45,2024-04-25 14:22:32.060000+00:00,not_walking,0,random_forest,30,TABUENCA01-45_block_30,temporal_block,15.0,0.14058246157830082,0
TABUENCA01-45,2024-04-25 14:22:33.060000+00:00,not_walking,0,random_forest,30,TABUENCA01-45_block_30,temporal_block,15.0,0.11742286651948997,0
TABUENCA01-45,2024-04-25 14:22:34.060000+00:00,not_walking,0,random_forest,30,TABUENCA01-45_block_30,temporal_block,15.0,0.1267717118023843,0
TABUENCA01-45,2024-04-25 14:22:35.060000+00:00,not_walking,0,random_forest,30,TABUENCA01-45_block_30,temporal_block,15.0,0.13600622292049316,0
TABUENCA01-45,2024-04-25 14:22:36.060000+00:00,not_walking,0,random_forest,30,TABUENCA01-45_block_30,temporal_block,15.0,0.10769851495447573,0
TABUENCA01-45,2024-04-25 14:22:37.060000+00:00,not_walking,0,random_forest,30,TABUENCA01-45_block_30,temporal_block,15.0,0.12615431019112713,0
TABUENCA01-45,2024-04-25 14:22:38.060000+00:00,not_walking,0,random_forest,30,TABUENCA01-45_block_30,temporal_block,15.0,0.15313995129053262,0
TABUENCA01-45,2024-04-25 14:22:39.060000+00:00,not_walking,0,random_forest,30,TABUENCA01-45_block_30,temporal_block,15.0,0.11393706114283414,0
TABUENCA01-45,2024-04-25 14:22:40.060000+00:00,not_walking,0,random_forest,30,TABUENCA01-45_block_30,temporal_block,15.0,0.13508328801846733,0
TABUENCA01-45,2024-04-25 14:22:41.060000+00:00,not_walking,0,random_forest,30,TABUENCA01-45_block_30,temporal_block,15.0,0.0750855782769666,0
TABUENCA01-45,2024-04-25 14:22:42.060000+00:00,not_walking,0,random_forest,30,TABUENCA01-45_block_30,temporal_block,15.0,0.17646519538812602,0
TABUENCA01-45,2024-04-25 14:22:43.060000+00:00,not_walking,0,random_forest,30,TABUENCA01-45_block_30,temporal_block,15.0,0.2104553451028775,0
TABUENCA01-45,2024-04-25 14:22:49.010000+00:00,walking,1,random_forest,31,TABUENCA01-45_block_31,temporal_block,15.0,0.9485504851966066,1
TABUENCA01-45,2024-04-25 14:22:50.010000+00:00,walking,1,random_forest,31,TABUENCA01-45_block_31,temporal_block,15.0,0.9806656410649527,1
TABUENCA01-45,2024-04-25 14:22:51.010000+00:00,walking,1,random_forest,31,TABUENCA01-45_block_31,temporal_block,15.0,0.9295090133698227,1
TABUENCA01-45,2024-04-25 14:22:52.010000+00:00,walking,1,random_forest,31,TABUENCA01-45_block_31,temporal_block,15.0,0.7763637601311959,1
TABUENCA01-45,2024-04-25 14:22:53.010000+00:00,walking,1,random_forest,31,TABUENCA01-45_block_31,temporal_block,15.0,0.8976306677479028,1
TABUENCA01-45,2024-04-25 14:22:54.010000+00:00,walking,1,random_forest,31,TABUENCA01-45_block_31,temporal_block,15.0,0.865813019845477,1
TABUENCA01-45,2024-04-25 14:22:55.010000+00:00,walking,1,random_forest,31,TABUENCA01-45_block_31,temporal_block,15.0,0.7617493474678947,1
TABUENCA01-45,2024-04-25 14:22:56.010000+00:00,walking,1,random_forest,31,TABUENCA01-45_block_31,temporal_block,15.0,0.8253925728702106,1
TABUENCA01-45,2024-04-25 14:22:57.010000+00:00,walking,1,random_forest,31,TABUENCA01-45_block_31,temporal_block,15.0,0.7920943418112842,1
TABUENCA01-45,2024-04-25 14:22:58.010000+00:00,walking,1,random_forest,31,TABUENCA01-45_block_31,temporal_block,15.0,0.7985970233252567,1
TABUENCA01-45,2024-04-25 14:22:59.010000+00:00,walking,1,random_forest,31,TABUENCA01-45_block_31,temporal_block,15.0,0.9403031862315885,1
TABUENCA01-45,2024-04-25 14:23:00.010000+00:00,walking,1,random_forest,31,TABUENCA01-45_block_31,temporal_block,15.0,0.9471057515440341,1
TABUENCA01-45,2024-04-25 14:23:01.010000+00:00,walking,1,random_forest,31,TABUENCA01-45_block_31,temporal_block,15.0,0.8608986298779784,1
TABUENCA01-45,2024-04-25 14:23:02.010000+00:00,walking,1,random_forest,31,TABUENCA01-45_block_31,temporal_block,15.0,0.9528793569782171,1
TABUENCA01-45,2024-04-25 14:23:03.010000+00:00,walking,1,random_forest,31,TABUENCA01-45_block_31,temporal_block,15.0,0.788940635230271,1
TABUENCA01-45,2024-04-25 14:23:04.010000+00:00,walking,1,random_forest,31,TABUENCA01-45_block_31,temporal_block,15.0,0.7799609281003062,1
TABUENCA01-45,2024-04-25 14:23:05.010000+00:00,walking,1,random_forest,31,TABUENCA01-45_block_31,temporal_block,15.0,0.8622754621800607,1
TABUENCA01-45,2024-04-25 14:23:06.010000+00:00,walking,1,random_forest,31,TABUENCA01-45_block_31,temporal_block,15.0,0.746656056228631,1
TABUENCA01-45,2024-04-25 14:23:07.010000+00:00,walking,1,random_forest,31,TABUENCA01-45_block_31,temporal_block,15.0,0.8174850346444213,1
TABUENCA01-45,2024-04-25 14:23:08.010000+00:00,walking,1,random_forest,31,TABUENCA01-45_block_31,temporal_block,15.0,0.8190365954953144,1
TABUENCA01-45,2024-04-25 14:23:09.010000+00:00,walking,1,random_forest,31,TABUENCA01-45_block_31,temporal_block,15.0,0.7669344083629133,1
TABUENCA01-45,2024-04-25 14:23:10.010000+00:00,walking,1,random_forest,31,TABUENCA01-45_block_31,temporal_block,15.0,0.8503137974991912,1
TABUENCA01-45,2024-04-25 14:23:11.010000+00:00,walking,1,random_forest,31,TABUENCA01-45_block_31,temporal_block,15.0,0.862403348653318,1
TABUENCA01-45,2024-04-25 14:23:12.010000+00:00,walking,1,random_forest,31,TABUENCA01-45_block_31,temporal_block,15.0,0.9369915917953134,1
TABUENCA01-45,2024-04-25 14:23:13.010000+00:00,walking,1,random_forest,31,TABUENCA01-45_block_31,temporal_block,15.0,0.9438612381414241,1
TABUENCA01-45,2024-04-25 14:23:14.010000+00:00,walking,1,random_forest,31,TABUENCA01-45_block_31,temporal_block,15.0,0.9083037008228826,1
TABUENCA01-45,2024-04-25 14:23:15.010000+00:00,walking,1,random_forest,31,TABUENCA01-45_block_31,temporal_block,15.0,0.8075688111551987,1
TABUENCA01-45,2024-04-25 14:23:16.010000+00:00,walking,1,random_forest,31,TABUENCA01-45_block_31,temporal_block,15.0,0.7989655607789153,1
TABUENCA01-45,2024-04-25 14:23:17.010000+00:00,walking,1,random_forest,31,TABUENCA01-45_block_31,temporal_block,15.0,0.7826724258007527,1
TABUENCA01-45,2024-04-25 14:23:18.010000+00:00,walking,1,random_forest,31,TABUENCA01-45_block_31,temporal_block,15.0,0.8060119670395484,1
TABUENCA01-45,2024-04-25 14:23:19.010000+00:00,walking,1,random_forest,31,TABUENCA01-45_block_31,temporal_block,15.0,0.892848453507694,1
TABUENCA01-45,2024-04-25 14:23:20.010000+00:00,walking,1,random_forest,31,TABUENCA01-45_block_31,temporal_block,15.0,0.8309766360383892,1
TABUENCA01-45,2024-04-25 14:23:21.010000+00:00,walking,1,random_forest,31,TABUENCA01-45_block_31,temporal_block,15.0,0.8235429587129416,1
TABUENCA01-45,2024-04-25 14:23:22.010000+00:00,walking,1,random_forest,31,TABUENCA01-45_block_31,temporal_block,15.0,0.86466400588746,1
TABUENCA01-45,2024-04-25 14:23:23.010000+00:00,walking,1,random_forest,31,TABUENCA01-45_block_31,temporal_block,15.0,0.8977884779292178,1
TABUENCA01-45,2024-04-25 14:23:24.010000+00:00,walking,1,random_forest,31,TABUENCA01-45_block_31,temporal_block,15.0,0.8475326261186723,1
TABUENCA01-45,2024-04-25 14:23:25.010000+00:00,walking,1,random_forest,31,TABUENCA01-45_block_31,temporal_block,15.0,0.9197265204902857,1
TABUENCA01-45,2024-04-25 14:23:26.010000+00:00,walking,1,random_forest,31,TABUENCA01-45_block_31,temporal_block,15.0,0.92249607368368,1
TABUENCA01-45,2024-04-25 14:23:27.010000+00:00,walking,1,random_forest,31,TABUENCA01-45_block_31,temporal_block,15.0,0.8120715531550015,1
TABUENCA01-45,2024-04-25 14:23:28.010000+00:00,walking,1,random_forest,31,TABUENCA01-45_block_31,temporal_block,15.0,0.8072728646970388,1
TABUENCA01-45,2024-04-25 14:23:29.010000+00:00,walking,1,random_forest,31,TABUENCA01-45_block_31,temporal_block,15.0,0.853836718403694,1
TABUENCA01-45,2024-04-25 14:23:30.010000+00:00,walking,1,random_forest,31,TABUENCA01-45_block_31,temporal_block,15.0,0.7484663300290972,1
TABUENCA01-45,2024-04-25 14:23:31.010000+00:00,walking,1,random_forest,31,TABUENCA01-45_block_31,temporal_block,15.0,0.8299533072489697,1
TABUENCA01-45,2024-04-25 14:23:32.010000+00:00,walking,1,random_forest,31,TABUENCA01-45_block_31,temporal_block,15.0,0.8553410090808984,1
TABUENCA01-45,2024-04-25 14:23:33.010000+00:00,walking,1,random_forest,31,TABUENCA01-45_block_31,temporal_block,15.0,0.8323830516369528,1
TABUENCA01-45,2024-04-25 14:23:34.010000+00:00,walking,1,random_forest,31,TABUENCA01-45_block_31,temporal_block,15.0,0.8368094493984305,1
TABUENCA01-45,2024-04-25 14:23:35.010000+00:00,walking,1,random_forest,31,TABUENCA01-45_block_31,temporal_block,15.0,0.9401891144521014,1
TABUENCA01-45,2024-04-25 14:23:36.010000+00:00,walking,1,random_forest,31,TABUENCA01-45_block_31,temporal_block,15.0,0.9138363549490299,1
TABUENCA01-45,2024-04-25 14:23:37.010000+00:00,walking,1,random_forest,31,TABUENCA01-45_block_31,temporal_block,15.0,0.860018241848623,1
TABUENCA01-45,2024-04-25 14:23:38.010000+00:00,walking,1,random_forest,31,TABUENCA01-45_block_31,temporal_block,15.0,0.9025217605129418,1
TABUENCA01-45,2024-04-25 14:23:39.010000+00:00,walking,1,random_forest,31,TABUENCA01-45_block_31,temporal_block,15.0,0.7368279310983818,1
TABUENCA01-45,2024-04-25 14:23:40.010000+00:00,walking,1,random_forest,31,TABUENCA01-45_block_31,temporal_block,15.0,0.7747144806064569,1
TABUENCA01-45,2024-04-25 14:23:41.010000+00:00,walking,1,random_forest,31,TABUENCA01-45_block_31,temporal_block,15.0,0.8329000676696833,1
TABUENCA01-45,2024-04-25 14:23:42.010000+00:00,walking,1,random_forest,31,TABUENCA01-45_block_31,temporal_block,15.0,0.736886539753117,1
TABUENCA01-45,2024-04-25 14:23:43.010000+00:00,walking,1,random_forest,31,TABUENCA01-45_block_31,temporal_block,15.0,0.8218022130951186,1
TABUENCA01-45,2024-04-25 14:23:44.010000+00:00,walking,1,random_forest,31,TABUENCA01-45_block_31,temporal_block,15.0,0.8599938034681497,1
TABUENCA01-45,2024-04-25 14:23:45.010000+00:00,walking,1,random_forest,31,TABUENCA01-45_block_31,temporal_block,15.0,0.7929270999958761,1
TABUENCA01-45,2024-04-25 14:23:46.010000+00:00,walking,1,random_forest,31,TABUENCA01-45_block_31,temporal_block,15.0,0.8286772418461816,1
TABUENCA01-45,2024-04-25 14:23:47.010000+00:00,walking,1,random_forest,31,TABUENCA01-45_block_31,temporal_block,15.0,0.8231313501155457,1
TABUENCA01-45,2024-04-25 14:23:48.010000+00:00,walking,1,random_forest,31,TABUENCA01-45_block_31,temporal_block,15.0,0.9398268806586217,1
TABUENCA01-45,2024-04-25 14:23:49.010000+00:00,walking,1,random_forest,31,TABUENCA01-45_block_31,temporal_block,15.0,0.9875188952529527,1
TABUENCA01-45,2024-04-25 14:23:50.010000+00:00,walking,1,random_forest,31,TABUENCA01-45_block_31,temporal_block,15.0,0.9608502730083048,1
TABUENCA01-45,2024-04-25 14:23:51.010000+00:00,walking,1,random_forest,31,TABUENCA01-45_block_31,temporal_block,15.0,0.6971480457240555,1
TABUENCA01-45,2024-04-25 14:23:52.010000+00:00,walking,1,random_forest,31,TABUENCA01-45_block_31,temporal_block,15.0,0.8203219038998991,1
TABUENCA01-45,2024-04-25 14:23:53.010000+00:00,walking,1,random_forest,31,TABUENCA01-45_block_31,temporal_block,15.0,0.8214665654698902,1
TABUENCA01-45,2024-04-25 14:23:54.010000+00:00,walking,1,random_forest,31,TABUENCA01-45_block_31,temporal_block,15.0,0.8047028828563494,1
TABUENCA01-45,2024-04-25 14:23:55.010000+00:00,walking,1,random_forest,31,TABUENCA01-45_block_31,temporal_block,15.0,0.8676940398840348,1
TABUENCA01-45,2024-04-25 14:23:56.010000+00:00,walking,1,random_forest,31,TABUENCA01-45_block_31,temporal_block,15.0,0.8068415098007782,1
TABUENCA01-45,2024-04-25 14:23:57.010000+00:00,walking,1,random_forest,31,TABUENCA01-45_block_31,temporal_block,15.0,0.7577838169001582,1
TABUENCA01-45,2024-04-25 14:24:03.050000+00:00,not_walking,0,random_forest,32,TABUENCA01-45_block_32,temporal_block,15.0,0.0892224785230092,0
TABUENCA01-45,2024-04-25 14:24:04.050000+00:00,not_walking,0,random_forest,32,TABUENCA01-45_block_32,temporal_block,15.0,0.016764281540204616,0
TABUENCA01-45,2024-04-25 14:24:05.050000+00:00,not_walking,0,random_forest,32,TABUENCA01-45_block_32,temporal_block,15.0,0.05724647353493457,0
TABUENCA01-45,2024-04-25 14:24:06.050000+00:00,not_walking,0,random_forest,32,TABUENCA01-45_block_32,temporal_block,15.0,0.7237060153293848,1
TABUENCA01-45,2024-04-25 14:24:07.050000+00:00,not_walking,0,random_forest,32,TABUENCA01-45_block_32,temporal_block,15.0,0.7862376491341928,1
TABUENCA01-45,2024-04-25 14:24:08.050000+00:00,not_walking,0,random_forest,32,TABUENCA01-45_block_32,temporal_block,15.0,0.6446191944870998,1
TABUENCA01-45,2024-04-25 14:24:09.050000+00:00,not_walking,0,random_forest,32,TABUENCA01-45_block_32,temporal_block,15.0,0.32478958484844406,0
TABUENCA01-45,2024-04-25 14:24:10.050000+00:00,not_walking,0,random_forest,32,TABUENCA01-45_block_32,temporal_block,15.0,0.3296453435424274,0
TABUENCA01-45,2024-04-25 14:24:11.050000+00:00,not_walking,0,random_forest,32,TABUENCA01-45_block_32,temporal_block,15.0,0.040440359191282416,0
TABUENCA01-45,2024-04-25 14:24:12.050000+00:00,not_walking,0,random_forest,32,TABUENCA01-45_block_32,temporal_block,15.0,0.04559883735058355,0
TABUENCA01-45,2024-04-25 14:24:13.050000+00:00,not_walking,0,random_forest,32,TABUENCA01-45_block_32,temporal_block,15.0,0.05115087499453787,0
TABUENCA01-45,2024-04-25 14:24:14.050000+00:00,not_walking,0,random_forest,32,TABUENCA01-45_block_32,temporal_block,15.0,0.03092184420767009,0
TABUENCA01-45,2024-04-25 14:24:15.050000+00:00,not_walking,0,random_forest,32,TABUENCA01-45_block_32,temporal_block,15.0,0.03638946454205225,0
TABUENCA01-45,2024-04-25 14:24:16.050000+00:00,not_walking,0,random_forest,32,TABUENCA01-45_block_32,temporal_block,15.0,0.036985891213224945,0
TABUENCA01-45,2024-04-25 14:24:17.050000+00:00,not_walking,0,random_forest,32,TABUENCA01-45_block_32,temporal_block,15.0,0.3298256434774408,0
TABUENCA01-45,2024-04-25 14:24:18.050000+00:00,not_walking,0,random_forest,32,TABUENCA01-45_block_32,temporal_block,15.0,0.26853516087583584,0
TABUENCA01-45,2024-04-25 14:24:19.050000+00:00,not_walking,0,random_forest,32,TABUENCA01-45_block_32,temporal_block,15.0,0.24482707311250565,0
TABUENCA01-45,2024-04-25 14:24:20.050000+00:00,not_walking,0,random_forest,32,TABUENCA01-45_block_32,temporal_block,15.0,0.20427231614185948,0
TABUENCA01-45,2024-04-25 14:24:21.050000+00:00,not_walking,0,random_forest,32,TABUENCA01-45_block_32,temporal_block,15.0,0.19632615684901522,0
TABUENCA01-45,2024-04-25 14:24:22.050000+00:00,not_walking,0,random_forest,32,TABUENCA01-45_block_32,temporal_block,15.0,0.14387239229661886,0
TABUENCA01-45,2024-04-25 14:24:23.050000+00:00,not_walking,0,random_forest,32,TABUENCA01-45_block_32,temporal_block,15.0,0.08861414689772472,0
TABUENCA01-45,2024-04-25 14:24:24.050000+00:00,not_walking,0,random_forest,32,TABUENCA01-45_block_32,temporal_block,15.0,0.027306588380700242,0
TABUENCA01-45,2024-04-25 14:24:25.050000+00:00,not_walking,0,random_forest,32,TABUENCA01-45_block_32,temporal_block,15.0,0.1274164465616103,0
TABUENCA01-45,2024-04-25 14:24:26.050000+00:00,not_walking,0,random_forest,32,TABUENCA01-45_block_32,temporal_block,15.0,0.15199454788525,0
TABUENCA01-45,2024-04-25 14:24:27.050000+00:00,not_walking,0,random_forest,32,TABUENCA01-45_block_32,temporal_block,15.0,0.06133117606495375,0
TABUENCA01-45,2024-04-25 14:24:28.050000+00:00,not_walking,0,random_forest,32,TABUENCA01-45_block_32,temporal_block,15.0,0.03467594999555987,0
TABUENCA01-45,2024-04-25 14:24:29.050000+00:00,not_walking,0,random_forest,32,TABUENCA01-45_block_32,temporal_block,15.0,0.009692897882603576,0
TABUENCA01-45,2024-04-25 14:24:30.050000+00:00,not_walking,0,random_forest,32,TABUENCA01-45_block_32,temporal_block,15.0,0.00854635374912559,0
TABUENCA01-45,2024-04-25 14:24:31.050000+00:00,not_walking,0,random_forest,32,TABUENCA01-45_block_32,temporal_block,15.0,0.060867979173534724,0
TABUENCA01-45,2024-04-25 14:24:32.050000+00:00,not_walking,0,random_forest,32,TABUENCA01-45_block_32,temporal_block,15.0,0.10851006125020655,0
TABUENCA01-45,2024-04-25 14:24:38.010000+00:00,walking,1,random_forest,33,TABUENCA01-45_block_33,temporal_block,15.0,0.6470458504874136,1
TABUENCA01-45,2024-04-25 14:24:39.010000+00:00,walking,1,random_forest,33,TABUENCA01-45_block_33,temporal_block,15.0,0.7141603271896382,1
TABUENCA01-45,2024-04-25 14:24:40.010000+00:00,walking,1,random_forest,33,TABUENCA01-45_block_33,temporal_block,15.0,0.8192814138024415,1
TABUENCA01-45,2024-04-25 14:24:41.010000+00:00,walking,1,random_forest,33,TABUENCA01-45_block_33,temporal_block,15.0,0.8882246827671334,1
TABUENCA01-45,2024-04-25 14:24:42.010000+00:00,walking,1,random_forest,33,TABUENCA01-45_block_33,temporal_block,15.0,0.9260469759685007,1
TABUENCA01-45,2024-04-25 14:24:43.010000+00:00,walking,1,random_forest,33,TABUENCA01-45_block_33,temporal_block,15.0,0.9019141321427033,1
TABUENCA01-45,2024-04-25 14:24:44.010000+00:00,walking,1,random_forest,33,TABUENCA01-45_block_33,temporal_block,15.0,0.8962541324715408,1
TABUENCA01-45,2024-04-25 14:24:45.010000+00:00,walking,1,random_forest,33,TABUENCA01-45_block_33,temporal_block,15.0,0.8208308913906691,1
TABUENCA01-45,2024-04-25 14:24:46.010000+00:00,walking,1,random_forest,33,TABUENCA01-45_block_33,temporal_block,15.0,0.9247486810752014,1
TABUENCA01-45,2024-04-25 14:24:47.010000+00:00,walking,1,random_forest,33,TABUENCA01-45_block_33,temporal_block,15.0,0.89483984197186,1
TABUENCA01-45,2024-04-25 14:24:48.010000+00:00,walking,1,random_forest,33,TABUENCA01-45_block_33,temporal_block,15.0,0.9460422949392097,1
TABUENCA01-45,2024-04-25 14:24:49.010000+00:00,walking,1,random_forest,33,TABUENCA01-45_block_33,temporal_block,15.0,0.8559629924195244,1
TABUENCA01-45,2024-04-25 14:24:50.010000+00:00,walking,1,random_forest,33,TABUENCA01-45_block_33,temporal_block,15.0,0.8695669279107013,1
TABUENCA01-45,2024-04-25 14:24:51.010000+00:00,walking,1,random_forest,33,TABUENCA01-45_block_33,temporal_block,15.0,0.7678963569401418,1
TABUENCA01-45,2024-04-25 14:24:52.010000+00:00,walking,1,random_forest,33,TABUENCA01-45_block_33,temporal_block,15.0,0.8883419978366948,1
TABUENCA01-45,2024-04-25 14:24:53.010000+00:00,walking,1,random_forest,33,TABUENCA01-45_block_33,temporal_block,15.0,0.8674905375246817,1
TABUENCA01-45,2024-04-25 14:24:54.010000+00:00,walking,1,random_forest,33,TABUENCA01-45_block_33,temporal_block,15.0,0.8585317306228728,1
TABUENCA01-45,2024-04-25 14:24:55.010000+00:00,walking,1,random_forest,33,TABUENCA01-45_block_33,temporal_block,15.0,0.9052190992277229,1
TABUENCA01-45,2024-04-25 14:24:56.010000+00:00,walking,1,random_forest,33,TABUENCA01-45_block_33,temporal_block,15.0,0.8587400005966604,1
TABUENCA01-45,2024-04-25 14:24:57.010000+00:00,walking,1,random_forest,33,TABUENCA01-45_block_33,temporal_block,15.0,0.9565647628442412,1
TABUENCA01-45,2024-04-25 14:24:58.010000+00:00,walking,1,random_forest,33,TABUENCA01-45_block_33,temporal_block,15.0,0.9338871390053377,1
TABUENCA01-45,2024-04-25 14:24:59.010000+00:00,walking,1,random_forest,33,TABUENCA01-45_block_33,temporal_block,15.0,0.9585505050536623,1
TABUENCA01-45,2024-04-25 14:25:00.010000+00:00,walking,1,random_forest,33,TABUENCA01-45_block_33,temporal_block,15.0,0.8840404377883427,1
TABUENCA01-45,2024-04-25 14:25:01.010000+00:00,walking,1,random_forest,33,TABUENCA01-45_block_33,temporal_block,15.0,0.9000459051677749,1
TABUENCA01-45,2024-04-25 14:25:02.010000+00:00,walking,1,random_forest,33,TABUENCA01-45_block_33,temporal_block,15.0,0.7631180042926967,1
TABUENCA01-45,2024-04-25 14:25:03.010000+00:00,walking,1,random_forest,33,TABUENCA01-45_block_33,temporal_block,15.0,0.8861354066702433,1
TABUENCA01-45,2024-04-25 14:25:04.010000+00:00,walking,1,random_forest,33,TABUENCA01-45_block_33,temporal_block,15.0,0.8134247367788724,1
TABUENCA01-45,2024-04-25 14:25:05.010000+00:00,walking,1,random_forest,33,TABUENCA01-45_block_33,temporal_block,15.0,0.8958042441496343,1
TABUENCA01-45,2024-04-25 14:25:06.010000+00:00,walking,1,random_forest,33,TABUENCA01-45_block_33,temporal_block,15.0,0.869399166843347,1
TABUENCA01-45,2024-04-25 14:25:07.010000+00:00,walking,1,random_forest,33,TABUENCA01-45_block_33,temporal_block,15.0,0.8116698485558532,1
TABUENCA01-45,2024-04-25 14:25:08.010000+00:00,walking,1,random_forest,33,TABUENCA01-45_block_33,temporal_block,15.0,0.9622894892968855,1
TABUENCA01-45,2024-04-25 14:25:09.010000+00:00,walking,1,random_forest,33,TABUENCA01-45_block_33,temporal_block,15.0,0.9657287990173185,1
TABUENCA01-45,2024-04-25 14:25:10.010000+00:00,walking,1,random_forest,33,TABUENCA01-45_block_33,temporal_block,15.0,0.9663688985463422,1
TABUENCA01-45,2024-04-25 14:25:11.010000+00:00,walking,1,random_forest,33,TABUENCA01-45_block_33,temporal_block,15.0,0.8376161530608083,1
TABUENCA01-45,2024-04-25 14:25:12.010000+00:00,walking,1,random_forest,33,TABUENCA01-45_block_33,temporal_block,15.0,0.8364524693103331,1
TABUENCA01-45,2024-04-25 14:25:13.010000+00:00,walking,1,random_forest,33,TABUENCA01-45_block_33,temporal_block,15.0,0.8597806883971053,1
TABUENCA01-45,2024-04-25 14:25:14.010000+00:00,walking,1,random_forest,33,TABUENCA01-45_block_33,temporal_block,15.0,0.8749835055288903,1
TABUENCA01-45,2024-04-25 14:25:15.010000+00:00,walking,1,random_forest,33,TABUENCA01-45_block_33,temporal_block,15.0,0.9352494471892308,1
TABUENCA01-45,2024-04-25 14:25:16.010000+00:00,walking,1,random_forest,33,TABUENCA01-45_block_33,temporal_block,15.0,0.8953419098292538,1
TABUENCA01-45,2024-04-25 14:25:17.010000+00:00,walking,1,random_forest,33,TABUENCA01-45_block_33,temporal_block,15.0,0.7471261382871909,1
TABUENCA01-45,2024-04-25 14:25:18.010000+00:00,walking,1,random_forest,33,TABUENCA01-45_block_33,temporal_block,15.0,0.904784131663413,1
TABUENCA01-45,2024-04-25 14:25:19.010000+00:00,walking,1,random_forest,33,TABUENCA01-45_block_33,temporal_block,15.0,0.9454044583855851,1
TABUENCA01-45,2024-04-25 14:25:20.010000+00:00,walking,1,random_forest,33,TABUENCA01-45_block_33,temporal_block,15.0,0.944971525022307,1
TABUENCA01-45,2024-04-25 14:25:21.010000+00:00,walking,1,random_forest,33,TABUENCA01-45_block_33,temporal_block,15.0,0.8687049906142945,1
TABUENCA01-45,2024-04-25 14:25:22.010000+00:00,walking,1,random_forest,33,TABUENCA01-45_block_33,temporal_block,15.0,0.8431951792186211,1
TABUENCA01-45,2024-04-25 14:25:23.010000+00:00,walking,1,random_forest,33,TABUENCA01-45_block_33,temporal_block,15.0,0.8581228494759834,1
TABUENCA01-45,2024-04-25 14:25:24.010000+00:00,walking,1,random_forest,33,TABUENCA01-45_block_33,temporal_block,15.0,0.9083049745226262,1
TABUENCA01-45,2024-04-25 14:25:25.010000+00:00,walking,1,random_forest,33,TABUENCA01-45_block_33,temporal_block,15.0,0.9294895094798492,1
TABUENCA01-45,2024-04-25 14:25:26.010000+00:00,walking,1,random_forest,33,TABUENCA01-45_block_33,temporal_block,15.0,0.8111787188036161,1
TABUENCA01-45,2024-04-25 14:25:27.010000+00:00,walking,1,random_forest,33,TABUENCA01-45_block_33,temporal_block,15.0,0.9109525646863159,1
TABUENCA01-45,2024-04-25 14:25:28.010000+00:00,walking,1,random_forest,33,TABUENCA01-45_block_33,temporal_block,15.0,0.9580893153852774,1
TABUENCA01-45,2024-04-25 14:25:29.010000+00:00,walking,1,random_forest,33,TABUENCA01-45_block_33,temporal_block,15.0,0.9657203867914708,1
TABUENCA01-45,2024-04-25 14:25:30.010000+00:00,walking,1,random_forest,33,TABUENCA01-45_block_33,temporal_block,15.0,0.9625963915564565,1
TABUENCA01-45,2024-04-25 14:25:31.010000+00:00,walking,1,random_forest,33,TABUENCA01-45_block_33,temporal_block,15.0,0.9718136388742986,1
TABUENCA01-45,2024-04-25 14:25:32.010000+00:00,walking,1,random_forest,33,TABUENCA01-45_block_33,temporal_block,15.0,0.8764659984405193,1
TABUENCA01-45,2024-04-25 14:25:33.010000+00:00,walking,1,random_forest,33,TABUENCA01-45_block_33,temporal_block,15.0,0.8355722947129073,1
TABUENCA01-45,2024-04-25 14:25:34.010000+00:00,walking,1,random_forest,33,TABUENCA01-45_block_33,temporal_block,15.0,0.880503863796179,1
TABUENCA01-45,2024-04-25 14:25:35.010000+00:00,walking,1,random_forest,33,TABUENCA01-45_block_33,temporal_block,15.0,0.8114104441719724,1
TABUENCA01-45,2024-04-25 14:25:36.010000+00:00,walking,1,random_forest,33,TABUENCA01-45_block_33,temporal_block,15.0,0.897843345255551,1
TABUENCA01-45,2024-04-25 14:25:37.010000+00:00,walking,1,random_forest,33,TABUENCA01-45_block_33,temporal_block,15.0,0.787579538965864,1
TABUENCA01-45,2024-04-25 14:25:38.010000+00:00,walking,1,random_forest,33,TABUENCA01-45_block_33,temporal_block,15.0,0.8945009019122875,1
TABUENCA01-45,2024-04-25 14:25:39.010000+00:00,walking,1,random_forest,33,TABUENCA01-45_block_33,temporal_block,15.0,0.8590502046614167,1
TABUENCA01-45,2024-04-25 14:25:40.010000+00:00,walking,1,random_forest,33,TABUENCA01-45_block_33,temporal_block,15.0,0.9317766897308936,1
TABUENCA01-45,2024-04-25 14:25:41.010000+00:00,walking,1,random_forest,33,TABUENCA01-45_block_33,temporal_block,15.0,0.9848487859243462,1
TABUENCA01-45,2024-04-25 14:25:42.010000+00:00,walking,1,random_forest,33,TABUENCA01-45_block_33,temporal_block,15.0,0.9887414399573557,1
TABUENCA01-45,2024-04-25 14:38:57.020000+00:00,walking,1,random_forest,34,TABUENCA01-45_block_34,temporal_block,15.0,0.8502707507027871,1
TABUENCA01-45,2024-04-25 14:38:58.020000+00:00,walking,1,random_forest,34,TABUENCA01-45_block_34,temporal_block,15.0,0.9746720707721285,1
TABUENCA01-45,2024-04-25 14:38:59.020000+00:00,walking,1,random_forest,34,TABUENCA01-45_block_34,temporal_block,15.0,0.9793502710618716,1
TABUENCA01-45,2024-04-25 14:39:00.020000+00:00,walking,1,random_forest,34,TABUENCA01-45_block_34,temporal_block,15.0,0.9588154371376439,1
TABUENCA01-45,2024-04-25 14:39:01.020000+00:00,walking,1,random_forest,34,TABUENCA01-45_block_34,temporal_block,15.0,0.9749942300160153,1
TABUENCA01-45,2024-04-25 14:39:02.020000+00:00,walking,1,random_forest,34,TABUENCA01-45_block_34,temporal_block,15.0,0.9812437752353447,1
TABUENCA01-45,2024-04-25 14:39:03.020000+00:00,walking,1,random_forest,34,TABUENCA01-45_block_34,temporal_block,15.0,0.9883625758458314,1
TABUENCA01-45,2024-04-25 14:39:04.020000+00:00,walking,1,random_forest,34,TABUENCA01-45_block_34,temporal_block,15.0,0.9847290793350858,1
TABUENCA01-45,2024-04-25 14:39:05.020000+00:00,walking,1,random_forest,34,TABUENCA01-45_block_34,temporal_block,15.0,0.9863825071050879,1
TABUENCA01-45,2024-04-25 14:39:06.020000+00:00,walking,1,random_forest,34,TABUENCA01-45_block_34,temporal_block,15.0,0.9812651295810713,1
TABUENCA01-45,2024-04-25 14:39:07.020000+00:00,walking,1,random_forest,34,TABUENCA01-45_block_34,temporal_block,15.0,0.9694605179752379,1
TABUENCA01-45,2024-04-25 14:39:08.020000+00:00,walking,1,random_forest,34,TABUENCA01-45_block_34,temporal_block,15.0,0.9518004813862956,1
TABUENCA01-45,2024-04-25 14:39:09.020000+00:00,walking,1,random_forest,34,TABUENCA01-45_block_34,temporal_block,15.0,0.9852298423549604,1
TABUENCA01-45,2024-04-25 14:39:10.020000+00:00,walking,1,random_forest,34,TABUENCA01-45_block_34,temporal_block,15.0,0.9787680367582943,1
TABUENCA01-45,2024-04-25 14:39:11.020000+00:00,walking,1,random_forest,34,TABUENCA01-45_block_34,temporal_block,15.0,0.9865331701072064,1
TABUENCA01-45,2024-04-25 14:39:12.020000+00:00,walking,1,random_forest,34,TABUENCA01-45_block_34,temporal_block,15.0,0.9854315204548353,1
TABUENCA01-45,2024-04-25 14:39:13.020000+00:00,walking,1,random_forest,34,TABUENCA01-45_block_34,temporal_block,15.0,0.988249865685516,1
TABUENCA01-45,2024-04-25 14:39:14.020000+00:00,walking,1,random_forest,34,TABUENCA01-45_block_34,temporal_block,15.0,0.9869140243276797,1
TABUENCA01-45,2024-04-25 14:39:15.020000+00:00,walking,1,random_forest,34,TABUENCA01-45_block_34,temporal_block,15.0,0.9580381989207923,1
TABUENCA01-45,2024-04-25 14:39:16.020000+00:00,walking,1,random_forest,34,TABUENCA01-45_block_34,temporal_block,15.0,0.9745949232404867,1
TABUENCA01-45,2024-04-25 14:39:17.020000+00:00,walking,1,random_forest,34,TABUENCA01-45_block_34,temporal_block,15.0,0.9696890983459038,1
TABUENCA01-45,2024-04-25 14:39:18.020000+00:00,walking,1,random_forest,34,TABUENCA01-45_block_34,temporal_block,15.0,0.8738656369471136,1
TABUENCA01-45,2024-04-25 14:39:19.020000+00:00,walking,1,random_forest,34,TABUENCA01-45_block_34,temporal_block,15.0,0.9350779086678364,1
TABUENCA01-45,2024-04-25 14:39:24.020000+00:00,not_walking,0,random_forest,34,TABUENCA01-45_block_34,temporal_block,15.0,0.24027792735447387,0
TABUENCA01-45,2024-04-25 14:39:25.020000+00:00,not_walking,0,random_forest,34,TABUENCA01-45_block_34,temporal_block,15.0,0.20798130909364615,0
TABUENCA01-45,2024-04-25 14:39:26.020000+00:00,not_walking,0,random_forest,34,TABUENCA01-45_block_34,temporal_block,15.0,0.21344199018174875,0
TABUENCA01-45,2024-04-25 14:39:27.020000+00:00,not_walking,0,random_forest,34,TABUENCA01-45_block_34,temporal_block,15.0,0.25975290361128134,0
TABUENCA01-45,2024-04-25 14:39:28.020000+00:00,not_walking,0,random_forest,34,TABUENCA01-45_block_34,temporal_block,15.0,0.244222994120134,0
TABUENCA01-45,2024-04-25 14:39:29.020000+00:00,not_walking,0,random_forest,34,TABUENCA01-45_block_34,temporal_block,15.0,0.22498374955685377,0
TABUENCA01-45,2024-04-25 14:39:34.020000+00:00,walking,1,random_forest,34,TABUENCA01-45_block_34,temporal_block,15.0,0.9722714574583915,1
TABUENCA01-45,2024-04-25 14:39:35.020000+00:00,walking,1,random_forest,34,TABUENCA01-45_block_34,temporal_block,15.0,0.9842263459777117,1
TABUENCA01-45,2024-04-25 14:39:36.020000+00:00,walking,1,random_forest,34,TABUENCA01-45_block_34,temporal_block,15.0,0.9839768824183793,1
TABUENCA01-45,2024-04-25 14:39:37.020000+00:00,walking,1,random_forest,34,TABUENCA01-45_block_34,temporal_block,15.0,0.9815575803645047,1
TABUENCA01-45,2024-04-25 14:39:38.020000+00:00,walking,1,random_forest,34,TABUENCA01-45_block_34,temporal_block,15.0,0.9798210437558704,1
TABUENCA01-45,2024-04-25 14:39:39.020000+00:00,walking,1,random_forest,34,TABUENCA01-45_block_34,temporal_block,15.0,0.9875039210551669,1
TABUENCA01-45,2024-04-25 14:39:40.020000+00:00,walking,1,random_forest,34,TABUENCA01-45_block_34,temporal_block,15.0,0.9803364911617716,1
TABUENCA01-45,2024-04-25 14:39:41.020000+00:00,walking,1,random_forest,34,TABUENCA01-45_block_34,temporal_block,15.0,0.98203223122848,1
TABUENCA01-45,2024-04-25 14:39:42.020000+00:00,walking,1,random_forest,34,TABUENCA01-45_block_34,temporal_block,15.0,0.984971383327661,1
TABUENCA01-45,2024-04-25 14:39:43.020000+00:00,walking,1,random_forest,34,TABUENCA01-45_block_34,temporal_block,15.0,0.98647198560315,1
TABUENCA01-45,2024-04-25 14:39:44.020000+00:00,walking,1,random_forest,34,TABUENCA01-45_block_34,temporal_block,15.0,0.9709372555529653,1
TABUENCA01-45,2024-04-25 14:39:45.020000+00:00,walking,1,random_forest,34,TABUENCA01-45_block_34,temporal_block,15.0,0.9697274149480825,1
TABUENCA01-45,2024-04-25 14:39:46.020000+00:00,walking,1,random_forest,34,TABUENCA01-45_block_34,temporal_block,15.0,0.9850455203731695,1
TABUENCA01-45,2024-04-25 14:39:47.020000+00:00,walking,1,random_forest,34,TABUENCA01-45_block_34,temporal_block,15.0,0.9834254792031176,1
TABUENCA01-45,2024-04-25 14:39:48.020000+00:00,walking,1,random_forest,34,TABUENCA01-45_block_34,temporal_block,15.0,0.9785271322116819,1
TABUENCA01-45,2024-04-25 14:39:49.020000+00:00,walking,1,random_forest,34,TABUENCA01-45_block_34,temporal_block,15.0,0.963075492512512,1
TABUENCA01-45,2024-04-25 14:39:50.020000+00:00,walking,1,random_forest,34,TABUENCA01-45_block_34,temporal_block,15.0,0.9764879918534247,1
TABUENCA01-45,2024-04-25 14:39:51.020000+00:00,walking,1,random_forest,34,TABUENCA01-45_block_34,temporal_block,15.0,0.976574544061145,1
TABUENCA01-45,2024-04-25 14:39:52.020000+00:00,walking,1,random_forest,34,TABUENCA01-45_block_34,temporal_block,15.0,0.9868754293560632,1
TABUENCA01-45,2024-04-25 14:39:53.020000+00:00,walking,1,random_forest,34,TABUENCA01-45_block_34,temporal_block,15.0,0.9775980598228142,1
TABUENCA01-45,2024-04-25 14:39:54.020000+00:00,walking,1,random_forest,34,TABUENCA01-45_block_34,temporal_block,15.0,0.9789105373916082,1
TABUENCA01-45,2024-04-25 14:39:55.020000+00:00,walking,1,random_forest,34,TABUENCA01-45_block_34,temporal_block,15.0,0.9684381836819966,1
TABUENCA01-45,2024-04-25 14:39:56.020000+00:00,walking,1,random_forest,34,TABUENCA01-45_block_34,temporal_block,15.0,0.974887753982073,1
TABUENCA01-45,2024-04-25 14:39:57.020000+00:00,walking,1,random_forest,34,TABUENCA01-45_block_34,temporal_block,15.0,0.9770083752643548,1
TABUENCA01-45,2024-04-25 14:39:58.020000+00:00,walking,1,random_forest,34,TABUENCA01-45_block_34,temporal_block,15.0,0.9718204247471824,1
TABUENCA01-45,2024-04-25 14:39:59.020000+00:00,walking,1,random_forest,34,TABUENCA01-45_block_34,temporal_block,15.0,0.9766717937148527,1
TABUENCA01-45,2024-04-25 14:40:00.020000+00:00,walking,1,random_forest,34,TABUENCA01-45_block_34,temporal_block,15.0,0.9736970116460532,1
TABUENCA01-45,2024-04-25 14:40:01.020000+00:00,walking,1,random_forest,34,TABUENCA01-45_block_34,temporal_block,15.0,0.9455810854322628,1
TABUENCA01-45,2024-04-25 14:40:02.020000+00:00,walking,1,random_forest,34,TABUENCA01-45_block_34,temporal_block,15.0,0.9777803795570852,1
TABUENCA01-45,2024-04-25 14:40:03.020000+00:00,walking,1,random_forest,34,TABUENCA01-45_block_34,temporal_block,15.0,0.9780524109731576,1
TABUENCA01-45,2024-04-25 14:40:04.020000+00:00,walking,1,random_forest,34,TABUENCA01-45_block_34,temporal_block,15.0,0.9864678671060206,1
TABUENCA01-45,2024-04-25 14:40:05.020000+00:00,walking,1,random_forest,34,TABUENCA01-45_block_34,temporal_block,15.0,0.9715815604986856,1
TABUENCA01-45,2024-04-25 14:40:06.020000+00:00,walking,1,random_forest,34,TABUENCA01-45_block_34,temporal_block,15.0,0.9736484752714453,1
TABUENCA01-45,2024-04-25 14:40:07.020000+00:00,walking,1,random_forest,34,TABUENCA01-45_block_34,temporal_block,15.0,0.9480080495416658,1
TABUENCA01-45,2024-04-25 14:40:08.020000+00:00,walking,1,random_forest,34,TABUENCA01-45_block_34,temporal_block,15.0,0.9709820848516101,1
TABUENCA01-45,2024-04-25 14:40:09.020000+00:00,walking,1,random_forest,34,TABUENCA01-45_block_34,temporal_block,15.0,0.9357987984019356,1
TABUENCA01-45,2024-04-25 14:40:10.020000+00:00,walking,1,random_forest,34,TABUENCA01-45_block_34,temporal_block,15.0,0.9591024980156415,1
TABUENCA01-45,2024-04-25 14:40:11.020000+00:00,walking,1,random_forest,34,TABUENCA01-45_block_34,temporal_block,15.0,0.9772911041564128,1
TABUENCA01-45,2024-04-25 14:40:12.020000+00:00,walking,1,random_forest,34,TABUENCA01-45_block_34,temporal_block,15.0,0.937727596330912,1
TABUENCA01-45,2024-04-25 14:40:13.020000+00:00,walking,1,random_forest,34,TABUENCA01-45_block_34,temporal_block,15.0,0.9623083861008538,1
TABUENCA01-45,2024-04-25 14:40:14.020000+00:00,walking,1,random_forest,34,TABUENCA01-45_block_34,temporal_block,15.0,0.9420890889066097,1
TABUENCA01-45,2024-04-25 14:40:15.020000+00:00,walking,1,random_forest,34,TABUENCA01-45_block_34,temporal_block,15.0,0.9722118648751028,1
TABUENCA01-45,2024-04-25 14:40:16.020000+00:00,walking,1,random_forest,34,TABUENCA01-45_block_34,temporal_block,15.0,0.9822081118416212,1
TABUENCA01-45,2024-04-25 14:40:17.020000+00:00,walking,1,random_forest,34,TABUENCA01-45_block_34,temporal_block,15.0,0.9485695763291644,1
TABUENCA01-45,2024-04-25 14:40:18.020000+00:00,walking,1,random_forest,34,TABUENCA01-45_block_34,temporal_block,15.0,0.9794245237954166,1
TABUENCA01-45,2024-04-25 14:40:19.020000+00:00,walking,1,random_forest,34,TABUENCA01-45_block_34,temporal_block,15.0,0.9454519227005806,1
TABUENCA01-45,2024-04-25 14:40:20.020000+00:00,walking,1,random_forest,34,TABUENCA01-45_block_34,temporal_block,15.0,0.9564706024616088,1
TABUENCA01-45,2024-04-25 14:40:21.020000+00:00,walking,1,random_forest,34,TABUENCA01-45_block_34,temporal_block,15.0,0.982915202504623,1
TABUENCA01-45,2024-04-25 14:40:22.020000+00:00,walking,1,random_forest,34,TABUENCA01-45_block_34,temporal_block,15.0,0.9722079097530324,1
TABUENCA01-45,2024-04-25 14:40:23.020000+00:00,walking,1,random_forest,34,TABUENCA01-45_block_34,temporal_block,15.0,0.9746169393793894,1
TABUENCA01-45,2024-04-25 14:40:24.020000+00:00,walking,1,random_forest,34,TABUENCA01-45_block_34,temporal_block,15.0,0.98349690594343,1
TABUENCA01-45,2024-04-25 14:40:25.020000+00:00,walking,1,random_forest,34,TABUENCA01-45_block_34,temporal_block,15.0,0.9592416829092785,1
TABUENCA01-45,2024-04-25 14:40:26.020000+00:00,walking,1,random_forest,34,TABUENCA01-45_block_34,temporal_block,15.0,0.9848899256992649,1
TABUENCA01-45,2024-04-25 14:40:27.020000+00:00,walking,1,random_forest,34,TABUENCA01-45_block_34,temporal_block,15.0,0.9811214135507275,1
TABUENCA01-45,2024-04-25 14:40:28.020000+00:00,walking,1,random_forest,34,TABUENCA01-45_block_34,temporal_block,15.0,0.9826611155366071,1
TABUENCA01-45,2024-04-25 14:40:29.020000+00:00,walking,1,random_forest,34,TABUENCA01-45_block_34,temporal_block,15.0,0.9790926122544554,1
TABUENCA01-45,2024-04-25 14:40:30.020000+00:00,walking,1,random_forest,34,TABUENCA01-45_block_34,temporal_block,15.0,0.9869102031313202,1
TABUENCA01-45,2024-04-25 14:40:31.020000+00:00,walking,1,random_forest,34,TABUENCA01-45_block_34,temporal_block,15.0,0.9804271986452271,1
TABUENCA01-45,2024-04-25 14:40:32.020000+00:00,walking,1,random_forest,34,TABUENCA01-45_block_34,temporal_block,15.0,0.9573354607700613,1
TABUENCA01-45,2024-04-25 14:40:33.020000+00:00,walking,1,random_forest,34,TABUENCA01-45_block_34,temporal_block,15.0,0.9822483490097828,1
TABUENCA01-45,2024-04-25 14:40:34.020000+00:00,walking,1,random_forest,34,TABUENCA01-45_block_34,temporal_block,15.0,0.9840783558769405,1
TABUENCA01-45,2024-04-25 14:40:35.020000+00:00,walking,1,random_forest,34,TABUENCA01-45_block_34,temporal_block,15.0,0.9857357883127112,1
TABUENCA01-45,2024-04-25 14:40:36.020000+00:00,walking,1,random_forest,34,TABUENCA01-45_block_34,temporal_block,15.0,0.9772701866514948,1
TABUENCA01-45,2024-04-25 14:40:37.020000+00:00,walking,1,random_forest,34,TABUENCA01-45_block_34,temporal_block,15.0,0.9866481579960763,1
TABUENCA01-45,2024-04-25 14:40:38.020000+00:00,walking,1,random_forest,34,TABUENCA01-45_block_34,temporal_block,15.0,0.9855305640550315,1
TABUENCA01-45,2024-04-25 14:40:39.020000+00:00,walking,1,random_forest,34,TABUENCA01-45_block_34,temporal_block,15.0,0.9810565153626173,1
TABUENCA01-45,2024-04-25 14:40:40.020000+00:00,walking,1,random_forest,34,TABUENCA01-45_block_34,temporal_block,15.0,0.977085548182428,1
TABUENCA01-45,2024-04-25 14:40:41.020000+00:00,walking,1,random_forest,34,TABUENCA01-45_block_34,temporal_block,15.0,0.9858340266290339,1
TABUENCA01-45,2024-04-25 14:40:42.020000+00:00,walking,1,random_forest,34,TABUENCA01-45_block_34,temporal_block,15.0,0.980512981746495,1
TABUENCA01-45,2024-04-25 14:40:43.020000+00:00,walking,1,random_forest,34,TABUENCA01-45_block_34,temporal_block,15.0,0.9877240814994195,1
TABUENCA01-45,2024-04-25 14:40:44.020000+00:00,walking,1,random_forest,34,TABUENCA01-45_block_34,temporal_block,15.0,0.9752445528039855,1
TABUENCA01-45,2024-04-25 14:40:45.020000+00:00,walking,1,random_forest,34,TABUENCA01-45_block_34,temporal_block,15.0,0.9818573465334434,1
TABUENCA01-45,2024-04-25 14:40:46.020000+00:00,walking,1,random_forest,34,TABUENCA01-45_block_34,temporal_block,15.0,0.9870719978799302,1
TABUENCA01-45,2024-04-25 14:40:47.020000+00:00,walking,1,random_forest,34,TABUENCA01-45_block_34,temporal_block,15.0,0.9816713747320583,1
TABUENCA01-45,2024-04-25 14:40:48.020000+00:00,walking,1,random_forest,34,TABUENCA01-45_block_34,temporal_block,15.0,0.9850488661177556,1
TABUENCA01-45,2024-04-25 14:40:49.020000+00:00,walking,1,random_forest,34,TABUENCA01-45_block_34,temporal_block,15.0,0.9835003828213894,1
TABUENCA01-45,2024-04-25 14:40:50.020000+00:00,walking,1,random_forest,34,TABUENCA01-45_block_34,temporal_block,15.0,0.9863170753761515,1
TABUENCA01-45,2024-04-25 14:40:51.020000+00:00,walking,1,random_forest,34,TABUENCA01-45_block_34,temporal_block,15.0,0.9863203109670409,1
TABUENCA01-45,2024-04-25 14:40:52.020000+00:00,walking,1,random_forest,34,TABUENCA01-45_block_34,temporal_block,15.0,0.9804774151059382,1
TABUENCA01-45,2024-04-25 14:40:53.020000+00:00,walking,1,random_forest,34,TABUENCA01-45_block_34,temporal_block,15.0,0.979966334204267,1
TABUENCA01-45,2024-04-25 14:40:54.020000+00:00,walking,1,random_forest,34,TABUENCA01-45_block_34,temporal_block,15.0,0.985895226739169,1
TABUENCA01-45,2024-04-25 14:40:55.020000+00:00,walking,1,random_forest,34,TABUENCA01-45_block_34,temporal_block,15.0,0.9847835989411037,1
TABUENCA01-45,2024-04-25 14:40:56.020000+00:00,walking,1,random_forest,34,TABUENCA01-45_block_34,temporal_block,15.0,0.9744579541216454,1
TABUENCA01-45,2024-04-25 14:40:57.020000+00:00,walking,1,random_forest,34,TABUENCA01-45_block_34,temporal_block,15.0,0.988277057701223,1
TABUENCA01-45,2024-04-25 14:40:58.020000+00:00,walking,1,random_forest,34,TABUENCA01-45_block_34,temporal_block,15.0,0.9845554761707405,1
TABUENCA01-45,2024-04-25 14:40:59.020000+00:00,walking,1,random_forest,34,TABUENCA01-45_block_34,temporal_block,15.0,0.9838092730282132,1
TABUENCA01-45,2024-04-25 14:41:00.020000+00:00,walking,1,random_forest,34,TABUENCA01-45_block_34,temporal_block,15.0,0.983086711743815,1
TABUENCA01-45,2024-04-25 14:41:01.020000+00:00,walking,1,random_forest,34,TABUENCA01-45_block_34,temporal_block,15.0,0.9842843550407834,1
TABUENCA01-45,2024-04-25 14:41:02.020000+00:00,walking,1,random_forest,34,TABUENCA01-45_block_34,temporal_block,15.0,0.9849237983360349,1
TABUENCA01-45,2024-04-25 14:41:03.020000+00:00,walking,1,random_forest,34,TABUENCA01-45_block_34,temporal_block,15.0,0.9839704100114479,1
TABUENCA01-45,2024-04-25 14:41:04.020000+00:00,walking,1,random_forest,34,TABUENCA01-45_block_34,temporal_block,15.0,0.9857730052332094,1
TABUENCA01-45,2024-04-25 14:41:05.020000+00:00,walking,1,random_forest,34,TABUENCA01-45_block_34,temporal_block,15.0,0.9861525570978591,1
TABUENCA01-45,2024-04-25 14:41:06.020000+00:00,walking,1,random_forest,34,TABUENCA01-45_block_34,temporal_block,15.0,0.9859771074016995,1
TABUENCA01-45,2024-04-25 14:41:07.020000+00:00,walking,1,random_forest,34,TABUENCA01-45_block_34,temporal_block,15.0,0.9872653266594084,1
TABUENCA01-45,2024-04-25 14:41:08.020000+00:00,walking,1,random_forest,34,TABUENCA01-45_block_34,temporal_block,15.0,0.9825538682162488,1
TABUENCA01-45,2024-04-25 14:41:09.020000+00:00,walking,1,random_forest,34,TABUENCA01-45_block_34,temporal_block,15.0,0.9674040622093196,1
TABUENCA01-45,2024-04-25 14:41:10.020000+00:00,walking,1,random_forest,34,TABUENCA01-45_block_34,temporal_block,15.0,0.9802848307038868,1
TABUENCA01-45,2024-04-25 14:41:11.020000+00:00,walking,1,random_forest,34,TABUENCA01-45_block_34,temporal_block,15.0,0.9821607436391567,1
TABUENCA01-45,2024-04-25 14:41:12.020000+00:00,walking,1,random_forest,34,TABUENCA01-45_block_34,temporal_block,15.0,0.982820762658407,1
TABUENCA01-45,2024-04-25 14:41:13.020000+00:00,walking,1,random_forest,34,TABUENCA01-45_block_34,temporal_block,15.0,0.9751751032918892,1
TABUENCA01-45,2024-04-25 14:41:14.020000+00:00,walking,1,random_forest,34,TABUENCA01-45_block_34,temporal_block,15.0,0.9746366102200045,1
TABUENCA01-45,2024-04-25 14:41:15.020000+00:00,walking,1,random_forest,34,TABUENCA01-45_block_34,temporal_block,15.0,0.9808350307358287,1
TABUENCA01-45,2024-04-25 14:41:16.020000+00:00,walking,1,random_forest,34,TABUENCA01-45_block_34,temporal_block,15.0,0.9869234555705181,1
TABUENCA01-45,2024-04-25 14:41:17.020000+00:00,walking,1,random_forest,34,TABUENCA01-45_block_34,temporal_block,15.0,0.9858872281032397,1
TABUENCA01-45,2024-04-25 14:41:18.020000+00:00,walking,1,random_forest,34,TABUENCA01-45_block_34,temporal_block,15.0,0.9852084478187613,1
TABUENCA01-45,2024-04-25 14:41:19.020000+00:00,walking,1,random_forest,34,TABUENCA01-45_block_34,temporal_block,15.0,0.9755573075726712,1
TABUENCA01-45,2024-04-25 14:41:20.020000+00:00,walking,1,random_forest,34,TABUENCA01-45_block_34,temporal_block,15.0,0.9880060083683869,1
TABUENCA01-45,2024-04-25 14:41:21.020000+00:00,walking,1,random_forest,34,TABUENCA01-45_block_34,temporal_block,15.0,0.9858263329692686,1
TABUENCA01-45,2024-04-25 14:41:22.020000+00:00,walking,1,random_forest,34,TABUENCA01-45_block_34,temporal_block,15.0,0.9711957374849122,1
TABUENCA01-45,2024-04-25 14:41:23.020000+00:00,walking,1,random_forest,34,TABUENCA01-45_block_34,temporal_block,15.0,0.9752008702174689,1
TABUENCA01-45,2024-04-25 14:41:24.020000+00:00,walking,1,random_forest,34,TABUENCA01-45_block_34,temporal_block,15.0,0.9835814647522964,1
TABUENCA01-45,2024-04-25 14:41:25.020000+00:00,walking,1,random_forest,34,TABUENCA01-45_block_34,temporal_block,15.0,0.9854471033378612,1
TABUENCA01-45,2024-04-25 14:41:26.020000+00:00,walking,1,random_forest,34,TABUENCA01-45_block_34,temporal_block,15.0,0.9862860572591093,1
TABUENCA01-45,2024-04-25 14:41:27.020000+00:00,walking,1,random_forest,34,TABUENCA01-45_block_34,temporal_block,15.0,0.9839626451423239,1
TABUENCA01-45,2024-04-25 14:41:28.020000+00:00,walking,1,random_forest,34,TABUENCA01-45_block_34,temporal_block,15.0,0.9882974397426286,1
TABUENCA01-45,2024-04-25 14:41:29.020000+00:00,walking,1,random_forest,34,TABUENCA01-45_block_34,temporal_block,15.0,0.9874451066215397,1
TABUENCA01-45,2024-04-25 14:41:30.020000+00:00,walking,1,random_forest,34,TABUENCA01-45_block_34,temporal_block,15.0,0.9850209656578168,1
TABUENCA01-45,2024-04-25 14:41:31.020000+00:00,walking,1,random_forest,34,TABUENCA01-45_block_34,temporal_block,15.0,0.9782856262608512,1
TABUENCA01-45,2024-04-25 14:41:36.030000+00:00,not_walking,0,random_forest,35,TABUENCA01-45_block_35,temporal_block,15.0,0.2694370916899194,0
TABUENCA01-45,2024-04-25 14:41:37.030000+00:00,not_walking,0,random_forest,35,TABUENCA01-45_block_35,temporal_block,15.0,0.25837374788328504,0
TABUENCA01-45,2024-04-25 14:41:38.030000+00:00,not_walking,0,random_forest,35,TABUENCA01-45_block_35,temporal_block,15.0,0.27030989191254845,0
TABUENCA01-45,2024-04-25 14:41:39.030000+00:00,not_walking,0,random_forest,35,TABUENCA01-45_block_35,temporal_block,15.0,0.12131545879297138,0
TABUENCA01-45,2024-04-25 14:41:40.030000+00:00,not_walking,0,random_forest,35,TABUENCA01-45_block_35,temporal_block,15.0,0.14792252523514976,0
TABUENCA01-45,2024-04-25 14:41:41.030000+00:00,not_walking,0,random_forest,35,TABUENCA01-45_block_35,temporal_block,15.0,0.21578326538577589,0
TABUENCA01-45,2024-04-25 14:41:42.030000+00:00,not_walking,0,random_forest,35,TABUENCA01-45_block_35,temporal_block,15.0,0.2274830502788699,0
TABUENCA01-45,2024-04-25 14:41:43.030000+00:00,not_walking,0,random_forest,35,TABUENCA01-45_block_35,temporal_block,15.0,0.20428930353131952,0
TABUENCA01-45,2024-04-25 14:41:44.030000+00:00,not_walking,0,random_forest,35,TABUENCA01-45_block_35,temporal_block,15.0,0.2533412529820209,0
TABUENCA01-45,2024-04-25 14:41:45.030000+00:00,not_walking,0,random_forest,35,TABUENCA01-45_block_35,temporal_block,15.0,0.1719103469549779,0
TABUENCA01-45,2024-04-25 14:41:46.030000+00:00,not_walking,0,random_forest,35,TABUENCA01-45_block_35,temporal_block,15.0,0.22151957649803142,0
TABUENCA01-45,2024-04-25 14:41:47.030000+00:00,not_walking,0,random_forest,35,TABUENCA01-45_block_35,temporal_block,15.0,0.13214317187996039,0
TABUENCA01-45,2024-04-25 14:41:48.030000+00:00,not_walking,0,random_forest,35,TABUENCA01-45_block_35,temporal_block,15.0,0.2092156899609583,0
TABUENCA01-45,2024-04-25 14:41:49.030000+00:00,not_walking,0,random_forest,35,TABUENCA01-45_block_35,temporal_block,15.0,0.12419046362512635,0
TABUENCA01-45,2024-04-25 14:41:50.030000+00:00,not_walking,0,random_forest,35,TABUENCA01-45_block_35,temporal_block,15.0,0.15906827177408223,0
TABUENCA01-45,2024-04-25 14:41:51.030000+00:00,not_walking,0,random_forest,35,TABUENCA01-45_block_35,temporal_block,15.0,0.24204896066319032,0
TABUENCA01-45,2024-04-25 14:41:52.030000+00:00,not_walking,0,random_forest,35,TABUENCA01-45_block_35,temporal_block,15.0,0.23173125558893767,0
TABUENCA01-45,2024-04-25 14:41:53.030000+00:00,not_walking,0,random_forest,35,TABUENCA01-45_block_35,temporal_block,15.0,0.3233279430187306,0
TABUENCA01-45,2024-04-25 14:41:54.030000+00:00,not_walking,0,random_forest,35,TABUENCA01-45_block_35,temporal_block,15.0,0.22456209561659765,0
TABUENCA01-45,2024-04-25 14:41:55.030000+00:00,not_walking,0,random_forest,35,TABUENCA01-45_block_35,temporal_block,15.0,0.3121133658036063,0
TABUENCA01-45,2024-04-25 14:41:56.030000+00:00,not_walking,0,random_forest,35,TABUENCA01-45_block_35,temporal_block,15.0,0.2744990808641019,0
TABUENCA01-45,2024-04-25 14:41:57.030000+00:00,not_walking,0,random_forest,35,TABUENCA01-45_block_35,temporal_block,15.0,0.208802966691438,0
TABUENCA01-45,2024-04-25 14:41:58.030000+00:00,not_walking,0,random_forest,35,TABUENCA01-45_block_35,temporal_block,15.0,0.29249469937517275,0
TABUENCA01-45,2024-04-25 14:42:04.010000+00:00,walking,1,random_forest,36,TABUENCA01-45_block_36,temporal_block,15.0,0.9732040485427774,1
TABUENCA01-45,2024-04-25 14:42:05.010000+00:00,walking,1,random_forest,36,TABUENCA01-45_block_36,temporal_block,15.0,0.9594810873120753,1
TABUENCA01-45,2024-04-25 14:42:06.010000+00:00,walking,1,random_forest,36,TABUENCA01-45_block_36,temporal_block,15.0,0.9771163053818026,1
TABUENCA01-45,2024-04-25 14:42:07.010000+00:00,walking,1,random_forest,36,TABUENCA01-45_block_36,temporal_block,15.0,0.9772894844998332,1
TABUENCA01-45,2024-04-25 14:42:08.010000+00:00,walking,1,random_forest,36,TABUENCA01-45_block_36,temporal_block,15.0,0.968092043658556,1
TABUENCA01-45,2024-04-25 14:42:09.010000+00:00,walking,1,random_forest,36,TABUENCA01-45_block_36,temporal_block,15.0,0.9734266636925905,1
TABUENCA01-45,2024-04-25 14:42:10.010000+00:00,walking,1,random_forest,36,TABUENCA01-45_block_36,temporal_block,15.0,0.9788714685940736,1
TABUENCA01-45,2024-04-25 14:42:11.010000+00:00,walking,1,random_forest,36,TABUENCA01-45_block_36,temporal_block,15.0,0.976722977756192,1
TABUENCA01-45,2024-04-25 14:42:12.010000+00:00,walking,1,random_forest,36,TABUENCA01-45_block_36,temporal_block,15.0,0.9455548670318327,1
TABUENCA01-45,2024-04-25 14:42:13.010000+00:00,walking,1,random_forest,36,TABUENCA01-45_block_36,temporal_block,15.0,0.9810620907073405,1
TABUENCA01-45,2024-04-25 14:42:14.010000+00:00,walking,1,random_forest,36,TABUENCA01-45_block_36,temporal_block,15.0,0.983503811765666,1
TABUENCA01-45,2024-04-25 14:42:15.010000+00:00,walking,1,random_forest,36,TABUENCA01-45_block_36,temporal_block,15.0,0.9780278172679355,1
TABUENCA01-45,2024-04-25 14:42:16.010000+00:00,walking,1,random_forest,36,TABUENCA01-45_block_36,temporal_block,15.0,0.9838542328206974,1
TABUENCA01-45,2024-04-25 14:42:17.010000+00:00,walking,1,random_forest,36,TABUENCA01-45_block_36,temporal_block,15.0,0.9799077791998799,1
TABUENCA01-45,2024-04-25 14:42:18.010000+00:00,walking,1,random_forest,36,TABUENCA01-45_block_36,temporal_block,15.0,0.9563423082575571,1
TABUENCA01-45,2024-04-25 14:42:19.010000+00:00,walking,1,random_forest,36,TABUENCA01-45_block_36,temporal_block,15.0,0.9811203637427254,1
TABUENCA01-45,2024-04-25 14:42:20.010000+00:00,walking,1,random_forest,36,TABUENCA01-45_block_36,temporal_block,15.0,0.9796894160290603,1
TABUENCA01-45,2024-04-25 14:42:21.010000+00:00,walking,1,random_forest,36,TABUENCA01-45_block_36,temporal_block,15.0,0.9691517727803538,1
TABUENCA01-45,2024-04-25 14:42:22.010000+00:00,walking,1,random_forest,36,TABUENCA01-45_block_36,temporal_block,15.0,0.9543858949747276,1
TABUENCA01-45,2024-04-25 14:42:23.010000+00:00,walking,1,random_forest,36,TABUENCA01-45_block_36,temporal_block,15.0,0.9848183209579008,1
TABUENCA01-45,2024-04-25 14:42:24.010000+00:00,walking,1,random_forest,36,TABUENCA01-45_block_36,temporal_block,15.0,0.9818717848723669,1
TABUENCA01-45,2024-04-25 14:42:25.010000+00:00,walking,1,random_forest,36,TABUENCA01-45_block_36,temporal_block,15.0,0.9710218428280583,1
TABUENCA01-45,2024-04-25 14:42:26.010000+00:00,walking,1,random_forest,36,TABUENCA01-45_block_36,temporal_block,15.0,0.9801341254612465,1
TABUENCA01-45,2024-04-25 14:42:27.010000+00:00,walking,1,random_forest,36,TABUENCA01-45_block_36,temporal_block,15.0,0.978297233578045,1
TABUENCA01-45,2024-04-25 14:42:28.010000+00:00,walking,1,random_forest,36,TABUENCA01-45_block_36,temporal_block,15.0,0.9717144535626575,1
TABUENCA01-45,2024-04-25 14:42:29.010000+00:00,walking,1,random_forest,36,TABUENCA01-45_block_36,temporal_block,15.0,0.9790608379641621,1
TABUENCA01-45,2024-04-25 14:42:30.010000+00:00,walking,1,random_forest,36,TABUENCA01-45_block_36,temporal_block,15.0,0.975643864239348,1
TABUENCA01-45,2024-04-25 14:42:31.010000+00:00,walking,1,random_forest,36,TABUENCA01-45_block_36,temporal_block,15.0,0.9823889968459938,1
TABUENCA01-45,2024-04-25 14:42:32.010000+00:00,walking,1,random_forest,36,TABUENCA01-45_block_36,temporal_block,15.0,0.9790534541181061,1
TABUENCA01-45,2024-04-25 14:42:33.010000+00:00,walking,1,random_forest,36,TABUENCA01-45_block_36,temporal_block,15.0,0.9796382823144953,1
TABUENCA01-45,2024-04-25 14:42:34.010000+00:00,walking,1,random_forest,36,TABUENCA01-45_block_36,temporal_block,15.0,0.9813284239529985,1
TABUENCA01-45,2024-04-25 14:42:35.010000+00:00,walking,1,random_forest,36,TABUENCA01-45_block_36,temporal_block,15.0,0.9871499674144015,1
TABUENCA01-45,2024-04-25 14:42:36.010000+00:00,walking,1,random_forest,36,TABUENCA01-45_block_36,temporal_block,15.0,0.9795145615762828,1
TABUENCA01-45,2024-04-25 14:42:37.010000+00:00,walking,1,random_forest,36,TABUENCA01-45_block_36,temporal_block,15.0,0.978913593451221,1
TABUENCA01-45,2024-04-25 14:42:38.010000+00:00,walking,1,random_forest,36,TABUENCA01-45_block_36,temporal_block,15.0,0.9793551594188705,1
TABUENCA01-45,2024-04-25 14:42:39.010000+00:00,walking,1,random_forest,36,TABUENCA01-45_block_36,temporal_block,15.0,0.9781360017324058,1
TABUENCA01-45,2024-04-25 14:42:40.010000+00:00,walking,1,random_forest,36,TABUENCA01-45_block_36,temporal_block,15.0,0.9815188639762003,1
TABUENCA01-45,2024-04-25 14:42:41.010000+00:00,walking,1,random_forest,36,TABUENCA01-45_block_36,temporal_block,15.0,0.9851971062280239,1
TABUENCA01-45,2024-04-25 14:42:42.010000+00:00,walking,1,random_forest,36,TABUENCA01-45_block_36,temporal_block,15.0,0.9833678404447174,1
TABUENCA01-45,2024-04-25 14:42:43.010000+00:00,walking,1,random_forest,36,TABUENCA01-45_block_36,temporal_block,15.0,0.9809661078707321,1
TABUENCA01-45,2024-04-25 14:42:44.010000+00:00,walking,1,random_forest,36,TABUENCA01-45_block_36,temporal_block,15.0,0.98449357157942,1
TABUENCA01-45,2024-04-25 14:42:45.010000+00:00,walking,1,random_forest,36,TABUENCA01-45_block_36,temporal_block,15.0,0.9794996268179913,1
TABUENCA01-45,2024-04-25 14:42:46.010000+00:00,walking,1,random_forest,36,TABUENCA01-45_block_36,temporal_block,15.0,0.9860295167915268,1
TABUENCA01-45,2024-04-25 14:42:47.010000+00:00,walking,1,random_forest,36,TABUENCA01-45_block_36,temporal_block,15.0,0.9863418195792607,1
TABUENCA01-45,2024-04-25 14:42:48.010000+00:00,walking,1,random_forest,36,TABUENCA01-45_block_36,temporal_block,15.0,0.9750728842244746,1
TABUENCA01-45,2024-04-25 14:42:49.010000+00:00,walking,1,random_forest,36,TABUENCA01-45_block_36,temporal_block,15.0,0.9400242795656311,1
TABUENCA01-45,2024-04-25 14:42:50.010000+00:00,walking,1,random_forest,36,TABUENCA01-45_block_36,temporal_block,15.0,0.9172553162437722,1
TABUENCA01-45,2024-04-25 14:42:51.010000+00:00,walking,1,random_forest,36,TABUENCA01-45_block_36,temporal_block,15.0,0.974321749302354,1
TABUENCA01-45,2024-04-25 14:42:52.010000+00:00,walking,1,random_forest,36,TABUENCA01-45_block_36,temporal_block,15.0,0.978207639912654,1
TABUENCA01-45,2024-04-25 14:42:53.010000+00:00,walking,1,random_forest,36,TABUENCA01-45_block_36,temporal_block,15.0,0.9783098053585841,1
TABUENCA01-45,2024-04-25 14:42:54.010000+00:00,walking,1,random_forest,36,TABUENCA01-45_block_36,temporal_block,15.0,0.9843880591685356,1
TABUENCA01-45,2024-04-25 14:42:55.010000+00:00,walking,1,random_forest,36,TABUENCA01-45_block_36,temporal_block,15.0,0.9832606681857525,1
TABUENCA01-45,2024-04-25 14:42:56.010000+00:00,walking,1,random_forest,36,TABUENCA01-45_block_36,temporal_block,15.0,0.9674435206647066,1
TABUENCA01-45,2024-04-25 14:42:57.010000+00:00,walking,1,random_forest,36,TABUENCA01-45_block_36,temporal_block,15.0,0.9881394599359223,1
TABUENCA01-45,2024-04-25 14:42:58.010000+00:00,walking,1,random_forest,36,TABUENCA01-45_block_36,temporal_block,15.0,0.9848193020029379,1
TABUENCA01-45,2024-04-25 14:42:59.010000+00:00,walking,1,random_forest,36,TABUENCA01-45_block_36,temporal_block,15.0,0.9869043989661715,1
TABUENCA01-45,2024-04-25 14:43:00.010000+00:00,walking,1,random_forest,36,TABUENCA01-45_block_36,temporal_block,15.0,0.9641897053291821,1
TABUENCA01-45,2024-04-25 14:43:01.010000+00:00,walking,1,random_forest,36,TABUENCA01-45_block_36,temporal_block,15.0,0.9834314165171666,1
TABUENCA01-45,2024-04-25 14:43:02.010000+00:00,walking,1,random_forest,36,TABUENCA01-45_block_36,temporal_block,15.0,0.985925157569132,1
TABUENCA01-45,2024-04-25 14:43:03.010000+00:00,walking,1,random_forest,36,TABUENCA01-45_block_36,temporal_block,15.0,0.986561917715271,1
TABUENCA01-45,2024-04-25 14:43:04.010000+00:00,walking,1,random_forest,36,TABUENCA01-45_block_36,temporal_block,15.0,0.9740306919270038,1
TABUENCA01-45,2024-04-25 14:43:05.010000+00:00,walking,1,random_forest,36,TABUENCA01-45_block_36,temporal_block,15.0,0.9852408700082975,1
TABUENCA01-45,2024-04-25 14:43:06.010000+00:00,walking,1,random_forest,36,TABUENCA01-45_block_36,temporal_block,15.0,0.9796635329283161,1
TABUENCA01-45,2024-04-25 14:43:07.010000+00:00,walking,1,random_forest,36,TABUENCA01-45_block_36,temporal_block,15.0,0.9845428535088865,1
TABUENCA01-45,2024-04-25 14:43:08.010000+00:00,walking,1,random_forest,36,TABUENCA01-45_block_36,temporal_block,15.0,0.984443516979558,1
TABUENCA01-45,2024-04-25 14:43:09.010000+00:00,walking,1,random_forest,36,TABUENCA01-45_block_36,temporal_block,15.0,0.9805747966232046,1
TABUENCA01-45,2024-04-25 14:43:10.010000+00:00,walking,1,random_forest,36,TABUENCA01-45_block_36,temporal_block,15.0,0.9788505553150255,1
TABUENCA01-45,2024-04-25 14:43:11.010000+00:00,walking,1,random_forest,36,TABUENCA01-45_block_36,temporal_block,15.0,0.9848742460303784,1
TABUENCA01-45,2024-04-25 14:43:12.010000+00:00,walking,1,random_forest,36,TABUENCA01-45_block_36,temporal_block,15.0,0.9810360730249839,1
TABUENCA01-45,2024-04-25 14:43:13.010000+00:00,walking,1,random_forest,36,TABUENCA01-45_block_36,temporal_block,15.0,0.9593462613899264,1
TABUENCA01-45,2024-04-25 14:43:14.010000+00:00,walking,1,random_forest,36,TABUENCA01-45_block_36,temporal_block,15.0,0.9800794915452572,1
TABUENCA01-45,2024-04-25 14:43:15.010000+00:00,walking,1,random_forest,36,TABUENCA01-45_block_36,temporal_block,15.0,0.9769515579726203,1
TABUENCA01-45,2024-04-25 14:43:16.010000+00:00,walking,1,random_forest,36,TABUENCA01-45_block_36,temporal_block,15.0,0.9788141742089499,1
TABUENCA01-45,2024-04-25 14:43:17.010000+00:00,walking,1,random_forest,36,TABUENCA01-45_block_36,temporal_block,15.0,0.9803177856474534,1
TABUENCA01-45,2024-04-25 14:43:18.010000+00:00,walking,1,random_forest,36,TABUENCA01-45_block_36,temporal_block,15.0,0.9705602608371312,1
TABUENCA01-45,2024-04-25 14:43:19.010000+00:00,walking,1,random_forest,36,TABUENCA01-45_block_36,temporal_block,15.0,0.9858146089818738,1
TABUENCA01-45,2024-04-25 14:43:20.010000+00:00,walking,1,random_forest,36,TABUENCA01-45_block_36,temporal_block,15.0,0.9832460585977547,1
TABUENCA01-45,2024-04-25 14:43:21.010000+00:00,walking,1,random_forest,36,TABUENCA01-45_block_36,temporal_block,15.0,0.9702843935200347,1
TABUENCA01-45,2024-04-25 14:43:22.010000+00:00,walking,1,random_forest,36,TABUENCA01-45_block_36,temporal_block,15.0,0.9854880207099593,1
TABUENCA01-45,2024-04-25 14:43:23.010000+00:00,walking,1,random_forest,36,TABUENCA01-45_block_36,temporal_block,15.0,0.9802812303117495,1
TABUENCA01-45,2024-04-25 14:43:24.010000+00:00,walking,1,random_forest,36,TABUENCA01-45_block_36,temporal_block,15.0,0.9791420365153366,1
TABUENCA01-45,2024-04-25 14:43:25.010000+00:00,walking,1,random_forest,36,TABUENCA01-45_block_36,temporal_block,15.0,0.9868059812294108,1
TABUENCA01-45,2024-04-25 14:43:26.010000+00:00,walking,1,random_forest,36,TABUENCA01-45_block_36,temporal_block,15.0,0.9826913332501306,1
TABUENCA01-45,2024-04-25 14:43:27.010000+00:00,walking,1,random_forest,36,TABUENCA01-45_block_36,temporal_block,15.0,0.9803215220207729,1
TABUENCA01-45,2024-04-25 14:43:28.010000+00:00,walking,1,random_forest,36,TABUENCA01-45_block_36,temporal_block,15.0,0.977730113805174,1
TABUENCA01-45,2024-04-25 14:43:29.010000+00:00,walking,1,random_forest,36,TABUENCA01-45_block_36,temporal_block,15.0,0.9508967511736796,1
TABUENCA01-45,2024-04-25 14:43:30.010000+00:00,walking,1,random_forest,36,TABUENCA01-45_block_36,temporal_block,15.0,0.982636743331818,1
TABUENCA01-45,2024-04-25 14:43:31.010000+00:00,walking,1,random_forest,36,TABUENCA01-45_block_36,temporal_block,15.0,0.983399510535893,1
TABUENCA01-45,2024-04-25 14:43:32.010000+00:00,walking,1,random_forest,36,TABUENCA01-45_block_36,temporal_block,15.0,0.968835922555066,1
TABUENCA01-45,2024-04-25 14:43:33.010000+00:00,walking,1,random_forest,36,TABUENCA01-45_block_36,temporal_block,15.0,0.9810851742444885,1
TABUENCA01-45,2024-04-25 14:43:34.010000+00:00,walking,1,random_forest,36,TABUENCA01-45_block_36,temporal_block,15.0,0.9708018341609659,1
TABUENCA01-45,2024-04-25 14:43:35.010000+00:00,walking,1,random_forest,36,TABUENCA01-45_block_36,temporal_block,15.0,0.9511901292674221,1
TABUENCA01-45,2024-04-25 14:43:36.010000+00:00,walking,1,random_forest,36,TABUENCA01-45_block_36,temporal_block,15.0,0.9732040063480745,1
TABUENCA01-45,2024-04-25 14:43:37.010000+00:00,walking,1,random_forest,36,TABUENCA01-45_block_36,temporal_block,15.0,0.980671354479718,1
TABUENCA01-45,2024-04-25 14:43:38.010000+00:00,walking,1,random_forest,36,TABUENCA01-45_block_36,temporal_block,15.0,0.9777320372331547,1
TABUENCA01-45,2024-04-25 14:43:39.010000+00:00,walking,1,random_forest,36,TABUENCA01-45_block_36,temporal_block,15.0,0.9789776405791176,1
TABUENCA01-45,2024-04-25 14:43:40.010000+00:00,walking,1,random_forest,36,TABUENCA01-45_block_36,temporal_block,15.0,0.9839798021815208,1
TABUENCA01-45,2024-04-25 14:43:41.010000+00:00,walking,1,random_forest,36,TABUENCA01-45_block_36,temporal_block,15.0,0.9863413476388058,1
TABUENCA01-45,2024-04-25 14:43:42.010000+00:00,walking,1,random_forest,36,TABUENCA01-45_block_36,temporal_block,15.0,0.9839656150131744,1
TABUENCA01-45,2024-04-25 14:43:43.010000+00:00,walking,1,random_forest,36,TABUENCA01-45_block_36,temporal_block,15.0,0.9834142628931962,1
TABUENCA01-45,2024-04-25 14:43:44.010000+00:00,walking,1,random_forest,36,TABUENCA01-45_block_36,temporal_block,15.0,0.9855306198527556,1
TABUENCA01-45,2024-04-25 14:43:45.010000+00:00,walking,1,random_forest,36,TABUENCA01-45_block_36,temporal_block,15.0,0.9769526318420696,1
TABUENCA01-45,2024-04-25 14:43:46.010000+00:00,walking,1,random_forest,36,TABUENCA01-45_block_36,temporal_block,15.0,0.9798872358188263,1
TABUENCA01-45,2024-04-25 14:43:47.010000+00:00,walking,1,random_forest,36,TABUENCA01-45_block_36,temporal_block,15.0,0.9837020155533522,1
TABUENCA01-45,2024-04-25 14:43:48.010000+00:00,walking,1,random_forest,36,TABUENCA01-45_block_36,temporal_block,15.0,0.9816298339364468,1
TABUENCA01-45,2024-04-25 14:43:49.010000+00:00,walking,1,random_forest,36,TABUENCA01-45_block_36,temporal_block,15.0,0.9769213967987314,1
TABUENCA01-45,2024-04-25 14:43:50.010000+00:00,walking,1,random_forest,36,TABUENCA01-45_block_36,temporal_block,15.0,0.9786470921226699,1
TABUENCA01-45,2024-04-25 14:43:51.010000+00:00,walking,1,random_forest,36,TABUENCA01-45_block_36,temporal_block,15.0,0.95938383020844,1
TABUENCA01-45,2024-04-25 14:43:52.010000+00:00,walking,1,random_forest,36,TABUENCA01-45_block_36,temporal_block,15.0,0.9804587132195131,1
TABUENCA01-45,2024-04-25 14:43:53.010000+00:00,walking,1,random_forest,36,TABUENCA01-45_block_36,temporal_block,15.0,0.9868059812294108,1
TABUENCA01-45,2024-04-25 14:43:54.010000+00:00,walking,1,random_forest,36,TABUENCA01-45_block_36,temporal_block,15.0,0.9827015903129804,1
TABUENCA01-45,2024-04-25 14:43:55.010000+00:00,walking,1,random_forest,36,TABUENCA01-45_block_36,temporal_block,15.0,0.9805498953253743,1
TABUENCA01-45,2024-04-25 14:43:56.010000+00:00,walking,1,random_forest,36,TABUENCA01-45_block_36,temporal_block,15.0,0.9803177856474534,1
TABUENCA01-45,2024-04-25 14:43:57.010000+00:00,walking,1,random_forest,36,TABUENCA01-45_block_36,temporal_block,15.0,0.9612507709381077,1
TABUENCA01-45,2024-04-25 14:43:58.010000+00:00,walking,1,random_forest,36,TABUENCA01-45_block_36,temporal_block,15.0,0.9742187938737199,1
TABUENCA01-45,2024-04-25 14:43:59.010000+00:00,walking,1,random_forest,36,TABUENCA01-45_block_36,temporal_block,15.0,0.9848584518521365,1
TABUENCA01-45,2024-04-25 14:44:00.010000+00:00,walking,1,random_forest,36,TABUENCA01-45_block_36,temporal_block,15.0,0.9713289167462098,1
TABUENCA01-45,2024-04-25 14:44:01.010000+00:00,walking,1,random_forest,36,TABUENCA01-45_block_36,temporal_block,15.0,0.973972514709944,1
TABUENCA01-45,2024-04-25 14:44:02.010000+00:00,walking,1,random_forest,36,TABUENCA01-45_block_36,temporal_block,15.0,0.9741551244744674,1
TABUENCA01-45,2024-04-25 14:44:03.010000+00:00,walking,1,random_forest,36,TABUENCA01-45_block_36,temporal_block,15.0,0.9837196088129018,1
TABUENCA01-45,2024-04-25 14:44:04.010000+00:00,walking,1,random_forest,36,TABUENCA01-45_block_36,temporal_block,15.0,0.9843782650695583,1
TABUENCA01-45,2024-04-25 14:44:05.010000+00:00,walking,1,random_forest,36,TABUENCA01-45_block_36,temporal_block,15.0,0.9855373810489243,1
TABUENCA01-45,2024-04-25 14:44:06.010000+00:00,walking,1,random_forest,36,TABUENCA01-45_block_36,temporal_block,15.0,0.9851933676356689,1
TABUENCA01-45,2024-04-25 14:44:07.010000+00:00,walking,1,random_forest,36,TABUENCA01-45_block_36,temporal_block,15.0,0.9815007066155885,1
TABUENCA01-45,2024-04-25 14:44:08.010000+00:00,walking,1,random_forest,36,TABUENCA01-45_block_36,temporal_block,15.0,0.9872588238632153,1
TABUENCA01-45,2024-04-25 14:44:09.010000+00:00,walking,1,random_forest,36,TABUENCA01-45_block_36,temporal_block,15.0,0.976892153765251,1
TABUENCA01-45,2024-04-25 14:44:10.010000+00:00,walking,1,random_forest,36,TABUENCA01-45_block_36,temporal_block,15.0,0.9866481018083897,1
TABUENCA01-45,2024-04-25 14:44:11.010000+00:00,walking,1,random_forest,36,TABUENCA01-45_block_36,temporal_block,15.0,0.9840665724330743,1
TABUENCA01-45,2024-04-25 14:44:12.010000+00:00,walking,1,random_forest,36,TABUENCA01-45_block_36,temporal_block,15.0,0.9600505895088108,1
TABUENCA01-45,2024-04-25 14:44:13.010000+00:00,walking,1,random_forest,36,TABUENCA01-45_block_36,temporal_block,15.0,0.9760541199359,1
TABUENCA01-45,2024-04-25 14:44:14.010000+00:00,walking,1,random_forest,36,TABUENCA01-45_block_36,temporal_block,15.0,0.9833678404447174,1
TABUENCA01-45,2024-04-25 14:44:15.010000+00:00,walking,1,random_forest,36,TABUENCA01-45_block_36,temporal_block,15.0,0.9801544717273238,1
TABUENCA01-45,2024-04-25 14:44:16.010000+00:00,walking,1,random_forest,36,TABUENCA01-45_block_36,temporal_block,15.0,0.9868209021244915,1
TABUENCA01-45,2024-04-25 14:44:17.010000+00:00,walking,1,random_forest,36,TABUENCA01-45_block_36,temporal_block,15.0,0.9783020556209245,1
TABUENCA01-45,2024-04-25 14:44:18.010000+00:00,walking,1,random_forest,36,TABUENCA01-45_block_36,temporal_block,15.0,0.9804141444022739,1
TABUENCA01-45,2024-04-25 14:44:19.010000+00:00,walking,1,random_forest,36,TABUENCA01-45_block_36,temporal_block,15.0,0.9854290241026972,1
TABUENCA01-45,2024-04-25 14:44:20.010000+00:00,walking,1,random_forest,36,TABUENCA01-45_block_36,temporal_block,15.0,0.9803177856474534,1
TABUENCA01-45,2024-04-25 14:44:21.010000+00:00,walking,1,random_forest,36,TABUENCA01-45_block_36,temporal_block,15.0,0.9710991803356603,1
TABUENCA01-45,2024-04-25 14:44:22.010000+00:00,walking,1,random_forest,36,TABUENCA01-45_block_36,temporal_block,15.0,0.9820400177068107,1
TABUENCA01-45,2024-04-25 14:44:23.010000+00:00,walking,1,random_forest,36,TABUENCA01-45_block_36,temporal_block,15.0,0.9842704198728698,1
TABUENCA01-45,2024-04-25 14:44:24.010000+00:00,walking,1,random_forest,36,TABUENCA01-45_block_36,temporal_block,15.0,0.9846192908013499,1
TABUENCA01-45,2024-04-25 14:44:25.010000+00:00,walking,1,random_forest,36,TABUENCA01-45_block_36,temporal_block,15.0,0.9647818097187153,1
TABUENCA01-45,2024-04-25 14:44:26.010000+00:00,walking,1,random_forest,36,TABUENCA01-45_block_36,temporal_block,15.0,0.9708095302242723,1
TABUENCA01-45,2024-04-25 14:44:27.010000+00:00,walking,1,random_forest,36,TABUENCA01-45_block_36,temporal_block,15.0,0.9596639207966183,1
TABUENCA01-45,2024-04-25 14:44:28.010000+00:00,walking,1,random_forest,36,TABUENCA01-45_block_36,temporal_block,15.0,0.9775945450617244,1
TABUENCA01-45,2024-04-25 14:44:29.010000+00:00,walking,1,random_forest,36,TABUENCA01-45_block_36,temporal_block,15.0,0.9857621159773523,1
TABUENCA01-45,2024-04-25 14:44:30.010000+00:00,walking,1,random_forest,36,TABUENCA01-45_block_36,temporal_block,15.0,0.9688301540457277,1
TABUENCA01-45,2024-04-25 14:44:31.010000+00:00,walking,1,random_forest,36,TABUENCA01-45_block_36,temporal_block,15.0,0.9849636590332114,1
TABUENCA01-45,2024-04-25 14:44:32.010000+00:00,walking,1,random_forest,36,TABUENCA01-45_block_36,temporal_block,15.0,0.9776505961653242,1
TABUENCA01-45,2024-04-25 14:44:33.010000+00:00,walking,1,random_forest,36,TABUENCA01-45_block_36,temporal_block,15.0,0.9859276092461816,1
TABUENCA01-45,2024-04-25 14:44:34.010000+00:00,walking,1,random_forest,36,TABUENCA01-45_block_36,temporal_block,15.0,0.9796405294946786,1
TABUENCA01-45,2024-04-25 14:44:35.010000+00:00,walking,1,random_forest,36,TABUENCA01-45_block_36,temporal_block,15.0,0.9635736413213446,1
TABUENCA01-45,2024-04-25 14:44:36.010000+00:00,walking,1,random_forest,36,TABUENCA01-45_block_36,temporal_block,15.0,0.9774219703846319,1
TABUENCA01-45,2024-04-25 14:44:37.010000+00:00,walking,1,random_forest,36,TABUENCA01-45_block_36,temporal_block,15.0,0.9758340882058936,1
TABUENCA01-45,2024-04-25 14:44:42.040000+00:00,not_walking,0,random_forest,37,TABUENCA01-45_block_37,temporal_block,15.0,0.19187091383212673,0
TABUENCA01-45,2024-04-25 14:44:43.040000+00:00,not_walking,0,random_forest,37,TABUENCA01-45_block_37,temporal_block,15.0,0.1571588502388562,0
TABUENCA01-45,2024-04-25 14:44:44.040000+00:00,not_walking,0,random_forest,37,TABUENCA01-45_block_37,temporal_block,15.0,0.17771239730447833,0
TABUENCA01-45,2024-04-25 14:44:45.040000+00:00,not_walking,0,random_forest,37,TABUENCA01-45_block_37,temporal_block,15.0,0.1789966178838498,0
TABUENCA01-45,2024-04-25 14:44:46.040000+00:00,not_walking,0,random_forest,37,TABUENCA01-45_block_37,temporal_block,15.0,0.21193360362644623,0
TABUENCA01-45,2024-04-25 14:44:47.040000+00:00,not_walking,0,random_forest,37,TABUENCA01-45_block_37,temporal_block,15.0,0.15976003450534607,0
TABUENCA01-45,2024-04-25 14:44:48.040000+00:00,not_walking,0,random_forest,37,TABUENCA01-45_block_37,temporal_block,15.0,0.2162195003504534,0
TABUENCA01-45,2024-04-25 14:44:49.040000+00:00,not_walking,0,random_forest,37,TABUENCA01-45_block_37,temporal_block,15.0,0.21990780546301322,0
TABUENCA01-45,2024-04-25 14:44:50.040000+00:00,not_walking,0,random_forest,37,TABUENCA01-45_block_37,temporal_block,15.0,0.2472024145046731,0
TABUENCA01-45,2024-04-25 14:44:51.040000+00:00,not_walking,0,random_forest,37,TABUENCA01-45_block_37,temporal_block,15.0,0.15551498228695385,0
TABUENCA01-45,2024-04-25 14:44:52.040000+00:00,not_walking,0,random_forest,37,TABUENCA01-45_block_37,temporal_block,15.0,0.17122977317287677,0
TABUENCA01-45,2024-04-25 14:44:53.040000+00:00,not_walking,0,random_forest,37,TABUENCA01-45_block_37,temporal_block,15.0,0.16975108934429406,0
TABUENCA01-45,2024-04-25 14:44:54.040000+00:00,not_walking,0,random_forest,37,TABUENCA01-45_block_37,temporal_block,15.0,0.1854733087028781,0
TABUENCA01-45,2024-04-25 14:44:55.040000+00:00,not_walking,0,random_forest,37,TABUENCA01-45_block_37,temporal_block,15.0,0.14575562604480297,0
TABUENCA01-45,2024-04-25 14:44:56.040000+00:00,not_walking,0,random_forest,37,TABUENCA01-45_block_37,temporal_block,15.0,0.26859754483699666,0
TABUENCA01-45,2024-04-25 14:44:57.040000+00:00,not_walking,0,random_forest,37,TABUENCA01-45_block_37,temporal_block,15.0,0.1869273435871642,0
TABUENCA01-45,2024-04-25 14:44:58.040000+00:00,not_walking,0,random_forest,37,TABUENCA01-45_block_37,temporal_block,15.0,0.2680548423632934,0
TABUENCA01-45,2024-04-25 14:44:59.040000+00:00,not_walking,0,random_forest,37,TABUENCA01-45_block_37,temporal_block,15.0,0.25814759037756524,0
TABUENCA01-45,2024-04-25 14:45:00.040000+00:00,not_walking,0,random_forest,37,TABUENCA01-45_block_37,temporal_block,15.0,0.21663098054452268,0
TABUENCA01-45,2024-04-25 14:45:01.040000+00:00,not_walking,0,random_forest,37,TABUENCA01-45_block_37,temporal_block,15.0,0.21656023406123762,0
TABUENCA01-45,2024-04-25 14:45:02.040000+00:00,not_walking,0,random_forest,37,TABUENCA01-45_block_37,temporal_block,15.0,0.16698013936284148,0
TABUENCA01-45,2024-04-25 14:45:03.040000+00:00,not_walking,0,random_forest,37,TABUENCA01-45_block_37,temporal_block,15.0,0.19494318779215908,0
TABUENCA01-45,2024-04-25 14:45:04.040000+00:00,not_walking,0,random_forest,37,TABUENCA01-45_block_37,temporal_block,15.0,0.2233625584125377,0
TABUENCA01-45,2024-04-25 14:45:05.040000+00:00,not_walking,0,random_forest,37,TABUENCA01-45_block_37,temporal_block,15.0,0.1961742323222694,0
TABUENCA01-45,2024-04-25 14:45:06.040000+00:00,not_walking,0,random_forest,37,TABUENCA01-45_block_37,temporal_block,15.0,0.17005395457819203,0
TABUENCA01-45,2024-04-25 14:45:07.040000+00:00,not_walking,0,random_forest,37,TABUENCA01-45_block_37,temporal_block,15.0,0.164183810552678,0
TABUENCA01-45,2024-04-25 14:45:08.040000+00:00,not_walking,0,random_forest,37,TABUENCA01-45_block_37,temporal_block,15.0,0.20524830071135786,0
TABUENCA01-45,2024-04-25 14:45:09.040000+00:00,not_walking,0,random_forest,37,TABUENCA01-45_block_37,temporal_block,15.0,0.18914087354353898,0
TABUENCA01-45,2024-04-25 14:45:10.040000+00:00,not_walking,0,random_forest,37,TABUENCA01-45_block_37,temporal_block,15.0,0.1840274805282749,0
TABUENCA01-45,2024-04-25 14:45:16.010000+00:00,walking,1,random_forest,38,TABUENCA01-45_block_38,temporal_block,15.0,0.9611163433894573,1
TABUENCA01-45,2024-04-25 14:45:17.010000+00:00,walking,1,random_forest,38,TABUENCA01-45_block_38,temporal_block,15.0,0.9835915698373929,1
TABUENCA01-45,2024-04-25 14:45:18.010000+00:00,walking,1,random_forest,38,TABUENCA01-45_block_38,temporal_block,15.0,0.9835218030288995,1
TABUENCA01-45,2024-04-25 14:45:19.010000+00:00,walking,1,random_forest,38,TABUENCA01-45_block_38,temporal_block,15.0,0.9777538522807233,1
TABUENCA01-45,2024-04-25 14:45:20.010000+00:00,walking,1,random_forest,38,TABUENCA01-45_block_38,temporal_block,15.0,0.980201019272185,1
TABUENCA01-45,2024-04-25 14:45:21.010000+00:00,walking,1,random_forest,38,TABUENCA01-45_block_38,temporal_block,15.0,0.9813130349859881,1
TABUENCA01-45,2024-04-25 14:45:22.010000+00:00,walking,1,random_forest,38,TABUENCA01-45_block_38,temporal_block,15.0,0.9561957776094505,1
TABUENCA01-45,2024-04-25 14:45:23.010000+00:00,walking,1,random_forest,38,TABUENCA01-45_block_38,temporal_block,15.0,0.9357707141364132,1
TABUENCA01-45,2024-04-25 14:45:24.010000+00:00,walking,1,random_forest,38,TABUENCA01-45_block_38,temporal_block,15.0,0.9740564595417293,1
TABUENCA01-45,2024-04-25 14:45:25.010000+00:00,walking,1,random_forest,38,TABUENCA01-45_block_38,temporal_block,15.0,0.9383781446326054,1
TABUENCA01-45,2024-04-25 14:45:26.010000+00:00,walking,1,random_forest,38,TABUENCA01-45_block_38,temporal_block,15.0,0.9523589247732078,1
TABUENCA01-45,2024-04-25 14:45:27.010000+00:00,walking,1,random_forest,38,TABUENCA01-45_block_38,temporal_block,15.0,0.9547403358038622,1
TABUENCA01-45,2024-04-25 14:45:28.010000+00:00,walking,1,random_forest,38,TABUENCA01-45_block_38,temporal_block,15.0,0.947247908863742,1
TABUENCA01-45,2024-04-25 14:45:29.010000+00:00,walking,1,random_forest,38,TABUENCA01-45_block_38,temporal_block,15.0,0.9723094093989173,1
TABUENCA01-45,2024-04-25 14:45:30.010000+00:00,walking,1,random_forest,38,TABUENCA01-45_block_38,temporal_block,15.0,0.9470588344524481,1
TABUENCA01-45,2024-04-25 14:45:31.010000+00:00,walking,1,random_forest,38,TABUENCA01-45_block_38,temporal_block,15.0,0.9568899422433431,1
TABUENCA01-45,2024-04-25 14:45:32.010000+00:00,walking,1,random_forest,38,TABUENCA01-45_block_38,temporal_block,15.0,0.985100398547923,1
TABUENCA01-45,2024-04-25 14:45:33.010000+00:00,walking,1,random_forest,38,TABUENCA01-45_block_38,temporal_block,15.0,0.9842863750662995,1
TABUENCA01-45,2024-04-25 14:45:34.010000+00:00,walking,1,random_forest,38,TABUENCA01-45_block_38,temporal_block,15.0,0.9848668764394004,1
TABUENCA01-45,2024-04-25 14:45:35.010000+00:00,walking,1,random_forest,38,TABUENCA01-45_block_38,temporal_block,15.0,0.9852605868709321,1
TABUENCA01-45,2024-04-25 14:45:36.010000+00:00,walking,1,random_forest,38,TABUENCA01-45_block_38,temporal_block,15.0,0.9748855583543427,1
TABUENCA01-45,2024-04-25 14:45:37.010000+00:00,walking,1,random_forest,38,TABUENCA01-45_block_38,temporal_block,15.0,0.9704274548540551,1
TABUENCA01-45,2024-04-25 14:45:38.010000+00:00,walking,1,random_forest,38,TABUENCA01-45_block_38,temporal_block,15.0,0.9768381112696564,1
TABUENCA01-45,2024-04-25 14:45:39.010000+00:00,walking,1,random_forest,38,TABUENCA01-45_block_38,temporal_block,15.0,0.9844023998414044,1
TABUENCA01-45,2024-04-25 14:45:40.010000+00:00,walking,1,random_forest,38,TABUENCA01-45_block_38,temporal_block,15.0,0.9889161805308989,1
TABUENCA01-45,2024-04-25 14:45:41.010000+00:00,walking,1,random_forest,38,TABUENCA01-45_block_38,temporal_block,15.0,0.9892950227238845,1
TABUENCA01-45,2024-04-25 14:45:42.010000+00:00,walking,1,random_forest,38,TABUENCA01-45_block_38,temporal_block,15.0,0.9866454076295051,1
TABUENCA01-45,2024-04-25 14:45:43.010000+00:00,walking,1,random_forest,38,TABUENCA01-45_block_38,temporal_block,15.0,0.9880343663102797,1
TABUENCA01-45,2024-04-25 14:45:44.010000+00:00,walking,1,random_forest,38,TABUENCA01-45_block_38,temporal_block,15.0,0.9893610092022076,1
TABUENCA01-45,2024-04-25 14:45:45.010000+00:00,walking,1,random_forest,38,TABUENCA01-45_block_38,temporal_block,15.0,0.9802507828589109,1
TABUENCA01-45,2024-04-25 14:45:46.010000+00:00,walking,1,random_forest,38,TABUENCA01-45_block_38,temporal_block,15.0,0.9877978028280298,1
TABUENCA01-45,2024-04-25 14:45:47.010000+00:00,walking,1,random_forest,38,TABUENCA01-45_block_38,temporal_block,15.0,0.9883048957961242,1
TABUENCA01-45,2024-04-25 14:45:48.010000+00:00,walking,1,random_forest,38,TABUENCA01-45_block_38,temporal_block,15.0,0.987163444618205,1
TABUENCA01-45,2024-04-25 14:45:49.010000+00:00,walking,1,random_forest,38,TABUENCA01-45_block_38,temporal_block,15.0,0.987895068068148,1
TABUENCA01-45,2024-04-25 14:45:50.010000+00:00,walking,1,random_forest,38,TABUENCA01-45_block_38,temporal_block,15.0,0.989222210861147,1
TABUENCA01-45,2024-04-25 14:45:51.010000+00:00,walking,1,random_forest,38,TABUENCA01-45_block_38,temporal_block,15.0,0.987762336828118,1
TABUENCA01-45,2024-04-25 14:45:52.010000+00:00,walking,1,random_forest,38,TABUENCA01-45_block_38,temporal_block,15.0,0.9782099817946016,1
TABUENCA01-45,2024-04-25 14:45:53.010000+00:00,walking,1,random_forest,38,TABUENCA01-45_block_38,temporal_block,15.0,0.9861205854786137,1
TABUENCA01-45,2024-04-25 14:45:54.010000+00:00,walking,1,random_forest,38,TABUENCA01-45_block_38,temporal_block,15.0,0.9877438885330737,1
TABUENCA01-45,2024-04-25 14:45:55.010000+00:00,walking,1,random_forest,38,TABUENCA01-45_block_38,temporal_block,15.0,0.9877375714445638,1
TABUENCA01-45,2024-04-25 14:45:56.010000+00:00,walking,1,random_forest,38,TABUENCA01-45_block_38,temporal_block,15.0,0.9770894198411361,1
TABUENCA01-45,2024-04-25 14:45:57.010000+00:00,walking,1,random_forest,38,TABUENCA01-45_block_38,temporal_block,15.0,0.9894860305934281,1
TABUENCA01-45,2024-04-25 14:45:58.010000+00:00,walking,1,random_forest,38,TABUENCA01-45_block_38,temporal_block,15.0,0.9863751312579168,1
TABUENCA01-45,2024-04-25 14:45:59.010000+00:00,walking,1,random_forest,38,TABUENCA01-45_block_38,temporal_block,15.0,0.9265747453863251,1
TABUENCA01-45,2024-04-25 14:46:00.010000+00:00,walking,1,random_forest,38,TABUENCA01-45_block_38,temporal_block,15.0,0.978887802914872,1
TABUENCA01-45,2024-04-25 14:46:01.010000+00:00,walking,1,random_forest,38,TABUENCA01-45_block_38,temporal_block,15.0,0.9082246617792447,1
TABUENCA01-45,2024-04-25 14:46:02.010000+00:00,walking,1,random_forest,38,TABUENCA01-45_block_38,temporal_block,15.0,0.9616838704176128,1
TABUENCA01-45,2024-04-25 14:46:03.010000+00:00,walking,1,random_forest,38,TABUENCA01-45_block_38,temporal_block,15.0,0.9880837759118134,1
TABUENCA01-45,2024-04-25 14:46:04.010000+00:00,walking,1,random_forest,38,TABUENCA01-45_block_38,temporal_block,15.0,0.987909665744761,1
TABUENCA01-45,2024-04-25 14:46:05.010000+00:00,walking,1,random_forest,38,TABUENCA01-45_block_38,temporal_block,15.0,0.976934983939643,1
TABUENCA01-45,2024-04-25 14:46:06.010000+00:00,walking,1,random_forest,38,TABUENCA01-45_block_38,temporal_block,15.0,0.9893921183803674,1
TABUENCA01-45,2024-04-25 14:46:07.010000+00:00,walking,1,random_forest,38,TABUENCA01-45_block_38,temporal_block,15.0,0.9873864575349912,1
TABUENCA01-45,2024-04-25 14:46:08.010000+00:00,walking,1,random_forest,38,TABUENCA01-45_block_38,temporal_block,15.0,0.9682396835538933,1
TABUENCA01-45,2024-04-25 14:46:09.010000+00:00,walking,1,random_forest,38,TABUENCA01-45_block_38,temporal_block,15.0,0.9885889098717564,1
TABUENCA01-45,2024-04-25 14:46:10.010000+00:00,walking,1,random_forest,38,TABUENCA01-45_block_38,temporal_block,15.0,0.9866412050151612,1
TABUENCA01-45,2024-04-25 14:46:11.010000+00:00,walking,1,random_forest,38,TABUENCA01-45_block_38,temporal_block,15.0,0.989222210861147,1
TABUENCA01-45,2024-04-25 14:46:12.010000+00:00,walking,1,random_forest,38,TABUENCA01-45_block_38,temporal_block,15.0,0.9887761283816207,1
TABUENCA01-45,2024-04-25 14:46:13.010000+00:00,walking,1,random_forest,38,TABUENCA01-45_block_38,temporal_block,15.0,0.9884449796735943,1
TABUENCA01-45,2024-04-25 14:46:14.010000+00:00,walking,1,random_forest,38,TABUENCA01-45_block_38,temporal_block,15.0,0.9887741238920295,1
TABUENCA01-45,2024-04-25 14:46:15.010000+00:00,walking,1,random_forest,38,TABUENCA01-45_block_38,temporal_block,15.0,0.9885970597830605,1
TABUENCA01-45,2024-04-25 14:46:16.010000+00:00,walking,1,random_forest,38,TABUENCA01-45_block_38,temporal_block,15.0,0.9477848207784653,1
TABUENCA01-45,2024-04-25 14:46:17.010000+00:00,walking,1,random_forest,38,TABUENCA01-45_block_38,temporal_block,15.0,0.9748038157188472,1
TABUENCA01-45,2024-04-25 14:46:18.010000+00:00,walking,1,random_forest,38,TABUENCA01-45_block_38,temporal_block,15.0,0.9707022152345705,1
TABUENCA01-45,2024-04-25 14:46:19.010000+00:00,walking,1,random_forest,38,TABUENCA01-45_block_38,temporal_block,15.0,0.9643338046186121,1
TABUENCA01-45,2024-04-25 14:46:20.010000+00:00,walking,1,random_forest,38,TABUENCA01-45_block_38,temporal_block,15.0,0.9458100506303718,1
TABUENCA01-45,2024-04-25 14:46:21.010000+00:00,walking,1,random_forest,38,TABUENCA01-45_block_38,temporal_block,15.0,0.9795381575211136,1
TABUENCA01-45,2024-04-25 14:46:22.010000+00:00,walking,1,random_forest,38,TABUENCA01-45_block_38,temporal_block,15.0,0.9880633181147839,1
TABUENCA01-45,2024-04-25 14:46:23.010000+00:00,walking,1,random_forest,38,TABUENCA01-45_block_38,temporal_block,15.0,0.9892449562031934,1
TABUENCA01-45,2024-04-25 14:46:24.010000+00:00,walking,1,random_forest,38,TABUENCA01-45_block_38,temporal_block,15.0,0.9883579183647506,1
TABUENCA01-45,2024-04-25 14:46:25.010000+00:00,walking,1,random_forest,38,TABUENCA01-45_block_38,temporal_block,15.0,0.9693247708034844,1
TABUENCA01-45,2024-04-25 14:46:26.010000+00:00,walking,1,random_forest,38,TABUENCA01-45_block_38,temporal_block,15.0,0.9894860305934281,1
TABUENCA01-45,2024-04-25 14:46:27.010000+00:00,walking,1,random_forest,38,TABUENCA01-45_block_38,temporal_block,15.0,0.9890769462616466,1
TABUENCA01-45,2024-04-25 14:46:28.010000+00:00,walking,1,random_forest,38,TABUENCA01-45_block_38,temporal_block,15.0,0.987236424808792,1
TABUENCA01-45,2024-04-25 14:46:29.010000+00:00,walking,1,random_forest,38,TABUENCA01-45_block_38,temporal_block,15.0,0.9874614946591755,1
TABUENCA01-45,2024-04-25 14:46:30.010000+00:00,walking,1,random_forest,38,TABUENCA01-45_block_38,temporal_block,15.0,0.9866924322978424,1
TABUENCA01-45,2024-04-25 14:46:31.010000+00:00,walking,1,random_forest,38,TABUENCA01-45_block_38,temporal_block,15.0,0.9847308235539263,1
TABUENCA01-45,2024-04-25 14:46:32.010000+00:00,walking,1,random_forest,38,TABUENCA01-45_block_38,temporal_block,15.0,0.9894860305934281,1
TABUENCA01-45,2024-04-25 14:46:33.010000+00:00,walking,1,random_forest,38,TABUENCA01-45_block_38,temporal_block,15.0,0.9387486534438216,1
TABUENCA01-45,2024-04-25 14:46:34.010000+00:00,walking,1,random_forest,38,TABUENCA01-45_block_38,temporal_block,15.0,0.9555331578280272,1
TABUENCA01-45,2024-04-25 14:46:35.010000+00:00,walking,1,random_forest,38,TABUENCA01-45_block_38,temporal_block,15.0,0.9492695233952114,1
TABUENCA01-45,2024-04-25 14:46:36.010000+00:00,walking,1,random_forest,38,TABUENCA01-45_block_38,temporal_block,15.0,0.9809509254107,1
TABUENCA01-45,2024-04-25 14:46:37.010000+00:00,walking,1,random_forest,38,TABUENCA01-45_block_38,temporal_block,15.0,0.9635808325409436,1
TABUENCA01-45,2024-04-25 14:46:38.010000+00:00,walking,1,random_forest,38,TABUENCA01-45_block_38,temporal_block,15.0,0.9736153187627309,1
TABUENCA01-45,2024-04-25 14:46:39.010000+00:00,walking,1,random_forest,38,TABUENCA01-45_block_38,temporal_block,15.0,0.9818527116685495,1
TABUENCA01-45,2024-04-25 14:46:40.010000+00:00,walking,1,random_forest,38,TABUENCA01-45_block_38,temporal_block,15.0,0.9523166815007763,1
TABUENCA01-45,2024-04-25 14:46:41.010000+00:00,walking,1,random_forest,38,TABUENCA01-45_block_38,temporal_block,15.0,0.9658646271989181,1
TABUENCA01-45,2024-04-25 14:46:42.010000+00:00,walking,1,random_forest,38,TABUENCA01-45_block_38,temporal_block,15.0,0.9513162532343539,1
TABUENCA01-45,2024-04-25 14:46:47.010000+00:00,not_walking,0,random_forest,38,TABUENCA01-45_block_38,temporal_block,15.0,0.2374729490069456,0
TABUENCA01-45,2024-04-25 14:46:48.010000+00:00,not_walking,0,random_forest,38,TABUENCA01-45_block_38,temporal_block,15.0,0.2343610023927248,0
TABUENCA01-45,2024-04-25 14:46:49.010000+00:00,not_walking,0,random_forest,38,TABUENCA01-45_block_38,temporal_block,15.0,0.21432267521428172,0
TABUENCA01-45,2024-04-25 14:46:50.010000+00:00,not_walking,0,random_forest,38,TABUENCA01-45_block_38,temporal_block,15.0,0.2781780332639556,0
TABUENCA01-45,2024-04-25 14:46:51.010000+00:00,not_walking,0,random_forest,38,TABUENCA01-45_block_38,temporal_block,15.0,0.2257336180881652,0
TABUENCA01-45,2024-04-25 14:46:52.010000+00:00,not_walking,0,random_forest,38,TABUENCA01-45_block_38,temporal_block,15.0,0.23693367886693806,0
TABUENCA01-45,2024-04-25 14:46:53.010000+00:00,not_walking,0,random_forest,38,TABUENCA01-45_block_38,temporal_block,15.0,0.1748056720635726,0
TABUENCA01-45,2024-04-25 14:46:54.010000+00:00,not_walking,0,random_forest,38,TABUENCA01-45_block_38,temporal_block,15.0,0.29983984953624454,0
TABUENCA01-45,2024-04-25 14:46:55.010000+00:00,not_walking,0,random_forest,38,TABUENCA01-45_block_38,temporal_block,15.0,0.2735981536089225,0
TABUENCA01-45,2024-04-25 14:46:56.010000+00:00,not_walking,0,random_forest,38,TABUENCA01-45_block_38,temporal_block,15.0,0.2700503112246252,0
TABUENCA01-45,2024-04-25 14:46:57.010000+00:00,not_walking,0,random_forest,38,TABUENCA01-45_block_38,temporal_block,15.0,0.2756010515465018,0
TABUENCA01-45,2024-04-25 14:46:58.010000+00:00,not_walking,0,random_forest,38,TABUENCA01-45_block_38,temporal_block,15.0,0.2767191345455865,0
TABUENCA01-45,2024-04-25 14:46:59.010000+00:00,not_walking,0,random_forest,38,TABUENCA01-45_block_38,temporal_block,15.0,0.26945852436725176,0
TABUENCA01-45,2024-04-25 14:47:00.010000+00:00,not_walking,0,random_forest,38,TABUENCA01-45_block_38,temporal_block,15.0,0.2808410339689211,0
TABUENCA01-45,2024-04-25 14:47:01.010000+00:00,not_walking,0,random_forest,38,TABUENCA01-45_block_38,temporal_block,15.0,0.3016192439372719,0
TABUENCA01-45,2024-04-25 14:47:07.030000+00:00,walking,1,random_forest,39,TABUENCA01-45_block_39,temporal_block,15.0,0.9378658296228828,1
TABUENCA01-45,2024-04-25 14:47:08.030000+00:00,walking,1,random_forest,39,TABUENCA01-45_block_39,temporal_block,15.0,0.8523666348796766,1
TABUENCA01-45,2024-04-25 14:47:09.030000+00:00,walking,1,random_forest,39,TABUENCA01-45_block_39,temporal_block,15.0,0.8939069417919111,1
TABUENCA01-45,2024-04-25 14:47:10.030000+00:00,walking,1,random_forest,39,TABUENCA01-45_block_39,temporal_block,15.0,0.8888234397344081,1
TABUENCA01-45,2024-04-25 14:47:11.030000+00:00,walking,1,random_forest,39,TABUENCA01-45_block_39,temporal_block,15.0,0.8327773942542941,1
TABUENCA01-45,2024-04-25 14:47:12.030000+00:00,walking,1,random_forest,39,TABUENCA01-45_block_39,temporal_block,15.0,0.8668289775590491,1
TABUENCA01-45,2024-04-25 14:47:13.030000+00:00,walking,1,random_forest,39,TABUENCA01-45_block_39,temporal_block,15.0,0.877293710053759,1
TABUENCA01-45,2024-04-25 14:47:14.030000+00:00,walking,1,random_forest,39,TABUENCA01-45_block_39,temporal_block,15.0,0.8736242818797231,1
TABUENCA01-45,2024-04-25 14:47:15.030000+00:00,walking,1,random_forest,39,TABUENCA01-45_block_39,temporal_block,15.0,0.8901349828568539,1
TABUENCA01-45,2024-04-25 14:47:16.030000+00:00,walking,1,random_forest,39,TABUENCA01-45_block_39,temporal_block,15.0,0.9646412267516186,1
TABUENCA01-45,2024-04-25 14:47:17.030000+00:00,walking,1,random_forest,39,TABUENCA01-45_block_39,temporal_block,15.0,0.928939101148636,1
TABUENCA01-45,2024-04-25 14:47:18.030000+00:00,walking,1,random_forest,39,TABUENCA01-45_block_39,temporal_block,15.0,0.8333487733960416,1
TABUENCA01-45,2024-04-25 14:47:19.030000+00:00,walking,1,random_forest,39,TABUENCA01-45_block_39,temporal_block,15.0,0.9317569215975777,1
TABUENCA01-45,2024-04-25 14:47:20.030000+00:00,walking,1,random_forest,39,TABUENCA01-45_block_39,temporal_block,15.0,0.8346061323078192,1
TABUENCA01-45,2024-04-25 14:47:21.030000+00:00,walking,1,random_forest,39,TABUENCA01-45_block_39,temporal_block,15.0,0.8378923596264928,1
TABUENCA01-45,2024-04-25 14:47:22.030000+00:00,walking,1,random_forest,39,TABUENCA01-45_block_39,temporal_block,15.0,0.8985818427363111,1
TABUENCA01-45,2024-04-25 14:47:23.030000+00:00,walking,1,random_forest,39,TABUENCA01-45_block_39,temporal_block,15.0,0.8083793739795153,1
TABUENCA01-45,2024-04-25 14:47:24.030000+00:00,walking,1,random_forest,39,TABUENCA01-45_block_39,temporal_block,15.0,0.8725562033372098,1
TABUENCA01-45,2024-04-25 14:47:25.030000+00:00,walking,1,random_forest,39,TABUENCA01-45_block_39,temporal_block,15.0,0.8936136851156232,1
TABUENCA01-45,2024-04-25 14:47:26.030000+00:00,walking,1,random_forest,39,TABUENCA01-45_block_39,temporal_block,15.0,0.8323129766895202,1
TABUENCA01-45,2024-04-25 14:47:27.030000+00:00,walking,1,random_forest,39,TABUENCA01-45_block_39,temporal_block,15.0,0.8969637276978786,1
TABUENCA01-45,2024-04-25 14:47:28.030000+00:00,walking,1,random_forest,39,TABUENCA01-45_block_39,temporal_block,15.0,0.9213898558788164,1
TABUENCA01-45,2024-04-25 14:47:29.030000+00:00,walking,1,random_forest,39,TABUENCA01-45_block_39,temporal_block,15.0,0.907218668142968,1
TABUENCA01-45,2024-04-25 14:47:30.030000+00:00,walking,1,random_forest,39,TABUENCA01-45_block_39,temporal_block,15.0,0.9417576289042722,1
TABUENCA01-45,2024-04-25 14:47:31.030000+00:00,walking,1,random_forest,39,TABUENCA01-45_block_39,temporal_block,15.0,0.8782437007496147,1
TABUENCA01-45,2024-04-25 14:47:32.030000+00:00,walking,1,random_forest,39,TABUENCA01-45_block_39,temporal_block,15.0,0.9108183265665459,1
TABUENCA01-45,2024-04-25 14:47:33.030000+00:00,walking,1,random_forest,39,TABUENCA01-45_block_39,temporal_block,15.0,0.919400348651363,1
TABUENCA01-45,2024-04-25 14:47:34.030000+00:00,walking,1,random_forest,39,TABUENCA01-45_block_39,temporal_block,15.0,0.8243482802912756,1
TABUENCA01-45,2024-04-25 14:47:35.030000+00:00,walking,1,random_forest,39,TABUENCA01-45_block_39,temporal_block,15.0,0.8421236438078126,1
TABUENCA01-45,2024-04-25 14:47:36.030000+00:00,walking,1,random_forest,39,TABUENCA01-45_block_39,temporal_block,15.0,0.8041635003524654,1
TABUENCA01-45,2024-04-25 14:47:37.030000+00:00,walking,1,random_forest,39,TABUENCA01-45_block_39,temporal_block,15.0,0.8771531952950369,1
TABUENCA01-45,2024-04-25 14:47:38.030000+00:00,walking,1,random_forest,39,TABUENCA01-45_block_39,temporal_block,15.0,0.9107106167767254,1
TABUENCA01-45,2024-04-25 14:47:39.030000+00:00,walking,1,random_forest,39,TABUENCA01-45_block_39,temporal_block,15.0,0.8266344682577746,1
TABUENCA01-45,2024-04-25 14:47:40.030000+00:00,walking,1,random_forest,39,TABUENCA01-45_block_39,temporal_block,15.0,0.788490036087956,1
TABUENCA01-45,2024-04-25 14:47:41.030000+00:00,walking,1,random_forest,39,TABUENCA01-45_block_39,temporal_block,15.0,0.919748518344764,1
TABUENCA01-45,2024-04-25 14:47:42.030000+00:00,walking,1,random_forest,39,TABUENCA01-45_block_39,temporal_block,15.0,0.9222148836963915,1
TABUENCA01-45,2024-04-25 14:47:43.030000+00:00,walking,1,random_forest,39,TABUENCA01-45_block_39,temporal_block,15.0,0.8959139739972648,1
TABUENCA01-45,2024-04-25 14:47:44.030000+00:00,walking,1,random_forest,39,TABUENCA01-45_block_39,temporal_block,15.0,0.8168820915892898,1
TABUENCA01-45,2024-04-25 14:47:45.030000+00:00,walking,1,random_forest,39,TABUENCA01-45_block_39,temporal_block,15.0,0.9359143055083752,1
TABUENCA01-45,2024-04-25 14:47:46.030000+00:00,walking,1,random_forest,39,TABUENCA01-45_block_39,temporal_block,15.0,0.8668147353414009,1
TABUENCA01-45,2024-04-25 14:47:47.030000+00:00,walking,1,random_forest,39,TABUENCA01-45_block_39,temporal_block,15.0,0.8190837062758105,1
TABUENCA01-45,2024-04-25 14:47:48.030000+00:00,walking,1,random_forest,39,TABUENCA01-45_block_39,temporal_block,15.0,0.9020350936780704,1
TABUENCA01-45,2024-04-25 14:47:49.030000+00:00,walking,1,random_forest,39,TABUENCA01-45_block_39,temporal_block,15.0,0.7837366204687914,1
TABUENCA01-45,2024-04-25 14:47:50.030000+00:00,walking,1,random_forest,39,TABUENCA01-45_block_39,temporal_block,15.0,0.870362986469691,1
TABUENCA01-45,2024-04-25 14:47:51.030000+00:00,walking,1,random_forest,39,TABUENCA01-45_block_39,temporal_block,15.0,0.8472471694494039,1
TABUENCA01-45,2024-04-25 14:47:52.030000+00:00,walking,1,random_forest,39,TABUENCA01-45_block_39,temporal_block,15.0,0.8982286227228222,1
TABUENCA01-45,2024-04-25 14:47:53.030000+00:00,walking,1,random_forest,39,TABUENCA01-45_block_39,temporal_block,15.0,0.90083366233179,1
TABUENCA01-45,2024-04-25 14:47:54.030000+00:00,walking,1,random_forest,39,TABUENCA01-45_block_39,temporal_block,15.0,0.834106403455369,1
TABUENCA01-45,2024-04-25 14:47:55.030000+00:00,walking,1,random_forest,39,TABUENCA01-45_block_39,temporal_block,15.0,0.8632199779904433,1
TABUENCA01-45,2024-04-25 14:47:56.030000+00:00,walking,1,random_forest,39,TABUENCA01-45_block_39,temporal_block,15.0,0.7260287512656692,1
TABUENCA01-45,2024-04-25 14:47:57.030000+00:00,walking,1,random_forest,39,TABUENCA01-45_block_39,temporal_block,15.0,0.8270006217564281,1
TABUENCA01-45,2024-04-25 14:47:58.030000+00:00,walking,1,random_forest,39,TABUENCA01-45_block_39,temporal_block,15.0,0.8346548793913112,1
TABUENCA01-45,2024-04-25 14:47:59.030000+00:00,walking,1,random_forest,39,TABUENCA01-45_block_39,temporal_block,15.0,0.8490634491043181,1
TABUENCA01-45,2024-04-25 14:48:00.030000+00:00,walking,1,random_forest,39,TABUENCA01-45_block_39,temporal_block,15.0,0.8761359206912599,1
TABUENCA01-45,2024-04-25 14:48:01.030000+00:00,walking,1,random_forest,39,TABUENCA01-45_block_39,temporal_block,15.0,0.8247260759642008,1
TABUENCA01-45,2024-04-25 14:48:02.030000+00:00,walking,1,random_forest,39,TABUENCA01-45_block_39,temporal_block,15.0,0.8644206994483291,1
TABUENCA01-45,2024-04-25 14:48:03.030000+00:00,walking,1,random_forest,39,TABUENCA01-45_block_39,temporal_block,15.0,0.7324877710172838,1
TABUENCA01-45,2024-04-25 14:48:04.030000+00:00,walking,1,random_forest,39,TABUENCA01-45_block_39,temporal_block,15.0,0.8418197606146838,1
TABUENCA01-45,2024-04-25 14:48:05.030000+00:00,walking,1,random_forest,39,TABUENCA01-45_block_39,temporal_block,15.0,0.8048400807697611,1
TABUENCA01-45,2024-04-25 14:48:06.030000+00:00,walking,1,random_forest,39,TABUENCA01-45_block_39,temporal_block,15.0,0.9047897892151546,1
TABUENCA01-45,2024-04-25 14:48:07.030000+00:00,walking,1,random_forest,39,TABUENCA01-45_block_39,temporal_block,15.0,0.8552213104322728,1
TABUENCA01-45,2024-04-25 14:48:08.030000+00:00,walking,1,random_forest,39,TABUENCA01-45_block_39,temporal_block,15.0,0.8532044567235288,1
TABUENCA01-45,2024-04-25 14:48:09.030000+00:00,walking,1,random_forest,39,TABUENCA01-45_block_39,temporal_block,15.0,0.9219674547438196,1
TABUENCA01-45,2024-04-25 14:48:10.030000+00:00,walking,1,random_forest,39,TABUENCA01-45_block_39,temporal_block,15.0,0.8819320815073965,1
TABUENCA01-45,2024-04-25 14:48:11.030000+00:00,walking,1,random_forest,39,TABUENCA01-45_block_39,temporal_block,15.0,0.8895632250218213,1
TABUENCA01-45,2024-04-25 14:48:12.030000+00:00,walking,1,random_forest,39,TABUENCA01-45_block_39,temporal_block,15.0,0.8490209824460947,1
TABUENCA01-45,2024-04-25 14:48:13.030000+00:00,walking,1,random_forest,39,TABUENCA01-45_block_39,temporal_block,15.0,0.7747615553084105,1
TABUENCA01-45,2024-04-25 14:48:14.030000+00:00,walking,1,random_forest,39,TABUENCA01-45_block_39,temporal_block,15.0,0.9093086733175721,1
TABUENCA01-45,2024-04-25 14:48:15.030000+00:00,walking,1,random_forest,39,TABUENCA01-45_block_39,temporal_block,15.0,0.9275108240668575,1
TABUENCA01-45,2024-04-25 14:48:16.030000+00:00,walking,1,random_forest,39,TABUENCA01-45_block_39,temporal_block,15.0,0.9012451410715736,1
TABUENCA01-45,2024-04-25 14:48:17.030000+00:00,walking,1,random_forest,39,TABUENCA01-45_block_39,temporal_block,15.0,0.8786509674433383,1
TABUENCA01-45,2024-04-25 14:48:20.010000+00:00,walking,1,random_forest,39,TABUENCA01-45_block_39,temporal_block,15.0,0.04680317508423649,0
TABUENCA01-45,2024-04-25 14:48:21.010000+00:00,walking,1,random_forest,39,TABUENCA01-45_block_39,temporal_block,15.0,0.012093898365858337,0
TABUENCA01-45,2024-04-25 14:48:22.010000+00:00,walking,1,random_forest,39,TABUENCA01-45_block_39,temporal_block,15.0,0.0047244637751108235,0
TABUENCA01-45,2024-04-25 14:48:23.010000+00:00,walking,1,random_forest,39,TABUENCA01-45_block_39,temporal_block,15.0,0.015219564766814221,0
TABUENCA01-45,2024-04-25 14:48:24.010000+00:00,walking,1,random_forest,39,TABUENCA01-45_block_39,temporal_block,15.0,0.0453547747366056,0
TABUENCA01-45,2024-04-25 14:48:25.010000+00:00,walking,1,random_forest,39,TABUENCA01-45_block_39,temporal_block,15.0,0.00936006206081625,0
TABUENCA01-45,2024-04-25 14:48:26.010000+00:00,walking,1,random_forest,39,TABUENCA01-45_block_39,temporal_block,15.0,0.008503970626762907,0
TABUENCA01-45,2024-04-25 14:48:27.010000+00:00,walking,1,random_forest,39,TABUENCA01-45_block_39,temporal_block,15.0,0.011481386776223875,0
TABUENCA01-45,2024-04-25 14:48:28.010000+00:00,walking,1,random_forest,39,TABUENCA01-45_block_39,temporal_block,15.0,0.007235035628799117,0
TABUENCA01-45,2024-04-25 14:48:29.010000+00:00,walking,1,random_forest,39,TABUENCA01-45_block_39,temporal_block,15.0,0.10897314587557723,0
TABUENCA01-45,2024-04-25 14:48:30.010000+00:00,walking,1,random_forest,39,TABUENCA01-45_block_39,temporal_block,15.0,0.028276331198334972,0
TABUENCA01-45,2024-04-25 14:48:31.010000+00:00,walking,1,random_forest,39,TABUENCA01-45_block_39,temporal_block,15.0,0.013416281475725222,0
TABUENCA01-45,2024-04-25 14:48:32.010000+00:00,walking,1,random_forest,39,TABUENCA01-45_block_39,temporal_block,15.0,0.011680244604554024,0
TABUENCA01-45,2024-04-25 14:48:33.010000+00:00,walking,1,random_forest,39,TABUENCA01-45_block_39,temporal_block,15.0,0.0390417259990285,0
TABUENCA01-45,2024-04-25 14:48:34.010000+00:00,walking,1,random_forest,39,TABUENCA01-45_block_39,temporal_block,15.0,0.05341434900123216,0
TABUENCA01-45,2024-04-25 14:48:35.010000+00:00,walking,1,random_forest,39,TABUENCA01-45_block_39,temporal_block,15.0,0.028343021450574178,0
TABUENCA01-45,2024-04-25 14:48:36.010000+00:00,walking,1,random_forest,39,TABUENCA01-45_block_39,temporal_block,15.0,0.011289585591400513,0
TABUENCA01-45,2024-04-25 14:48:37.010000+00:00,walking,1,random_forest,39,TABUENCA01-45_block_39,temporal_block,15.0,0.022011883661596173,0
TABUENCA01-45,2024-04-25 14:48:38.010000+00:00,walking,1,random_forest,39,TABUENCA01-45_block_39,temporal_block,15.0,0.6490003158925883,1
TABUENCA01-45,2024-04-25 14:48:39.010000+00:00,walking,1,random_forest,39,TABUENCA01-45_block_39,temporal_block,15.0,0.831424879250082,1
TABUENCA01-45,2024-04-25 14:48:40.010000+00:00,walking,1,random_forest,39,TABUENCA01-45_block_39,temporal_block,15.0,0.9498153721843274,1
TABUENCA01-45,2024-04-25 14:48:41.010000+00:00,walking,1,random_forest,39,TABUENCA01-45_block_39,temporal_block,15.0,0.940654867026552,1
TABUENCA01-45,2024-04-25 14:48:42.010000+00:00,walking,1,random_forest,39,TABUENCA01-45_block_39,temporal_block,15.0,0.9448591774523811,1
TABUENCA01-45,2024-04-25 14:48:43.010000+00:00,walking,1,random_forest,39,TABUENCA01-45_block_39,temporal_block,15.0,0.956975312008938,1
TABUENCA01-45,2024-04-25 14:48:44.010000+00:00,walking,1,random_forest,39,TABUENCA01-45_block_39,temporal_block,15.0,0.9539450950595579,1
TABUENCA01-45,2024-04-25 14:48:45.010000+00:00,walking,1,random_forest,39,TABUENCA01-45_block_39,temporal_block,15.0,0.9619769304269326,1
TABUENCA01-45,2024-04-25 14:48:46.010000+00:00,walking,1,random_forest,39,TABUENCA01-45_block_39,temporal_block,15.0,0.958767531334546,1
TABUENCA01-45,2024-04-25 14:48:47.010000+00:00,walking,1,random_forest,39,TABUENCA01-45_block_39,temporal_block,15.0,0.9759052546576317,1
TABUENCA01-45,2024-04-25 14:48:48.010000+00:00,walking,1,random_forest,39,TABUENCA01-45_block_39,temporal_block,15.0,0.9757074901965952,1
TABUENCA01-45,2024-04-25 14:48:49.010000+00:00,walking,1,random_forest,39,TABUENCA01-45_block_39,temporal_block,15.0,0.9636357334123532,1
TABUENCA01-45,2024-04-25 14:48:50.010000+00:00,walking,1,random_forest,39,TABUENCA01-45_block_39,temporal_block,15.0,0.9307847817735779,1
TABUENCA01-45,2024-04-25 14:48:51.010000+00:00,walking,1,random_forest,39,TABUENCA01-45_block_39,temporal_block,15.0,0.9598668125742209,1
TABUENCA01-45,2024-04-25 14:48:52.010000+00:00,walking,1,random_forest,39,TABUENCA01-45_block_39,temporal_block,15.0,0.942902976113419,1
TABUENCA01-45,2024-04-25 14:48:53.010000+00:00,walking,1,random_forest,39,TABUENCA01-45_block_39,temporal_block,15.0,0.949185446345009,1
TABUENCA01-45,2024-04-25 14:48:54.010000+00:00,walking,1,random_forest,39,TABUENCA01-45_block_39,temporal_block,15.0,0.9294947116921716,1
TABUENCA01-45,2024-04-25 14:48:55.010000+00:00,walking,1,random_forest,39,TABUENCA01-45_block_39,temporal_block,15.0,0.9520845691059312,1
TABUENCA01-45,2024-04-25 14:48:56.010000+00:00,walking,1,random_forest,39,TABUENCA01-45_block_39,temporal_block,15.0,0.9340299803341096,1
TABUENCA01-45,2024-04-25 14:48:57.010000+00:00,walking,1,random_forest,39,TABUENCA01-45_block_39,temporal_block,15.0,0.9809778930733924,1
TABUENCA01-45,2024-04-25 14:48:58.010000+00:00,walking,1,random_forest,39,TABUENCA01-45_block_39,temporal_block,15.0,0.968127729379853,1
TABUENCA01-45,2024-04-25 14:48:59.010000+00:00,walking,1,random_forest,39,TABUENCA01-45_block_39,temporal_block,15.0,0.9568409964992391,1
TABUENCA01-45,2024-04-25 14:49:00.010000+00:00,walking,1,random_forest,39,TABUENCA01-45_block_39,temporal_block,15.0,0.9244368216691298,1
TABUENCA01-45,2024-04-25 14:49:01.010000+00:00,walking,1,random_forest,39,TABUENCA01-45_block_39,temporal_block,15.0,0.9505648649820169,1
TABUENCA01-45,2024-04-25 14:49:02.010000+00:00,walking,1,random_forest,39,TABUENCA01-45_block_39,temporal_block,15.0,0.9568961881243795,1
TABUENCA01-45,2024-04-25 14:49:03.010000+00:00,walking,1,random_forest,39,TABUENCA01-45_block_39,temporal_block,15.0,0.9474611353408323,1
TABUENCA01-45,2024-04-25 14:49:04.010000+00:00,walking,1,random_forest,39,TABUENCA01-45_block_39,temporal_block,15.0,0.9200078373529808,1
TABUENCA01-45,2024-04-25 14:49:05.010000+00:00,walking,1,random_forest,39,TABUENCA01-45_block_39,temporal_block,15.0,0.9415266404935003,1
TABUENCA01-45,2024-04-25 14:49:06.010000+00:00,walking,1,random_forest,39,TABUENCA01-45_block_39,temporal_block,15.0,0.8661551783939302,1
TABUENCA01-45,2024-04-25 14:49:07.010000+00:00,walking,1,random_forest,39,TABUENCA01-45_block_39,temporal_block,15.0,0.9806566243312678,1
TABUENCA01-45,2024-04-25 14:49:08.010000+00:00,walking,1,random_forest,39,TABUENCA01-45_block_39,temporal_block,15.0,0.9508463293601882,1
TABUENCA01-45,2024-04-25 14:49:09.010000+00:00,walking,1,random_forest,39,TABUENCA01-45_block_39,temporal_block,15.0,0.9221074312662806,1
TABUENCA01-45,2024-04-25 14:49:10.010000+00:00,walking,1,random_forest,39,TABUENCA01-45_block_39,temporal_block,15.0,0.9290323962173753,1
TABUENCA01-45,2024-04-25 14:49:11.010000+00:00,walking,1,random_forest,39,TABUENCA01-45_block_39,temporal_block,15.0,0.9195606899014844,1
TABUENCA01-45,2024-04-25 14:49:12.010000+00:00,walking,1,random_forest,39,TABUENCA01-45_block_39,temporal_block,15.0,0.9338219331757593,1
TABUENCA01-45,2024-04-25 14:49:13.010000+00:00,walking,1,random_forest,39,TABUENCA01-45_block_39,temporal_block,15.0,0.9556427712122837,1
TABUENCA01-45,2024-04-25 14:49:14.010000+00:00,walking,1,random_forest,39,TABUENCA01-45_block_39,temporal_block,15.0,0.9459513211609334,1
TABUENCA01-45,2024-04-25 14:49:15.010000+00:00,walking,1,random_forest,39,TABUENCA01-45_block_39,temporal_block,15.0,0.9066032493069685,1
TABUENCA01-45,2024-04-25 14:49:16.010000+00:00,walking,1,random_forest,39,TABUENCA01-45_block_39,temporal_block,15.0,0.9274111449071278,1
TABUENCA01-45,2024-04-25 14:49:17.010000+00:00,walking,1,random_forest,39,TABUENCA01-45_block_39,temporal_block,15.0,0.9594071965750868,1
TABUENCA01-45,2024-04-25 14:49:18.010000+00:00,walking,1,random_forest,39,TABUENCA01-45_block_39,temporal_block,15.0,0.9590183693871154,1
TABUENCA01-45,2024-04-25 14:49:19.010000+00:00,walking,1,random_forest,39,TABUENCA01-45_block_39,temporal_block,15.0,0.9633184370155796,1
TABUENCA01-45,2024-04-25 14:49:20.010000+00:00,walking,1,random_forest,39,TABUENCA01-45_block_39,temporal_block,15.0,0.9643252899697173,1
TABUENCA01-45,2024-04-25 14:49:21.010000+00:00,walking,1,random_forest,39,TABUENCA01-45_block_39,temporal_block,15.0,0.9306048274992577,1
TABUENCA01-45,2024-04-25 14:49:22.010000+00:00,walking,1,random_forest,39,TABUENCA01-45_block_39,temporal_block,15.0,0.9617617685969094,1
TABUENCA01-45,2024-04-25 14:49:23.010000+00:00,walking,1,random_forest,39,TABUENCA01-45_block_39,temporal_block,15.0,0.9532236790844515,1
TABUENCA01-45,2024-04-25 14:49:24.010000+00:00,walking,1,random_forest,39,TABUENCA01-45_block_39,temporal_block,15.0,0.8918251120997251,1
TABUENCA01-45,2024-04-25 14:49:25.010000+00:00,walking,1,random_forest,39,TABUENCA01-45_block_39,temporal_block,15.0,0.9329195884319735,1
TABUENCA01-45,2024-04-25 14:49:26.010000+00:00,walking,1,random_forest,39,TABUENCA01-45_block_39,temporal_block,15.0,0.9487034804346383,1
TABUENCA01-45,2024-04-25 14:49:27.010000+00:00,walking,1,random_forest,39,TABUENCA01-45_block_39,temporal_block,15.0,0.965153746467713,1
TABUENCA01-45,2024-04-25 14:49:28.010000+00:00,walking,1,random_forest,39,TABUENCA01-45_block_39,temporal_block,15.0,0.9063738139547483,1
TABUENCA01-45,2024-04-25 14:49:29.010000+00:00,walking,1,random_forest,39,TABUENCA01-45_block_39,temporal_block,15.0,0.9117355979294566,1
TABUENCA01-45,2024-04-25 14:49:30.010000+00:00,walking,1,random_forest,39,TABUENCA01-45_block_39,temporal_block,15.0,0.9091153101061379,1
TABUENCA01-45,2024-04-25 14:49:31.010000+00:00,walking,1,random_forest,39,TABUENCA01-45_block_39,temporal_block,15.0,0.8796483714353495,1
TABUENCA01-45,2024-04-25 14:49:36.020000+00:00,not_walking,0,random_forest,40,TABUENCA01-45_block_40,temporal_block,15.0,0.26065839416432673,0
TABUENCA01-45,2024-04-25 14:49:37.020000+00:00,not_walking,0,random_forest,40,TABUENCA01-45_block_40,temporal_block,15.0,0.18731195213017063,0
TABUENCA01-45,2024-04-25 14:49:38.020000+00:00,not_walking,0,random_forest,40,TABUENCA01-45_block_40,temporal_block,15.0,0.11956715794302122,0
TABUENCA01-45,2024-04-25 14:49:39.020000+00:00,not_walking,0,random_forest,40,TABUENCA01-45_block_40,temporal_block,15.0,0.23746426416329167,0
TABUENCA01-45,2024-04-25 14:49:40.020000+00:00,not_walking,0,random_forest,40,TABUENCA01-45_block_40,temporal_block,15.0,0.23300650397671693,0
TABUENCA01-45,2024-04-25 14:49:41.020000+00:00,not_walking,0,random_forest,40,TABUENCA01-45_block_40,temporal_block,15.0,0.15262024492336404,0
TABUENCA01-45,2024-04-25 14:49:42.020000+00:00,not_walking,0,random_forest,40,TABUENCA01-45_block_40,temporal_block,15.0,0.12623910191201806,0
