reference,time_center,mov_type,target,model,fold,group,group_by,embargo_seconds,prob_walking,prediction
02548893X-118,2025-02-28 09:48:08.010000+00:00,not_walking,0,random_forest,1,02548893X-118_block_1,temporal_block,15.0,0.6494384033211621,1
02548893X-118,2025-02-28 09:48:09.010000+00:00,not_walking,0,random_forest,1,02548893X-118_block_1,temporal_block,15.0,0.7485133509725628,1
02548893X-118,2025-02-28 09:48:10.010000+00:00,not_walking,0,random_forest,1,02548893X-118_block_1,temporal_block,15.0,0.5045275800557146,1
02548893X-118,2025-02-28 09:48:11.010000+00:00,not_walking,0,random_forest,1,02548893X-118_block_1,temporal_block,15.0,0.4616497347098658,0
02548893X-118,2025-02-28 09:48:12.010000+00:00,not_walking,0,random_forest,1,02548893X-118_block_1,temporal_block,15.0,0.4688174057171656,0
02548893X-118,2025-02-28 09:48:13.010000+00:00,not_walking,0,random_forest,1,02548893X-118_block_1,temporal_block,15.0,0.4795987843457728,0
02548893X-118,2025-02-28 09:48:14.010000+00:00,not_walking,0,random_forest,1,02548893X-118_block_1,temporal_block,15.0,0.48576788487379297,0
02548893X-118,2025-02-28 09:48:15.010000+00:00,not_walking,0,random_forest,1,02548893X-118_block_1,temporal_block,15.0,0.5463324900716894,1
02548893X-118,2025-02-28 09:48:16.010000+00:00,not_walking,0,random_forest,1,02548893X-118_block_1,temporal_block,15.0,0.7916240242831668,1
02548893X-118,2025-02-28 09:48:17.010000+00:00,not_walking,0,random_forest,1,02548893X-118_block_1,temporal_block,15.0,0.4663235168227958,0
02548893X-118,2025-02-28 09:48:18.010000+00:00,not_walking,0,random_forest,1,02548893X-118_block_1,temporal_block,15.0,0.48026915582326013,0
02548893X-118,2025-02-28 09:48:19.010000+00:00,not_walking,0,random_forest,1,02548893X-118_block_1,temporal_block,15.0,0.5123011241187362,1
02548893X-118,2025-02-28 09:48:20.010000+00:00,not_walking,0,random_forest,1,02548893X-118_block_1,temporal_block,15.0,0.48903928278237024,0
02548893X-118,2025-02-28 09:48:21.010000+00:00,not_walking,0,random_forest,1,02548893X-118_block_1,temporal_block,15.0,0.4914398987135334,0
02548893X-118,2025-02-28 09:48:22.010000+00:00,not_walking,0,random_forest,1,02548893X-118_block_1,temporal_block,15.0,0.46793763999907656,0
02548893X-118,2025-02-28 09:48:23.010000+00:00,not_walking,0,random_forest,1,02548893X-118_block_1,temporal_block,15.0,0.6523731871883907,1
02548893X-118,2025-02-28 09:48:24.010000+00:00,not_walking,0,random_forest,1,02548893X-118_block_1,temporal_block,15.0,0.6456322027173917,1
02548893X-118,2025-02-28 09:48:25.010000+00:00,not_walking,0,random_forest,1,02548893X-118_block_1,temporal_block,15.0,0.49042793566334797,0
02548893X-118,2025-02-28 09:48:26.010000+00:00,not_walking,0,random_forest,1,02548893X-118_block_1,temporal_block,15.0,0.49854086910633194,0
02548893X-118,2025-02-28 09:48:27.010000+00:00,not_walking,0,random_forest,1,02548893X-118_block_1,temporal_block,15.0,0.5128492201924223,1
02548893X-118,2025-02-28 09:48:28.010000+00:00,not_walking,0,random_forest,1,02548893X-118_block_1,temporal_block,15.0,0.4530449624404632,0
02548893X-118,2025-02-28 09:48:29.010000+00:00,not_walking,0,random_forest,1,02548893X-118_block_1,temporal_block,15.0,0.473472425351088,0
02548893X-118,2025-02-28 09:48:30.010000+00:00,not_walking,0,random_forest,1,02548893X-118_block_1,temporal_block,15.0,0.5358916768415954,1
02548893X-118,2025-02-28 09:48:31.010000+00:00,not_walking,0,random_forest,1,02548893X-118_block_1,temporal_block,15.0,0.7418774500969408,1
02548893X-118,2025-02-28 09:48:32.010000+00:00,not_walking,0,random_forest,1,02548893X-118_block_1,temporal_block,15.0,0.6850805997853169,1
02548893X-118,2025-02-28 09:48:33.010000+00:00,not_walking,0,random_forest,1,02548893X-118_block_1,temporal_block,15.0,0.7035671311592989,1
02548893X-118,2025-02-28 09:48:34.010000+00:00,not_walking,0,random_forest,1,02548893X-118_block_1,temporal_block,15.0,0.6650319598904146,1
02548893X-118,2025-02-28 09:48:35.010000+00:00,not_walking,0,random_forest,1,02548893X-118_block_1,temporal_block,15.0,0.6805497675986124,1
02548893X-118,2025-02-28 09:48:36.010000+00:00,not_walking,0,random_forest,1,02548893X-118_block_1,temporal_block,15.0,0.6099775399038091,1
02548893X-118,2025-02-28 09:48:37.010000+00:00,not_walking,0,random_forest,1,02548893X-118_block_1,temporal_block,15.0,0.6079189717933744,1
02548893X-118,2025-02-28 09:48:38.010000+00:00,not_walking,0,random_forest,1,02548893X-118_block_1,temporal_block,15.0,0.6327345715150156,1
02548893X-118,2025-02-28 09:48:39.010000+00:00,not_walking,0,random_forest,1,02548893X-118_block_1,temporal_block,15.0,0.5988257284174944,1
02548893X-118,2025-02-28 09:48:40.010000+00:00,not_walking,0,random_forest,1,02548893X-118_block_1,temporal_block,15.0,0.6547938980630466,1
02548893X-118,2025-02-28 09:48:41.010000+00:00,not_walking,0,random_forest,1,02548893X-118_block_1,temporal_block,15.0,0.6052324139328087,1
02548893X-118,2025-02-28 09:48:42.010000+00:00,not_walking,0,random_forest,1,02548893X-118_block_1,temporal_block,15.0,0.6527719090367959,1
02548893X-118,2025-02-28 09:48:43.010000+00:00,not_walking,0,random_forest,1,02548893X-118_block_1,temporal_block,15.0,0.6115720877720777,1
02548893X-118,2025-02-28 09:48:44.010000+00:00,not_walking,0,random_forest,1,02548893X-118_block_1,temporal_block,15.0,0.6558238034453459,1
02548893X-118,2025-02-28 09:48:45.010000+00:00,not_walking,0,random_forest,1,02548893X-118_block_1,temporal_block,15.0,0.6405680566667095,1
02548893X-118,2025-02-28 09:48:46.010000+00:00,not_walking,0,random_forest,1,02548893X-118_block_1,temporal_block,15.0,0.6464060819690013,1
02548893X-118,2025-02-28 09:48:47.010000+00:00,not_walking,0,random_forest,1,02548893X-118_block_1,temporal_block,15.0,0.6292793017926722,1
02548893X-118,2025-02-28 09:48:48.010000+00:00,not_walking,0,random_forest,1,02548893X-118_block_1,temporal_block,15.0,0.6049244205036632,1
02548893X-118,2025-02-28 09:48:49.010000+00:00,not_walking,0,random_forest,1,02548893X-118_block_1,temporal_block,15.0,0.6578832642212298,1
02548893X-118,2025-02-28 09:48:50.010000+00:00,not_walking,0,random_forest,1,02548893X-118_block_1,temporal_block,15.0,0.6974505284314428,1
02548893X-118,2025-02-28 09:48:51.010000+00:00,not_walking,0,random_forest,1,02548893X-118_block_1,temporal_block,15.0,0.6536116730609999,1
02548893X-118,2025-02-28 09:48:52.010000+00:00,not_walking,0,random_forest,1,02548893X-118_block_1,temporal_block,15.0,0.6189965533252368,1
02548893X-118,2025-02-28 09:48:53.010000+00:00,not_walking,0,random_forest,1,02548893X-118_block_1,temporal_block,15.0,0.6500332386672673,1
02548893X-118,2025-02-28 09:48:54.010000+00:00,not_walking,0,random_forest,1,02548893X-118_block_1,temporal_block,15.0,0.6870819510765624,1
02548893X-118,2025-02-28 09:48:55.010000+00:00,not_walking,0,random_forest,1,02548893X-118_block_1,temporal_block,15.0,0.6410240589197158,1
02548893X-118,2025-02-28 09:48:56.010000+00:00,not_walking,0,random_forest,1,02548893X-118_block_1,temporal_block,15.0,0.6190958122596095,1
02548893X-118,2025-02-28 09:48:57.010000+00:00,not_walking,0,random_forest,1,02548893X-118_block_1,temporal_block,15.0,0.6360560007709432,1
02548893X-118,2025-02-28 09:48:58.010000+00:00,not_walking,0,random_forest,1,02548893X-118_block_1,temporal_block,15.0,0.6581187679028846,1
02548893X-118,2025-02-28 09:48:59.010000+00:00,not_walking,0,random_forest,1,02548893X-118_block_1,temporal_block,15.0,0.6576829436286119,1
02548893X-118,2025-02-28 09:49:00.010000+00:00,not_walking,0,random_forest,1,02548893X-118_block_1,temporal_block,15.0,0.6172963198302159,1
02548893X-118,2025-02-28 09:49:01.010000+00:00,not_walking,0,random_forest,1,02548893X-118_block_1,temporal_block,15.0,0.6111019547093327,1
02548893X-118,2025-02-28 09:49:02.010000+00:00,not_walking,0,random_forest,1,02548893X-118_block_1,temporal_block,15.0,0.6950160477372475,1
02548893X-118,2025-02-28 09:49:03.010000+00:00,not_walking,0,random_forest,1,02548893X-118_block_1,temporal_block,15.0,0.612321188424701,1
02548893X-118,2025-02-28 09:49:04.010000+00:00,not_walking,0,random_forest,1,02548893X-118_block_1,temporal_block,15.0,0.6129983948974453,1
02548893X-118,2025-02-28 09:49:05.010000+00:00,not_walking,0,random_forest,1,02548893X-118_block_1,temporal_block,15.0,0.6155760712739387,1
02548893X-118,2025-02-28 09:49:06.010000+00:00,not_walking,0,random_forest,1,02548893X-118_block_1,temporal_block,15.0,0.5902951053574664,1
02548893X-118,2025-02-28 09:49:07.010000+00:00,not_walking,0,random_forest,1,02548893X-118_block_1,temporal_block,15.0,0.5586049857559547,1
02548893X-118,2025-02-28 09:49:08.010000+00:00,not_walking,0,random_forest,1,02548893X-118_block_1,temporal_block,15.0,0.700153998192629,1
02548893X-118,2025-02-28 09:49:09.010000+00:00,not_walking,0,random_forest,1,02548893X-118_block_1,temporal_block,15.0,0.6193761870348952,1
02548893X-118,2025-02-28 09:49:10.010000+00:00,not_walking,0,random_forest,1,02548893X-118_block_1,temporal_block,15.0,0.7487528760567791,1
02548893X-118,2025-02-28 09:49:11.010000+00:00,not_walking,0,random_forest,1,02548893X-118_block_1,temporal_block,15.0,0.6907543810654544,1
02548893X-118,2025-02-28 09:49:12.010000+00:00,not_walking,0,random_forest,1,02548893X-118_block_1,temporal_block,15.0,0.5891457392430837,1
02548893X-118,2025-02-28 09:49:13.010000+00:00,not_walking,0,random_forest,1,02548893X-118_block_1,temporal_block,15.0,0.5717361517395743,1
02548893X-118,2025-02-28 09:49:14.010000+00:00,not_walking,0,random_forest,1,02548893X-118_block_1,temporal_block,15.0,0.5792439524805857,1
02548893X-118,2025-02-28 09:49:15.010000+00:00,not_walking,0,random_forest,1,02548893X-118_block_1,temporal_block,15.0,0.5986042100489514,1
02548893X-118,2025-02-28 09:49:16.010000+00:00,not_walking,0,random_forest,1,02548893X-118_block_1,temporal_block,15.0,0.5827647639897006,1
02548893X-118,2025-02-28 09:49:17.010000+00:00,not_walking,0,random_forest,1,02548893X-118_block_1,temporal_block,15.0,0.5537537156289349,1
02548893X-118,2025-02-28 09:49:18.010000+00:00,not_walking,0,random_forest,1,02548893X-118_block_1,temporal_block,15.0,0.7043478511410338,1
02548893X-118,2025-02-28 09:49:19.010000+00:00,not_walking,0,random_forest,1,02548893X-118_block_1,temporal_block,15.0,0.7846586363956979,1
02548893X-118,2025-02-28 09:49:20.010000+00:00,not_walking,0,random_forest,1,02548893X-118_block_1,temporal_block,15.0,0.7057965605268977,1
02548893X-118,2025-02-28 09:49:21.010000+00:00,not_walking,0,random_forest,1,02548893X-118_block_1,temporal_block,15.0,0.6802455811161303,1
02548893X-118,2025-02-28 09:49:22.010000+00:00,not_walking,0,random_forest,1,02548893X-118_block_1,temporal_block,15.0,0.7972127696394798,1
02548893X-118,2025-02-28 09:49:23.010000+00:00,not_walking,0,random_forest,1,02548893X-118_block_1,temporal_block,15.0,0.7591568510108944,1
02548893X-118,2025-02-28 09:49:24.010000+00:00,not_walking,0,random_forest,1,02548893X-118_block_1,temporal_block,15.0,0.7904223154236772,1
02548893X-118,2025-02-28 09:49:25.010000+00:00,not_walking,0,random_forest,1,02548893X-118_block_1,temporal_block,15.0,0.9111320965210543,1
02548893X-118,2025-02-28 09:49:26.010000+00:00,not_walking,0,random_forest,1,02548893X-118_block_1,temporal_block,15.0,0.7940909362154898,1
02548893X-118,2025-02-28 09:49:27.010000+00:00,not_walking,0,random_forest,1,02548893X-118_block_1,temporal_block,15.0,0.5899256734049652,1
02548893X-118,2025-02-28 09:49:28.010000+00:00,not_walking,0,random_forest,1,02548893X-118_block_1,temporal_block,15.0,0.5161565764990952,1
02548893X-118,2025-02-28 09:49:29.010000+00:00,not_walking,0,random_forest,1,02548893X-118_block_1,temporal_block,15.0,0.2144831382566011,0
02548893X-118,2025-02-28 09:49:30.010000+00:00,not_walking,0,random_forest,1,02548893X-118_block_1,temporal_block,15.0,0.15593882631316122,0
02548893X-118,2025-02-28 09:49:31.010000+00:00,not_walking,0,random_forest,1,02548893X-118_block_1,temporal_block,15.0,0.24918753393900006,0
02548893X-118,2025-02-28 09:49:32.010000+00:00,not_walking,0,random_forest,1,02548893X-118_block_1,temporal_block,15.0,0.48489393860497015,0
02548893X-118,2025-02-28 09:49:33.010000+00:00,not_walking,0,random_forest,1,02548893X-118_block_1,temporal_block,15.0,0.2367342694530006,0
02548893X-118,2025-02-28 09:49:34.010000+00:00,not_walking,0,random_forest,1,02548893X-118_block_1,temporal_block,15.0,0.399333948857397,0
02548893X-118,2025-02-28 09:49:35.010000+00:00,not_walking,0,random_forest,1,02548893X-118_block_1,temporal_block,15.0,0.4726816203150472,0
02548893X-118,2025-02-28 09:49:36.010000+00:00,not_walking,0,random_forest,1,02548893X-118_block_1,temporal_block,15.0,0.526286227163053,1
02548893X-118,2025-02-28 09:49:37.010000+00:00,not_walking,0,random_forest,1,02548893X-118_block_1,temporal_block,15.0,0.3835846276271488,0
02548893X-118,2025-02-28 09:49:38.010000+00:00,not_walking,0,random_forest,1,02548893X-118_block_1,temporal_block,15.0,0.43140565980016077,0
02548893X-118,2025-02-28 09:49:39.010000+00:00,not_walking,0,random_forest,1,02548893X-118_block_1,temporal_block,15.0,0.18635998365778683,0
02548893X-118,2025-02-28 09:49:40.010000+00:00,not_walking,0,random_forest,1,02548893X-118_block_1,temporal_block,15.0,0.1590981670506879,0
02548893X-118,2025-02-28 09:49:41.010000+00:00,not_walking,0,random_forest,1,02548893X-118_block_1,temporal_block,15.0,0.16012544356101685,0
02548893X-118,2025-02-28 09:49:42.010000+00:00,not_walking,0,random_forest,1,02548893X-118_block_1,temporal_block,15.0,0.2926268985156475,0
02548893X-118,2025-02-28 09:49:43.010000+00:00,not_walking,0,random_forest,1,02548893X-118_block_1,temporal_block,15.0,0.523284063455216,1
02548893X-118,2025-02-28 09:49:44.010000+00:00,not_walking,0,random_forest,1,02548893X-118_block_1,temporal_block,15.0,0.5687419599126675,1
02548893X-118,2025-02-28 09:49:45.010000+00:00,not_walking,0,random_forest,1,02548893X-118_block_1,temporal_block,15.0,0.26659919219454137,0
02548893X-118,2025-02-28 09:49:46.010000+00:00,not_walking,0,random_forest,1,02548893X-118_block_1,temporal_block,15.0,0.11158234956186121,0
02548893X-118,2025-02-28 09:49:47.010000+00:00,not_walking,0,random_forest,1,02548893X-118_block_1,temporal_block,15.0,0.06808484100282297,0
02548893X-118,2025-02-28 09:49:48.010000+00:00,not_walking,0,random_forest,1,02548893X-118_block_1,temporal_block,15.0,0.08421328911163525,0
02548893X-118,2025-02-28 09:49:49.010000+00:00,not_walking,0,random_forest,1,02548893X-118_block_1,temporal_block,15.0,0.07220165728903673,0
02548893X-118,2025-02-28 09:49:50.010000+00:00,not_walking,0,random_forest,1,02548893X-118_block_1,temporal_block,15.0,0.06318902393058974,0
02548893X-118,2025-02-28 09:49:51.010000+00:00,not_walking,0,random_forest,1,02548893X-118_block_1,temporal_block,15.0,0.05836488767650065,0
02548893X-118,2025-02-28 09:49:52.010000+00:00,not_walking,0,random_forest,1,02548893X-118_block_1,temporal_block,15.0,0.05535253868659041,0
02548893X-118,2025-02-28 09:49:53.010000+00:00,not_walking,0,random_forest,1,02548893X-118_block_1,temporal_block,15.0,0.06638736304452197,0
02548893X-118,2025-02-28 09:49:54.010000+00:00,not_walking,0,random_forest,1,02548893X-118_block_1,temporal_block,15.0,0.0722018818801349,0
02548893X-118,2025-02-28 09:49:55.010000+00:00,not_walking,0,random_forest,1,02548893X-118_block_1,temporal_block,15.0,0.06403813170211994,0
02548893X-118,2025-02-28 09:49:56.010000+00:00,not_walking,0,random_forest,1,02548893X-118_block_1,temporal_block,15.0,0.0668764733503673,0
02548893X-118,2025-02-28 09:49:57.010000+00:00,not_walking,0,random_forest,1,02548893X-118_block_1,temporal_block,15.0,0.061707397748124414,0
02548893X-118,2025-02-28 09:49:58.010000+00:00,not_walking,0,random_forest,1,02548893X-118_block_1,temporal_block,15.0,0.06263461542484144,0
02548893X-118,2025-02-28 09:49:59.010000+00:00,not_walking,0,random_forest,1,02548893X-118_block_1,temporal_block,15.0,0.06712627162297193,0
02548893X-118,2025-02-28 09:50:00.010000+00:00,not_walking,0,random_forest,1,02548893X-118_block_1,temporal_block,15.0,0.06958747926595467,0
02548893X-118,2025-02-28 09:50:01.010000+00:00,not_walking,0,random_forest,1,02548893X-118_block_1,temporal_block,15.0,0.0640599735522788,0
02548893X-118,2025-02-28 09:50:02.010000+00:00,not_walking,0,random_forest,1,02548893X-118_block_1,temporal_block,15.0,0.0647188680166559,0
02548893X-118,2025-02-28 09:50:03.010000+00:00,not_walking,0,random_forest,1,02548893X-118_block_1,temporal_block,15.0,0.05982063130021918,0
02548893X-118,2025-02-28 09:50:04.010000+00:00,not_walking,0,random_forest,1,02548893X-118_block_1,temporal_block,15.0,0.06555207095409843,0
02548893X-118,2025-02-28 09:50:05.010000+00:00,not_walking,0,random_forest,1,02548893X-118_block_1,temporal_block,15.0,0.06940912331608493,0
04845288Q-121,2025-03-01 11:32:18.010000+00:00,walking,1,random_forest,2,04845288Q-121_block_2,temporal_block,15.0,0.5196478992330675,1
04845288Q-121,2025-03-01 11:32:19.010000+00:00,walking,1,random_forest,2,04845288Q-121_block_2,temporal_block,15.0,0.5601939526965264,1
04845288Q-121,2025-03-01 11:32:20.010000+00:00,walking,1,random_forest,2,04845288Q-121_block_2,temporal_block,15.0,0.2681275492584349,0
04845288Q-121,2025-03-01 11:32:21.010000+00:00,walking,1,random_forest,2,04845288Q-121_block_2,temporal_block,15.0,0.10539317941677305,0
04845288Q-121,2025-03-01 11:32:22.010000+00:00,walking,1,random_forest,2,04845288Q-121_block_2,temporal_block,15.0,0.09352927848836917,0
04845288Q-121,2025-03-01 11:32:23.010000+00:00,walking,1,random_forest,2,04845288Q-121_block_2,temporal_block,15.0,0.10883828906135669,0
04845288Q-121,2025-03-01 11:32:24.010000+00:00,walking,1,random_forest,2,04845288Q-121_block_2,temporal_block,15.0,0.32269060046360243,0
04845288Q-121,2025-03-01 11:32:25.010000+00:00,walking,1,random_forest,2,04845288Q-121_block_2,temporal_block,15.0,0.7130909285726873,1
04845288Q-121,2025-03-01 11:32:26.010000+00:00,walking,1,random_forest,2,04845288Q-121_block_2,temporal_block,15.0,0.807537621362739,1
04845288Q-121,2025-03-01 11:32:27.010000+00:00,walking,1,random_forest,2,04845288Q-121_block_2,temporal_block,15.0,0.582111035130735,1
04845288Q-121,2025-03-01 11:32:28.010000+00:00,walking,1,random_forest,2,04845288Q-121_block_2,temporal_block,15.0,0.7874601404822733,1
04845288Q-121,2025-03-01 11:32:29.010000+00:00,walking,1,random_forest,2,04845288Q-121_block_2,temporal_block,15.0,0.6935306776069045,1
04845288Q-121,2025-03-01 11:32:30.010000+00:00,not_walking,0,random_forest,2,04845288Q-121_block_2,temporal_block,15.0,0.3955311821538322,0
04845288Q-121,2025-03-01 11:32:31.010000+00:00,not_walking,0,random_forest,2,04845288Q-121_block_2,temporal_block,15.0,0.46679694642766395,0
04845288Q-121,2025-03-01 11:32:32.010000+00:00,not_walking,0,random_forest,2,04845288Q-121_block_2,temporal_block,15.0,0.7567453720192028,1
04845288Q-121,2025-03-01 11:32:33.010000+00:00,not_walking,0,random_forest,2,04845288Q-121_block_2,temporal_block,15.0,0.5484008098526298,1
04845288Q-121,2025-03-01 11:32:34.010000+00:00,not_walking,0,random_forest,2,04845288Q-121_block_2,temporal_block,15.0,0.662356127649942,1
04845288Q-121,2025-03-01 11:32:35.010000+00:00,not_walking,0,random_forest,2,04845288Q-121_block_2,temporal_block,15.0,0.49033783830095834,0
04845288Q-121,2025-03-01 11:32:36.010000+00:00,not_walking,0,random_forest,2,04845288Q-121_block_2,temporal_block,15.0,0.7490745674534619,1
04845288Q-121,2025-03-01 11:32:37.010000+00:00,not_walking,0,random_forest,2,04845288Q-121_block_2,temporal_block,15.0,0.6784724250367264,1
04845288Q-121,2025-03-01 11:32:38.010000+00:00,not_walking,0,random_forest,2,04845288Q-121_block_2,temporal_block,15.0,0.36431723340015326,0
04845288Q-121,2025-03-01 11:32:39.010000+00:00,not_walking,0,random_forest,2,04845288Q-121_block_2,temporal_block,15.0,0.17932675245585777,0
04845288Q-121,2025-03-01 11:32:40.010000+00:00,not_walking,0,random_forest,2,04845288Q-121_block_2,temporal_block,15.0,0.06604007748755099,0
04845288Q-121,2025-03-01 11:32:41.010000+00:00,not_walking,0,random_forest,2,04845288Q-121_block_2,temporal_block,15.0,0.08424948617399304,0
04845288Q-121,2025-03-01 11:32:42.010000+00:00,walking,1,random_forest,2,04845288Q-121_block_2,temporal_block,15.0,0.08980168466605948,0
04845288Q-121,2025-03-01 11:32:43.010000+00:00,walking,1,random_forest,2,04845288Q-121_block_2,temporal_block,15.0,0.11835968427762256,0
04845288Q-121,2025-03-01 11:32:44.010000+00:00,walking,1,random_forest,2,04845288Q-121_block_2,temporal_block,15.0,0.10395454118267089,0
04845288Q-121,2025-03-01 11:32:45.010000+00:00,walking,1,random_forest,2,04845288Q-121_block_2,temporal_block,15.0,0.0653711141836402,0
04845288Q-121,2025-03-01 11:32:46.010000+00:00,walking,1,random_forest,2,04845288Q-121_block_2,temporal_block,15.0,0.07556577135575149,0
04845288Q-121,2025-03-01 11:32:47.010000+00:00,walking,1,random_forest,2,04845288Q-121_block_2,temporal_block,15.0,0.08298901388806118,0
04845288Q-121,2025-03-01 11:32:48.010000+00:00,walking,1,random_forest,2,04845288Q-121_block_2,temporal_block,15.0,0.06934940419476696,0
04845288Q-121,2025-03-01 11:32:49.010000+00:00,not_walking,0,random_forest,2,04845288Q-121_block_2,temporal_block,15.0,0.4020368697741903,0
04845288Q-121,2025-03-01 11:32:50.010000+00:00,not_walking,0,random_forest,2,04845288Q-121_block_2,temporal_block,15.0,0.6810689934441595,1
04845288Q-121,2025-03-01 11:32:51.010000+00:00,not_walking,0,random_forest,2,04845288Q-121_block_2,temporal_block,15.0,0.5088710113450862,1
04845288Q-121,2025-03-01 11:32:52.010000+00:00,not_walking,0,random_forest,2,04845288Q-121_block_2,temporal_block,15.0,0.5572599030265654,1
04845288Q-121,2025-03-01 11:32:53.010000+00:00,not_walking,0,random_forest,2,04845288Q-121_block_2,temporal_block,15.0,0.7090015400581247,1
04845288Q-121,2025-03-01 11:32:54.010000+00:00,not_walking,0,random_forest,2,04845288Q-121_block_2,temporal_block,15.0,0.8124388864480456,1
04845288Q-121,2025-03-01 11:32:55.010000+00:00,not_walking,0,random_forest,2,04845288Q-121_block_2,temporal_block,15.0,0.5431249223516281,1
04845288Q-121,2025-03-01 11:32:56.010000+00:00,not_walking,0,random_forest,2,04845288Q-121_block_2,temporal_block,15.0,0.17030212692331395,0
04845288Q-121,2025-03-01 11:32:57.010000+00:00,not_walking,0,random_forest,2,04845288Q-121_block_2,temporal_block,15.0,0.14243893015974388,0
04845288Q-121,2025-03-01 11:32:58.010000+00:00,not_walking,0,random_forest,2,04845288Q-121_block_2,temporal_block,15.0,0.13714753566058224,0
04845288Q-121,2025-03-01 11:32:59.010000+00:00,not_walking,0,random_forest,2,04845288Q-121_block_2,temporal_block,15.0,0.19042451137587177,0
04845288Q-121,2025-03-01 11:33:00.010000+00:00,not_walking,0,random_forest,2,04845288Q-121_block_2,temporal_block,15.0,0.1499474476222164,0
04845288Q-121,2025-03-01 11:33:01.010000+00:00,not_walking,0,random_forest,2,04845288Q-121_block_2,temporal_block,15.0,0.10834902336061773,0
04845288Q-121,2025-03-01 11:33:02.010000+00:00,not_walking,0,random_forest,2,04845288Q-121_block_2,temporal_block,15.0,0.17436914314064084,0
04845288Q-121,2025-03-01 11:33:03.010000+00:00,not_walking,0,random_forest,2,04845288Q-121_block_2,temporal_block,15.0,0.6299805584438839,1
04845288Q-121,2025-03-01 11:33:04.010000+00:00,not_walking,0,random_forest,2,04845288Q-121_block_2,temporal_block,15.0,0.6904337703191584,1
04845288Q-121,2025-03-01 11:33:09.010000+00:00,not_walking,0,random_forest,2,04845288Q-121_block_2,temporal_block,15.0,0.5139828008989117,1
04845288Q-121,2025-03-01 11:33:10.010000+00:00,not_walking,0,random_forest,2,04845288Q-121_block_2,temporal_block,15.0,0.6688332623945761,1
04845288Q-121,2025-03-01 11:33:11.010000+00:00,not_walking,0,random_forest,2,04845288Q-121_block_2,temporal_block,15.0,0.1505053796102167,0
04845288Q-121,2025-03-01 11:33:12.010000+00:00,not_walking,0,random_forest,2,04845288Q-121_block_2,temporal_block,15.0,0.10446485538457463,0
04845288Q-121,2025-03-01 11:33:13.010000+00:00,not_walking,0,random_forest,2,04845288Q-121_block_2,temporal_block,15.0,0.1101129265653925,0
04845288Q-121,2025-03-01 11:33:14.010000+00:00,not_walking,0,random_forest,2,04845288Q-121_block_2,temporal_block,15.0,0.09420489283320398,0
04845288Q-121,2025-03-01 11:33:15.010000+00:00,not_walking,0,random_forest,2,04845288Q-121_block_2,temporal_block,15.0,0.07611838732974331,0
04845288Q-121,2025-03-01 11:33:16.010000+00:00,not_walking,0,random_forest,2,04845288Q-121_block_2,temporal_block,15.0,0.0840945538685065,0
04845288Q-121,2025-03-01 11:33:17.010000+00:00,not_walking,0,random_forest,2,04845288Q-121_block_2,temporal_block,15.0,0.0720466949656212,0
04845288Q-121,2025-03-01 11:33:18.010000+00:00,not_walking,0,random_forest,2,04845288Q-121_block_2,temporal_block,15.0,0.05548447247239707,0
04845288Q-121,2025-03-01 11:33:19.010000+00:00,not_walking,0,random_forest,2,04845288Q-121_block_2,temporal_block,15.0,0.10638304704954799,0
04845288Q-121,2025-03-01 11:33:20.010000+00:00,not_walking,0,random_forest,2,04845288Q-121_block_2,temporal_block,15.0,0.0726773547926236,0
04845288Q-121,2025-03-01 11:33:21.010000+00:00,not_walking,0,random_forest,2,04845288Q-121_block_2,temporal_block,15.0,0.08340918273717887,0
04845288Q-121,2025-03-01 11:33:22.010000+00:00,not_walking,0,random_forest,2,04845288Q-121_block_2,temporal_block,15.0,0.07531653773327351,0
04845288Q-121,2025-03-01 11:33:23.010000+00:00,not_walking,0,random_forest,2,04845288Q-121_block_2,temporal_block,15.0,0.13317493862093863,0
04845288Q-121,2025-03-01 11:33:24.010000+00:00,not_walking,0,random_forest,2,04845288Q-121_block_2,temporal_block,15.0,0.4721943551382741,0
04845288Q-121,2025-03-01 11:33:25.010000+00:00,not_walking,0,random_forest,2,04845288Q-121_block_2,temporal_block,15.0,0.6276770356869026,1
04845288Q-121,2025-03-01 11:33:26.010000+00:00,not_walking,0,random_forest,2,04845288Q-121_block_2,temporal_block,15.0,0.6988385444794896,1
04845288Q-121,2025-03-01 11:33:27.010000+00:00,not_walking,0,random_forest,2,04845288Q-121_block_2,temporal_block,15.0,0.7283242066244578,1
04845288Q-121,2025-03-01 11:33:28.010000+00:00,not_walking,0,random_forest,2,04845288Q-121_block_2,temporal_block,15.0,0.4947047265103247,0
04845288Q-121,2025-03-01 11:33:29.010000+00:00,not_walking,0,random_forest,2,04845288Q-121_block_2,temporal_block,15.0,0.20929010455989008,0
04845288Q-121,2025-03-01 11:33:30.010000+00:00,not_walking,0,random_forest,2,04845288Q-121_block_2,temporal_block,15.0,0.4486801661164363,0
04845288Q-121,2025-03-01 11:33:31.010000+00:00,not_walking,0,random_forest,2,04845288Q-121_block_2,temporal_block,15.0,0.8005892117946758,1
04845288Q-121,2025-03-01 11:33:32.010000+00:00,not_walking,0,random_forest,2,04845288Q-121_block_2,temporal_block,15.0,0.25744010023372627,0
04845288Q-121,2025-03-01 11:33:33.010000+00:00,not_walking,0,random_forest,2,04845288Q-121_block_2,temporal_block,15.0,0.11119985577427723,0
04845288Q-121,2025-03-01 11:33:34.010000+00:00,not_walking,0,random_forest,2,04845288Q-121_block_2,temporal_block,15.0,0.1720374313391706,0
04845288Q-121,2025-03-01 11:33:35.010000+00:00,not_walking,0,random_forest,2,04845288Q-121_block_2,temporal_block,15.0,0.128723980358131,0
04845288Q-121,2025-03-01 11:33:36.010000+00:00,not_walking,0,random_forest,2,04845288Q-121_block_2,temporal_block,15.0,0.16455434358997945,0
04845288Q-121,2025-03-01 11:33:37.010000+00:00,not_walking,0,random_forest,2,04845288Q-121_block_2,temporal_block,15.0,0.1823067516282763,0
04845288Q-121,2025-03-01 11:33:38.010000+00:00,not_walking,0,random_forest,2,04845288Q-121_block_2,temporal_block,15.0,0.1755307756067766,0
04845288Q-121,2025-03-01 11:33:39.010000+00:00,not_walking,0,random_forest,2,04845288Q-121_block_2,temporal_block,15.0,0.11947723023242086,0
04845288Q-121,2025-03-01 11:33:40.010000+00:00,not_walking,0,random_forest,2,04845288Q-121_block_2,temporal_block,15.0,0.10965860061632149,0
04845288Q-121,2025-03-01 11:33:41.010000+00:00,not_walking,0,random_forest,2,04845288Q-121_block_2,temporal_block,15.0,0.10828627054981918,0
04845288Q-121,2025-03-01 11:33:42.010000+00:00,not_walking,0,random_forest,2,04845288Q-121_block_2,temporal_block,15.0,0.15156235078031235,0
04845288Q-121,2025-03-01 11:33:43.010000+00:00,not_walking,0,random_forest,2,04845288Q-121_block_2,temporal_block,15.0,0.09909691219205412,0
04845288Q-121,2025-03-01 11:33:44.010000+00:00,not_walking,0,random_forest,2,04845288Q-121_block_2,temporal_block,15.0,0.10929117779010605,0
04845288Q-121,2025-03-01 11:33:45.010000+00:00,not_walking,0,random_forest,2,04845288Q-121_block_2,temporal_block,15.0,0.4578481675506422,0
04845288Q-121,2025-03-01 11:33:46.010000+00:00,not_walking,0,random_forest,2,04845288Q-121_block_2,temporal_block,15.0,0.619867862945999,1
04845288Q-121,2025-03-01 11:33:47.010000+00:00,not_walking,0,random_forest,2,04845288Q-121_block_2,temporal_block,15.0,0.7159306989897487,1
04845288Q-121,2025-03-01 11:33:48.010000+00:00,not_walking,0,random_forest,2,04845288Q-121_block_2,temporal_block,15.0,0.5550920273602734,1
04845288Q-121,2025-03-01 11:33:49.010000+00:00,not_walking,0,random_forest,2,04845288Q-121_block_2,temporal_block,15.0,0.34407012431121065,0
04845288Q-121,2025-03-01 11:33:50.010000+00:00,not_walking,0,random_forest,2,04845288Q-121_block_2,temporal_block,15.0,0.1500909130799958,0
04845288Q-121,2025-03-01 11:33:51.010000+00:00,not_walking,0,random_forest,2,04845288Q-121_block_2,temporal_block,15.0,0.5032143662818459,1
04845288Q-121,2025-03-01 11:33:52.010000+00:00,not_walking,0,random_forest,2,04845288Q-121_block_2,temporal_block,15.0,0.16809685206751177,0
04845288Q-121,2025-03-01 11:33:53.010000+00:00,not_walking,0,random_forest,2,04845288Q-121_block_2,temporal_block,15.0,0.14202453413261204,0
04845288Q-121,2025-03-01 11:33:54.010000+00:00,not_walking,0,random_forest,2,04845288Q-121_block_2,temporal_block,15.0,0.20165855332403462,0
04845288Q-121,2025-03-01 11:33:55.010000+00:00,not_walking,0,random_forest,2,04845288Q-121_block_2,temporal_block,15.0,0.16430238923698573,0
04845288Q-121,2025-03-01 11:33:56.010000+00:00,not_walking,0,random_forest,2,04845288Q-121_block_2,temporal_block,15.0,0.21114377707510879,0
04845288Q-121,2025-03-01 11:33:57.010000+00:00,not_walking,0,random_forest,2,04845288Q-121_block_2,temporal_block,15.0,0.3748492215567494,0
04845288Q-121,2025-03-01 11:33:58.010000+00:00,not_walking,0,random_forest,2,04845288Q-121_block_2,temporal_block,15.0,0.6483285566339619,1
04845288Q-121,2025-03-01 11:33:59.010000+00:00,not_walking,0,random_forest,2,04845288Q-121_block_2,temporal_block,15.0,0.5072985592343549,1
04845288Q-121,2025-03-01 11:34:00.010000+00:00,not_walking,0,random_forest,2,04845288Q-121_block_2,temporal_block,15.0,0.07508994962110957,0
04845288Q-121,2025-03-01 11:34:01.010000+00:00,not_walking,0,random_forest,2,04845288Q-121_block_2,temporal_block,15.0,0.10224394484102389,0
04845288Q-121,2025-03-01 11:34:02.010000+00:00,not_walking,0,random_forest,2,04845288Q-121_block_2,temporal_block,15.0,0.5538259380371153,1
04845288Q-121,2025-03-01 11:34:03.010000+00:00,not_walking,0,random_forest,2,04845288Q-121_block_2,temporal_block,15.0,0.6777528463751091,1
04845288Q-121,2025-03-01 11:34:04.010000+00:00,not_walking,0,random_forest,2,04845288Q-121_block_2,temporal_block,15.0,0.4626767427600272,0
04845288Q-121,2025-03-01 11:34:05.010000+00:00,not_walking,0,random_forest,2,04845288Q-121_block_2,temporal_block,15.0,0.09222149004335584,0
04845288Q-121,2025-03-01 11:34:06.010000+00:00,not_walking,0,random_forest,2,04845288Q-121_block_2,temporal_block,15.0,0.13793039026601078,0
04845288Q-121,2025-03-01 11:34:07.010000+00:00,not_walking,0,random_forest,2,04845288Q-121_block_2,temporal_block,15.0,0.13334442680986305,0
04845288Q-121,2025-03-01 11:34:08.010000+00:00,not_walking,0,random_forest,2,04845288Q-121_block_2,temporal_block,15.0,0.15004058452897573,0
04845288Q-121,2025-03-01 11:34:09.010000+00:00,not_walking,0,random_forest,2,04845288Q-121_block_2,temporal_block,15.0,0.13907123618194894,0
04845288Q-121,2025-03-01 11:34:10.010000+00:00,not_walking,0,random_forest,2,04845288Q-121_block_2,temporal_block,15.0,0.1351452553290361,0
04845288Q-121,2025-03-01 11:34:11.010000+00:00,not_walking,0,random_forest,2,04845288Q-121_block_2,temporal_block,15.0,0.11359777432931063,0
04845288Q-121,2025-03-01 11:34:12.010000+00:00,not_walking,0,random_forest,2,04845288Q-121_block_2,temporal_block,15.0,0.111853882025513,0
04845288Q-121,2025-03-01 11:34:13.010000+00:00,not_walking,0,random_forest,2,04845288Q-121_block_2,temporal_block,15.0,0.09568005764946949,0
04845288Q-121,2025-03-01 11:34:14.010000+00:00,not_walking,0,random_forest,2,04845288Q-121_block_2,temporal_block,15.0,0.4089027399814322,0
04845288Q-121,2025-03-01 11:34:15.010000+00:00,not_walking,0,random_forest,2,04845288Q-121_block_2,temporal_block,15.0,0.3992777012899927,0
04845288Q-121,2025-03-01 11:34:16.010000+00:00,not_walking,0,random_forest,2,04845288Q-121_block_2,temporal_block,15.0,0.1778189208703359,0
04845288Q-121,2025-03-01 11:34:17.010000+00:00,not_walking,0,random_forest,2,04845288Q-121_block_2,temporal_block,15.0,0.268536581568771,0
04845288Q-121,2025-03-01 11:34:18.010000+00:00,not_walking,0,random_forest,2,04845288Q-121_block_2,temporal_block,15.0,0.1575543047471512,0
04845288Q-121,2025-03-01 11:34:19.010000+00:00,not_walking,0,random_forest,2,04845288Q-121_block_2,temporal_block,15.0,0.09882960325896795,0
04845288Q-121,2025-03-01 11:34:20.010000+00:00,not_walking,0,random_forest,2,04845288Q-121_block_2,temporal_block,15.0,0.14750617488512113,0
04845288Q-121,2025-03-01 11:34:21.010000+00:00,not_walking,0,random_forest,2,04845288Q-121_block_2,temporal_block,15.0,0.0734479839889055,0
04845288Q-121,2025-03-01 11:34:22.010000+00:00,not_walking,0,random_forest,2,04845288Q-121_block_2,temporal_block,15.0,0.12837636848217254,0
04845288Q-121,2025-03-01 11:34:23.010000+00:00,not_walking,0,random_forest,2,04845288Q-121_block_2,temporal_block,15.0,0.1042688703937631,0
04845288Q-121,2025-03-01 11:34:24.010000+00:00,not_walking,0,random_forest,2,04845288Q-121_block_2,temporal_block,15.0,0.12956763051512257,0
04845288Q-121,2025-03-01 11:34:25.010000+00:00,not_walking,0,random_forest,2,04845288Q-121_block_2,temporal_block,15.0,0.09281331219457233,0
04845288Q-121,2025-03-01 11:34:26.010000+00:00,not_walking,0,random_forest,2,04845288Q-121_block_2,temporal_block,15.0,0.19205372313076818,0
04845288Q-121,2025-03-01 11:34:27.010000+00:00,not_walking,0,random_forest,2,04845288Q-121_block_2,temporal_block,15.0,0.5337952487822538,1
04845288Q-121,2025-03-01 11:34:28.010000+00:00,not_walking,0,random_forest,2,04845288Q-121_block_2,temporal_block,15.0,0.7446789334835372,1
04845288Q-121,2025-03-01 11:34:29.010000+00:00,not_walking,0,random_forest,2,04845288Q-121_block_2,temporal_block,15.0,0.8593530780337214,1
04845288Q-121,2025-03-01 11:34:30.010000+00:00,not_walking,0,random_forest,2,04845288Q-121_block_2,temporal_block,15.0,0.5592844248915984,1
04845288Q-121,2025-03-01 11:34:31.010000+00:00,not_walking,0,random_forest,2,04845288Q-121_block_2,temporal_block,15.0,0.3830310268302177,0
04845288Q-121,2025-03-01 11:34:32.010000+00:00,not_walking,0,random_forest,2,04845288Q-121_block_2,temporal_block,15.0,0.4099117910322722,0
04845288Q-121,2025-03-01 11:34:33.010000+00:00,not_walking,0,random_forest,2,04845288Q-121_block_2,temporal_block,15.0,0.2859971631092989,0
04845288Q-121,2025-03-01 11:34:34.010000+00:00,not_walking,0,random_forest,2,04845288Q-121_block_2,temporal_block,15.0,0.4906440635867335,0
04845288Q-121,2025-03-01 11:34:35.010000+00:00,not_walking,0,random_forest,2,04845288Q-121_block_2,temporal_block,15.0,0.11332017593410951,0
04845288Q-121,2025-03-01 11:34:36.010000+00:00,not_walking,0,random_forest,2,04845288Q-121_block_2,temporal_block,15.0,0.11863035057545633,0
04845288Q-121,2025-03-01 11:34:37.010000+00:00,not_walking,0,random_forest,2,04845288Q-121_block_2,temporal_block,15.0,0.11516782343465247,0
04845288Q-121,2025-03-01 11:34:38.010000+00:00,not_walking,0,random_forest,2,04845288Q-121_block_2,temporal_block,15.0,0.09881176406163016,0
04845288Q-121,2025-03-01 11:34:39.010000+00:00,not_walking,0,random_forest,2,04845288Q-121_block_2,temporal_block,15.0,0.11149944755975469,0
04845288Q-121,2025-03-01 11:34:40.010000+00:00,not_walking,0,random_forest,2,04845288Q-121_block_2,temporal_block,15.0,0.10518426898765004,0
04845288Q-121,2025-03-01 11:34:41.010000+00:00,not_walking,0,random_forest,2,04845288Q-121_block_2,temporal_block,15.0,0.09686072053721362,0
04845288Q-121,2025-03-01 11:34:42.010000+00:00,not_walking,0,random_forest,2,04845288Q-121_block_2,temporal_block,15.0,0.10095346550049887,0
04845288Q-121,2025-03-01 11:34:43.010000+00:00,not_walking,0,random_forest,2,04845288Q-121_block_2,temporal_block,15.0,0.12086692905008635,0
04845288Q-121,2025-03-01 11:34:44.010000+00:00,not_walking,0,random_forest,2,04845288Q-121_block_2,temporal_block,15.0,0.16258745765933416,0
04845288Q-121,2025-03-01 11:34:45.010000+00:00,not_walking,0,random_forest,2,04845288Q-121_block_2,temporal_block,15.0,0.20560673654266706,0
04845288Q-121,2025-03-01 11:34:46.010000+00:00,not_walking,0,random_forest,2,04845288Q-121_block_2,temporal_block,15.0,0.1414070006940631,0
04845288Q-121,2025-03-01 11:34:47.010000+00:00,not_walking,0,random_forest,2,04845288Q-121_block_2,temporal_block,15.0,0.12335183659935182,0
04845288Q-121,2025-03-01 11:34:48.010000+00:00,not_walking,0,random_forest,2,04845288Q-121_block_2,temporal_block,15.0,0.12060588090389392,0
04845288Q-121,2025-03-01 11:34:49.010000+00:00,not_walking,0,random_forest,2,04845288Q-121_block_2,temporal_block,15.0,0.10027042302072951,0
04845288Q-121,2025-03-01 11:34:59.010000+00:00,not_walking,0,random_forest,3,04845288Q-121_block_3,temporal_block,15.0,0.20025030021774087,0
04845288Q-121,2025-03-01 11:35:00.010000+00:00,not_walking,0,random_forest,3,04845288Q-121_block_3,temporal_block,15.0,0.3051467335354006,0
04845288Q-121,2025-03-01 11:35:01.010000+00:00,not_walking,0,random_forest,3,04845288Q-121_block_3,temporal_block,15.0,0.6325893781861102,1
04845288Q-121,2025-03-01 11:35:02.010000+00:00,not_walking,0,random_forest,3,04845288Q-121_block_3,temporal_block,15.0,0.696328531210717,1
04845288Q-121,2025-03-01 11:35:03.010000+00:00,not_walking,0,random_forest,3,04845288Q-121_block_3,temporal_block,15.0,0.7188560002298239,1
04845288Q-121,2025-03-01 11:35:04.010000+00:00,not_walking,0,random_forest,3,04845288Q-121_block_3,temporal_block,15.0,0.7079043860972346,1
04845288Q-121,2025-03-01 11:35:05.010000+00:00,not_walking,0,random_forest,3,04845288Q-121_block_3,temporal_block,15.0,0.5868174376032161,1
04845288Q-121,2025-03-01 11:35:06.010000+00:00,not_walking,0,random_forest,3,04845288Q-121_block_3,temporal_block,15.0,0.5595259517954002,1
04845288Q-121,2025-03-01 11:35:07.010000+00:00,not_walking,0,random_forest,3,04845288Q-121_block_3,temporal_block,15.0,0.1901086614343246,0
04845288Q-121,2025-03-01 11:35:08.010000+00:00,not_walking,0,random_forest,3,04845288Q-121_block_3,temporal_block,15.0,0.05675699891589389,0
04845288Q-121,2025-03-01 11:35:09.010000+00:00,not_walking,0,random_forest,3,04845288Q-121_block_3,temporal_block,15.0,0.23698459703902264,0
04845288Q-121,2025-03-01 11:35:10.010000+00:00,not_walking,0,random_forest,3,04845288Q-121_block_3,temporal_block,15.0,0.6109175258419797,1
04845288Q-121,2025-03-01 11:35:11.010000+00:00,not_walking,0,random_forest,3,04845288Q-121_block_3,temporal_block,15.0,0.6246315208182803,1
04845288Q-121,2025-03-01 11:35:12.010000+00:00,not_walking,0,random_forest,3,04845288Q-121_block_3,temporal_block,15.0,0.49484586263855024,0
04845288Q-121,2025-03-01 11:35:13.010000+00:00,not_walking,0,random_forest,3,04845288Q-121_block_3,temporal_block,15.0,0.3442677040910139,0
04845288Q-121,2025-03-01 11:35:14.010000+00:00,not_walking,0,random_forest,3,04845288Q-121_block_3,temporal_block,15.0,0.20488183927893827,0
04845288Q-121,2025-03-01 11:35:15.010000+00:00,not_walking,0,random_forest,3,04845288Q-121_block_3,temporal_block,15.0,0.10307290531839655,0
04845288Q-121,2025-03-01 11:35:16.010000+00:00,not_walking,0,random_forest,3,04845288Q-121_block_3,temporal_block,15.0,0.10788214694453935,0
04845288Q-121,2025-03-01 11:35:17.010000+00:00,not_walking,0,random_forest,3,04845288Q-121_block_3,temporal_block,15.0,0.09272380304481033,0
04845288Q-121,2025-03-01 11:35:18.010000+00:00,not_walking,0,random_forest,3,04845288Q-121_block_3,temporal_block,15.0,0.13244010908359605,0
04845288Q-121,2025-03-01 11:35:19.010000+00:00,not_walking,0,random_forest,3,04845288Q-121_block_3,temporal_block,15.0,0.3739549783672787,0
04845288Q-121,2025-03-01 11:35:20.010000+00:00,not_walking,0,random_forest,3,04845288Q-121_block_3,temporal_block,15.0,0.17238468491810036,0
04845288Q-121,2025-03-01 11:35:21.010000+00:00,not_walking,0,random_forest,3,04845288Q-121_block_3,temporal_block,15.0,0.07208907345230263,0
04845288Q-121,2025-03-01 11:35:22.010000+00:00,not_walking,0,random_forest,3,04845288Q-121_block_3,temporal_block,15.0,0.06526240348470232,0
04845288Q-121,2025-03-01 11:35:23.010000+00:00,not_walking,0,random_forest,3,04845288Q-121_block_3,temporal_block,15.0,0.054897641189273566,0
04845288Q-121,2025-03-01 11:35:24.010000+00:00,not_walking,0,random_forest,3,04845288Q-121_block_3,temporal_block,15.0,0.05980748090718626,0
04845288Q-121,2025-03-01 11:35:25.010000+00:00,not_walking,0,random_forest,3,04845288Q-121_block_3,temporal_block,15.0,0.0645319458043694,0
04845288Q-121,2025-03-01 11:35:26.010000+00:00,not_walking,0,random_forest,3,04845288Q-121_block_3,temporal_block,15.0,0.06742493661040835,0
04845288Q-121,2025-03-01 11:35:27.010000+00:00,not_walking,0,random_forest,3,04845288Q-121_block_3,temporal_block,15.0,0.07401434298098623,0
04845288Q-121,2025-03-01 11:35:28.010000+00:00,not_walking,0,random_forest,3,04845288Q-121_block_3,temporal_block,15.0,0.06515580799898255,0
04845288Q-121,2025-03-01 11:35:29.010000+00:00,not_walking,0,random_forest,3,04845288Q-121_block_3,temporal_block,15.0,0.0821988605487078,0
04845288Q-121,2025-03-01 11:35:30.010000+00:00,not_walking,0,random_forest,3,04845288Q-121_block_3,temporal_block,15.0,0.20220730310502186,0
04845288Q-121,2025-03-01 11:35:31.010000+00:00,not_walking,0,random_forest,3,04845288Q-121_block_3,temporal_block,15.0,0.5364714913742495,1
04845288Q-121,2025-03-01 11:35:33.010000+00:00,walking,1,random_forest,3,04845288Q-121_block_3,temporal_block,15.0,0.5371692502353947,1
04845288Q-121,2025-03-01 11:35:34.010000+00:00,walking,1,random_forest,3,04845288Q-121_block_3,temporal_block,15.0,0.1802469615454023,0
04845288Q-121,2025-03-01 11:35:35.010000+00:00,walking,1,random_forest,3,04845288Q-121_block_3,temporal_block,15.0,0.550316767242148,1
04845288Q-121,2025-03-01 11:35:36.010000+00:00,walking,1,random_forest,3,04845288Q-121_block_3,temporal_block,15.0,0.4786618547213134,0
04845288Q-121,2025-03-01 11:35:37.010000+00:00,walking,1,random_forest,3,04845288Q-121_block_3,temporal_block,15.0,0.1896036902253214,0
04845288Q-121,2025-03-01 11:35:38.010000+00:00,walking,1,random_forest,3,04845288Q-121_block_3,temporal_block,15.0,0.15298212485092966,0
04845288Q-121,2025-03-01 11:35:39.010000+00:00,walking,1,random_forest,3,04845288Q-121_block_3,temporal_block,15.0,0.07477376104306956,0
04845288Q-121,2025-03-01 11:35:40.010000+00:00,walking,1,random_forest,3,04845288Q-121_block_3,temporal_block,15.0,0.07000390122325265,0
04845288Q-121,2025-03-01 11:35:41.010000+00:00,walking,1,random_forest,3,04845288Q-121_block_3,temporal_block,15.0,0.0970813211431688,0
04845288Q-121,2025-03-01 11:35:42.010000+00:00,walking,1,random_forest,3,04845288Q-121_block_3,temporal_block,15.0,0.12307768184687373,0
04845288Q-121,2025-03-01 11:35:43.010000+00:00,walking,1,random_forest,3,04845288Q-121_block_3,temporal_block,15.0,0.12076251824248264,0
04845288Q-121,2025-03-01 11:35:45.010000+00:00,not_walking,0,random_forest,3,04845288Q-121_block_3,temporal_block,15.0,0.11202277613731944,0
04845288Q-121,2025-03-01 11:35:46.010000+00:00,not_walking,0,random_forest,3,04845288Q-121_block_3,temporal_block,15.0,0.11908869497630212,0
04845288Q-121,2025-03-01 11:35:47.010000+00:00,not_walking,0,random_forest,3,04845288Q-121_block_3,temporal_block,15.0,0.5798500736049687,1
04845288Q-121,2025-03-01 11:35:48.010000+00:00,not_walking,0,random_forest,3,04845288Q-121_block_3,temporal_block,15.0,0.9222844691123968,1
04845288Q-121,2025-03-01 11:35:49.010000+00:00,not_walking,0,random_forest,3,04845288Q-121_block_3,temporal_block,15.0,0.5943474405676025,1
04845288Q-121,2025-03-01 11:35:50.010000+00:00,not_walking,0,random_forest,3,04845288Q-121_block_3,temporal_block,15.0,0.6780784496189701,1
04845288Q-121,2025-03-01 11:35:51.010000+00:00,not_walking,0,random_forest,3,04845288Q-121_block_3,temporal_block,15.0,0.6566417456312205,1
04845288Q-121,2025-03-01 11:35:52.010000+00:00,not_walking,0,random_forest,3,04845288Q-121_block_3,temporal_block,15.0,0.5867633191239376,1
04845288Q-121,2025-03-01 11:35:53.010000+00:00,not_walking,0,random_forest,3,04845288Q-121_block_3,temporal_block,15.0,0.8934605823229085,1
04845288Q-121,2025-03-01 11:35:54.010000+00:00,not_walking,0,random_forest,3,04845288Q-121_block_3,temporal_block,15.0,0.7804740962488712,1
04845288Q-121,2025-03-01 11:35:55.010000+00:00,not_walking,0,random_forest,3,04845288Q-121_block_3,temporal_block,15.0,0.4673089537071445,0
04845288Q-121,2025-03-01 11:35:56.010000+00:00,not_walking,0,random_forest,3,04845288Q-121_block_3,temporal_block,15.0,0.392275430261528,0
04845288Q-121,2025-03-01 11:35:57.010000+00:00,not_walking,0,random_forest,3,04845288Q-121_block_3,temporal_block,15.0,0.8134832443831538,1
04845288Q-121,2025-03-01 11:35:58.010000+00:00,not_walking,0,random_forest,3,04845288Q-121_block_3,temporal_block,15.0,0.7752305718687375,1
04845288Q-121,2025-03-01 11:35:59.010000+00:00,not_walking,0,random_forest,3,04845288Q-121_block_3,temporal_block,15.0,0.7054623011177965,1
04845288Q-121,2025-03-01 11:36:00.010000+00:00,not_walking,0,random_forest,3,04845288Q-121_block_3,temporal_block,15.0,0.565195813010984,1
04845288Q-121,2025-03-01 11:36:01.010000+00:00,not_walking,0,random_forest,3,04845288Q-121_block_3,temporal_block,15.0,0.6611580165334768,1
04845288Q-121,2025-03-01 11:36:02.010000+00:00,not_walking,0,random_forest,3,04845288Q-121_block_3,temporal_block,15.0,0.5304920206690447,1
04845288Q-121,2025-03-01 11:36:03.010000+00:00,not_walking,0,random_forest,3,04845288Q-121_block_3,temporal_block,15.0,0.4884238066755446,0
04845288Q-121,2025-03-01 11:36:04.010000+00:00,not_walking,0,random_forest,3,04845288Q-121_block_3,temporal_block,15.0,0.8277780991436118,1
04845288Q-121,2025-03-01 11:36:05.010000+00:00,not_walking,0,random_forest,3,04845288Q-121_block_3,temporal_block,15.0,0.5346129409855563,1
04845288Q-121,2025-03-01 11:36:06.010000+00:00,not_walking,0,random_forest,3,04845288Q-121_block_3,temporal_block,15.0,0.8215383258348036,1
04845288Q-121,2025-03-01 11:36:07.010000+00:00,not_walking,0,random_forest,3,04845288Q-121_block_3,temporal_block,15.0,0.7656010922418751,1
04845288Q-121,2025-03-01 11:36:08.010000+00:00,not_walking,0,random_forest,3,04845288Q-121_block_3,temporal_block,15.0,0.6140805790944411,1
04845288Q-121,2025-03-01 11:36:09.010000+00:00,not_walking,0,random_forest,3,04845288Q-121_block_3,temporal_block,15.0,0.7637660392719009,1
04845288Q-121,2025-03-01 11:36:10.010000+00:00,not_walking,0,random_forest,3,04845288Q-121_block_3,temporal_block,15.0,0.5090240561383286,1
04845288Q-121,2025-03-01 11:36:11.010000+00:00,not_walking,0,random_forest,3,04845288Q-121_block_3,temporal_block,15.0,0.7973281056619546,1
04845288Q-121,2025-03-01 11:36:12.010000+00:00,not_walking,0,random_forest,3,04845288Q-121_block_3,temporal_block,15.0,0.07165797816448402,0
04845288Q-121,2025-03-01 11:36:13.010000+00:00,not_walking,0,random_forest,3,04845288Q-121_block_3,temporal_block,15.0,0.05620258630885468,0
04845288Q-121,2025-03-01 11:36:14.010000+00:00,not_walking,0,random_forest,3,04845288Q-121_block_3,temporal_block,15.0,0.20387421020275937,0
04845288Q-121,2025-03-01 11:36:15.010000+00:00,not_walking,0,random_forest,3,04845288Q-121_block_3,temporal_block,15.0,0.7637174243998336,1
04845288Q-121,2025-03-01 11:36:16.010000+00:00,not_walking,0,random_forest,3,04845288Q-121_block_3,temporal_block,15.0,0.7716485766582539,1
04845288Q-121,2025-03-01 11:36:17.010000+00:00,not_walking,0,random_forest,3,04845288Q-121_block_3,temporal_block,15.0,0.7668954467703685,1
04845288Q-121,2025-03-01 11:36:18.010000+00:00,not_walking,0,random_forest,3,04845288Q-121_block_3,temporal_block,15.0,0.7932573539796512,1
04845288Q-121,2025-03-01 11:36:19.010000+00:00,not_walking,0,random_forest,3,04845288Q-121_block_3,temporal_block,15.0,0.7618928116191344,1
04845288Q-121,2025-03-01 11:36:20.010000+00:00,not_walking,0,random_forest,3,04845288Q-121_block_3,temporal_block,15.0,0.7777889339303896,1
04845288Q-121,2025-03-01 11:36:21.010000+00:00,not_walking,0,random_forest,3,04845288Q-121_block_3,temporal_block,15.0,0.8059868621227645,1
04845288Q-121,2025-03-01 11:36:22.010000+00:00,not_walking,0,random_forest,3,04845288Q-121_block_3,temporal_block,15.0,0.8085634713071203,1
04845288Q-121,2025-03-01 11:36:23.010000+00:00,not_walking,0,random_forest,3,04845288Q-121_block_3,temporal_block,15.0,0.7967591723340358,1
04845288Q-121,2025-03-01 11:36:24.010000+00:00,not_walking,0,random_forest,3,04845288Q-121_block_3,temporal_block,15.0,0.7748973625644511,1
04845288Q-121,2025-03-01 11:36:25.010000+00:00,not_walking,0,random_forest,3,04845288Q-121_block_3,temporal_block,15.0,0.770387040299442,1
04845288Q-121,2025-03-01 11:36:26.010000+00:00,not_walking,0,random_forest,3,04845288Q-121_block_3,temporal_block,15.0,0.7739573446821358,1
04845288Q-121,2025-03-01 11:36:27.010000+00:00,not_walking,0,random_forest,3,04845288Q-121_block_3,temporal_block,15.0,0.7648124801892138,1
04845288Q-121,2025-03-01 11:36:28.010000+00:00,not_walking,0,random_forest,3,04845288Q-121_block_3,temporal_block,15.0,0.7952221567687138,1
04845288Q-121,2025-03-01 11:36:29.010000+00:00,not_walking,0,random_forest,3,04845288Q-121_block_3,temporal_block,15.0,0.7942708742301571,1
04845288Q-121,2025-03-01 11:36:30.010000+00:00,not_walking,0,random_forest,3,04845288Q-121_block_3,temporal_block,15.0,0.7591660579085101,1
04845288Q-121,2025-03-01 11:36:31.010000+00:00,not_walking,0,random_forest,3,04845288Q-121_block_3,temporal_block,15.0,0.7865139002525431,1
04845288Q-121,2025-03-01 11:36:32.010000+00:00,not_walking,0,random_forest,3,04845288Q-121_block_3,temporal_block,15.0,0.7963539984283263,1
04845288Q-121,2025-03-01 11:36:33.010000+00:00,not_walking,0,random_forest,3,04845288Q-121_block_3,temporal_block,15.0,0.7894359919581759,1
04845288Q-121,2025-03-01 11:36:34.010000+00:00,not_walking,0,random_forest,3,04845288Q-121_block_3,temporal_block,15.0,0.7799915620068929,1
04845288Q-121,2025-03-01 11:36:35.010000+00:00,not_walking,0,random_forest,3,04845288Q-121_block_3,temporal_block,15.0,0.764381139633684,1
04845288Q-121,2025-03-01 11:36:36.010000+00:00,not_walking,0,random_forest,3,04845288Q-121_block_3,temporal_block,15.0,0.7134181021127303,1
04845288Q-121,2025-03-01 11:36:37.010000+00:00,not_walking,0,random_forest,3,04845288Q-121_block_3,temporal_block,15.0,0.7876274924167452,1
04845288Q-121,2025-03-01 11:36:38.010000+00:00,not_walking,0,random_forest,3,04845288Q-121_block_3,temporal_block,15.0,0.7613004397296321,1
04845288Q-121,2025-03-01 11:36:39.010000+00:00,not_walking,0,random_forest,3,04845288Q-121_block_3,temporal_block,15.0,0.7505649871657305,1
04845288Q-121,2025-03-01 11:36:40.010000+00:00,not_walking,0,random_forest,3,04845288Q-121_block_3,temporal_block,15.0,0.778646457782304,1
04845288Q-121,2025-03-01 11:36:41.010000+00:00,not_walking,0,random_forest,3,04845288Q-121_block_3,temporal_block,15.0,0.7702609414781928,1
04845288Q-121,2025-03-01 11:36:42.010000+00:00,not_walking,0,random_forest,3,04845288Q-121_block_3,temporal_block,15.0,0.7681587590597637,1
04845288Q-121,2025-03-01 11:36:43.010000+00:00,not_walking,0,random_forest,3,04845288Q-121_block_3,temporal_block,15.0,0.7703270784506028,1
04845288Q-121,2025-03-01 11:36:44.010000+00:00,not_walking,0,random_forest,3,04845288Q-121_block_3,temporal_block,15.0,0.7844318504899571,1
04845288Q-121,2025-03-01 11:36:45.010000+00:00,not_walking,0,random_forest,3,04845288Q-121_block_3,temporal_block,15.0,0.7737510294217299,1
04845288Q-121,2025-03-01 11:36:46.010000+00:00,not_walking,0,random_forest,3,04845288Q-121_block_3,temporal_block,15.0,0.7818134811033699,1
04845288Q-121,2025-03-01 11:36:47.010000+00:00,not_walking,0,random_forest,3,04845288Q-121_block_3,temporal_block,15.0,0.7722240799763046,1
04845288Q-121,2025-03-01 11:36:48.010000+00:00,not_walking,0,random_forest,3,04845288Q-121_block_3,temporal_block,15.0,0.7759566560178459,1
04845288Q-121,2025-03-01 11:36:49.010000+00:00,not_walking,0,random_forest,3,04845288Q-121_block_3,temporal_block,15.0,0.7434482663596083,1
04845288Q-121,2025-03-01 11:36:50.010000+00:00,not_walking,0,random_forest,3,04845288Q-121_block_3,temporal_block,15.0,0.7709691265477365,1
04845288Q-121,2025-03-01 11:36:51.010000+00:00,not_walking,0,random_forest,3,04845288Q-121_block_3,temporal_block,15.0,0.7699057754087588,1
04845288Q-121,2025-03-01 11:36:52.010000+00:00,not_walking,0,random_forest,3,04845288Q-121_block_3,temporal_block,15.0,0.7513393238149788,1
04845288Q-121,2025-03-01 11:36:53.010000+00:00,not_walking,0,random_forest,3,04845288Q-121_block_3,temporal_block,15.0,0.763850609432451,1
04845288Q-121,2025-03-01 11:36:54.010000+00:00,not_walking,0,random_forest,3,04845288Q-121_block_3,temporal_block,15.0,0.7945916650883738,1
04845288Q-121,2025-03-01 11:36:55.010000+00:00,not_walking,0,random_forest,3,04845288Q-121_block_3,temporal_block,15.0,0.7816444326868526,1
04845288Q-121,2025-03-01 11:36:56.010000+00:00,not_walking,0,random_forest,3,04845288Q-121_block_3,temporal_block,15.0,0.7633864106491283,1
04845288Q-121,2025-03-01 11:36:57.010000+00:00,not_walking,0,random_forest,3,04845288Q-121_block_3,temporal_block,15.0,0.756148240194151,1
04845288Q-121,2025-03-01 11:36:58.010000+00:00,not_walking,0,random_forest,3,04845288Q-121_block_3,temporal_block,15.0,0.7424075082067193,1
04845288Q-121,2025-03-01 11:36:59.010000+00:00,not_walking,0,random_forest,3,04845288Q-121_block_3,temporal_block,15.0,0.7512268477437322,1
04845288Q-121,2025-03-01 11:37:00.010000+00:00,not_walking,0,random_forest,3,04845288Q-121_block_3,temporal_block,15.0,0.7214658599237964,1
04845288Q-121,2025-03-01 11:37:01.010000+00:00,not_walking,0,random_forest,3,04845288Q-121_block_3,temporal_block,15.0,0.7924984706382536,1
04845288Q-121,2025-03-01 11:37:02.010000+00:00,not_walking,0,random_forest,3,04845288Q-121_block_3,temporal_block,15.0,0.7765023879064772,1
04845288Q-121,2025-03-01 11:37:03.010000+00:00,not_walking,0,random_forest,3,04845288Q-121_block_3,temporal_block,15.0,0.7861724995889331,1
04845288Q-121,2025-03-01 11:37:04.010000+00:00,not_walking,0,random_forest,3,04845288Q-121_block_3,temporal_block,15.0,0.7827332129376883,1
04845288Q-121,2025-03-01 11:37:05.010000+00:00,not_walking,0,random_forest,3,04845288Q-121_block_3,temporal_block,15.0,0.737776103690083,1
04845288Q-121,2025-03-01 11:37:06.010000+00:00,not_walking,0,random_forest,3,04845288Q-121_block_3,temporal_block,15.0,0.7676608103671703,1
04845288Q-121,2025-03-01 11:37:07.010000+00:00,not_walking,0,random_forest,3,04845288Q-121_block_3,temporal_block,15.0,0.7599558224043571,1
04845288Q-121,2025-03-01 11:37:08.010000+00:00,not_walking,0,random_forest,3,04845288Q-121_block_3,temporal_block,15.0,0.7486377611418876,1
04845288Q-121,2025-03-01 11:37:09.010000+00:00,not_walking,0,random_forest,3,04845288Q-121_block_3,temporal_block,15.0,0.7563292490268254,1
04845288Q-121,2025-03-01 11:37:10.010000+00:00,not_walking,0,random_forest,3,04845288Q-121_block_3,temporal_block,15.0,0.766569300223061,1
04845288Q-121,2025-03-01 11:37:11.010000+00:00,not_walking,0,random_forest,3,04845288Q-121_block_3,temporal_block,15.0,0.6595780262709755,1
04845288Q-121,2025-03-01 11:37:12.010000+00:00,not_walking,0,random_forest,3,04845288Q-121_block_3,temporal_block,15.0,0.7045673113788141,1
04845288Q-121,2025-03-01 11:37:13.010000+00:00,not_walking,0,random_forest,3,04845288Q-121_block_3,temporal_block,15.0,0.74187427778362,1
04845288Q-121,2025-03-01 11:37:14.010000+00:00,not_walking,0,random_forest,3,04845288Q-121_block_3,temporal_block,15.0,0.7406612336701344,1
04845288Q-121,2025-03-01 11:37:15.010000+00:00,not_walking,0,random_forest,3,04845288Q-121_block_3,temporal_block,15.0,0.7973532104452022,1
04845288Q-121,2025-03-01 11:37:16.010000+00:00,not_walking,0,random_forest,3,04845288Q-121_block_3,temporal_block,15.0,0.7477557976157014,1
04845288Q-121,2025-03-01 11:37:17.010000+00:00,not_walking,0,random_forest,3,04845288Q-121_block_3,temporal_block,15.0,0.7504060210177018,1
04845288Q-121,2025-03-01 11:37:18.010000+00:00,not_walking,0,random_forest,3,04845288Q-121_block_3,temporal_block,15.0,0.7724829464674402,1
04845288Q-121,2025-03-01 11:37:19.010000+00:00,not_walking,0,random_forest,3,04845288Q-121_block_3,temporal_block,15.0,0.7679832098461126,1
04845288Q-121,2025-03-01 11:37:20.010000+00:00,not_walking,0,random_forest,3,04845288Q-121_block_3,temporal_block,15.0,0.751311452173974,1
04845288Q-121,2025-03-01 11:37:21.010000+00:00,not_walking,0,random_forest,3,04845288Q-121_block_3,temporal_block,15.0,0.7728428246728165,1
04845288Q-121,2025-03-01 11:37:22.010000+00:00,not_walking,0,random_forest,3,04845288Q-121_block_3,temporal_block,15.0,0.7979678277928273,1
04845288Q-121,2025-03-01 11:37:23.010000+00:00,not_walking,0,random_forest,3,04845288Q-121_block_3,temporal_block,15.0,0.7678194185463858,1
04845288Q-121,2025-03-01 11:37:24.010000+00:00,not_walking,0,random_forest,3,04845288Q-121_block_3,temporal_block,15.0,0.7662968550089709,1
04845288Q-121,2025-03-01 11:37:25.010000+00:00,not_walking,0,random_forest,3,04845288Q-121_block_3,temporal_block,15.0,0.7870446171922093,1
04845288Q-121,2025-03-01 11:37:26.010000+00:00,not_walking,0,random_forest,3,04845288Q-121_block_3,temporal_block,15.0,0.7941626603204532,1
04845288Q-121,2025-03-01 11:37:27.010000+00:00,not_walking,0,random_forest,3,04845288Q-121_block_3,temporal_block,15.0,0.7842479304751957,1
04845288Q-121,2025-03-01 11:37:28.010000+00:00,not_walking,0,random_forest,3,04845288Q-121_block_3,temporal_block,15.0,0.8091046123524059,1
04845288Q-121,2025-03-01 11:37:29.010000+00:00,not_walking,0,random_forest,3,04845288Q-121_block_3,temporal_block,15.0,0.7724192786657098,1
04845288Q-121,2025-03-01 11:37:30.010000+00:00,not_walking,0,random_forest,3,04845288Q-121_block_3,temporal_block,15.0,0.7637289750346714,1
04845288Q-121,2025-03-01 11:37:31.010000+00:00,not_walking,0,random_forest,3,04845288Q-121_block_3,temporal_block,15.0,0.7801005793096397,1
04845288Q-121,2025-03-01 11:37:32.010000+00:00,not_walking,0,random_forest,3,04845288Q-121_block_3,temporal_block,15.0,0.7547879153516023,1
04845288Q-121,2025-03-01 11:37:33.010000+00:00,not_walking,0,random_forest,3,04845288Q-121_block_3,temporal_block,15.0,0.7431483891274504,1
04845288Q-121,2025-03-01 11:37:34.010000+00:00,not_walking,0,random_forest,3,04845288Q-121_block_3,temporal_block,15.0,0.7811230467896446,1
04845288Q-121,2025-03-01 11:37:35.010000+00:00,not_walking,0,random_forest,3,04845288Q-121_block_3,temporal_block,15.0,0.7411162325780993,1
04845288Q-121,2025-03-01 11:37:36.010000+00:00,not_walking,0,random_forest,3,04845288Q-121_block_3,temporal_block,15.0,0.7370978522165083,1
04845288Q-121,2025-03-01 11:37:37.010000+00:00,not_walking,0,random_forest,3,04845288Q-121_block_3,temporal_block,15.0,0.7542942783144853,1
04845288Q-121,2025-03-01 11:37:38.010000+00:00,not_walking,0,random_forest,3,04845288Q-121_block_3,temporal_block,15.0,0.7662589611667225,1
04845288Q-121,2025-03-01 11:37:39.010000+00:00,not_walking,0,random_forest,3,04845288Q-121_block_3,temporal_block,15.0,0.767524304561928,1
04845288Q-121,2025-03-01 11:37:40.010000+00:00,not_walking,0,random_forest,3,04845288Q-121_block_3,temporal_block,15.0,0.7687953882065937,1
04845288Q-121,2025-03-01 11:37:41.010000+00:00,not_walking,0,random_forest,3,04845288Q-121_block_3,temporal_block,15.0,0.8005286348409618,1
04845288Q-121,2025-03-01 11:37:42.010000+00:00,not_walking,0,random_forest,3,04845288Q-121_block_3,temporal_block,15.0,0.7446738790817323,1
04845288Q-121,2025-03-01 11:37:43.010000+00:00,not_walking,0,random_forest,3,04845288Q-121_block_3,temporal_block,15.0,0.7567262830569101,1
04845288Q-121,2025-03-01 11:37:44.010000+00:00,not_walking,0,random_forest,3,04845288Q-121_block_3,temporal_block,15.0,0.7205117478219356,1
04845288Q-121,2025-03-01 11:37:45.010000+00:00,not_walking,0,random_forest,3,04845288Q-121_block_3,temporal_block,15.0,0.7465454887273315,1
04845288Q-121,2025-03-01 11:37:46.010000+00:00,not_walking,0,random_forest,3,04845288Q-121_block_3,temporal_block,15.0,0.6990747176409958,1
04845288Q-121,2025-03-01 11:37:47.010000+00:00,not_walking,0,random_forest,3,04845288Q-121_block_3,temporal_block,15.0,0.7249510536253471,1
04845288Q-121,2025-03-01 11:37:48.010000+00:00,not_walking,0,random_forest,3,04845288Q-121_block_3,temporal_block,15.0,0.7723604727728706,1
04845288Q-121,2025-03-01 11:37:49.010000+00:00,not_walking,0,random_forest,3,04845288Q-121_block_3,temporal_block,15.0,0.789700665831849,1
04845288Q-121,2025-03-01 11:37:50.010000+00:00,not_walking,0,random_forest,3,04845288Q-121_block_3,temporal_block,15.0,0.7440808122948627,1
04845288Q-121,2025-03-01 11:37:51.010000+00:00,not_walking,0,random_forest,3,04845288Q-121_block_3,temporal_block,15.0,0.7381442444291453,1
04845288Q-121,2025-03-01 11:37:52.010000+00:00,not_walking,0,random_forest,3,04845288Q-121_block_3,temporal_block,15.0,0.7798636095970647,1
04845288Q-121,2025-03-01 11:37:53.010000+00:00,not_walking,0,random_forest,3,04845288Q-121_block_3,temporal_block,15.0,0.7407324375638872,1
04845288Q-121,2025-03-01 11:37:54.010000+00:00,not_walking,0,random_forest,3,04845288Q-121_block_3,temporal_block,15.0,0.686036337216091,1
04845288Q-121,2025-03-01 11:37:55.010000+00:00,not_walking,0,random_forest,3,04845288Q-121_block_3,temporal_block,15.0,0.7184573740427952,1
04845288Q-121,2025-03-01 11:37:56.010000+00:00,not_walking,0,random_forest,3,04845288Q-121_block_3,temporal_block,15.0,0.7510700937389276,1
04845288Q-121,2025-03-01 11:37:57.010000+00:00,not_walking,0,random_forest,3,04845288Q-121_block_3,temporal_block,15.0,0.7707502488696596,1
04845288Q-121,2025-03-01 11:37:58.010000+00:00,not_walking,0,random_forest,3,04845288Q-121_block_3,temporal_block,15.0,0.38045515545830666,0
04845288Q-121,2025-03-01 11:37:59.010000+00:00,not_walking,0,random_forest,3,04845288Q-121_block_3,temporal_block,15.0,0.08976181225315125,0
04845288Q-121,2025-03-01 11:38:00.010000+00:00,not_walking,0,random_forest,3,04845288Q-121_block_3,temporal_block,15.0,0.11699122905784255,0
04845288Q-121,2025-03-01 11:38:01.010000+00:00,not_walking,0,random_forest,3,04845288Q-121_block_3,temporal_block,15.0,0.3782298291121282,0
04845288Q-121,2025-03-01 11:38:02.010000+00:00,not_walking,0,random_forest,3,04845288Q-121_block_3,temporal_block,15.0,0.7077212389378499,1
04845288Q-121,2025-03-01 11:38:03.010000+00:00,not_walking,0,random_forest,3,04845288Q-121_block_3,temporal_block,15.0,0.7248781063744718,1
04845288Q-121,2025-03-01 11:38:04.010000+00:00,not_walking,0,random_forest,3,04845288Q-121_block_3,temporal_block,15.0,0.6917049719005471,1
04845288Q-121,2025-03-01 11:38:05.010000+00:00,not_walking,0,random_forest,3,04845288Q-121_block_3,temporal_block,15.0,0.5935009525929833,1
04845288Q-121,2025-03-01 11:38:06.010000+00:00,not_walking,0,random_forest,3,04845288Q-121_block_3,temporal_block,15.0,0.8438920082111808,1
04845288Q-121,2025-03-01 11:38:07.010000+00:00,not_walking,0,random_forest,3,04845288Q-121_block_3,temporal_block,15.0,0.777196674088801,1
04845288Q-121,2025-03-01 11:38:08.010000+00:00,not_walking,0,random_forest,3,04845288Q-121_block_3,temporal_block,15.0,0.7316812778105835,1
04845288Q-121,2025-03-01 11:38:09.010000+00:00,not_walking,0,random_forest,3,04845288Q-121_block_3,temporal_block,15.0,0.830526796632074,1
04845288Q-121,2025-03-01 11:38:10.010000+00:00,not_walking,0,random_forest,3,04845288Q-121_block_3,temporal_block,15.0,0.7380640445464924,1
04845288Q-121,2025-03-01 11:38:11.010000+00:00,not_walking,0,random_forest,3,04845288Q-121_block_3,temporal_block,15.0,0.7402260882675245,1
04845288Q-121,2025-03-01 11:38:12.010000+00:00,not_walking,0,random_forest,3,04845288Q-121_block_3,temporal_block,15.0,0.7286055552419319,1
04845288Q-121,2025-03-01 11:38:13.010000+00:00,not_walking,0,random_forest,3,04845288Q-121_block_3,temporal_block,15.0,0.7490978380993091,1
04845288Q-121,2025-03-01 11:38:14.010000+00:00,not_walking,0,random_forest,3,04845288Q-121_block_3,temporal_block,15.0,0.777309947898139,1
04845288Q-121,2025-03-01 11:38:15.010000+00:00,not_walking,0,random_forest,3,04845288Q-121_block_3,temporal_block,15.0,0.712163583396496,1
04845288Q-121,2025-03-01 11:38:16.010000+00:00,not_walking,0,random_forest,3,04845288Q-121_block_3,temporal_block,15.0,0.738438705127352,1
04845288Q-121,2025-03-01 11:38:17.010000+00:00,not_walking,0,random_forest,3,04845288Q-121_block_3,temporal_block,15.0,0.6218927507342381,1
04845288Q-121,2025-03-01 11:38:18.010000+00:00,walking,1,random_forest,3,04845288Q-121_block_3,temporal_block,15.0,0.8035364391681248,1
04845288Q-121,2025-03-01 11:38:19.010000+00:00,walking,1,random_forest,3,04845288Q-121_block_3,temporal_block,15.0,0.8158280667131841,1
04845288Q-121,2025-03-01 11:38:20.010000+00:00,walking,1,random_forest,3,04845288Q-121_block_3,temporal_block,15.0,0.7825483521578039,1
04845288Q-121,2025-03-01 11:38:21.010000+00:00,walking,1,random_forest,3,04845288Q-121_block_3,temporal_block,15.0,0.7437499464612572,1
04845288Q-121,2025-03-01 11:38:22.010000+00:00,walking,1,random_forest,3,04845288Q-121_block_3,temporal_block,15.0,0.7633486312600372,1
04845288Q-121,2025-03-01 11:38:23.010000+00:00,walking,1,random_forest,3,04845288Q-121_block_3,temporal_block,15.0,0.8061626239778076,1
04845288Q-121,2025-03-01 11:38:24.010000+00:00,walking,1,random_forest,3,04845288Q-121_block_3,temporal_block,15.0,0.8198820776309794,1
04845288Q-121,2025-03-01 11:38:25.010000+00:00,walking,1,random_forest,3,04845288Q-121_block_3,temporal_block,15.0,0.742615291363716,1
04845288Q-121,2025-03-01 11:38:26.010000+00:00,walking,1,random_forest,3,04845288Q-121_block_3,temporal_block,15.0,0.8414968430081987,1
04845288Q-121,2025-03-01 11:38:27.010000+00:00,walking,1,random_forest,3,04845288Q-121_block_3,temporal_block,15.0,0.5758148860521154,1
04845288Q-121,2025-03-01 11:38:28.010000+00:00,walking,1,random_forest,3,04845288Q-121_block_3,temporal_block,15.0,0.7221599869532652,1
04845288Q-121,2025-03-01 11:38:29.010000+00:00,walking,1,random_forest,3,04845288Q-121_block_3,temporal_block,15.0,0.5843304243420925,1
04845288Q-121,2025-03-01 11:38:30.010000+00:00,walking,1,random_forest,3,04845288Q-121_block_3,temporal_block,15.0,0.7666616527976782,1
04845288Q-121,2025-03-01 11:38:31.010000+00:00,walking,1,random_forest,3,04845288Q-121_block_3,temporal_block,15.0,0.7287234153028246,1
04845288Q-121,2025-03-01 11:38:32.010000+00:00,walking,1,random_forest,3,04845288Q-121_block_3,temporal_block,15.0,0.7235780408804381,1
04845288Q-121,2025-03-01 11:38:33.010000+00:00,walking,1,random_forest,3,04845288Q-121_block_3,temporal_block,15.0,0.7627866569744189,1
04845288Q-121,2025-03-01 11:38:34.010000+00:00,walking,1,random_forest,3,04845288Q-121_block_3,temporal_block,15.0,0.7769151615826629,1
04845288Q-121,2025-03-01 11:38:35.010000+00:00,walking,1,random_forest,3,04845288Q-121_block_3,temporal_block,15.0,0.8139209087618443,1
04845288Q-121,2025-03-01 11:38:36.010000+00:00,walking,1,random_forest,3,04845288Q-121_block_3,temporal_block,15.0,0.7836552915661611,1
04845288Q-121,2025-03-01 11:38:37.010000+00:00,walking,1,random_forest,3,04845288Q-121_block_3,temporal_block,15.0,0.7302228240702958,1
04845288Q-121,2025-03-01 11:38:38.010000+00:00,walking,1,random_forest,3,04845288Q-121_block_3,temporal_block,15.0,0.7043482288677696,1
04845288Q-121,2025-03-01 11:38:39.010000+00:00,walking,1,random_forest,3,04845288Q-121_block_3,temporal_block,15.0,0.7357351003673546,1
04845288Q-121,2025-03-01 11:38:40.010000+00:00,walking,1,random_forest,3,04845288Q-121_block_3,temporal_block,15.0,0.6917695539578229,1
04845288Q-121,2025-03-01 11:38:41.010000+00:00,walking,1,random_forest,3,04845288Q-121_block_3,temporal_block,15.0,0.7564125218783235,1
04845288Q-121,2025-03-01 11:38:44.010000+00:00,not_walking,0,random_forest,3,04845288Q-121_block_3,temporal_block,15.0,0.7441930038921847,1
04845288Q-121,2025-03-01 11:38:45.010000+00:00,not_walking,0,random_forest,3,04845288Q-121_block_3,temporal_block,15.0,0.7802745773991262,1
04845288Q-121,2025-03-01 11:38:46.010000+00:00,not_walking,0,random_forest,3,04845288Q-121_block_3,temporal_block,15.0,0.7661116515617294,1
04845288Q-121,2025-03-01 11:38:47.010000+00:00,not_walking,0,random_forest,3,04845288Q-121_block_3,temporal_block,15.0,0.7474648551635169,1
04845288Q-121,2025-03-01 11:38:48.010000+00:00,not_walking,0,random_forest,3,04845288Q-121_block_3,temporal_block,15.0,0.7221043410128524,1
04845288Q-121,2025-03-01 11:38:49.010000+00:00,not_walking,0,random_forest,3,04845288Q-121_block_3,temporal_block,15.0,0.7103006789202624,1
04845288Q-121,2025-03-01 11:38:50.010000+00:00,not_walking,0,random_forest,3,04845288Q-121_block_3,temporal_block,15.0,0.7279045793216076,1
04845288Q-121,2025-03-01 11:38:51.010000+00:00,not_walking,0,random_forest,3,04845288Q-121_block_3,temporal_block,15.0,0.7104603658703685,1
04845288Q-121,2025-03-01 11:38:52.010000+00:00,not_walking,0,random_forest,3,04845288Q-121_block_3,temporal_block,15.0,0.7093529475977811,1
04845288Q-121,2025-03-01 11:38:53.010000+00:00,not_walking,0,random_forest,3,04845288Q-121_block_3,temporal_block,15.0,0.6999967367392699,1
04845288Q-121,2025-03-01 11:38:54.010000+00:00,not_walking,0,random_forest,3,04845288Q-121_block_3,temporal_block,15.0,0.6983918592286406,1
04845288Q-121,2025-03-01 11:38:55.010000+00:00,not_walking,0,random_forest,3,04845288Q-121_block_3,temporal_block,15.0,0.7209215114858949,1
04845288Q-121,2025-03-01 11:38:56.010000+00:00,not_walking,0,random_forest,3,04845288Q-121_block_3,temporal_block,15.0,0.7425569153544014,1
04845288Q-121,2025-03-01 11:38:57.010000+00:00,not_walking,0,random_forest,3,04845288Q-121_block_3,temporal_block,15.0,0.7642193283306039,1
04845288Q-121,2025-03-01 11:38:58.010000+00:00,not_walking,0,random_forest,3,04845288Q-121_block_3,temporal_block,15.0,0.7520549258883379,1
04845288Q-121,2025-03-01 11:38:59.010000+00:00,not_walking,0,random_forest,3,04845288Q-121_block_3,temporal_block,15.0,0.6083711428914834,1
04845288Q-121,2025-03-01 11:39:00.010000+00:00,not_walking,0,random_forest,3,04845288Q-121_block_3,temporal_block,15.0,0.6240146555935203,1
04845288Q-121,2025-03-01 11:39:01.010000+00:00,not_walking,0,random_forest,3,04845288Q-121_block_3,temporal_block,15.0,0.6776403197228928,1
04845288Q-121,2025-03-01 11:39:02.010000+00:00,not_walking,0,random_forest,3,04845288Q-121_block_3,temporal_block,15.0,0.7194543369207003,1
04845288Q-121,2025-03-01 11:39:03.010000+00:00,not_walking,0,random_forest,3,04845288Q-121_block_3,temporal_block,15.0,0.7578046695396607,1
04845288Q-121,2025-03-01 11:39:04.010000+00:00,not_walking,0,random_forest,3,04845288Q-121_block_3,temporal_block,15.0,0.7499999495130092,1
04845288Q-121,2025-03-01 11:39:05.010000+00:00,not_walking,0,random_forest,3,04845288Q-121_block_3,temporal_block,15.0,0.7755203589919235,1
04845288Q-121,2025-03-01 11:39:06.010000+00:00,not_walking,0,random_forest,3,04845288Q-121_block_3,temporal_block,15.0,0.7321850747282026,1
04845288Q-121,2025-03-01 11:39:07.010000+00:00,not_walking,0,random_forest,3,04845288Q-121_block_3,temporal_block,15.0,0.7590879452057091,1
04845288Q-121,2025-03-01 11:39:08.010000+00:00,not_walking,0,random_forest,3,04845288Q-121_block_3,temporal_block,15.0,0.7570575313274787,1
04845288Q-121,2025-03-01 11:39:09.010000+00:00,not_walking,0,random_forest,3,04845288Q-121_block_3,temporal_block,15.0,0.7947733052314413,1
04845288Q-121,2025-03-01 11:39:10.010000+00:00,not_walking,0,random_forest,3,04845288Q-121_block_3,temporal_block,15.0,0.7014082961147066,1
04845288Q-121,2025-03-01 11:39:11.010000+00:00,not_walking,0,random_forest,3,04845288Q-121_block_3,temporal_block,15.0,0.7003918612178114,1
04845288Q-121,2025-03-01 11:39:12.010000+00:00,not_walking,0,random_forest,3,04845288Q-121_block_3,temporal_block,15.0,0.7487188193181705,1
04845288Q-121,2025-03-01 11:39:13.010000+00:00,not_walking,0,random_forest,3,04845288Q-121_block_3,temporal_block,15.0,0.7282877863002022,1
04845288Q-121,2025-03-01 11:39:14.010000+00:00,not_walking,0,random_forest,3,04845288Q-121_block_3,temporal_block,15.0,0.7454666195003724,1
04845288Q-121,2025-03-01 11:39:15.010000+00:00,not_walking,0,random_forest,3,04845288Q-121_block_3,temporal_block,15.0,0.7257404238829287,1
04845288Q-121,2025-03-01 11:39:16.010000+00:00,not_walking,0,random_forest,3,04845288Q-121_block_3,temporal_block,15.0,0.6505921772641934,1
04845288Q-121,2025-03-01 11:39:17.010000+00:00,not_walking,0,random_forest,3,04845288Q-121_block_3,temporal_block,15.0,0.740739865338952,1
04845288Q-121,2025-03-01 11:39:18.010000+00:00,not_walking,0,random_forest,3,04845288Q-121_block_3,temporal_block,15.0,0.754236313531948,1
04845288Q-121,2025-03-01 11:39:19.010000+00:00,not_walking,0,random_forest,3,04845288Q-121_block_3,temporal_block,15.0,0.7241370163897778,1
04845288Q-121,2025-03-01 11:39:20.010000+00:00,not_walking,0,random_forest,3,04845288Q-121_block_3,temporal_block,15.0,0.7396332536761538,1
04845288Q-121,2025-03-01 11:39:21.010000+00:00,not_walking,0,random_forest,3,04845288Q-121_block_3,temporal_block,15.0,0.7144247190057049,1
04845288Q-121,2025-03-01 11:39:22.010000+00:00,not_walking,0,random_forest,3,04845288Q-121_block_3,temporal_block,15.0,0.7705548683238713,1
04845288Q-121,2025-03-01 11:39:23.010000+00:00,walking,1,random_forest,3,04845288Q-121_block_3,temporal_block,15.0,0.761571697619899,1
04845288Q-121,2025-03-01 11:39:24.010000+00:00,walking,1,random_forest,3,04845288Q-121_block_3,temporal_block,15.0,0.7828733726073112,1
04845288Q-121,2025-03-01 11:39:25.010000+00:00,walking,1,random_forest,3,04845288Q-121_block_3,temporal_block,15.0,0.7850342243331713,1
04845288Q-121,2025-03-01 11:39:26.010000+00:00,walking,1,random_forest,3,04845288Q-121_block_3,temporal_block,15.0,0.7722387883054049,1
04845288Q-121,2025-03-01 11:39:27.010000+00:00,walking,1,random_forest,3,04845288Q-121_block_3,temporal_block,15.0,0.7475550386381564,1
04845288Q-121,2025-03-01 11:39:28.010000+00:00,walking,1,random_forest,3,04845288Q-121_block_3,temporal_block,15.0,0.7767531603203838,1
04845288Q-121,2025-03-01 11:39:29.010000+00:00,walking,1,random_forest,3,04845288Q-121_block_3,temporal_block,15.0,0.7757888445578266,1
04845288Q-121,2025-03-01 11:39:30.010000+00:00,walking,1,random_forest,3,04845288Q-121_block_3,temporal_block,15.0,0.7697191037695249,1
04845288Q-121,2025-03-01 11:39:31.010000+00:00,walking,1,random_forest,3,04845288Q-121_block_3,temporal_block,15.0,0.7680242938559274,1
04845288Q-121,2025-03-01 11:39:32.010000+00:00,walking,1,random_forest,3,04845288Q-121_block_3,temporal_block,15.0,0.784872432100322,1
04845288Q-121,2025-03-01 11:39:33.010000+00:00,walking,1,random_forest,3,04845288Q-121_block_3,temporal_block,15.0,0.7894380110802625,1
04845288Q-121,2025-03-01 11:39:34.010000+00:00,not_walking,0,random_forest,3,04845288Q-121_block_3,temporal_block,15.0,0.7681820285628325,1
04845288Q-121,2025-03-01 11:39:35.010000+00:00,not_walking,0,random_forest,3,04845288Q-121_block_3,temporal_block,15.0,0.8079444146905648,1
04845288Q-121,2025-03-01 11:39:36.010000+00:00,not_walking,0,random_forest,3,04845288Q-121_block_3,temporal_block,15.0,0.7771447607655925,1
04845288Q-121,2025-03-01 11:39:37.010000+00:00,not_walking,0,random_forest,3,04845288Q-121_block_3,temporal_block,15.0,0.7629904398723132,1
04845288Q-121,2025-03-01 11:39:38.010000+00:00,not_walking,0,random_forest,3,04845288Q-121_block_3,temporal_block,15.0,0.7989898617189052,1
04845288Q-121,2025-03-01 11:39:39.010000+00:00,not_walking,0,random_forest,3,04845288Q-121_block_3,temporal_block,15.0,0.7549510663518557,1
04845288Q-121,2025-03-01 11:39:40.010000+00:00,not_walking,0,random_forest,3,04845288Q-121_block_3,temporal_block,15.0,0.7934752532521498,1
04845288Q-121,2025-03-01 11:39:41.010000+00:00,not_walking,0,random_forest,3,04845288Q-121_block_3,temporal_block,15.0,0.7500712111037402,1
04845288Q-121,2025-03-01 11:39:42.010000+00:00,not_walking,0,random_forest,3,04845288Q-121_block_3,temporal_block,15.0,0.7358956135519525,1
04845288Q-121,2025-03-01 11:39:43.010000+00:00,not_walking,0,random_forest,3,04845288Q-121_block_3,temporal_block,15.0,0.6714641480618523,1
04845288Q-121,2025-03-01 11:39:44.010000+00:00,not_walking,0,random_forest,3,04845288Q-121_block_3,temporal_block,15.0,0.7227238399004622,1
04845288Q-121,2025-03-01 11:39:51.010000+00:00,not_walking,0,random_forest,4,04845288Q-121_block_4,temporal_block,15.0,0.09868449341862874,0
04845288Q-121,2025-03-01 11:39:52.010000+00:00,not_walking,0,random_forest,4,04845288Q-121_block_4,temporal_block,15.0,0.08441424305164115,0
04845288Q-121,2025-03-01 11:39:53.010000+00:00,not_walking,0,random_forest,4,04845288Q-121_block_4,temporal_block,15.0,0.14336773589439106,0
04845288Q-121,2025-03-01 11:39:54.010000+00:00,not_walking,0,random_forest,4,04845288Q-121_block_4,temporal_block,15.0,0.15283151191743838,0
04845288Q-121,2025-03-01 11:39:55.010000+00:00,not_walking,0,random_forest,4,04845288Q-121_block_4,temporal_block,15.0,0.1433469125639695,0
04845288Q-121,2025-03-01 11:39:56.010000+00:00,not_walking,0,random_forest,4,04845288Q-121_block_4,temporal_block,15.0,0.15442179367312495,0
04845288Q-121,2025-03-01 11:39:57.010000+00:00,not_walking,0,random_forest,4,04845288Q-121_block_4,temporal_block,15.0,0.2121019688060619,0
04845288Q-121,2025-03-01 11:39:58.010000+00:00,not_walking,0,random_forest,4,04845288Q-121_block_4,temporal_block,15.0,0.19715077033576298,0
04845288Q-121,2025-03-01 11:39:59.010000+00:00,not_walking,0,random_forest,4,04845288Q-121_block_4,temporal_block,15.0,0.14783355249780333,0
04845288Q-121,2025-03-01 11:40:04.010000+00:00,walking,1,random_forest,4,04845288Q-121_block_4,temporal_block,15.0,0.1190233715386566,0
04845288Q-121,2025-03-01 11:40:05.010000+00:00,walking,1,random_forest,4,04845288Q-121_block_4,temporal_block,15.0,0.2705762052745425,0
04845288Q-121,2025-03-01 11:40:06.010000+00:00,walking,1,random_forest,4,04845288Q-121_block_4,temporal_block,15.0,0.14451542729428135,0
04845288Q-121,2025-03-01 11:40:07.010000+00:00,walking,1,random_forest,4,04845288Q-121_block_4,temporal_block,15.0,0.23312426780121592,0
04845288Q-121,2025-03-01 11:40:08.010000+00:00,walking,1,random_forest,4,04845288Q-121_block_4,temporal_block,15.0,0.18329032735418596,0
04845288Q-121,2025-03-01 11:40:09.010000+00:00,walking,1,random_forest,4,04845288Q-121_block_4,temporal_block,15.0,0.14930331717914136,0
04845288Q-121,2025-03-01 11:40:10.010000+00:00,walking,1,random_forest,4,04845288Q-121_block_4,temporal_block,15.0,0.18934479844628058,0
04845288Q-121,2025-03-01 11:40:11.010000+00:00,walking,1,random_forest,4,04845288Q-121_block_4,temporal_block,15.0,0.11878802475697225,0
04845288Q-121,2025-03-01 11:40:12.010000+00:00,walking,1,random_forest,4,04845288Q-121_block_4,temporal_block,15.0,0.13252768800345335,0
04845288Q-121,2025-03-01 11:40:13.010000+00:00,walking,1,random_forest,4,04845288Q-121_block_4,temporal_block,15.0,0.129876048376302,0
04845288Q-121,2025-03-01 11:40:14.010000+00:00,walking,1,random_forest,4,04845288Q-121_block_4,temporal_block,15.0,0.136990674508554,0
04845288Q-121,2025-03-01 11:40:15.010000+00:00,walking,1,random_forest,4,04845288Q-121_block_4,temporal_block,15.0,0.21470900139921914,0
04845288Q-121,2025-03-01 11:40:16.010000+00:00,walking,1,random_forest,4,04845288Q-121_block_4,temporal_block,15.0,0.2272919236439839,0
04845288Q-121,2025-03-01 11:40:17.010000+00:00,walking,1,random_forest,4,04845288Q-121_block_4,temporal_block,15.0,0.22692640041419967,0
04845288Q-121,2025-03-01 11:40:18.010000+00:00,walking,1,random_forest,4,04845288Q-121_block_4,temporal_block,15.0,0.22084539582967205,0
04845288Q-121,2025-03-01 11:40:19.010000+00:00,walking,1,random_forest,4,04845288Q-121_block_4,temporal_block,15.0,0.32623767978079005,0
04845288Q-121,2025-03-01 11:40:20.010000+00:00,walking,1,random_forest,4,04845288Q-121_block_4,temporal_block,15.0,0.24833340282274838,0
04845288Q-121,2025-03-01 11:40:21.010000+00:00,walking,1,random_forest,4,04845288Q-121_block_4,temporal_block,15.0,0.2671753673050405,0
04845288Q-121,2025-03-01 11:40:22.010000+00:00,walking,1,random_forest,4,04845288Q-121_block_4,temporal_block,15.0,0.2590423365878384,0
04845288Q-121,2025-03-01 11:40:23.010000+00:00,walking,1,random_forest,4,04845288Q-121_block_4,temporal_block,15.0,0.14622190108115407,0
04845288Q-121,2025-03-01 11:40:24.010000+00:00,walking,1,random_forest,4,04845288Q-121_block_4,temporal_block,15.0,0.11989093160134724,0
04845288Q-121,2025-03-01 11:40:25.010000+00:00,not_walking,0,random_forest,4,04845288Q-121_block_4,temporal_block,15.0,0.10066487961502969,0
04845288Q-121,2025-03-01 11:40:26.010000+00:00,not_walking,0,random_forest,4,04845288Q-121_block_4,temporal_block,15.0,0.13861440152254162,0
04845288Q-121,2025-03-01 11:40:27.010000+00:00,not_walking,0,random_forest,4,04845288Q-121_block_4,temporal_block,15.0,0.14506752757430688,0
04845288Q-121,2025-03-01 11:40:28.010000+00:00,not_walking,0,random_forest,4,04845288Q-121_block_4,temporal_block,15.0,0.4890719460113164,0
04845288Q-121,2025-03-01 11:40:29.010000+00:00,not_walking,0,random_forest,4,04845288Q-121_block_4,temporal_block,15.0,0.33985269907278864,0
04845288Q-121,2025-03-01 11:40:30.010000+00:00,not_walking,0,random_forest,4,04845288Q-121_block_4,temporal_block,15.0,0.334247220222482,0
04845288Q-121,2025-03-01 11:40:31.010000+00:00,not_walking,0,random_forest,4,04845288Q-121_block_4,temporal_block,15.0,0.40038472767385413,0
04845288Q-121,2025-03-01 11:40:32.010000+00:00,not_walking,0,random_forest,4,04845288Q-121_block_4,temporal_block,15.0,0.25087672094486957,0
04845288Q-121,2025-03-01 11:40:33.010000+00:00,not_walking,0,random_forest,4,04845288Q-121_block_4,temporal_block,15.0,0.283764974881334,0
04845288Q-121,2025-03-01 11:40:34.010000+00:00,not_walking,0,random_forest,4,04845288Q-121_block_4,temporal_block,15.0,0.28644035356744163,0
04845288Q-121,2025-03-01 11:40:35.010000+00:00,not_walking,0,random_forest,4,04845288Q-121_block_4,temporal_block,15.0,0.16339683299520222,0
04845288Q-121,2025-03-01 11:40:36.010000+00:00,not_walking,0,random_forest,4,04845288Q-121_block_4,temporal_block,15.0,0.1299365210938124,0
04845288Q-121,2025-03-01 11:40:37.010000+00:00,not_walking,0,random_forest,4,04845288Q-121_block_4,temporal_block,15.0,0.4348513380418397,0
04845288Q-121,2025-03-01 11:40:38.010000+00:00,not_walking,0,random_forest,4,04845288Q-121_block_4,temporal_block,15.0,0.2719223014078328,0
05447093A-110,2024-05-09 08:26:59.690000+00:00,not_walking,0,random_forest,5,05447093A-110_block_5,temporal_block,15.0,0.11784231539892782,0
05447093A-110,2024-05-09 08:27:00.690000+00:00,not_walking,0,random_forest,5,05447093A-110_block_5,temporal_block,15.0,0.15463153184476375,0
05447093A-110,2024-05-09 08:27:01.690000+00:00,not_walking,0,random_forest,5,05447093A-110_block_5,temporal_block,15.0,0.21296257583587563,0
05447093A-110,2024-05-09 08:27:02.690000+00:00,not_walking,0,random_forest,5,05447093A-110_block_5,temporal_block,15.0,0.3696267316574869,0
05447093A-110,2024-05-09 08:27:03.690000+00:00,not_walking,0,random_forest,5,05447093A-110_block_5,temporal_block,15.0,0.5763139849752853,1
05447093A-110,2024-05-09 08:27:04.690000+00:00,not_walking,0,random_forest,5,05447093A-110_block_5,temporal_block,15.0,0.41590132682921277,0
05447093A-110,2024-05-09 08:27:05.690000+00:00,not_walking,0,random_forest,5,05447093A-110_block_5,temporal_block,15.0,0.571098692619944,1
05447093A-110,2024-05-09 08:27:06.690000+00:00,not_walking,0,random_forest,5,05447093A-110_block_5,temporal_block,15.0,0.5866191724157899,1
05447093A-110,2024-05-09 08:27:07.690000+00:00,not_walking,0,random_forest,5,05447093A-110_block_5,temporal_block,15.0,0.5854087485766616,1
05447093A-110,2024-05-09 08:27:08.690000+00:00,not_walking,0,random_forest,5,05447093A-110_block_5,temporal_block,15.0,0.5860860196445521,1
05447093A-110,2024-05-09 08:27:09.690000+00:00,not_walking,0,random_forest,5,05447093A-110_block_5,temporal_block,15.0,0.5974879468837033,1
05447093A-110,2024-05-09 08:27:10.690000+00:00,not_walking,0,random_forest,5,05447093A-110_block_5,temporal_block,15.0,0.5912798981227305,1
05447093A-110,2024-05-09 08:27:11.690000+00:00,not_walking,0,random_forest,5,05447093A-110_block_5,temporal_block,15.0,0.4665551290767133,0
05447093A-110,2024-05-09 08:27:12.690000+00:00,not_walking,0,random_forest,5,05447093A-110_block_5,temporal_block,15.0,0.6116427521629596,1
05447093A-110,2024-05-09 08:27:13.690000+00:00,not_walking,0,random_forest,5,05447093A-110_block_5,temporal_block,15.0,0.6847678352853466,1
05447093A-110,2024-05-09 08:27:14.690000+00:00,not_walking,0,random_forest,5,05447093A-110_block_5,temporal_block,15.0,0.5830052100608283,1
05447093A-110,2024-05-09 08:27:15.690000+00:00,not_walking,0,random_forest,5,05447093A-110_block_5,temporal_block,15.0,0.6047668950705866,1
05447093A-110,2024-05-09 08:27:16.690000+00:00,not_walking,0,random_forest,5,05447093A-110_block_5,temporal_block,15.0,0.6437375569548952,1
05447093A-110,2024-05-09 08:27:17.690000+00:00,not_walking,0,random_forest,5,05447093A-110_block_5,temporal_block,15.0,0.5793435617678325,1
05447093A-110,2024-05-09 08:27:18.690000+00:00,not_walking,0,random_forest,5,05447093A-110_block_5,temporal_block,15.0,0.5034881073997128,1
05447093A-110,2024-05-09 08:27:19.690000+00:00,not_walking,0,random_forest,5,05447093A-110_block_5,temporal_block,15.0,0.16079310921479972,0
05447093A-110,2024-05-09 08:27:20.690000+00:00,not_walking,0,random_forest,5,05447093A-110_block_5,temporal_block,15.0,0.4502359710861338,0
05447093A-110,2024-05-09 08:27:21.690000+00:00,not_walking,0,random_forest,5,05447093A-110_block_5,temporal_block,15.0,0.2742002816641689,0
05447093A-110,2024-05-09 08:27:22.690000+00:00,not_walking,0,random_forest,5,05447093A-110_block_5,temporal_block,15.0,0.1258271123052829,0
05447093A-110,2024-05-09 08:27:23.690000+00:00,not_walking,0,random_forest,5,05447093A-110_block_5,temporal_block,15.0,0.11744391385010383,0
05447093A-110,2024-05-09 08:27:24.690000+00:00,not_walking,0,random_forest,5,05447093A-110_block_5,temporal_block,15.0,0.36347244397810263,0
05447093A-110,2024-05-09 08:27:25.690000+00:00,not_walking,0,random_forest,5,05447093A-110_block_5,temporal_block,15.0,0.4554956471363609,0
05447093A-110,2024-05-09 08:27:26.690000+00:00,not_walking,0,random_forest,5,05447093A-110_block_5,temporal_block,15.0,0.4325047882714576,0
05447093A-110,2024-05-09 08:27:27.690000+00:00,not_walking,0,random_forest,5,05447093A-110_block_5,temporal_block,15.0,0.3340923582510245,0
05447093A-110,2024-05-09 08:27:28.690000+00:00,not_walking,0,random_forest,5,05447093A-110_block_5,temporal_block,15.0,0.18999816739998301,0
05447093A-110,2024-05-09 08:27:29.690000+00:00,not_walking,0,random_forest,5,05447093A-110_block_5,temporal_block,15.0,0.19026530777718495,0
05447093A-110,2024-05-09 08:27:30.690000+00:00,not_walking,0,random_forest,5,05447093A-110_block_5,temporal_block,15.0,0.4521100854807034,0
05447093A-110,2024-05-09 08:27:31.690000+00:00,not_walking,0,random_forest,5,05447093A-110_block_5,temporal_block,15.0,0.41446406723846824,0
05447093A-110,2024-05-09 08:27:32.690000+00:00,not_walking,0,random_forest,5,05447093A-110_block_5,temporal_block,15.0,0.20224277115904538,0
05447093A-110,2024-05-09 08:27:33.690000+00:00,not_walking,0,random_forest,5,05447093A-110_block_5,temporal_block,15.0,0.21921591819187702,0
05447093A-110,2024-05-09 08:27:34.690000+00:00,not_walking,0,random_forest,5,05447093A-110_block_5,temporal_block,15.0,0.306642518366318,0
05447093A-110,2024-05-09 08:27:35.690000+00:00,not_walking,0,random_forest,5,05447093A-110_block_5,temporal_block,15.0,0.2937728856694868,0
05447093A-110,2024-05-09 08:27:36.690000+00:00,not_walking,0,random_forest,5,05447093A-110_block_5,temporal_block,15.0,0.3154888614394197,0
05447093A-110,2024-05-09 08:27:37.690000+00:00,not_walking,0,random_forest,5,05447093A-110_block_5,temporal_block,15.0,0.21936771928119295,0
05447093A-110,2024-05-09 08:27:38.690000+00:00,not_walking,0,random_forest,5,05447093A-110_block_5,temporal_block,15.0,0.12866763981083904,0
05447093A-110,2024-05-09 08:27:39.690000+00:00,not_walking,0,random_forest,5,05447093A-110_block_5,temporal_block,15.0,0.1779469110261816,0
05447093A-110,2024-05-09 08:27:40.690000+00:00,not_walking,0,random_forest,5,05447093A-110_block_5,temporal_block,15.0,0.18024048595135228,0
05447093A-110,2024-05-09 08:27:41.690000+00:00,not_walking,0,random_forest,5,05447093A-110_block_5,temporal_block,15.0,0.18424006323085781,0
05447093A-110,2024-05-09 08:27:42.690000+00:00,not_walking,0,random_forest,5,05447093A-110_block_5,temporal_block,15.0,0.13782053769892905,0
05447093A-110,2024-05-09 08:27:43.690000+00:00,not_walking,0,random_forest,5,05447093A-110_block_5,temporal_block,15.0,0.19665868255714808,0
05447093A-110,2024-05-09 08:27:44.690000+00:00,not_walking,0,random_forest,5,05447093A-110_block_5,temporal_block,15.0,0.12628208594265145,0
05447093A-110,2024-05-09 08:27:45.690000+00:00,not_walking,0,random_forest,5,05447093A-110_block_5,temporal_block,15.0,0.20453455339887125,0
05447093A-110,2024-05-09 08:27:46.690000+00:00,not_walking,0,random_forest,5,05447093A-110_block_5,temporal_block,15.0,0.1903010892689437,0
05447093A-110,2024-05-09 08:27:47.690000+00:00,not_walking,0,random_forest,5,05447093A-110_block_5,temporal_block,15.0,0.3704228563000401,0
05447093A-110,2024-05-09 08:27:48.690000+00:00,not_walking,0,random_forest,5,05447093A-110_block_5,temporal_block,15.0,0.19155487732176313,0
05447093A-110,2024-05-09 08:27:49.690000+00:00,not_walking,0,random_forest,5,05447093A-110_block_5,temporal_block,15.0,0.3441243604214083,0
05447093A-110,2024-05-09 08:27:50.690000+00:00,not_walking,0,random_forest,5,05447093A-110_block_5,temporal_block,15.0,0.2733059375828494,0
05447093A-110,2024-05-09 08:27:51.690000+00:00,not_walking,0,random_forest,5,05447093A-110_block_5,temporal_block,15.0,0.17479889256186282,0
05447093A-110,2024-05-09 08:27:52.690000+00:00,not_walking,0,random_forest,5,05447093A-110_block_5,temporal_block,15.0,0.12898478184340637,0
05447093A-110,2024-05-09 08:27:53.690000+00:00,not_walking,0,random_forest,5,05447093A-110_block_5,temporal_block,15.0,0.14720889583172084,0
05447093A-110,2024-05-09 08:27:54.690000+00:00,not_walking,0,random_forest,5,05447093A-110_block_5,temporal_block,15.0,0.1212087339490164,0
05447093A-110,2024-05-09 08:27:55.690000+00:00,not_walking,0,random_forest,5,05447093A-110_block_5,temporal_block,15.0,0.1569762050502228,0
05447093A-110,2024-05-09 08:27:56.690000+00:00,not_walking,0,random_forest,5,05447093A-110_block_5,temporal_block,15.0,0.26415939702990243,0
05447093A-110,2024-05-09 08:27:57.690000+00:00,not_walking,0,random_forest,5,05447093A-110_block_5,temporal_block,15.0,0.1379551141926928,0
05447093A-110,2024-05-09 08:27:58.690000+00:00,not_walking,0,random_forest,5,05447093A-110_block_5,temporal_block,15.0,0.12222161235904205,0
05447093A-110,2024-05-09 08:27:59.690000+00:00,not_walking,0,random_forest,5,05447093A-110_block_5,temporal_block,15.0,0.12810438519741515,0
05447093A-110,2024-05-09 08:28:00.690000+00:00,not_walking,0,random_forest,5,05447093A-110_block_5,temporal_block,15.0,0.13727018213191192,0
05447093A-110,2024-05-09 08:28:01.690000+00:00,not_walking,0,random_forest,5,05447093A-110_block_5,temporal_block,15.0,0.14007321596955763,0
05447093A-110,2024-05-09 08:28:02.690000+00:00,not_walking,0,random_forest,5,05447093A-110_block_5,temporal_block,15.0,0.44394796641077555,0
05447093A-110,2024-05-09 08:28:03.690000+00:00,not_walking,0,random_forest,5,05447093A-110_block_5,temporal_block,15.0,0.29852898287146895,0
05447093A-110,2024-05-09 08:28:04.690000+00:00,not_walking,0,random_forest,5,05447093A-110_block_5,temporal_block,15.0,0.3213943678469985,0
05447093A-110,2024-05-09 08:28:05.690000+00:00,not_walking,0,random_forest,5,05447093A-110_block_5,temporal_block,15.0,0.1416827749919168,0
05447093A-110,2024-05-09 08:28:06.690000+00:00,not_walking,0,random_forest,5,05447093A-110_block_5,temporal_block,15.0,0.12426859833172633,0
05447093A-110,2024-05-09 08:28:07.690000+00:00,not_walking,0,random_forest,5,05447093A-110_block_5,temporal_block,15.0,0.12759624624674934,0
05447093A-110,2024-05-09 08:28:08.690000+00:00,not_walking,0,random_forest,5,05447093A-110_block_5,temporal_block,15.0,0.12666043794033735,0
05447093A-110,2024-05-09 08:28:09.690000+00:00,not_walking,0,random_forest,5,05447093A-110_block_5,temporal_block,15.0,0.12042754450426957,0
05447093A-110,2024-05-09 08:28:10.690000+00:00,not_walking,0,random_forest,5,05447093A-110_block_5,temporal_block,15.0,0.12576400595157616,0
05447093A-110,2024-05-09 08:28:11.690000+00:00,not_walking,0,random_forest,5,05447093A-110_block_5,temporal_block,15.0,0.12837864762747928,0
05447093A-110,2024-05-09 08:28:12.690000+00:00,not_walking,0,random_forest,5,05447093A-110_block_5,temporal_block,15.0,0.12020772288828108,0
05447093A-110,2024-05-09 08:28:13.690000+00:00,not_walking,0,random_forest,5,05447093A-110_block_5,temporal_block,15.0,0.5379471789952368,1
05447093A-110,2024-05-09 08:28:14.690000+00:00,not_walking,0,random_forest,5,05447093A-110_block_5,temporal_block,15.0,0.6255892043452025,1
05447093A-110,2024-05-09 08:28:15.690000+00:00,not_walking,0,random_forest,5,05447093A-110_block_5,temporal_block,15.0,0.5164689665644137,1
05447093A-110,2024-05-09 08:28:16.690000+00:00,not_walking,0,random_forest,5,05447093A-110_block_5,temporal_block,15.0,0.4143185573703685,0
05447093A-110,2024-05-09 08:28:17.690000+00:00,not_walking,0,random_forest,5,05447093A-110_block_5,temporal_block,15.0,0.4663783654926896,0
05447093A-110,2024-05-09 08:28:18.690000+00:00,not_walking,0,random_forest,5,05447093A-110_block_5,temporal_block,15.0,0.3142079293443743,0
05447093A-110,2024-05-09 08:28:19.690000+00:00,not_walking,0,random_forest,5,05447093A-110_block_5,temporal_block,15.0,0.280999941596008,0
05447093A-110,2024-05-09 08:28:20.690000+00:00,not_walking,0,random_forest,5,05447093A-110_block_5,temporal_block,15.0,0.3040854917970539,0
05447093A-110,2024-05-09 08:28:21.690000+00:00,not_walking,0,random_forest,5,05447093A-110_block_5,temporal_block,15.0,0.5433460603419724,1
05447093A-110,2024-05-09 08:28:22.690000+00:00,not_walking,0,random_forest,5,05447093A-110_block_5,temporal_block,15.0,0.6084788248184756,1
05447093A-110,2024-05-09 08:28:23.690000+00:00,not_walking,0,random_forest,5,05447093A-110_block_5,temporal_block,15.0,0.5705390313593197,1
05447093A-110,2024-05-09 08:28:24.690000+00:00,not_walking,0,random_forest,5,05447093A-110_block_5,temporal_block,15.0,0.5998994048625577,1
05447093A-110,2024-05-09 08:28:25.690000+00:00,not_walking,0,random_forest,5,05447093A-110_block_5,temporal_block,15.0,0.5970175806273172,1
05447093A-110,2024-05-09 08:28:26.690000+00:00,not_walking,0,random_forest,5,05447093A-110_block_5,temporal_block,15.0,0.27978565579816006,0
05447093A-110,2024-05-09 08:28:27.690000+00:00,not_walking,0,random_forest,5,05447093A-110_block_5,temporal_block,15.0,0.49906085961311336,0
05447093A-110,2024-05-09 08:28:28.690000+00:00,not_walking,0,random_forest,5,05447093A-110_block_5,temporal_block,15.0,0.47626877067542256,0
05447093A-110,2024-05-09 08:28:29.690000+00:00,not_walking,0,random_forest,5,05447093A-110_block_5,temporal_block,15.0,0.5707402781780566,1
05447093A-110,2024-05-09 08:28:30.690000+00:00,not_walking,0,random_forest,5,05447093A-110_block_5,temporal_block,15.0,0.5824799932863965,1
05447093A-110,2024-05-09 08:28:31.690000+00:00,not_walking,0,random_forest,5,05447093A-110_block_5,temporal_block,15.0,0.4496397504328728,0
05447093A-110,2024-05-09 08:28:32.690000+00:00,not_walking,0,random_forest,5,05447093A-110_block_5,temporal_block,15.0,0.17102589933017542,0
05447093A-110,2024-05-09 08:28:33.690000+00:00,not_walking,0,random_forest,5,05447093A-110_block_5,temporal_block,15.0,0.08536681548131266,0
05447093A-110,2024-05-09 08:28:34.690000+00:00,not_walking,0,random_forest,5,05447093A-110_block_5,temporal_block,15.0,0.5209509587438834,1
05447093A-110,2024-05-09 08:28:35.690000+00:00,not_walking,0,random_forest,5,05447093A-110_block_5,temporal_block,15.0,0.48365883951243005,0
05447093A-110,2024-05-09 08:28:36.690000+00:00,not_walking,0,random_forest,5,05447093A-110_block_5,temporal_block,15.0,0.3739138075772429,0
05447093A-110,2024-05-09 08:28:37.690000+00:00,not_walking,0,random_forest,5,05447093A-110_block_5,temporal_block,15.0,0.11136653049174323,0
05447093A-110,2024-05-09 08:28:38.690000+00:00,not_walking,0,random_forest,5,05447093A-110_block_5,temporal_block,15.0,0.061311455316811966,0
05447093A-110,2024-05-09 08:28:39.690000+00:00,not_walking,0,random_forest,5,05447093A-110_block_5,temporal_block,15.0,0.20045186886596555,0
05447093A-110,2024-05-09 08:28:40.690000+00:00,not_walking,0,random_forest,5,05447093A-110_block_5,temporal_block,15.0,0.3403193282300566,0
05447093A-110,2024-05-09 08:28:41.690000+00:00,not_walking,0,random_forest,5,05447093A-110_block_5,temporal_block,15.0,0.2821292137371206,0
05447093A-110,2024-05-09 08:28:42.690000+00:00,not_walking,0,random_forest,5,05447093A-110_block_5,temporal_block,15.0,0.14962556255836298,0
05447093A-110,2024-05-09 08:28:43.690000+00:00,not_walking,0,random_forest,5,05447093A-110_block_5,temporal_block,15.0,0.11166136200333514,0
05447093A-110,2024-05-09 08:28:44.690000+00:00,not_walking,0,random_forest,5,05447093A-110_block_5,temporal_block,15.0,0.15236642104299059,0
05447093A-110,2024-05-09 08:28:45.690000+00:00,not_walking,0,random_forest,5,05447093A-110_block_5,temporal_block,15.0,0.10766107310024102,0
05447093A-110,2024-05-09 08:28:46.690000+00:00,not_walking,0,random_forest,5,05447093A-110_block_5,temporal_block,15.0,0.08806616823549268,0
05447093A-110,2024-05-09 08:28:47.690000+00:00,not_walking,0,random_forest,5,05447093A-110_block_5,temporal_block,15.0,0.08915771503308707,0
05447093A-110,2024-05-09 08:28:48.690000+00:00,not_walking,0,random_forest,5,05447093A-110_block_5,temporal_block,15.0,0.09729117707483156,0
05447093A-110,2024-05-09 08:28:49.690000+00:00,not_walking,0,random_forest,5,05447093A-110_block_5,temporal_block,15.0,0.10310207193187945,0
05447093A-110,2024-05-09 08:28:50.690000+00:00,not_walking,0,random_forest,5,05447093A-110_block_5,temporal_block,15.0,0.10364837451436332,0
05447093A-110,2024-05-09 08:28:51.690000+00:00,not_walking,0,random_forest,5,05447093A-110_block_5,temporal_block,15.0,0.10372921530227708,0
05447093A-110,2024-05-09 08:28:52.690000+00:00,not_walking,0,random_forest,5,05447093A-110_block_5,temporal_block,15.0,0.09443125667710221,0
05447093A-110,2024-05-09 08:28:53.690000+00:00,not_walking,0,random_forest,5,05447093A-110_block_5,temporal_block,15.0,0.1515951946468855,0
05447093A-110,2024-05-09 08:28:54.690000+00:00,not_walking,0,random_forest,5,05447093A-110_block_5,temporal_block,15.0,0.11829148124778871,0
05447093A-110,2024-05-09 08:28:55.690000+00:00,not_walking,0,random_forest,5,05447093A-110_block_5,temporal_block,15.0,0.10184651761320754,0
05447093A-110,2024-05-09 08:28:56.690000+00:00,not_walking,0,random_forest,5,05447093A-110_block_5,temporal_block,15.0,0.1033269742575031,0
05447093A-110,2024-05-09 08:28:57.690000+00:00,not_walking,0,random_forest,5,05447093A-110_block_5,temporal_block,15.0,0.09632394300591829,0
05447093A-110,2024-05-09 08:28:58.690000+00:00,not_walking,0,random_forest,5,05447093A-110_block_5,temporal_block,15.0,0.11362277915720152,0
05447093A-110,2024-05-09 08:28:59.690000+00:00,not_walking,0,random_forest,5,05447093A-110_block_5,temporal_block,15.0,0.10345652265725,0
05447093A-110,2024-05-09 08:29:00.690000+00:00,not_walking,0,random_forest,5,05447093A-110_block_5,temporal_block,15.0,0.11252238916690653,0
05447093A-110,2024-05-09 08:29:01.690000+00:00,not_walking,0,random_forest,5,05447093A-110_block_5,temporal_block,15.0,0.10084906073730766,0
05447093A-110,2024-05-09 08:29:02.690000+00:00,not_walking,0,random_forest,5,05447093A-110_block_5,temporal_block,15.0,0.10852017328236281,0
05447093A-110,2024-05-09 08:29:03.690000+00:00,not_walking,0,random_forest,5,05447093A-110_block_5,temporal_block,15.0,0.09988499745729745,0
05447093A-110,2024-05-09 08:29:04.690000+00:00,not_walking,0,random_forest,5,05447093A-110_block_5,temporal_block,15.0,0.24445716846663904,0
05447093A-110,2024-05-09 08:29:05.690000+00:00,not_walking,0,random_forest,5,05447093A-110_block_5,temporal_block,15.0,0.12097879000818822,0
05447093A-110,2024-05-09 08:29:06.690000+00:00,not_walking,0,random_forest,5,05447093A-110_block_5,temporal_block,15.0,0.10233223837522665,0
05447093A-110,2024-05-09 08:29:07.690000+00:00,not_walking,0,random_forest,5,05447093A-110_block_5,temporal_block,15.0,0.10943859831932988,0
05447093A-110,2024-05-09 08:29:08.690000+00:00,not_walking,0,random_forest,5,05447093A-110_block_5,temporal_block,15.0,0.11241208766307485,0
05447093A-110,2024-05-09 08:29:09.690000+00:00,not_walking,0,random_forest,5,05447093A-110_block_5,temporal_block,15.0,0.1098487003594003,0
05447093A-110,2024-05-09 08:29:10.690000+00:00,not_walking,0,random_forest,5,05447093A-110_block_5,temporal_block,15.0,0.11417388667228998,0
05447093A-110,2024-05-09 08:29:11.690000+00:00,not_walking,0,random_forest,5,05447093A-110_block_5,temporal_block,15.0,0.11038239407446587,0
05447093A-110,2024-05-09 08:29:12.690000+00:00,not_walking,0,random_forest,5,05447093A-110_block_5,temporal_block,15.0,0.11138518544845413,0
05447093A-110,2024-05-09 08:29:13.690000+00:00,not_walking,0,random_forest,5,05447093A-110_block_5,temporal_block,15.0,0.1159689402404677,0
05447093A-110,2024-05-09 08:29:14.690000+00:00,not_walking,0,random_forest,5,05447093A-110_block_5,temporal_block,15.0,0.10569017920999176,0
05447093A-110,2024-05-09 08:29:15.690000+00:00,not_walking,0,random_forest,5,05447093A-110_block_5,temporal_block,15.0,0.11511135740276925,0
05447093A-110,2024-05-09 08:29:16.690000+00:00,not_walking,0,random_forest,5,05447093A-110_block_5,temporal_block,15.0,0.11138489222188717,0
05447093A-110,2024-05-09 08:29:17.690000+00:00,not_walking,0,random_forest,5,05447093A-110_block_5,temporal_block,15.0,0.10219872765777144,0
05447093A-110,2024-05-09 08:29:18.690000+00:00,not_walking,0,random_forest,5,05447093A-110_block_5,temporal_block,15.0,0.12494893207632723,0
05447093A-110,2024-05-09 08:29:19.690000+00:00,not_walking,0,random_forest,5,05447093A-110_block_5,temporal_block,15.0,0.1043414911238338,0
05447093A-110,2024-05-09 08:29:20.690000+00:00,not_walking,0,random_forest,5,05447093A-110_block_5,temporal_block,15.0,0.11626008108240377,0
05447093A-110,2024-05-09 08:29:21.690000+00:00,not_walking,0,random_forest,5,05447093A-110_block_5,temporal_block,15.0,0.11754575608025254,0
05447093A-110,2024-05-09 08:29:22.690000+00:00,not_walking,0,random_forest,5,05447093A-110_block_5,temporal_block,15.0,0.11655859355971368,0
05447093A-110,2024-05-09 08:29:23.690000+00:00,not_walking,0,random_forest,5,05447093A-110_block_5,temporal_block,15.0,0.09684997227820868,0
05447093A-110,2024-05-09 08:29:24.690000+00:00,not_walking,0,random_forest,5,05447093A-110_block_5,temporal_block,15.0,0.10952586584816051,0
05447093A-110,2024-05-09 08:29:25.690000+00:00,not_walking,0,random_forest,5,05447093A-110_block_5,temporal_block,15.0,0.11542594489098358,0
05447093A-110,2024-05-09 08:29:26.690000+00:00,not_walking,0,random_forest,5,05447093A-110_block_5,temporal_block,15.0,0.1069995517901256,0
05447093A-110,2024-05-09 08:29:27.690000+00:00,not_walking,0,random_forest,5,05447093A-110_block_5,temporal_block,15.0,0.10092731472391354,0
05447093A-110,2024-05-09 08:29:28.690000+00:00,not_walking,0,random_forest,5,05447093A-110_block_5,temporal_block,15.0,0.11138173517283156,0
05447093A-110,2024-05-09 08:29:29.690000+00:00,not_walking,0,random_forest,5,05447093A-110_block_5,temporal_block,15.0,0.10816998178479255,0
05447093A-110,2024-05-09 08:29:30.690000+00:00,not_walking,0,random_forest,5,05447093A-110_block_5,temporal_block,15.0,0.11586788639200807,0
05447093A-110,2024-05-09 08:29:31.690000+00:00,not_walking,0,random_forest,5,05447093A-110_block_5,temporal_block,15.0,0.10353734251198207,0
05447093A-110,2024-05-09 08:29:32.690000+00:00,not_walking,0,random_forest,5,05447093A-110_block_5,temporal_block,15.0,0.12480839344220887,0
05447093A-110,2024-05-09 08:29:33.690000+00:00,not_walking,0,random_forest,5,05447093A-110_block_5,temporal_block,15.0,0.3826920305554031,0
05447093A-110,2024-05-09 08:29:34.690000+00:00,not_walking,0,random_forest,5,05447093A-110_block_5,temporal_block,15.0,0.4244855495957419,0
05447093A-110,2024-05-09 08:29:35.690000+00:00,not_walking,0,random_forest,5,05447093A-110_block_5,temporal_block,15.0,0.15465727837175572,0
05447093A-110,2024-05-09 08:29:36.690000+00:00,not_walking,0,random_forest,5,05447093A-110_block_5,temporal_block,15.0,0.09920353725752216,0
05447093A-110,2024-05-09 08:29:37.690000+00:00,not_walking,0,random_forest,5,05447093A-110_block_5,temporal_block,15.0,0.10570097319510255,0
05447093A-110,2024-05-09 08:29:38.690000+00:00,not_walking,0,random_forest,5,05447093A-110_block_5,temporal_block,15.0,0.11303261032455657,0
05447093A-110,2024-05-09 08:29:39.690000+00:00,not_walking,0,random_forest,5,05447093A-110_block_5,temporal_block,15.0,0.11162196124789588,0
05447093A-110,2024-05-09 08:29:40.690000+00:00,not_walking,0,random_forest,5,05447093A-110_block_5,temporal_block,15.0,0.10923859542429362,0
05447093A-110,2024-05-09 08:29:41.690000+00:00,not_walking,0,random_forest,5,05447093A-110_block_5,temporal_block,15.0,0.10394056002690161,0
05447093A-110,2024-05-09 08:29:42.690000+00:00,not_walking,0,random_forest,5,05447093A-110_block_5,temporal_block,15.0,0.11437763435472592,0
05447093A-110,2024-05-09 08:29:43.690000+00:00,not_walking,0,random_forest,5,05447093A-110_block_5,temporal_block,15.0,0.2753043445402726,0
05447093A-110,2024-05-09 08:29:44.690000+00:00,not_walking,0,random_forest,5,05447093A-110_block_5,temporal_block,15.0,0.41839869905784144,0
05447093A-110,2024-05-09 08:29:45.690000+00:00,not_walking,0,random_forest,5,05447093A-110_block_5,temporal_block,15.0,0.2686633293836079,0
05447093A-110,2024-05-09 08:29:46.690000+00:00,not_walking,0,random_forest,5,05447093A-110_block_5,temporal_block,15.0,0.11567569391055943,0
05447093A-110,2024-05-09 08:29:47.690000+00:00,not_walking,0,random_forest,5,05447093A-110_block_5,temporal_block,15.0,0.1134857826004972,0
05447093A-110,2024-05-09 08:29:48.690000+00:00,not_walking,0,random_forest,5,05447093A-110_block_5,temporal_block,15.0,0.1105033881665538,0
05447093A-110,2024-05-09 08:29:49.690000+00:00,not_walking,0,random_forest,5,05447093A-110_block_5,temporal_block,15.0,0.10022000050603731,0
05447093A-110,2024-05-09 08:29:50.690000+00:00,not_walking,0,random_forest,5,05447093A-110_block_5,temporal_block,15.0,0.10264006769419559,0
05447093A-110,2024-05-09 08:29:51.690000+00:00,not_walking,0,random_forest,5,05447093A-110_block_5,temporal_block,15.0,0.12949751243440827,0
05447093A-110,2024-05-09 08:29:52.690000+00:00,not_walking,0,random_forest,5,05447093A-110_block_5,temporal_block,15.0,0.12215837625045645,0
05447093A-110,2024-05-09 08:29:53.690000+00:00,not_walking,0,random_forest,5,05447093A-110_block_5,temporal_block,15.0,0.11945751490592116,0
05447093A-110,2024-05-09 08:29:54.690000+00:00,not_walking,0,random_forest,5,05447093A-110_block_5,temporal_block,15.0,0.11154286699429114,0
05447093A-110,2024-05-09 08:29:55.690000+00:00,not_walking,0,random_forest,5,05447093A-110_block_5,temporal_block,15.0,0.11737928278948158,0
05447093A-110,2024-05-09 08:29:56.690000+00:00,not_walking,0,random_forest,5,05447093A-110_block_5,temporal_block,15.0,0.11219115123657242,0
05447093A-110,2024-05-09 08:29:57.690000+00:00,not_walking,0,random_forest,5,05447093A-110_block_5,temporal_block,15.0,0.11157240544691724,0
05447093A-110,2024-05-09 08:29:58.690000+00:00,not_walking,0,random_forest,5,05447093A-110_block_5,temporal_block,15.0,0.10785012867743596,0
05447093A-110,2024-05-09 08:29:59.690000+00:00,not_walking,0,random_forest,5,05447093A-110_block_5,temporal_block,15.0,0.10519989516781938,0
05447093A-110,2024-05-09 08:30:00.690000+00:00,not_walking,0,random_forest,5,05447093A-110_block_5,temporal_block,15.0,0.11248744939270651,0
05447093A-110,2024-05-09 08:30:01.690000+00:00,not_walking,0,random_forest,5,05447093A-110_block_5,temporal_block,15.0,0.10792238521142344,0
05447093A-110,2024-05-09 08:30:02.690000+00:00,not_walking,0,random_forest,5,05447093A-110_block_5,temporal_block,15.0,0.1076933132660406,0
05447093A-110,2024-05-09 08:30:03.690000+00:00,not_walking,0,random_forest,5,05447093A-110_block_5,temporal_block,15.0,0.10176433737280327,0
05447093A-110,2024-05-09 08:30:04.690000+00:00,not_walking,0,random_forest,5,05447093A-110_block_5,temporal_block,15.0,0.12687862801870642,0
05447093A-110,2024-05-09 08:30:05.690000+00:00,not_walking,0,random_forest,5,05447093A-110_block_5,temporal_block,15.0,0.0993080104542772,0
05447093A-110,2024-05-09 08:30:06.690000+00:00,not_walking,0,random_forest,5,05447093A-110_block_5,temporal_block,15.0,0.1090239978198552,0
05447093A-110,2024-05-09 08:30:07.690000+00:00,not_walking,0,random_forest,5,05447093A-110_block_5,temporal_block,15.0,0.1069252674405456,0
05447093A-110,2024-05-09 08:30:08.690000+00:00,not_walking,0,random_forest,5,05447093A-110_block_5,temporal_block,15.0,0.11712938115449446,0
05447093A-110,2024-05-09 08:30:09.690000+00:00,not_walking,0,random_forest,5,05447093A-110_block_5,temporal_block,15.0,0.1068498879234636,0
05447093A-110,2024-05-09 08:30:10.690000+00:00,not_walking,0,random_forest,5,05447093A-110_block_5,temporal_block,15.0,0.1106771408377426,0
05447093A-110,2024-05-09 08:30:11.690000+00:00,not_walking,0,random_forest,5,05447093A-110_block_5,temporal_block,15.0,0.10320539642692889,0
05447093A-110,2024-05-09 08:30:12.690000+00:00,not_walking,0,random_forest,5,05447093A-110_block_5,temporal_block,15.0,0.11133072657552118,0
05447093A-110,2024-05-09 08:30:13.690000+00:00,not_walking,0,random_forest,5,05447093A-110_block_5,temporal_block,15.0,0.10628088846790755,0
05447093A-110,2024-05-09 08:30:14.690000+00:00,not_walking,0,random_forest,5,05447093A-110_block_5,temporal_block,15.0,0.11033255805529782,0
05447093A-110,2024-05-09 08:30:15.690000+00:00,not_walking,0,random_forest,5,05447093A-110_block_5,temporal_block,15.0,0.10600454937986786,0
05447093A-110,2024-05-09 08:30:16.690000+00:00,not_walking,0,random_forest,5,05447093A-110_block_5,temporal_block,15.0,0.10163532100803059,0
05447093A-110,2024-05-09 08:30:17.690000+00:00,not_walking,0,random_forest,5,05447093A-110_block_5,temporal_block,15.0,0.11027593837827881,0
05447093A-110,2024-05-09 08:30:18.690000+00:00,not_walking,0,random_forest,5,05447093A-110_block_5,temporal_block,15.0,0.10760608188926386,0
05447093A-110,2024-05-09 08:30:19.690000+00:00,not_walking,0,random_forest,5,05447093A-110_block_5,temporal_block,15.0,0.11082594698030271,0
05447093A-110,2024-05-09 08:30:20.690000+00:00,not_walking,0,random_forest,5,05447093A-110_block_5,temporal_block,15.0,0.12218160127677612,0
05447093A-110,2024-05-09 08:30:21.690000+00:00,not_walking,0,random_forest,5,05447093A-110_block_5,temporal_block,15.0,0.11454679788697343,0
05447093A-110,2024-05-09 08:30:22.690000+00:00,not_walking,0,random_forest,5,05447093A-110_block_5,temporal_block,15.0,0.09984934220341359,0
05447093A-110,2024-05-09 08:30:23.690000+00:00,not_walking,0,random_forest,5,05447093A-110_block_5,temporal_block,15.0,0.12200825065742585,0
05447093A-110,2024-05-09 08:30:24.690000+00:00,not_walking,0,random_forest,5,05447093A-110_block_5,temporal_block,15.0,0.11821704476770409,0
05447093A-110,2024-05-09 08:30:25.690000+00:00,not_walking,0,random_forest,5,05447093A-110_block_5,temporal_block,15.0,0.10247836460293491,0
05447093A-110,2024-05-09 08:30:26.690000+00:00,not_walking,0,random_forest,5,05447093A-110_block_5,temporal_block,15.0,0.10273322791149606,0
05447093A-110,2024-05-09 08:30:27.690000+00:00,not_walking,0,random_forest,5,05447093A-110_block_5,temporal_block,15.0,0.10554969155539605,0
05447093A-110,2024-05-09 08:30:28.690000+00:00,not_walking,0,random_forest,5,05447093A-110_block_5,temporal_block,15.0,0.10408522711006539,0
05447093A-110,2024-05-09 08:30:29.690000+00:00,not_walking,0,random_forest,5,05447093A-110_block_5,temporal_block,15.0,0.10902747833896453,0
05447093A-110,2024-05-09 08:30:30.690000+00:00,not_walking,0,random_forest,5,05447093A-110_block_5,temporal_block,15.0,0.10502598171113395,0
05447093A-110,2024-05-09 08:30:31.690000+00:00,not_walking,0,random_forest,5,05447093A-110_block_5,temporal_block,15.0,0.11035083410690627,0
05447093A-110,2024-05-09 08:30:32.690000+00:00,not_walking,0,random_forest,5,05447093A-110_block_5,temporal_block,15.0,0.11813168795928691,0
05447093A-110,2024-05-09 08:30:33.690000+00:00,not_walking,0,random_forest,5,05447093A-110_block_5,temporal_block,15.0,0.10140873179627836,0
05447093A-110,2024-05-09 08:30:34.690000+00:00,not_walking,0,random_forest,5,05447093A-110_block_5,temporal_block,15.0,0.11336692149406428,0
05447093A-110,2024-05-09 08:30:35.690000+00:00,not_walking,0,random_forest,5,05447093A-110_block_5,temporal_block,15.0,0.09916353722358827,0
05447093A-110,2024-05-09 08:30:36.690000+00:00,not_walking,0,random_forest,5,05447093A-110_block_5,temporal_block,15.0,0.10932040679631785,0
05447093A-110,2024-05-09 08:30:37.690000+00:00,not_walking,0,random_forest,5,05447093A-110_block_5,temporal_block,15.0,0.10466714483242447,0
05447093A-110,2024-05-09 08:30:38.690000+00:00,not_walking,0,random_forest,5,05447093A-110_block_5,temporal_block,15.0,0.10420902898608322,0
05447093A-110,2024-05-09 08:30:39.690000+00:00,not_walking,0,random_forest,5,05447093A-110_block_5,temporal_block,15.0,0.10179598952086884,0
05447093A-110,2024-05-09 08:30:40.690000+00:00,not_walking,0,random_forest,5,05447093A-110_block_5,temporal_block,15.0,0.11184029952429517,0
05447093A-110,2024-05-09 08:30:41.690000+00:00,not_walking,0,random_forest,5,05447093A-110_block_5,temporal_block,15.0,0.10946643149230145,0
05447093A-110,2024-05-09 08:30:42.690000+00:00,not_walking,0,random_forest,5,05447093A-110_block_5,temporal_block,15.0,0.10445646549303424,0
05447093A-110,2024-05-09 08:30:43.690000+00:00,not_walking,0,random_forest,5,05447093A-110_block_5,temporal_block,15.0,0.10843836435646023,0
05447093A-110,2024-05-09 08:30:44.690000+00:00,not_walking,0,random_forest,5,05447093A-110_block_5,temporal_block,15.0,0.12416586397946662,0
05447093A-110,2024-05-09 08:30:45.690000+00:00,not_walking,0,random_forest,5,05447093A-110_block_5,temporal_block,15.0,0.11204919651074283,0
05447093A-110,2024-05-09 08:30:46.690000+00:00,not_walking,0,random_forest,5,05447093A-110_block_5,temporal_block,15.0,0.11063681627084357,0
05447093A-110,2024-05-09 08:30:47.690000+00:00,not_walking,0,random_forest,5,05447093A-110_block_5,temporal_block,15.0,0.10567653531366071,0
05447093A-110,2024-05-09 08:30:48.690000+00:00,not_walking,0,random_forest,5,05447093A-110_block_5,temporal_block,15.0,0.10376808511028297,0
05447093A-110,2024-05-09 08:30:49.690000+00:00,not_walking,0,random_forest,5,05447093A-110_block_5,temporal_block,15.0,0.10694861190881959,0
05447093A-110,2024-05-09 08:30:50.690000+00:00,not_walking,0,random_forest,5,05447093A-110_block_5,temporal_block,15.0,0.09881731267364147,0
05447093A-110,2024-05-09 08:30:51.690000+00:00,not_walking,0,random_forest,5,05447093A-110_block_5,temporal_block,15.0,0.10924543027348439,0
05447093A-110,2024-05-09 08:30:52.690000+00:00,not_walking,0,random_forest,5,05447093A-110_block_5,temporal_block,15.0,0.10487757439894468,0
05447093A-110,2024-05-09 08:30:53.690000+00:00,not_walking,0,random_forest,5,05447093A-110_block_5,temporal_block,15.0,0.12208628361394522,0
05447093A-110,2024-05-09 08:30:54.690000+00:00,not_walking,0,random_forest,5,05447093A-110_block_5,temporal_block,15.0,0.1098632627782879,0
05447093A-110,2024-05-09 08:30:55.690000+00:00,not_walking,0,random_forest,5,05447093A-110_block_5,temporal_block,15.0,0.11085208062911885,0
05447093A-110,2024-05-09 08:30:56.690000+00:00,not_walking,0,random_forest,5,05447093A-110_block_5,temporal_block,15.0,0.10745604450512503,0
05447093A-110,2024-05-09 08:30:57.690000+00:00,not_walking,0,random_forest,5,05447093A-110_block_5,temporal_block,15.0,0.10255731274540095,0
05447093A-110,2024-05-09 08:30:58.690000+00:00,not_walking,0,random_forest,5,05447093A-110_block_5,temporal_block,15.0,0.10541908247184723,0
05447093A-110,2024-05-09 08:30:59.690000+00:00,not_walking,0,random_forest,5,05447093A-110_block_5,temporal_block,15.0,0.1016083107339264,0
05447093A-110,2024-05-09 08:31:00.690000+00:00,not_walking,0,random_forest,5,05447093A-110_block_5,temporal_block,15.0,0.11466494655691184,0
05447093A-110,2024-05-09 08:31:01.690000+00:00,not_walking,0,random_forest,5,05447093A-110_block_5,temporal_block,15.0,0.10858970942363427,0
05447093A-110,2024-05-09 08:31:02.690000+00:00,not_walking,0,random_forest,5,05447093A-110_block_5,temporal_block,15.0,0.10134034483693379,0
05447093A-110,2024-05-09 08:31:03.690000+00:00,not_walking,0,random_forest,5,05447093A-110_block_5,temporal_block,15.0,0.15732249759338718,0
05447093A-110,2024-05-09 08:31:04.690000+00:00,not_walking,0,random_forest,5,05447093A-110_block_5,temporal_block,15.0,0.11903988734851988,0
05447093A-110,2024-05-09 08:31:05.690000+00:00,not_walking,0,random_forest,5,05447093A-110_block_5,temporal_block,15.0,0.12413316839131144,0
05447093A-110,2024-05-09 08:31:06.690000+00:00,not_walking,0,random_forest,5,05447093A-110_block_5,temporal_block,15.0,0.12054434967345742,0
05447093A-110,2024-05-09 08:31:07.690000+00:00,not_walking,0,random_forest,5,05447093A-110_block_5,temporal_block,15.0,0.10421145361977663,0
05447093A-110,2024-05-09 08:31:08.690000+00:00,not_walking,0,random_forest,5,05447093A-110_block_5,temporal_block,15.0,0.10867178390472673,0
05447093A-110,2024-05-09 08:31:09.690000+00:00,not_walking,0,random_forest,5,05447093A-110_block_5,temporal_block,15.0,0.1092347958119468,0
05447093A-110,2024-05-09 08:31:10.690000+00:00,not_walking,0,random_forest,5,05447093A-110_block_5,temporal_block,15.0,0.10589827398916239,0
05447093A-110,2024-05-09 08:31:11.690000+00:00,not_walking,0,random_forest,5,05447093A-110_block_5,temporal_block,15.0,0.10916423085711147,0
05447093A-110,2024-05-09 08:31:12.690000+00:00,not_walking,0,random_forest,5,05447093A-110_block_5,temporal_block,15.0,0.10656548041759117,0
05447093A-110,2024-05-09 08:31:13.690000+00:00,not_walking,0,random_forest,5,05447093A-110_block_5,temporal_block,15.0,0.12006964912889866,0
05447093A-110,2024-05-09 08:31:14.690000+00:00,not_walking,0,random_forest,5,05447093A-110_block_5,temporal_block,15.0,0.09238659356037866,0
05447093A-110,2024-05-09 08:31:15.690000+00:00,not_walking,0,random_forest,5,05447093A-110_block_5,temporal_block,15.0,0.10890960007001355,0
05447093A-110,2024-05-09 08:31:16.690000+00:00,not_walking,0,random_forest,5,05447093A-110_block_5,temporal_block,15.0,0.10733521884674675,0
05447093A-110,2024-05-09 08:31:17.690000+00:00,not_walking,0,random_forest,5,05447093A-110_block_5,temporal_block,15.0,0.09569609216771495,0
05447093A-110,2024-05-09 08:31:18.690000+00:00,not_walking,0,random_forest,5,05447093A-110_block_5,temporal_block,15.0,0.106701564256821,0
05447093A-110,2024-05-09 08:31:19.690000+00:00,not_walking,0,random_forest,5,05447093A-110_block_5,temporal_block,15.0,0.1041125941296297,0
05447093A-110,2024-05-09 08:31:20.690000+00:00,not_walking,0,random_forest,5,05447093A-110_block_5,temporal_block,15.0,0.09765926042059997,0
05447093A-110,2024-05-09 08:31:21.690000+00:00,not_walking,0,random_forest,5,05447093A-110_block_5,temporal_block,15.0,0.09920290260676418,0
05447093A-110,2024-05-09 08:31:22.690000+00:00,not_walking,0,random_forest,5,05447093A-110_block_5,temporal_block,15.0,0.10798529029536146,0
05447093A-110,2024-05-09 08:31:23.690000+00:00,not_walking,0,random_forest,5,05447093A-110_block_5,temporal_block,15.0,0.10935731112393124,0
05447093A-110,2024-05-09 08:31:24.690000+00:00,not_walking,0,random_forest,5,05447093A-110_block_5,temporal_block,15.0,0.11196837854098914,0
05447093A-110,2024-05-09 08:31:25.690000+00:00,not_walking,0,random_forest,5,05447093A-110_block_5,temporal_block,15.0,0.1054289609410151,0
05447093A-110,2024-05-09 08:31:26.690000+00:00,not_walking,0,random_forest,5,05447093A-110_block_5,temporal_block,15.0,0.10561849903352227,0
05447093A-110,2024-05-09 08:31:27.690000+00:00,not_walking,0,random_forest,5,05447093A-110_block_5,temporal_block,15.0,0.10645736596078766,0
05447093A-110,2024-05-09 08:31:28.690000+00:00,not_walking,0,random_forest,5,05447093A-110_block_5,temporal_block,15.0,0.10544589446044118,0
05447093A-110,2024-05-09 08:31:29.690000+00:00,not_walking,0,random_forest,5,05447093A-110_block_5,temporal_block,15.0,0.09931581601179783,0
05447093A-110,2024-05-09 08:31:30.690000+00:00,not_walking,0,random_forest,5,05447093A-110_block_5,temporal_block,15.0,0.10821125434771071,0
05447093A-110,2024-05-09 08:31:31.690000+00:00,not_walking,0,random_forest,5,05447093A-110_block_5,temporal_block,15.0,0.10700065573704871,0
05447093A-110,2024-05-09 08:31:32.690000+00:00,not_walking,0,random_forest,5,05447093A-110_block_5,temporal_block,15.0,0.09892610504706544,0
05447093A-110,2024-05-09 08:31:33.690000+00:00,not_walking,0,random_forest,5,05447093A-110_block_5,temporal_block,15.0,0.1103710758562617,0
05447093A-110,2024-05-09 08:31:34.690000+00:00,not_walking,0,random_forest,5,05447093A-110_block_5,temporal_block,15.0,0.10680968787014573,0
05447093A-110,2024-05-09 08:31:35.690000+00:00,not_walking,0,random_forest,5,05447093A-110_block_5,temporal_block,15.0,0.10822059123380062,0
05447093A-110,2024-05-09 08:31:36.690000+00:00,not_walking,0,random_forest,5,05447093A-110_block_5,temporal_block,15.0,0.103295172823785,0
05447093A-110,2024-05-09 08:31:37.690000+00:00,not_walking,0,random_forest,5,05447093A-110_block_5,temporal_block,15.0,0.1066741520270429,0
05447093A-110,2024-05-09 08:31:38.690000+00:00,not_walking,0,random_forest,5,05447093A-110_block_5,temporal_block,15.0,0.10551780748438264,0
05447093A-110,2024-05-09 08:31:39.690000+00:00,not_walking,0,random_forest,5,05447093A-110_block_5,temporal_block,15.0,0.11191874745150926,0
05447093A-110,2024-05-09 08:31:40.690000+00:00,not_walking,0,random_forest,5,05447093A-110_block_5,temporal_block,15.0,0.10287057727750915,0
05447093A-110,2024-05-09 08:31:41.690000+00:00,not_walking,0,random_forest,5,05447093A-110_block_5,temporal_block,15.0,0.1071225471512123,0
05447093A-110,2024-05-09 08:31:42.690000+00:00,not_walking,0,random_forest,5,05447093A-110_block_5,temporal_block,15.0,0.10764541065285432,0
05447093A-110,2024-05-09 08:31:43.690000+00:00,not_walking,0,random_forest,5,05447093A-110_block_5,temporal_block,15.0,0.10678707302814809,0
05447093A-110,2024-05-09 08:31:44.690000+00:00,not_walking,0,random_forest,5,05447093A-110_block_5,temporal_block,15.0,0.12880836348615063,0
05447093A-110,2024-05-09 08:31:45.690000+00:00,not_walking,0,random_forest,5,05447093A-110_block_5,temporal_block,15.0,0.12303066455993186,0
05447093A-110,2024-05-09 08:31:46.690000+00:00,not_walking,0,random_forest,5,05447093A-110_block_5,temporal_block,15.0,0.11034395309529328,0
05447093A-110,2024-05-09 08:31:47.690000+00:00,not_walking,0,random_forest,5,05447093A-110_block_5,temporal_block,15.0,0.11577119907160885,0
05447093A-110,2024-05-09 08:31:48.690000+00:00,not_walking,0,random_forest,5,05447093A-110_block_5,temporal_block,15.0,0.10409471776972942,0
05447093A-110,2024-05-09 08:31:49.690000+00:00,not_walking,0,random_forest,5,05447093A-110_block_5,temporal_block,15.0,0.10497333387760983,0
05447093A-110,2024-05-09 08:31:50.690000+00:00,not_walking,0,random_forest,5,05447093A-110_block_5,temporal_block,15.0,0.11165976265092212,0
05447093A-110,2024-05-09 08:31:51.690000+00:00,not_walking,0,random_forest,5,05447093A-110_block_5,temporal_block,15.0,0.10844019366573532,0
05447093A-110,2024-05-09 08:31:52.690000+00:00,not_walking,0,random_forest,5,05447093A-110_block_5,temporal_block,15.0,0.10176833419660629,0
05447093A-110,2024-05-09 08:31:53.690000+00:00,not_walking,0,random_forest,5,05447093A-110_block_5,temporal_block,15.0,0.11299189315927553,0
05447093A-110,2024-05-09 08:31:54.690000+00:00,not_walking,0,random_forest,5,05447093A-110_block_5,temporal_block,15.0,0.11074242347446005,0
05447093A-110,2024-05-09 08:31:55.690000+00:00,not_walking,0,random_forest,5,05447093A-110_block_5,temporal_block,15.0,0.11247624325274723,0
05447093A-110,2024-05-09 08:31:56.690000+00:00,not_walking,0,random_forest,5,05447093A-110_block_5,temporal_block,15.0,0.10915917684549155,0
05447093A-110,2024-05-09 08:31:57.690000+00:00,not_walking,0,random_forest,5,05447093A-110_block_5,temporal_block,15.0,0.1094852623992995,0
05447093A-110,2024-05-09 08:31:58.690000+00:00,not_walking,0,random_forest,5,05447093A-110_block_5,temporal_block,15.0,0.11355621832347942,0
05447093A-110,2024-05-09 08:31:59.690000+00:00,not_walking,0,random_forest,5,05447093A-110_block_5,temporal_block,15.0,0.10402349060015333,0
05447093A-110,2024-05-09 08:32:00.690000+00:00,not_walking,0,random_forest,5,05447093A-110_block_5,temporal_block,15.0,0.11178647805591785,0
05447093A-110,2024-05-09 08:32:01.690000+00:00,not_walking,0,random_forest,5,05447093A-110_block_5,temporal_block,15.0,0.11159655242157478,0
05447093A-110,2024-05-09 08:32:02.690000+00:00,not_walking,0,random_forest,5,05447093A-110_block_5,temporal_block,15.0,0.10881526414278767,0
05447093A-110,2024-05-09 08:32:03.690000+00:00,not_walking,0,random_forest,5,05447093A-110_block_5,temporal_block,15.0,0.10871005690363779,0
05447093A-110,2024-05-09 08:32:04.690000+00:00,not_walking,0,random_forest,5,05447093A-110_block_5,temporal_block,15.0,0.11553931795800065,0
05447093A-110,2024-05-09 08:32:05.690000+00:00,not_walking,0,random_forest,5,05447093A-110_block_5,temporal_block,15.0,0.10707668272604927,0
05447093A-110,2024-05-09 08:32:06.690000+00:00,not_walking,0,random_forest,5,05447093A-110_block_5,temporal_block,15.0,0.11402951770888994,0
05447093A-110,2024-05-09 08:32:07.690000+00:00,not_walking,0,random_forest,5,05447093A-110_block_5,temporal_block,15.0,0.09388019941038797,0
05447093A-110,2024-05-09 08:32:08.690000+00:00,not_walking,0,random_forest,5,05447093A-110_block_5,temporal_block,15.0,0.1082776617007745,0
05447093A-110,2024-05-09 08:32:09.690000+00:00,not_walking,0,random_forest,5,05447093A-110_block_5,temporal_block,15.0,0.10558743240048883,0
05447093A-110,2024-05-09 08:32:10.690000+00:00,not_walking,0,random_forest,5,05447093A-110_block_5,temporal_block,15.0,0.10812270036410948,0
05447093A-110,2024-05-09 08:32:11.690000+00:00,not_walking,0,random_forest,5,05447093A-110_block_5,temporal_block,15.0,0.11075185130936865,0
05447093A-110,2024-05-09 08:32:12.690000+00:00,not_walking,0,random_forest,5,05447093A-110_block_5,temporal_block,15.0,0.21621001708360207,0
05447093A-110,2024-05-09 08:32:13.690000+00:00,not_walking,0,random_forest,5,05447093A-110_block_5,temporal_block,15.0,0.15015515785917016,0
05447093A-110,2024-05-09 08:32:14.690000+00:00,not_walking,0,random_forest,5,05447093A-110_block_5,temporal_block,15.0,0.10265434577065197,0
05447093A-110,2024-05-09 08:32:15.690000+00:00,not_walking,0,random_forest,5,05447093A-110_block_5,temporal_block,15.0,0.11260233611307326,0
05447093A-110,2024-05-09 08:32:16.690000+00:00,not_walking,0,random_forest,5,05447093A-110_block_5,temporal_block,15.0,0.11575605716411878,0
05447093A-110,2024-05-09 08:32:17.690000+00:00,not_walking,0,random_forest,5,05447093A-110_block_5,temporal_block,15.0,0.5086265119688212,1
05447093A-110,2024-05-09 08:32:18.690000+00:00,not_walking,0,random_forest,5,05447093A-110_block_5,temporal_block,15.0,0.12938634920170308,0
05447093A-110,2024-05-09 08:32:19.690000+00:00,not_walking,0,random_forest,5,05447093A-110_block_5,temporal_block,15.0,0.10592509371552189,0
05447093A-110,2024-05-09 08:32:20.690000+00:00,not_walking,0,random_forest,5,05447093A-110_block_5,temporal_block,15.0,0.5342615037838371,1
05447093A-110,2024-05-09 08:32:21.690000+00:00,not_walking,0,random_forest,5,05447093A-110_block_5,temporal_block,15.0,0.5926349213437884,1
05447093A-110,2024-05-09 08:32:22.690000+00:00,not_walking,0,random_forest,5,05447093A-110_block_5,temporal_block,15.0,0.6562128781122536,1
05447093A-110,2024-05-09 08:32:23.690000+00:00,not_walking,0,random_forest,5,05447093A-110_block_5,temporal_block,15.0,0.5730431908326481,1
05447093A-110,2024-05-09 08:32:24.690000+00:00,not_walking,0,random_forest,5,05447093A-110_block_5,temporal_block,15.0,0.5973973429544999,1
05447093A-110,2024-05-09 08:32:25.690000+00:00,not_walking,0,random_forest,5,05447093A-110_block_5,temporal_block,15.0,0.5127164117088877,1
05447093A-110,2024-05-09 08:32:26.690000+00:00,not_walking,0,random_forest,5,05447093A-110_block_5,temporal_block,15.0,0.5058073601225734,1
05447093A-110,2024-05-09 08:32:27.690000+00:00,not_walking,0,random_forest,5,05447093A-110_block_5,temporal_block,15.0,0.513214444553124,1
05447093A-110,2024-05-09 08:32:28.690000+00:00,not_walking,0,random_forest,5,05447093A-110_block_5,temporal_block,15.0,0.17336488594253088,0
05447093A-110,2024-05-09 08:32:29.690000+00:00,not_walking,0,random_forest,5,05447093A-110_block_5,temporal_block,15.0,0.17341098786853426,0
05447093A-110,2024-05-09 08:32:30.690000+00:00,not_walking,0,random_forest,5,05447093A-110_block_5,temporal_block,15.0,0.5076717820428268,1
05447093A-110,2024-05-09 08:32:31.690000+00:00,not_walking,0,random_forest,5,05447093A-110_block_5,temporal_block,15.0,0.5860654285168604,1
05447093A-110,2024-05-09 08:32:32.690000+00:00,not_walking,0,random_forest,5,05447093A-110_block_5,temporal_block,15.0,0.31164952046020306,0
05447093A-110,2024-05-09 08:32:33.690000+00:00,not_walking,0,random_forest,5,05447093A-110_block_5,temporal_block,15.0,0.2554332035894194,0
05447093A-110,2024-05-09 08:32:34.690000+00:00,not_walking,0,random_forest,5,05447093A-110_block_5,temporal_block,15.0,0.15380420290412544,0
05447093A-110,2024-05-09 08:32:35.690000+00:00,not_walking,0,random_forest,5,05447093A-110_block_5,temporal_block,15.0,0.12765730898757097,0
05447093A-110,2024-05-09 08:32:36.690000+00:00,not_walking,0,random_forest,5,05447093A-110_block_5,temporal_block,15.0,0.1284642847063393,0
05447093A-110,2024-05-09 08:32:37.690000+00:00,not_walking,0,random_forest,5,05447093A-110_block_5,temporal_block,15.0,0.1085396456650681,0
05447093A-110,2024-05-09 08:32:38.690000+00:00,not_walking,0,random_forest,5,05447093A-110_block_5,temporal_block,15.0,0.2138362094806612,0
05447093A-110,2024-05-09 08:32:39.690000+00:00,not_walking,0,random_forest,5,05447093A-110_block_5,temporal_block,15.0,0.2644350478486617,0
05447093A-110,2024-05-09 08:32:40.690000+00:00,not_walking,0,random_forest,5,05447093A-110_block_5,temporal_block,15.0,0.1366170435515754,0
05447093A-110,2024-05-09 08:32:41.690000+00:00,not_walking,0,random_forest,5,05447093A-110_block_5,temporal_block,15.0,0.4522921333117191,0
05447093A-110,2024-05-09 08:32:42.690000+00:00,not_walking,0,random_forest,5,05447093A-110_block_5,temporal_block,15.0,0.46888210633952326,0
05447093A-110,2024-05-09 08:32:43.690000+00:00,not_walking,0,random_forest,5,05447093A-110_block_5,temporal_block,15.0,0.303392855587396,0
05447093A-110,2024-05-09 08:32:44.690000+00:00,not_walking,0,random_forest,5,05447093A-110_block_5,temporal_block,15.0,0.22085179538268207,0
05447093A-110,2024-05-09 08:32:45.690000+00:00,not_walking,0,random_forest,5,05447093A-110_block_5,temporal_block,15.0,0.2783251472758013,0
05447093A-110,2024-05-09 08:32:46.690000+00:00,not_walking,0,random_forest,5,05447093A-110_block_5,temporal_block,15.0,0.2277051723618002,0
05447093A-110,2024-05-09 08:32:47.690000+00:00,not_walking,0,random_forest,5,05447093A-110_block_5,temporal_block,15.0,0.1954648297547328,0
05447093A-110,2024-05-09 08:32:48.690000+00:00,not_walking,0,random_forest,5,05447093A-110_block_5,temporal_block,15.0,0.17218803833210486,0
05447093A-110,2024-05-09 08:32:49.690000+00:00,not_walking,0,random_forest,5,05447093A-110_block_5,temporal_block,15.0,0.5062332973652401,1
05447093A-110,2024-05-09 08:32:50.690000+00:00,not_walking,0,random_forest,5,05447093A-110_block_5,temporal_block,15.0,0.245077948422274,0
05447093A-110,2024-05-09 08:32:51.690000+00:00,not_walking,0,random_forest,5,05447093A-110_block_5,temporal_block,15.0,0.13593222315349934,0
05447093A-110,2024-05-09 08:32:52.690000+00:00,not_walking,0,random_forest,5,05447093A-110_block_5,temporal_block,15.0,0.10719009355177932,0
05447093A-110,2024-05-09 08:32:53.690000+00:00,not_walking,0,random_forest,5,05447093A-110_block_5,temporal_block,15.0,0.12718179055773834,0
05447093A-110,2024-05-09 08:32:54.690000+00:00,not_walking,0,random_forest,5,05447093A-110_block_5,temporal_block,15.0,0.12343209361755768,0
05447093A-110,2024-05-09 08:32:55.690000+00:00,not_walking,0,random_forest,5,05447093A-110_block_5,temporal_block,15.0,0.1343375134946484,0
05447093A-110,2024-05-09 08:32:56.690000+00:00,not_walking,0,random_forest,5,05447093A-110_block_5,temporal_block,15.0,0.13730365939235936,0
05447093A-110,2024-05-09 08:32:57.690000+00:00,not_walking,0,random_forest,5,05447093A-110_block_5,temporal_block,15.0,0.1259729361028826,0
05447093A-110,2024-05-09 08:32:58.690000+00:00,not_walking,0,random_forest,5,05447093A-110_block_5,temporal_block,15.0,0.12329706709879211,0
05447093A-110,2024-05-09 08:32:59.690000+00:00,not_walking,0,random_forest,5,05447093A-110_block_5,temporal_block,15.0,0.10440355476778379,0
05447093A-110,2024-05-09 08:33:00.690000+00:00,not_walking,0,random_forest,5,05447093A-110_block_5,temporal_block,15.0,0.10477971834774204,0
05447093A-110,2024-05-09 08:33:01.690000+00:00,not_walking,0,random_forest,5,05447093A-110_block_5,temporal_block,15.0,0.10417110904801663,0
05447093A-110,2024-05-09 08:33:02.690000+00:00,not_walking,0,random_forest,5,05447093A-110_block_5,temporal_block,15.0,0.19987438092192034,0
05447093A-110,2024-05-09 08:33:03.690000+00:00,not_walking,0,random_forest,5,05447093A-110_block_5,temporal_block,15.0,0.18774481906240184,0
05447093A-110,2024-05-09 08:33:04.690000+00:00,not_walking,0,random_forest,5,05447093A-110_block_5,temporal_block,15.0,0.15623035927107293,0
05447093A-110,2024-05-09 08:33:05.690000+00:00,not_walking,0,random_forest,5,05447093A-110_block_5,temporal_block,15.0,0.17127328573195097,0
05447093A-110,2024-05-09 08:33:06.690000+00:00,not_walking,0,random_forest,5,05447093A-110_block_5,temporal_block,15.0,0.12106860339859361,0
05447093A-110,2024-05-09 08:33:07.690000+00:00,not_walking,0,random_forest,5,05447093A-110_block_5,temporal_block,15.0,0.11201500839804107,0
05447093A-110,2024-05-09 08:33:08.690000+00:00,not_walking,0,random_forest,5,05447093A-110_block_5,temporal_block,15.0,0.14193485144742304,0
05447093A-110,2024-05-09 08:33:09.690000+00:00,not_walking,0,random_forest,5,05447093A-110_block_5,temporal_block,15.0,0.26924741601912416,0
05447093A-110,2024-05-09 08:33:10.690000+00:00,not_walking,0,random_forest,5,05447093A-110_block_5,temporal_block,15.0,0.17468284099830755,0
05447093A-110,2024-05-09 08:33:11.690000+00:00,not_walking,0,random_forest,5,05447093A-110_block_5,temporal_block,15.0,0.11884484722580403,0
05447093A-110,2024-05-09 08:33:12.690000+00:00,not_walking,0,random_forest,5,05447093A-110_block_5,temporal_block,15.0,0.1263050828524327,0
05447093A-110,2024-05-09 08:33:13.690000+00:00,not_walking,0,random_forest,5,05447093A-110_block_5,temporal_block,15.0,0.1205610178069865,0
05447093A-110,2024-05-09 08:33:14.690000+00:00,not_walking,0,random_forest,5,05447093A-110_block_5,temporal_block,15.0,0.12058696410580298,0
05447093A-110,2024-05-09 08:33:15.690000+00:00,not_walking,0,random_forest,5,05447093A-110_block_5,temporal_block,15.0,0.1242243274332646,0
05447093A-110,2024-05-09 08:33:16.690000+00:00,not_walking,0,random_forest,5,05447093A-110_block_5,temporal_block,15.0,0.1293627438668861,0
05447093A-110,2024-05-09 08:33:17.690000+00:00,not_walking,0,random_forest,5,05447093A-110_block_5,temporal_block,15.0,0.12823908927752808,0
05447093A-110,2024-05-09 08:33:18.690000+00:00,not_walking,0,random_forest,5,05447093A-110_block_5,temporal_block,15.0,0.1352778252518766,0
05447093A-110,2024-05-09 08:33:19.690000+00:00,not_walking,0,random_forest,5,05447093A-110_block_5,temporal_block,15.0,0.13401593322872668,0
05447093A-110,2024-05-09 08:33:20.690000+00:00,not_walking,0,random_forest,5,05447093A-110_block_5,temporal_block,15.0,0.15872649874902212,0
05447093A-110,2024-05-09 08:33:21.690000+00:00,not_walking,0,random_forest,5,05447093A-110_block_5,temporal_block,15.0,0.1422139945222423,0
05447093A-110,2024-05-09 08:33:22.690000+00:00,not_walking,0,random_forest,5,05447093A-110_block_5,temporal_block,15.0,0.13997721182362804,0
05447093A-110,2024-05-09 08:33:23.690000+00:00,not_walking,0,random_forest,5,05447093A-110_block_5,temporal_block,15.0,0.16210471839584853,0
05447093A-110,2024-05-09 08:33:24.690000+00:00,not_walking,0,random_forest,5,05447093A-110_block_5,temporal_block,15.0,0.10301591925692072,0
05447093A-110,2024-05-09 08:33:25.690000+00:00,not_walking,0,random_forest,5,05447093A-110_block_5,temporal_block,15.0,0.11431424869658773,0
05447093A-110,2024-05-09 08:33:26.690000+00:00,not_walking,0,random_forest,5,05447093A-110_block_5,temporal_block,15.0,0.12955512007446657,0
05447093A-110,2024-05-09 08:33:27.690000+00:00,not_walking,0,random_forest,5,05447093A-110_block_5,temporal_block,15.0,0.10304424142580072,0
05447093A-110,2024-05-09 08:33:28.690000+00:00,not_walking,0,random_forest,5,05447093A-110_block_5,temporal_block,15.0,0.12187602119000701,0
05447093A-110,2024-05-09 08:33:29.690000+00:00,not_walking,0,random_forest,5,05447093A-110_block_5,temporal_block,15.0,0.12557476958257216,0
05447093A-110,2024-05-09 08:33:30.690000+00:00,not_walking,0,random_forest,5,05447093A-110_block_5,temporal_block,15.0,0.10670907054400416,0
05447093A-110,2024-05-09 08:33:31.690000+00:00,not_walking,0,random_forest,5,05447093A-110_block_5,temporal_block,15.0,0.10573339535882127,0
05447093A-110,2024-05-09 08:33:32.690000+00:00,not_walking,0,random_forest,5,05447093A-110_block_5,temporal_block,15.0,0.22737312497863973,0
05447093A-110,2024-05-09 08:33:33.690000+00:00,not_walking,0,random_forest,5,05447093A-110_block_5,temporal_block,15.0,0.12779081735393985,0
05447093A-110,2024-05-09 08:33:34.690000+00:00,not_walking,0,random_forest,5,05447093A-110_block_5,temporal_block,15.0,0.12956395278575067,0
05447093A-110,2024-05-09 08:33:35.690000+00:00,not_walking,0,random_forest,5,05447093A-110_block_5,temporal_block,15.0,0.12722289167012654,0
05447093A-110,2024-05-09 08:33:36.690000+00:00,not_walking,0,random_forest,5,05447093A-110_block_5,temporal_block,15.0,0.12238728177852116,0
05447093A-110,2024-05-09 08:33:37.690000+00:00,not_walking,0,random_forest,5,05447093A-110_block_5,temporal_block,15.0,0.1135828237681149,0
05447093A-110,2024-05-09 08:33:38.690000+00:00,not_walking,0,random_forest,5,05447093A-110_block_5,temporal_block,15.0,0.14247825251201857,0
05447093A-110,2024-05-09 08:33:39.690000+00:00,not_walking,0,random_forest,5,05447093A-110_block_5,temporal_block,15.0,0.15367309687459935,0
05447093A-110,2024-05-09 08:33:40.690000+00:00,not_walking,0,random_forest,5,05447093A-110_block_5,temporal_block,15.0,0.13115090467709087,0
05447093A-110,2024-05-09 08:33:41.690000+00:00,not_walking,0,random_forest,5,05447093A-110_block_5,temporal_block,15.0,0.21700166931827405,0
05447093A-110,2024-05-09 08:33:42.690000+00:00,not_walking,0,random_forest,5,05447093A-110_block_5,temporal_block,15.0,0.5212253531931981,1
05447093A-110,2024-05-09 08:33:43.690000+00:00,not_walking,0,random_forest,5,05447093A-110_block_5,temporal_block,15.0,0.28603726736281826,0
05447093A-110,2024-05-09 08:33:44.690000+00:00,not_walking,0,random_forest,5,05447093A-110_block_5,temporal_block,15.0,0.19981292705145384,0
05447093A-110,2024-05-09 08:33:45.690000+00:00,not_walking,0,random_forest,5,05447093A-110_block_5,temporal_block,15.0,0.1877173265601023,0
05447093A-110,2024-05-09 08:33:46.690000+00:00,not_walking,0,random_forest,5,05447093A-110_block_5,temporal_block,15.0,0.19692483829224364,0
05447093A-110,2024-05-09 08:33:47.690000+00:00,not_walking,0,random_forest,5,05447093A-110_block_5,temporal_block,15.0,0.21275854475242678,0
05447093A-110,2024-05-09 08:33:48.690000+00:00,not_walking,0,random_forest,5,05447093A-110_block_5,temporal_block,15.0,0.20329201542473652,0
05447093A-110,2024-05-09 08:33:49.690000+00:00,not_walking,0,random_forest,5,05447093A-110_block_5,temporal_block,15.0,0.196411351399561,0
05447093A-110,2024-05-09 08:33:50.690000+00:00,not_walking,0,random_forest,5,05447093A-110_block_5,temporal_block,15.0,0.18008318602395612,0
05447093A-110,2024-05-09 08:33:51.690000+00:00,not_walking,0,random_forest,5,05447093A-110_block_5,temporal_block,15.0,0.5291472783621504,1
05447093A-110,2024-05-09 08:33:52.690000+00:00,not_walking,0,random_forest,5,05447093A-110_block_5,temporal_block,15.0,0.1821746980331871,0
05447093A-110,2024-05-09 08:33:53.690000+00:00,not_walking,0,random_forest,5,05447093A-110_block_5,temporal_block,15.0,0.15691549385783973,0
05447093A-110,2024-05-09 08:33:54.690000+00:00,not_walking,0,random_forest,5,05447093A-110_block_5,temporal_block,15.0,0.11418693526907132,0
05447093A-110,2024-05-09 08:33:55.690000+00:00,not_walking,0,random_forest,5,05447093A-110_block_5,temporal_block,15.0,0.14518004465844933,0
05447093A-110,2024-05-09 08:33:56.690000+00:00,not_walking,0,random_forest,5,05447093A-110_block_5,temporal_block,15.0,0.2135163463388786,0
05447093A-110,2024-05-09 08:33:57.690000+00:00,not_walking,0,random_forest,5,05447093A-110_block_5,temporal_block,15.0,0.1252305803353666,0
05447093A-110,2024-05-09 08:33:58.690000+00:00,not_walking,0,random_forest,5,05447093A-110_block_5,temporal_block,15.0,0.11310453998017309,0
05447093A-110,2024-05-09 09:44:01+00:00,not_walking,0,random_forest,6,05447093A-110_block_6,temporal_block,15.0,0.40414125730916306,0
05447093A-110,2024-05-09 09:44:02+00:00,not_walking,0,random_forest,6,05447093A-110_block_6,temporal_block,15.0,0.05772861843411472,0
05447093A-110,2024-05-09 09:44:03+00:00,not_walking,0,random_forest,6,05447093A-110_block_6,temporal_block,15.0,0.07185642087404825,0
05447093A-110,2024-05-09 09:44:04+00:00,not_walking,0,random_forest,6,05447093A-110_block_6,temporal_block,15.0,0.0895650718018275,0
05447093A-110,2024-05-09 09:44:05+00:00,not_walking,0,random_forest,6,05447093A-110_block_6,temporal_block,15.0,0.0828212501463059,0
05447093A-110,2024-05-09 09:44:06+00:00,not_walking,0,random_forest,6,05447093A-110_block_6,temporal_block,15.0,0.04356728255395104,0
05447093A-110,2024-05-09 09:44:07+00:00,not_walking,0,random_forest,6,05447093A-110_block_6,temporal_block,15.0,0.047431270624902266,0
05447093A-110,2024-05-09 09:44:08+00:00,not_walking,0,random_forest,6,05447093A-110_block_6,temporal_block,15.0,0.04500964479462351,0
05447093A-110,2024-05-09 09:44:09+00:00,not_walking,0,random_forest,6,05447093A-110_block_6,temporal_block,15.0,0.04627326249172839,0
05447093A-110,2024-05-09 09:44:10+00:00,not_walking,0,random_forest,6,05447093A-110_block_6,temporal_block,15.0,0.06488674627157609,0
05447093A-110,2024-05-09 09:44:11+00:00,not_walking,0,random_forest,6,05447093A-110_block_6,temporal_block,15.0,0.052908366108509165,0
05447093A-110,2024-05-09 09:44:12+00:00,not_walking,0,random_forest,6,05447093A-110_block_6,temporal_block,15.0,0.05883127756789496,0
05447093A-110,2024-05-09 09:44:19+00:00,not_walking,0,random_forest,7,05447093A-110_block_7,temporal_block,15.0,0.32924789390539716,0
05447093A-110,2024-05-09 09:44:20+00:00,not_walking,0,random_forest,7,05447093A-110_block_7,temporal_block,15.0,0.14188116940760676,0
05447093A-110,2024-05-09 09:44:21+00:00,not_walking,0,random_forest,7,05447093A-110_block_7,temporal_block,15.0,0.1077661599071061,0
05447093A-110,2024-05-09 09:44:22+00:00,not_walking,0,random_forest,7,05447093A-110_block_7,temporal_block,15.0,0.03647179463250626,0
05447093A-110,2024-05-09 09:44:23+00:00,not_walking,0,random_forest,7,05447093A-110_block_7,temporal_block,15.0,0.09879622406104673,0
05447093A-110,2024-05-09 09:44:24+00:00,not_walking,0,random_forest,7,05447093A-110_block_7,temporal_block,15.0,0.05299788824677094,0
05447093A-110,2024-05-09 09:44:25+00:00,not_walking,0,random_forest,7,05447093A-110_block_7,temporal_block,15.0,0.10645791375058195,0
05447093A-110,2024-05-09 09:44:26+00:00,not_walking,0,random_forest,7,05447093A-110_block_7,temporal_block,15.0,0.049556624276120204,0
05447093A-110,2024-05-09 09:44:27+00:00,not_walking,0,random_forest,7,05447093A-110_block_7,temporal_block,15.0,0.047053189684648375,0
05447093A-110,2024-05-09 09:44:28+00:00,not_walking,0,random_forest,7,05447093A-110_block_7,temporal_block,15.0,0.04998488815021022,0
05447093A-110,2024-05-09 09:44:29+00:00,not_walking,0,random_forest,7,05447093A-110_block_7,temporal_block,15.0,0.09671717412552078,0
05447093A-110,2024-05-09 09:44:30+00:00,not_walking,0,random_forest,7,05447093A-110_block_7,temporal_block,15.0,0.046409109200939005,0
05447093A-110,2024-05-09 09:44:31+00:00,not_walking,0,random_forest,7,05447093A-110_block_7,temporal_block,15.0,0.040746421894930926,0
05447093A-110,2024-05-09 09:44:32+00:00,not_walking,0,random_forest,7,05447093A-110_block_7,temporal_block,15.0,0.043484097624713995,0
05447093A-110,2024-05-09 09:44:33+00:00,not_walking,0,random_forest,7,05447093A-110_block_7,temporal_block,15.0,0.0421444961859285,0
05447093A-110,2024-05-09 09:44:34+00:00,not_walking,0,random_forest,7,05447093A-110_block_7,temporal_block,15.0,0.0799309113451498,0
05447093A-110,2024-05-09 09:44:35+00:00,not_walking,0,random_forest,7,05447093A-110_block_7,temporal_block,15.0,0.41644628435894415,0
05447093A-110,2024-05-09 09:44:36+00:00,not_walking,0,random_forest,7,05447093A-110_block_7,temporal_block,15.0,0.619697060322715,1
05447093A-110,2024-05-09 09:44:37+00:00,not_walking,0,random_forest,7,05447093A-110_block_7,temporal_block,15.0,0.7868410467733437,1
05447093A-110,2024-05-09 09:44:38+00:00,not_walking,0,random_forest,7,05447093A-110_block_7,temporal_block,15.0,0.22977974040767313,0
05447093A-110,2024-05-09 09:44:39+00:00,not_walking,0,random_forest,7,05447093A-110_block_7,temporal_block,15.0,0.054207316888487206,0
05447093A-110,2024-05-09 09:44:40+00:00,not_walking,0,random_forest,7,05447093A-110_block_7,temporal_block,15.0,0.057557449124504625,0
05447093A-110,2024-05-09 09:44:41+00:00,not_walking,0,random_forest,7,05447093A-110_block_7,temporal_block,15.0,0.08160978368780965,0
05447093A-110,2024-05-09 09:44:42+00:00,not_walking,0,random_forest,7,05447093A-110_block_7,temporal_block,15.0,0.06488367013332579,0
05447093A-110,2024-05-09 09:44:43+00:00,not_walking,0,random_forest,7,05447093A-110_block_7,temporal_block,15.0,0.07428203604264012,0
05447093A-110,2024-05-09 09:44:44+00:00,not_walking,0,random_forest,7,05447093A-110_block_7,temporal_block,15.0,0.11305868721018553,0
05447093A-110,2024-05-09 09:44:45+00:00,not_walking,0,random_forest,7,05447093A-110_block_7,temporal_block,15.0,0.0603310411965933,0
05447093A-110,2024-05-09 09:44:46+00:00,not_walking,0,random_forest,7,05447093A-110_block_7,temporal_block,15.0,0.047222166566859056,0
05447093A-110,2024-05-09 09:44:47+00:00,not_walking,0,random_forest,7,05447093A-110_block_7,temporal_block,15.0,0.07067010019898351,0
05447093A-110,2024-05-09 09:44:48+00:00,not_walking,0,random_forest,7,05447093A-110_block_7,temporal_block,15.0,0.5141954893915344,1
05447093A-110,2024-05-09 09:44:49+00:00,not_walking,0,random_forest,7,05447093A-110_block_7,temporal_block,15.0,0.5668091986888012,1
05447093A-110,2024-05-09 09:44:50+00:00,not_walking,0,random_forest,7,05447093A-110_block_7,temporal_block,15.0,0.5168551115108457,1
05447093A-110,2024-05-09 09:44:51+00:00,not_walking,0,random_forest,7,05447093A-110_block_7,temporal_block,15.0,0.17132214676607588,0
05447093A-110,2024-05-09 09:44:52+00:00,not_walking,0,random_forest,7,05447093A-110_block_7,temporal_block,15.0,0.12040955651606014,0
05447093A-110,2024-05-09 09:44:53+00:00,not_walking,0,random_forest,7,05447093A-110_block_7,temporal_block,15.0,0.05338906145658915,0
05447093A-110,2024-05-09 09:44:54+00:00,not_walking,0,random_forest,7,05447093A-110_block_7,temporal_block,15.0,0.127991020826344,0
05447093A-110,2024-05-09 09:44:55+00:00,not_walking,0,random_forest,7,05447093A-110_block_7,temporal_block,15.0,0.18926647190997786,0
05447093A-110,2024-05-09 09:57:46+00:00,walking,1,random_forest,8,05447093A-110_block_8,temporal_block,15.0,0.5449108312599275,1
05447093A-110,2024-05-09 09:57:47+00:00,walking,1,random_forest,8,05447093A-110_block_8,temporal_block,15.0,0.6631248948289955,1
05447093A-110,2024-05-09 09:57:48+00:00,walking,1,random_forest,8,05447093A-110_block_8,temporal_block,15.0,0.7064813918374307,1
05447093A-110,2024-05-09 09:57:49+00:00,walking,1,random_forest,8,05447093A-110_block_8,temporal_block,15.0,0.5141836116371166,1
05447093A-110,2024-05-09 09:57:50+00:00,walking,1,random_forest,8,05447093A-110_block_8,temporal_block,15.0,0.587696634814632,1
05447093A-110,2024-05-09 09:57:51+00:00,walking,1,random_forest,8,05447093A-110_block_8,temporal_block,15.0,0.700650127959509,1
05447093A-110,2024-05-09 09:57:52+00:00,walking,1,random_forest,8,05447093A-110_block_8,temporal_block,15.0,0.5571385338851402,1
05447093A-110,2024-05-09 09:57:53+00:00,walking,1,random_forest,8,05447093A-110_block_8,temporal_block,15.0,0.5431670766360203,1
05447093A-110,2024-05-09 09:57:54+00:00,walking,1,random_forest,8,05447093A-110_block_8,temporal_block,15.0,0.7641042931675043,1
05447093A-110,2024-05-09 09:57:55+00:00,walking,1,random_forest,8,05447093A-110_block_8,temporal_block,15.0,0.5340416777789154,1
05447093A-110,2024-05-09 09:57:56+00:00,walking,1,random_forest,8,05447093A-110_block_8,temporal_block,15.0,0.24964598404687496,0
05447093A-110,2024-05-09 09:57:57+00:00,walking,1,random_forest,8,05447093A-110_block_8,temporal_block,15.0,0.6162185852377735,1
05447093A-110,2024-05-09 09:57:58+00:00,walking,1,random_forest,8,05447093A-110_block_8,temporal_block,15.0,0.5364680843207449,1
05447093A-110,2024-05-09 09:57:59+00:00,walking,1,random_forest,8,05447093A-110_block_8,temporal_block,15.0,0.6083609800188575,1
05447093A-110,2024-05-09 10:19:27.010000+00:00,walking,1,random_forest,9,05447093A-110_block_9,temporal_block,15.0,0.15430132317445766,0
05447093A-110,2024-05-09 10:19:28.010000+00:00,walking,1,random_forest,9,05447093A-110_block_9,temporal_block,15.0,0.4510087180132165,0
05447093A-110,2024-05-09 10:19:29.010000+00:00,walking,1,random_forest,9,05447093A-110_block_9,temporal_block,15.0,0.4686659376202886,0
05447093A-110,2024-05-09 10:19:30.010000+00:00,walking,1,random_forest,9,05447093A-110_block_9,temporal_block,15.0,0.5561032737066939,1
05447093A-110,2024-05-09 10:19:31.010000+00:00,walking,1,random_forest,9,05447093A-110_block_9,temporal_block,15.0,0.29162999474777607,0
05447093A-110,2024-05-09 10:19:32.010000+00:00,walking,1,random_forest,9,05447093A-110_block_9,temporal_block,15.0,0.527386037119624,1
05447093A-110,2024-05-09 10:19:33.010000+00:00,walking,1,random_forest,9,05447093A-110_block_9,temporal_block,15.0,0.5377749413489624,1
05447093A-110,2024-05-09 10:19:34.010000+00:00,walking,1,random_forest,9,05447093A-110_block_9,temporal_block,15.0,0.659656713818746,1
05447093A-110,2024-05-09 10:19:35.010000+00:00,walking,1,random_forest,9,05447093A-110_block_9,temporal_block,15.0,0.41414035090225076,0
05447093A-110,2024-05-09 10:19:36.010000+00:00,walking,1,random_forest,9,05447093A-110_block_9,temporal_block,15.0,0.616052728222141,1
05447093A-110,2024-05-09 10:19:37.010000+00:00,walking,1,random_forest,9,05447093A-110_block_9,temporal_block,15.0,0.699763267735222,1
05447093A-110,2024-05-09 10:19:38.010000+00:00,walking,1,random_forest,9,05447093A-110_block_9,temporal_block,15.0,0.31963855580089773,0
05447093A-110,2024-05-09 10:19:39.010000+00:00,walking,1,random_forest,9,05447093A-110_block_9,temporal_block,15.0,0.09994057752790317,0
05447093A-110,2024-05-09 10:19:40.010000+00:00,walking,1,random_forest,9,05447093A-110_block_9,temporal_block,15.0,0.5281151393505287,1
05447093A-110,2024-05-09 10:19:41.010000+00:00,walking,1,random_forest,9,05447093A-110_block_9,temporal_block,15.0,0.23029867810100554,0
05447093A-110,2024-05-09 10:19:42.010000+00:00,walking,1,random_forest,9,05447093A-110_block_9,temporal_block,15.0,0.5984029824877837,1
05447093A-110,2024-05-09 10:19:43.010000+00:00,walking,1,random_forest,9,05447093A-110_block_9,temporal_block,15.0,0.6152287763193415,1
05447093A-110,2024-05-09 10:19:44.010000+00:00,walking,1,random_forest,9,05447093A-110_block_9,temporal_block,15.0,0.29271760293758947,0
05447093A-110,2024-05-09 10:19:45.010000+00:00,walking,1,random_forest,9,05447093A-110_block_9,temporal_block,15.0,0.14979418889470428,0
05447093A-110,2024-05-09 10:19:46.010000+00:00,walking,1,random_forest,9,05447093A-110_block_9,temporal_block,15.0,0.4344293052703941,0
05447093A-110,2024-05-09 10:19:47.010000+00:00,walking,1,random_forest,9,05447093A-110_block_9,temporal_block,15.0,0.4159327554326328,0
05447093A-110,2024-05-09 10:19:48.010000+00:00,walking,1,random_forest,9,05447093A-110_block_9,temporal_block,15.0,0.4849340368610666,0
05447093A-110,2024-05-09 10:19:49.010000+00:00,walking,1,random_forest,9,05447093A-110_block_9,temporal_block,15.0,0.16212505966123314,0
05447093A-110,2024-05-09 10:19:50.010000+00:00,walking,1,random_forest,9,05447093A-110_block_9,temporal_block,15.0,0.5993385200613243,1
05447093A-110,2024-05-09 10:19:51.010000+00:00,walking,1,random_forest,9,05447093A-110_block_9,temporal_block,15.0,0.6004521480092766,1
05447093A-110,2024-05-09 10:19:52.010000+00:00,walking,1,random_forest,9,05447093A-110_block_9,temporal_block,15.0,0.24815749272865342,0
05447093A-110,2024-05-09 10:19:53.010000+00:00,walking,1,random_forest,9,05447093A-110_block_9,temporal_block,15.0,0.3918040171449849,0
05447093A-110,2024-05-09 10:19:54.010000+00:00,walking,1,random_forest,9,05447093A-110_block_9,temporal_block,15.0,0.6356480232796874,1
05447093A-110,2024-05-09 10:19:55.010000+00:00,walking,1,random_forest,9,05447093A-110_block_9,temporal_block,15.0,0.7574987929843735,1
05447093A-110,2024-05-09 10:19:56.010000+00:00,walking,1,random_forest,9,05447093A-110_block_9,temporal_block,15.0,0.3048996584237555,0
05447093A-110,2024-05-09 10:19:57.010000+00:00,walking,1,random_forest,9,05447093A-110_block_9,temporal_block,15.0,0.3184740470258105,0
05447093A-110,2024-05-09 10:19:58.010000+00:00,walking,1,random_forest,9,05447093A-110_block_9,temporal_block,15.0,0.7548181698868128,1
330034-32,2025-02-25 10:28:10.230000+00:00,not_walking,0,random_forest,10,330034-32_block_10,temporal_block,15.0,0.05262842917431388,0
330034-32,2025-02-25 10:28:11.230000+00:00,not_walking,0,random_forest,10,330034-32_block_10,temporal_block,15.0,0.05106235594684022,0
330034-32,2025-02-25 10:28:12.230000+00:00,not_walking,0,random_forest,10,330034-32_block_10,temporal_block,15.0,0.05106246232552005,0
330034-32,2025-02-25 10:28:13.230000+00:00,not_walking,0,random_forest,10,330034-32_block_10,temporal_block,15.0,0.05244392091888997,0
330034-32,2025-02-25 10:28:14.230000+00:00,not_walking,0,random_forest,10,330034-32_block_10,temporal_block,15.0,0.08073735477916055,0
330034-32,2025-02-25 10:28:15.230000+00:00,not_walking,0,random_forest,10,330034-32_block_10,temporal_block,15.0,0.20043764345705462,0
330034-32,2025-02-25 10:28:16.230000+00:00,not_walking,0,random_forest,10,330034-32_block_10,temporal_block,15.0,0.40239360705292865,0
330034-32,2025-02-25 10:28:17.230000+00:00,not_walking,0,random_forest,10,330034-32_block_10,temporal_block,15.0,0.04693004653290664,0
330034-32,2025-02-25 10:28:18.230000+00:00,not_walking,0,random_forest,10,330034-32_block_10,temporal_block,15.0,0.05148417555430832,0
330034-32,2025-02-25 10:28:19.230000+00:00,not_walking,0,random_forest,10,330034-32_block_10,temporal_block,15.0,0.0505830810132694,0
330034-32,2025-02-25 10:28:20.230000+00:00,not_walking,0,random_forest,10,330034-32_block_10,temporal_block,15.0,0.05297467105226582,0
330034-32,2025-02-25 10:28:21.230000+00:00,not_walking,0,random_forest,10,330034-32_block_10,temporal_block,15.0,0.0581866278005293,0
330034-32,2025-02-25 10:28:22.230000+00:00,not_walking,0,random_forest,10,330034-32_block_10,temporal_block,15.0,0.06653602262635559,0
330034-32,2025-02-25 10:28:23.230000+00:00,not_walking,0,random_forest,10,330034-32_block_10,temporal_block,15.0,0.3276859088977312,0
330034-32,2025-02-25 10:28:24.230000+00:00,not_walking,0,random_forest,10,330034-32_block_10,temporal_block,15.0,0.10913544592181888,0
330034-32,2025-02-25 10:28:25.230000+00:00,not_walking,0,random_forest,10,330034-32_block_10,temporal_block,15.0,0.11554898327617909,0
330034-32,2025-02-25 10:28:26.230000+00:00,not_walking,0,random_forest,10,330034-32_block_10,temporal_block,15.0,0.323768206232748,0
330034-32,2025-02-25 10:28:27.230000+00:00,not_walking,0,random_forest,10,330034-32_block_10,temporal_block,15.0,0.33202412614839777,0
330034-32,2025-02-25 10:28:28.230000+00:00,not_walking,0,random_forest,10,330034-32_block_10,temporal_block,15.0,0.52961809695175,1
330034-32,2025-02-25 10:28:29.230000+00:00,not_walking,0,random_forest,10,330034-32_block_10,temporal_block,15.0,0.5287397491047603,1
330034-32,2025-02-25 10:28:30.230000+00:00,not_walking,0,random_forest,10,330034-32_block_10,temporal_block,15.0,0.23789931922351643,0
330034-32,2025-02-25 10:28:31.230000+00:00,not_walking,0,random_forest,10,330034-32_block_10,temporal_block,15.0,0.05884564895215383,0
330034-32,2025-02-25 10:28:32.230000+00:00,not_walking,0,random_forest,10,330034-32_block_10,temporal_block,15.0,0.05861491113607839,0
330034-32,2025-02-25 10:28:33.230000+00:00,not_walking,0,random_forest,10,330034-32_block_10,temporal_block,15.0,0.06281113019384549,0
330034-32,2025-02-25 10:28:34.230000+00:00,not_walking,0,random_forest,10,330034-32_block_10,temporal_block,15.0,0.07767430545818273,0
330034-32,2025-02-25 10:28:35.230000+00:00,not_walking,0,random_forest,10,330034-32_block_10,temporal_block,15.0,0.3782787346621236,0
330034-32,2025-02-25 10:28:36.230000+00:00,not_walking,0,random_forest,10,330034-32_block_10,temporal_block,15.0,0.4664848607067909,0
330034-32,2025-02-25 10:28:37.230000+00:00,not_walking,0,random_forest,10,330034-32_block_10,temporal_block,15.0,0.31094485267815375,0
330034-32,2025-02-25 10:28:38.230000+00:00,not_walking,0,random_forest,10,330034-32_block_10,temporal_block,15.0,0.2190353449901194,0
330034-32,2025-02-25 10:28:39.230000+00:00,not_walking,0,random_forest,10,330034-32_block_10,temporal_block,15.0,0.19771083224341804,0
330034-32,2025-02-25 10:28:40.230000+00:00,not_walking,0,random_forest,10,330034-32_block_10,temporal_block,15.0,0.09700949430940463,0
330034-32,2025-02-25 10:28:41.230000+00:00,not_walking,0,random_forest,10,330034-32_block_10,temporal_block,15.0,0.09398668377753028,0
330034-32,2025-02-25 10:28:42.230000+00:00,not_walking,0,random_forest,10,330034-32_block_10,temporal_block,15.0,0.08125105480507089,0
330034-32,2025-02-25 10:28:43.230000+00:00,not_walking,0,random_forest,10,330034-32_block_10,temporal_block,15.0,0.07919939431048721,0
330034-32,2025-02-25 10:28:44.230000+00:00,not_walking,0,random_forest,10,330034-32_block_10,temporal_block,15.0,0.08801148751213772,0
330034-32,2025-02-25 10:28:45.230000+00:00,not_walking,0,random_forest,10,330034-32_block_10,temporal_block,15.0,0.08479876970596906,0
330034-32,2025-02-25 10:29:01.010000+00:00,not_walking,0,random_forest,11,330034-32_block_11,temporal_block,15.0,0.5080307031887723,1
330034-32,2025-02-25 10:29:02.010000+00:00,not_walking,0,random_forest,11,330034-32_block_11,temporal_block,15.0,0.428616880913355,0
330034-32,2025-02-25 10:29:03.010000+00:00,not_walking,0,random_forest,11,330034-32_block_11,temporal_block,15.0,0.47215578075689196,0
330034-32,2025-02-25 10:29:04.010000+00:00,not_walking,0,random_forest,11,330034-32_block_11,temporal_block,15.0,0.08509355770235773,0
330034-32,2025-02-25 10:29:05.010000+00:00,not_walking,0,random_forest,11,330034-32_block_11,temporal_block,15.0,0.09204611047953389,0
330034-32,2025-02-25 10:29:06.010000+00:00,not_walking,0,random_forest,11,330034-32_block_11,temporal_block,15.0,0.037092197636174225,0
330034-32,2025-02-25 10:29:07.010000+00:00,not_walking,0,random_forest,11,330034-32_block_11,temporal_block,15.0,0.21812031185809488,0
330034-32,2025-02-25 10:29:08.010000+00:00,not_walking,0,random_forest,11,330034-32_block_11,temporal_block,15.0,0.03960603187943065,0
330034-32,2025-02-25 10:29:23+00:00,walking,1,random_forest,12,330034-32_block_12,temporal_block,15.0,0.745202125716784,1
330034-32,2025-02-25 10:29:24+00:00,walking,1,random_forest,12,330034-32_block_12,temporal_block,15.0,0.30845231693029884,0
330034-32,2025-02-25 10:29:25+00:00,walking,1,random_forest,12,330034-32_block_12,temporal_block,15.0,0.1884726903853971,0
330034-32,2025-02-25 10:29:26+00:00,walking,1,random_forest,12,330034-32_block_12,temporal_block,15.0,0.19363879780849852,0
330034-32,2025-02-25 10:29:27+00:00,walking,1,random_forest,12,330034-32_block_12,temporal_block,15.0,0.30854346600473664,0
330034-32,2025-02-25 10:29:28+00:00,walking,1,random_forest,12,330034-32_block_12,temporal_block,15.0,0.6236012994937251,1
330034-32,2025-02-25 10:29:29+00:00,walking,1,random_forest,12,330034-32_block_12,temporal_block,15.0,0.5850119046944741,1
330034-32,2025-02-25 10:29:30+00:00,walking,1,random_forest,12,330034-32_block_12,temporal_block,15.0,0.6052602695045624,1
330034-32,2025-02-25 10:29:31+00:00,walking,1,random_forest,12,330034-32_block_12,temporal_block,15.0,0.8443413143168141,1
330034-32,2025-02-25 10:29:32+00:00,walking,1,random_forest,12,330034-32_block_12,temporal_block,15.0,0.8958611734561165,1
330034-32,2025-02-25 10:29:33+00:00,walking,1,random_forest,12,330034-32_block_12,temporal_block,15.0,0.6957199421522209,1
330034-32,2025-02-25 10:29:34+00:00,walking,1,random_forest,12,330034-32_block_12,temporal_block,15.0,0.656213810034694,1
330034-32,2025-02-25 10:29:35+00:00,walking,1,random_forest,12,330034-32_block_12,temporal_block,15.0,0.4033289296482543,0
330034-32,2025-02-25 10:29:36+00:00,walking,1,random_forest,12,330034-32_block_12,temporal_block,15.0,0.2354181699833108,0
330034-32,2025-02-25 10:29:37+00:00,walking,1,random_forest,12,330034-32_block_12,temporal_block,15.0,0.22376301053913242,0
330034-32,2025-02-25 10:29:38+00:00,walking,1,random_forest,12,330034-32_block_12,temporal_block,15.0,0.36971145087330404,0
330034-32,2025-02-25 10:29:39+00:00,walking,1,random_forest,12,330034-32_block_12,temporal_block,15.0,0.5677327939854182,1
330034-32,2025-02-25 10:29:40+00:00,walking,1,random_forest,12,330034-32_block_12,temporal_block,15.0,0.7118265897690574,1
330034-32,2025-02-25 10:29:41+00:00,walking,1,random_forest,12,330034-32_block_12,temporal_block,15.0,0.7157545409434395,1
330034-32,2025-02-25 10:29:42+00:00,walking,1,random_forest,12,330034-32_block_12,temporal_block,15.0,0.6081489864652219,1
330034-32,2025-02-25 10:29:43+00:00,walking,1,random_forest,12,330034-32_block_12,temporal_block,15.0,0.7727772867318479,1
330034-32,2025-02-25 10:29:44+00:00,walking,1,random_forest,12,330034-32_block_12,temporal_block,15.0,0.7702600474918361,1
330034-32,2025-02-25 10:29:45+00:00,walking,1,random_forest,12,330034-32_block_12,temporal_block,15.0,0.5032477670209486,1
330034-32,2025-02-25 10:29:46+00:00,walking,1,random_forest,12,330034-32_block_12,temporal_block,15.0,0.7536112722520617,1
330034-32,2025-02-25 10:29:47+00:00,walking,1,random_forest,12,330034-32_block_12,temporal_block,15.0,0.36718908792094185,0
330034-32,2025-02-25 10:29:48+00:00,walking,1,random_forest,12,330034-32_block_12,temporal_block,15.0,0.19304942299390826,0
330034-32,2025-02-25 10:29:49+00:00,walking,1,random_forest,12,330034-32_block_12,temporal_block,15.0,0.17893941228027913,0
330034-32,2025-02-25 10:29:50+00:00,walking,1,random_forest,12,330034-32_block_12,temporal_block,15.0,0.42968635239993297,0
330034-32,2025-02-25 10:29:51+00:00,walking,1,random_forest,12,330034-32_block_12,temporal_block,15.0,0.43922796891976634,0
330034-32,2025-02-25 10:29:52+00:00,walking,1,random_forest,12,330034-32_block_12,temporal_block,15.0,0.7342007420325415,1
330034-32,2025-02-25 10:29:53+00:00,walking,1,random_forest,12,330034-32_block_12,temporal_block,15.0,0.4937547114171641,0
330034-32,2025-02-25 10:29:54+00:00,walking,1,random_forest,12,330034-32_block_12,temporal_block,15.0,0.27285469508709487,0
330034-32,2025-02-25 10:29:55+00:00,walking,1,random_forest,12,330034-32_block_12,temporal_block,15.0,0.5095817991224513,1
330034-32,2025-02-25 10:29:56+00:00,walking,1,random_forest,12,330034-32_block_12,temporal_block,15.0,0.7149657890176923,1
330034-32,2025-02-25 10:29:57+00:00,walking,1,random_forest,12,330034-32_block_12,temporal_block,15.0,0.6814760409919894,1
330034-32,2025-02-25 10:29:58+00:00,walking,1,random_forest,12,330034-32_block_12,temporal_block,15.0,0.8089831492304407,1
330034-32,2025-02-25 10:29:59+00:00,walking,1,random_forest,12,330034-32_block_12,temporal_block,15.0,0.8577848531168137,1
330034-32,2025-02-25 10:30:00+00:00,walking,1,random_forest,12,330034-32_block_12,temporal_block,15.0,0.9044483286572429,1
330034-32,2025-02-25 10:30:01+00:00,walking,1,random_forest,12,330034-32_block_12,temporal_block,15.0,0.8212722722018869,1
330034-32,2025-02-25 10:30:09.020000+00:00,not_walking,0,random_forest,13,330034-32_block_13,temporal_block,15.0,0.1446881169675065,0
330034-32,2025-02-25 10:30:10.020000+00:00,not_walking,0,random_forest,13,330034-32_block_13,temporal_block,15.0,0.2276736348166399,0
330034-32,2025-02-25 10:30:11.020000+00:00,not_walking,0,random_forest,13,330034-32_block_13,temporal_block,15.0,0.13430618418826146,0
330034-32,2025-02-25 10:30:12.020000+00:00,not_walking,0,random_forest,13,330034-32_block_13,temporal_block,15.0,0.12406714547851806,0
330034-32,2025-02-25 10:30:13.020000+00:00,not_walking,0,random_forest,13,330034-32_block_13,temporal_block,15.0,0.13349099141351398,0
330034-32,2025-02-25 10:30:14.020000+00:00,not_walking,0,random_forest,13,330034-32_block_13,temporal_block,15.0,0.12775667933784918,0
330034-32,2025-02-25 10:30:15.020000+00:00,not_walking,0,random_forest,13,330034-32_block_13,temporal_block,15.0,0.12480873370829815,0
330034-32,2025-02-25 10:30:16.020000+00:00,not_walking,0,random_forest,13,330034-32_block_13,temporal_block,15.0,0.12399859844250263,0
330034-32,2025-02-25 10:30:17.020000+00:00,not_walking,0,random_forest,13,330034-32_block_13,temporal_block,15.0,0.13079803846176058,0
330034-32,2025-02-25 10:30:18.020000+00:00,not_walking,0,random_forest,13,330034-32_block_13,temporal_block,15.0,0.13363332242373818,0
330034-32,2025-02-25 10:30:19.020000+00:00,not_walking,0,random_forest,13,330034-32_block_13,temporal_block,15.0,0.17053852709416734,0
330034-32,2025-02-25 10:30:20.020000+00:00,not_walking,0,random_forest,13,330034-32_block_13,temporal_block,15.0,0.41889967489123836,0
330034-32,2025-02-25 10:30:21.020000+00:00,not_walking,0,random_forest,13,330034-32_block_13,temporal_block,15.0,0.6090725506262202,1
330034-32,2025-02-25 10:30:22.020000+00:00,not_walking,0,random_forest,13,330034-32_block_13,temporal_block,15.0,0.6178927030826398,1
330034-32,2025-02-25 10:30:23.020000+00:00,not_walking,0,random_forest,13,330034-32_block_13,temporal_block,15.0,0.6977203054328648,1
330034-32,2025-02-25 10:30:24.020000+00:00,not_walking,0,random_forest,13,330034-32_block_13,temporal_block,15.0,0.6628504150182649,1
330034-32,2025-02-25 10:30:25.020000+00:00,not_walking,0,random_forest,13,330034-32_block_13,temporal_block,15.0,0.4966606674046709,0
330034-32,2025-02-25 10:30:26.020000+00:00,not_walking,0,random_forest,13,330034-32_block_13,temporal_block,15.0,0.4340285467224017,0
330034-32,2025-02-25 10:30:27.020000+00:00,not_walking,0,random_forest,13,330034-32_block_13,temporal_block,15.0,0.4912774351513665,0
330034-32,2025-02-25 10:30:28.020000+00:00,not_walking,0,random_forest,13,330034-32_block_13,temporal_block,15.0,0.5519437670139566,1
330034-32,2025-02-25 10:30:29.020000+00:00,not_walking,0,random_forest,13,330034-32_block_13,temporal_block,15.0,0.10942415747649265,0
330034-32,2025-02-25 10:30:30.020000+00:00,not_walking,0,random_forest,13,330034-32_block_13,temporal_block,15.0,0.13058259606947456,0
330034-32,2025-02-25 10:30:31.020000+00:00,not_walking,0,random_forest,13,330034-32_block_13,temporal_block,15.0,0.12042365389617941,0
330034-32,2025-02-25 10:30:32.020000+00:00,not_walking,0,random_forest,13,330034-32_block_13,temporal_block,15.0,0.14020824767741444,0
330034-32,2025-02-25 10:30:33.020000+00:00,not_walking,0,random_forest,13,330034-32_block_13,temporal_block,15.0,0.2287328185444748,0
330034-32,2025-02-25 10:30:34.020000+00:00,not_walking,0,random_forest,13,330034-32_block_13,temporal_block,15.0,0.15477984005850914,0
330034-32,2025-02-25 10:30:35.020000+00:00,not_walking,0,random_forest,13,330034-32_block_13,temporal_block,15.0,0.1917708461944201,0
330034-32,2025-02-25 10:30:36.020000+00:00,not_walking,0,random_forest,13,330034-32_block_13,temporal_block,15.0,0.12261620886992089,0
330034-32,2025-02-25 10:30:37.020000+00:00,not_walking,0,random_forest,13,330034-32_block_13,temporal_block,15.0,0.12323377594056974,0
330034-32,2025-02-25 10:30:38.020000+00:00,not_walking,0,random_forest,13,330034-32_block_13,temporal_block,15.0,0.12491316055544059,0
330034-32,2025-02-25 10:30:39.020000+00:00,not_walking,0,random_forest,13,330034-32_block_13,temporal_block,15.0,0.13580340248241682,0
330034-32,2025-02-25 10:30:40.020000+00:00,not_walking,0,random_forest,13,330034-32_block_13,temporal_block,15.0,0.12304871129642206,0
330034-32,2025-02-25 10:30:41.020000+00:00,not_walking,0,random_forest,13,330034-32_block_13,temporal_block,15.0,0.12377451204409101,0
330034-32,2025-02-25 10:30:42.020000+00:00,not_walking,0,random_forest,13,330034-32_block_13,temporal_block,15.0,0.1320854037204091,0
330034-32,2025-02-25 10:30:43.020000+00:00,not_walking,0,random_forest,13,330034-32_block_13,temporal_block,15.0,0.4061309096291815,0
330034-32,2025-02-25 10:30:44.020000+00:00,not_walking,0,random_forest,13,330034-32_block_13,temporal_block,15.0,0.1441129636399894,0
330034-32,2025-02-25 10:30:45.020000+00:00,not_walking,0,random_forest,13,330034-32_block_13,temporal_block,15.0,0.12702973651102323,0
330034-32,2025-02-25 10:30:46.020000+00:00,not_walking,0,random_forest,13,330034-32_block_13,temporal_block,15.0,0.12049434563544462,0
330034-32,2025-02-25 10:30:47.020000+00:00,not_walking,0,random_forest,13,330034-32_block_13,temporal_block,15.0,0.11708669294548192,0
330034-32,2025-02-25 10:30:48.020000+00:00,not_walking,0,random_forest,13,330034-32_block_13,temporal_block,15.0,0.12717789705625826,0
330034-32,2025-02-25 10:30:49.020000+00:00,not_walking,0,random_forest,13,330034-32_block_13,temporal_block,15.0,0.12577997792011741,0
330034-32,2025-02-25 10:30:50.020000+00:00,not_walking,0,random_forest,13,330034-32_block_13,temporal_block,15.0,0.12167112712561955,0
330034-32,2025-02-25 10:30:51.020000+00:00,not_walking,0,random_forest,13,330034-32_block_13,temporal_block,15.0,0.14580953428812052,0
330034-32,2025-02-25 10:30:52.020000+00:00,not_walking,0,random_forest,13,330034-32_block_13,temporal_block,15.0,0.19584181190833105,0
330034-32,2025-02-25 10:30:53.020000+00:00,not_walking,0,random_forest,13,330034-32_block_13,temporal_block,15.0,0.15372360366694188,0
330034-32,2025-02-25 10:30:54.020000+00:00,not_walking,0,random_forest,13,330034-32_block_13,temporal_block,15.0,0.15384546245769548,0
330034-32,2025-02-25 10:30:55.020000+00:00,not_walking,0,random_forest,13,330034-32_block_13,temporal_block,15.0,0.19818363725834906,0
330034-32,2025-02-25 10:30:56.020000+00:00,not_walking,0,random_forest,13,330034-32_block_13,temporal_block,15.0,0.11057470982118457,0
330034-32,2025-02-25 10:30:57.020000+00:00,not_walking,0,random_forest,13,330034-32_block_13,temporal_block,15.0,0.11890218562188112,0
330034-32,2025-02-25 10:30:58.020000+00:00,not_walking,0,random_forest,13,330034-32_block_13,temporal_block,15.0,0.12245238362661424,0
330034-32,2025-02-25 10:30:59.020000+00:00,not_walking,0,random_forest,13,330034-32_block_13,temporal_block,15.0,0.11581918486369953,0
330034-32,2025-02-25 10:31:00.020000+00:00,not_walking,0,random_forest,13,330034-32_block_13,temporal_block,15.0,0.11464776311972516,0
330034-32,2025-02-25 10:31:01.020000+00:00,not_walking,0,random_forest,13,330034-32_block_13,temporal_block,15.0,0.11826337272310243,0
330034-32,2025-02-25 10:31:02.020000+00:00,not_walking,0,random_forest,13,330034-32_block_13,temporal_block,15.0,0.1287090975707804,0
330034-32,2025-02-25 10:31:03.020000+00:00,not_walking,0,random_forest,13,330034-32_block_13,temporal_block,15.0,0.1111314955613761,0
330034-32,2025-02-25 10:31:04.020000+00:00,not_walking,0,random_forest,13,330034-32_block_13,temporal_block,15.0,0.11635019290639809,0
330034-32,2025-02-25 10:31:05.020000+00:00,not_walking,0,random_forest,13,330034-32_block_13,temporal_block,15.0,0.11792196744744025,0
330034-32,2025-02-25 10:31:06.020000+00:00,not_walking,0,random_forest,13,330034-32_block_13,temporal_block,15.0,0.11889576619781597,0
330034-32,2025-02-25 10:31:07.020000+00:00,not_walking,0,random_forest,13,330034-32_block_13,temporal_block,15.0,0.11417422768654721,0
330034-32,2025-02-25 10:31:08.020000+00:00,not_walking,0,random_forest,13,330034-32_block_13,temporal_block,15.0,0.11719758680648343,0
330034-32,2025-02-25 10:31:09.020000+00:00,not_walking,0,random_forest,13,330034-32_block_13,temporal_block,15.0,0.11040003406054934,0
330034-32,2025-02-25 10:31:10.020000+00:00,not_walking,0,random_forest,13,330034-32_block_13,temporal_block,15.0,0.12032817800393429,0
330034-32,2025-02-25 10:31:11.020000+00:00,not_walking,0,random_forest,13,330034-32_block_13,temporal_block,15.0,0.12181127932808898,0
330034-32,2025-02-25 10:31:12.020000+00:00,not_walking,0,random_forest,13,330034-32_block_13,temporal_block,15.0,0.12169295815699198,0
330034-32,2025-02-25 10:31:13.020000+00:00,not_walking,0,random_forest,13,330034-32_block_13,temporal_block,15.0,0.11849236133976286,0
330034-32,2025-02-25 10:31:14.020000+00:00,not_walking,0,random_forest,13,330034-32_block_13,temporal_block,15.0,0.11407558951243676,0
330034-32,2025-02-25 10:31:15.020000+00:00,not_walking,0,random_forest,13,330034-32_block_13,temporal_block,15.0,0.11945846822928625,0
330034-32,2025-02-25 10:31:16.020000+00:00,not_walking,0,random_forest,13,330034-32_block_13,temporal_block,15.0,0.12176109306930663,0
330034-32,2025-02-25 10:31:17.020000+00:00,not_walking,0,random_forest,13,330034-32_block_13,temporal_block,15.0,0.12402288572923759,0
330034-32,2025-02-25 10:31:18.020000+00:00,not_walking,0,random_forest,13,330034-32_block_13,temporal_block,15.0,0.11507012525998869,0
330034-32,2025-02-25 10:31:19.020000+00:00,not_walking,0,random_forest,13,330034-32_block_13,temporal_block,15.0,0.11783261300961556,0
330034-32,2025-02-25 10:31:20.020000+00:00,not_walking,0,random_forest,13,330034-32_block_13,temporal_block,15.0,0.11828664712066718,0
330034-32,2025-02-25 10:31:21.020000+00:00,not_walking,0,random_forest,13,330034-32_block_13,temporal_block,15.0,0.11405768261992057,0
330034-32,2025-02-25 10:31:22.020000+00:00,not_walking,0,random_forest,13,330034-32_block_13,temporal_block,15.0,0.11482390847853194,0
330034-32,2025-02-25 10:31:23.020000+00:00,not_walking,0,random_forest,13,330034-32_block_13,temporal_block,15.0,0.11764884465027509,0
330034-32,2025-02-25 10:31:24.020000+00:00,not_walking,0,random_forest,13,330034-32_block_13,temporal_block,15.0,0.114611721580991,0
330034-32,2025-02-25 10:31:25.020000+00:00,not_walking,0,random_forest,13,330034-32_block_13,temporal_block,15.0,0.12097350627524073,0
330034-32,2025-02-25 10:31:26.020000+00:00,not_walking,0,random_forest,13,330034-32_block_13,temporal_block,15.0,0.11960879782341326,0
330034-32,2025-02-25 10:31:27.020000+00:00,not_walking,0,random_forest,13,330034-32_block_13,temporal_block,15.0,0.1620037099391981,0
330034-32,2025-02-25 10:31:28.020000+00:00,not_walking,0,random_forest,13,330034-32_block_13,temporal_block,15.0,0.370120755099783,0
330034-32,2025-02-25 10:31:29.020000+00:00,not_walking,0,random_forest,13,330034-32_block_13,temporal_block,15.0,0.11903897381684538,0
330034-32,2025-02-25 10:31:30.020000+00:00,not_walking,0,random_forest,13,330034-32_block_13,temporal_block,15.0,0.13460945432885976,0
330034-32,2025-02-25 10:31:31.020000+00:00,not_walking,0,random_forest,13,330034-32_block_13,temporal_block,15.0,0.19392642004168234,0
330034-32,2025-02-25 10:31:32.020000+00:00,not_walking,0,random_forest,13,330034-32_block_13,temporal_block,15.0,0.14325123784205906,0
330034-32,2025-02-25 10:31:33.020000+00:00,not_walking,0,random_forest,13,330034-32_block_13,temporal_block,15.0,0.11154571889869999,0
330034-32,2025-02-25 10:31:34.020000+00:00,not_walking,0,random_forest,13,330034-32_block_13,temporal_block,15.0,0.1575421318581334,0
330034-32,2025-02-25 10:31:35.020000+00:00,not_walking,0,random_forest,13,330034-32_block_13,temporal_block,15.0,0.15369275868796076,0
330034-32,2025-02-25 10:31:36.020000+00:00,not_walking,0,random_forest,13,330034-32_block_13,temporal_block,15.0,0.17748938131529368,0
330034-32,2025-02-25 10:31:37.020000+00:00,not_walking,0,random_forest,13,330034-32_block_13,temporal_block,15.0,0.5105068713530614,1
330034-32,2025-02-25 10:31:38.020000+00:00,not_walking,0,random_forest,13,330034-32_block_13,temporal_block,15.0,0.47217908697307803,0
330034-32,2025-02-25 10:31:39.020000+00:00,not_walking,0,random_forest,13,330034-32_block_13,temporal_block,15.0,0.12746126077773803,0
330034-32,2025-02-25 10:31:40.020000+00:00,not_walking,0,random_forest,13,330034-32_block_13,temporal_block,15.0,0.1891087122758163,0
330034-32,2025-02-25 10:31:41.020000+00:00,not_walking,0,random_forest,13,330034-32_block_13,temporal_block,15.0,0.1351046908510388,0
330034-32,2025-02-25 10:31:42.020000+00:00,not_walking,0,random_forest,13,330034-32_block_13,temporal_block,15.0,0.35853483610696507,0
330034-32,2025-02-25 10:31:43.020000+00:00,not_walking,0,random_forest,13,330034-32_block_13,temporal_block,15.0,0.14819139454486924,0
330034-32,2025-02-25 10:31:44.020000+00:00,not_walking,0,random_forest,13,330034-32_block_13,temporal_block,15.0,0.12430767996804562,0
330034-32,2025-02-25 10:31:45.020000+00:00,not_walking,0,random_forest,13,330034-32_block_13,temporal_block,15.0,0.20017099666399574,0
330034-32,2025-02-25 10:31:46.020000+00:00,not_walking,0,random_forest,13,330034-32_block_13,temporal_block,15.0,0.13962143544418323,0
330034-32,2025-02-25 10:31:47.020000+00:00,not_walking,0,random_forest,13,330034-32_block_13,temporal_block,15.0,0.14272105124999687,0
330034-32,2025-02-25 10:31:48.020000+00:00,not_walking,0,random_forest,13,330034-32_block_13,temporal_block,15.0,0.17822333473945326,0
330034-32,2025-02-25 10:31:49.020000+00:00,not_walking,0,random_forest,13,330034-32_block_13,temporal_block,15.0,0.11619185530651431,0
330034-32,2025-02-25 10:31:50.020000+00:00,not_walking,0,random_forest,13,330034-32_block_13,temporal_block,15.0,0.1100818322504438,0
330034-32,2025-02-25 10:31:51.020000+00:00,not_walking,0,random_forest,13,330034-32_block_13,temporal_block,15.0,0.14368793342858321,0
330034-32,2025-02-25 10:31:52.020000+00:00,not_walking,0,random_forest,13,330034-32_block_13,temporal_block,15.0,0.12125385877752812,0
330034-32,2025-02-25 10:31:53.020000+00:00,not_walking,0,random_forest,13,330034-32_block_13,temporal_block,15.0,0.20380458768445103,0
330034-32,2025-02-25 10:31:54.020000+00:00,not_walking,0,random_forest,13,330034-32_block_13,temporal_block,15.0,0.11527714133900756,0
330034-32,2025-02-25 10:31:55.020000+00:00,not_walking,0,random_forest,13,330034-32_block_13,temporal_block,15.0,0.40532833350017905,0
330034-32,2025-02-25 10:31:56.020000+00:00,not_walking,0,random_forest,13,330034-32_block_13,temporal_block,15.0,0.25148816160402565,0
330034-32,2025-02-25 10:31:57.020000+00:00,not_walking,0,random_forest,13,330034-32_block_13,temporal_block,15.0,0.1389564667997156,0
330034-32,2025-02-25 10:31:58.020000+00:00,not_walking,0,random_forest,13,330034-32_block_13,temporal_block,15.0,0.1438472428320009,0
330034-32,2025-02-25 10:31:59.020000+00:00,not_walking,0,random_forest,13,330034-32_block_13,temporal_block,15.0,0.4912131211454913,0
330034-32,2025-02-25 10:32:00.020000+00:00,not_walking,0,random_forest,13,330034-32_block_13,temporal_block,15.0,0.11842934936157529,0
330034-32,2025-02-25 10:32:01.020000+00:00,not_walking,0,random_forest,13,330034-32_block_13,temporal_block,15.0,0.1150496143836488,0
330034-32,2025-02-25 10:32:02.020000+00:00,not_walking,0,random_forest,13,330034-32_block_13,temporal_block,15.0,0.11662144250632824,0
330034-32,2025-02-25 10:32:03.020000+00:00,not_walking,0,random_forest,13,330034-32_block_13,temporal_block,15.0,0.1250400897672277,0
330034-32,2025-02-25 10:32:04.020000+00:00,not_walking,0,random_forest,13,330034-32_block_13,temporal_block,15.0,0.1266336976505981,0
330034-32,2025-02-25 10:32:05.020000+00:00,not_walking,0,random_forest,13,330034-32_block_13,temporal_block,15.0,0.11902144072130774,0
330034-32,2025-02-25 10:32:06.020000+00:00,not_walking,0,random_forest,13,330034-32_block_13,temporal_block,15.0,0.17877360000978376,0
330034-32,2025-02-25 10:32:07.020000+00:00,not_walking,0,random_forest,13,330034-32_block_13,temporal_block,15.0,0.12220719872488864,0
330034-32,2025-02-25 10:32:08.020000+00:00,not_walking,0,random_forest,13,330034-32_block_13,temporal_block,15.0,0.11877287858027254,0
330034-32,2025-02-25 10:32:09.020000+00:00,not_walking,0,random_forest,13,330034-32_block_13,temporal_block,15.0,0.11579896764195852,0
330034-32,2025-02-25 10:32:10.020000+00:00,not_walking,0,random_forest,13,330034-32_block_13,temporal_block,15.0,0.10926952298564653,0
330034-32,2025-02-25 10:32:11.020000+00:00,not_walking,0,random_forest,13,330034-32_block_13,temporal_block,15.0,0.3491629609782423,0
330034-32,2025-02-25 10:32:12.020000+00:00,not_walking,0,random_forest,13,330034-32_block_13,temporal_block,15.0,0.17453989367673442,0
330034-32,2025-02-25 10:32:13.020000+00:00,not_walking,0,random_forest,13,330034-32_block_13,temporal_block,15.0,0.14880610760798252,0
330034-32,2025-02-25 10:32:14.020000+00:00,not_walking,0,random_forest,13,330034-32_block_13,temporal_block,15.0,0.25892651727376476,0
330034-32,2025-02-25 10:32:15.020000+00:00,not_walking,0,random_forest,13,330034-32_block_13,temporal_block,15.0,0.14432876164332906,0
330034-32,2025-02-25 10:32:16.020000+00:00,not_walking,0,random_forest,13,330034-32_block_13,temporal_block,15.0,0.12892655788095392,0
330034-32,2025-02-25 10:32:17.020000+00:00,not_walking,0,random_forest,13,330034-32_block_13,temporal_block,15.0,0.21279831401713864,0
330034-32,2025-02-25 10:32:18.020000+00:00,not_walking,0,random_forest,13,330034-32_block_13,temporal_block,15.0,0.5576272275106122,1
330034-32,2025-02-25 10:32:19.020000+00:00,not_walking,0,random_forest,13,330034-32_block_13,temporal_block,15.0,0.1761110666533651,0
330034-32,2025-02-25 10:32:20.020000+00:00,not_walking,0,random_forest,13,330034-32_block_13,temporal_block,15.0,0.11213012551139315,0
330034-32,2025-02-25 10:32:21.020000+00:00,not_walking,0,random_forest,13,330034-32_block_13,temporal_block,15.0,0.16769233003029085,0
330034-32,2025-02-25 10:32:22.020000+00:00,not_walking,0,random_forest,13,330034-32_block_13,temporal_block,15.0,0.2431679186978674,0
330034-32,2025-02-25 10:32:23.020000+00:00,not_walking,0,random_forest,13,330034-32_block_13,temporal_block,15.0,0.14207005328179548,0
330034-32,2025-02-25 10:32:24.020000+00:00,not_walking,0,random_forest,13,330034-32_block_13,temporal_block,15.0,0.11084309359163948,0
330034-32,2025-02-25 10:32:25.020000+00:00,not_walking,0,random_forest,13,330034-32_block_13,temporal_block,15.0,0.10032247793538303,0
330034-32,2025-02-25 10:32:26.020000+00:00,not_walking,0,random_forest,13,330034-32_block_13,temporal_block,15.0,0.11046281786649939,0
330034-32,2025-02-25 10:32:27.020000+00:00,not_walking,0,random_forest,13,330034-32_block_13,temporal_block,15.0,0.10754082809779289,0
330034-32,2025-02-25 10:32:28.020000+00:00,not_walking,0,random_forest,13,330034-32_block_13,temporal_block,15.0,0.1111086188213234,0
330034-32,2025-02-25 10:32:29.020000+00:00,not_walking,0,random_forest,13,330034-32_block_13,temporal_block,15.0,0.40082458163193446,0
47046344M-104,2024-10-15 07:28:59.010000+00:00,not_walking,0,random_forest,14,47046344M-104_block_14,temporal_block,15.0,0.7384513233930571,1
47046344M-104,2024-10-15 07:29:00.010000+00:00,not_walking,0,random_forest,14,47046344M-104_block_14,temporal_block,15.0,0.7306829227733179,1
47046344M-104,2024-10-15 07:29:01.010000+00:00,not_walking,0,random_forest,14,47046344M-104_block_14,temporal_block,15.0,0.6305114906583927,1
47046344M-104,2024-10-15 07:29:02.010000+00:00,not_walking,0,random_forest,14,47046344M-104_block_14,temporal_block,15.0,0.6242505591362087,1
47046344M-104,2024-10-15 07:29:03.010000+00:00,not_walking,0,random_forest,14,47046344M-104_block_14,temporal_block,15.0,0.7292769003716435,1
47046344M-104,2024-10-15 07:29:04.010000+00:00,not_walking,0,random_forest,14,47046344M-104_block_14,temporal_block,15.0,0.7178394650208759,1
47046344M-104,2024-10-15 07:29:05.010000+00:00,not_walking,0,random_forest,14,47046344M-104_block_14,temporal_block,15.0,0.6624768361105976,1
47046344M-104,2024-10-15 07:29:06.010000+00:00,not_walking,0,random_forest,14,47046344M-104_block_14,temporal_block,15.0,0.7177459914656678,1
47046344M-104,2024-10-15 07:29:07.010000+00:00,not_walking,0,random_forest,14,47046344M-104_block_14,temporal_block,15.0,0.7018102275873577,1
47046344M-104,2024-10-15 07:29:08.010000+00:00,not_walking,0,random_forest,14,47046344M-104_block_14,temporal_block,15.0,0.7149099891982652,1
47046344M-104,2024-10-15 07:29:09.010000+00:00,not_walking,0,random_forest,14,47046344M-104_block_14,temporal_block,15.0,0.7206848872541248,1
47046344M-104,2024-10-15 07:29:10.010000+00:00,not_walking,0,random_forest,14,47046344M-104_block_14,temporal_block,15.0,0.6271899157111255,1
47046344M-104,2024-10-15 07:29:11.010000+00:00,not_walking,0,random_forest,14,47046344M-104_block_14,temporal_block,15.0,0.7445364441128897,1
47046344M-104,2024-10-15 07:29:12.010000+00:00,not_walking,0,random_forest,14,47046344M-104_block_14,temporal_block,15.0,0.7515781651545385,1
47046344M-104,2024-10-15 07:29:13.010000+00:00,not_walking,0,random_forest,14,47046344M-104_block_14,temporal_block,15.0,0.7422130742839841,1
47046344M-104,2024-10-15 07:29:14.010000+00:00,not_walking,0,random_forest,14,47046344M-104_block_14,temporal_block,15.0,0.7478613468563977,1
47046344M-104,2024-10-15 07:29:15.010000+00:00,not_walking,0,random_forest,14,47046344M-104_block_14,temporal_block,15.0,0.7664126335926679,1
47046344M-104,2024-10-15 07:29:16.010000+00:00,not_walking,0,random_forest,14,47046344M-104_block_14,temporal_block,15.0,0.7259700984438169,1
47046344M-104,2024-10-15 07:29:17.010000+00:00,not_walking,0,random_forest,14,47046344M-104_block_14,temporal_block,15.0,0.7403374513556994,1
47046344M-104,2024-10-15 07:29:18.010000+00:00,not_walking,0,random_forest,14,47046344M-104_block_14,temporal_block,15.0,0.7505732404067952,1
47046344M-104,2024-10-15 07:29:19.010000+00:00,not_walking,0,random_forest,14,47046344M-104_block_14,temporal_block,15.0,0.6699322380585031,1
47046344M-104,2024-10-15 07:29:20.010000+00:00,not_walking,0,random_forest,14,47046344M-104_block_14,temporal_block,15.0,0.6506059387307,1
47046344M-104,2024-10-15 07:29:21.010000+00:00,not_walking,0,random_forest,14,47046344M-104_block_14,temporal_block,15.0,0.7219946635206498,1
47046344M-104,2024-10-15 07:29:22.010000+00:00,not_walking,0,random_forest,14,47046344M-104_block_14,temporal_block,15.0,0.7227366212335806,1
47046344M-104,2024-10-15 07:29:23.010000+00:00,not_walking,0,random_forest,14,47046344M-104_block_14,temporal_block,15.0,0.673458787450941,1
47046344M-104,2024-10-15 07:29:24.010000+00:00,not_walking,0,random_forest,14,47046344M-104_block_14,temporal_block,15.0,0.7035511635200803,1
47046344M-104,2024-10-15 07:29:25.010000+00:00,not_walking,0,random_forest,14,47046344M-104_block_14,temporal_block,15.0,0.7338966287822253,1
47046344M-104,2024-10-15 07:29:26.010000+00:00,not_walking,0,random_forest,14,47046344M-104_block_14,temporal_block,15.0,0.6786501781328855,1
47046344M-104,2024-10-15 07:29:27.010000+00:00,not_walking,0,random_forest,14,47046344M-104_block_14,temporal_block,15.0,0.708979079488001,1
47046344M-104,2024-10-15 07:29:28.010000+00:00,not_walking,0,random_forest,14,47046344M-104_block_14,temporal_block,15.0,0.7325090643388384,1
47046344M-104,2024-10-15 07:29:29.010000+00:00,not_walking,0,random_forest,14,47046344M-104_block_14,temporal_block,15.0,0.7187249976707516,1
47046344M-104,2024-10-15 07:29:30.010000+00:00,not_walking,0,random_forest,14,47046344M-104_block_14,temporal_block,15.0,0.6935947712764488,1
47046344M-104,2024-10-15 07:29:31.010000+00:00,not_walking,0,random_forest,14,47046344M-104_block_14,temporal_block,15.0,0.7019504162458956,1
47046344M-104,2024-10-15 07:29:32.010000+00:00,not_walking,0,random_forest,14,47046344M-104_block_14,temporal_block,15.0,0.7127150053537131,1
47046344M-104,2024-10-15 07:29:33.010000+00:00,not_walking,0,random_forest,14,47046344M-104_block_14,temporal_block,15.0,0.7277419022174549,1
47046344M-104,2024-10-15 07:29:34.010000+00:00,not_walking,0,random_forest,14,47046344M-104_block_14,temporal_block,15.0,0.6681631364893628,1
47046344M-104,2024-10-15 07:29:35.010000+00:00,not_walking,0,random_forest,14,47046344M-104_block_14,temporal_block,15.0,0.7400321382926911,1
47046344M-104,2024-10-15 07:29:36.010000+00:00,not_walking,0,random_forest,14,47046344M-104_block_14,temporal_block,15.0,0.7260358276542243,1
47046344M-104,2024-10-15 07:29:37.010000+00:00,not_walking,0,random_forest,14,47046344M-104_block_14,temporal_block,15.0,0.6877118549027356,1
47046344M-104,2024-10-15 07:29:38.010000+00:00,not_walking,0,random_forest,14,47046344M-104_block_14,temporal_block,15.0,0.6609751860508556,1
47046344M-104,2024-10-15 07:29:39.010000+00:00,not_walking,0,random_forest,14,47046344M-104_block_14,temporal_block,15.0,0.7584339361739705,1
47046344M-104,2024-10-15 07:29:40.010000+00:00,not_walking,0,random_forest,14,47046344M-104_block_14,temporal_block,15.0,0.7233088226088845,1
47046344M-104,2024-10-15 07:29:41.010000+00:00,not_walking,0,random_forest,14,47046344M-104_block_14,temporal_block,15.0,0.6958128107331939,1
47046344M-104,2024-10-15 07:29:42.010000+00:00,not_walking,0,random_forest,14,47046344M-104_block_14,temporal_block,15.0,0.7557522973488436,1
47046344M-104,2024-10-15 07:29:43.010000+00:00,not_walking,0,random_forest,14,47046344M-104_block_14,temporal_block,15.0,0.7853643358120906,1
47046344M-104,2024-10-15 07:29:44.010000+00:00,not_walking,0,random_forest,14,47046344M-104_block_14,temporal_block,15.0,0.765302484117463,1
47046344M-104,2024-10-15 07:29:45.010000+00:00,not_walking,0,random_forest,14,47046344M-104_block_14,temporal_block,15.0,0.769576924792632,1
47046344M-104,2024-10-15 07:29:46.010000+00:00,not_walking,0,random_forest,14,47046344M-104_block_14,temporal_block,15.0,0.7843565752060156,1
47046344M-104,2024-10-15 07:29:47.010000+00:00,not_walking,0,random_forest,14,47046344M-104_block_14,temporal_block,15.0,0.7769981707895526,1
47046344M-104,2024-10-15 07:29:48.010000+00:00,not_walking,0,random_forest,14,47046344M-104_block_14,temporal_block,15.0,0.7528085911826409,1
47046344M-104,2024-10-15 07:29:49.010000+00:00,not_walking,0,random_forest,14,47046344M-104_block_14,temporal_block,15.0,0.7532667515427134,1
47046344M-104,2024-10-15 07:29:50.010000+00:00,not_walking,0,random_forest,14,47046344M-104_block_14,temporal_block,15.0,0.7844960907549736,1
47046344M-104,2024-10-15 07:29:51.010000+00:00,not_walking,0,random_forest,14,47046344M-104_block_14,temporal_block,15.0,0.7584892863787012,1
47046344M-104,2024-10-15 07:29:52.010000+00:00,not_walking,0,random_forest,14,47046344M-104_block_14,temporal_block,15.0,0.7604617549810266,1
47046344M-104,2024-10-15 07:29:53.010000+00:00,not_walking,0,random_forest,14,47046344M-104_block_14,temporal_block,15.0,0.7660392447763634,1
47046344M-104,2024-10-15 07:29:54.010000+00:00,not_walking,0,random_forest,14,47046344M-104_block_14,temporal_block,15.0,0.7663892934917856,1
47046344M-104,2024-10-15 07:29:55.010000+00:00,not_walking,0,random_forest,14,47046344M-104_block_14,temporal_block,15.0,0.7731672922880307,1
47046344M-104,2024-10-15 07:29:56.010000+00:00,not_walking,0,random_forest,14,47046344M-104_block_14,temporal_block,15.0,0.6788011299628011,1
47046344M-104,2024-10-15 07:29:57.010000+00:00,not_walking,0,random_forest,14,47046344M-104_block_14,temporal_block,15.0,0.8012122290083319,1
47046344M-104,2024-10-15 07:29:58.010000+00:00,not_walking,0,random_forest,14,47046344M-104_block_14,temporal_block,15.0,0.800213568713823,1
47046344M-104,2024-10-15 07:29:59.010000+00:00,not_walking,0,random_forest,14,47046344M-104_block_14,temporal_block,15.0,0.8106090374667332,1
47046344M-104,2024-10-15 07:30:02.010000+00:00,walking,1,random_forest,14,47046344M-104_block_14,temporal_block,15.0,0.8331175316435466,1
47046344M-104,2024-10-15 07:30:03.010000+00:00,walking,1,random_forest,14,47046344M-104_block_14,temporal_block,15.0,0.7888704073614702,1
47046344M-104,2024-10-15 07:30:04.010000+00:00,walking,1,random_forest,14,47046344M-104_block_14,temporal_block,15.0,0.7911643103419159,1
47046344M-104,2024-10-15 07:30:05.010000+00:00,walking,1,random_forest,14,47046344M-104_block_14,temporal_block,15.0,0.8618794648404219,1
47046344M-104,2024-10-15 07:30:06.010000+00:00,walking,1,random_forest,14,47046344M-104_block_14,temporal_block,15.0,0.8050187072899248,1
47046344M-104,2024-10-15 07:30:07.010000+00:00,walking,1,random_forest,14,47046344M-104_block_14,temporal_block,15.0,0.836976416001452,1
47046344M-104,2024-10-15 07:30:08.010000+00:00,walking,1,random_forest,14,47046344M-104_block_14,temporal_block,15.0,0.8491302550306169,1
47046344M-104,2024-10-15 07:30:09.010000+00:00,walking,1,random_forest,14,47046344M-104_block_14,temporal_block,15.0,0.8339902471579075,1
47046344M-104,2024-10-15 07:30:10.010000+00:00,walking,1,random_forest,14,47046344M-104_block_14,temporal_block,15.0,0.8356395667286126,1
47046344M-104,2024-10-15 07:30:11.010000+00:00,walking,1,random_forest,14,47046344M-104_block_14,temporal_block,15.0,0.8195292368031762,1
47046344M-104,2024-10-15 07:30:12.010000+00:00,walking,1,random_forest,14,47046344M-104_block_14,temporal_block,15.0,0.8483373268350284,1
47046344M-104,2024-10-15 07:30:13.010000+00:00,walking,1,random_forest,14,47046344M-104_block_14,temporal_block,15.0,0.8472632637855781,1
47046344M-104,2024-10-15 07:30:14.010000+00:00,walking,1,random_forest,14,47046344M-104_block_14,temporal_block,15.0,0.8556324518824621,1
47046344M-104,2024-10-15 07:30:15.010000+00:00,walking,1,random_forest,14,47046344M-104_block_14,temporal_block,15.0,0.8248919304542132,1
47046344M-104,2024-10-15 07:30:16.010000+00:00,not_walking,0,random_forest,14,47046344M-104_block_14,temporal_block,15.0,0.7859161856423065,1
47046344M-104,2024-10-15 07:30:17.010000+00:00,not_walking,0,random_forest,14,47046344M-104_block_14,temporal_block,15.0,0.8270939088939029,1
47046344M-104,2024-10-15 07:30:18.010000+00:00,not_walking,0,random_forest,14,47046344M-104_block_14,temporal_block,15.0,0.8267916461197544,1
47046344M-104,2024-10-15 07:30:19.010000+00:00,not_walking,0,random_forest,14,47046344M-104_block_14,temporal_block,15.0,0.7809177760244665,1
47046344M-104,2024-10-15 07:30:20.010000+00:00,not_walking,0,random_forest,14,47046344M-104_block_14,temporal_block,15.0,0.7893663551162263,1
47046344M-104,2024-10-15 07:30:21.010000+00:00,not_walking,0,random_forest,14,47046344M-104_block_14,temporal_block,15.0,0.8282782086008091,1
47046344M-104,2024-10-15 07:30:22.010000+00:00,not_walking,0,random_forest,14,47046344M-104_block_14,temporal_block,15.0,0.8292900618461901,1
47046344M-104,2024-10-15 07:30:23.010000+00:00,not_walking,0,random_forest,14,47046344M-104_block_14,temporal_block,15.0,0.7983704637967072,1
47046344M-104,2024-10-15 07:30:24.010000+00:00,not_walking,0,random_forest,14,47046344M-104_block_14,temporal_block,15.0,0.8340177542139718,1
47046344M-104,2024-10-15 07:30:25.010000+00:00,not_walking,0,random_forest,14,47046344M-104_block_14,temporal_block,15.0,0.7841888061048218,1
47046344M-104,2024-10-15 07:30:26.010000+00:00,not_walking,0,random_forest,14,47046344M-104_block_14,temporal_block,15.0,0.7833220658971117,1
47046344M-104,2024-10-15 07:30:27.010000+00:00,not_walking,0,random_forest,14,47046344M-104_block_14,temporal_block,15.0,0.8319150474411344,1
47046344M-104,2024-10-15 07:30:28.010000+00:00,not_walking,0,random_forest,14,47046344M-104_block_14,temporal_block,15.0,0.8273676303300225,1
47046344M-104,2024-10-15 07:30:29.010000+00:00,not_walking,0,random_forest,14,47046344M-104_block_14,temporal_block,15.0,0.773268689129735,1
47046344M-104,2024-10-15 07:30:30.010000+00:00,not_walking,0,random_forest,14,47046344M-104_block_14,temporal_block,15.0,0.779618069365475,1
47046344M-104,2024-10-15 07:30:31.010000+00:00,not_walking,0,random_forest,14,47046344M-104_block_14,temporal_block,15.0,0.8295302196957107,1
47046344M-104,2024-10-15 07:30:32.010000+00:00,not_walking,0,random_forest,14,47046344M-104_block_14,temporal_block,15.0,0.8273027028744783,1
47046344M-104,2024-10-15 07:30:33.010000+00:00,not_walking,0,random_forest,14,47046344M-104_block_14,temporal_block,15.0,0.7946637789395424,1
47046344M-104,2024-10-15 07:30:34.010000+00:00,not_walking,0,random_forest,14,47046344M-104_block_14,temporal_block,15.0,0.7790521488333741,1
47046344M-104,2024-10-15 07:30:35.010000+00:00,not_walking,0,random_forest,14,47046344M-104_block_14,temporal_block,15.0,0.8281836729874681,1
47046344M-104,2024-10-15 07:30:36.010000+00:00,not_walking,0,random_forest,14,47046344M-104_block_14,temporal_block,15.0,0.8285119852960962,1
47046344M-104,2024-10-15 07:30:37.010000+00:00,not_walking,0,random_forest,14,47046344M-104_block_14,temporal_block,15.0,0.817505023505886,1
47046344M-104,2024-10-15 07:30:38.010000+00:00,not_walking,0,random_forest,14,47046344M-104_block_14,temporal_block,15.0,0.7774532324137622,1
47046344M-104,2024-10-15 07:30:39.010000+00:00,not_walking,0,random_forest,14,47046344M-104_block_14,temporal_block,15.0,0.7744235256431342,1
47046344M-104,2024-10-15 07:30:40.010000+00:00,not_walking,0,random_forest,14,47046344M-104_block_14,temporal_block,15.0,0.8279813917820353,1
47046344M-104,2024-10-15 07:30:41.010000+00:00,not_walking,0,random_forest,14,47046344M-104_block_14,temporal_block,15.0,0.8338075820247713,1
47046344M-104,2024-10-15 07:30:42.010000+00:00,not_walking,0,random_forest,14,47046344M-104_block_14,temporal_block,15.0,0.8288687608209597,1
47046344M-104,2024-10-15 07:30:43.010000+00:00,not_walking,0,random_forest,14,47046344M-104_block_14,temporal_block,15.0,0.7869062037912637,1
47046344M-104,2024-10-15 07:30:44.010000+00:00,not_walking,0,random_forest,14,47046344M-104_block_14,temporal_block,15.0,0.7820123916199567,1
47046344M-104,2024-10-15 07:30:45.010000+00:00,not_walking,0,random_forest,14,47046344M-104_block_14,temporal_block,15.0,0.7797218972461814,1
47046344M-104,2024-10-15 07:30:46.010000+00:00,not_walking,0,random_forest,14,47046344M-104_block_14,temporal_block,15.0,0.7760007825999519,1
47046344M-104,2024-10-15 07:30:47.010000+00:00,not_walking,0,random_forest,14,47046344M-104_block_14,temporal_block,15.0,0.823166263693117,1
47046344M-104,2024-10-15 07:30:48.010000+00:00,not_walking,0,random_forest,14,47046344M-104_block_14,temporal_block,15.0,0.8327175727889479,1
47046344M-104,2024-10-15 07:30:49.010000+00:00,not_walking,0,random_forest,14,47046344M-104_block_14,temporal_block,15.0,0.825189100721037,1
47046344M-104,2024-10-15 07:30:50.010000+00:00,not_walking,0,random_forest,14,47046344M-104_block_14,temporal_block,15.0,0.7859731107377639,1
47046344M-104,2024-10-15 07:30:51.010000+00:00,not_walking,0,random_forest,14,47046344M-104_block_14,temporal_block,15.0,0.8276277620606984,1
47046344M-104,2024-10-15 07:30:52.010000+00:00,not_walking,0,random_forest,14,47046344M-104_block_14,temporal_block,15.0,0.7725418393710392,1
47046344M-104,2024-10-15 07:30:53.010000+00:00,not_walking,0,random_forest,14,47046344M-104_block_14,temporal_block,15.0,0.7770853200870512,1
47046344M-104,2024-10-15 07:30:54.010000+00:00,not_walking,0,random_forest,14,47046344M-104_block_14,temporal_block,15.0,0.8250020978133185,1
47046344M-104,2024-10-15 07:30:55.010000+00:00,not_walking,0,random_forest,14,47046344M-104_block_14,temporal_block,15.0,0.8270713344806463,1
47046344M-104,2024-10-15 07:30:56.010000+00:00,not_walking,0,random_forest,14,47046344M-104_block_14,temporal_block,15.0,0.8245019246946057,1
47046344M-104,2024-10-15 07:30:57.010000+00:00,not_walking,0,random_forest,14,47046344M-104_block_14,temporal_block,15.0,0.7774135173751162,1
47046344M-104,2024-10-15 07:30:58.010000+00:00,not_walking,0,random_forest,14,47046344M-104_block_14,temporal_block,15.0,0.7831471401200732,1
47046344M-104,2024-10-15 07:30:59.010000+00:00,not_walking,0,random_forest,14,47046344M-104_block_14,temporal_block,15.0,0.8274002173022688,1
47046344M-104,2024-10-15 07:31:00.010000+00:00,not_walking,0,random_forest,14,47046344M-104_block_14,temporal_block,15.0,0.828893004947847,1
47046344M-104,2024-10-15 07:31:01.010000+00:00,not_walking,0,random_forest,14,47046344M-104_block_14,temporal_block,15.0,0.8316202105831916,1
47046344M-104,2024-10-15 07:31:02.010000+00:00,not_walking,0,random_forest,14,47046344M-104_block_14,temporal_block,15.0,0.7791033883388294,1
47046344M-104,2024-10-15 07:31:03.010000+00:00,not_walking,0,random_forest,14,47046344M-104_block_14,temporal_block,15.0,0.831492143025361,1
47046344M-104,2024-10-15 07:31:04.010000+00:00,not_walking,0,random_forest,14,47046344M-104_block_14,temporal_block,15.0,0.7803538462520506,1
47046344M-104,2024-10-15 07:31:05.010000+00:00,not_walking,0,random_forest,14,47046344M-104_block_14,temporal_block,15.0,0.6835082448498465,1
47046344M-104,2024-10-15 07:31:06.010000+00:00,not_walking,0,random_forest,14,47046344M-104_block_14,temporal_block,15.0,0.8397218191944286,1
47046344M-104,2024-10-15 07:31:07.010000+00:00,not_walking,0,random_forest,14,47046344M-104_block_14,temporal_block,15.0,0.6894773244035141,1
47046344M-104,2024-10-15 07:31:08.010000+00:00,not_walking,0,random_forest,14,47046344M-104_block_14,temporal_block,15.0,0.8168306372030443,1
47046344M-104,2024-10-15 07:31:09.010000+00:00,not_walking,0,random_forest,14,47046344M-104_block_14,temporal_block,15.0,0.7795985498334029,1
47046344M-104,2024-10-15 07:31:10.010000+00:00,not_walking,0,random_forest,14,47046344M-104_block_14,temporal_block,15.0,0.8139131306997021,1
47046344M-104,2024-10-15 07:31:11.010000+00:00,not_walking,0,random_forest,14,47046344M-104_block_14,temporal_block,15.0,0.8809171551191709,1
47046344M-104,2024-10-15 07:31:12.010000+00:00,not_walking,0,random_forest,14,47046344M-104_block_14,temporal_block,15.0,0.8874890631426272,1
47046344M-104,2024-10-15 07:31:13.010000+00:00,not_walking,0,random_forest,14,47046344M-104_block_14,temporal_block,15.0,0.8842459028869086,1
47046344M-104,2024-10-15 07:31:14.010000+00:00,not_walking,0,random_forest,14,47046344M-104_block_14,temporal_block,15.0,0.884765690334068,1
47046344M-104,2024-10-15 07:31:15.010000+00:00,not_walking,0,random_forest,14,47046344M-104_block_14,temporal_block,15.0,0.8874007151449326,1
47046344M-104,2024-10-15 07:31:16.010000+00:00,not_walking,0,random_forest,14,47046344M-104_block_14,temporal_block,15.0,0.8838640828958207,1
47046344M-104,2024-10-15 07:31:17.010000+00:00,not_walking,0,random_forest,14,47046344M-104_block_14,temporal_block,15.0,0.8799737339867733,1
47046344M-104,2024-10-15 07:31:18.010000+00:00,not_walking,0,random_forest,14,47046344M-104_block_14,temporal_block,15.0,0.885209717274008,1
47046344M-104,2024-10-15 07:31:19.010000+00:00,not_walking,0,random_forest,14,47046344M-104_block_14,temporal_block,15.0,0.8855127284200967,1
47046344M-104,2024-10-15 07:31:20.010000+00:00,not_walking,0,random_forest,14,47046344M-104_block_14,temporal_block,15.0,0.8802607843054818,1
47046344M-104,2024-10-15 07:31:21.010000+00:00,not_walking,0,random_forest,14,47046344M-104_block_14,temporal_block,15.0,0.8826236502420088,1
47046344M-104,2024-10-15 07:31:22.010000+00:00,not_walking,0,random_forest,14,47046344M-104_block_14,temporal_block,15.0,0.880150871704069,1
47046344M-104,2024-10-15 07:31:23.010000+00:00,not_walking,0,random_forest,14,47046344M-104_block_14,temporal_block,15.0,0.8851499239052663,1
47046344M-104,2024-10-15 07:31:24.010000+00:00,not_walking,0,random_forest,14,47046344M-104_block_14,temporal_block,15.0,0.8857084883827095,1
47046344M-104,2024-10-15 07:31:25.010000+00:00,not_walking,0,random_forest,14,47046344M-104_block_14,temporal_block,15.0,0.8770296318364361,1
47046344M-104,2024-10-15 07:31:26.010000+00:00,not_walking,0,random_forest,14,47046344M-104_block_14,temporal_block,15.0,0.8724369293259611,1
47046344M-104,2024-10-15 07:31:27.010000+00:00,not_walking,0,random_forest,14,47046344M-104_block_14,temporal_block,15.0,0.8754650637418365,1
47046344M-104,2024-10-15 07:31:28.010000+00:00,not_walking,0,random_forest,14,47046344M-104_block_14,temporal_block,15.0,0.8694412737975095,1
47046344M-104,2024-10-15 07:31:29.010000+00:00,not_walking,0,random_forest,14,47046344M-104_block_14,temporal_block,15.0,0.860579586333398,1
47046344M-104,2024-10-15 07:31:30.010000+00:00,not_walking,0,random_forest,14,47046344M-104_block_14,temporal_block,15.0,0.8772116748720411,1
47046344M-104,2024-10-15 07:31:31.010000+00:00,not_walking,0,random_forest,14,47046344M-104_block_14,temporal_block,15.0,0.8662415229445443,1
47046344M-104,2024-10-15 07:31:32.010000+00:00,not_walking,0,random_forest,14,47046344M-104_block_14,temporal_block,15.0,0.8521920844000668,1
47046344M-104,2024-10-15 07:31:33.010000+00:00,not_walking,0,random_forest,14,47046344M-104_block_14,temporal_block,15.0,0.816183028539866,1
47046344M-104,2024-10-15 07:31:34.010000+00:00,not_walking,0,random_forest,14,47046344M-104_block_14,temporal_block,15.0,0.8339478907859624,1
47046344M-104,2024-10-15 07:31:35.010000+00:00,not_walking,0,random_forest,14,47046344M-104_block_14,temporal_block,15.0,0.8554795615827652,1
47046344M-104,2024-10-15 07:31:36.010000+00:00,not_walking,0,random_forest,14,47046344M-104_block_14,temporal_block,15.0,0.8426949927257122,1
47046344M-104,2024-10-15 07:31:37.010000+00:00,not_walking,0,random_forest,14,47046344M-104_block_14,temporal_block,15.0,0.8539287333156077,1
47046344M-104,2024-10-15 07:31:38.010000+00:00,not_walking,0,random_forest,14,47046344M-104_block_14,temporal_block,15.0,0.8237787257681219,1
47046344M-104,2024-10-15 07:31:39.010000+00:00,not_walking,0,random_forest,14,47046344M-104_block_14,temporal_block,15.0,0.8444011238688894,1
47046344M-104,2024-10-15 07:31:40.010000+00:00,not_walking,0,random_forest,14,47046344M-104_block_14,temporal_block,15.0,0.7490918617865432,1
47046344M-104,2024-10-15 07:31:41.010000+00:00,not_walking,0,random_forest,14,47046344M-104_block_14,temporal_block,15.0,0.8455574779536729,1
47046344M-104,2024-10-15 07:31:42.010000+00:00,not_walking,0,random_forest,14,47046344M-104_block_14,temporal_block,15.0,0.8297176694792957,1
47046344M-104,2024-10-15 07:31:43.010000+00:00,not_walking,0,random_forest,14,47046344M-104_block_14,temporal_block,15.0,0.8416270269579977,1
47046344M-104,2024-10-15 07:31:44.010000+00:00,not_walking,0,random_forest,14,47046344M-104_block_14,temporal_block,15.0,0.8392010632572653,1
47046344M-104,2024-10-15 07:31:45.010000+00:00,not_walking,0,random_forest,14,47046344M-104_block_14,temporal_block,15.0,0.8259151067599718,1
47046344M-104,2024-10-15 07:31:46.010000+00:00,not_walking,0,random_forest,14,47046344M-104_block_14,temporal_block,15.0,0.7589526645367202,1
47046344M-104,2024-10-15 07:31:47.010000+00:00,not_walking,0,random_forest,14,47046344M-104_block_14,temporal_block,15.0,0.8441921398226941,1
47046344M-104,2024-10-15 07:31:48.010000+00:00,not_walking,0,random_forest,14,47046344M-104_block_14,temporal_block,15.0,0.8679678619520655,1
47046344M-104,2024-10-15 07:31:49.010000+00:00,not_walking,0,random_forest,14,47046344M-104_block_14,temporal_block,15.0,0.8059320257328207,1
47046344M-104,2024-10-15 07:31:50.010000+00:00,not_walking,0,random_forest,14,47046344M-104_block_14,temporal_block,15.0,0.7858425475875562,1
47046344M-104,2024-10-15 07:31:54.020000+00:00,walking,1,random_forest,14,47046344M-104_block_14,temporal_block,15.0,0.7895386849797824,1
47046344M-104,2024-10-15 07:31:55.020000+00:00,walking,1,random_forest,14,47046344M-104_block_14,temporal_block,15.0,0.7727930505909161,1
47046344M-104,2024-10-15 07:31:56.020000+00:00,walking,1,random_forest,14,47046344M-104_block_14,temporal_block,15.0,0.7411251203164365,1
47046344M-104,2024-10-15 07:31:57.020000+00:00,walking,1,random_forest,14,47046344M-104_block_14,temporal_block,15.0,0.6267763162929076,1
47046344M-104,2024-10-15 07:31:58.020000+00:00,walking,1,random_forest,14,47046344M-104_block_14,temporal_block,15.0,0.7849793450828542,1
47046344M-104,2024-10-15 07:31:59.020000+00:00,walking,1,random_forest,14,47046344M-104_block_14,temporal_block,15.0,0.7223448906463906,1
47046344M-104,2024-10-15 07:32:00.020000+00:00,walking,1,random_forest,14,47046344M-104_block_14,temporal_block,15.0,0.7411785321096139,1
47046344M-104,2024-10-15 07:32:01.020000+00:00,walking,1,random_forest,14,47046344M-104_block_14,temporal_block,15.0,0.6856232616370801,1
47046344M-104,2024-10-15 07:32:02.020000+00:00,walking,1,random_forest,14,47046344M-104_block_14,temporal_block,15.0,0.7579716748965362,1
47046344M-104,2024-10-15 07:32:03.020000+00:00,walking,1,random_forest,14,47046344M-104_block_14,temporal_block,15.0,0.7166269110655648,1
47046344M-104,2024-10-15 07:32:04.020000+00:00,walking,1,random_forest,14,47046344M-104_block_14,temporal_block,15.0,0.7341992225045632,1
47046344M-104,2024-10-15 07:32:05.020000+00:00,walking,1,random_forest,14,47046344M-104_block_14,temporal_block,15.0,0.7087774754846508,1
47046344M-104,2024-10-15 07:32:06.020000+00:00,walking,1,random_forest,14,47046344M-104_block_14,temporal_block,15.0,0.753760486271903,1
47046344M-104,2024-10-15 07:32:07.020000+00:00,walking,1,random_forest,14,47046344M-104_block_14,temporal_block,15.0,0.7491304556632884,1
47046344M-104,2024-10-15 07:32:08.020000+00:00,walking,1,random_forest,14,47046344M-104_block_14,temporal_block,15.0,0.6661288081423906,1
47046344M-104,2024-10-15 07:32:09.020000+00:00,walking,1,random_forest,14,47046344M-104_block_14,temporal_block,15.0,0.7144610367081223,1
47046344M-104,2024-10-15 07:32:10.020000+00:00,walking,1,random_forest,14,47046344M-104_block_14,temporal_block,15.0,0.6822746011037815,1
47046344M-104,2024-10-15 07:32:11.020000+00:00,walking,1,random_forest,14,47046344M-104_block_14,temporal_block,15.0,0.6684740272021497,1
47046344M-104,2024-10-15 07:32:12.020000+00:00,walking,1,random_forest,14,47046344M-104_block_14,temporal_block,15.0,0.6750627985321195,1
47046344M-104,2024-10-15 07:32:13.020000+00:00,walking,1,random_forest,14,47046344M-104_block_14,temporal_block,15.0,0.7240354047328234,1
47046344M-104,2024-10-15 07:32:14.020000+00:00,walking,1,random_forest,14,47046344M-104_block_14,temporal_block,15.0,0.7435718810588519,1
47046344M-104,2024-10-15 07:32:15.020000+00:00,walking,1,random_forest,14,47046344M-104_block_14,temporal_block,15.0,0.7445553730536215,1
47046344M-104,2024-10-15 07:32:16.020000+00:00,walking,1,random_forest,14,47046344M-104_block_14,temporal_block,15.0,0.6894227840865466,1
47046344M-104,2024-10-15 07:32:17.020000+00:00,walking,1,random_forest,14,47046344M-104_block_14,temporal_block,15.0,0.7466211379016167,1
47046344M-104,2024-10-15 07:32:18.020000+00:00,walking,1,random_forest,14,47046344M-104_block_14,temporal_block,15.0,0.6739258157447812,1
47046344M-104,2024-10-15 07:32:19.020000+00:00,walking,1,random_forest,14,47046344M-104_block_14,temporal_block,15.0,0.7205691307675292,1
47046344M-104,2024-10-15 07:32:20.020000+00:00,walking,1,random_forest,14,47046344M-104_block_14,temporal_block,15.0,0.7356012231457708,1
47046344M-104,2024-10-15 07:32:21.020000+00:00,walking,1,random_forest,14,47046344M-104_block_14,temporal_block,15.0,0.7956115317371202,1
47046344M-104,2024-10-15 07:32:22.020000+00:00,walking,1,random_forest,14,47046344M-104_block_14,temporal_block,15.0,0.769266363194336,1
47046344M-104,2024-10-15 07:32:23.020000+00:00,walking,1,random_forest,14,47046344M-104_block_14,temporal_block,15.0,0.794996883515262,1
47046344M-104,2024-10-15 07:32:24.020000+00:00,walking,1,random_forest,14,47046344M-104_block_14,temporal_block,15.0,0.7940007232274862,1
47046344M-104,2024-10-15 07:32:25.020000+00:00,walking,1,random_forest,14,47046344M-104_block_14,temporal_block,15.0,0.7957503113218232,1
47046344M-104,2024-10-15 07:32:26.020000+00:00,walking,1,random_forest,14,47046344M-104_block_14,temporal_block,15.0,0.8045537477196256,1
47046344M-104,2024-10-15 07:32:27.020000+00:00,walking,1,random_forest,14,47046344M-104_block_14,temporal_block,15.0,0.766820973035993,1
47046344M-104,2024-10-15 07:32:28.020000+00:00,walking,1,random_forest,14,47046344M-104_block_14,temporal_block,15.0,0.7973882453582536,1
47046344M-104,2024-10-15 07:33:39.020000+00:00,walking,1,random_forest,15,47046344M-104_block_15,temporal_block,15.0,0.2872155061005695,0
47046344M-104,2024-10-15 07:33:40.020000+00:00,walking,1,random_forest,15,47046344M-104_block_15,temporal_block,15.0,0.2928793178312258,0
47046344M-104,2024-10-15 07:33:41.020000+00:00,walking,1,random_forest,15,47046344M-104_block_15,temporal_block,15.0,0.3047210118552223,0
47046344M-104,2024-10-15 07:33:42.020000+00:00,walking,1,random_forest,15,47046344M-104_block_15,temporal_block,15.0,0.30542013271327295,0
47046344M-104,2024-10-15 07:33:43.020000+00:00,walking,1,random_forest,15,47046344M-104_block_15,temporal_block,15.0,0.3020047181648012,0
47046344M-104,2024-10-15 07:33:44.020000+00:00,walking,1,random_forest,15,47046344M-104_block_15,temporal_block,15.0,0.29902373298790236,0
47046344M-104,2024-10-15 07:33:45.020000+00:00,walking,1,random_forest,15,47046344M-104_block_15,temporal_block,15.0,0.2920020023569706,0
47046344M-104,2024-10-15 07:33:46.020000+00:00,walking,1,random_forest,15,47046344M-104_block_15,temporal_block,15.0,0.30250810469277595,0
47046344M-104,2024-10-15 07:33:47.020000+00:00,walking,1,random_forest,15,47046344M-104_block_15,temporal_block,15.0,0.29798622751883486,0
47046344M-104,2024-10-15 07:33:48.020000+00:00,walking,1,random_forest,15,47046344M-104_block_15,temporal_block,15.0,0.29225122807189097,0
47046344M-104,2024-10-15 07:33:49.020000+00:00,walking,1,random_forest,15,47046344M-104_block_15,temporal_block,15.0,0.29400607011531227,0
47046344M-104,2024-10-15 07:33:50.020000+00:00,walking,1,random_forest,15,47046344M-104_block_15,temporal_block,15.0,0.2933327496299335,0
47046344M-104,2024-10-15 07:33:51.020000+00:00,walking,1,random_forest,15,47046344M-104_block_15,temporal_block,15.0,0.2809185012275447,0
47046344M-104,2024-10-15 07:33:52.020000+00:00,walking,1,random_forest,15,47046344M-104_block_15,temporal_block,15.0,0.29819194938638205,0
47046344M-104,2024-10-15 07:33:53.020000+00:00,walking,1,random_forest,15,47046344M-104_block_15,temporal_block,15.0,0.3078224542080715,0
47046344M-104,2024-10-15 07:33:54.020000+00:00,walking,1,random_forest,15,47046344M-104_block_15,temporal_block,15.0,0.301068525311819,0
47046344M-104,2024-10-15 07:33:55.020000+00:00,walking,1,random_forest,15,47046344M-104_block_15,temporal_block,15.0,0.2989227940770434,0
47046344M-104,2024-10-15 07:33:56.020000+00:00,walking,1,random_forest,15,47046344M-104_block_15,temporal_block,15.0,0.31708765247541437,0
47046344M-104,2024-10-15 07:33:57.020000+00:00,walking,1,random_forest,15,47046344M-104_block_15,temporal_block,15.0,0.3050059429371457,0
47046344M-104,2024-10-15 07:33:58.020000+00:00,walking,1,random_forest,15,47046344M-104_block_15,temporal_block,15.0,0.3036297279628289,0
47046344M-104,2024-10-15 07:33:59.020000+00:00,walking,1,random_forest,15,47046344M-104_block_15,temporal_block,15.0,0.2921327375855054,0
47046344M-104,2024-10-15 07:34:00.020000+00:00,walking,1,random_forest,15,47046344M-104_block_15,temporal_block,15.0,0.3010679486628732,0
47046344M-104,2024-10-15 07:34:01.020000+00:00,walking,1,random_forest,15,47046344M-104_block_15,temporal_block,15.0,0.2788755485155665,0
47046344M-104,2024-10-15 07:34:02.020000+00:00,walking,1,random_forest,15,47046344M-104_block_15,temporal_block,15.0,0.3988180607358421,0
47046344M-104,2024-10-15 07:34:03.020000+00:00,walking,1,random_forest,15,47046344M-104_block_15,temporal_block,15.0,0.4563404821577519,0
47046344M-104,2024-10-15 07:34:04.020000+00:00,walking,1,random_forest,15,47046344M-104_block_15,temporal_block,15.0,0.45460019233387755,0
47046344M-104,2024-10-15 07:34:05.020000+00:00,walking,1,random_forest,15,47046344M-104_block_15,temporal_block,15.0,0.4148230434437854,0
47046344M-104,2024-10-15 07:34:06.020000+00:00,walking,1,random_forest,15,47046344M-104_block_15,temporal_block,15.0,0.41883547715785296,0
47046344M-104,2024-10-15 07:34:07.020000+00:00,walking,1,random_forest,15,47046344M-104_block_15,temporal_block,15.0,0.3195187259675661,0
47046344M-104,2024-10-15 07:34:08.020000+00:00,walking,1,random_forest,15,47046344M-104_block_15,temporal_block,15.0,0.3223482803104397,0
47046344M-104,2024-10-15 07:34:09.020000+00:00,walking,1,random_forest,15,47046344M-104_block_15,temporal_block,15.0,0.313711532442408,0
47046344M-104,2024-10-15 07:34:10.020000+00:00,walking,1,random_forest,15,47046344M-104_block_15,temporal_block,15.0,0.3119748794301481,0
47046344M-104,2024-10-15 07:34:11.020000+00:00,walking,1,random_forest,15,47046344M-104_block_15,temporal_block,15.0,0.32748669681384773,0
47046344M-104,2024-10-15 07:34:12.020000+00:00,walking,1,random_forest,15,47046344M-104_block_15,temporal_block,15.0,0.33793269639186735,0
47046344M-104,2024-10-15 07:34:13.020000+00:00,walking,1,random_forest,15,47046344M-104_block_15,temporal_block,15.0,0.3111756575104718,0
47046344M-104,2024-10-15 07:34:14.020000+00:00,walking,1,random_forest,15,47046344M-104_block_15,temporal_block,15.0,0.34568190087546796,0
47046344M-104,2024-10-15 07:34:15.020000+00:00,walking,1,random_forest,15,47046344M-104_block_15,temporal_block,15.0,0.33329399620165817,0
47046344M-104,2024-10-15 07:34:16.020000+00:00,walking,1,random_forest,15,47046344M-104_block_15,temporal_block,15.0,0.34594766134590543,0
47046344M-104,2024-10-15 07:34:17.020000+00:00,walking,1,random_forest,15,47046344M-104_block_15,temporal_block,15.0,0.34305979494544575,0
47046344M-104,2024-10-15 07:34:18.020000+00:00,walking,1,random_forest,15,47046344M-104_block_15,temporal_block,15.0,0.35642004845816627,0
47046344M-104,2024-10-15 07:34:19.020000+00:00,walking,1,random_forest,15,47046344M-104_block_15,temporal_block,15.0,0.3381737577439993,0
47046344M-104,2024-10-15 07:34:20.020000+00:00,walking,1,random_forest,15,47046344M-104_block_15,temporal_block,15.0,0.328600871281817,0
47046344M-104,2024-10-15 07:34:21.020000+00:00,walking,1,random_forest,15,47046344M-104_block_15,temporal_block,15.0,0.32900584317302967,0
47046344M-104,2024-10-15 07:34:22.020000+00:00,walking,1,random_forest,15,47046344M-104_block_15,temporal_block,15.0,0.31264746620473377,0
47046344M-104,2024-10-15 07:34:23.020000+00:00,walking,1,random_forest,15,47046344M-104_block_15,temporal_block,15.0,0.32103970260204584,0
47046344M-104,2024-10-15 07:34:24.020000+00:00,walking,1,random_forest,15,47046344M-104_block_15,temporal_block,15.0,0.31080906970623684,0
47046344M-104,2024-10-15 07:34:25.020000+00:00,walking,1,random_forest,15,47046344M-104_block_15,temporal_block,15.0,0.327369724634512,0
47046344M-104,2024-10-15 07:34:26.020000+00:00,walking,1,random_forest,15,47046344M-104_block_15,temporal_block,15.0,0.32698078987962104,0
47046344M-104,2024-10-15 07:34:27.020000+00:00,walking,1,random_forest,15,47046344M-104_block_15,temporal_block,15.0,0.32345088442232234,0
47046344M-104,2024-10-15 07:34:28.020000+00:00,walking,1,random_forest,15,47046344M-104_block_15,temporal_block,15.0,0.319741866702649,0
47046344M-104,2024-10-15 07:34:29.020000+00:00,walking,1,random_forest,15,47046344M-104_block_15,temporal_block,15.0,0.32939081567872336,0
47046344M-104,2024-10-15 07:34:30.020000+00:00,walking,1,random_forest,15,47046344M-104_block_15,temporal_block,15.0,0.32535060105959457,0
47046344M-104,2024-10-15 07:34:31.020000+00:00,walking,1,random_forest,15,47046344M-104_block_15,temporal_block,15.0,0.3535290438607548,0
47046344M-104,2024-10-15 07:34:32.020000+00:00,walking,1,random_forest,15,47046344M-104_block_15,temporal_block,15.0,0.3079816580561173,0
47046344M-104,2024-10-15 07:34:33.020000+00:00,walking,1,random_forest,15,47046344M-104_block_15,temporal_block,15.0,0.33201864240010404,0
47046344M-104,2024-10-15 07:34:34.020000+00:00,walking,1,random_forest,15,47046344M-104_block_15,temporal_block,15.0,0.3152453273572036,0
47046344M-104,2024-10-15 07:34:35.020000+00:00,walking,1,random_forest,15,47046344M-104_block_15,temporal_block,15.0,0.3057509691103499,0
47046344M-104,2024-10-15 07:34:36.020000+00:00,walking,1,random_forest,15,47046344M-104_block_15,temporal_block,15.0,0.31606386265881825,0
47046344M-104,2024-10-15 07:34:37.020000+00:00,walking,1,random_forest,15,47046344M-104_block_15,temporal_block,15.0,0.3425459500937059,0
47046344M-104,2024-10-15 07:34:38.020000+00:00,walking,1,random_forest,15,47046344M-104_block_15,temporal_block,15.0,0.3152138987823699,0
47046344M-104,2024-10-15 07:34:39.020000+00:00,walking,1,random_forest,15,47046344M-104_block_15,temporal_block,15.0,0.48742448900484703,0
47046344M-104,2024-10-15 07:34:40.020000+00:00,walking,1,random_forest,15,47046344M-104_block_15,temporal_block,15.0,0.6730836438450647,1
47046344M-104,2024-10-15 07:34:41.020000+00:00,walking,1,random_forest,15,47046344M-104_block_15,temporal_block,15.0,0.42035890095008915,0
47046344M-104,2024-10-15 07:34:42.020000+00:00,walking,1,random_forest,15,47046344M-104_block_15,temporal_block,15.0,0.568957036326087,1
47046344M-104,2024-10-15 07:34:43.020000+00:00,walking,1,random_forest,15,47046344M-104_block_15,temporal_block,15.0,0.46216510997849214,0
47046344M-104,2024-10-15 07:34:44.020000+00:00,walking,1,random_forest,15,47046344M-104_block_15,temporal_block,15.0,0.3238979257569455,0
47046344M-104,2024-10-15 07:34:45.020000+00:00,walking,1,random_forest,15,47046344M-104_block_15,temporal_block,15.0,0.35634010160134555,0
47046344M-104,2024-10-15 07:34:46.020000+00:00,walking,1,random_forest,15,47046344M-104_block_15,temporal_block,15.0,0.34749126547183673,0
47046344M-104,2024-10-15 07:34:47.020000+00:00,walking,1,random_forest,15,47046344M-104_block_15,temporal_block,15.0,0.3428412867720546,0
47046344M-104,2024-10-15 07:34:48.020000+00:00,walking,1,random_forest,15,47046344M-104_block_15,temporal_block,15.0,0.337666654846922,0
47046344M-104,2024-10-15 07:34:49.020000+00:00,walking,1,random_forest,15,47046344M-104_block_15,temporal_block,15.0,0.3313685517855428,0
47046344M-104,2024-10-15 07:34:50.020000+00:00,walking,1,random_forest,15,47046344M-104_block_15,temporal_block,15.0,0.35130337033737713,0
47046344M-104,2024-10-15 07:34:51.020000+00:00,walking,1,random_forest,15,47046344M-104_block_15,temporal_block,15.0,0.3205301276139771,0
47046344M-104,2024-10-15 07:34:52.020000+00:00,walking,1,random_forest,15,47046344M-104_block_15,temporal_block,15.0,0.3293516259088866,0
47046344M-104,2024-10-15 07:34:53.020000+00:00,walking,1,random_forest,15,47046344M-104_block_15,temporal_block,15.0,0.3490240953045764,0
47046344M-104,2024-10-15 07:34:54.020000+00:00,walking,1,random_forest,15,47046344M-104_block_15,temporal_block,15.0,0.3491887283092683,0
47046344M-104,2024-10-15 07:34:55.020000+00:00,walking,1,random_forest,15,47046344M-104_block_15,temporal_block,15.0,0.43988798272693086,0
47046344M-104,2024-10-15 07:34:56.020000+00:00,walking,1,random_forest,15,47046344M-104_block_15,temporal_block,15.0,0.543510794261596,1
47046344M-104,2024-10-15 07:34:57.020000+00:00,walking,1,random_forest,15,47046344M-104_block_15,temporal_block,15.0,0.6768706541936954,1
47046344M-104,2024-10-15 07:34:58.020000+00:00,walking,1,random_forest,15,47046344M-104_block_15,temporal_block,15.0,0.6815633154524762,1
47046344M-104,2024-10-15 07:34:59.020000+00:00,walking,1,random_forest,15,47046344M-104_block_15,temporal_block,15.0,0.6793440203850737,1
47046344M-104,2024-10-15 07:35:00.020000+00:00,walking,1,random_forest,15,47046344M-104_block_15,temporal_block,15.0,0.5566877839695511,1
47046344M-104,2024-10-15 07:35:01.020000+00:00,walking,1,random_forest,15,47046344M-104_block_15,temporal_block,15.0,0.32839790032099797,0
47046344M-104,2024-10-15 07:35:02.020000+00:00,walking,1,random_forest,15,47046344M-104_block_15,temporal_block,15.0,0.47787981005842367,0
47046344M-104,2024-10-15 07:35:03.020000+00:00,walking,1,random_forest,15,47046344M-104_block_15,temporal_block,15.0,0.5591016949996779,1
47046344M-104,2024-10-15 07:35:04.020000+00:00,walking,1,random_forest,15,47046344M-104_block_15,temporal_block,15.0,0.612063234871772,1
47046344M-104,2024-10-15 07:35:05.020000+00:00,walking,1,random_forest,15,47046344M-104_block_15,temporal_block,15.0,0.5610882085839471,1
47046344M-104,2024-10-15 07:35:06.020000+00:00,walking,1,random_forest,15,47046344M-104_block_15,temporal_block,15.0,0.5789975496274213,1
47046344M-104,2024-10-15 07:35:07.020000+00:00,walking,1,random_forest,15,47046344M-104_block_15,temporal_block,15.0,0.6388755831747895,1
47046344M-104,2024-10-15 07:35:08.020000+00:00,walking,1,random_forest,15,47046344M-104_block_15,temporal_block,15.0,0.5558355484579837,1
47046344M-104,2024-10-15 07:35:09.020000+00:00,walking,1,random_forest,15,47046344M-104_block_15,temporal_block,15.0,0.6271169432346646,1
47046344M-104,2024-10-15 07:35:10.020000+00:00,walking,1,random_forest,15,47046344M-104_block_15,temporal_block,15.0,0.6011385443149083,1
47046344M-104,2024-10-15 07:35:11.020000+00:00,walking,1,random_forest,15,47046344M-104_block_15,temporal_block,15.0,0.4831006260210383,0
47046344M-104,2024-10-15 07:35:12.020000+00:00,walking,1,random_forest,15,47046344M-104_block_15,temporal_block,15.0,0.5094310033673346,1
47046344M-104,2024-10-15 07:35:13.020000+00:00,walking,1,random_forest,15,47046344M-104_block_15,temporal_block,15.0,0.5448030689828818,1
47046344M-104,2024-10-15 07:35:14.020000+00:00,walking,1,random_forest,15,47046344M-104_block_15,temporal_block,15.0,0.5177510363709659,1
47046344M-104,2024-10-15 07:35:15.020000+00:00,walking,1,random_forest,15,47046344M-104_block_15,temporal_block,15.0,0.5223241945087477,1
47046344M-104,2024-10-15 07:35:16.020000+00:00,walking,1,random_forest,15,47046344M-104_block_15,temporal_block,15.0,0.5293901229907061,1
47046344M-104,2024-10-15 07:35:17.020000+00:00,walking,1,random_forest,15,47046344M-104_block_15,temporal_block,15.0,0.38815673317478544,0
47046344M-104,2024-10-15 07:35:18.020000+00:00,walking,1,random_forest,15,47046344M-104_block_15,temporal_block,15.0,0.5372851396558623,1
47046344M-104,2024-10-15 07:35:19.020000+00:00,walking,1,random_forest,15,47046344M-104_block_15,temporal_block,15.0,0.5360316772366249,1
47046344M-104,2024-10-15 07:35:20.020000+00:00,walking,1,random_forest,15,47046344M-104_block_15,temporal_block,15.0,0.5514719559725912,1
47046344M-104,2024-10-15 07:35:21.020000+00:00,walking,1,random_forest,15,47046344M-104_block_15,temporal_block,15.0,0.5663823419569268,1
47046344M-104,2024-10-15 07:35:22.020000+00:00,walking,1,random_forest,15,47046344M-104_block_15,temporal_block,15.0,0.530467160955877,1
47046344M-104,2024-10-15 07:35:23.020000+00:00,walking,1,random_forest,15,47046344M-104_block_15,temporal_block,15.0,0.5150641213680753,1
47046344M-104,2024-10-15 07:35:24.020000+00:00,walking,1,random_forest,15,47046344M-104_block_15,temporal_block,15.0,0.6371276293321373,1
47046344M-104,2024-10-15 07:35:25.020000+00:00,walking,1,random_forest,15,47046344M-104_block_15,temporal_block,15.0,0.6872045342945364,1
47046344M-104,2024-10-15 07:35:26.020000+00:00,walking,1,random_forest,15,47046344M-104_block_15,temporal_block,15.0,0.5536351191782659,1
47046344M-104,2024-10-15 07:35:27.020000+00:00,walking,1,random_forest,15,47046344M-104_block_15,temporal_block,15.0,0.5353320081587749,1
47046344M-104,2024-10-15 07:35:28.020000+00:00,walking,1,random_forest,15,47046344M-104_block_15,temporal_block,15.0,0.5195153090198038,1
47046344M-104,2024-10-15 07:37:19.010000+00:00,walking,1,random_forest,16,47046344M-104_block_16,temporal_block,15.0,0.6599153149427388,1
47046344M-104,2024-10-15 07:37:20.010000+00:00,walking,1,random_forest,16,47046344M-104_block_16,temporal_block,15.0,0.6633677244700863,1
47046344M-104,2024-10-15 07:37:21.010000+00:00,walking,1,random_forest,16,47046344M-104_block_16,temporal_block,15.0,0.6748895653361585,1
47046344M-104,2024-10-15 07:37:22.010000+00:00,walking,1,random_forest,16,47046344M-104_block_16,temporal_block,15.0,0.6690953881044118,1
47046344M-104,2024-10-15 07:37:23.010000+00:00,walking,1,random_forest,16,47046344M-104_block_16,temporal_block,15.0,0.7026530249377113,1
47046344M-104,2024-10-15 07:37:24.010000+00:00,walking,1,random_forest,16,47046344M-104_block_16,temporal_block,15.0,0.6956079068194176,1
47046344M-104,2024-10-15 07:37:25.010000+00:00,walking,1,random_forest,16,47046344M-104_block_16,temporal_block,15.0,0.69422072578981,1
47046344M-104,2024-10-15 07:37:26.010000+00:00,walking,1,random_forest,16,47046344M-104_block_16,temporal_block,15.0,0.6797685214682511,1
47046344M-104,2024-10-15 07:37:27.010000+00:00,walking,1,random_forest,16,47046344M-104_block_16,temporal_block,15.0,0.7107143660714392,1
47046344M-104,2024-10-15 07:37:28.010000+00:00,walking,1,random_forest,16,47046344M-104_block_16,temporal_block,15.0,0.717542132452529,1
47046344M-104,2024-10-15 07:37:29.010000+00:00,walking,1,random_forest,16,47046344M-104_block_16,temporal_block,15.0,0.7480857058325909,1
47046344M-104,2024-10-15 07:37:30.010000+00:00,walking,1,random_forest,16,47046344M-104_block_16,temporal_block,15.0,0.7071471509409375,1
47046344M-104,2024-10-15 07:37:31.010000+00:00,walking,1,random_forest,16,47046344M-104_block_16,temporal_block,15.0,0.734595263611789,1
47046344M-104,2024-10-15 07:37:32.010000+00:00,walking,1,random_forest,16,47046344M-104_block_16,temporal_block,15.0,0.7358234783897473,1
47046344M-104,2024-10-15 07:37:33.010000+00:00,walking,1,random_forest,16,47046344M-104_block_16,temporal_block,15.0,0.7278537440206484,1
47046344M-104,2024-10-15 07:37:34.010000+00:00,walking,1,random_forest,16,47046344M-104_block_16,temporal_block,15.0,0.7608758604827374,1
47046344M-104,2024-10-15 07:37:35.010000+00:00,walking,1,random_forest,16,47046344M-104_block_16,temporal_block,15.0,0.7625898977537171,1
47046344M-104,2024-10-15 07:37:36.010000+00:00,walking,1,random_forest,16,47046344M-104_block_16,temporal_block,15.0,0.7601935241892595,1
47046344M-104,2024-10-15 07:37:37.010000+00:00,walking,1,random_forest,16,47046344M-104_block_16,temporal_block,15.0,0.7444725478848543,1
47046344M-104,2024-10-15 07:37:38.010000+00:00,walking,1,random_forest,16,47046344M-104_block_16,temporal_block,15.0,0.758836376584854,1
47046344M-104,2024-10-15 07:37:39.010000+00:00,walking,1,random_forest,16,47046344M-104_block_16,temporal_block,15.0,0.7424733992346526,1
47046344M-104,2024-10-15 07:37:40.010000+00:00,walking,1,random_forest,16,47046344M-104_block_16,temporal_block,15.0,0.7541838150178628,1
47046344M-104,2024-10-15 07:37:41.010000+00:00,walking,1,random_forest,16,47046344M-104_block_16,temporal_block,15.0,0.7489398757847954,1
47046344M-104,2024-10-15 07:37:42.010000+00:00,walking,1,random_forest,16,47046344M-104_block_16,temporal_block,15.0,0.7604565833090801,1
47046344M-104,2024-10-15 07:37:43.010000+00:00,walking,1,random_forest,16,47046344M-104_block_16,temporal_block,15.0,0.7581326665475521,1
47046344M-104,2024-10-15 07:37:44.010000+00:00,walking,1,random_forest,16,47046344M-104_block_16,temporal_block,15.0,0.7551753302892878,1
47046344M-104,2024-10-15 07:37:45.010000+00:00,walking,1,random_forest,16,47046344M-104_block_16,temporal_block,15.0,0.7602164187689974,1
47046344M-104,2024-10-15 07:37:46.010000+00:00,walking,1,random_forest,16,47046344M-104_block_16,temporal_block,15.0,0.7593009821834449,1
47046344M-104,2024-10-15 07:37:47.010000+00:00,walking,1,random_forest,16,47046344M-104_block_16,temporal_block,15.0,0.7479844512548302,1
47046344M-104,2024-10-15 07:37:48.010000+00:00,walking,1,random_forest,16,47046344M-104_block_16,temporal_block,15.0,0.7478131704348858,1
47046344M-104,2024-10-15 07:37:49.010000+00:00,walking,1,random_forest,16,47046344M-104_block_16,temporal_block,15.0,0.7553749009413255,1
47046344M-104,2024-10-15 07:37:50.010000+00:00,walking,1,random_forest,16,47046344M-104_block_16,temporal_block,15.0,0.7465490614463516,1
47046344M-104,2024-10-15 07:37:51.010000+00:00,walking,1,random_forest,16,47046344M-104_block_16,temporal_block,15.0,0.7412405450231759,1
47046344M-104,2024-10-15 07:37:52.010000+00:00,walking,1,random_forest,16,47046344M-104_block_16,temporal_block,15.0,0.7404943164575931,1
47046344M-104,2024-10-15 07:37:53.010000+00:00,walking,1,random_forest,16,47046344M-104_block_16,temporal_block,15.0,0.7475432116708107,1
47046344M-104,2024-10-15 07:37:54.010000+00:00,walking,1,random_forest,16,47046344M-104_block_16,temporal_block,15.0,0.7391286851058283,1
47046344M-104,2024-10-15 07:37:55.010000+00:00,walking,1,random_forest,16,47046344M-104_block_16,temporal_block,15.0,0.7402211866494597,1
47046344M-104,2024-10-15 07:37:56.010000+00:00,walking,1,random_forest,16,47046344M-104_block_16,temporal_block,15.0,0.7624665005972692,1
47046344M-104,2024-10-15 07:37:57.010000+00:00,walking,1,random_forest,16,47046344M-104_block_16,temporal_block,15.0,0.7516690432540081,1
47046344M-104,2024-10-15 07:37:58.010000+00:00,walking,1,random_forest,16,47046344M-104_block_16,temporal_block,15.0,0.7119755074611535,1
47046344M-104,2024-10-15 07:37:59.010000+00:00,walking,1,random_forest,16,47046344M-104_block_16,temporal_block,15.0,0.7702266801182127,1
47046344M-104,2024-10-15 07:38:00.010000+00:00,walking,1,random_forest,16,47046344M-104_block_16,temporal_block,15.0,0.7483841862352905,1
47046344M-104,2024-10-15 07:38:01.010000+00:00,walking,1,random_forest,16,47046344M-104_block_16,temporal_block,15.0,0.7300736638742775,1
47046344M-104,2024-10-15 07:38:02.010000+00:00,walking,1,random_forest,16,47046344M-104_block_16,temporal_block,15.0,0.7340431309693498,1
47046344M-104,2024-10-15 07:38:03.010000+00:00,walking,1,random_forest,16,47046344M-104_block_16,temporal_block,15.0,0.7455757158874831,1
47046344M-104,2024-10-15 07:38:04.010000+00:00,walking,1,random_forest,16,47046344M-104_block_16,temporal_block,15.0,0.7407584995684674,1
47046344M-104,2024-10-15 07:38:05.010000+00:00,walking,1,random_forest,16,47046344M-104_block_16,temporal_block,15.0,0.7572592684705945,1
47046344M-104,2024-10-15 07:38:06.010000+00:00,walking,1,random_forest,16,47046344M-104_block_16,temporal_block,15.0,0.7382633634237398,1
47046344M-104,2024-10-15 07:38:07.010000+00:00,walking,1,random_forest,16,47046344M-104_block_16,temporal_block,15.0,0.7407803718363358,1
47046344M-104,2024-10-15 07:38:08.010000+00:00,walking,1,random_forest,16,47046344M-104_block_16,temporal_block,15.0,0.7202022699853151,1
47046344M-104,2024-10-15 07:38:09.010000+00:00,walking,1,random_forest,16,47046344M-104_block_16,temporal_block,15.0,0.7513186353557985,1
47046344M-104,2024-10-15 07:38:11.010000+00:00,not_walking,0,random_forest,16,47046344M-104_block_16,temporal_block,15.0,0.7292587110880051,1
47046344M-104,2024-10-15 07:38:12.010000+00:00,not_walking,0,random_forest,16,47046344M-104_block_16,temporal_block,15.0,0.7468029631489757,1
47046344M-104,2024-10-15 07:38:13.010000+00:00,not_walking,0,random_forest,16,47046344M-104_block_16,temporal_block,15.0,0.7433012105046073,1
47046344M-104,2024-10-15 07:38:14.010000+00:00,not_walking,0,random_forest,16,47046344M-104_block_16,temporal_block,15.0,0.7451880994886583,1
47046344M-104,2024-10-15 07:38:15.010000+00:00,not_walking,0,random_forest,16,47046344M-104_block_16,temporal_block,15.0,0.7327715335910262,1
47046344M-104,2024-10-15 07:38:16.010000+00:00,not_walking,0,random_forest,16,47046344M-104_block_16,temporal_block,15.0,0.731989408245383,1
47046344M-104,2024-10-15 07:38:17.010000+00:00,not_walking,0,random_forest,16,47046344M-104_block_16,temporal_block,15.0,0.7426552455601938,1
47046344M-104,2024-10-15 07:38:18.010000+00:00,not_walking,0,random_forest,16,47046344M-104_block_16,temporal_block,15.0,0.7272440451859333,1
47046344M-104,2024-10-15 07:38:19.010000+00:00,not_walking,0,random_forest,16,47046344M-104_block_16,temporal_block,15.0,0.7414257542328972,1
47046344M-104,2024-10-15 07:38:20.010000+00:00,not_walking,0,random_forest,16,47046344M-104_block_16,temporal_block,15.0,0.7372932535527427,1
47046344M-104,2024-10-15 07:38:21.010000+00:00,not_walking,0,random_forest,16,47046344M-104_block_16,temporal_block,15.0,0.7296274947224772,1
47046344M-104,2024-10-15 07:38:22.010000+00:00,not_walking,0,random_forest,16,47046344M-104_block_16,temporal_block,15.0,0.7564795264430771,1
47046344M-104,2024-10-15 07:38:23.010000+00:00,not_walking,0,random_forest,16,47046344M-104_block_16,temporal_block,15.0,0.7577563690565408,1
47046344M-104,2024-10-15 07:38:25.010000+00:00,not_walking,0,random_forest,16,47046344M-104_block_16,temporal_block,15.0,0.7484723136742072,1
47046344M-104,2024-10-15 07:38:26.010000+00:00,not_walking,0,random_forest,16,47046344M-104_block_16,temporal_block,15.0,0.7499198978352691,1
47046344M-104,2024-10-15 07:38:27.010000+00:00,not_walking,0,random_forest,16,47046344M-104_block_16,temporal_block,15.0,0.7432625325939759,1
47046344M-104,2024-10-15 07:38:28.010000+00:00,not_walking,0,random_forest,16,47046344M-104_block_16,temporal_block,15.0,0.7365245316187293,1
47046344M-104,2024-10-15 07:38:29.010000+00:00,not_walking,0,random_forest,16,47046344M-104_block_16,temporal_block,15.0,0.7417655573987993,1
47046344M-104,2024-10-15 07:38:30.010000+00:00,not_walking,0,random_forest,16,47046344M-104_block_16,temporal_block,15.0,0.7360420304076826,1
47046344M-104,2024-10-15 07:38:31.010000+00:00,not_walking,0,random_forest,16,47046344M-104_block_16,temporal_block,15.0,0.7430437076737001,1
47046344M-104,2024-10-15 07:38:32.010000+00:00,walking,1,random_forest,16,47046344M-104_block_16,temporal_block,15.0,0.7284439982305587,1
47046344M-104,2024-10-15 07:38:33.010000+00:00,walking,1,random_forest,16,47046344M-104_block_16,temporal_block,15.0,0.7253898409578576,1
47046344M-104,2024-10-15 07:38:34.010000+00:00,walking,1,random_forest,16,47046344M-104_block_16,temporal_block,15.0,0.7418893815945882,1
47046344M-104,2024-10-15 07:38:35.010000+00:00,walking,1,random_forest,16,47046344M-104_block_16,temporal_block,15.0,0.7350322837334553,1
47046344M-104,2024-10-15 07:38:36.010000+00:00,walking,1,random_forest,16,47046344M-104_block_16,temporal_block,15.0,0.7478789025372888,1
47046344M-104,2024-10-15 07:38:37.010000+00:00,walking,1,random_forest,16,47046344M-104_block_16,temporal_block,15.0,0.7507016900950402,1
47046344M-104,2024-10-15 07:38:38.010000+00:00,walking,1,random_forest,16,47046344M-104_block_16,temporal_block,15.0,0.7314457968692767,1
47046344M-104,2024-10-15 07:38:39.010000+00:00,walking,1,random_forest,16,47046344M-104_block_16,temporal_block,15.0,0.748494066744304,1
47046344M-104,2024-10-15 07:38:40.010000+00:00,walking,1,random_forest,16,47046344M-104_block_16,temporal_block,15.0,0.7448031535202745,1
47046344M-104,2024-10-15 07:38:41.010000+00:00,walking,1,random_forest,16,47046344M-104_block_16,temporal_block,15.0,0.7276253484909634,1
47046344M-104,2024-10-15 07:38:42.010000+00:00,walking,1,random_forest,16,47046344M-104_block_16,temporal_block,15.0,0.6077239524471818,1
47046344M-104,2024-10-15 07:38:43.010000+00:00,walking,1,random_forest,16,47046344M-104_block_16,temporal_block,15.0,0.4838306155107928,0
47046344M-104,2024-10-15 07:38:44.010000+00:00,walking,1,random_forest,16,47046344M-104_block_16,temporal_block,15.0,0.5874889923389255,1
47046344M-104,2024-10-15 07:38:45.010000+00:00,walking,1,random_forest,16,47046344M-104_block_16,temporal_block,15.0,0.5532118278311788,1
47046344M-104,2024-10-15 07:38:46.010000+00:00,walking,1,random_forest,16,47046344M-104_block_16,temporal_block,15.0,0.5137636985619054,1
47046344M-104,2024-10-15 07:38:47.010000+00:00,walking,1,random_forest,16,47046344M-104_block_16,temporal_block,15.0,0.5330592304695251,1
47046344M-104,2024-10-15 07:38:59.010000+00:00,not_walking,0,random_forest,17,47046344M-104_block_17,temporal_block,15.0,0.6442928431094423,1
47046344M-104,2024-10-15 07:39:00.010000+00:00,not_walking,0,random_forest,17,47046344M-104_block_17,temporal_block,15.0,0.5845775885385793,1
47046344M-104,2024-10-15 07:39:01.010000+00:00,not_walking,0,random_forest,17,47046344M-104_block_17,temporal_block,15.0,0.6503524763025755,1
47046344M-104,2024-10-15 07:39:02.010000+00:00,not_walking,0,random_forest,17,47046344M-104_block_17,temporal_block,15.0,0.662308766721735,1
47046344M-104,2024-10-15 07:39:03.010000+00:00,not_walking,0,random_forest,17,47046344M-104_block_17,temporal_block,15.0,0.68589962245312,1
47046344M-104,2024-10-15 07:39:04.010000+00:00,not_walking,0,random_forest,17,47046344M-104_block_17,temporal_block,15.0,0.6612651600515275,1
47046344M-104,2024-10-15 07:39:05.010000+00:00,not_walking,0,random_forest,17,47046344M-104_block_17,temporal_block,15.0,0.6726889544177956,1
47046344M-104,2024-10-15 07:39:06.010000+00:00,not_walking,0,random_forest,17,47046344M-104_block_17,temporal_block,15.0,0.670809746173027,1
47046344M-104,2024-10-15 07:39:07.010000+00:00,not_walking,0,random_forest,17,47046344M-104_block_17,temporal_block,15.0,0.6729689969875368,1
47046344M-104,2024-10-15 07:39:08.010000+00:00,not_walking,0,random_forest,17,47046344M-104_block_17,temporal_block,15.0,0.6625375995288343,1
47046344M-104,2024-10-15 07:39:09.010000+00:00,not_walking,0,random_forest,17,47046344M-104_block_17,temporal_block,15.0,0.6638748014520116,1
47046344M-104,2024-10-15 07:39:10.010000+00:00,not_walking,0,random_forest,17,47046344M-104_block_17,temporal_block,15.0,0.6666039601454177,1
47046344M-104,2024-10-15 07:39:11.010000+00:00,not_walking,0,random_forest,17,47046344M-104_block_17,temporal_block,15.0,0.6710905455366767,1
47046344M-104,2024-10-15 07:39:26.010000+00:00,walking,1,random_forest,18,47046344M-104_block_18,temporal_block,15.0,0.5702004542396256,1
47046344M-104,2024-10-15 07:39:27.010000+00:00,walking,1,random_forest,18,47046344M-104_block_18,temporal_block,15.0,0.5770352036503261,1
47046344M-104,2024-10-15 07:39:28.010000+00:00,walking,1,random_forest,18,47046344M-104_block_18,temporal_block,15.0,0.5568882607337945,1
47046344M-104,2024-10-15 07:39:29.010000+00:00,walking,1,random_forest,18,47046344M-104_block_18,temporal_block,15.0,0.5672929378235171,1
47046344M-104,2024-10-15 07:39:30.010000+00:00,walking,1,random_forest,18,47046344M-104_block_18,temporal_block,15.0,0.5215902596026004,1
47046344M-104,2024-10-15 07:39:31.010000+00:00,walking,1,random_forest,18,47046344M-104_block_18,temporal_block,15.0,0.4097959984580504,0
47046344M-104,2024-10-15 07:39:32.010000+00:00,walking,1,random_forest,18,47046344M-104_block_18,temporal_block,15.0,0.5395350612018794,1
47046344M-104,2024-10-15 07:39:33.010000+00:00,walking,1,random_forest,18,47046344M-104_block_18,temporal_block,15.0,0.4894107613042586,0
47046344M-104,2024-10-15 07:39:34.010000+00:00,walking,1,random_forest,18,47046344M-104_block_18,temporal_block,15.0,0.3838820921070778,0
47046344M-104,2024-10-15 07:39:35.010000+00:00,walking,1,random_forest,18,47046344M-104_block_18,temporal_block,15.0,0.398586000215233,0
47046344M-104,2024-10-15 07:39:36.010000+00:00,walking,1,random_forest,18,47046344M-104_block_18,temporal_block,15.0,0.5577308904410017,1
47046344M-104,2024-10-15 07:39:37.010000+00:00,walking,1,random_forest,18,47046344M-104_block_18,temporal_block,15.0,0.5243907292082453,1
47046344M-104,2024-10-15 07:39:38.010000+00:00,walking,1,random_forest,18,47046344M-104_block_18,temporal_block,15.0,0.6290691254042599,1
47046344M-104,2024-10-15 07:39:39.010000+00:00,walking,1,random_forest,18,47046344M-104_block_18,temporal_block,15.0,0.48601448013071274,0
47046344M-104,2024-10-15 07:39:40.010000+00:00,walking,1,random_forest,18,47046344M-104_block_18,temporal_block,15.0,0.539398585837568,1
47046344M-104,2024-10-15 07:39:41.010000+00:00,walking,1,random_forest,18,47046344M-104_block_18,temporal_block,15.0,0.445228667473244,0
47046344M-104,2024-10-15 07:39:42.010000+00:00,walking,1,random_forest,18,47046344M-104_block_18,temporal_block,15.0,0.5176392216376242,1
47046344M-104,2024-10-15 07:39:43.010000+00:00,walking,1,random_forest,18,47046344M-104_block_18,temporal_block,15.0,0.4400798412507914,0
47046344M-104,2024-10-15 07:39:44.010000+00:00,walking,1,random_forest,18,47046344M-104_block_18,temporal_block,15.0,0.5236574962285051,1
47046344M-104,2024-10-15 07:39:45.010000+00:00,walking,1,random_forest,18,47046344M-104_block_18,temporal_block,15.0,0.5249712568198405,1
47046344M-104,2024-10-15 07:39:46.010000+00:00,walking,1,random_forest,18,47046344M-104_block_18,temporal_block,15.0,0.5714171642157158,1
47046344M-104,2024-10-15 07:39:47.010000+00:00,walking,1,random_forest,18,47046344M-104_block_18,temporal_block,15.0,0.45798517931064214,0
47046344M-104,2024-10-15 07:39:48.010000+00:00,walking,1,random_forest,18,47046344M-104_block_18,temporal_block,15.0,0.23009666979761306,0
47046344M-104,2024-10-15 07:39:49.010000+00:00,walking,1,random_forest,18,47046344M-104_block_18,temporal_block,15.0,0.49812730057014515,0
47046344M-104,2024-10-15 07:39:50.010000+00:00,walking,1,random_forest,18,47046344M-104_block_18,temporal_block,15.0,0.4317066924250729,0
47046344M-104,2024-10-15 07:39:51.010000+00:00,walking,1,random_forest,18,47046344M-104_block_18,temporal_block,15.0,0.4636274593939649,0
47046344M-104,2024-10-15 07:39:52.010000+00:00,walking,1,random_forest,18,47046344M-104_block_18,temporal_block,15.0,0.5110170962582472,1
47046344M-104,2024-10-15 07:39:53.010000+00:00,walking,1,random_forest,18,47046344M-104_block_18,temporal_block,15.0,0.5244919675881037,1
47046344M-104,2024-10-15 07:39:54.010000+00:00,walking,1,random_forest,18,47046344M-104_block_18,temporal_block,15.0,0.4074894550080961,0
47046344M-104,2024-10-15 07:39:55.010000+00:00,walking,1,random_forest,18,47046344M-104_block_18,temporal_block,15.0,0.4711891430161567,0
47046344M-104,2024-10-15 07:39:56.010000+00:00,walking,1,random_forest,18,47046344M-104_block_18,temporal_block,15.0,0.5570514938661573,1
47046344M-104,2024-10-15 07:39:57.010000+00:00,walking,1,random_forest,18,47046344M-104_block_18,temporal_block,15.0,0.43059221352240135,0
47046344M-104,2024-10-15 07:39:58.010000+00:00,walking,1,random_forest,18,47046344M-104_block_18,temporal_block,15.0,0.582439370727046,1
47046344M-104,2024-10-15 07:39:59.010000+00:00,walking,1,random_forest,18,47046344M-104_block_18,temporal_block,15.0,0.6422806018012596,1
47046344M-104,2024-10-15 07:40:00.010000+00:00,walking,1,random_forest,18,47046344M-104_block_18,temporal_block,15.0,0.6372099705497007,1
47046344M-104,2024-10-15 07:40:01.010000+00:00,walking,1,random_forest,18,47046344M-104_block_18,temporal_block,15.0,0.6482487263796625,1
47046344M-104,2024-10-15 07:40:02.010000+00:00,walking,1,random_forest,18,47046344M-104_block_18,temporal_block,15.0,0.6552706000928213,1
47046344M-104,2024-10-15 07:40:03.010000+00:00,walking,1,random_forest,18,47046344M-104_block_18,temporal_block,15.0,0.64508883794936,1
47046344M-104,2024-10-15 07:40:04.010000+00:00,walking,1,random_forest,18,47046344M-104_block_18,temporal_block,15.0,0.6470985339773849,1
47046344M-104,2024-10-15 07:40:05.010000+00:00,walking,1,random_forest,18,47046344M-104_block_18,temporal_block,15.0,0.6611920627137401,1
47046344M-104,2024-10-15 07:40:06.010000+00:00,walking,1,random_forest,18,47046344M-104_block_18,temporal_block,15.0,0.6586831577546125,1
47046344M-104,2024-10-15 07:40:07.010000+00:00,walking,1,random_forest,18,47046344M-104_block_18,temporal_block,15.0,0.6487556261409752,1
47046344M-104,2024-10-15 07:40:08.010000+00:00,walking,1,random_forest,18,47046344M-104_block_18,temporal_block,15.0,0.6533445489689885,1
47046344M-104,2024-10-15 07:40:09.010000+00:00,walking,1,random_forest,18,47046344M-104_block_18,temporal_block,15.0,0.6459488770123682,1
47046344M-104,2024-10-15 07:43:28.010000+00:00,walking,1,random_forest,19,47046344M-104_block_19,temporal_block,15.0,0.6204395811927783,1
47046344M-104,2024-10-15 07:43:29.010000+00:00,walking,1,random_forest,19,47046344M-104_block_19,temporal_block,15.0,0.6791031972050644,1
47046344M-104,2024-10-15 07:43:30.010000+00:00,walking,1,random_forest,19,47046344M-104_block_19,temporal_block,15.0,0.6695775007249516,1
47046344M-104,2024-10-15 07:43:31.010000+00:00,walking,1,random_forest,19,47046344M-104_block_19,temporal_block,15.0,0.6528637760268855,1
47046344M-104,2024-10-15 07:43:32.010000+00:00,walking,1,random_forest,19,47046344M-104_block_19,temporal_block,15.0,0.6677579101759961,1
47046344M-104,2024-10-15 07:43:33.010000+00:00,walking,1,random_forest,19,47046344M-104_block_19,temporal_block,15.0,0.5508802737439965,1
47046344M-104,2024-10-15 07:43:34.010000+00:00,walking,1,random_forest,19,47046344M-104_block_19,temporal_block,15.0,0.6460987420180101,1
47046344M-104,2024-10-15 07:43:35.010000+00:00,walking,1,random_forest,19,47046344M-104_block_19,temporal_block,15.0,0.7023290172791842,1
47046344M-104,2024-10-15 07:43:36.010000+00:00,walking,1,random_forest,19,47046344M-104_block_19,temporal_block,15.0,0.575534922861937,1
47046344M-104,2024-10-15 07:43:37.010000+00:00,walking,1,random_forest,19,47046344M-104_block_19,temporal_block,15.0,0.6794109796479203,1
47046344M-104,2024-10-15 07:43:38.010000+00:00,walking,1,random_forest,19,47046344M-104_block_19,temporal_block,15.0,0.2224244682697124,0
47046344M-104,2024-10-15 07:43:39.010000+00:00,walking,1,random_forest,19,47046344M-104_block_19,temporal_block,15.0,0.5944269910470127,1
47046344M-104,2024-10-15 07:43:40.010000+00:00,walking,1,random_forest,19,47046344M-104_block_19,temporal_block,15.0,0.4904313929136279,0
47046344M-104,2024-10-15 07:43:41.010000+00:00,walking,1,random_forest,19,47046344M-104_block_19,temporal_block,15.0,0.5852327152069422,1
47046344M-104,2024-10-15 07:43:42.010000+00:00,walking,1,random_forest,19,47046344M-104_block_19,temporal_block,15.0,0.6206451328269894,1
47046344M-104,2024-10-15 07:43:43.010000+00:00,walking,1,random_forest,19,47046344M-104_block_19,temporal_block,15.0,0.6583797439610799,1
47046344M-104,2024-10-15 07:43:44.010000+00:00,walking,1,random_forest,19,47046344M-104_block_19,temporal_block,15.0,0.6580910166677606,1
47046344M-104,2024-10-15 07:43:45.010000+00:00,walking,1,random_forest,19,47046344M-104_block_19,temporal_block,15.0,0.6442799263245135,1
47046344M-104,2024-10-15 07:43:46.010000+00:00,walking,1,random_forest,19,47046344M-104_block_19,temporal_block,15.0,0.5489697476484284,1
47046344M-104,2024-10-15 07:43:47.010000+00:00,walking,1,random_forest,19,47046344M-104_block_19,temporal_block,15.0,0.5134300415095294,1
47046344M-104,2024-10-15 07:43:48.010000+00:00,walking,1,random_forest,19,47046344M-104_block_19,temporal_block,15.0,0.5630023300118154,1
47046344M-104,2024-10-15 07:43:49.010000+00:00,walking,1,random_forest,19,47046344M-104_block_19,temporal_block,15.0,0.4017412541348466,0
47046344M-104,2024-10-15 07:43:50.010000+00:00,walking,1,random_forest,19,47046344M-104_block_19,temporal_block,15.0,0.3492311772479998,0
47046344M-104,2024-10-15 07:43:51.010000+00:00,walking,1,random_forest,19,47046344M-104_block_19,temporal_block,15.0,0.49448888205404234,0
47046344M-104,2024-10-15 07:43:52.010000+00:00,walking,1,random_forest,19,47046344M-104_block_19,temporal_block,15.0,0.6215625263190833,1
47046344M-104,2024-10-15 07:43:53.010000+00:00,walking,1,random_forest,19,47046344M-104_block_19,temporal_block,15.0,0.6043043760762487,1
47046344M-104,2024-10-15 07:43:54.010000+00:00,walking,1,random_forest,19,47046344M-104_block_19,temporal_block,15.0,0.6357837127326843,1
47046344M-104,2024-10-15 07:43:55.010000+00:00,walking,1,random_forest,19,47046344M-104_block_19,temporal_block,15.0,0.6125402694924563,1
47046344M-104,2024-10-15 07:43:56.010000+00:00,walking,1,random_forest,19,47046344M-104_block_19,temporal_block,15.0,0.1759830550651633,0
47046344M-104,2024-10-15 07:43:57.010000+00:00,walking,1,random_forest,19,47046344M-104_block_19,temporal_block,15.0,0.6604106518394691,1
47046344M-104,2024-10-15 07:43:58.010000+00:00,walking,1,random_forest,19,47046344M-104_block_19,temporal_block,15.0,0.6909007344859921,1
47046344M-104,2024-10-15 07:43:59.010000+00:00,walking,1,random_forest,19,47046344M-104_block_19,temporal_block,15.0,0.5048668792788645,1
47046344M-104,2024-10-15 07:44:00.010000+00:00,walking,1,random_forest,19,47046344M-104_block_19,temporal_block,15.0,0.5747476389956985,1
47046344M-104,2024-10-15 07:44:01.010000+00:00,walking,1,random_forest,19,47046344M-104_block_19,temporal_block,15.0,0.6227444783606485,1
47046344M-104,2024-10-15 07:44:02.010000+00:00,walking,1,random_forest,19,47046344M-104_block_19,temporal_block,15.0,0.5872435014767338,1
47046344M-104,2024-10-15 07:44:03.010000+00:00,walking,1,random_forest,19,47046344M-104_block_19,temporal_block,15.0,0.6334849127313781,1
47046344M-104,2024-10-15 07:44:04.010000+00:00,walking,1,random_forest,19,47046344M-104_block_19,temporal_block,15.0,0.438911449710133,0
47046344M-104,2024-10-15 07:44:05.010000+00:00,walking,1,random_forest,19,47046344M-104_block_19,temporal_block,15.0,0.5461401974465582,1
47046344M-104,2024-10-15 07:44:06.010000+00:00,walking,1,random_forest,19,47046344M-104_block_19,temporal_block,15.0,0.5391829969890322,1
47046344M-104,2024-10-15 07:44:07.010000+00:00,walking,1,random_forest,19,47046344M-104_block_19,temporal_block,15.0,0.6084741046016388,1
47046344M-104,2024-10-15 07:44:08.010000+00:00,walking,1,random_forest,19,47046344M-104_block_19,temporal_block,15.0,0.5507131447055581,1
47046344M-104,2024-10-15 07:44:09.010000+00:00,walking,1,random_forest,19,47046344M-104_block_19,temporal_block,15.0,0.44906654611512453,0
47046344M-104,2024-10-15 07:44:10.010000+00:00,walking,1,random_forest,19,47046344M-104_block_19,temporal_block,15.0,0.5745279045050031,1
47046344M-104,2024-10-15 07:44:11.010000+00:00,walking,1,random_forest,19,47046344M-104_block_19,temporal_block,15.0,0.6634750536023665,1
47046344M-104,2024-10-15 07:44:13.010000+00:00,not_walking,0,random_forest,19,47046344M-104_block_19,temporal_block,15.0,0.6915308679634765,1
47046344M-104,2024-10-15 07:44:14.010000+00:00,not_walking,0,random_forest,19,47046344M-104_block_19,temporal_block,15.0,0.708856746749108,1
47046344M-104,2024-10-15 07:44:15.010000+00:00,not_walking,0,random_forest,19,47046344M-104_block_19,temporal_block,15.0,0.688278945644016,1
47046344M-104,2024-10-15 07:44:16.010000+00:00,not_walking,0,random_forest,19,47046344M-104_block_19,temporal_block,15.0,0.6714925242671035,1
47046344M-104,2024-10-15 07:44:17.010000+00:00,not_walking,0,random_forest,19,47046344M-104_block_19,temporal_block,15.0,0.6869794149751658,1
47046344M-104,2024-10-15 07:44:18.010000+00:00,not_walking,0,random_forest,19,47046344M-104_block_19,temporal_block,15.0,0.7141889130049537,1
47046344M-104,2024-10-15 07:44:19.010000+00:00,not_walking,0,random_forest,19,47046344M-104_block_19,temporal_block,15.0,0.7110978149560605,1
47046344M-104,2024-10-15 07:44:20.010000+00:00,not_walking,0,random_forest,19,47046344M-104_block_19,temporal_block,15.0,0.7046161381823384,1
47046344M-104,2024-10-15 07:44:21.010000+00:00,not_walking,0,random_forest,19,47046344M-104_block_19,temporal_block,15.0,0.6966874262338195,1
47046344M-104,2024-10-15 07:44:22.010000+00:00,not_walking,0,random_forest,19,47046344M-104_block_19,temporal_block,15.0,0.6657042515185535,1
47046344M-104,2024-10-15 07:44:23.010000+00:00,not_walking,0,random_forest,19,47046344M-104_block_19,temporal_block,15.0,0.6958435984915534,1
47046344M-104,2024-10-15 07:44:24.010000+00:00,not_walking,0,random_forest,19,47046344M-104_block_19,temporal_block,15.0,0.7052222733761799,1
47046344M-104,2024-10-15 07:44:25.010000+00:00,not_walking,0,random_forest,19,47046344M-104_block_19,temporal_block,15.0,0.6911927172093633,1
47046344M-104,2024-10-15 07:44:26.010000+00:00,not_walking,0,random_forest,19,47046344M-104_block_19,temporal_block,15.0,0.7036299303521896,1
47046344M-104,2024-10-15 07:44:27.010000+00:00,not_walking,0,random_forest,19,47046344M-104_block_19,temporal_block,15.0,0.6976767664353032,1
47046344M-104,2024-10-15 07:44:28.010000+00:00,not_walking,0,random_forest,19,47046344M-104_block_19,temporal_block,15.0,0.7049464686580051,1
47046344M-104,2024-10-15 07:44:29.010000+00:00,not_walking,0,random_forest,19,47046344M-104_block_19,temporal_block,15.0,0.6831940608926623,1
47046344M-104,2024-10-15 07:44:30.010000+00:00,not_walking,0,random_forest,19,47046344M-104_block_19,temporal_block,15.0,0.6995883243882872,1
47046344M-104,2024-10-15 07:44:31.010000+00:00,not_walking,0,random_forest,19,47046344M-104_block_19,temporal_block,15.0,0.6921718360402251,1
47046344M-104,2024-10-15 07:44:32.010000+00:00,not_walking,0,random_forest,19,47046344M-104_block_19,temporal_block,15.0,0.6843473452377382,1
47046344M-104,2024-10-15 07:44:33.010000+00:00,not_walking,0,random_forest,19,47046344M-104_block_19,temporal_block,15.0,0.6748147887544762,1
47046344M-104,2024-10-15 07:44:34.010000+00:00,not_walking,0,random_forest,19,47046344M-104_block_19,temporal_block,15.0,0.7023393976280028,1
47046344M-104,2024-10-15 07:44:35.010000+00:00,not_walking,0,random_forest,19,47046344M-104_block_19,temporal_block,15.0,0.7037967102627295,1
47046344M-104,2024-10-15 07:44:36.010000+00:00,not_walking,0,random_forest,19,47046344M-104_block_19,temporal_block,15.0,0.6977762558331189,1
47046344M-104,2024-10-15 07:44:37.010000+00:00,not_walking,0,random_forest,19,47046344M-104_block_19,temporal_block,15.0,0.7019556470416677,1
47046344M-104,2024-10-15 07:44:38.010000+00:00,not_walking,0,random_forest,19,47046344M-104_block_19,temporal_block,15.0,0.7138073613029021,1
47046344M-104,2024-10-15 07:44:39.010000+00:00,not_walking,0,random_forest,19,47046344M-104_block_19,temporal_block,15.0,0.7005878434065476,1
47046344M-104,2024-10-15 07:44:40.010000+00:00,not_walking,0,random_forest,19,47046344M-104_block_19,temporal_block,15.0,0.6935239790928164,1
47046344M-104,2024-10-15 07:44:41.010000+00:00,not_walking,0,random_forest,19,47046344M-104_block_19,temporal_block,15.0,0.546122219651504,1
47046344M-104,2024-10-15 07:44:42.010000+00:00,not_walking,0,random_forest,19,47046344M-104_block_19,temporal_block,15.0,0.4652945546546806,0
47046344M-104,2024-10-15 07:44:43.010000+00:00,not_walking,0,random_forest,19,47046344M-104_block_19,temporal_block,15.0,0.5850888848588198,1
47046344M-104,2024-10-15 07:44:44.010000+00:00,not_walking,0,random_forest,19,47046344M-104_block_19,temporal_block,15.0,0.6059632483660725,1
47046344M-104,2024-10-15 07:44:45.010000+00:00,not_walking,0,random_forest,19,47046344M-104_block_19,temporal_block,15.0,0.6293184829675499,1
47046344M-104,2024-10-15 07:44:46.010000+00:00,not_walking,0,random_forest,19,47046344M-104_block_19,temporal_block,15.0,0.6737575453879756,1
47046344M-104,2024-10-15 07:44:47.010000+00:00,not_walking,0,random_forest,19,47046344M-104_block_19,temporal_block,15.0,0.6853388175616374,1
47046344M-104,2024-10-15 07:44:48.010000+00:00,not_walking,0,random_forest,19,47046344M-104_block_19,temporal_block,15.0,0.7162651057970802,1
47046344M-104,2024-10-15 07:44:49.010000+00:00,not_walking,0,random_forest,19,47046344M-104_block_19,temporal_block,15.0,0.6867966460524615,1
47046344M-104,2024-10-15 07:44:50.010000+00:00,not_walking,0,random_forest,19,47046344M-104_block_19,temporal_block,15.0,0.7027087103744439,1
47046344M-104,2024-10-15 07:44:51.010000+00:00,not_walking,0,random_forest,19,47046344M-104_block_19,temporal_block,15.0,0.7063983278672065,1
47046344M-104,2024-10-15 07:44:52.010000+00:00,not_walking,0,random_forest,19,47046344M-104_block_19,temporal_block,15.0,0.7086380478404131,1
47046344M-104,2024-10-15 07:44:53.010000+00:00,not_walking,0,random_forest,19,47046344M-104_block_19,temporal_block,15.0,0.699653930947269,1
47046344M-104,2024-10-15 07:44:54.010000+00:00,not_walking,0,random_forest,19,47046344M-104_block_19,temporal_block,15.0,0.6126248117336676,1
47046344M-104,2024-10-15 07:44:55.010000+00:00,not_walking,0,random_forest,19,47046344M-104_block_19,temporal_block,15.0,0.6756143661654803,1
47046344M-104,2024-10-15 07:44:56.010000+00:00,not_walking,0,random_forest,19,47046344M-104_block_19,temporal_block,15.0,0.6534359633500828,1
47046344M-104,2024-10-15 07:44:57.010000+00:00,not_walking,0,random_forest,19,47046344M-104_block_19,temporal_block,15.0,0.6982863143377109,1
47046344M-104,2024-10-15 07:44:58.010000+00:00,not_walking,0,random_forest,19,47046344M-104_block_19,temporal_block,15.0,0.7086482362427623,1
47046344M-104,2024-10-15 07:44:59.010000+00:00,not_walking,0,random_forest,19,47046344M-104_block_19,temporal_block,15.0,0.6721432226248368,1
47046344M-104,2024-10-15 07:45:00.010000+00:00,not_walking,0,random_forest,19,47046344M-104_block_19,temporal_block,15.0,0.568096476885167,1
47046344M-104,2024-10-15 07:45:01.010000+00:00,not_walking,0,random_forest,19,47046344M-104_block_19,temporal_block,15.0,0.5951330120876739,1
47046344M-104,2024-10-15 07:45:02.010000+00:00,not_walking,0,random_forest,19,47046344M-104_block_19,temporal_block,15.0,0.11723658239508147,0
47046344M-104,2024-10-15 07:45:03.010000+00:00,not_walking,0,random_forest,19,47046344M-104_block_19,temporal_block,15.0,0.48241360713820647,0
47046344M-104,2024-10-15 07:45:04.010000+00:00,not_walking,0,random_forest,19,47046344M-104_block_19,temporal_block,15.0,0.574215633974844,1
47046344M-104,2024-10-15 07:45:05.010000+00:00,not_walking,0,random_forest,19,47046344M-104_block_19,temporal_block,15.0,0.5999062283854684,1
47046344M-104,2024-10-15 07:45:06.010000+00:00,not_walking,0,random_forest,19,47046344M-104_block_19,temporal_block,15.0,0.5777013163201435,1
47046344M-104,2024-10-15 07:45:07.010000+00:00,not_walking,0,random_forest,19,47046344M-104_block_19,temporal_block,15.0,0.5304200238667567,1
47046344M-104,2024-10-15 07:45:08.010000+00:00,not_walking,0,random_forest,19,47046344M-104_block_19,temporal_block,15.0,0.4748973256419671,0
47046344M-104,2024-10-15 07:45:09.010000+00:00,not_walking,0,random_forest,19,47046344M-104_block_19,temporal_block,15.0,0.41620292346228344,0
47046344M-104,2024-10-15 07:45:10.010000+00:00,not_walking,0,random_forest,19,47046344M-104_block_19,temporal_block,15.0,0.6956871342313382,1
47046344M-104,2024-10-15 07:45:11.010000+00:00,not_walking,0,random_forest,19,47046344M-104_block_19,temporal_block,15.0,0.6611439959590439,1
47046344M-104,2024-10-15 07:45:12.010000+00:00,not_walking,0,random_forest,19,47046344M-104_block_19,temporal_block,15.0,0.702536128017619,1
47046344M-104,2024-10-15 07:45:13.010000+00:00,not_walking,0,random_forest,19,47046344M-104_block_19,temporal_block,15.0,0.7138024968827167,1
47046344M-104,2024-10-15 07:45:14.010000+00:00,not_walking,0,random_forest,19,47046344M-104_block_19,temporal_block,15.0,0.700518340991171,1
47046344M-104,2024-10-15 07:45:15.010000+00:00,not_walking,0,random_forest,19,47046344M-104_block_19,temporal_block,15.0,0.6509857618232625,1
47046344M-104,2024-10-15 07:45:16.010000+00:00,not_walking,0,random_forest,19,47046344M-104_block_19,temporal_block,15.0,0.6740133268466246,1
47046344M-104,2024-10-15 07:45:17.010000+00:00,not_walking,0,random_forest,19,47046344M-104_block_19,temporal_block,15.0,0.7099457318832285,1
47046344M-104,2024-10-15 07:45:18.010000+00:00,not_walking,0,random_forest,19,47046344M-104_block_19,temporal_block,15.0,0.7059694166745917,1
47046344M-104,2024-10-15 07:45:19.010000+00:00,not_walking,0,random_forest,19,47046344M-104_block_19,temporal_block,15.0,0.7073275327646968,1
47046344M-104,2024-10-15 07:45:20.010000+00:00,not_walking,0,random_forest,19,47046344M-104_block_19,temporal_block,15.0,0.7100011523030334,1
47046344M-104,2024-10-15 07:45:21.010000+00:00,not_walking,0,random_forest,19,47046344M-104_block_19,temporal_block,15.0,0.7168885470285979,1
47046344M-104,2024-10-15 07:45:22.010000+00:00,not_walking,0,random_forest,19,47046344M-104_block_19,temporal_block,15.0,0.7325043636944849,1
47046344M-104,2024-10-15 07:45:23.010000+00:00,not_walking,0,random_forest,19,47046344M-104_block_19,temporal_block,15.0,0.7362808355394953,1
47046344M-104,2024-10-15 07:45:25.010000+00:00,walking,1,random_forest,19,47046344M-104_block_19,temporal_block,15.0,0.7088519765567559,1
47046344M-104,2024-10-15 07:45:26.010000+00:00,walking,1,random_forest,19,47046344M-104_block_19,temporal_block,15.0,0.707235416207697,1
47046344M-104,2024-10-15 07:45:27.010000+00:00,walking,1,random_forest,19,47046344M-104_block_19,temporal_block,15.0,0.7173973261327047,1
47046344M-104,2024-10-15 07:45:28.010000+00:00,walking,1,random_forest,19,47046344M-104_block_19,temporal_block,15.0,0.7176564390968139,1
47046344M-104,2024-10-15 07:45:29.010000+00:00,walking,1,random_forest,19,47046344M-104_block_19,temporal_block,15.0,0.7099458490642149,1
47046344M-104,2024-10-15 07:45:30.010000+00:00,walking,1,random_forest,19,47046344M-104_block_19,temporal_block,15.0,0.7003156817993379,1
47046344M-104,2024-10-15 07:45:31.010000+00:00,walking,1,random_forest,19,47046344M-104_block_19,temporal_block,15.0,0.6945474572847318,1
47046344M-104,2024-10-15 07:45:32.010000+00:00,walking,1,random_forest,19,47046344M-104_block_19,temporal_block,15.0,0.700379099834398,1
47046344M-104,2024-10-15 07:45:33.010000+00:00,walking,1,random_forest,19,47046344M-104_block_19,temporal_block,15.0,0.6196263241753822,1
47046344M-104,2024-10-15 07:45:34.010000+00:00,walking,1,random_forest,19,47046344M-104_block_19,temporal_block,15.0,0.5987816263176368,1
47046344M-104,2024-10-15 07:45:35.010000+00:00,walking,1,random_forest,19,47046344M-104_block_19,temporal_block,15.0,0.5504526601825022,1
47046344M-104,2024-10-15 07:45:36.010000+00:00,walking,1,random_forest,19,47046344M-104_block_19,temporal_block,15.0,0.6580663001883091,1
47046344M-104,2024-10-15 07:45:37.010000+00:00,walking,1,random_forest,19,47046344M-104_block_19,temporal_block,15.0,0.5576752939549383,1
47046344M-104,2024-10-15 07:45:38.010000+00:00,walking,1,random_forest,19,47046344M-104_block_19,temporal_block,15.0,0.6438656063515575,1
47046344M-104,2024-10-15 07:45:39.010000+00:00,walking,1,random_forest,19,47046344M-104_block_19,temporal_block,15.0,0.635566941269186,1
47046344M-104,2024-10-15 07:45:40.010000+00:00,walking,1,random_forest,19,47046344M-104_block_19,temporal_block,15.0,0.5689857536642662,1
47046344M-104,2024-10-15 07:45:41.010000+00:00,walking,1,random_forest,19,47046344M-104_block_19,temporal_block,15.0,0.7027003192308952,1
47046344M-104,2024-10-15 07:45:42.010000+00:00,walking,1,random_forest,19,47046344M-104_block_19,temporal_block,15.0,0.6777806365470427,1
47046344M-104,2024-10-15 07:45:43.010000+00:00,walking,1,random_forest,19,47046344M-104_block_19,temporal_block,15.0,0.7367998542098577,1
47046344M-104,2024-10-15 07:45:44.010000+00:00,walking,1,random_forest,19,47046344M-104_block_19,temporal_block,15.0,0.724228304907543,1
47046344M-104,2024-10-15 07:45:45.010000+00:00,walking,1,random_forest,19,47046344M-104_block_19,temporal_block,15.0,0.6959666859596926,1
47046344M-104,2024-10-15 07:45:46.010000+00:00,walking,1,random_forest,19,47046344M-104_block_19,temporal_block,15.0,0.7239718515627488,1
47046344M-104,2024-10-15 07:45:47.010000+00:00,walking,1,random_forest,19,47046344M-104_block_19,temporal_block,15.0,0.7292296143679748,1
47046344M-104,2024-10-15 07:45:48.010000+00:00,walking,1,random_forest,19,47046344M-104_block_19,temporal_block,15.0,0.7262124665667914,1
47046344M-104,2024-10-15 07:45:49.010000+00:00,walking,1,random_forest,19,47046344M-104_block_19,temporal_block,15.0,0.6964776223811274,1
47046344M-104,2024-10-15 07:45:50.010000+00:00,walking,1,random_forest,19,47046344M-104_block_19,temporal_block,15.0,0.6942838200236019,1
47046344M-104,2024-10-15 07:45:51.010000+00:00,walking,1,random_forest,19,47046344M-104_block_19,temporal_block,15.0,0.692403395161874,1
47046344M-104,2024-10-15 07:45:52.010000+00:00,walking,1,random_forest,19,47046344M-104_block_19,temporal_block,15.0,0.732087865606274,1
47046344M-104,2024-10-15 07:45:53.010000+00:00,walking,1,random_forest,19,47046344M-104_block_19,temporal_block,15.0,0.7085911178355776,1
47046344M-104,2024-10-15 07:45:54.010000+00:00,walking,1,random_forest,19,47046344M-104_block_19,temporal_block,15.0,0.7068880603297384,1
47046344M-104,2024-10-15 07:45:55.010000+00:00,walking,1,random_forest,19,47046344M-104_block_19,temporal_block,15.0,0.7006874349222698,1
47046344M-104,2024-10-15 07:45:56.010000+00:00,walking,1,random_forest,19,47046344M-104_block_19,temporal_block,15.0,0.7087040644488981,1
47046344M-104,2024-10-15 07:45:57.010000+00:00,walking,1,random_forest,19,47046344M-104_block_19,temporal_block,15.0,0.7016051237720468,1
47046344M-104,2024-10-15 07:45:58.010000+00:00,walking,1,random_forest,19,47046344M-104_block_19,temporal_block,15.0,0.6905789890468872,1
47046344M-104,2024-10-15 07:45:59.010000+00:00,walking,1,random_forest,19,47046344M-104_block_19,temporal_block,15.0,0.7368077048444946,1
47046344M-104,2024-10-15 07:46:00.010000+00:00,walking,1,random_forest,19,47046344M-104_block_19,temporal_block,15.0,0.631709299414419,1
47046344M-104,2024-10-15 07:46:01.010000+00:00,walking,1,random_forest,19,47046344M-104_block_19,temporal_block,15.0,0.43547177967010176,0
47046344M-104,2024-10-15 07:46:02.010000+00:00,walking,1,random_forest,19,47046344M-104_block_19,temporal_block,15.0,0.5378398462612869,1
47046344M-104,2024-10-15 07:46:03.010000+00:00,walking,1,random_forest,19,47046344M-104_block_19,temporal_block,15.0,0.4873183831005263,0
47046344M-104,2024-10-15 07:46:04.010000+00:00,walking,1,random_forest,19,47046344M-104_block_19,temporal_block,15.0,0.5987508855216547,1
47046344M-104,2024-10-15 07:46:05.010000+00:00,walking,1,random_forest,19,47046344M-104_block_19,temporal_block,15.0,0.6949922310881808,1
47046344M-104,2024-10-15 07:46:06.010000+00:00,walking,1,random_forest,19,47046344M-104_block_19,temporal_block,15.0,0.6356182745216505,1
47046344M-104,2024-10-15 07:46:07.010000+00:00,walking,1,random_forest,19,47046344M-104_block_19,temporal_block,15.0,0.6834409862790534,1
47046344M-104,2024-10-15 07:46:08.010000+00:00,walking,1,random_forest,19,47046344M-104_block_19,temporal_block,15.0,0.6227782972796989,1
47046344M-104,2024-10-15 07:46:09.010000+00:00,walking,1,random_forest,19,47046344M-104_block_19,temporal_block,15.0,0.7236256963109998,1
47046344M-104,2024-10-15 07:46:10.010000+00:00,walking,1,random_forest,19,47046344M-104_block_19,temporal_block,15.0,0.727048174613796,1
47046344M-104,2024-10-15 07:46:11.010000+00:00,walking,1,random_forest,19,47046344M-104_block_19,temporal_block,15.0,0.6137287106244199,1
47046344M-104,2024-10-15 07:46:12.010000+00:00,walking,1,random_forest,19,47046344M-104_block_19,temporal_block,15.0,0.6220332523929052,1
47046344M-104,2024-10-15 07:46:13.010000+00:00,walking,1,random_forest,19,47046344M-104_block_19,temporal_block,15.0,0.477589515738034,0
47046344M-104,2024-10-15 07:46:14.010000+00:00,walking,1,random_forest,19,47046344M-104_block_19,temporal_block,15.0,0.592054160422392,1
47046344M-104,2024-10-15 07:46:15.010000+00:00,walking,1,random_forest,19,47046344M-104_block_19,temporal_block,15.0,0.5663443963294101,1
47046344M-104,2024-10-15 07:46:16.010000+00:00,walking,1,random_forest,19,47046344M-104_block_19,temporal_block,15.0,0.6595462653146825,1
47046344M-104,2024-10-15 07:46:17.010000+00:00,walking,1,random_forest,19,47046344M-104_block_19,temporal_block,15.0,0.7211145507820758,1
47046344M-104,2024-10-15 07:46:18.010000+00:00,walking,1,random_forest,19,47046344M-104_block_19,temporal_block,15.0,0.7269257838955389,1
47046344M-104,2024-10-15 07:46:19.010000+00:00,walking,1,random_forest,19,47046344M-104_block_19,temporal_block,15.0,0.7350134082273013,1
47046344M-104,2024-10-15 07:46:20.010000+00:00,walking,1,random_forest,19,47046344M-104_block_19,temporal_block,15.0,0.7211997739099517,1
47046344M-104,2024-10-15 07:46:21.010000+00:00,walking,1,random_forest,19,47046344M-104_block_19,temporal_block,15.0,0.42165625271602647,0
47046344M-104,2024-10-15 07:46:22.010000+00:00,walking,1,random_forest,19,47046344M-104_block_19,temporal_block,15.0,0.5656007272303326,1
47046344M-104,2024-10-15 07:46:23.010000+00:00,walking,1,random_forest,19,47046344M-104_block_19,temporal_block,15.0,0.6556535602746375,1
47046344M-104,2024-10-15 07:46:24.010000+00:00,walking,1,random_forest,19,47046344M-104_block_19,temporal_block,15.0,0.6737537723491733,1
47046344M-104,2024-10-15 07:46:25.010000+00:00,walking,1,random_forest,19,47046344M-104_block_19,temporal_block,15.0,0.6762389653244836,1
47046344M-104,2024-10-15 07:46:26.010000+00:00,walking,1,random_forest,19,47046344M-104_block_19,temporal_block,15.0,0.6943575075403491,1
47046344M-104,2024-10-15 07:46:27.010000+00:00,walking,1,random_forest,19,47046344M-104_block_19,temporal_block,15.0,0.6832134859692666,1
47046344M-104,2024-10-15 07:46:28.010000+00:00,walking,1,random_forest,19,47046344M-104_block_19,temporal_block,15.0,0.7069875236937457,1
47046344M-104,2024-10-15 07:46:29.010000+00:00,walking,1,random_forest,19,47046344M-104_block_19,temporal_block,15.0,0.5195459796404489,1
47046344M-104,2024-10-15 07:46:30.010000+00:00,walking,1,random_forest,19,47046344M-104_block_19,temporal_block,15.0,0.5899461106915098,1
47046344M-104,2024-10-15 07:46:31.010000+00:00,walking,1,random_forest,19,47046344M-104_block_19,temporal_block,15.0,0.708591108455904,1
47046344M-104,2024-10-15 07:46:32.010000+00:00,walking,1,random_forest,19,47046344M-104_block_19,temporal_block,15.0,0.7309304606058694,1
47046344M-104,2024-10-15 07:46:33.010000+00:00,walking,1,random_forest,19,47046344M-104_block_19,temporal_block,15.0,0.7309898630357042,1
47046344M-104,2024-10-15 07:46:34.010000+00:00,walking,1,random_forest,19,47046344M-104_block_19,temporal_block,15.0,0.7289921179588194,1
47046344M-104,2024-10-15 07:46:35.010000+00:00,walking,1,random_forest,19,47046344M-104_block_19,temporal_block,15.0,0.7386521312558966,1
47046344M-104,2024-10-15 07:46:36.010000+00:00,walking,1,random_forest,19,47046344M-104_block_19,temporal_block,15.0,0.7286694118119905,1
47046344M-104,2024-10-15 07:46:37.010000+00:00,walking,1,random_forest,19,47046344M-104_block_19,temporal_block,15.0,0.735815531517721,1
47046344M-104,2024-10-15 07:46:38.010000+00:00,walking,1,random_forest,19,47046344M-104_block_19,temporal_block,15.0,0.7358133069074841,1
47046344M-104,2024-10-15 07:46:39.010000+00:00,walking,1,random_forest,19,47046344M-104_block_19,temporal_block,15.0,0.7243758484566731,1
47046344M-104,2024-10-15 07:46:40.010000+00:00,walking,1,random_forest,19,47046344M-104_block_19,temporal_block,15.0,0.7152972427344714,1
47046344M-104,2024-10-15 07:46:41.010000+00:00,walking,1,random_forest,19,47046344M-104_block_19,temporal_block,15.0,0.690718393433919,1
47046344M-104,2024-10-15 07:46:42.010000+00:00,walking,1,random_forest,19,47046344M-104_block_19,temporal_block,15.0,0.674274892390475,1
47046344M-104,2024-10-15 07:46:43.010000+00:00,walking,1,random_forest,19,47046344M-104_block_19,temporal_block,15.0,0.7262480309765607,1
47046344M-104,2024-10-15 07:46:44.010000+00:00,walking,1,random_forest,19,47046344M-104_block_19,temporal_block,15.0,0.7276470002611178,1
47046344M-104,2024-10-15 07:46:45.010000+00:00,walking,1,random_forest,19,47046344M-104_block_19,temporal_block,15.0,0.7457180571401429,1
47046344M-104,2024-10-15 07:46:46.010000+00:00,walking,1,random_forest,19,47046344M-104_block_19,temporal_block,15.0,0.7266295677933997,1
47046344M-104,2024-10-15 07:47:58.010000+00:00,walking,1,random_forest,20,47046344M-104_block_20,temporal_block,15.0,0.5449994716528167,1
47046344M-104,2024-10-15 07:47:59.010000+00:00,walking,1,random_forest,20,47046344M-104_block_20,temporal_block,15.0,0.4625392279973633,0
47046344M-104,2024-10-15 07:48:00.010000+00:00,walking,1,random_forest,20,47046344M-104_block_20,temporal_block,15.0,0.3577970096433314,0
47046344M-104,2024-10-15 07:48:01.010000+00:00,walking,1,random_forest,20,47046344M-104_block_20,temporal_block,15.0,0.5346075853405324,1
47046344M-104,2024-10-15 07:48:02.010000+00:00,walking,1,random_forest,20,47046344M-104_block_20,temporal_block,15.0,0.5526390185995251,1
47046344M-104,2024-10-15 07:48:03.010000+00:00,walking,1,random_forest,20,47046344M-104_block_20,temporal_block,15.0,0.6177813175963325,1
47046344M-104,2024-10-15 07:48:04.010000+00:00,walking,1,random_forest,20,47046344M-104_block_20,temporal_block,15.0,0.5965972051353974,1
47046344M-104,2024-10-15 07:48:05.010000+00:00,walking,1,random_forest,20,47046344M-104_block_20,temporal_block,15.0,0.5621582049758299,1
47046344M-104,2024-10-15 07:48:06.010000+00:00,walking,1,random_forest,20,47046344M-104_block_20,temporal_block,15.0,0.545445587781627,1
47046344M-104,2024-10-15 07:48:07.010000+00:00,walking,1,random_forest,20,47046344M-104_block_20,temporal_block,15.0,0.5268441766186778,1
47046344M-104,2024-10-15 07:48:08.010000+00:00,walking,1,random_forest,20,47046344M-104_block_20,temporal_block,15.0,0.5689093907038392,1
47046344M-104,2024-10-15 07:48:09.010000+00:00,walking,1,random_forest,20,47046344M-104_block_20,temporal_block,15.0,0.5438859685472184,1
47046344M-104,2024-10-15 07:48:10.010000+00:00,walking,1,random_forest,20,47046344M-104_block_20,temporal_block,15.0,0.537618192170749,1
47046344M-104,2024-10-15 07:48:11.010000+00:00,walking,1,random_forest,20,47046344M-104_block_20,temporal_block,15.0,0.5596847251908733,1
47046344M-104,2024-10-15 07:48:12.010000+00:00,walking,1,random_forest,20,47046344M-104_block_20,temporal_block,15.0,0.5662889845131202,1
47046344M-104,2024-10-15 07:48:13.010000+00:00,walking,1,random_forest,20,47046344M-104_block_20,temporal_block,15.0,0.5720117849477316,1
47046344M-104,2024-10-15 07:48:14.010000+00:00,walking,1,random_forest,20,47046344M-104_block_20,temporal_block,15.0,0.5767067164683028,1
47046344M-104,2024-10-15 07:48:15.010000+00:00,walking,1,random_forest,20,47046344M-104_block_20,temporal_block,15.0,0.5169951207270401,1
47046344M-104,2024-10-15 07:48:16.010000+00:00,walking,1,random_forest,20,47046344M-104_block_20,temporal_block,15.0,0.5504528445174313,1
47046344M-104,2024-10-15 07:48:17.010000+00:00,walking,1,random_forest,20,47046344M-104_block_20,temporal_block,15.0,0.570315626570654,1
47046344M-104,2024-10-15 07:48:18.010000+00:00,walking,1,random_forest,20,47046344M-104_block_20,temporal_block,15.0,0.5441157350549685,1
47046344M-104,2024-10-15 07:48:19.010000+00:00,walking,1,random_forest,20,47046344M-104_block_20,temporal_block,15.0,0.5591306556027829,1
47046344M-104,2024-10-15 07:48:20.010000+00:00,walking,1,random_forest,20,47046344M-104_block_20,temporal_block,15.0,0.47287529314914745,0
47046344M-104,2024-10-15 07:48:21.010000+00:00,walking,1,random_forest,20,47046344M-104_block_20,temporal_block,15.0,0.5022828853935634,1
47046344M-104,2024-10-15 07:48:22.010000+00:00,walking,1,random_forest,20,47046344M-104_block_20,temporal_block,15.0,0.5678668862058756,1
47046344M-104,2024-10-15 07:48:23.010000+00:00,walking,1,random_forest,20,47046344M-104_block_20,temporal_block,15.0,0.459435061050387,0
47046344M-104,2024-10-15 07:48:24.010000+00:00,walking,1,random_forest,20,47046344M-104_block_20,temporal_block,15.0,0.5167674714918314,1
47046344M-104,2024-10-15 07:48:25.010000+00:00,walking,1,random_forest,20,47046344M-104_block_20,temporal_block,15.0,0.39529235318052436,0
47046344M-104,2024-10-15 07:48:26.010000+00:00,walking,1,random_forest,20,47046344M-104_block_20,temporal_block,15.0,0.3449531676968128,0
47046344M-104,2024-10-15 07:48:27.010000+00:00,walking,1,random_forest,20,47046344M-104_block_20,temporal_block,15.0,0.4698046931707384,0
47046344M-104,2024-10-15 07:48:28.010000+00:00,walking,1,random_forest,20,47046344M-104_block_20,temporal_block,15.0,0.5122525483697561,1
47046344M-104,2024-10-15 07:48:29.010000+00:00,walking,1,random_forest,20,47046344M-104_block_20,temporal_block,15.0,0.5371683537019554,1
47046344M-104,2024-10-15 07:48:30.010000+00:00,walking,1,random_forest,20,47046344M-104_block_20,temporal_block,15.0,0.48345940080303573,0
47046344M-104,2024-10-15 07:48:31.010000+00:00,walking,1,random_forest,20,47046344M-104_block_20,temporal_block,15.0,0.452168471464999,0
47046344M-104,2024-10-15 07:48:32.010000+00:00,walking,1,random_forest,20,47046344M-104_block_20,temporal_block,15.0,0.5104803187236997,1
47046344M-104,2024-10-15 07:48:33.010000+00:00,walking,1,random_forest,20,47046344M-104_block_20,temporal_block,15.0,0.50801769740147,1
47046344M-104,2024-10-15 07:48:34.010000+00:00,walking,1,random_forest,20,47046344M-104_block_20,temporal_block,15.0,0.4759417933091265,0
47046344M-104,2024-10-15 07:48:35.010000+00:00,walking,1,random_forest,20,47046344M-104_block_20,temporal_block,15.0,0.4566050848819349,0
47046344M-104,2024-10-15 07:48:36.010000+00:00,walking,1,random_forest,20,47046344M-104_block_20,temporal_block,15.0,0.47489877070546577,0
47046344M-104,2024-10-15 07:48:37.010000+00:00,walking,1,random_forest,20,47046344M-104_block_20,temporal_block,15.0,0.5055921762377842,1
47046344M-104,2024-10-15 07:48:38.010000+00:00,walking,1,random_forest,20,47046344M-104_block_20,temporal_block,15.0,0.5066518766921717,1
47046344M-104,2024-10-15 07:48:39.010000+00:00,walking,1,random_forest,20,47046344M-104_block_20,temporal_block,15.0,0.5110832807558562,1
47046344M-104,2024-10-15 07:48:40.010000+00:00,walking,1,random_forest,20,47046344M-104_block_20,temporal_block,15.0,0.5033171830706397,1
47046344M-104,2024-10-15 07:48:41.010000+00:00,walking,1,random_forest,20,47046344M-104_block_20,temporal_block,15.0,0.4966779011972438,0
47046344M-104,2024-10-15 07:48:42.010000+00:00,walking,1,random_forest,20,47046344M-104_block_20,temporal_block,15.0,0.49995788059409874,0
663495-44,2025-03-22 17:02:13+00:00,walking,1,random_forest,21,663495-44_block_21,temporal_block,15.0,0.7979330391545808,1
663495-44,2025-03-22 17:02:14+00:00,walking,1,random_forest,21,663495-44_block_21,temporal_block,15.0,0.8178539399912647,1
663495-44,2025-03-22 17:02:15+00:00,walking,1,random_forest,21,663495-44_block_21,temporal_block,15.0,0.7993344450237972,1
663495-44,2025-03-22 17:02:16+00:00,walking,1,random_forest,21,663495-44_block_21,temporal_block,15.0,0.8175828154001774,1
663495-44,2025-03-22 17:02:17+00:00,walking,1,random_forest,21,663495-44_block_21,temporal_block,15.0,0.8877197922558844,1
663495-44,2025-03-22 17:02:18+00:00,walking,1,random_forest,21,663495-44_block_21,temporal_block,15.0,0.7805905054037896,1
663495-44,2025-03-22 17:02:19+00:00,walking,1,random_forest,21,663495-44_block_21,temporal_block,15.0,0.8492537560847876,1
663495-44,2025-03-22 17:02:20+00:00,walking,1,random_forest,21,663495-44_block_21,temporal_block,15.0,0.7751484967123744,1
663495-44,2025-03-22 17:02:21+00:00,walking,1,random_forest,21,663495-44_block_21,temporal_block,15.0,0.6555021285987912,1
663495-44,2025-03-22 17:02:22+00:00,walking,1,random_forest,21,663495-44_block_21,temporal_block,15.0,0.3867862112439484,0
663495-44,2025-03-22 17:02:23+00:00,walking,1,random_forest,21,663495-44_block_21,temporal_block,15.0,0.5165763752180202,1
663495-44,2025-03-22 17:02:24+00:00,walking,1,random_forest,21,663495-44_block_21,temporal_block,15.0,0.7174801422156972,1
663495-44,2025-03-22 17:02:25+00:00,walking,1,random_forest,21,663495-44_block_21,temporal_block,15.0,0.7995862432127862,1
663495-44,2025-03-22 17:02:26+00:00,walking,1,random_forest,21,663495-44_block_21,temporal_block,15.0,0.8613330185105201,1
663495-44,2025-03-22 17:02:27+00:00,walking,1,random_forest,21,663495-44_block_21,temporal_block,15.0,0.8849912338857111,1
663495-44,2025-03-22 17:02:28+00:00,walking,1,random_forest,21,663495-44_block_21,temporal_block,15.0,0.8512095938800266,1
663495-44,2025-03-22 17:02:29+00:00,walking,1,random_forest,21,663495-44_block_21,temporal_block,15.0,0.9208880521106837,1
663495-44,2025-03-22 17:02:30+00:00,walking,1,random_forest,21,663495-44_block_21,temporal_block,15.0,0.9291292236437301,1
663495-44,2025-03-22 17:02:31+00:00,walking,1,random_forest,21,663495-44_block_21,temporal_block,15.0,0.9196837395335469,1
663495-44,2025-03-22 17:02:32+00:00,walking,1,random_forest,21,663495-44_block_21,temporal_block,15.0,0.6037215409284232,1
663495-44,2025-03-22 17:02:33+00:00,walking,1,random_forest,21,663495-44_block_21,temporal_block,15.0,0.5670032481032382,1
663495-44,2025-03-22 17:02:34+00:00,walking,1,random_forest,21,663495-44_block_21,temporal_block,15.0,0.4355796826233371,0
663495-44,2025-03-22 17:02:35+00:00,walking,1,random_forest,21,663495-44_block_21,temporal_block,15.0,0.5105908055889262,1
663495-44,2025-03-22 17:02:36+00:00,walking,1,random_forest,21,663495-44_block_21,temporal_block,15.0,0.5324253752564297,1
663495-44,2025-03-22 17:02:37+00:00,walking,1,random_forest,21,663495-44_block_21,temporal_block,15.0,0.6791522849175032,1
663495-44,2025-03-22 17:02:38+00:00,walking,1,random_forest,21,663495-44_block_21,temporal_block,15.0,0.6382522909969245,1
663495-44,2025-03-22 17:02:39+00:00,walking,1,random_forest,21,663495-44_block_21,temporal_block,15.0,0.5546623907013001,1
663495-44,2025-03-22 17:02:40+00:00,walking,1,random_forest,21,663495-44_block_21,temporal_block,15.0,0.38751544380212744,0
663495-44,2025-03-22 17:02:41+00:00,walking,1,random_forest,21,663495-44_block_21,temporal_block,15.0,0.3512370144747982,0
663495-44,2025-03-22 17:02:42+00:00,walking,1,random_forest,21,663495-44_block_21,temporal_block,15.0,0.38475653008608507,0
663495-44,2025-03-22 17:02:43+00:00,walking,1,random_forest,21,663495-44_block_21,temporal_block,15.0,0.3650603039834479,0
663495-44,2025-03-22 17:03:09.010000+00:00,walking,1,random_forest,22,663495-44_block_22,temporal_block,15.0,0.5898129394319533,1
663495-44,2025-03-22 17:03:10.010000+00:00,walking,1,random_forest,22,663495-44_block_22,temporal_block,15.0,0.6408950284789205,1
663495-44,2025-03-22 17:03:11.010000+00:00,walking,1,random_forest,22,663495-44_block_22,temporal_block,15.0,0.8110357895282394,1
663495-44,2025-03-22 17:03:12.010000+00:00,walking,1,random_forest,22,663495-44_block_22,temporal_block,15.0,0.7756586520442945,1
663495-44,2025-03-22 17:03:13.010000+00:00,walking,1,random_forest,22,663495-44_block_22,temporal_block,15.0,0.7322996256847797,1
663495-44,2025-03-22 17:03:14.010000+00:00,walking,1,random_forest,22,663495-44_block_22,temporal_block,15.0,0.7668635634817401,1
663495-44,2025-03-22 17:03:15.010000+00:00,walking,1,random_forest,22,663495-44_block_22,temporal_block,15.0,0.709491311440209,1
663495-44,2025-03-22 17:03:16.010000+00:00,walking,1,random_forest,22,663495-44_block_22,temporal_block,15.0,0.6730911670473411,1
663495-44,2025-03-22 17:03:17.010000+00:00,walking,1,random_forest,22,663495-44_block_22,temporal_block,15.0,0.556045563655747,1
663495-44,2025-03-22 17:03:18.010000+00:00,walking,1,random_forest,22,663495-44_block_22,temporal_block,15.0,0.676567921290065,1
663495-44,2025-03-22 17:03:19.010000+00:00,walking,1,random_forest,22,663495-44_block_22,temporal_block,15.0,0.8458628263598725,1
663495-44,2025-03-22 17:03:20.010000+00:00,walking,1,random_forest,22,663495-44_block_22,temporal_block,15.0,0.8073060391007648,1
663495-44,2025-03-22 17:03:21.010000+00:00,walking,1,random_forest,22,663495-44_block_22,temporal_block,15.0,0.8584264085586042,1
663495-44,2025-03-22 17:03:22.010000+00:00,walking,1,random_forest,22,663495-44_block_22,temporal_block,15.0,0.6561910126726331,1
663495-44,2025-03-22 17:03:23.010000+00:00,walking,1,random_forest,22,663495-44_block_22,temporal_block,15.0,0.8443471953213029,1
663495-44,2025-03-22 17:03:24.010000+00:00,walking,1,random_forest,22,663495-44_block_22,temporal_block,15.0,0.7963445938267671,1
663495-44,2025-03-22 17:03:25.010000+00:00,walking,1,random_forest,22,663495-44_block_22,temporal_block,15.0,0.8668761927442674,1
663495-44,2025-03-22 17:03:26.010000+00:00,walking,1,random_forest,22,663495-44_block_22,temporal_block,15.0,0.8300499677682699,1
663495-44,2025-03-22 17:03:42.010000+00:00,not_walking,0,random_forest,23,663495-44_block_23,temporal_block,15.0,0.15301205766411213,0
663495-44,2025-03-22 17:03:43.010000+00:00,not_walking,0,random_forest,23,663495-44_block_23,temporal_block,15.0,0.16838810926973163,0
663495-44,2025-03-22 17:03:44.010000+00:00,not_walking,0,random_forest,23,663495-44_block_23,temporal_block,15.0,0.14797222390944403,0
663495-44,2025-03-22 17:03:45.010000+00:00,not_walking,0,random_forest,23,663495-44_block_23,temporal_block,15.0,0.15123078941021514,0
663495-44,2025-03-22 17:03:46.010000+00:00,not_walking,0,random_forest,23,663495-44_block_23,temporal_block,15.0,0.15757888635741502,0
663495-44,2025-03-22 17:03:47.010000+00:00,not_walking,0,random_forest,23,663495-44_block_23,temporal_block,15.0,0.1806848759106463,0
663495-44,2025-03-22 17:03:48.010000+00:00,not_walking,0,random_forest,23,663495-44_block_23,temporal_block,15.0,0.16929332503283967,0
663495-44,2025-03-22 17:03:49.010000+00:00,not_walking,0,random_forest,23,663495-44_block_23,temporal_block,15.0,0.1837580976004169,0
663495-44,2025-03-22 17:03:50.010000+00:00,not_walking,0,random_forest,23,663495-44_block_23,temporal_block,15.0,0.18402900012370785,0
663495-44,2025-03-22 17:03:51.010000+00:00,not_walking,0,random_forest,23,663495-44_block_23,temporal_block,15.0,0.18777382552353225,0
663495-44,2025-03-22 17:03:52.010000+00:00,not_walking,0,random_forest,23,663495-44_block_23,temporal_block,15.0,0.17546991577989934,0
663495-44,2025-03-22 17:03:53.010000+00:00,not_walking,0,random_forest,23,663495-44_block_23,temporal_block,15.0,0.18480063241759073,0
663495-44,2025-03-22 17:03:54.010000+00:00,not_walking,0,random_forest,23,663495-44_block_23,temporal_block,15.0,0.13755050385845885,0
663495-44,2025-03-22 17:03:55.010000+00:00,not_walking,0,random_forest,23,663495-44_block_23,temporal_block,15.0,0.14047238430169706,0
663495-44,2025-03-22 17:03:56.010000+00:00,not_walking,0,random_forest,23,663495-44_block_23,temporal_block,15.0,0.1720330357649145,0
663495-44,2025-03-22 17:03:57.010000+00:00,not_walking,0,random_forest,23,663495-44_block_23,temporal_block,15.0,0.16318827547255232,0
663495-44,2025-03-22 17:03:58.010000+00:00,not_walking,0,random_forest,23,663495-44_block_23,temporal_block,15.0,0.16413059725045706,0
663495-44,2025-03-22 17:03:59.010000+00:00,not_walking,0,random_forest,23,663495-44_block_23,temporal_block,15.0,0.16518928085362727,0
663495-44,2025-03-22 17:04:00.010000+00:00,not_walking,0,random_forest,23,663495-44_block_23,temporal_block,15.0,0.1465291893277916,0
663495-44,2025-03-22 17:04:01.010000+00:00,not_walking,0,random_forest,23,663495-44_block_23,temporal_block,15.0,0.15931271765027372,0
663495-44,2025-03-22 17:04:02.010000+00:00,not_walking,0,random_forest,23,663495-44_block_23,temporal_block,15.0,0.15946338285197242,0
663495-44,2025-03-22 17:04:03.010000+00:00,not_walking,0,random_forest,23,663495-44_block_23,temporal_block,15.0,0.1778008868871993,0
663495-44,2025-03-22 17:04:04.010000+00:00,not_walking,0,random_forest,23,663495-44_block_23,temporal_block,15.0,0.17179202706206795,0
663495-44,2025-03-22 17:04:05.010000+00:00,not_walking,0,random_forest,23,663495-44_block_23,temporal_block,15.0,0.18423988381969042,0
663495-44,2025-03-22 17:04:06.010000+00:00,not_walking,0,random_forest,23,663495-44_block_23,temporal_block,15.0,0.17435738241400225,0
663495-44,2025-03-22 17:04:07.010000+00:00,not_walking,0,random_forest,23,663495-44_block_23,temporal_block,15.0,0.19849895303877413,0
663495-44,2025-03-22 17:04:08.010000+00:00,not_walking,0,random_forest,23,663495-44_block_23,temporal_block,15.0,0.1975548417526273,0
663495-44,2025-03-22 17:04:09.010000+00:00,not_walking,0,random_forest,23,663495-44_block_23,temporal_block,15.0,0.177583921193764,0
663495-44,2025-03-22 17:04:12.010000+00:00,walking,1,random_forest,23,663495-44_block_23,temporal_block,15.0,0.7141027590806908,1
663495-44,2025-03-22 17:04:13.010000+00:00,walking,1,random_forest,23,663495-44_block_23,temporal_block,15.0,0.7942653596609242,1
663495-44,2025-03-22 17:04:14.010000+00:00,walking,1,random_forest,23,663495-44_block_23,temporal_block,15.0,0.8489897752576634,1
663495-44,2025-03-22 17:04:15.010000+00:00,walking,1,random_forest,23,663495-44_block_23,temporal_block,15.0,0.7699770918625023,1
663495-44,2025-03-22 17:04:16.010000+00:00,walking,1,random_forest,23,663495-44_block_23,temporal_block,15.0,0.6839117870658071,1
663495-44,2025-03-22 17:04:17.010000+00:00,walking,1,random_forest,23,663495-44_block_23,temporal_block,15.0,0.41716329840873295,0
663495-44,2025-03-22 17:04:18.010000+00:00,walking,1,random_forest,23,663495-44_block_23,temporal_block,15.0,0.7221103174567243,1
663495-44,2025-03-22 17:04:19.010000+00:00,walking,1,random_forest,23,663495-44_block_23,temporal_block,15.0,0.7449815985147338,1
663495-44,2025-03-22 17:04:20.010000+00:00,walking,1,random_forest,23,663495-44_block_23,temporal_block,15.0,0.7924120617428096,1
663495-44,2025-03-22 17:04:21.010000+00:00,walking,1,random_forest,23,663495-44_block_23,temporal_block,15.0,0.8078009760921974,1
663495-44,2025-03-22 17:04:22.010000+00:00,walking,1,random_forest,23,663495-44_block_23,temporal_block,15.0,0.8535013449098097,1
663495-44,2025-03-22 17:04:23.010000+00:00,walking,1,random_forest,23,663495-44_block_23,temporal_block,15.0,0.6897370617161968,1
663495-44,2025-03-22 17:04:24.010000+00:00,walking,1,random_forest,23,663495-44_block_23,temporal_block,15.0,0.7489133015766676,1
663495-44,2025-03-22 17:04:25.010000+00:00,walking,1,random_forest,23,663495-44_block_23,temporal_block,15.0,0.7063061492287813,1
TABUENCA01-45,2024-04-25 14:14:51.020000+00:00,walking,1,random_forest,24,TABUENCA01-45_block_24,temporal_block,15.0,0.8533505960284543,1
TABUENCA01-45,2024-04-25 14:14:52.020000+00:00,walking,1,random_forest,24,TABUENCA01-45_block_24,temporal_block,15.0,0.7991775892067027,1
TABUENCA01-45,2024-04-25 14:14:53.020000+00:00,walking,1,random_forest,24,TABUENCA01-45_block_24,temporal_block,15.0,0.8723140416367494,1
TABUENCA01-45,2024-04-25 14:14:54.020000+00:00,walking,1,random_forest,24,TABUENCA01-45_block_24,temporal_block,15.0,0.8790989100740202,1
TABUENCA01-45,2024-04-25 14:14:55.020000+00:00,walking,1,random_forest,24,TABUENCA01-45_block_24,temporal_block,15.0,0.8029970742153191,1
TABUENCA01-45,2024-04-25 14:14:56.020000+00:00,walking,1,random_forest,24,TABUENCA01-45_block_24,temporal_block,15.0,0.8783569085320891,1
TABUENCA01-45,2024-04-25 14:14:57.020000+00:00,walking,1,random_forest,24,TABUENCA01-45_block_24,temporal_block,15.0,0.8836547772977671,1
TABUENCA01-45,2024-04-25 14:14:58.020000+00:00,walking,1,random_forest,24,TABUENCA01-45_block_24,temporal_block,15.0,0.8965589153203365,1
TABUENCA01-45,2024-04-25 14:14:59.020000+00:00,walking,1,random_forest,24,TABUENCA01-45_block_24,temporal_block,15.0,0.8694913269448938,1
TABUENCA01-45,2024-04-25 14:15:00.020000+00:00,walking,1,random_forest,24,TABUENCA01-45_block_24,temporal_block,15.0,0.9662509385721186,1
TABUENCA01-45,2024-04-25 14:15:01.020000+00:00,walking,1,random_forest,24,TABUENCA01-45_block_24,temporal_block,15.0,0.8105611229259321,1
TABUENCA01-45,2024-04-25 14:15:02.020000+00:00,walking,1,random_forest,24,TABUENCA01-45_block_24,temporal_block,15.0,0.8918414504843323,1
TABUENCA01-45,2024-04-25 14:15:03.020000+00:00,walking,1,random_forest,24,TABUENCA01-45_block_24,temporal_block,15.0,0.8376733365794915,1
TABUENCA01-45,2024-04-25 14:15:04.020000+00:00,walking,1,random_forest,24,TABUENCA01-45_block_24,temporal_block,15.0,0.8155289963086857,1
TABUENCA01-45,2024-04-25 14:15:05.020000+00:00,walking,1,random_forest,24,TABUENCA01-45_block_24,temporal_block,15.0,0.7509417922873056,1
TABUENCA01-45,2024-04-25 14:15:06.020000+00:00,walking,1,random_forest,24,TABUENCA01-45_block_24,temporal_block,15.0,0.6907063851971275,1
TABUENCA01-45,2024-04-25 14:15:07.020000+00:00,walking,1,random_forest,24,TABUENCA01-45_block_24,temporal_block,15.0,0.8740769228014454,1
TABUENCA01-45,2024-04-25 14:15:08.020000+00:00,walking,1,random_forest,24,TABUENCA01-45_block_24,temporal_block,15.0,0.8937846839809369,1
TABUENCA01-45,2024-04-25 14:15:09.020000+00:00,walking,1,random_forest,24,TABUENCA01-45_block_24,temporal_block,15.0,0.8141941020218377,1
TABUENCA01-45,2024-04-25 14:15:10.020000+00:00,walking,1,random_forest,24,TABUENCA01-45_block_24,temporal_block,15.0,0.8297168353849772,1
TABUENCA01-45,2024-04-25 14:15:11.020000+00:00,walking,1,random_forest,24,TABUENCA01-45_block_24,temporal_block,15.0,0.9147787020799298,1
TABUENCA01-45,2024-04-25 14:15:12.020000+00:00,walking,1,random_forest,24,TABUENCA01-45_block_24,temporal_block,15.0,0.7895521178078262,1
TABUENCA01-45,2024-04-25 14:15:13.020000+00:00,walking,1,random_forest,24,TABUENCA01-45_block_24,temporal_block,15.0,0.8127691275713634,1
TABUENCA01-45,2024-04-25 14:15:14.020000+00:00,walking,1,random_forest,24,TABUENCA01-45_block_24,temporal_block,15.0,0.7899521648941203,1
TABUENCA01-45,2024-04-25 14:15:15.020000+00:00,walking,1,random_forest,24,TABUENCA01-45_block_24,temporal_block,15.0,0.8551532616335284,1
TABUENCA01-45,2024-04-25 14:15:16.020000+00:00,walking,1,random_forest,24,TABUENCA01-45_block_24,temporal_block,15.0,0.9249592257598768,1
TABUENCA01-45,2024-04-25 14:15:19.020000+00:00,not_walking,0,random_forest,24,TABUENCA01-45_block_24,temporal_block,15.0,0.1838599216181755,0
TABUENCA01-45,2024-04-25 14:15:20.020000+00:00,not_walking,0,random_forest,24,TABUENCA01-45_block_24,temporal_block,15.0,0.07925831281131708,0
TABUENCA01-45,2024-04-25 14:15:21.020000+00:00,not_walking,0,random_forest,24,TABUENCA01-45_block_24,temporal_block,15.0,0.07068664570172901,0
TABUENCA01-45,2024-04-25 14:15:22.020000+00:00,not_walking,0,random_forest,24,TABUENCA01-45_block_24,temporal_block,15.0,0.06905690325452193,0
TABUENCA01-45,2024-04-25 14:15:23.020000+00:00,not_walking,0,random_forest,24,TABUENCA01-45_block_24,temporal_block,15.0,0.051476390609079686,0
TABUENCA01-45,2024-04-25 14:15:24.020000+00:00,not_walking,0,random_forest,24,TABUENCA01-45_block_24,temporal_block,15.0,0.10864794053797491,0
TABUENCA01-45,2024-04-25 14:15:25.020000+00:00,not_walking,0,random_forest,24,TABUENCA01-45_block_24,temporal_block,15.0,0.12371009024793551,0
TABUENCA01-45,2024-04-25 14:15:26.020000+00:00,not_walking,0,random_forest,24,TABUENCA01-45_block_24,temporal_block,15.0,0.10313077153545311,0
TABUENCA01-45,2024-04-25 14:15:30.020000+00:00,walking,1,random_forest,24,TABUENCA01-45_block_24,temporal_block,15.0,0.9036122625018856,1
TABUENCA01-45,2024-04-25 14:15:31.020000+00:00,walking,1,random_forest,24,TABUENCA01-45_block_24,temporal_block,15.0,0.8568320257191457,1
TABUENCA01-45,2024-04-25 14:15:32.020000+00:00,walking,1,random_forest,24,TABUENCA01-45_block_24,temporal_block,15.0,0.7208934630751611,1
TABUENCA01-45,2024-04-25 14:15:33.020000+00:00,walking,1,random_forest,24,TABUENCA01-45_block_24,temporal_block,15.0,0.6816299970778401,1
TABUENCA01-45,2024-04-25 14:15:34.020000+00:00,walking,1,random_forest,24,TABUENCA01-45_block_24,temporal_block,15.0,0.7484271770588363,1
TABUENCA01-45,2024-04-25 14:15:35.020000+00:00,walking,1,random_forest,24,TABUENCA01-45_block_24,temporal_block,15.0,0.7136913105608442,1
TABUENCA01-45,2024-04-25 14:15:36.020000+00:00,walking,1,random_forest,24,TABUENCA01-45_block_24,temporal_block,15.0,0.6459816195875939,1
TABUENCA01-45,2024-04-25 14:15:37.020000+00:00,walking,1,random_forest,24,TABUENCA01-45_block_24,temporal_block,15.0,0.6869837569048122,1
TABUENCA01-45,2024-04-25 14:15:38.020000+00:00,walking,1,random_forest,24,TABUENCA01-45_block_24,temporal_block,15.0,0.676021047964683,1
TABUENCA01-45,2024-04-25 14:15:39.020000+00:00,walking,1,random_forest,24,TABUENCA01-45_block_24,temporal_block,15.0,0.7376344185178233,1
TABUENCA01-45,2024-04-25 14:15:40.020000+00:00,walking,1,random_forest,24,TABUENCA01-45_block_24,temporal_block,15.0,0.8109439189344237,1
TABUENCA01-45,2024-04-25 14:15:41.020000+00:00,walking,1,random_forest,24,TABUENCA01-45_block_24,temporal_block,15.0,0.7264742283236552,1
TABUENCA01-45,2024-04-25 14:15:42.020000+00:00,walking,1,random_forest,24,TABUENCA01-45_block_24,temporal_block,15.0,0.7081391565346167,1
TABUENCA01-45,2024-04-25 14:15:43.020000+00:00,walking,1,random_forest,24,TABUENCA01-45_block_24,temporal_block,15.0,0.6127160259885269,1
TABUENCA01-45,2024-04-25 14:15:44.020000+00:00,walking,1,random_forest,24,TABUENCA01-45_block_24,temporal_block,15.0,0.7075629407852475,1
TABUENCA01-45,2024-04-25 14:15:45.020000+00:00,walking,1,random_forest,24,TABUENCA01-45_block_24,temporal_block,15.0,0.695818603704722,1
TABUENCA01-45,2024-04-25 14:15:46.020000+00:00,walking,1,random_forest,24,TABUENCA01-45_block_24,temporal_block,15.0,0.7679630502854305,1
TABUENCA01-45,2024-04-25 14:15:47.020000+00:00,walking,1,random_forest,24,TABUENCA01-45_block_24,temporal_block,15.0,0.7412629137880874,1
TABUENCA01-45,2024-04-25 14:15:48.020000+00:00,walking,1,random_forest,24,TABUENCA01-45_block_24,temporal_block,15.0,0.7372811360589401,1
TABUENCA01-45,2024-04-25 14:15:49.020000+00:00,walking,1,random_forest,24,TABUENCA01-45_block_24,temporal_block,15.0,0.7436811083442868,1
TABUENCA01-45,2024-04-25 14:15:50.020000+00:00,walking,1,random_forest,24,TABUENCA01-45_block_24,temporal_block,15.0,0.7150694065543814,1
TABUENCA01-45,2024-04-25 14:15:51.020000+00:00,walking,1,random_forest,24,TABUENCA01-45_block_24,temporal_block,15.0,0.6616721801268775,1
TABUENCA01-45,2024-04-25 14:15:52.020000+00:00,walking,1,random_forest,24,TABUENCA01-45_block_24,temporal_block,15.0,0.7164729156233068,1
TABUENCA01-45,2024-04-25 14:15:53.020000+00:00,walking,1,random_forest,24,TABUENCA01-45_block_24,temporal_block,15.0,0.7087391091324672,1
TABUENCA01-45,2024-04-25 14:15:54.020000+00:00,walking,1,random_forest,24,TABUENCA01-45_block_24,temporal_block,15.0,0.6207803121252993,1
TABUENCA01-45,2024-04-25 14:15:55.020000+00:00,walking,1,random_forest,24,TABUENCA01-45_block_24,temporal_block,15.0,0.8070206593132618,1
TABUENCA01-45,2024-04-25 14:15:56.020000+00:00,walking,1,random_forest,24,TABUENCA01-45_block_24,temporal_block,15.0,0.6356623279922852,1
TABUENCA01-45,2024-04-25 14:15:57.020000+00:00,walking,1,random_forest,24,TABUENCA01-45_block_24,temporal_block,15.0,0.5747707765687263,1
TABUENCA01-45,2024-04-25 14:15:58.020000+00:00,walking,1,random_forest,24,TABUENCA01-45_block_24,temporal_block,15.0,0.7402744718215862,1
TABUENCA01-45,2024-04-25 14:15:59.020000+00:00,walking,1,random_forest,24,TABUENCA01-45_block_24,temporal_block,15.0,0.6649178673753177,1
TABUENCA01-45,2024-04-25 14:16:00.020000+00:00,walking,1,random_forest,24,TABUENCA01-45_block_24,temporal_block,15.0,0.6644004424391892,1
TABUENCA01-45,2024-04-25 14:16:01.020000+00:00,walking,1,random_forest,24,TABUENCA01-45_block_24,temporal_block,15.0,0.7364375661235404,1
TABUENCA01-45,2024-04-25 14:16:02.020000+00:00,walking,1,random_forest,24,TABUENCA01-45_block_24,temporal_block,15.0,0.818852732186722,1
TABUENCA01-45,2024-04-25 14:16:03.020000+00:00,walking,1,random_forest,24,TABUENCA01-45_block_24,temporal_block,15.0,0.7552503023174615,1
TABUENCA01-45,2024-04-25 14:16:04.020000+00:00,walking,1,random_forest,24,TABUENCA01-45_block_24,temporal_block,15.0,0.6986440793929485,1
TABUENCA01-45,2024-04-25 14:16:05.020000+00:00,walking,1,random_forest,24,TABUENCA01-45_block_24,temporal_block,15.0,0.7195826438589159,1
TABUENCA01-45,2024-04-25 14:16:06.020000+00:00,walking,1,random_forest,24,TABUENCA01-45_block_24,temporal_block,15.0,0.6502230953720177,1
TABUENCA01-45,2024-04-25 14:16:07.020000+00:00,walking,1,random_forest,24,TABUENCA01-45_block_24,temporal_block,15.0,0.6528407783093145,1
TABUENCA01-45,2024-04-25 14:16:08.020000+00:00,walking,1,random_forest,24,TABUENCA01-45_block_24,temporal_block,15.0,0.6984786481115032,1
TABUENCA01-45,2024-04-25 14:16:09.020000+00:00,walking,1,random_forest,24,TABUENCA01-45_block_24,temporal_block,15.0,0.6314019272101806,1
TABUENCA01-45,2024-04-25 14:16:10.020000+00:00,walking,1,random_forest,24,TABUENCA01-45_block_24,temporal_block,15.0,0.6913811435014316,1
TABUENCA01-45,2024-04-25 14:16:11.020000+00:00,walking,1,random_forest,24,TABUENCA01-45_block_24,temporal_block,15.0,0.6984509267359058,1
TABUENCA01-45,2024-04-25 14:16:12.020000+00:00,walking,1,random_forest,24,TABUENCA01-45_block_24,temporal_block,15.0,0.6613620794554808,1
TABUENCA01-45,2024-04-25 14:16:13.020000+00:00,walking,1,random_forest,24,TABUENCA01-45_block_24,temporal_block,15.0,0.6136173628172581,1
TABUENCA01-45,2024-04-25 14:16:14.020000+00:00,walking,1,random_forest,24,TABUENCA01-45_block_24,temporal_block,15.0,0.5972165321870274,1
TABUENCA01-45,2024-04-25 14:16:15.020000+00:00,walking,1,random_forest,24,TABUENCA01-45_block_24,temporal_block,15.0,0.7584447913907848,1
TABUENCA01-45,2024-04-25 14:16:16.020000+00:00,walking,1,random_forest,24,TABUENCA01-45_block_24,temporal_block,15.0,0.7337275319484197,1
TABUENCA01-45,2024-04-25 14:16:17.020000+00:00,walking,1,random_forest,24,TABUENCA01-45_block_24,temporal_block,15.0,0.8165883626350731,1
TABUENCA01-45,2024-04-25 14:16:18.020000+00:00,walking,1,random_forest,24,TABUENCA01-45_block_24,temporal_block,15.0,0.754036965031471,1
TABUENCA01-45,2024-04-25 14:16:19.020000+00:00,walking,1,random_forest,24,TABUENCA01-45_block_24,temporal_block,15.0,0.7654843400821919,1
TABUENCA01-45,2024-04-25 14:16:20.020000+00:00,walking,1,random_forest,24,TABUENCA01-45_block_24,temporal_block,15.0,0.708669738339883,1
TABUENCA01-45,2024-04-25 14:16:21.020000+00:00,walking,1,random_forest,24,TABUENCA01-45_block_24,temporal_block,15.0,0.7256905483383576,1
TABUENCA01-45,2024-04-25 14:16:22.020000+00:00,walking,1,random_forest,24,TABUENCA01-45_block_24,temporal_block,15.0,0.6010093934768267,1
TABUENCA01-45,2024-04-25 14:16:23.020000+00:00,walking,1,random_forest,24,TABUENCA01-45_block_24,temporal_block,15.0,0.8038248218075291,1
TABUENCA01-45,2024-04-25 14:16:24.020000+00:00,walking,1,random_forest,24,TABUENCA01-45_block_24,temporal_block,15.0,0.6883689188851634,1
TABUENCA01-45,2024-04-25 14:16:25.020000+00:00,walking,1,random_forest,24,TABUENCA01-45_block_24,temporal_block,15.0,0.6975699827463834,1
TABUENCA01-45,2024-04-25 14:16:26.020000+00:00,walking,1,random_forest,24,TABUENCA01-45_block_24,temporal_block,15.0,0.7662695331080097,1
TABUENCA01-45,2024-04-25 14:16:27.020000+00:00,walking,1,random_forest,24,TABUENCA01-45_block_24,temporal_block,15.0,0.772265356847028,1
TABUENCA01-45,2024-04-25 14:16:28.020000+00:00,walking,1,random_forest,24,TABUENCA01-45_block_24,temporal_block,15.0,0.717785434385788,1
TABUENCA01-45,2024-04-25 14:16:29.020000+00:00,walking,1,random_forest,24,TABUENCA01-45_block_24,temporal_block,15.0,0.7301224467142167,1
TABUENCA01-45,2024-04-25 14:16:30.020000+00:00,walking,1,random_forest,24,TABUENCA01-45_block_24,temporal_block,15.0,0.6619298155867843,1
TABUENCA01-45,2024-04-25 14:16:31.020000+00:00,walking,1,random_forest,24,TABUENCA01-45_block_24,temporal_block,15.0,0.643817587944877,1
TABUENCA01-45,2024-04-25 14:16:32.020000+00:00,walking,1,random_forest,24,TABUENCA01-45_block_24,temporal_block,15.0,0.5618381117140333,1
TABUENCA01-45,2024-04-25 14:16:33.020000+00:00,walking,1,random_forest,24,TABUENCA01-45_block_24,temporal_block,15.0,0.6644353699272102,1
TABUENCA01-45,2024-04-25 14:16:34.020000+00:00,walking,1,random_forest,24,TABUENCA01-45_block_24,temporal_block,15.0,0.7417358104985453,1
TABUENCA01-45,2024-04-25 14:16:35.020000+00:00,walking,1,random_forest,24,TABUENCA01-45_block_24,temporal_block,15.0,0.7900995106540524,1
TABUENCA01-45,2024-04-25 14:16:36.020000+00:00,walking,1,random_forest,24,TABUENCA01-45_block_24,temporal_block,15.0,0.6973543541142186,1
TABUENCA01-45,2024-04-25 14:16:37.020000+00:00,walking,1,random_forest,24,TABUENCA01-45_block_24,temporal_block,15.0,0.6450994343654265,1
TABUENCA01-45,2024-04-25 14:16:38.020000+00:00,walking,1,random_forest,24,TABUENCA01-45_block_24,temporal_block,15.0,0.6910265040181597,1
TABUENCA01-45,2024-04-25 14:16:39.020000+00:00,walking,1,random_forest,24,TABUENCA01-45_block_24,temporal_block,15.0,0.7729983353674235,1
TABUENCA01-45,2024-04-25 14:16:40.020000+00:00,walking,1,random_forest,24,TABUENCA01-45_block_24,temporal_block,15.0,0.7542400293049121,1
TABUENCA01-45,2024-04-25 14:16:41.020000+00:00,walking,1,random_forest,24,TABUENCA01-45_block_24,temporal_block,15.0,0.7736667799503818,1
TABUENCA01-45,2024-04-25 14:16:42.020000+00:00,walking,1,random_forest,24,TABUENCA01-45_block_24,temporal_block,15.0,0.7713758430137843,1
TABUENCA01-45,2024-04-25 14:16:43.020000+00:00,walking,1,random_forest,24,TABUENCA01-45_block_24,temporal_block,15.0,0.6525319413282337,1
TABUENCA01-45,2024-04-25 14:16:44.020000+00:00,walking,1,random_forest,24,TABUENCA01-45_block_24,temporal_block,15.0,0.7364474373591978,1
TABUENCA01-45,2024-04-25 14:16:45.020000+00:00,walking,1,random_forest,24,TABUENCA01-45_block_24,temporal_block,15.0,0.766143410537584,1
TABUENCA01-45,2024-04-25 14:16:46.020000+00:00,walking,1,random_forest,24,TABUENCA01-45_block_24,temporal_block,15.0,0.6219116202980751,1
TABUENCA01-45,2024-04-25 14:16:47.020000+00:00,walking,1,random_forest,24,TABUENCA01-45_block_24,temporal_block,15.0,0.7698178793121245,1
TABUENCA01-45,2024-04-25 14:16:48.020000+00:00,walking,1,random_forest,24,TABUENCA01-45_block_24,temporal_block,15.0,0.777522915192034,1
TABUENCA01-45,2024-04-25 14:16:49.020000+00:00,walking,1,random_forest,24,TABUENCA01-45_block_24,temporal_block,15.0,0.7521209428542945,1
TABUENCA01-45,2024-04-25 14:16:50.020000+00:00,walking,1,random_forest,24,TABUENCA01-45_block_24,temporal_block,15.0,0.7247339465068238,1
TABUENCA01-45,2024-04-25 14:16:51.020000+00:00,walking,1,random_forest,24,TABUENCA01-45_block_24,temporal_block,15.0,0.708084684239671,1
TABUENCA01-45,2024-04-25 14:16:52.020000+00:00,walking,1,random_forest,24,TABUENCA01-45_block_24,temporal_block,15.0,0.808735447375847,1
TABUENCA01-45,2024-04-25 14:16:53.020000+00:00,walking,1,random_forest,24,TABUENCA01-45_block_24,temporal_block,15.0,0.8238253584234801,1
TABUENCA01-45,2024-04-25 14:16:54.020000+00:00,walking,1,random_forest,24,TABUENCA01-45_block_24,temporal_block,15.0,0.7957499412215886,1
TABUENCA01-45,2024-04-25 14:16:55.020000+00:00,walking,1,random_forest,24,TABUENCA01-45_block_24,temporal_block,15.0,0.7688521020919814,1
TABUENCA01-45,2024-04-25 14:16:56.020000+00:00,walking,1,random_forest,24,TABUENCA01-45_block_24,temporal_block,15.0,0.7464779732467803,1
TABUENCA01-45,2024-04-25 14:16:57.020000+00:00,walking,1,random_forest,24,TABUENCA01-45_block_24,temporal_block,15.0,0.8057908974805442,1
TABUENCA01-45,2024-04-25 14:16:58.020000+00:00,walking,1,random_forest,24,TABUENCA01-45_block_24,temporal_block,15.0,0.7937668994780323,1
TABUENCA01-45,2024-04-25 14:16:59.020000+00:00,walking,1,random_forest,24,TABUENCA01-45_block_24,temporal_block,15.0,0.7808769493660729,1
TABUENCA01-45,2024-04-25 14:17:00.020000+00:00,walking,1,random_forest,24,TABUENCA01-45_block_24,temporal_block,15.0,0.7900540817223533,1
TABUENCA01-45,2024-04-25 14:17:01.020000+00:00,walking,1,random_forest,24,TABUENCA01-45_block_24,temporal_block,15.0,0.6868327585377131,1
TABUENCA01-45,2024-04-25 14:17:02.020000+00:00,walking,1,random_forest,24,TABUENCA01-45_block_24,temporal_block,15.0,0.7654735790081367,1
TABUENCA01-45,2024-04-25 14:17:03.020000+00:00,walking,1,random_forest,24,TABUENCA01-45_block_24,temporal_block,15.0,0.8725535777267677,1
TABUENCA01-45,2024-04-25 14:17:04.020000+00:00,walking,1,random_forest,24,TABUENCA01-45_block_24,temporal_block,15.0,0.8166374105122447,1
TABUENCA01-45,2024-04-25 14:17:05.020000+00:00,walking,1,random_forest,24,TABUENCA01-45_block_24,temporal_block,15.0,0.8944198050002388,1
TABUENCA01-45,2024-04-25 14:17:06.020000+00:00,walking,1,random_forest,24,TABUENCA01-45_block_24,temporal_block,15.0,0.7960231703823285,1
TABUENCA01-45,2024-04-25 14:17:07.020000+00:00,walking,1,random_forest,24,TABUENCA01-45_block_24,temporal_block,15.0,0.8899662498859603,1
TABUENCA01-45,2024-04-25 14:17:08.020000+00:00,walking,1,random_forest,24,TABUENCA01-45_block_24,temporal_block,15.0,0.928832904705501,1
TABUENCA01-45,2024-04-25 14:17:09.020000+00:00,walking,1,random_forest,24,TABUENCA01-45_block_24,temporal_block,15.0,0.8567354457497379,1
TABUENCA01-45,2024-04-25 14:17:10.020000+00:00,walking,1,random_forest,24,TABUENCA01-45_block_24,temporal_block,15.0,0.8029995385914293,1
TABUENCA01-45,2024-04-25 14:17:11.020000+00:00,walking,1,random_forest,24,TABUENCA01-45_block_24,temporal_block,15.0,0.8864476981240665,1
TABUENCA01-45,2024-04-25 14:17:12.020000+00:00,walking,1,random_forest,24,TABUENCA01-45_block_24,temporal_block,15.0,0.8044551939889697,1
TABUENCA01-45,2024-04-25 14:17:13.020000+00:00,walking,1,random_forest,24,TABUENCA01-45_block_24,temporal_block,15.0,0.8336218256122777,1
TABUENCA01-45,2024-04-25 14:17:14.020000+00:00,walking,1,random_forest,24,TABUENCA01-45_block_24,temporal_block,15.0,0.8108449315468205,1
TABUENCA01-45,2024-04-25 14:17:15.020000+00:00,walking,1,random_forest,24,TABUENCA01-45_block_24,temporal_block,15.0,0.7773711372557941,1
TABUENCA01-45,2024-04-25 14:17:16.020000+00:00,walking,1,random_forest,24,TABUENCA01-45_block_24,temporal_block,15.0,0.8184596882840554,1
TABUENCA01-45,2024-04-25 14:17:17.020000+00:00,walking,1,random_forest,24,TABUENCA01-45_block_24,temporal_block,15.0,0.8843046668510806,1
TABUENCA01-45,2024-04-25 14:17:18.020000+00:00,walking,1,random_forest,24,TABUENCA01-45_block_24,temporal_block,15.0,0.7817120100305449,1
TABUENCA01-45,2024-04-25 14:17:19.020000+00:00,walking,1,random_forest,24,TABUENCA01-45_block_24,temporal_block,15.0,0.8701022624283881,1
TABUENCA01-45,2024-04-25 14:17:20.020000+00:00,walking,1,random_forest,24,TABUENCA01-45_block_24,temporal_block,15.0,0.7913913064545468,1
TABUENCA01-45,2024-04-25 14:17:21.020000+00:00,walking,1,random_forest,24,TABUENCA01-45_block_24,temporal_block,15.0,0.8198540238108109,1
TABUENCA01-45,2024-04-25 14:17:22.020000+00:00,walking,1,random_forest,24,TABUENCA01-45_block_24,temporal_block,15.0,0.9171941226848128,1
TABUENCA01-45,2024-04-25 14:17:23.020000+00:00,walking,1,random_forest,24,TABUENCA01-45_block_24,temporal_block,15.0,0.7971930415030549,1
TABUENCA01-45,2024-04-25 14:17:24.020000+00:00,walking,1,random_forest,24,TABUENCA01-45_block_24,temporal_block,15.0,0.8178484130921391,1
TABUENCA01-45,2024-04-25 14:17:25.020000+00:00,walking,1,random_forest,24,TABUENCA01-45_block_24,temporal_block,15.0,0.8753689015244264,1
TABUENCA01-45,2024-04-25 14:17:26.020000+00:00,walking,1,random_forest,24,TABUENCA01-45_block_24,temporal_block,15.0,0.8865444314570919,1
TABUENCA01-45,2024-04-25 14:17:27.020000+00:00,walking,1,random_forest,24,TABUENCA01-45_block_24,temporal_block,15.0,0.9050568688274755,1
TABUENCA01-45,2024-04-25 14:17:28.020000+00:00,walking,1,random_forest,24,TABUENCA01-45_block_24,temporal_block,15.0,0.758268032615592,1
TABUENCA01-45,2024-04-25 14:17:29.020000+00:00,walking,1,random_forest,24,TABUENCA01-45_block_24,temporal_block,15.0,0.9582362020015022,1
TABUENCA01-45,2024-04-25 14:17:32.040000+00:00,not_walking,0,random_forest,24,TABUENCA01-45_block_24,temporal_block,15.0,0.09707682463639467,0
TABUENCA01-45,2024-04-25 14:17:33.040000+00:00,not_walking,0,random_forest,24,TABUENCA01-45_block_24,temporal_block,15.0,0.08298773616663135,0
TABUENCA01-45,2024-04-25 14:17:34.040000+00:00,not_walking,0,random_forest,24,TABUENCA01-45_block_24,temporal_block,15.0,0.06811647325366772,0
TABUENCA01-45,2024-04-25 14:17:35.040000+00:00,not_walking,0,random_forest,24,TABUENCA01-45_block_24,temporal_block,15.0,0.046728058824605595,0
TABUENCA01-45,2024-04-25 14:17:36.040000+00:00,not_walking,0,random_forest,24,TABUENCA01-45_block_24,temporal_block,15.0,0.059538056577013984,0
TABUENCA01-45,2024-04-25 14:17:37.040000+00:00,not_walking,0,random_forest,24,TABUENCA01-45_block_24,temporal_block,15.0,0.05225648343361229,0
TABUENCA01-45,2024-04-25 14:17:38.040000+00:00,not_walking,0,random_forest,24,TABUENCA01-45_block_24,temporal_block,15.0,0.05412981184682889,0
TABUENCA01-45,2024-04-25 14:17:39.040000+00:00,not_walking,0,random_forest,24,TABUENCA01-45_block_24,temporal_block,15.0,0.05639136542775019,0
TABUENCA01-45,2024-04-25 14:17:40.040000+00:00,not_walking,0,random_forest,24,TABUENCA01-45_block_24,temporal_block,15.0,0.05284471094780629,0
TABUENCA01-45,2024-04-25 14:17:41.040000+00:00,not_walking,0,random_forest,24,TABUENCA01-45_block_24,temporal_block,15.0,0.04556860350660779,0
TABUENCA01-45,2024-04-25 14:17:44.020000+00:00,walking,1,random_forest,24,TABUENCA01-45_block_24,temporal_block,15.0,0.8137792861237255,1
TABUENCA01-45,2024-04-25 14:17:45.020000+00:00,walking,1,random_forest,24,TABUENCA01-45_block_24,temporal_block,15.0,0.8154447402866224,1
TABUENCA01-45,2024-04-25 14:17:46.020000+00:00,walking,1,random_forest,24,TABUENCA01-45_block_24,temporal_block,15.0,0.9001743837523681,1
TABUENCA01-45,2024-04-25 14:17:47.020000+00:00,walking,1,random_forest,24,TABUENCA01-45_block_24,temporal_block,15.0,0.8872782037075114,1
TABUENCA01-45,2024-04-25 14:17:48.020000+00:00,walking,1,random_forest,24,TABUENCA01-45_block_24,temporal_block,15.0,0.8889278113714446,1
TABUENCA01-45,2024-04-25 14:17:49.020000+00:00,walking,1,random_forest,24,TABUENCA01-45_block_24,temporal_block,15.0,0.8616052840679659,1
TABUENCA01-45,2024-04-25 14:17:50.020000+00:00,walking,1,random_forest,24,TABUENCA01-45_block_24,temporal_block,15.0,0.9085048965955363,1
TABUENCA01-45,2024-04-25 14:17:51.020000+00:00,walking,1,random_forest,24,TABUENCA01-45_block_24,temporal_block,15.0,0.7949687353816436,1
TABUENCA01-45,2024-04-25 14:17:52.020000+00:00,walking,1,random_forest,24,TABUENCA01-45_block_24,temporal_block,15.0,0.8202066981230369,1
TABUENCA01-45,2024-04-25 14:17:53.020000+00:00,walking,1,random_forest,24,TABUENCA01-45_block_24,temporal_block,15.0,0.8654545841348645,1
TABUENCA01-45,2024-04-25 14:17:54.020000+00:00,walking,1,random_forest,24,TABUENCA01-45_block_24,temporal_block,15.0,0.8349541786764426,1
TABUENCA01-45,2024-04-25 14:17:55.020000+00:00,walking,1,random_forest,24,TABUENCA01-45_block_24,temporal_block,15.0,0.8067329657715979,1
TABUENCA01-45,2024-04-25 14:17:56.020000+00:00,walking,1,random_forest,24,TABUENCA01-45_block_24,temporal_block,15.0,0.8568458806501963,1
TABUENCA01-45,2024-04-25 14:17:57.020000+00:00,walking,1,random_forest,24,TABUENCA01-45_block_24,temporal_block,15.0,0.8230081832130152,1
TABUENCA01-45,2024-04-25 14:17:58.020000+00:00,walking,1,random_forest,24,TABUENCA01-45_block_24,temporal_block,15.0,0.9635703285934305,1
TABUENCA01-45,2024-04-25 14:17:59.020000+00:00,walking,1,random_forest,24,TABUENCA01-45_block_24,temporal_block,15.0,0.7469061851332713,1
TABUENCA01-45,2024-04-25 14:18:00.020000+00:00,walking,1,random_forest,24,TABUENCA01-45_block_24,temporal_block,15.0,0.810875277156341,1
TABUENCA01-45,2024-04-25 14:18:01.020000+00:00,walking,1,random_forest,24,TABUENCA01-45_block_24,temporal_block,15.0,0.815021337672259,1
TABUENCA01-45,2024-04-25 14:18:02.020000+00:00,walking,1,random_forest,24,TABUENCA01-45_block_24,temporal_block,15.0,0.9067769365226219,1
TABUENCA01-45,2024-04-25 14:18:03.020000+00:00,walking,1,random_forest,24,TABUENCA01-45_block_24,temporal_block,15.0,0.8148061372815515,1
TABUENCA01-45,2024-04-25 14:18:04.020000+00:00,walking,1,random_forest,24,TABUENCA01-45_block_24,temporal_block,15.0,0.6090202974809193,1
TABUENCA01-45,2024-04-25 14:18:05.020000+00:00,walking,1,random_forest,24,TABUENCA01-45_block_24,temporal_block,15.0,0.7268626927827401,1
TABUENCA01-45,2024-04-25 14:18:06.020000+00:00,walking,1,random_forest,24,TABUENCA01-45_block_24,temporal_block,15.0,0.813876442408748,1
TABUENCA01-45,2024-04-25 14:18:07.020000+00:00,walking,1,random_forest,24,TABUENCA01-45_block_24,temporal_block,15.0,0.7637675126617394,1
TABUENCA01-45,2024-04-25 14:18:08.020000+00:00,walking,1,random_forest,24,TABUENCA01-45_block_24,temporal_block,15.0,0.8274097710413221,1
TABUENCA01-45,2024-04-25 14:18:09.020000+00:00,walking,1,random_forest,24,TABUENCA01-45_block_24,temporal_block,15.0,0.7586010543569413,1
TABUENCA01-45,2024-04-25 14:18:10.020000+00:00,walking,1,random_forest,24,TABUENCA01-45_block_24,temporal_block,15.0,0.7586859943226331,1
TABUENCA01-45,2024-04-25 14:18:11.020000+00:00,walking,1,random_forest,24,TABUENCA01-45_block_24,temporal_block,15.0,0.78418430857499,1
TABUENCA01-45,2024-04-25 14:18:12.020000+00:00,walking,1,random_forest,24,TABUENCA01-45_block_24,temporal_block,15.0,0.8185681542362139,1
TABUENCA01-45,2024-04-25 14:18:13.020000+00:00,walking,1,random_forest,24,TABUENCA01-45_block_24,temporal_block,15.0,0.8372807732242356,1
TABUENCA01-45,2024-04-25 14:18:14.020000+00:00,walking,1,random_forest,24,TABUENCA01-45_block_24,temporal_block,15.0,0.8208419153593696,1
TABUENCA01-45,2024-04-25 14:18:15.020000+00:00,walking,1,random_forest,24,TABUENCA01-45_block_24,temporal_block,15.0,0.5023231243823776,1
TABUENCA01-45,2024-04-25 14:18:16.020000+00:00,walking,1,random_forest,24,TABUENCA01-45_block_24,temporal_block,15.0,0.8371993502603348,1
TABUENCA01-45,2024-04-25 14:18:17.020000+00:00,walking,1,random_forest,24,TABUENCA01-45_block_24,temporal_block,15.0,0.7615591412112737,1
TABUENCA01-45,2024-04-25 14:18:18.020000+00:00,walking,1,random_forest,24,TABUENCA01-45_block_24,temporal_block,15.0,0.8366303866560723,1
TABUENCA01-45,2024-04-25 14:18:19.020000+00:00,walking,1,random_forest,24,TABUENCA01-45_block_24,temporal_block,15.0,0.7483749315137197,1
TABUENCA01-45,2024-04-25 14:18:20.020000+00:00,walking,1,random_forest,24,TABUENCA01-45_block_24,temporal_block,15.0,0.6569725195106989,1
TABUENCA01-45,2024-04-25 14:18:21.020000+00:00,walking,1,random_forest,24,TABUENCA01-45_block_24,temporal_block,15.0,0.8663003830905872,1
TABUENCA01-45,2024-04-25 14:18:22.020000+00:00,walking,1,random_forest,24,TABUENCA01-45_block_24,temporal_block,15.0,0.7316597906268063,1
TABUENCA01-45,2024-04-25 14:18:23.020000+00:00,walking,1,random_forest,24,TABUENCA01-45_block_24,temporal_block,15.0,0.6971727849277038,1
TABUENCA01-45,2024-04-25 14:18:24.020000+00:00,walking,1,random_forest,24,TABUENCA01-45_block_24,temporal_block,15.0,0.7547378000494828,1
TABUENCA01-45,2024-04-25 14:18:25.020000+00:00,walking,1,random_forest,24,TABUENCA01-45_block_24,temporal_block,15.0,0.6947719358373596,1
TABUENCA01-45,2024-04-25 14:18:26.020000+00:00,walking,1,random_forest,24,TABUENCA01-45_block_24,temporal_block,15.0,0.7828699520911812,1
TABUENCA01-45,2024-04-25 14:18:27.020000+00:00,walking,1,random_forest,24,TABUENCA01-45_block_24,temporal_block,15.0,0.7889683176778093,1
TABUENCA01-45,2024-04-25 14:18:28.020000+00:00,walking,1,random_forest,24,TABUENCA01-45_block_24,temporal_block,15.0,0.6796647031114718,1
TABUENCA01-45,2024-04-25 14:18:29.020000+00:00,walking,1,random_forest,24,TABUENCA01-45_block_24,temporal_block,15.0,0.778943777575445,1
TABUENCA01-45,2024-04-25 14:18:30.020000+00:00,walking,1,random_forest,24,TABUENCA01-45_block_24,temporal_block,15.0,0.7422696854011457,1
TABUENCA01-45,2024-04-25 14:18:31.020000+00:00,walking,1,random_forest,24,TABUENCA01-45_block_24,temporal_block,15.0,0.6541515259093018,1
TABUENCA01-45,2024-04-25 14:18:32.020000+00:00,walking,1,random_forest,24,TABUENCA01-45_block_24,temporal_block,15.0,0.7657539361578666,1
TABUENCA01-45,2024-04-25 14:18:33.020000+00:00,walking,1,random_forest,24,TABUENCA01-45_block_24,temporal_block,15.0,0.6544016035147077,1
TABUENCA01-45,2024-04-25 14:18:34.020000+00:00,walking,1,random_forest,24,TABUENCA01-45_block_24,temporal_block,15.0,0.6529356275618844,1
TABUENCA01-45,2024-04-25 14:18:35.020000+00:00,walking,1,random_forest,24,TABUENCA01-45_block_24,temporal_block,15.0,0.7175563817609816,1
TABUENCA01-45,2024-04-25 14:18:36.020000+00:00,walking,1,random_forest,24,TABUENCA01-45_block_24,temporal_block,15.0,0.6441706931841377,1
TABUENCA01-45,2024-04-25 14:18:37.020000+00:00,walking,1,random_forest,24,TABUENCA01-45_block_24,temporal_block,15.0,0.7669241282724418,1
TABUENCA01-45,2024-04-25 14:18:38.020000+00:00,walking,1,random_forest,24,TABUENCA01-45_block_24,temporal_block,15.0,0.7983080249963318,1
TABUENCA01-45,2024-04-25 14:18:39.020000+00:00,walking,1,random_forest,24,TABUENCA01-45_block_24,temporal_block,15.0,0.8209114760628198,1
TABUENCA01-45,2024-04-25 14:18:40.020000+00:00,walking,1,random_forest,24,TABUENCA01-45_block_24,temporal_block,15.0,0.7587609476309011,1
TABUENCA01-45,2024-04-25 14:18:41.020000+00:00,walking,1,random_forest,24,TABUENCA01-45_block_24,temporal_block,15.0,0.644844792005008,1
TABUENCA01-45,2024-04-25 14:18:42.020000+00:00,walking,1,random_forest,24,TABUENCA01-45_block_24,temporal_block,15.0,0.6922963626424982,1
TABUENCA01-45,2024-04-25 14:18:43.020000+00:00,walking,1,random_forest,24,TABUENCA01-45_block_24,temporal_block,15.0,0.7247665274080856,1
TABUENCA01-45,2024-04-25 14:18:44.020000+00:00,walking,1,random_forest,24,TABUENCA01-45_block_24,temporal_block,15.0,0.8772685526252346,1
TABUENCA01-45,2024-04-25 14:18:45.020000+00:00,walking,1,random_forest,24,TABUENCA01-45_block_24,temporal_block,15.0,0.6275187020994838,1
TABUENCA01-45,2024-04-25 14:18:46.020000+00:00,walking,1,random_forest,24,TABUENCA01-45_block_24,temporal_block,15.0,0.6754392640863912,1
TABUENCA01-45,2024-04-25 14:18:47.020000+00:00,walking,1,random_forest,24,TABUENCA01-45_block_24,temporal_block,15.0,0.8085524788214281,1
TABUENCA01-45,2024-04-25 14:18:48.020000+00:00,walking,1,random_forest,24,TABUENCA01-45_block_24,temporal_block,15.0,0.7506354333700452,1
TABUENCA01-45,2024-04-25 14:18:49.020000+00:00,walking,1,random_forest,24,TABUENCA01-45_block_24,temporal_block,15.0,0.698850251409533,1
TABUENCA01-45,2024-04-25 14:18:50.020000+00:00,walking,1,random_forest,24,TABUENCA01-45_block_24,temporal_block,15.0,0.7616805500053503,1
TABUENCA01-45,2024-04-25 14:18:51.020000+00:00,walking,1,random_forest,24,TABUENCA01-45_block_24,temporal_block,15.0,0.8608452055673935,1
TABUENCA01-45,2024-04-25 14:18:52.020000+00:00,walking,1,random_forest,24,TABUENCA01-45_block_24,temporal_block,15.0,0.7837024243997497,1
TABUENCA01-45,2024-04-25 14:18:53.020000+00:00,walking,1,random_forest,24,TABUENCA01-45_block_24,temporal_block,15.0,0.731907716254228,1
TABUENCA01-45,2024-04-25 14:18:54.020000+00:00,walking,1,random_forest,24,TABUENCA01-45_block_24,temporal_block,15.0,0.6990641999646272,1
TABUENCA01-45,2024-04-25 14:18:55.020000+00:00,walking,1,random_forest,24,TABUENCA01-45_block_24,temporal_block,15.0,0.6862724009727473,1
TABUENCA01-45,2024-04-25 14:18:56.020000+00:00,walking,1,random_forest,24,TABUENCA01-45_block_24,temporal_block,15.0,0.5919192562090432,1
TABUENCA01-45,2024-04-25 14:18:57.020000+00:00,walking,1,random_forest,24,TABUENCA01-45_block_24,temporal_block,15.0,0.8582697254425282,1
TABUENCA01-45,2024-04-25 14:18:58.020000+00:00,walking,1,random_forest,24,TABUENCA01-45_block_24,temporal_block,15.0,0.8231636819482255,1
TABUENCA01-45,2024-04-25 14:18:59.020000+00:00,walking,1,random_forest,24,TABUENCA01-45_block_24,temporal_block,15.0,0.7181648451650928,1
TABUENCA01-45,2024-04-25 14:19:00.020000+00:00,walking,1,random_forest,24,TABUENCA01-45_block_24,temporal_block,15.0,0.6553790243722741,1
TABUENCA01-45,2024-04-25 14:19:01.020000+00:00,walking,1,random_forest,24,TABUENCA01-45_block_24,temporal_block,15.0,0.7419649238583321,1
TABUENCA01-45,2024-04-25 14:19:02.020000+00:00,walking,1,random_forest,24,TABUENCA01-45_block_24,temporal_block,15.0,0.757231103656177,1
TABUENCA01-45,2024-04-25 14:19:03.020000+00:00,walking,1,random_forest,24,TABUENCA01-45_block_24,temporal_block,15.0,0.6646683908723291,1
TABUENCA01-45,2024-04-25 14:19:04.020000+00:00,walking,1,random_forest,24,TABUENCA01-45_block_24,temporal_block,15.0,0.7976270974068917,1
TABUENCA01-45,2024-04-25 14:19:05.020000+00:00,walking,1,random_forest,24,TABUENCA01-45_block_24,temporal_block,15.0,0.8377384908158759,1
TABUENCA01-45,2024-04-25 14:19:06.020000+00:00,walking,1,random_forest,24,TABUENCA01-45_block_24,temporal_block,15.0,0.6476554851551106,1
TABUENCA01-45,2024-04-25 14:19:07.020000+00:00,walking,1,random_forest,24,TABUENCA01-45_block_24,temporal_block,15.0,0.7217610272271701,1
TABUENCA01-45,2024-04-25 14:19:08.020000+00:00,walking,1,random_forest,24,TABUENCA01-45_block_24,temporal_block,15.0,0.7676327537668028,1
TABUENCA01-45,2024-04-25 14:19:09.020000+00:00,walking,1,random_forest,24,TABUENCA01-45_block_24,temporal_block,15.0,0.7025512996427965,1
TABUENCA01-45,2024-04-25 14:19:10.020000+00:00,walking,1,random_forest,24,TABUENCA01-45_block_24,temporal_block,15.0,0.761007509186787,1
TABUENCA01-45,2024-04-25 14:19:11.020000+00:00,walking,1,random_forest,24,TABUENCA01-45_block_24,temporal_block,15.0,0.8604990878847337,1
TABUENCA01-45,2024-04-25 14:19:12.020000+00:00,walking,1,random_forest,24,TABUENCA01-45_block_24,temporal_block,15.0,0.7090905957805236,1
TABUENCA01-45,2024-04-25 14:19:13.020000+00:00,walking,1,random_forest,24,TABUENCA01-45_block_24,temporal_block,15.0,0.6907311014742732,1
TABUENCA01-45,2024-04-25 14:19:14.020000+00:00,walking,1,random_forest,24,TABUENCA01-45_block_24,temporal_block,15.0,0.7151047174793265,1
TABUENCA01-45,2024-04-25 14:19:15.020000+00:00,walking,1,random_forest,24,TABUENCA01-45_block_24,temporal_block,15.0,0.8145396880067985,1
TABUENCA01-45,2024-04-25 14:19:16.020000+00:00,walking,1,random_forest,24,TABUENCA01-45_block_24,temporal_block,15.0,0.5854665584337405,1
TABUENCA01-45,2024-04-25 14:19:17.020000+00:00,walking,1,random_forest,24,TABUENCA01-45_block_24,temporal_block,15.0,0.7889723892713921,1
TABUENCA01-45,2024-04-25 14:19:18.020000+00:00,walking,1,random_forest,24,TABUENCA01-45_block_24,temporal_block,15.0,0.8145882094360717,1
TABUENCA01-45,2024-04-25 14:19:19.020000+00:00,walking,1,random_forest,24,TABUENCA01-45_block_24,temporal_block,15.0,0.8533316146434835,1
TABUENCA01-45,2024-04-25 14:19:20.020000+00:00,walking,1,random_forest,24,TABUENCA01-45_block_24,temporal_block,15.0,0.8326240616616091,1
TABUENCA01-45,2024-04-25 14:19:21.020000+00:00,walking,1,random_forest,24,TABUENCA01-45_block_24,temporal_block,15.0,0.696708898734579,1
TABUENCA01-45,2024-04-25 14:19:22.020000+00:00,walking,1,random_forest,24,TABUENCA01-45_block_24,temporal_block,15.0,0.7503517799269118,1
TABUENCA01-45,2024-04-25 14:19:23.020000+00:00,walking,1,random_forest,24,TABUENCA01-45_block_24,temporal_block,15.0,0.752927760094833,1
TABUENCA01-45,2024-04-25 14:19:24.020000+00:00,walking,1,random_forest,24,TABUENCA01-45_block_24,temporal_block,15.0,0.7203335410781595,1
TABUENCA01-45,2024-04-25 14:19:25.020000+00:00,walking,1,random_forest,24,TABUENCA01-45_block_24,temporal_block,15.0,0.8557994147785261,1
TABUENCA01-45,2024-04-25 14:19:26.020000+00:00,walking,1,random_forest,24,TABUENCA01-45_block_24,temporal_block,15.0,0.813039620774147,1
TABUENCA01-45,2024-04-25 14:19:27.020000+00:00,walking,1,random_forest,24,TABUENCA01-45_block_24,temporal_block,15.0,0.8067504986361178,1
TABUENCA01-45,2024-04-25 14:19:28.020000+00:00,walking,1,random_forest,24,TABUENCA01-45_block_24,temporal_block,15.0,0.8349482862879234,1
TABUENCA01-45,2024-04-25 14:19:29.020000+00:00,walking,1,random_forest,24,TABUENCA01-45_block_24,temporal_block,15.0,0.723173794778739,1
TABUENCA01-45,2024-04-25 14:19:30.020000+00:00,walking,1,random_forest,24,TABUENCA01-45_block_24,temporal_block,15.0,0.797789828045792,1
TABUENCA01-45,2024-04-25 14:19:31.020000+00:00,walking,1,random_forest,24,TABUENCA01-45_block_24,temporal_block,15.0,0.8342208040591448,1
TABUENCA01-45,2024-04-25 14:19:32.020000+00:00,walking,1,random_forest,24,TABUENCA01-45_block_24,temporal_block,15.0,0.864248299513117,1
TABUENCA01-45,2024-04-25 14:19:33.020000+00:00,walking,1,random_forest,24,TABUENCA01-45_block_24,temporal_block,15.0,0.7793540894162373,1
TABUENCA01-45,2024-04-25 14:19:34.020000+00:00,walking,1,random_forest,24,TABUENCA01-45_block_24,temporal_block,15.0,0.7367350510822662,1
TABUENCA01-45,2024-04-25 14:19:35.020000+00:00,walking,1,random_forest,24,TABUENCA01-45_block_24,temporal_block,15.0,0.6991684450758332,1
TABUENCA01-45,2024-04-25 14:19:36.020000+00:00,walking,1,random_forest,24,TABUENCA01-45_block_24,temporal_block,15.0,0.7291316391663778,1
TABUENCA01-45,2024-04-25 14:19:37.020000+00:00,walking,1,random_forest,24,TABUENCA01-45_block_24,temporal_block,15.0,0.7025928492779214,1
TABUENCA01-45,2024-04-25 14:19:38.020000+00:00,walking,1,random_forest,24,TABUENCA01-45_block_24,temporal_block,15.0,0.8306055374456153,1
TABUENCA01-45,2024-04-25 14:19:39.020000+00:00,walking,1,random_forest,24,TABUENCA01-45_block_24,temporal_block,15.0,0.7559307676423579,1
TABUENCA01-45,2024-04-25 14:19:40.020000+00:00,walking,1,random_forest,24,TABUENCA01-45_block_24,temporal_block,15.0,0.7030276717430946,1
TABUENCA01-45,2024-04-25 14:19:41.020000+00:00,walking,1,random_forest,24,TABUENCA01-45_block_24,temporal_block,15.0,0.7266233063134651,1
TABUENCA01-45,2024-04-25 14:19:42.020000+00:00,walking,1,random_forest,24,TABUENCA01-45_block_24,temporal_block,15.0,0.7422503368006171,1
TABUENCA01-45,2024-04-25 14:19:43.020000+00:00,walking,1,random_forest,24,TABUENCA01-45_block_24,temporal_block,15.0,0.7503110839982757,1
TABUENCA01-45,2024-04-25 14:19:44.020000+00:00,walking,1,random_forest,24,TABUENCA01-45_block_24,temporal_block,15.0,0.6028524234432627,1
TABUENCA01-45,2024-04-25 14:19:45.020000+00:00,walking,1,random_forest,24,TABUENCA01-45_block_24,temporal_block,15.0,0.8313598671679119,1
TABUENCA01-45,2024-04-25 14:19:46.020000+00:00,walking,1,random_forest,24,TABUENCA01-45_block_24,temporal_block,15.0,0.7748841504469458,1
TABUENCA01-45,2024-04-25 14:19:47.020000+00:00,walking,1,random_forest,24,TABUENCA01-45_block_24,temporal_block,15.0,0.6503843884203806,1
TABUENCA01-45,2024-04-25 14:19:48.020000+00:00,walking,1,random_forest,24,TABUENCA01-45_block_24,temporal_block,15.0,0.6740169755851935,1
TABUENCA01-45,2024-04-25 14:19:49.020000+00:00,walking,1,random_forest,24,TABUENCA01-45_block_24,temporal_block,15.0,0.7263805189672987,1
TABUENCA01-45,2024-04-25 14:19:50.020000+00:00,walking,1,random_forest,24,TABUENCA01-45_block_24,temporal_block,15.0,0.673803922970899,1
TABUENCA01-45,2024-04-25 14:19:51.020000+00:00,walking,1,random_forest,24,TABUENCA01-45_block_24,temporal_block,15.0,0.6894432556306234,1
TABUENCA01-45,2024-04-25 14:19:52.020000+00:00,walking,1,random_forest,24,TABUENCA01-45_block_24,temporal_block,15.0,0.820233815329849,1
TABUENCA01-45,2024-04-25 14:19:53.020000+00:00,walking,1,random_forest,24,TABUENCA01-45_block_24,temporal_block,15.0,0.6936156584285865,1
TABUENCA01-45,2024-04-25 14:19:54.020000+00:00,walking,1,random_forest,24,TABUENCA01-45_block_24,temporal_block,15.0,0.7378980646160049,1
TABUENCA01-45,2024-04-25 14:19:55.020000+00:00,walking,1,random_forest,24,TABUENCA01-45_block_24,temporal_block,15.0,0.6268170103121086,1
TABUENCA01-45,2024-04-25 14:19:56.020000+00:00,walking,1,random_forest,24,TABUENCA01-45_block_24,temporal_block,15.0,0.7630781202752113,1
TABUENCA01-45,2024-04-25 14:19:57.020000+00:00,walking,1,random_forest,24,TABUENCA01-45_block_24,temporal_block,15.0,0.6389999427184652,1
TABUENCA01-45,2024-04-25 14:19:58.020000+00:00,walking,1,random_forest,24,TABUENCA01-45_block_24,temporal_block,15.0,0.7868776066842019,1
TABUENCA01-45,2024-04-25 14:19:59.020000+00:00,walking,1,random_forest,24,TABUENCA01-45_block_24,temporal_block,15.0,0.6518468889783655,1
TABUENCA01-45,2024-04-25 14:20:00.020000+00:00,walking,1,random_forest,24,TABUENCA01-45_block_24,temporal_block,15.0,0.7453189733937637,1
TABUENCA01-45,2024-04-25 14:20:01.020000+00:00,walking,1,random_forest,24,TABUENCA01-45_block_24,temporal_block,15.0,0.6587067766512533,1
TABUENCA01-45,2024-04-25 14:20:02.020000+00:00,walking,1,random_forest,24,TABUENCA01-45_block_24,temporal_block,15.0,0.5760086707047236,1
TABUENCA01-45,2024-04-25 14:20:03.020000+00:00,walking,1,random_forest,24,TABUENCA01-45_block_24,temporal_block,15.0,0.7019864012794954,1
TABUENCA01-45,2024-04-25 14:20:04.020000+00:00,walking,1,random_forest,24,TABUENCA01-45_block_24,temporal_block,15.0,0.9135307083912736,1
TABUENCA01-45,2024-04-25 14:20:05.020000+00:00,walking,1,random_forest,24,TABUENCA01-45_block_24,temporal_block,15.0,0.6485983646718568,1
TABUENCA01-45,2024-04-25 14:20:06.020000+00:00,walking,1,random_forest,24,TABUENCA01-45_block_24,temporal_block,15.0,0.7289441024092804,1
TABUENCA01-45,2024-04-25 14:20:07.020000+00:00,walking,1,random_forest,24,TABUENCA01-45_block_24,temporal_block,15.0,0.7971430844799805,1
TABUENCA01-45,2024-04-25 14:20:08.020000+00:00,walking,1,random_forest,24,TABUENCA01-45_block_24,temporal_block,15.0,0.7126042931707638,1
TABUENCA01-45,2024-04-25 14:20:09.020000+00:00,walking,1,random_forest,24,TABUENCA01-45_block_24,temporal_block,15.0,0.6410254258512746,1
TABUENCA01-45,2024-04-25 14:20:10.020000+00:00,walking,1,random_forest,24,TABUENCA01-45_block_24,temporal_block,15.0,0.6919650798087529,1
TABUENCA01-45,2024-04-25 14:20:11.020000+00:00,walking,1,random_forest,24,TABUENCA01-45_block_24,temporal_block,15.0,0.6882008576455719,1
TABUENCA01-45,2024-04-25 14:20:12.020000+00:00,walking,1,random_forest,24,TABUENCA01-45_block_24,temporal_block,15.0,0.7088623461497915,1
TABUENCA01-45,2024-04-25 14:20:13.020000+00:00,walking,1,random_forest,24,TABUENCA01-45_block_24,temporal_block,15.0,0.5369870795553069,1
TABUENCA01-45,2024-04-25 14:20:14.020000+00:00,walking,1,random_forest,24,TABUENCA01-45_block_24,temporal_block,15.0,0.7498183411231547,1
TABUENCA01-45,2024-04-25 14:20:15.020000+00:00,walking,1,random_forest,24,TABUENCA01-45_block_24,temporal_block,15.0,0.7528533562104084,1
TABUENCA01-45,2024-04-25 14:20:16.020000+00:00,walking,1,random_forest,24,TABUENCA01-45_block_24,temporal_block,15.0,0.7413450489998918,1
TABUENCA01-45,2024-04-25 14:20:17.020000+00:00,walking,1,random_forest,24,TABUENCA01-45_block_24,temporal_block,15.0,0.4927863614985039,0
TABUENCA01-45,2024-04-25 14:20:18.020000+00:00,walking,1,random_forest,24,TABUENCA01-45_block_24,temporal_block,15.0,0.6314083113784444,1
TABUENCA01-45,2024-04-25 14:20:22.020000+00:00,not_walking,0,random_forest,24,TABUENCA01-45_block_24,temporal_block,15.0,0.2360524828989983,0
TABUENCA01-45,2024-04-25 14:20:23.020000+00:00,not_walking,0,random_forest,24,TABUENCA01-45_block_24,temporal_block,15.0,0.16810515983793323,0
TABUENCA01-45,2024-04-25 14:20:24.020000+00:00,not_walking,0,random_forest,24,TABUENCA01-45_block_24,temporal_block,15.0,0.1404967012020125,0
TABUENCA01-45,2024-04-25 14:20:25.020000+00:00,not_walking,0,random_forest,24,TABUENCA01-45_block_24,temporal_block,15.0,0.07348773817817648,0
TABUENCA01-45,2024-04-25 14:20:26.020000+00:00,not_walking,0,random_forest,24,TABUENCA01-45_block_24,temporal_block,15.0,0.10568728960197177,0
TABUENCA01-45,2024-04-25 14:20:27.020000+00:00,not_walking,0,random_forest,24,TABUENCA01-45_block_24,temporal_block,15.0,0.15317208580858754,0
TABUENCA01-45,2024-04-25 14:20:28.020000+00:00,not_walking,0,random_forest,24,TABUENCA01-45_block_24,temporal_block,15.0,0.16608468234536608,0
TABUENCA01-45,2024-04-25 14:20:29.020000+00:00,not_walking,0,random_forest,24,TABUENCA01-45_block_24,temporal_block,15.0,0.09536819228442873,0
TABUENCA01-45,2024-04-25 14:20:30.020000+00:00,not_walking,0,random_forest,24,TABUENCA01-45_block_24,temporal_block,15.0,0.11186824765486746,0
TABUENCA01-45,2024-04-25 14:20:31.020000+00:00,not_walking,0,random_forest,24,TABUENCA01-45_block_24,temporal_block,15.0,0.19042491109627205,0
TABUENCA01-45,2024-04-25 14:20:32.020000+00:00,not_walking,0,random_forest,24,TABUENCA01-45_block_24,temporal_block,15.0,0.12989087178295283,0
TABUENCA01-45,2024-04-25 14:20:35.050000+00:00,walking,1,random_forest,24,TABUENCA01-45_block_24,temporal_block,15.0,0.56752568444298,1
TABUENCA01-45,2024-04-25 14:20:36.050000+00:00,walking,1,random_forest,24,TABUENCA01-45_block_24,temporal_block,15.0,0.7339891947375828,1
TABUENCA01-45,2024-04-25 14:20:37.050000+00:00,walking,1,random_forest,24,TABUENCA01-45_block_24,temporal_block,15.0,0.8725834922364533,1
TABUENCA01-45,2024-04-25 14:20:38.050000+00:00,walking,1,random_forest,24,TABUENCA01-45_block_24,temporal_block,15.0,0.7971189808039577,1
TABUENCA01-45,2024-04-25 14:20:39.050000+00:00,walking,1,random_forest,24,TABUENCA01-45_block_24,temporal_block,15.0,0.8240477556167541,1
TABUENCA01-45,2024-04-25 14:20:40.050000+00:00,walking,1,random_forest,24,TABUENCA01-45_block_24,temporal_block,15.0,0.7831857115316151,1
TABUENCA01-45,2024-04-25 14:20:41.050000+00:00,walking,1,random_forest,24,TABUENCA01-45_block_24,temporal_block,15.0,0.8264400932437814,1
TABUENCA01-45,2024-04-25 14:20:42.050000+00:00,walking,1,random_forest,24,TABUENCA01-45_block_24,temporal_block,15.0,0.8525758853193728,1
TABUENCA01-45,2024-04-25 14:20:43.050000+00:00,walking,1,random_forest,24,TABUENCA01-45_block_24,temporal_block,15.0,0.7807327739714746,1
TABUENCA01-45,2024-04-25 14:20:44.050000+00:00,walking,1,random_forest,24,TABUENCA01-45_block_24,temporal_block,15.0,0.8359262495624132,1
TABUENCA01-45,2024-04-25 14:20:45.050000+00:00,walking,1,random_forest,24,TABUENCA01-45_block_24,temporal_block,15.0,0.8296076110950187,1
TABUENCA01-45,2024-04-25 14:20:46.050000+00:00,walking,1,random_forest,24,TABUENCA01-45_block_24,temporal_block,15.0,0.8419599398786389,1
TABUENCA01-45,2024-04-25 14:20:47.050000+00:00,walking,1,random_forest,24,TABUENCA01-45_block_24,temporal_block,15.0,0.7631034213399879,1
TABUENCA01-45,2024-04-25 14:20:48.050000+00:00,walking,1,random_forest,24,TABUENCA01-45_block_24,temporal_block,15.0,0.842435082828578,1
TABUENCA01-45,2024-04-25 14:20:49.050000+00:00,walking,1,random_forest,24,TABUENCA01-45_block_24,temporal_block,15.0,0.8074116170108278,1
TABUENCA01-45,2024-04-25 14:20:50.050000+00:00,walking,1,random_forest,24,TABUENCA01-45_block_24,temporal_block,15.0,0.8035727696857992,1
TABUENCA01-45,2024-04-25 14:20:51.050000+00:00,walking,1,random_forest,24,TABUENCA01-45_block_24,temporal_block,15.0,0.7756202243150809,1
TABUENCA01-45,2024-04-25 14:20:52.050000+00:00,walking,1,random_forest,24,TABUENCA01-45_block_24,temporal_block,15.0,0.8215234158871769,1
TABUENCA01-45,2024-04-25 14:20:53.050000+00:00,walking,1,random_forest,24,TABUENCA01-45_block_24,temporal_block,15.0,0.8006762342517443,1
TABUENCA01-45,2024-04-25 14:20:54.050000+00:00,walking,1,random_forest,24,TABUENCA01-45_block_24,temporal_block,15.0,0.7797259196476095,1
TABUENCA01-45,2024-04-25 14:20:55.050000+00:00,walking,1,random_forest,24,TABUENCA01-45_block_24,temporal_block,15.0,0.836024290624038,1
TABUENCA01-45,2024-04-25 14:20:56.050000+00:00,walking,1,random_forest,24,TABUENCA01-45_block_24,temporal_block,15.0,0.8406630213068592,1
TABUENCA01-45,2024-04-25 14:20:57.050000+00:00,walking,1,random_forest,24,TABUENCA01-45_block_24,temporal_block,15.0,0.738662423463075,1
TABUENCA01-45,2024-04-25 14:20:58.050000+00:00,walking,1,random_forest,24,TABUENCA01-45_block_24,temporal_block,15.0,0.8009093174347863,1
TABUENCA01-45,2024-04-25 14:20:59.050000+00:00,walking,1,random_forest,24,TABUENCA01-45_block_24,temporal_block,15.0,0.8136209093178634,1
TABUENCA01-45,2024-04-25 14:21:00.050000+00:00,walking,1,random_forest,24,TABUENCA01-45_block_24,temporal_block,15.0,0.7823687725896664,1
TABUENCA01-45,2024-04-25 14:21:01.050000+00:00,walking,1,random_forest,24,TABUENCA01-45_block_24,temporal_block,15.0,0.8695004900406665,1
TABUENCA01-45,2024-04-25 14:21:02.050000+00:00,walking,1,random_forest,24,TABUENCA01-45_block_24,temporal_block,15.0,0.8316616294889267,1
TABUENCA01-45,2024-04-25 14:21:03.050000+00:00,walking,1,random_forest,24,TABUENCA01-45_block_24,temporal_block,15.0,0.7426247337973608,1
TABUENCA01-45,2024-04-25 14:21:04.050000+00:00,walking,1,random_forest,24,TABUENCA01-45_block_24,temporal_block,15.0,0.7725353425080729,1
TABUENCA01-45,2024-04-25 14:21:05.050000+00:00,walking,1,random_forest,24,TABUENCA01-45_block_24,temporal_block,15.0,0.7696592117942317,1
TABUENCA01-45,2024-04-25 14:21:06.050000+00:00,walking,1,random_forest,24,TABUENCA01-45_block_24,temporal_block,15.0,0.7781538145166204,1
TABUENCA01-45,2024-04-25 14:21:07.050000+00:00,walking,1,random_forest,24,TABUENCA01-45_block_24,temporal_block,15.0,0.8313699203767633,1
TABUENCA01-45,2024-04-25 14:21:08.050000+00:00,walking,1,random_forest,24,TABUENCA01-45_block_24,temporal_block,15.0,0.7671195983352159,1
TABUENCA01-45,2024-04-25 14:21:09.050000+00:00,walking,1,random_forest,24,TABUENCA01-45_block_24,temporal_block,15.0,0.8254194226472998,1
TABUENCA01-45,2024-04-25 14:21:10.050000+00:00,walking,1,random_forest,24,TABUENCA01-45_block_24,temporal_block,15.0,0.8448912013142809,1
TABUENCA01-45,2024-04-25 14:21:11.050000+00:00,walking,1,random_forest,24,TABUENCA01-45_block_24,temporal_block,15.0,0.8029616626292292,1
TABUENCA01-45,2024-04-25 14:21:12.050000+00:00,walking,1,random_forest,24,TABUENCA01-45_block_24,temporal_block,15.0,0.7865768788781118,1
TABUENCA01-45,2024-04-25 14:21:13.050000+00:00,walking,1,random_forest,24,TABUENCA01-45_block_24,temporal_block,15.0,0.7520861060902173,1
TABUENCA01-45,2024-04-25 14:21:14.050000+00:00,walking,1,random_forest,24,TABUENCA01-45_block_24,temporal_block,15.0,0.7929411642524458,1
TABUENCA01-45,2024-04-25 14:21:15.050000+00:00,walking,1,random_forest,24,TABUENCA01-45_block_24,temporal_block,15.0,0.866935855744029,1
TABUENCA01-45,2024-04-25 14:21:16.050000+00:00,walking,1,random_forest,24,TABUENCA01-45_block_24,temporal_block,15.0,0.6902620197182042,1
TABUENCA01-45,2024-04-25 14:21:17.050000+00:00,walking,1,random_forest,24,TABUENCA01-45_block_24,temporal_block,15.0,0.5955215899142112,1
TABUENCA01-45,2024-04-25 14:21:18.050000+00:00,walking,1,random_forest,24,TABUENCA01-45_block_24,temporal_block,15.0,0.41375203465673027,0
TABUENCA01-45,2024-04-25 14:21:19.050000+00:00,walking,1,random_forest,24,TABUENCA01-45_block_24,temporal_block,15.0,0.6000898471287173,1
TABUENCA01-45,2024-04-25 14:21:20.050000+00:00,walking,1,random_forest,24,TABUENCA01-45_block_24,temporal_block,15.0,0.8328891898456552,1
TABUENCA01-45,2024-04-25 14:21:21.050000+00:00,walking,1,random_forest,24,TABUENCA01-45_block_24,temporal_block,15.0,0.6163884201634411,1
TABUENCA01-45,2024-04-25 14:21:22.050000+00:00,walking,1,random_forest,24,TABUENCA01-45_block_24,temporal_block,15.0,0.7370914898194161,1
TABUENCA01-45,2024-04-25 14:21:23.050000+00:00,walking,1,random_forest,24,TABUENCA01-45_block_24,temporal_block,15.0,0.7414435792966664,1
TABUENCA01-45,2024-04-25 14:21:24.050000+00:00,walking,1,random_forest,24,TABUENCA01-45_block_24,temporal_block,15.0,0.7448426266786708,1
TABUENCA01-45,2024-04-25 14:21:25.050000+00:00,walking,1,random_forest,24,TABUENCA01-45_block_24,temporal_block,15.0,0.7602761652047854,1
TABUENCA01-45,2024-04-25 14:21:26.050000+00:00,walking,1,random_forest,24,TABUENCA01-45_block_24,temporal_block,15.0,0.7681630678234159,1
TABUENCA01-45,2024-04-25 14:21:27.050000+00:00,walking,1,random_forest,24,TABUENCA01-45_block_24,temporal_block,15.0,0.7422949647886813,1
TABUENCA01-45,2024-04-25 14:21:28.050000+00:00,walking,1,random_forest,24,TABUENCA01-45_block_24,temporal_block,15.0,0.8045806862609942,1
TABUENCA01-45,2024-04-25 14:21:29.050000+00:00,walking,1,random_forest,24,TABUENCA01-45_block_24,temporal_block,15.0,0.8110923720982597,1
TABUENCA01-45,2024-04-25 14:21:30.050000+00:00,walking,1,random_forest,24,TABUENCA01-45_block_24,temporal_block,15.0,0.8334224456008809,1
TABUENCA01-45,2024-04-25 14:21:31.050000+00:00,walking,1,random_forest,24,TABUENCA01-45_block_24,temporal_block,15.0,0.8760778034361296,1
TABUENCA01-45,2024-04-25 14:21:32.050000+00:00,walking,1,random_forest,24,TABUENCA01-45_block_24,temporal_block,15.0,0.7381540913767966,1
TABUENCA01-45,2024-04-25 14:21:33.050000+00:00,walking,1,random_forest,24,TABUENCA01-45_block_24,temporal_block,15.0,0.7815788588346648,1
TABUENCA01-45,2024-04-25 14:21:34.050000+00:00,walking,1,random_forest,24,TABUENCA01-45_block_24,temporal_block,15.0,0.852369981138879,1
TABUENCA01-45,2024-04-25 14:21:35.050000+00:00,walking,1,random_forest,24,TABUENCA01-45_block_24,temporal_block,15.0,0.7772131819726178,1
TABUENCA01-45,2024-04-25 14:21:36.050000+00:00,walking,1,random_forest,24,TABUENCA01-45_block_24,temporal_block,15.0,0.7756342290732805,1
TABUENCA01-45,2024-04-25 14:21:37.050000+00:00,walking,1,random_forest,24,TABUENCA01-45_block_24,temporal_block,15.0,0.7167864087641727,1
TABUENCA01-45,2024-04-25 14:21:38.050000+00:00,walking,1,random_forest,24,TABUENCA01-45_block_24,temporal_block,15.0,0.7167050710035369,1
TABUENCA01-45,2024-04-25 14:21:39.050000+00:00,walking,1,random_forest,24,TABUENCA01-45_block_24,temporal_block,15.0,0.8899590143655183,1
TABUENCA01-45,2024-04-25 14:21:40.050000+00:00,walking,1,random_forest,24,TABUENCA01-45_block_24,temporal_block,15.0,0.7809630017797502,1
TABUENCA01-45,2024-04-25 14:21:41.050000+00:00,walking,1,random_forest,24,TABUENCA01-45_block_24,temporal_block,15.0,0.7846683959112891,1
TABUENCA01-45,2024-04-25 14:21:42.050000+00:00,walking,1,random_forest,24,TABUENCA01-45_block_24,temporal_block,15.0,0.756825591190834,1
TABUENCA01-45,2024-04-25 14:21:43.050000+00:00,walking,1,random_forest,24,TABUENCA01-45_block_24,temporal_block,15.0,0.7890148351328676,1
TABUENCA01-45,2024-04-25 14:21:44.050000+00:00,walking,1,random_forest,24,TABUENCA01-45_block_24,temporal_block,15.0,0.8292076758806846,1
TABUENCA01-45,2024-04-25 14:21:45.050000+00:00,walking,1,random_forest,24,TABUENCA01-45_block_24,temporal_block,15.0,0.8713780514280537,1
TABUENCA01-45,2024-04-25 14:21:46.050000+00:00,walking,1,random_forest,24,TABUENCA01-45_block_24,temporal_block,15.0,0.8880845723915126,1
TABUENCA01-45,2024-04-25 14:21:47.050000+00:00,walking,1,random_forest,24,TABUENCA01-45_block_24,temporal_block,15.0,0.8169137254673902,1
TABUENCA01-45,2024-04-25 14:21:48.050000+00:00,walking,1,random_forest,24,TABUENCA01-45_block_24,temporal_block,15.0,0.8314177109551001,1
TABUENCA01-45,2024-04-25 14:21:49.050000+00:00,walking,1,random_forest,24,TABUENCA01-45_block_24,temporal_block,15.0,0.7833641463542299,1
TABUENCA01-45,2024-04-25 14:21:50.050000+00:00,walking,1,random_forest,24,TABUENCA01-45_block_24,temporal_block,15.0,0.8400903111772225,1
TABUENCA01-45,2024-04-25 14:21:51.050000+00:00,walking,1,random_forest,24,TABUENCA01-45_block_24,temporal_block,15.0,0.8747624983810465,1
TABUENCA01-45,2024-04-25 14:21:52.050000+00:00,walking,1,random_forest,24,TABUENCA01-45_block_24,temporal_block,15.0,0.8841670033492338,1
TABUENCA01-45,2024-04-25 14:21:56.060000+00:00,not_walking,0,random_forest,24,TABUENCA01-45_block_24,temporal_block,15.0,0.2341609836760657,0
TABUENCA01-45,2024-04-25 14:21:57.060000+00:00,not_walking,0,random_forest,24,TABUENCA01-45_block_24,temporal_block,15.0,0.1466789728222653,0
TABUENCA01-45,2024-04-25 14:21:58.060000+00:00,not_walking,0,random_forest,24,TABUENCA01-45_block_24,temporal_block,15.0,0.17979759601114695,0
TABUENCA01-45,2024-04-25 14:21:59.060000+00:00,not_walking,0,random_forest,24,TABUENCA01-45_block_24,temporal_block,15.0,0.20083102135698955,0
TABUENCA01-45,2024-04-25 14:22:00.060000+00:00,not_walking,0,random_forest,24,TABUENCA01-45_block_24,temporal_block,15.0,0.21815706326183246,0
TABUENCA01-45,2024-04-25 14:22:01.060000+00:00,not_walking,0,random_forest,24,TABUENCA01-45_block_24,temporal_block,15.0,0.2129760763487866,0
TABUENCA01-45,2024-04-25 14:22:02.060000+00:00,not_walking,0,random_forest,24,TABUENCA01-45_block_24,temporal_block,15.0,0.17400092524543814,0
TABUENCA01-45,2024-04-25 14:22:03.060000+00:00,not_walking,0,random_forest,24,TABUENCA01-45_block_24,temporal_block,15.0,0.18664610429139353,0
TABUENCA01-45,2024-04-25 14:22:04.060000+00:00,not_walking,0,random_forest,24,TABUENCA01-45_block_24,temporal_block,15.0,0.17500955430982804,0
TABUENCA01-45,2024-04-25 14:22:05.060000+00:00,not_walking,0,random_forest,24,TABUENCA01-45_block_24,temporal_block,15.0,0.20341642491734094,0
TABUENCA01-45,2024-04-25 14:22:06.060000+00:00,not_walking,0,random_forest,24,TABUENCA01-45_block_24,temporal_block,15.0,0.20887528407441583,0
TABUENCA01-45,2024-04-25 14:22:07.060000+00:00,not_walking,0,random_forest,24,TABUENCA01-45_block_24,temporal_block,15.0,0.18580273273655495,0
TABUENCA01-45,2024-04-25 14:22:08.060000+00:00,not_walking,0,random_forest,24,TABUENCA01-45_block_24,temporal_block,15.0,0.1876012217167911,0
TABUENCA01-45,2024-04-25 14:22:09.060000+00:00,not_walking,0,random_forest,24,TABUENCA01-45_block_24,temporal_block,15.0,0.18101879385871988,0
TABUENCA01-45,2024-04-25 14:22:10.060000+00:00,not_walking,0,random_forest,24,TABUENCA01-45_block_24,temporal_block,15.0,0.19297317384596166,0
TABUENCA01-45,2024-04-25 14:22:11.060000+00:00,not_walking,0,random_forest,24,TABUENCA01-45_block_24,temporal_block,15.0,0.16878019175628556,0
TABUENCA01-45,2024-04-25 14:22:12.060000+00:00,not_walking,0,random_forest,24,TABUENCA01-45_block_24,temporal_block,15.0,0.20931649516996895,0
TABUENCA01-45,2024-04-25 14:22:13.060000+00:00,not_walking,0,random_forest,24,TABUENCA01-45_block_24,temporal_block,15.0,0.1906781824265842,0
TABUENCA01-45,2024-04-25 14:22:14.060000+00:00,not_walking,0,random_forest,24,TABUENCA01-45_block_24,temporal_block,15.0,0.20202653700197137,0
TABUENCA01-45,2024-04-25 14:22:15.060000+00:00,not_walking,0,random_forest,24,TABUENCA01-45_block_24,temporal_block,15.0,0.21611571214205857,0
TABUENCA01-45,2024-04-25 14:22:16.060000+00:00,not_walking,0,random_forest,24,TABUENCA01-45_block_24,temporal_block,15.0,0.20690755945282072,0
TABUENCA01-45,2024-04-25 14:22:17.060000+00:00,not_walking,0,random_forest,24,TABUENCA01-45_block_24,temporal_block,15.0,0.18700015609421028,0
TABUENCA01-45,2024-04-25 14:22:18.060000+00:00,not_walking,0,random_forest,24,TABUENCA01-45_block_24,temporal_block,15.0,0.17487718648810294,0
TABUENCA01-45,2024-04-25 14:22:19.060000+00:00,not_walking,0,random_forest,24,TABUENCA01-45_block_24,temporal_block,15.0,0.16710464273799497,0
TABUENCA01-45,2024-04-25 14:22:20.060000+00:00,not_walking,0,random_forest,24,TABUENCA01-45_block_24,temporal_block,15.0,0.1689042780716409,0
TABUENCA01-45,2024-04-25 14:22:21.060000+00:00,not_walking,0,random_forest,24,TABUENCA01-45_block_24,temporal_block,15.0,0.1929894083527965,0
TABUENCA01-45,2024-04-25 14:22:22.060000+00:00,not_walking,0,random_forest,24,TABUENCA01-45_block_24,temporal_block,15.0,0.207870865126125,0
TABUENCA01-45,2024-04-25 14:22:23.060000+00:00,not_walking,0,random_forest,24,TABUENCA01-45_block_24,temporal_block,15.0,0.21666802112080163,0
TABUENCA01-45,2024-04-25 14:22:24.060000+00:00,not_walking,0,random_forest,24,TABUENCA01-45_block_24,temporal_block,15.0,0.20612037102511532,0
TABUENCA01-45,2024-04-25 14:22:25.060000+00:00,not_walking,0,random_forest,24,TABUENCA01-45_block_24,temporal_block,15.0,0.19953621625849158,0
TABUENCA01-45,2024-04-25 14:22:26.060000+00:00,not_walking,0,random_forest,24,TABUENCA01-45_block_24,temporal_block,15.0,0.1882521959195893,0
TABUENCA01-45,2024-04-25 14:22:27.060000+00:00,not_walking,0,random_forest,24,TABUENCA01-45_block_24,temporal_block,15.0,0.2033828536447766,0
TABUENCA01-45,2024-04-25 14:22:28.060000+00:00,not_walking,0,random_forest,24,TABUENCA01-45_block_24,temporal_block,15.0,0.2420370244136552,0
TABUENCA01-45,2024-04-25 14:22:29.060000+00:00,not_walking,0,random_forest,24,TABUENCA01-45_block_24,temporal_block,15.0,0.21973462913482408,0
TABUENCA01-45,2024-04-25 14:22:30.060000+00:00,not_walking,0,random_forest,24,TABUENCA01-45_block_24,temporal_block,15.0,0.19976868943156761,0
TABUENCA01-45,2024-04-25 14:22:31.060000+00:00,not_walking,0,random_forest,24,TABUENCA01-45_block_24,temporal_block,15.0,0.2389575720858361,0
TABUENCA01-45,2024-04-25 14:22:32.060000+00:00,not_walking,0,random_forest,24,TABUENCA01-45_block_24,temporal_block,15.0,0.20841344976248724,0
TABUENCA01-45,2024-04-25 14:22:33.060000+00:00,not_walking,0,random_forest,24,TABUENCA01-45_block_24,temporal_block,15.0,0.19662026250503992,0
TABUENCA01-45,2024-04-25 14:22:34.060000+00:00,not_walking,0,random_forest,24,TABUENCA01-45_block_24,temporal_block,15.0,0.20463200856111555,0
TABUENCA01-45,2024-04-25 14:22:35.060000+00:00,not_walking,0,random_forest,24,TABUENCA01-45_block_24,temporal_block,15.0,0.21143576325540434,0
TABUENCA01-45,2024-04-25 14:22:36.060000+00:00,not_walking,0,random_forest,24,TABUENCA01-45_block_24,temporal_block,15.0,0.1877614187564185,0
TABUENCA01-45,2024-04-25 14:22:37.060000+00:00,not_walking,0,random_forest,24,TABUENCA01-45_block_24,temporal_block,15.0,0.2182529333349629,0
TABUENCA01-45,2024-04-25 14:22:38.060000+00:00,not_walking,0,random_forest,24,TABUENCA01-45_block_24,temporal_block,15.0,0.22363746408767576,0
TABUENCA01-45,2024-04-25 14:22:39.060000+00:00,not_walking,0,random_forest,24,TABUENCA01-45_block_24,temporal_block,15.0,0.20444111752592617,0
TABUENCA01-45,2024-04-25 14:22:40.060000+00:00,not_walking,0,random_forest,24,TABUENCA01-45_block_24,temporal_block,15.0,0.24190364354060961,0
TABUENCA01-45,2024-04-25 14:22:41.060000+00:00,not_walking,0,random_forest,24,TABUENCA01-45_block_24,temporal_block,15.0,0.1792264377573453,0
TABUENCA01-45,2024-04-25 14:22:42.060000+00:00,not_walking,0,random_forest,24,TABUENCA01-45_block_24,temporal_block,15.0,0.22000774311710578,0
TABUENCA01-45,2024-04-25 14:22:43.060000+00:00,not_walking,0,random_forest,24,TABUENCA01-45_block_24,temporal_block,15.0,0.25119725031619977,0
TABUENCA01-45,2024-04-25 14:22:44.060000+00:00,not_walking,0,random_forest,24,TABUENCA01-45_block_24,temporal_block,15.0,0.2148863176637271,0
TABUENCA01-45,2024-04-25 14:22:48.010000+00:00,walking,1,random_forest,24,TABUENCA01-45_block_24,temporal_block,15.0,0.8795252787301039,1
TABUENCA01-45,2024-04-25 14:22:49.010000+00:00,walking,1,random_forest,24,TABUENCA01-45_block_24,temporal_block,15.0,0.8445552591520085,1
TABUENCA01-45,2024-04-25 14:22:50.010000+00:00,walking,1,random_forest,24,TABUENCA01-45_block_24,temporal_block,15.0,0.8908867292255297,1
TABUENCA01-45,2024-04-25 14:22:51.010000+00:00,walking,1,random_forest,24,TABUENCA01-45_block_24,temporal_block,15.0,0.7738760872438921,1
TABUENCA01-45,2024-04-25 14:22:52.010000+00:00,walking,1,random_forest,24,TABUENCA01-45_block_24,temporal_block,15.0,0.6905237510991091,1
TABUENCA01-45,2024-04-25 14:22:53.010000+00:00,walking,1,random_forest,24,TABUENCA01-45_block_24,temporal_block,15.0,0.778033280295865,1
TABUENCA01-45,2024-04-25 14:22:54.010000+00:00,walking,1,random_forest,24,TABUENCA01-45_block_24,temporal_block,15.0,0.6920987935625094,1
TABUENCA01-45,2024-04-25 14:22:55.010000+00:00,walking,1,random_forest,24,TABUENCA01-45_block_24,temporal_block,15.0,0.600467286253625,1
TABUENCA01-45,2024-04-25 14:22:56.010000+00:00,walking,1,random_forest,24,TABUENCA01-45_block_24,temporal_block,15.0,0.6911715517099767,1
TABUENCA01-45,2024-04-25 14:22:57.010000+00:00,walking,1,random_forest,24,TABUENCA01-45_block_24,temporal_block,15.0,0.7356181579306996,1
TABUENCA01-45,2024-04-25 14:22:58.010000+00:00,walking,1,random_forest,24,TABUENCA01-45_block_24,temporal_block,15.0,0.6505833672880464,1
TABUENCA01-45,2024-04-25 14:22:59.010000+00:00,walking,1,random_forest,24,TABUENCA01-45_block_24,temporal_block,15.0,0.9062075098975169,1
TABUENCA01-45,2024-04-25 14:23:00.010000+00:00,walking,1,random_forest,24,TABUENCA01-45_block_24,temporal_block,15.0,0.8105257470803445,1
TABUENCA01-45,2024-04-25 14:23:01.010000+00:00,walking,1,random_forest,24,TABUENCA01-45_block_24,temporal_block,15.0,0.7231092492972164,1
TABUENCA01-45,2024-04-25 14:23:02.010000+00:00,walking,1,random_forest,24,TABUENCA01-45_block_24,temporal_block,15.0,0.9007975077472554,1
TABUENCA01-45,2024-04-25 14:23:03.010000+00:00,walking,1,random_forest,24,TABUENCA01-45_block_24,temporal_block,15.0,0.7267793857596686,1
TABUENCA01-45,2024-04-25 14:23:04.010000+00:00,walking,1,random_forest,24,TABUENCA01-45_block_24,temporal_block,15.0,0.7501106982268253,1
TABUENCA01-45,2024-04-25 14:23:05.010000+00:00,walking,1,random_forest,24,TABUENCA01-45_block_24,temporal_block,15.0,0.7568227331578219,1
TABUENCA01-45,2024-04-25 14:23:06.010000+00:00,walking,1,random_forest,24,TABUENCA01-45_block_24,temporal_block,15.0,0.7330139657999694,1
TABUENCA01-45,2024-04-25 14:23:07.010000+00:00,walking,1,random_forest,24,TABUENCA01-45_block_24,temporal_block,15.0,0.7599705492349287,1
TABUENCA01-45,2024-04-25 14:23:08.010000+00:00,walking,1,random_forest,24,TABUENCA01-45_block_24,temporal_block,15.0,0.7286609697654507,1
TABUENCA01-45,2024-04-25 14:23:09.010000+00:00,walking,1,random_forest,24,TABUENCA01-45_block_24,temporal_block,15.0,0.7153726775788533,1
TABUENCA01-45,2024-04-25 14:23:10.010000+00:00,walking,1,random_forest,24,TABUENCA01-45_block_24,temporal_block,15.0,0.7100863640538003,1
TABUENCA01-45,2024-04-25 14:23:11.010000+00:00,walking,1,random_forest,24,TABUENCA01-45_block_24,temporal_block,15.0,0.7553960108931216,1
TABUENCA01-45,2024-04-25 14:23:12.010000+00:00,walking,1,random_forest,24,TABUENCA01-45_block_24,temporal_block,15.0,0.810656672838426,1
TABUENCA01-45,2024-04-25 14:23:13.010000+00:00,walking,1,random_forest,24,TABUENCA01-45_block_24,temporal_block,15.0,0.8439722007594361,1
TABUENCA01-45,2024-04-25 14:23:14.010000+00:00,walking,1,random_forest,24,TABUENCA01-45_block_24,temporal_block,15.0,0.7991880099404909,1
TABUENCA01-45,2024-04-25 14:23:15.010000+00:00,walking,1,random_forest,24,TABUENCA01-45_block_24,temporal_block,15.0,0.7556012771916905,1
TABUENCA01-45,2024-04-25 14:23:16.010000+00:00,walking,1,random_forest,24,TABUENCA01-45_block_24,temporal_block,15.0,0.7423330052577061,1
TABUENCA01-45,2024-04-25 14:23:17.010000+00:00,walking,1,random_forest,24,TABUENCA01-45_block_24,temporal_block,15.0,0.7237549224838206,1
TABUENCA01-45,2024-04-25 14:23:18.010000+00:00,walking,1,random_forest,24,TABUENCA01-45_block_24,temporal_block,15.0,0.7807580811899523,1
TABUENCA01-45,2024-04-25 14:23:19.010000+00:00,walking,1,random_forest,24,TABUENCA01-45_block_24,temporal_block,15.0,0.7619360471173799,1
TABUENCA01-45,2024-04-25 14:23:20.010000+00:00,walking,1,random_forest,24,TABUENCA01-45_block_24,temporal_block,15.0,0.7755075714349667,1
TABUENCA01-45,2024-04-25 14:23:21.010000+00:00,walking,1,random_forest,24,TABUENCA01-45_block_24,temporal_block,15.0,0.7088652613865446,1
TABUENCA01-45,2024-04-25 14:23:22.010000+00:00,walking,1,random_forest,24,TABUENCA01-45_block_24,temporal_block,15.0,0.7862408563050785,1
TABUENCA01-45,2024-04-25 14:23:23.010000+00:00,walking,1,random_forest,24,TABUENCA01-45_block_24,temporal_block,15.0,0.7818737433158081,1
TABUENCA01-45,2024-04-25 14:23:24.010000+00:00,walking,1,random_forest,24,TABUENCA01-45_block_24,temporal_block,15.0,0.70119630187437,1
TABUENCA01-45,2024-04-25 14:23:25.010000+00:00,walking,1,random_forest,24,TABUENCA01-45_block_24,temporal_block,15.0,0.7230692663322784,1
TABUENCA01-45,2024-04-25 14:23:26.010000+00:00,walking,1,random_forest,24,TABUENCA01-45_block_24,temporal_block,15.0,0.7857603889292372,1
TABUENCA01-45,2024-04-25 14:23:27.010000+00:00,walking,1,random_forest,24,TABUENCA01-45_block_24,temporal_block,15.0,0.6577073809896593,1
TABUENCA01-45,2024-04-25 14:23:28.010000+00:00,walking,1,random_forest,24,TABUENCA01-45_block_24,temporal_block,15.0,0.6826598426197876,1
TABUENCA01-45,2024-04-25 14:23:29.010000+00:00,walking,1,random_forest,24,TABUENCA01-45_block_24,temporal_block,15.0,0.774308088628781,1
TABUENCA01-45,2024-04-25 14:23:30.010000+00:00,walking,1,random_forest,24,TABUENCA01-45_block_24,temporal_block,15.0,0.7235172320890616,1
TABUENCA01-45,2024-04-25 14:23:31.010000+00:00,walking,1,random_forest,24,TABUENCA01-45_block_24,temporal_block,15.0,0.7603599834244237,1
TABUENCA01-45,2024-04-25 14:23:32.010000+00:00,walking,1,random_forest,24,TABUENCA01-45_block_24,temporal_block,15.0,0.7784261225001494,1
TABUENCA01-45,2024-04-25 14:23:33.010000+00:00,walking,1,random_forest,24,TABUENCA01-45_block_24,temporal_block,15.0,0.7884172353147925,1
TABUENCA01-45,2024-04-25 14:23:34.010000+00:00,walking,1,random_forest,24,TABUENCA01-45_block_24,temporal_block,15.0,0.7185732066569032,1
TABUENCA01-45,2024-04-25 14:23:35.010000+00:00,walking,1,random_forest,24,TABUENCA01-45_block_24,temporal_block,15.0,0.8666990962403494,1
TABUENCA01-45,2024-04-25 14:23:36.010000+00:00,walking,1,random_forest,24,TABUENCA01-45_block_24,temporal_block,15.0,0.8203674868562635,1
TABUENCA01-45,2024-04-25 14:23:37.010000+00:00,walking,1,random_forest,24,TABUENCA01-45_block_24,temporal_block,15.0,0.627226291316119,1
TABUENCA01-45,2024-04-25 14:23:38.010000+00:00,walking,1,random_forest,24,TABUENCA01-45_block_24,temporal_block,15.0,0.8258192158144068,1
TABUENCA01-45,2024-04-25 14:23:39.010000+00:00,walking,1,random_forest,24,TABUENCA01-45_block_24,temporal_block,15.0,0.6746159210983503,1
TABUENCA01-45,2024-04-25 14:23:40.010000+00:00,walking,1,random_forest,24,TABUENCA01-45_block_24,temporal_block,15.0,0.7130891910953703,1
TABUENCA01-45,2024-04-25 14:23:41.010000+00:00,walking,1,random_forest,24,TABUENCA01-45_block_24,temporal_block,15.0,0.7827024738807219,1
TABUENCA01-45,2024-04-25 14:23:42.010000+00:00,walking,1,random_forest,24,TABUENCA01-45_block_24,temporal_block,15.0,0.7009197853229401,1
TABUENCA01-45,2024-04-25 14:23:43.010000+00:00,walking,1,random_forest,24,TABUENCA01-45_block_24,temporal_block,15.0,0.7628122441464774,1
TABUENCA01-45,2024-04-25 14:23:44.010000+00:00,walking,1,random_forest,24,TABUENCA01-45_block_24,temporal_block,15.0,0.8093344708858018,1
TABUENCA01-45,2024-04-25 14:23:45.010000+00:00,walking,1,random_forest,24,TABUENCA01-45_block_24,temporal_block,15.0,0.7315464563838819,1
TABUENCA01-45,2024-04-25 14:23:46.010000+00:00,walking,1,random_forest,24,TABUENCA01-45_block_24,temporal_block,15.0,0.7530439700332948,1
TABUENCA01-45,2024-04-25 14:23:47.010000+00:00,walking,1,random_forest,24,TABUENCA01-45_block_24,temporal_block,15.0,0.7590808772807491,1
TABUENCA01-45,2024-04-25 14:23:48.010000+00:00,walking,1,random_forest,24,TABUENCA01-45_block_24,temporal_block,15.0,0.8416252040274285,1
TABUENCA01-45,2024-04-25 14:23:49.010000+00:00,walking,1,random_forest,24,TABUENCA01-45_block_24,temporal_block,15.0,0.849129316081846,1
TABUENCA01-45,2024-04-25 14:23:50.010000+00:00,walking,1,random_forest,24,TABUENCA01-45_block_24,temporal_block,15.0,0.7463869448326929,1
TABUENCA01-45,2024-04-25 14:23:51.010000+00:00,walking,1,random_forest,24,TABUENCA01-45_block_24,temporal_block,15.0,0.6722916608500158,1
TABUENCA01-45,2024-04-25 14:23:52.010000+00:00,walking,1,random_forest,24,TABUENCA01-45_block_24,temporal_block,15.0,0.747237981836425,1
TABUENCA01-45,2024-04-25 14:23:53.010000+00:00,walking,1,random_forest,24,TABUENCA01-45_block_24,temporal_block,15.0,0.7524416075827902,1
TABUENCA01-45,2024-04-25 14:23:54.010000+00:00,walking,1,random_forest,24,TABUENCA01-45_block_24,temporal_block,15.0,0.7349336053821424,1
TABUENCA01-45,2024-04-25 14:23:55.010000+00:00,walking,1,random_forest,24,TABUENCA01-45_block_24,temporal_block,15.0,0.7536758491329142,1
TABUENCA01-45,2024-04-25 14:23:56.010000+00:00,walking,1,random_forest,24,TABUENCA01-45_block_24,temporal_block,15.0,0.721266149677072,1
TABUENCA01-45,2024-04-25 14:23:57.010000+00:00,walking,1,random_forest,24,TABUENCA01-45_block_24,temporal_block,15.0,0.6196609143224088,1
TABUENCA01-45,2024-04-25 14:23:58.010000+00:00,walking,1,random_forest,24,TABUENCA01-45_block_24,temporal_block,15.0,0.7136974177823768,1
TABUENCA01-45,2024-04-25 14:24:02.050000+00:00,not_walking,0,random_forest,24,TABUENCA01-45_block_24,temporal_block,15.0,0.16244104609122936,0
TABUENCA01-45,2024-04-25 14:24:03.050000+00:00,not_walking,0,random_forest,24,TABUENCA01-45_block_24,temporal_block,15.0,0.14796248074442658,0
TABUENCA01-45,2024-04-25 14:24:04.050000+00:00,not_walking,0,random_forest,24,TABUENCA01-45_block_24,temporal_block,15.0,0.05666841464109433,0
TABUENCA01-45,2024-04-25 14:24:05.050000+00:00,not_walking,0,random_forest,24,TABUENCA01-45_block_24,temporal_block,15.0,0.10519544634325938,0
TABUENCA01-45,2024-04-25 14:24:06.050000+00:00,not_walking,0,random_forest,24,TABUENCA01-45_block_24,temporal_block,15.0,0.7983788176853668,1
TABUENCA01-45,2024-04-25 14:24:07.050000+00:00,not_walking,0,random_forest,24,TABUENCA01-45_block_24,temporal_block,15.0,0.7585311108072796,1
TABUENCA01-45,2024-04-25 14:24:08.050000+00:00,not_walking,0,random_forest,24,TABUENCA01-45_block_24,temporal_block,15.0,0.7097198232010383,1
TABUENCA01-45,2024-04-25 14:24:09.050000+00:00,not_walking,0,random_forest,24,TABUENCA01-45_block_24,temporal_block,15.0,0.39043279997685004,0
TABUENCA01-45,2024-04-25 14:24:10.050000+00:00,not_walking,0,random_forest,24,TABUENCA01-45_block_24,temporal_block,15.0,0.35390221660374965,0
TABUENCA01-45,2024-04-25 14:24:11.050000+00:00,not_walking,0,random_forest,24,TABUENCA01-45_block_24,temporal_block,15.0,0.16751409637350323,0
TABUENCA01-45,2024-04-25 14:24:12.050000+00:00,not_walking,0,random_forest,24,TABUENCA01-45_block_24,temporal_block,15.0,0.17500455097130463,0
TABUENCA01-45,2024-04-25 14:24:13.050000+00:00,not_walking,0,random_forest,24,TABUENCA01-45_block_24,temporal_block,15.0,0.1924214618923326,0
TABUENCA01-45,2024-04-25 14:24:14.050000+00:00,not_walking,0,random_forest,24,TABUENCA01-45_block_24,temporal_block,15.0,0.15421435395654107,0
TABUENCA01-45,2024-04-25 14:24:15.050000+00:00,not_walking,0,random_forest,24,TABUENCA01-45_block_24,temporal_block,15.0,0.15985871610071142,0
TABUENCA01-45,2024-04-25 14:24:16.050000+00:00,not_walking,0,random_forest,24,TABUENCA01-45_block_24,temporal_block,15.0,0.15711533137635206,0
TABUENCA01-45,2024-04-25 14:24:17.050000+00:00,not_walking,0,random_forest,24,TABUENCA01-45_block_24,temporal_block,15.0,0.3463627232613015,0
TABUENCA01-45,2024-04-25 14:24:18.050000+00:00,not_walking,0,random_forest,24,TABUENCA01-45_block_24,temporal_block,15.0,0.35816283747468797,0
TABUENCA01-45,2024-04-25 14:24:19.050000+00:00,not_walking,0,random_forest,24,TABUENCA01-45_block_24,temporal_block,15.0,0.2862842224967394,0
TABUENCA01-45,2024-04-25 14:24:20.050000+00:00,not_walking,0,random_forest,24,TABUENCA01-45_block_24,temporal_block,15.0,0.2205758060919869,0
TABUENCA01-45,2024-04-25 14:24:21.050000+00:00,not_walking,0,random_forest,24,TABUENCA01-45_block_24,temporal_block,15.0,0.2460093181758506,0
TABUENCA01-45,2024-04-25 14:24:22.050000+00:00,not_walking,0,random_forest,24,TABUENCA01-45_block_24,temporal_block,15.0,0.17233529838577186,0
TABUENCA01-45,2024-04-25 14:24:23.050000+00:00,not_walking,0,random_forest,24,TABUENCA01-45_block_24,temporal_block,15.0,0.10007337861574102,0
TABUENCA01-45,2024-04-25 14:24:24.050000+00:00,not_walking,0,random_forest,24,TABUENCA01-45_block_24,temporal_block,15.0,0.07105664608541098,0
TABUENCA01-45,2024-04-25 14:24:25.050000+00:00,not_walking,0,random_forest,24,TABUENCA01-45_block_24,temporal_block,15.0,0.15499275618463915,0
TABUENCA01-45,2024-04-25 14:24:26.050000+00:00,not_walking,0,random_forest,24,TABUENCA01-45_block_24,temporal_block,15.0,0.1518589096074879,0
TABUENCA01-45,2024-04-25 14:24:27.050000+00:00,not_walking,0,random_forest,24,TABUENCA01-45_block_24,temporal_block,15.0,0.12487772260203625,0
TABUENCA01-45,2024-04-25 14:24:28.050000+00:00,not_walking,0,random_forest,24,TABUENCA01-45_block_24,temporal_block,15.0,0.0649852371923217,0
TABUENCA01-45,2024-04-25 14:24:29.050000+00:00,not_walking,0,random_forest,24,TABUENCA01-45_block_24,temporal_block,15.0,0.057897404407490916,0
TABUENCA01-45,2024-04-25 14:24:30.050000+00:00,not_walking,0,random_forest,24,TABUENCA01-45_block_24,temporal_block,15.0,0.048287104672787844,0
TABUENCA01-45,2024-04-25 14:24:31.050000+00:00,not_walking,0,random_forest,24,TABUENCA01-45_block_24,temporal_block,15.0,0.07148957046209185,0
TABUENCA01-45,2024-04-25 14:24:32.050000+00:00,not_walking,0,random_forest,24,TABUENCA01-45_block_24,temporal_block,15.0,0.1322362274074131,0
TABUENCA01-45,2024-04-25 14:24:33.050000+00:00,not_walking,0,random_forest,24,TABUENCA01-45_block_24,temporal_block,15.0,0.1437402949643472,0
TABUENCA01-45,2024-04-25 14:24:37.010000+00:00,walking,1,random_forest,24,TABUENCA01-45_block_24,temporal_block,15.0,0.6968824215846452,1
TABUENCA01-45,2024-04-25 14:24:38.010000+00:00,walking,1,random_forest,24,TABUENCA01-45_block_24,temporal_block,15.0,0.6876468719495656,1
TABUENCA01-45,2024-04-25 14:24:39.010000+00:00,walking,1,random_forest,24,TABUENCA01-45_block_24,temporal_block,15.0,0.7343951897040988,1
TABUENCA01-45,2024-04-25 14:24:40.010000+00:00,walking,1,random_forest,24,TABUENCA01-45_block_24,temporal_block,15.0,0.6388904579640595,1
TABUENCA01-45,2024-04-25 14:24:41.010000+00:00,walking,1,random_forest,24,TABUENCA01-45_block_24,temporal_block,15.0,0.7524992327381805,1
TABUENCA01-45,2024-04-25 14:24:42.010000+00:00,walking,1,random_forest,24,TABUENCA01-45_block_24,temporal_block,15.0,0.7786014900485252,1
TABUENCA01-45,2024-04-25 14:24:43.010000+00:00,walking,1,random_forest,24,TABUENCA01-45_block_24,temporal_block,15.0,0.6696006053845336,1
TABUENCA01-45,2024-04-25 14:24:44.010000+00:00,walking,1,random_forest,24,TABUENCA01-45_block_24,temporal_block,15.0,0.641619045614592,1
TABUENCA01-45,2024-04-25 14:24:45.010000+00:00,walking,1,random_forest,24,TABUENCA01-45_block_24,temporal_block,15.0,0.5865891271712004,1
TABUENCA01-45,2024-04-25 14:24:46.010000+00:00,walking,1,random_forest,24,TABUENCA01-45_block_24,temporal_block,15.0,0.8078446278272228,1
TABUENCA01-45,2024-04-25 14:24:47.010000+00:00,walking,1,random_forest,24,TABUENCA01-45_block_24,temporal_block,15.0,0.6158430545762976,1
TABUENCA01-45,2024-04-25 14:24:48.010000+00:00,walking,1,random_forest,24,TABUENCA01-45_block_24,temporal_block,15.0,0.6427244500644793,1
TABUENCA01-45,2024-04-25 14:24:49.010000+00:00,walking,1,random_forest,24,TABUENCA01-45_block_24,temporal_block,15.0,0.6711224730442725,1
TABUENCA01-45,2024-04-25 14:24:50.010000+00:00,walking,1,random_forest,24,TABUENCA01-45_block_24,temporal_block,15.0,0.725068252023204,1
TABUENCA01-45,2024-04-25 14:24:51.010000+00:00,walking,1,random_forest,24,TABUENCA01-45_block_24,temporal_block,15.0,0.5242287869081728,1
TABUENCA01-45,2024-04-25 14:24:52.010000+00:00,walking,1,random_forest,24,TABUENCA01-45_block_24,temporal_block,15.0,0.7215359877782584,1
TABUENCA01-45,2024-04-25 14:24:53.010000+00:00,walking,1,random_forest,24,TABUENCA01-45_block_24,temporal_block,15.0,0.7104303565398541,1
TABUENCA01-45,2024-04-25 14:24:54.010000+00:00,walking,1,random_forest,24,TABUENCA01-45_block_24,temporal_block,15.0,0.6565023832553305,1
TABUENCA01-45,2024-04-25 14:24:55.010000+00:00,walking,1,random_forest,24,TABUENCA01-45_block_24,temporal_block,15.0,0.7314587703949454,1
TABUENCA01-45,2024-04-25 14:24:56.010000+00:00,walking,1,random_forest,24,TABUENCA01-45_block_24,temporal_block,15.0,0.572650619453903,1
TABUENCA01-45,2024-04-25 14:24:57.010000+00:00,walking,1,random_forest,24,TABUENCA01-45_block_24,temporal_block,15.0,0.7919999199292029,1
TABUENCA01-45,2024-04-25 14:24:58.010000+00:00,walking,1,random_forest,24,TABUENCA01-45_block_24,temporal_block,15.0,0.786484272973954,1
TABUENCA01-45,2024-04-25 14:24:59.010000+00:00,walking,1,random_forest,24,TABUENCA01-45_block_24,temporal_block,15.0,0.8213607937778626,1
TABUENCA01-45,2024-04-25 14:25:00.010000+00:00,walking,1,random_forest,24,TABUENCA01-45_block_24,temporal_block,15.0,0.7956472715905698,1
TABUENCA01-45,2024-04-25 14:25:01.010000+00:00,walking,1,random_forest,24,TABUENCA01-45_block_24,temporal_block,15.0,0.7735241328856581,1
TABUENCA01-45,2024-04-25 14:25:02.010000+00:00,walking,1,random_forest,24,TABUENCA01-45_block_24,temporal_block,15.0,0.703510136451015,1
TABUENCA01-45,2024-04-25 14:25:03.010000+00:00,walking,1,random_forest,24,TABUENCA01-45_block_24,temporal_block,15.0,0.7731229887142788,1
TABUENCA01-45,2024-04-25 14:25:04.010000+00:00,walking,1,random_forest,24,TABUENCA01-45_block_24,temporal_block,15.0,0.54975852075886,1
TABUENCA01-45,2024-04-25 14:25:05.010000+00:00,walking,1,random_forest,24,TABUENCA01-45_block_24,temporal_block,15.0,0.7713585573062083,1
TABUENCA01-45,2024-04-25 14:25:06.010000+00:00,walking,1,random_forest,24,TABUENCA01-45_block_24,temporal_block,15.0,0.6603468983197786,1
TABUENCA01-45,2024-04-25 14:25:07.010000+00:00,walking,1,random_forest,24,TABUENCA01-45_block_24,temporal_block,15.0,0.6276829644349873,1
TABUENCA01-45,2024-04-25 14:25:08.010000+00:00,walking,1,random_forest,24,TABUENCA01-45_block_24,temporal_block,15.0,0.8096753865854065,1
TABUENCA01-45,2024-04-25 14:25:09.010000+00:00,walking,1,random_forest,24,TABUENCA01-45_block_24,temporal_block,15.0,0.8378539242355998,1
TABUENCA01-45,2024-04-25 14:25:10.010000+00:00,walking,1,random_forest,24,TABUENCA01-45_block_24,temporal_block,15.0,0.8734874472924139,1
TABUENCA01-45,2024-04-25 14:25:11.010000+00:00,walking,1,random_forest,24,TABUENCA01-45_block_24,temporal_block,15.0,0.7792706939557053,1
TABUENCA01-45,2024-04-25 14:25:12.010000+00:00,walking,1,random_forest,24,TABUENCA01-45_block_24,temporal_block,15.0,0.6964116830615155,1
TABUENCA01-45,2024-04-25 14:25:13.010000+00:00,walking,1,random_forest,24,TABUENCA01-45_block_24,temporal_block,15.0,0.755456478022527,1
TABUENCA01-45,2024-04-25 14:25:14.010000+00:00,walking,1,random_forest,24,TABUENCA01-45_block_24,temporal_block,15.0,0.6366205551664831,1
TABUENCA01-45,2024-04-25 14:25:15.010000+00:00,walking,1,random_forest,24,TABUENCA01-45_block_24,temporal_block,15.0,0.7904078086944148,1
TABUENCA01-45,2024-04-25 14:25:16.010000+00:00,walking,1,random_forest,24,TABUENCA01-45_block_24,temporal_block,15.0,0.6292508679227162,1
TABUENCA01-45,2024-04-25 14:25:17.010000+00:00,walking,1,random_forest,24,TABUENCA01-45_block_24,temporal_block,15.0,0.5459922878543102,1
TABUENCA01-45,2024-04-25 14:25:18.010000+00:00,walking,1,random_forest,24,TABUENCA01-45_block_24,temporal_block,15.0,0.6238272340901738,1
TABUENCA01-45,2024-04-25 14:25:19.010000+00:00,walking,1,random_forest,24,TABUENCA01-45_block_24,temporal_block,15.0,0.7098932336492481,1
TABUENCA01-45,2024-04-25 14:25:20.010000+00:00,walking,1,random_forest,24,TABUENCA01-45_block_24,temporal_block,15.0,0.8356078172808914,1
TABUENCA01-45,2024-04-25 14:25:21.010000+00:00,walking,1,random_forest,24,TABUENCA01-45_block_24,temporal_block,15.0,0.7223675032178786,1
TABUENCA01-45,2024-04-25 14:25:22.010000+00:00,walking,1,random_forest,24,TABUENCA01-45_block_24,temporal_block,15.0,0.6756123047473104,1
TABUENCA01-45,2024-04-25 14:25:23.010000+00:00,walking,1,random_forest,24,TABUENCA01-45_block_24,temporal_block,15.0,0.6684968121061575,1
TABUENCA01-45,2024-04-25 14:25:24.010000+00:00,walking,1,random_forest,24,TABUENCA01-45_block_24,temporal_block,15.0,0.6772969401153833,1
TABUENCA01-45,2024-04-25 14:25:25.010000+00:00,walking,1,random_forest,24,TABUENCA01-45_block_24,temporal_block,15.0,0.7249569366047676,1
TABUENCA01-45,2024-04-25 14:25:26.010000+00:00,walking,1,random_forest,24,TABUENCA01-45_block_24,temporal_block,15.0,0.5422595021328024,1
TABUENCA01-45,2024-04-25 14:25:27.010000+00:00,walking,1,random_forest,24,TABUENCA01-45_block_24,temporal_block,15.0,0.6416018700433733,1
TABUENCA01-45,2024-04-25 14:25:28.010000+00:00,walking,1,random_forest,24,TABUENCA01-45_block_24,temporal_block,15.0,0.8995894230057762,1
TABUENCA01-45,2024-04-25 14:25:29.010000+00:00,walking,1,random_forest,24,TABUENCA01-45_block_24,temporal_block,15.0,0.8195054185987277,1
TABUENCA01-45,2024-04-25 14:25:30.010000+00:00,walking,1,random_forest,24,TABUENCA01-45_block_24,temporal_block,15.0,0.7252083890136489,1
TABUENCA01-45,2024-04-25 14:25:31.010000+00:00,walking,1,random_forest,24,TABUENCA01-45_block_24,temporal_block,15.0,0.8474458520347694,1
TABUENCA01-45,2024-04-25 14:25:32.010000+00:00,walking,1,random_forest,24,TABUENCA01-45_block_24,temporal_block,15.0,0.8060771782322679,1
TABUENCA01-45,2024-04-25 14:25:33.010000+00:00,walking,1,random_forest,24,TABUENCA01-45_block_24,temporal_block,15.0,0.6361207047879925,1
TABUENCA01-45,2024-04-25 14:25:34.010000+00:00,walking,1,random_forest,24,TABUENCA01-45_block_24,temporal_block,15.0,0.7348633803310051,1
TABUENCA01-45,2024-04-25 14:25:35.010000+00:00,walking,1,random_forest,24,TABUENCA01-45_block_24,temporal_block,15.0,0.6171954579179326,1
TABUENCA01-45,2024-04-25 14:25:36.010000+00:00,walking,1,random_forest,24,TABUENCA01-45_block_24,temporal_block,15.0,0.7484161952158109,1
TABUENCA01-45,2024-04-25 14:25:37.010000+00:00,walking,1,random_forest,24,TABUENCA01-45_block_24,temporal_block,15.0,0.5597172263203098,1
TABUENCA01-45,2024-04-25 14:25:38.010000+00:00,walking,1,random_forest,24,TABUENCA01-45_block_24,temporal_block,15.0,0.6661997984087632,1
TABUENCA01-45,2024-04-25 14:25:39.010000+00:00,walking,1,random_forest,24,TABUENCA01-45_block_24,temporal_block,15.0,0.8819551980006304,1
TABUENCA01-45,2024-04-25 14:25:40.010000+00:00,walking,1,random_forest,24,TABUENCA01-45_block_24,temporal_block,15.0,0.9054842531109721,1
TABUENCA01-45,2024-04-25 14:25:41.010000+00:00,walking,1,random_forest,24,TABUENCA01-45_block_24,temporal_block,15.0,0.924102953213548,1
TABUENCA01-45,2024-04-25 14:25:42.010000+00:00,walking,1,random_forest,24,TABUENCA01-45_block_24,temporal_block,15.0,0.9068191174704818,1
TABUENCA01-45,2024-04-25 14:38:57.020000+00:00,walking,1,random_forest,25,TABUENCA01-45_block_25,temporal_block,15.0,0.8157333593946798,1
TABUENCA01-45,2024-04-25 14:38:58.020000+00:00,walking,1,random_forest,25,TABUENCA01-45_block_25,temporal_block,15.0,0.9438357150486244,1
TABUENCA01-45,2024-04-25 14:38:59.020000+00:00,walking,1,random_forest,25,TABUENCA01-45_block_25,temporal_block,15.0,0.9557772254790323,1
TABUENCA01-45,2024-04-25 14:39:00.020000+00:00,walking,1,random_forest,25,TABUENCA01-45_block_25,temporal_block,15.0,0.9474720235993017,1
TABUENCA01-45,2024-04-25 14:39:01.020000+00:00,walking,1,random_forest,25,TABUENCA01-45_block_25,temporal_block,15.0,0.9684780261675403,1
TABUENCA01-45,2024-04-25 14:39:02.020000+00:00,walking,1,random_forest,25,TABUENCA01-45_block_25,temporal_block,15.0,0.9641781697402896,1
TABUENCA01-45,2024-04-25 14:39:03.020000+00:00,walking,1,random_forest,25,TABUENCA01-45_block_25,temporal_block,15.0,0.9762387674175854,1
TABUENCA01-45,2024-04-25 14:39:04.020000+00:00,walking,1,random_forest,25,TABUENCA01-45_block_25,temporal_block,15.0,0.96394272240419,1
TABUENCA01-45,2024-04-25 14:39:05.020000+00:00,walking,1,random_forest,25,TABUENCA01-45_block_25,temporal_block,15.0,0.9675141097363816,1
TABUENCA01-45,2024-04-25 14:39:06.020000+00:00,walking,1,random_forest,25,TABUENCA01-45_block_25,temporal_block,15.0,0.9643115773563516,1
TABUENCA01-45,2024-04-25 14:39:07.020000+00:00,walking,1,random_forest,25,TABUENCA01-45_block_25,temporal_block,15.0,0.9598616335962505,1
TABUENCA01-45,2024-04-25 14:39:08.020000+00:00,walking,1,random_forest,25,TABUENCA01-45_block_25,temporal_block,15.0,0.9526220521976884,1
TABUENCA01-45,2024-04-25 14:39:09.020000+00:00,walking,1,random_forest,25,TABUENCA01-45_block_25,temporal_block,15.0,0.97878401519,1
TABUENCA01-45,2024-04-25 14:39:10.020000+00:00,walking,1,random_forest,25,TABUENCA01-45_block_25,temporal_block,15.0,0.9684446460594706,1
TABUENCA01-45,2024-04-25 14:39:11.020000+00:00,walking,1,random_forest,25,TABUENCA01-45_block_25,temporal_block,15.0,0.9660321168760239,1
TABUENCA01-45,2024-04-25 14:39:12.020000+00:00,walking,1,random_forest,25,TABUENCA01-45_block_25,temporal_block,15.0,0.9753222208231519,1
TABUENCA01-45,2024-04-25 14:39:13.020000+00:00,walking,1,random_forest,25,TABUENCA01-45_block_25,temporal_block,15.0,0.9755761667832532,1
TABUENCA01-45,2024-04-25 14:39:14.020000+00:00,walking,1,random_forest,25,TABUENCA01-45_block_25,temporal_block,15.0,0.9675708837151232,1
TABUENCA01-45,2024-04-25 14:39:15.020000+00:00,walking,1,random_forest,25,TABUENCA01-45_block_25,temporal_block,15.0,0.9451117911874785,1
TABUENCA01-45,2024-04-25 14:39:16.020000+00:00,walking,1,random_forest,25,TABUENCA01-45_block_25,temporal_block,15.0,0.952114366516078,1
TABUENCA01-45,2024-04-25 14:39:17.020000+00:00,walking,1,random_forest,25,TABUENCA01-45_block_25,temporal_block,15.0,0.9633740938949469,1
TABUENCA01-45,2024-04-25 14:39:18.020000+00:00,walking,1,random_forest,25,TABUENCA01-45_block_25,temporal_block,15.0,0.8608014677665388,1
TABUENCA01-45,2024-04-25 14:39:19.020000+00:00,walking,1,random_forest,25,TABUENCA01-45_block_25,temporal_block,15.0,0.8515768618280246,1
TABUENCA01-45,2024-04-25 14:39:20.020000+00:00,walking,1,random_forest,25,TABUENCA01-45_block_25,temporal_block,15.0,0.919827840116471,1
TABUENCA01-45,2024-04-25 14:39:23.020000+00:00,not_walking,0,random_forest,25,TABUENCA01-45_block_25,temporal_block,15.0,0.297184131783084,0
TABUENCA01-45,2024-04-25 14:39:24.020000+00:00,not_walking,0,random_forest,25,TABUENCA01-45_block_25,temporal_block,15.0,0.06210757953312492,0
TABUENCA01-45,2024-04-25 14:39:25.020000+00:00,not_walking,0,random_forest,25,TABUENCA01-45_block_25,temporal_block,15.0,0.06443996209741587,0
TABUENCA01-45,2024-04-25 14:39:26.020000+00:00,not_walking,0,random_forest,25,TABUENCA01-45_block_25,temporal_block,15.0,0.03114734393380198,0
TABUENCA01-45,2024-04-25 14:39:27.020000+00:00,not_walking,0,random_forest,25,TABUENCA01-45_block_25,temporal_block,15.0,0.03736828007954781,0
TABUENCA01-45,2024-04-25 14:39:28.020000+00:00,not_walking,0,random_forest,25,TABUENCA01-45_block_25,temporal_block,15.0,0.039463270766154725,0
TABUENCA01-45,2024-04-25 14:39:29.020000+00:00,not_walking,0,random_forest,25,TABUENCA01-45_block_25,temporal_block,15.0,0.03080642380202787,0
TABUENCA01-45,2024-04-25 14:39:30.020000+00:00,not_walking,0,random_forest,25,TABUENCA01-45_block_25,temporal_block,15.0,0.03807702415187622,0
TABUENCA01-45,2024-04-25 14:39:33.020000+00:00,walking,1,random_forest,25,TABUENCA01-45_block_25,temporal_block,15.0,0.9098915152379967,1
TABUENCA01-45,2024-04-25 14:39:34.020000+00:00,walking,1,random_forest,25,TABUENCA01-45_block_25,temporal_block,15.0,0.948023414794283,1
TABUENCA01-45,2024-04-25 14:39:35.020000+00:00,walking,1,random_forest,25,TABUENCA01-45_block_25,temporal_block,15.0,0.9646427877666859,1
TABUENCA01-45,2024-04-25 14:39:36.020000+00:00,walking,1,random_forest,25,TABUENCA01-45_block_25,temporal_block,15.0,0.9598428071690623,1
TABUENCA01-45,2024-04-25 14:39:37.020000+00:00,walking,1,random_forest,25,TABUENCA01-45_block_25,temporal_block,15.0,0.9592430530777624,1
TABUENCA01-45,2024-04-25 14:39:38.020000+00:00,walking,1,random_forest,25,TABUENCA01-45_block_25,temporal_block,15.0,0.9630913108884641,1
TABUENCA01-45,2024-04-25 14:39:39.020000+00:00,walking,1,random_forest,25,TABUENCA01-45_block_25,temporal_block,15.0,0.973912566963094,1
TABUENCA01-45,2024-04-25 14:39:40.020000+00:00,walking,1,random_forest,25,TABUENCA01-45_block_25,temporal_block,15.0,0.9582509522285225,1
TABUENCA01-45,2024-04-25 14:39:41.020000+00:00,walking,1,random_forest,25,TABUENCA01-45_block_25,temporal_block,15.0,0.953516870697349,1
TABUENCA01-45,2024-04-25 14:39:42.020000+00:00,walking,1,random_forest,25,TABUENCA01-45_block_25,temporal_block,15.0,0.963544390663558,1
TABUENCA01-45,2024-04-25 14:39:43.020000+00:00,walking,1,random_forest,25,TABUENCA01-45_block_25,temporal_block,15.0,0.9606805001339864,1
TABUENCA01-45,2024-04-25 14:39:44.020000+00:00,walking,1,random_forest,25,TABUENCA01-45_block_25,temporal_block,15.0,0.9699303088028908,1
TABUENCA01-45,2024-04-25 14:39:45.020000+00:00,walking,1,random_forest,25,TABUENCA01-45_block_25,temporal_block,15.0,0.9665359590204982,1
TABUENCA01-45,2024-04-25 14:39:46.020000+00:00,walking,1,random_forest,25,TABUENCA01-45_block_25,temporal_block,15.0,0.9645027914572412,1
TABUENCA01-45,2024-04-25 14:39:47.020000+00:00,walking,1,random_forest,25,TABUENCA01-45_block_25,temporal_block,15.0,0.9693992410366494,1
TABUENCA01-45,2024-04-25 14:39:48.020000+00:00,walking,1,random_forest,25,TABUENCA01-45_block_25,temporal_block,15.0,0.9597233103740801,1
TABUENCA01-45,2024-04-25 14:39:49.020000+00:00,walking,1,random_forest,25,TABUENCA01-45_block_25,temporal_block,15.0,0.9598299767628291,1
TABUENCA01-45,2024-04-25 14:39:50.020000+00:00,walking,1,random_forest,25,TABUENCA01-45_block_25,temporal_block,15.0,0.9564786430865156,1
TABUENCA01-45,2024-04-25 14:39:51.020000+00:00,walking,1,random_forest,25,TABUENCA01-45_block_25,temporal_block,15.0,0.9632576439800294,1
TABUENCA01-45,2024-04-25 14:39:52.020000+00:00,walking,1,random_forest,25,TABUENCA01-45_block_25,temporal_block,15.0,0.9619770921312266,1
TABUENCA01-45,2024-04-25 14:39:53.020000+00:00,walking,1,random_forest,25,TABUENCA01-45_block_25,temporal_block,15.0,0.9605163697345322,1
TABUENCA01-45,2024-04-25 14:39:54.020000+00:00,walking,1,random_forest,25,TABUENCA01-45_block_25,temporal_block,15.0,0.9709548208173413,1
TABUENCA01-45,2024-04-25 14:39:55.020000+00:00,walking,1,random_forest,25,TABUENCA01-45_block_25,temporal_block,15.0,0.9682743278966501,1
TABUENCA01-45,2024-04-25 14:39:56.020000+00:00,walking,1,random_forest,25,TABUENCA01-45_block_25,temporal_block,15.0,0.9633946606837871,1
TABUENCA01-45,2024-04-25 14:39:57.020000+00:00,walking,1,random_forest,25,TABUENCA01-45_block_25,temporal_block,15.0,0.9649681749273729,1
TABUENCA01-45,2024-04-25 14:39:58.020000+00:00,walking,1,random_forest,25,TABUENCA01-45_block_25,temporal_block,15.0,0.9715232610900288,1
TABUENCA01-45,2024-04-25 14:39:59.020000+00:00,walking,1,random_forest,25,TABUENCA01-45_block_25,temporal_block,15.0,0.970103072629887,1
TABUENCA01-45,2024-04-25 14:40:00.020000+00:00,walking,1,random_forest,25,TABUENCA01-45_block_25,temporal_block,15.0,0.962914441005623,1
TABUENCA01-45,2024-04-25 14:40:01.020000+00:00,walking,1,random_forest,25,TABUENCA01-45_block_25,temporal_block,15.0,0.875540607396566,1
TABUENCA01-45,2024-04-25 14:40:02.020000+00:00,walking,1,random_forest,25,TABUENCA01-45_block_25,temporal_block,15.0,0.9569748178600493,1
TABUENCA01-45,2024-04-25 14:40:03.020000+00:00,walking,1,random_forest,25,TABUENCA01-45_block_25,temporal_block,15.0,0.9618790438069658,1
TABUENCA01-45,2024-04-25 14:40:04.020000+00:00,walking,1,random_forest,25,TABUENCA01-45_block_25,temporal_block,15.0,0.9762903620327207,1
TABUENCA01-45,2024-04-25 14:40:05.020000+00:00,walking,1,random_forest,25,TABUENCA01-45_block_25,temporal_block,15.0,0.9647656749251076,1
TABUENCA01-45,2024-04-25 14:40:06.020000+00:00,walking,1,random_forest,25,TABUENCA01-45_block_25,temporal_block,15.0,0.9566764845567042,1
TABUENCA01-45,2024-04-25 14:40:07.020000+00:00,walking,1,random_forest,25,TABUENCA01-45_block_25,temporal_block,15.0,0.9505154326540484,1
TABUENCA01-45,2024-04-25 14:40:08.020000+00:00,walking,1,random_forest,25,TABUENCA01-45_block_25,temporal_block,15.0,0.955765298318323,1
TABUENCA01-45,2024-04-25 14:40:09.020000+00:00,walking,1,random_forest,25,TABUENCA01-45_block_25,temporal_block,15.0,0.9362167650362548,1
TABUENCA01-45,2024-04-25 14:40:10.020000+00:00,walking,1,random_forest,25,TABUENCA01-45_block_25,temporal_block,15.0,0.9553565271749294,1
TABUENCA01-45,2024-04-25 14:40:11.020000+00:00,walking,1,random_forest,25,TABUENCA01-45_block_25,temporal_block,15.0,0.9699951733536791,1
TABUENCA01-45,2024-04-25 14:40:12.020000+00:00,walking,1,random_forest,25,TABUENCA01-45_block_25,temporal_block,15.0,0.9396776644120911,1
TABUENCA01-45,2024-04-25 14:40:13.020000+00:00,walking,1,random_forest,25,TABUENCA01-45_block_25,temporal_block,15.0,0.964104491136936,1
TABUENCA01-45,2024-04-25 14:40:14.020000+00:00,walking,1,random_forest,25,TABUENCA01-45_block_25,temporal_block,15.0,0.9507852348872509,1
TABUENCA01-45,2024-04-25 14:40:15.020000+00:00,walking,1,random_forest,25,TABUENCA01-45_block_25,temporal_block,15.0,0.9645405272309941,1
TABUENCA01-45,2024-04-25 14:40:16.020000+00:00,walking,1,random_forest,25,TABUENCA01-45_block_25,temporal_block,15.0,0.9669040998434819,1
TABUENCA01-45,2024-04-25 14:40:17.020000+00:00,walking,1,random_forest,25,TABUENCA01-45_block_25,temporal_block,15.0,0.9533878257603349,1
TABUENCA01-45,2024-04-25 14:40:18.020000+00:00,walking,1,random_forest,25,TABUENCA01-45_block_25,temporal_block,15.0,0.9481605578073972,1
TABUENCA01-45,2024-04-25 14:40:19.020000+00:00,walking,1,random_forest,25,TABUENCA01-45_block_25,temporal_block,15.0,0.898042020009251,1
TABUENCA01-45,2024-04-25 14:40:20.020000+00:00,walking,1,random_forest,25,TABUENCA01-45_block_25,temporal_block,15.0,0.9074731038508681,1
TABUENCA01-45,2024-04-25 14:40:21.020000+00:00,walking,1,random_forest,25,TABUENCA01-45_block_25,temporal_block,15.0,0.9641624334758431,1
TABUENCA01-45,2024-04-25 14:40:22.020000+00:00,walking,1,random_forest,25,TABUENCA01-45_block_25,temporal_block,15.0,0.9469755385748886,1
TABUENCA01-45,2024-04-25 14:40:23.020000+00:00,walking,1,random_forest,25,TABUENCA01-45_block_25,temporal_block,15.0,0.9492574461574712,1
TABUENCA01-45,2024-04-25 14:40:24.020000+00:00,walking,1,random_forest,25,TABUENCA01-45_block_25,temporal_block,15.0,0.960542953263354,1
TABUENCA01-45,2024-04-25 14:40:25.020000+00:00,walking,1,random_forest,25,TABUENCA01-45_block_25,temporal_block,15.0,0.9143687386493508,1
TABUENCA01-45,2024-04-25 14:40:26.020000+00:00,walking,1,random_forest,25,TABUENCA01-45_block_25,temporal_block,15.0,0.9638603470600277,1
TABUENCA01-45,2024-04-25 14:40:27.020000+00:00,walking,1,random_forest,25,TABUENCA01-45_block_25,temporal_block,15.0,0.9539645554114541,1
TABUENCA01-45,2024-04-25 14:40:28.020000+00:00,walking,1,random_forest,25,TABUENCA01-45_block_25,temporal_block,15.0,0.9532532135004987,1
TABUENCA01-45,2024-04-25 14:40:29.020000+00:00,walking,1,random_forest,25,TABUENCA01-45_block_25,temporal_block,15.0,0.9490295659099456,1
TABUENCA01-45,2024-04-25 14:40:30.020000+00:00,walking,1,random_forest,25,TABUENCA01-45_block_25,temporal_block,15.0,0.9768512467537351,1
TABUENCA01-45,2024-04-25 14:40:31.020000+00:00,walking,1,random_forest,25,TABUENCA01-45_block_25,temporal_block,15.0,0.9562738282916617,1
TABUENCA01-45,2024-04-25 14:40:32.020000+00:00,walking,1,random_forest,25,TABUENCA01-45_block_25,temporal_block,15.0,0.9140701081332961,1
TABUENCA01-45,2024-04-25 14:40:33.020000+00:00,walking,1,random_forest,25,TABUENCA01-45_block_25,temporal_block,15.0,0.9557741893970075,1
TABUENCA01-45,2024-04-25 14:40:34.020000+00:00,walking,1,random_forest,25,TABUENCA01-45_block_25,temporal_block,15.0,0.9623989781667414,1
TABUENCA01-45,2024-04-25 14:40:35.020000+00:00,walking,1,random_forest,25,TABUENCA01-45_block_25,temporal_block,15.0,0.978928488234805,1
TABUENCA01-45,2024-04-25 14:40:36.020000+00:00,walking,1,random_forest,25,TABUENCA01-45_block_25,temporal_block,15.0,0.9591934354394482,1
TABUENCA01-45,2024-04-25 14:40:37.020000+00:00,walking,1,random_forest,25,TABUENCA01-45_block_25,temporal_block,15.0,0.9620576303940093,1
TABUENCA01-45,2024-04-25 14:40:38.020000+00:00,walking,1,random_forest,25,TABUENCA01-45_block_25,temporal_block,15.0,0.9630561451052667,1
TABUENCA01-45,2024-04-25 14:40:39.020000+00:00,walking,1,random_forest,25,TABUENCA01-45_block_25,temporal_block,15.0,0.9581712631540488,1
TABUENCA01-45,2024-04-25 14:40:40.020000+00:00,walking,1,random_forest,25,TABUENCA01-45_block_25,temporal_block,15.0,0.9744714976637101,1
TABUENCA01-45,2024-04-25 14:40:41.020000+00:00,walking,1,random_forest,25,TABUENCA01-45_block_25,temporal_block,15.0,0.9626783965090878,1
TABUENCA01-45,2024-04-25 14:40:42.020000+00:00,walking,1,random_forest,25,TABUENCA01-45_block_25,temporal_block,15.0,0.9735672393589505,1
TABUENCA01-45,2024-04-25 14:40:43.020000+00:00,walking,1,random_forest,25,TABUENCA01-45_block_25,temporal_block,15.0,0.9645132060050292,1
TABUENCA01-45,2024-04-25 14:40:44.020000+00:00,walking,1,random_forest,25,TABUENCA01-45_block_25,temporal_block,15.0,0.9583618561058121,1
TABUENCA01-45,2024-04-25 14:40:45.020000+00:00,walking,1,random_forest,25,TABUENCA01-45_block_25,temporal_block,15.0,0.955076313031606,1
TABUENCA01-45,2024-04-25 14:40:46.020000+00:00,walking,1,random_forest,25,TABUENCA01-45_block_25,temporal_block,15.0,0.9722690627484211,1
TABUENCA01-45,2024-04-25 14:40:47.020000+00:00,walking,1,random_forest,25,TABUENCA01-45_block_25,temporal_block,15.0,0.9529648820062876,1
TABUENCA01-45,2024-04-25 14:40:48.020000+00:00,walking,1,random_forest,25,TABUENCA01-45_block_25,temporal_block,15.0,0.9629646624509517,1
TABUENCA01-45,2024-04-25 14:40:49.020000+00:00,walking,1,random_forest,25,TABUENCA01-45_block_25,temporal_block,15.0,0.9638436529945492,1
TABUENCA01-45,2024-04-25 14:40:50.020000+00:00,walking,1,random_forest,25,TABUENCA01-45_block_25,temporal_block,15.0,0.9786817136413823,1
TABUENCA01-45,2024-04-25 14:40:51.020000+00:00,walking,1,random_forest,25,TABUENCA01-45_block_25,temporal_block,15.0,0.9653763647160707,1
TABUENCA01-45,2024-04-25 14:40:52.020000+00:00,walking,1,random_forest,25,TABUENCA01-45_block_25,temporal_block,15.0,0.9588112579896064,1
TABUENCA01-45,2024-04-25 14:40:53.020000+00:00,walking,1,random_forest,25,TABUENCA01-45_block_25,temporal_block,15.0,0.9594419786617675,1
TABUENCA01-45,2024-04-25 14:40:54.020000+00:00,walking,1,random_forest,25,TABUENCA01-45_block_25,temporal_block,15.0,0.9706253187570252,1
TABUENCA01-45,2024-04-25 14:40:55.020000+00:00,walking,1,random_forest,25,TABUENCA01-45_block_25,temporal_block,15.0,0.9643621997013946,1
TABUENCA01-45,2024-04-25 14:40:56.020000+00:00,walking,1,random_forest,25,TABUENCA01-45_block_25,temporal_block,15.0,0.957233873024899,1
TABUENCA01-45,2024-04-25 14:40:57.020000+00:00,walking,1,random_forest,25,TABUENCA01-45_block_25,temporal_block,15.0,0.9780769801276654,1
TABUENCA01-45,2024-04-25 14:40:58.020000+00:00,walking,1,random_forest,25,TABUENCA01-45_block_25,temporal_block,15.0,0.976139205373045,1
TABUENCA01-45,2024-04-25 14:40:59.020000+00:00,walking,1,random_forest,25,TABUENCA01-45_block_25,temporal_block,15.0,0.9730834444725486,1
TABUENCA01-45,2024-04-25 14:41:00.020000+00:00,walking,1,random_forest,25,TABUENCA01-45_block_25,temporal_block,15.0,0.9542180136362447,1
TABUENCA01-45,2024-04-25 14:41:01.020000+00:00,walking,1,random_forest,25,TABUENCA01-45_block_25,temporal_block,15.0,0.9770362143383132,1
TABUENCA01-45,2024-04-25 14:41:02.020000+00:00,walking,1,random_forest,25,TABUENCA01-45_block_25,temporal_block,15.0,0.9729926275833746,1
TABUENCA01-45,2024-04-25 14:41:03.020000+00:00,walking,1,random_forest,25,TABUENCA01-45_block_25,temporal_block,15.0,0.9694175187873952,1
TABUENCA01-45,2024-04-25 14:41:04.020000+00:00,walking,1,random_forest,25,TABUENCA01-45_block_25,temporal_block,15.0,0.9752757042301562,1
TABUENCA01-45,2024-04-25 14:41:05.020000+00:00,walking,1,random_forest,25,TABUENCA01-45_block_25,temporal_block,15.0,0.9638771861234477,1
TABUENCA01-45,2024-04-25 14:41:06.020000+00:00,walking,1,random_forest,25,TABUENCA01-45_block_25,temporal_block,15.0,0.9754701176092823,1
TABUENCA01-45,2024-04-25 14:41:07.020000+00:00,walking,1,random_forest,25,TABUENCA01-45_block_25,temporal_block,15.0,0.976055423428612,1
TABUENCA01-45,2024-04-25 14:41:08.020000+00:00,walking,1,random_forest,25,TABUENCA01-45_block_25,temporal_block,15.0,0.9542082601685548,1
TABUENCA01-45,2024-04-25 14:41:09.020000+00:00,walking,1,random_forest,25,TABUENCA01-45_block_25,temporal_block,15.0,0.9355857863357695,1
TABUENCA01-45,2024-04-25 14:41:10.020000+00:00,walking,1,random_forest,25,TABUENCA01-45_block_25,temporal_block,15.0,0.9708705095654695,1
TABUENCA01-45,2024-04-25 14:41:11.020000+00:00,walking,1,random_forest,25,TABUENCA01-45_block_25,temporal_block,15.0,0.9564157444938016,1
TABUENCA01-45,2024-04-25 14:41:12.020000+00:00,walking,1,random_forest,25,TABUENCA01-45_block_25,temporal_block,15.0,0.9589964635061343,1
TABUENCA01-45,2024-04-25 14:41:13.020000+00:00,walking,1,random_forest,25,TABUENCA01-45_block_25,temporal_block,15.0,0.966148604967013,1
TABUENCA01-45,2024-04-25 14:41:14.020000+00:00,walking,1,random_forest,25,TABUENCA01-45_block_25,temporal_block,15.0,0.9584205791329966,1
TABUENCA01-45,2024-04-25 14:41:15.020000+00:00,walking,1,random_forest,25,TABUENCA01-45_block_25,temporal_block,15.0,0.9655566405474402,1
TABUENCA01-45,2024-04-25 14:41:16.020000+00:00,walking,1,random_forest,25,TABUENCA01-45_block_25,temporal_block,15.0,0.9791587797455441,1
TABUENCA01-45,2024-04-25 14:41:17.020000+00:00,walking,1,random_forest,25,TABUENCA01-45_block_25,temporal_block,15.0,0.9684804335426924,1
TABUENCA01-45,2024-04-25 14:41:18.020000+00:00,walking,1,random_forest,25,TABUENCA01-45_block_25,temporal_block,15.0,0.9658790239867752,1
TABUENCA01-45,2024-04-25 14:41:19.020000+00:00,walking,1,random_forest,25,TABUENCA01-45_block_25,temporal_block,15.0,0.9674577358061726,1
TABUENCA01-45,2024-04-25 14:41:20.020000+00:00,walking,1,random_forest,25,TABUENCA01-45_block_25,temporal_block,15.0,0.9741284156329116,1
TABUENCA01-45,2024-04-25 14:41:21.020000+00:00,walking,1,random_forest,25,TABUENCA01-45_block_25,temporal_block,15.0,0.9721245971711626,1
TABUENCA01-45,2024-04-25 14:41:22.020000+00:00,walking,1,random_forest,25,TABUENCA01-45_block_25,temporal_block,15.0,0.9660617404403495,1
TABUENCA01-45,2024-04-25 14:41:23.020000+00:00,walking,1,random_forest,25,TABUENCA01-45_block_25,temporal_block,15.0,0.9505006336144356,1
TABUENCA01-45,2024-04-25 14:41:24.020000+00:00,walking,1,random_forest,25,TABUENCA01-45_block_25,temporal_block,15.0,0.966228501576115,1
TABUENCA01-45,2024-04-25 14:41:25.020000+00:00,walking,1,random_forest,25,TABUENCA01-45_block_25,temporal_block,15.0,0.968317774664161,1
TABUENCA01-45,2024-04-25 14:41:26.020000+00:00,walking,1,random_forest,25,TABUENCA01-45_block_25,temporal_block,15.0,0.9621599211049513,1
TABUENCA01-45,2024-04-25 14:41:27.020000+00:00,walking,1,random_forest,25,TABUENCA01-45_block_25,temporal_block,15.0,0.9607180966957524,1
TABUENCA01-45,2024-04-25 14:41:28.020000+00:00,walking,1,random_forest,25,TABUENCA01-45_block_25,temporal_block,15.0,0.9795261166442136,1
TABUENCA01-45,2024-04-25 14:41:29.020000+00:00,walking,1,random_forest,25,TABUENCA01-45_block_25,temporal_block,15.0,0.9663433003561427,1
TABUENCA01-45,2024-04-25 14:41:30.020000+00:00,walking,1,random_forest,25,TABUENCA01-45_block_25,temporal_block,15.0,0.9697672139627787,1
TABUENCA01-45,2024-04-25 14:41:31.020000+00:00,walking,1,random_forest,25,TABUENCA01-45_block_25,temporal_block,15.0,0.9494070910129375,1
TABUENCA01-45,2024-04-25 14:41:32.020000+00:00,walking,1,random_forest,25,TABUENCA01-45_block_25,temporal_block,15.0,0.962156482888236,1
TABUENCA01-45,2024-04-25 14:41:35.030000+00:00,not_walking,0,random_forest,25,TABUENCA01-45_block_25,temporal_block,15.0,0.09935596016140075,0
TABUENCA01-45,2024-04-25 14:41:36.030000+00:00,not_walking,0,random_forest,25,TABUENCA01-45_block_25,temporal_block,15.0,0.14529621698738773,0
TABUENCA01-45,2024-04-25 14:41:37.030000+00:00,not_walking,0,random_forest,25,TABUENCA01-45_block_25,temporal_block,15.0,0.11206771004977717,0
TABUENCA01-45,2024-04-25 14:41:38.030000+00:00,not_walking,0,random_forest,25,TABUENCA01-45_block_25,temporal_block,15.0,0.18383056677159595,0
TABUENCA01-45,2024-04-25 14:41:39.030000+00:00,not_walking,0,random_forest,25,TABUENCA01-45_block_25,temporal_block,15.0,0.08342891324605335,0
TABUENCA01-45,2024-04-25 14:41:40.030000+00:00,not_walking,0,random_forest,25,TABUENCA01-45_block_25,temporal_block,15.0,0.05172723008731401,0
TABUENCA01-45,2024-04-25 14:41:41.030000+00:00,not_walking,0,random_forest,25,TABUENCA01-45_block_25,temporal_block,15.0,0.04719018212179485,0
TABUENCA01-45,2024-04-25 14:41:42.030000+00:00,not_walking,0,random_forest,25,TABUENCA01-45_block_25,temporal_block,15.0,0.05143424948314307,0
TABUENCA01-45,2024-04-25 14:41:43.030000+00:00,not_walking,0,random_forest,25,TABUENCA01-45_block_25,temporal_block,15.0,0.0804934817033933,0
TABUENCA01-45,2024-04-25 14:41:44.030000+00:00,not_walking,0,random_forest,25,TABUENCA01-45_block_25,temporal_block,15.0,0.10215179729493774,0
TABUENCA01-45,2024-04-25 14:41:45.030000+00:00,not_walking,0,random_forest,25,TABUENCA01-45_block_25,temporal_block,15.0,0.15767666037050707,0
TABUENCA01-45,2024-04-25 14:41:46.030000+00:00,not_walking,0,random_forest,25,TABUENCA01-45_block_25,temporal_block,15.0,0.22724854940119077,0
TABUENCA01-45,2024-04-25 14:41:47.030000+00:00,not_walking,0,random_forest,25,TABUENCA01-45_block_25,temporal_block,15.0,0.07737623234999924,0
TABUENCA01-45,2024-04-25 14:41:48.030000+00:00,not_walking,0,random_forest,25,TABUENCA01-45_block_25,temporal_block,15.0,0.11247381975196324,0
TABUENCA01-45,2024-04-25 14:41:49.030000+00:00,not_walking,0,random_forest,25,TABUENCA01-45_block_25,temporal_block,15.0,0.07285000099750803,0
TABUENCA01-45,2024-04-25 14:41:50.030000+00:00,not_walking,0,random_forest,25,TABUENCA01-45_block_25,temporal_block,15.0,0.1430005053012223,0
TABUENCA01-45,2024-04-25 14:41:51.030000+00:00,not_walking,0,random_forest,25,TABUENCA01-45_block_25,temporal_block,15.0,0.06781376221326385,0
TABUENCA01-45,2024-04-25 14:41:52.030000+00:00,not_walking,0,random_forest,25,TABUENCA01-45_block_25,temporal_block,15.0,0.07367785936868,0
TABUENCA01-45,2024-04-25 14:41:53.030000+00:00,not_walking,0,random_forest,25,TABUENCA01-45_block_25,temporal_block,15.0,0.19089337091998637,0
TABUENCA01-45,2024-04-25 14:41:54.030000+00:00,not_walking,0,random_forest,25,TABUENCA01-45_block_25,temporal_block,15.0,0.13940250299976648,0
TABUENCA01-45,2024-04-25 14:41:55.030000+00:00,not_walking,0,random_forest,25,TABUENCA01-45_block_25,temporal_block,15.0,0.09781778687683092,0
TABUENCA01-45,2024-04-25 14:41:56.030000+00:00,not_walking,0,random_forest,25,TABUENCA01-45_block_25,temporal_block,15.0,0.04563196948118805,0
TABUENCA01-45,2024-04-25 14:41:57.030000+00:00,not_walking,0,random_forest,25,TABUENCA01-45_block_25,temporal_block,15.0,0.03757378412932179,0
TABUENCA01-45,2024-04-25 14:41:58.030000+00:00,not_walking,0,random_forest,25,TABUENCA01-45_block_25,temporal_block,15.0,0.061313236146154144,0
TABUENCA01-45,2024-04-25 14:41:59.030000+00:00,not_walking,0,random_forest,25,TABUENCA01-45_block_25,temporal_block,15.0,0.09069909854142055,0
TABUENCA01-45,2024-04-25 14:42:03.010000+00:00,walking,1,random_forest,25,TABUENCA01-45_block_25,temporal_block,15.0,0.8838222171946398,1
TABUENCA01-45,2024-04-25 14:42:04.010000+00:00,walking,1,random_forest,25,TABUENCA01-45_block_25,temporal_block,15.0,0.945293048701534,1
TABUENCA01-45,2024-04-25 14:42:05.010000+00:00,walking,1,random_forest,25,TABUENCA01-45_block_25,temporal_block,15.0,0.9194111049428378,1
TABUENCA01-45,2024-04-25 14:42:06.010000+00:00,walking,1,random_forest,25,TABUENCA01-45_block_25,temporal_block,15.0,0.9505686363827622,1
TABUENCA01-45,2024-04-25 14:42:07.010000+00:00,walking,1,random_forest,25,TABUENCA01-45_block_25,temporal_block,15.0,0.9537360133570526,1
TABUENCA01-45,2024-04-25 14:42:08.010000+00:00,walking,1,random_forest,25,TABUENCA01-45_block_25,temporal_block,15.0,0.9316687962686757,1
TABUENCA01-45,2024-04-25 14:42:09.010000+00:00,walking,1,random_forest,25,TABUENCA01-45_block_25,temporal_block,15.0,0.9434342098697662,1
TABUENCA01-45,2024-04-25 14:42:10.010000+00:00,walking,1,random_forest,25,TABUENCA01-45_block_25,temporal_block,15.0,0.9643341829537472,1
TABUENCA01-45,2024-04-25 14:42:11.010000+00:00,walking,1,random_forest,25,TABUENCA01-45_block_25,temporal_block,15.0,0.9487974291894189,1
TABUENCA01-45,2024-04-25 14:42:12.010000+00:00,walking,1,random_forest,25,TABUENCA01-45_block_25,temporal_block,15.0,0.9024776584025265,1
TABUENCA01-45,2024-04-25 14:42:13.010000+00:00,walking,1,random_forest,25,TABUENCA01-45_block_25,temporal_block,15.0,0.9583258482452556,1
TABUENCA01-45,2024-04-25 14:42:14.010000+00:00,walking,1,random_forest,25,TABUENCA01-45_block_25,temporal_block,15.0,0.9698342693441724,1
TABUENCA01-45,2024-04-25 14:42:15.010000+00:00,walking,1,random_forest,25,TABUENCA01-45_block_25,temporal_block,15.0,0.9505954922597457,1
TABUENCA01-45,2024-04-25 14:42:16.010000+00:00,walking,1,random_forest,25,TABUENCA01-45_block_25,temporal_block,15.0,0.9675159210508495,1
TABUENCA01-45,2024-04-25 14:42:17.010000+00:00,walking,1,random_forest,25,TABUENCA01-45_block_25,temporal_block,15.0,0.9577928468733667,1
TABUENCA01-45,2024-04-25 14:42:18.010000+00:00,walking,1,random_forest,25,TABUENCA01-45_block_25,temporal_block,15.0,0.9157461612872348,1
TABUENCA01-45,2024-04-25 14:42:19.010000+00:00,walking,1,random_forest,25,TABUENCA01-45_block_25,temporal_block,15.0,0.9667818151832396,1
TABUENCA01-45,2024-04-25 14:42:20.010000+00:00,walking,1,random_forest,25,TABUENCA01-45_block_25,temporal_block,15.0,0.961372506399807,1
TABUENCA01-45,2024-04-25 14:42:21.010000+00:00,walking,1,random_forest,25,TABUENCA01-45_block_25,temporal_block,15.0,0.9256958084517535,1
TABUENCA01-45,2024-04-25 14:42:22.010000+00:00,walking,1,random_forest,25,TABUENCA01-45_block_25,temporal_block,15.0,0.9172497950914338,1
TABUENCA01-45,2024-04-25 14:42:23.010000+00:00,walking,1,random_forest,25,TABUENCA01-45_block_25,temporal_block,15.0,0.965905039791925,1
TABUENCA01-45,2024-04-25 14:42:24.010000+00:00,walking,1,random_forest,25,TABUENCA01-45_block_25,temporal_block,15.0,0.9568800257871349,1
TABUENCA01-45,2024-04-25 14:42:25.010000+00:00,walking,1,random_forest,25,TABUENCA01-45_block_25,temporal_block,15.0,0.9572279981868828,1
TABUENCA01-45,2024-04-25 14:42:26.010000+00:00,walking,1,random_forest,25,TABUENCA01-45_block_25,temporal_block,15.0,0.9567241661189008,1
TABUENCA01-45,2024-04-25 14:42:27.010000+00:00,walking,1,random_forest,25,TABUENCA01-45_block_25,temporal_block,15.0,0.9584185769397788,1
TABUENCA01-45,2024-04-25 14:42:28.010000+00:00,walking,1,random_forest,25,TABUENCA01-45_block_25,temporal_block,15.0,0.9418680222244021,1
TABUENCA01-45,2024-04-25 14:42:29.010000+00:00,walking,1,random_forest,25,TABUENCA01-45_block_25,temporal_block,15.0,0.9537404342311612,1
TABUENCA01-45,2024-04-25 14:42:30.010000+00:00,walking,1,random_forest,25,TABUENCA01-45_block_25,temporal_block,15.0,0.9433425144229978,1
TABUENCA01-45,2024-04-25 14:42:31.010000+00:00,walking,1,random_forest,25,TABUENCA01-45_block_25,temporal_block,15.0,0.9602649643511245,1
TABUENCA01-45,2024-04-25 14:42:32.010000+00:00,walking,1,random_forest,25,TABUENCA01-45_block_25,temporal_block,15.0,0.9591815984836446,1
TABUENCA01-45,2024-04-25 14:42:33.010000+00:00,walking,1,random_forest,25,TABUENCA01-45_block_25,temporal_block,15.0,0.9627938613831666,1
TABUENCA01-45,2024-04-25 14:42:34.010000+00:00,walking,1,random_forest,25,TABUENCA01-45_block_25,temporal_block,15.0,0.9596500296726399,1
TABUENCA01-45,2024-04-25 14:42:35.010000+00:00,walking,1,random_forest,25,TABUENCA01-45_block_25,temporal_block,15.0,0.974453943209512,1
TABUENCA01-45,2024-04-25 14:42:36.010000+00:00,walking,1,random_forest,25,TABUENCA01-45_block_25,temporal_block,15.0,0.955404577477892,1
TABUENCA01-45,2024-04-25 14:42:37.010000+00:00,walking,1,random_forest,25,TABUENCA01-45_block_25,temporal_block,15.0,0.9581142545231237,1
TABUENCA01-45,2024-04-25 14:42:38.010000+00:00,walking,1,random_forest,25,TABUENCA01-45_block_25,temporal_block,15.0,0.966166106893059,1
TABUENCA01-45,2024-04-25 14:42:39.010000+00:00,walking,1,random_forest,25,TABUENCA01-45_block_25,temporal_block,15.0,0.9618858679571454,1
TABUENCA01-45,2024-04-25 14:42:40.010000+00:00,walking,1,random_forest,25,TABUENCA01-45_block_25,temporal_block,15.0,0.9640847643367366,1
TABUENCA01-45,2024-04-25 14:42:41.010000+00:00,walking,1,random_forest,25,TABUENCA01-45_block_25,temporal_block,15.0,0.965043097559877,1
TABUENCA01-45,2024-04-25 14:42:42.010000+00:00,walking,1,random_forest,25,TABUENCA01-45_block_25,temporal_block,15.0,0.9676359484828073,1
TABUENCA01-45,2024-04-25 14:42:43.010000+00:00,walking,1,random_forest,25,TABUENCA01-45_block_25,temporal_block,15.0,0.9588766819740293,1
TABUENCA01-45,2024-04-25 14:42:44.010000+00:00,walking,1,random_forest,25,TABUENCA01-45_block_25,temporal_block,15.0,0.9653210397764413,1
TABUENCA01-45,2024-04-25 14:42:45.010000+00:00,walking,1,random_forest,25,TABUENCA01-45_block_25,temporal_block,15.0,0.9474498623566691,1
TABUENCA01-45,2024-04-25 14:42:46.010000+00:00,walking,1,random_forest,25,TABUENCA01-45_block_25,temporal_block,15.0,0.9670514048490727,1
TABUENCA01-45,2024-04-25 14:42:47.010000+00:00,walking,1,random_forest,25,TABUENCA01-45_block_25,temporal_block,15.0,0.9671696559243421,1
TABUENCA01-45,2024-04-25 14:42:48.010000+00:00,walking,1,random_forest,25,TABUENCA01-45_block_25,temporal_block,15.0,0.9444396638289302,1
TABUENCA01-45,2024-04-25 14:42:49.010000+00:00,walking,1,random_forest,25,TABUENCA01-45_block_25,temporal_block,15.0,0.8319412767274671,1
TABUENCA01-45,2024-04-25 14:42:50.010000+00:00,walking,1,random_forest,25,TABUENCA01-45_block_25,temporal_block,15.0,0.8384186481202975,1
TABUENCA01-45,2024-04-25 14:42:51.010000+00:00,walking,1,random_forest,25,TABUENCA01-45_block_25,temporal_block,15.0,0.9452464241904168,1
TABUENCA01-45,2024-04-25 14:42:52.010000+00:00,walking,1,random_forest,25,TABUENCA01-45_block_25,temporal_block,15.0,0.9543096717396863,1
TABUENCA01-45,2024-04-25 14:42:53.010000+00:00,walking,1,random_forest,25,TABUENCA01-45_block_25,temporal_block,15.0,0.9572070540844289,1
TABUENCA01-45,2024-04-25 14:42:54.010000+00:00,walking,1,random_forest,25,TABUENCA01-45_block_25,temporal_block,15.0,0.9680058563854462,1
TABUENCA01-45,2024-04-25 14:42:55.010000+00:00,walking,1,random_forest,25,TABUENCA01-45_block_25,temporal_block,15.0,0.9639737937324122,1
TABUENCA01-45,2024-04-25 14:42:56.010000+00:00,walking,1,random_forest,25,TABUENCA01-45_block_25,temporal_block,15.0,0.9433201600883449,1
TABUENCA01-45,2024-04-25 14:42:57.010000+00:00,walking,1,random_forest,25,TABUENCA01-45_block_25,temporal_block,15.0,0.9813534532569355,1
TABUENCA01-45,2024-04-25 14:42:58.010000+00:00,walking,1,random_forest,25,TABUENCA01-45_block_25,temporal_block,15.0,0.9673363126860153,1
TABUENCA01-45,2024-04-25 14:42:59.010000+00:00,walking,1,random_forest,25,TABUENCA01-45_block_25,temporal_block,15.0,0.9757501858125541,1
TABUENCA01-45,2024-04-25 14:43:00.010000+00:00,walking,1,random_forest,25,TABUENCA01-45_block_25,temporal_block,15.0,0.909280694310461,1
TABUENCA01-45,2024-04-25 14:43:01.010000+00:00,walking,1,random_forest,25,TABUENCA01-45_block_25,temporal_block,15.0,0.9630834720106278,1
TABUENCA01-45,2024-04-25 14:43:02.010000+00:00,walking,1,random_forest,25,TABUENCA01-45_block_25,temporal_block,15.0,0.9787089359886941,1
TABUENCA01-45,2024-04-25 14:43:03.010000+00:00,walking,1,random_forest,25,TABUENCA01-45_block_25,temporal_block,15.0,0.978030403021837,1
TABUENCA01-45,2024-04-25 14:43:04.010000+00:00,walking,1,random_forest,25,TABUENCA01-45_block_25,temporal_block,15.0,0.9553328185536992,1
TABUENCA01-45,2024-04-25 14:43:05.010000+00:00,walking,1,random_forest,25,TABUENCA01-45_block_25,temporal_block,15.0,0.972955705747481,1
TABUENCA01-45,2024-04-25 14:43:06.010000+00:00,walking,1,random_forest,25,TABUENCA01-45_block_25,temporal_block,15.0,0.9592047622704596,1
TABUENCA01-45,2024-04-25 14:43:07.010000+00:00,walking,1,random_forest,25,TABUENCA01-45_block_25,temporal_block,15.0,0.9675066054671561,1
TABUENCA01-45,2024-04-25 14:43:08.010000+00:00,walking,1,random_forest,25,TABUENCA01-45_block_25,temporal_block,15.0,0.9668083265611975,1
TABUENCA01-45,2024-04-25 14:43:09.010000+00:00,walking,1,random_forest,25,TABUENCA01-45_block_25,temporal_block,15.0,0.9624534457438212,1
TABUENCA01-45,2024-04-25 14:43:10.010000+00:00,walking,1,random_forest,25,TABUENCA01-45_block_25,temporal_block,15.0,0.9586721943833771,1
TABUENCA01-45,2024-04-25 14:43:11.010000+00:00,walking,1,random_forest,25,TABUENCA01-45_block_25,temporal_block,15.0,0.9698821508290549,1
TABUENCA01-45,2024-04-25 14:43:12.010000+00:00,walking,1,random_forest,25,TABUENCA01-45_block_25,temporal_block,15.0,0.954293464604429,1
TABUENCA01-45,2024-04-25 14:43:13.010000+00:00,walking,1,random_forest,25,TABUENCA01-45_block_25,temporal_block,15.0,0.9111577900586519,1
TABUENCA01-45,2024-04-25 14:43:14.010000+00:00,walking,1,random_forest,25,TABUENCA01-45_block_25,temporal_block,15.0,0.950077622946558,1
TABUENCA01-45,2024-04-25 14:43:15.010000+00:00,walking,1,random_forest,25,TABUENCA01-45_block_25,temporal_block,15.0,0.9560147266803237,1
TABUENCA01-45,2024-04-25 14:43:16.010000+00:00,walking,1,random_forest,25,TABUENCA01-45_block_25,temporal_block,15.0,0.950618009034654,1
TABUENCA01-45,2024-04-25 14:43:17.010000+00:00,walking,1,random_forest,25,TABUENCA01-45_block_25,temporal_block,15.0,0.9594889505484528,1
TABUENCA01-45,2024-04-25 14:43:18.010000+00:00,walking,1,random_forest,25,TABUENCA01-45_block_25,temporal_block,15.0,0.9623750162048202,1
TABUENCA01-45,2024-04-25 14:43:19.010000+00:00,walking,1,random_forest,25,TABUENCA01-45_block_25,temporal_block,15.0,0.9716001251285078,1
TABUENCA01-45,2024-04-25 14:43:20.010000+00:00,walking,1,random_forest,25,TABUENCA01-45_block_25,temporal_block,15.0,0.9573756521339474,1
TABUENCA01-45,2024-04-25 14:43:21.010000+00:00,walking,1,random_forest,25,TABUENCA01-45_block_25,temporal_block,15.0,0.9512357230982637,1
TABUENCA01-45,2024-04-25 14:43:22.010000+00:00,walking,1,random_forest,25,TABUENCA01-45_block_25,temporal_block,15.0,0.9706992453687178,1
TABUENCA01-45,2024-04-25 14:43:23.010000+00:00,walking,1,random_forest,25,TABUENCA01-45_block_25,temporal_block,15.0,0.9593973435349206,1
TABUENCA01-45,2024-04-25 14:43:24.010000+00:00,walking,1,random_forest,25,TABUENCA01-45_block_25,temporal_block,15.0,0.9386577022931213,1
TABUENCA01-45,2024-04-25 14:43:25.010000+00:00,walking,1,random_forest,25,TABUENCA01-45_block_25,temporal_block,15.0,0.9764748398269503,1
TABUENCA01-45,2024-04-25 14:43:26.010000+00:00,walking,1,random_forest,25,TABUENCA01-45_block_25,temporal_block,15.0,0.9663620696319409,1
TABUENCA01-45,2024-04-25 14:43:27.010000+00:00,walking,1,random_forest,25,TABUENCA01-45_block_25,temporal_block,15.0,0.9600930707534538,1
TABUENCA01-45,2024-04-25 14:43:28.010000+00:00,walking,1,random_forest,25,TABUENCA01-45_block_25,temporal_block,15.0,0.9539163771247119,1
TABUENCA01-45,2024-04-25 14:43:29.010000+00:00,walking,1,random_forest,25,TABUENCA01-45_block_25,temporal_block,15.0,0.9014491625921482,1
TABUENCA01-45,2024-04-25 14:43:30.010000+00:00,walking,1,random_forest,25,TABUENCA01-45_block_25,temporal_block,15.0,0.9708232330356178,1
TABUENCA01-45,2024-04-25 14:43:31.010000+00:00,walking,1,random_forest,25,TABUENCA01-45_block_25,temporal_block,15.0,0.964026142974915,1
TABUENCA01-45,2024-04-25 14:43:32.010000+00:00,walking,1,random_forest,25,TABUENCA01-45_block_25,temporal_block,15.0,0.9396893633534215,1
TABUENCA01-45,2024-04-25 14:43:33.010000+00:00,walking,1,random_forest,25,TABUENCA01-45_block_25,temporal_block,15.0,0.9466949172309148,1
TABUENCA01-45,2024-04-25 14:43:34.010000+00:00,walking,1,random_forest,25,TABUENCA01-45_block_25,temporal_block,15.0,0.9392505470131582,1
TABUENCA01-45,2024-04-25 14:43:35.010000+00:00,walking,1,random_forest,25,TABUENCA01-45_block_25,temporal_block,15.0,0.8990290325435683,1
TABUENCA01-45,2024-04-25 14:43:36.010000+00:00,walking,1,random_forest,25,TABUENCA01-45_block_25,temporal_block,15.0,0.9424640733490717,1
TABUENCA01-45,2024-04-25 14:43:37.010000+00:00,walking,1,random_forest,25,TABUENCA01-45_block_25,temporal_block,15.0,0.959350844445399,1
TABUENCA01-45,2024-04-25 14:43:38.010000+00:00,walking,1,random_forest,25,TABUENCA01-45_block_25,temporal_block,15.0,0.9501782999681372,1
TABUENCA01-45,2024-04-25 14:43:39.010000+00:00,walking,1,random_forest,25,TABUENCA01-45_block_25,temporal_block,15.0,0.9579794320222413,1
TABUENCA01-45,2024-04-25 14:43:40.010000+00:00,walking,1,random_forest,25,TABUENCA01-45_block_25,temporal_block,15.0,0.9669465552500943,1
TABUENCA01-45,2024-04-25 14:43:41.010000+00:00,walking,1,random_forest,25,TABUENCA01-45_block_25,temporal_block,15.0,0.9771569802059018,1
TABUENCA01-45,2024-04-25 14:43:42.010000+00:00,walking,1,random_forest,25,TABUENCA01-45_block_25,temporal_block,15.0,0.9720719595115647,1
TABUENCA01-45,2024-04-25 14:43:43.010000+00:00,walking,1,random_forest,25,TABUENCA01-45_block_25,temporal_block,15.0,0.96939551224741,1
TABUENCA01-45,2024-04-25 14:43:44.010000+00:00,walking,1,random_forest,25,TABUENCA01-45_block_25,temporal_block,15.0,0.9752582256036677,1
TABUENCA01-45,2024-04-25 14:43:45.010000+00:00,walking,1,random_forest,25,TABUENCA01-45_block_25,temporal_block,15.0,0.9302974632716401,1
TABUENCA01-45,2024-04-25 14:43:46.010000+00:00,walking,1,random_forest,25,TABUENCA01-45_block_25,temporal_block,15.0,0.9602215169489773,1
TABUENCA01-45,2024-04-25 14:43:47.010000+00:00,walking,1,random_forest,25,TABUENCA01-45_block_25,temporal_block,15.0,0.975895855362002,1
TABUENCA01-45,2024-04-25 14:43:48.010000+00:00,walking,1,random_forest,25,TABUENCA01-45_block_25,temporal_block,15.0,0.9406494037075841,1
TABUENCA01-45,2024-04-25 14:43:49.010000+00:00,walking,1,random_forest,25,TABUENCA01-45_block_25,temporal_block,15.0,0.9528669054047799,1
TABUENCA01-45,2024-04-25 14:43:50.010000+00:00,walking,1,random_forest,25,TABUENCA01-45_block_25,temporal_block,15.0,0.9484787927623417,1
TABUENCA01-45,2024-04-25 14:43:51.010000+00:00,walking,1,random_forest,25,TABUENCA01-45_block_25,temporal_block,15.0,0.9025949660931764,1
TABUENCA01-45,2024-04-25 14:43:52.010000+00:00,walking,1,random_forest,25,TABUENCA01-45_block_25,temporal_block,15.0,0.9684865817769387,1
TABUENCA01-45,2024-04-25 14:43:53.010000+00:00,walking,1,random_forest,25,TABUENCA01-45_block_25,temporal_block,15.0,0.9783000169745963,1
TABUENCA01-45,2024-04-25 14:43:54.010000+00:00,walking,1,random_forest,25,TABUENCA01-45_block_25,temporal_block,15.0,0.9542082428229692,1
TABUENCA01-45,2024-04-25 14:43:55.010000+00:00,walking,1,random_forest,25,TABUENCA01-45_block_25,temporal_block,15.0,0.9582645735165422,1
TABUENCA01-45,2024-04-25 14:43:56.010000+00:00,walking,1,random_forest,25,TABUENCA01-45_block_25,temporal_block,15.0,0.9554979567906814,1
TABUENCA01-45,2024-04-25 14:43:57.010000+00:00,walking,1,random_forest,25,TABUENCA01-45_block_25,temporal_block,15.0,0.9158953191227357,1
TABUENCA01-45,2024-04-25 14:43:58.010000+00:00,walking,1,random_forest,25,TABUENCA01-45_block_25,temporal_block,15.0,0.9254482219913756,1
TABUENCA01-45,2024-04-25 14:43:59.010000+00:00,walking,1,random_forest,25,TABUENCA01-45_block_25,temporal_block,15.0,0.969461732079573,1
TABUENCA01-45,2024-04-25 14:44:00.010000+00:00,walking,1,random_forest,25,TABUENCA01-45_block_25,temporal_block,15.0,0.9527544554136556,1
TABUENCA01-45,2024-04-25 14:44:01.010000+00:00,walking,1,random_forest,25,TABUENCA01-45_block_25,temporal_block,15.0,0.9203872621622758,1
TABUENCA01-45,2024-04-25 14:44:02.010000+00:00,walking,1,random_forest,25,TABUENCA01-45_block_25,temporal_block,15.0,0.9481211894613373,1
TABUENCA01-45,2024-04-25 14:44:03.010000+00:00,walking,1,random_forest,25,TABUENCA01-45_block_25,temporal_block,15.0,0.9350760217342724,1
TABUENCA01-45,2024-04-25 14:44:04.010000+00:00,walking,1,random_forest,25,TABUENCA01-45_block_25,temporal_block,15.0,0.9423482820504256,1
TABUENCA01-45,2024-04-25 14:44:05.010000+00:00,walking,1,random_forest,25,TABUENCA01-45_block_25,temporal_block,15.0,0.9746257428654197,1
TABUENCA01-45,2024-04-25 14:44:06.010000+00:00,walking,1,random_forest,25,TABUENCA01-45_block_25,temporal_block,15.0,0.974474842741201,1
TABUENCA01-45,2024-04-25 14:44:07.010000+00:00,walking,1,random_forest,25,TABUENCA01-45_block_25,temporal_block,15.0,0.9547708512807486,1
TABUENCA01-45,2024-04-25 14:44:08.010000+00:00,walking,1,random_forest,25,TABUENCA01-45_block_25,temporal_block,15.0,0.9735290959064716,1
TABUENCA01-45,2024-04-25 14:44:09.010000+00:00,walking,1,random_forest,25,TABUENCA01-45_block_25,temporal_block,15.0,0.9358056775605691,1
TABUENCA01-45,2024-04-25 14:44:10.010000+00:00,walking,1,random_forest,25,TABUENCA01-45_block_25,temporal_block,15.0,0.9764112452637874,1
TABUENCA01-45,2024-04-25 14:44:11.010000+00:00,walking,1,random_forest,25,TABUENCA01-45_block_25,temporal_block,15.0,0.9674575689990758,1
TABUENCA01-45,2024-04-25 14:44:12.010000+00:00,walking,1,random_forest,25,TABUENCA01-45_block_25,temporal_block,15.0,0.8934001273611684,1
TABUENCA01-45,2024-04-25 14:44:13.010000+00:00,walking,1,random_forest,25,TABUENCA01-45_block_25,temporal_block,15.0,0.9503597202896302,1
TABUENCA01-45,2024-04-25 14:44:14.010000+00:00,walking,1,random_forest,25,TABUENCA01-45_block_25,temporal_block,15.0,0.9561359637211463,1
TABUENCA01-45,2024-04-25 14:44:15.010000+00:00,walking,1,random_forest,25,TABUENCA01-45_block_25,temporal_block,15.0,0.9559324848524015,1
TABUENCA01-45,2024-04-25 14:44:16.010000+00:00,walking,1,random_forest,25,TABUENCA01-45_block_25,temporal_block,15.0,0.96595349810314,1
TABUENCA01-45,2024-04-25 14:44:17.010000+00:00,walking,1,random_forest,25,TABUENCA01-45_block_25,temporal_block,15.0,0.9510666108386581,1
TABUENCA01-45,2024-04-25 14:44:18.010000+00:00,walking,1,random_forest,25,TABUENCA01-45_block_25,temporal_block,15.0,0.9544602419868617,1
TABUENCA01-45,2024-04-25 14:44:19.010000+00:00,walking,1,random_forest,25,TABUENCA01-45_block_25,temporal_block,15.0,0.9586004297303994,1
TABUENCA01-45,2024-04-25 14:44:20.010000+00:00,walking,1,random_forest,25,TABUENCA01-45_block_25,temporal_block,15.0,0.9610661378513687,1
TABUENCA01-45,2024-04-25 14:44:21.010000+00:00,walking,1,random_forest,25,TABUENCA01-45_block_25,temporal_block,15.0,0.9532980838980746,1
TABUENCA01-45,2024-04-25 14:44:22.010000+00:00,walking,1,random_forest,25,TABUENCA01-45_block_25,temporal_block,15.0,0.9723238273566747,1
TABUENCA01-45,2024-04-25 14:44:23.010000+00:00,walking,1,random_forest,25,TABUENCA01-45_block_25,temporal_block,15.0,0.9730693691228953,1
TABUENCA01-45,2024-04-25 14:44:24.010000+00:00,walking,1,random_forest,25,TABUENCA01-45_block_25,temporal_block,15.0,0.9729324760012478,1
TABUENCA01-45,2024-04-25 14:44:25.010000+00:00,walking,1,random_forest,25,TABUENCA01-45_block_25,temporal_block,15.0,0.9289095519061464,1
TABUENCA01-45,2024-04-25 14:44:26.010000+00:00,walking,1,random_forest,25,TABUENCA01-45_block_25,temporal_block,15.0,0.9374487730999465,1
TABUENCA01-45,2024-04-25 14:44:27.010000+00:00,walking,1,random_forest,25,TABUENCA01-45_block_25,temporal_block,15.0,0.9095266600459556,1
TABUENCA01-45,2024-04-25 14:44:28.010000+00:00,walking,1,random_forest,25,TABUENCA01-45_block_25,temporal_block,15.0,0.9499344479392187,1
TABUENCA01-45,2024-04-25 14:44:29.010000+00:00,walking,1,random_forest,25,TABUENCA01-45_block_25,temporal_block,15.0,0.97591338966344,1
TABUENCA01-45,2024-04-25 14:44:30.010000+00:00,walking,1,random_forest,25,TABUENCA01-45_block_25,temporal_block,15.0,0.9389106526830765,1
TABUENCA01-45,2024-04-25 14:44:31.010000+00:00,walking,1,random_forest,25,TABUENCA01-45_block_25,temporal_block,15.0,0.9648003034865055,1
TABUENCA01-45,2024-04-25 14:44:32.010000+00:00,walking,1,random_forest,25,TABUENCA01-45_block_25,temporal_block,15.0,0.9508130063401209,1
TABUENCA01-45,2024-04-25 14:44:33.010000+00:00,walking,1,random_forest,25,TABUENCA01-45_block_25,temporal_block,15.0,0.9656466641768318,1
TABUENCA01-45,2024-04-25 14:44:34.010000+00:00,walking,1,random_forest,25,TABUENCA01-45_block_25,temporal_block,15.0,0.9549182541905921,1
TABUENCA01-45,2024-04-25 14:44:35.010000+00:00,walking,1,random_forest,25,TABUENCA01-45_block_25,temporal_block,15.0,0.8915722353137625,1
TABUENCA01-45,2024-04-25 14:44:36.010000+00:00,walking,1,random_forest,25,TABUENCA01-45_block_25,temporal_block,15.0,0.9431240096426203,1
TABUENCA01-45,2024-04-25 14:44:37.010000+00:00,walking,1,random_forest,25,TABUENCA01-45_block_25,temporal_block,15.0,0.9359947183572067,1
TABUENCA01-45,2024-04-25 14:44:38.010000+00:00,walking,1,random_forest,25,TABUENCA01-45_block_25,temporal_block,15.0,0.9249956897026446,1
TABUENCA01-45,2024-04-25 14:44:41.040000+00:00,not_walking,0,random_forest,25,TABUENCA01-45_block_25,temporal_block,15.0,0.06955423538471872,0
TABUENCA01-45,2024-04-25 14:44:42.040000+00:00,not_walking,0,random_forest,25,TABUENCA01-45_block_25,temporal_block,15.0,0.051864766604795436,0
TABUENCA01-45,2024-04-25 14:44:43.040000+00:00,not_walking,0,random_forest,25,TABUENCA01-45_block_25,temporal_block,15.0,0.09245352502437733,0
TABUENCA01-45,2024-04-25 14:44:44.040000+00:00,not_walking,0,random_forest,25,TABUENCA01-45_block_25,temporal_block,15.0,0.05107312715539005,0
TABUENCA01-45,2024-04-25 14:44:45.040000+00:00,not_walking,0,random_forest,25,TABUENCA01-45_block_25,temporal_block,15.0,0.050271664705519845,0
TABUENCA01-45,2024-04-25 14:44:46.040000+00:00,not_walking,0,random_forest,25,TABUENCA01-45_block_25,temporal_block,15.0,0.04079611640773731,0
TABUENCA01-45,2024-04-25 14:44:47.040000+00:00,not_walking,0,random_forest,25,TABUENCA01-45_block_25,temporal_block,15.0,0.09028721689784458,0
TABUENCA01-45,2024-04-25 14:44:48.040000+00:00,not_walking,0,random_forest,25,TABUENCA01-45_block_25,temporal_block,15.0,0.04458169681278888,0
TABUENCA01-45,2024-04-25 14:44:49.040000+00:00,not_walking,0,random_forest,25,TABUENCA01-45_block_25,temporal_block,15.0,0.05139863994943024,0
TABUENCA01-45,2024-04-25 14:44:50.040000+00:00,not_walking,0,random_forest,25,TABUENCA01-45_block_25,temporal_block,15.0,0.04326720992731102,0
TABUENCA01-45,2024-04-25 14:44:51.040000+00:00,not_walking,0,random_forest,25,TABUENCA01-45_block_25,temporal_block,15.0,0.12019748628716274,0
TABUENCA01-45,2024-04-25 14:44:52.040000+00:00,not_walking,0,random_forest,25,TABUENCA01-45_block_25,temporal_block,15.0,0.06322914941473114,0
TABUENCA01-45,2024-04-25 14:44:53.040000+00:00,not_walking,0,random_forest,25,TABUENCA01-45_block_25,temporal_block,15.0,0.11079962081764551,0
TABUENCA01-45,2024-04-25 14:44:54.040000+00:00,not_walking,0,random_forest,25,TABUENCA01-45_block_25,temporal_block,15.0,0.12489700586925466,0
TABUENCA01-45,2024-04-25 14:44:55.040000+00:00,not_walking,0,random_forest,25,TABUENCA01-45_block_25,temporal_block,15.0,0.06422562515568994,0
TABUENCA01-45,2024-04-25 14:44:56.040000+00:00,not_walking,0,random_forest,25,TABUENCA01-45_block_25,temporal_block,15.0,0.07224166531612543,0
TABUENCA01-45,2024-04-25 14:44:57.040000+00:00,not_walking,0,random_forest,25,TABUENCA01-45_block_25,temporal_block,15.0,0.050597743287151414,0
TABUENCA01-45,2024-04-25 14:44:58.040000+00:00,not_walking,0,random_forest,25,TABUENCA01-45_block_25,temporal_block,15.0,0.09242755876907265,0
TABUENCA01-45,2024-04-25 14:44:59.040000+00:00,not_walking,0,random_forest,25,TABUENCA01-45_block_25,temporal_block,15.0,0.048215251938419,0
TABUENCA01-45,2024-04-25 14:45:00.040000+00:00,not_walking,0,random_forest,25,TABUENCA01-45_block_25,temporal_block,15.0,0.050798927867020255,0
TABUENCA01-45,2024-04-25 14:45:01.040000+00:00,not_walking,0,random_forest,25,TABUENCA01-45_block_25,temporal_block,15.0,0.1071845634148988,0
TABUENCA01-45,2024-04-25 14:45:02.040000+00:00,not_walking,0,random_forest,25,TABUENCA01-45_block_25,temporal_block,15.0,0.08288536697995343,0
TABUENCA01-45,2024-04-25 14:45:03.040000+00:00,not_walking,0,random_forest,25,TABUENCA01-45_block_25,temporal_block,15.0,0.045056586007877764,0
TABUENCA01-45,2024-04-25 14:45:04.040000+00:00,not_walking,0,random_forest,25,TABUENCA01-45_block_25,temporal_block,15.0,0.04949766285255943,0
TABUENCA01-45,2024-04-25 14:45:05.040000+00:00,not_walking,0,random_forest,25,TABUENCA01-45_block_25,temporal_block,15.0,0.04915978965217183,0
TABUENCA01-45,2024-04-25 14:45:06.040000+00:00,not_walking,0,random_forest,25,TABUENCA01-45_block_25,temporal_block,15.0,0.07184869450706695,0
TABUENCA01-45,2024-04-25 14:45:07.040000+00:00,not_walking,0,random_forest,25,TABUENCA01-45_block_25,temporal_block,15.0,0.08090286136171077,0
TABUENCA01-45,2024-04-25 14:45:08.040000+00:00,not_walking,0,random_forest,25,TABUENCA01-45_block_25,temporal_block,15.0,0.150452638129685,0
TABUENCA01-45,2024-04-25 14:45:09.040000+00:00,not_walking,0,random_forest,25,TABUENCA01-45_block_25,temporal_block,15.0,0.04846438994125117,0
TABUENCA01-45,2024-04-25 14:45:10.040000+00:00,not_walking,0,random_forest,25,TABUENCA01-45_block_25,temporal_block,15.0,0.03832458058886468,0
TABUENCA01-45,2024-04-25 14:45:11.040000+00:00,not_walking,0,random_forest,25,TABUENCA01-45_block_25,temporal_block,15.0,0.055566043727453523,0
TABUENCA01-45,2024-04-25 14:45:15.010000+00:00,walking,1,random_forest,25,TABUENCA01-45_block_25,temporal_block,15.0,0.7792936040377022,1
TABUENCA01-45,2024-04-25 14:45:16.010000+00:00,walking,1,random_forest,25,TABUENCA01-45_block_25,temporal_block,15.0,0.9353324137729847,1
TABUENCA01-45,2024-04-25 14:45:17.010000+00:00,walking,1,random_forest,25,TABUENCA01-45_block_25,temporal_block,15.0,0.9602021503475998,1
TABUENCA01-45,2024-04-25 14:45:18.010000+00:00,walking,1,random_forest,25,TABUENCA01-45_block_25,temporal_block,15.0,0.9590278014214662,1
TABUENCA01-45,2024-04-25 14:45:19.010000+00:00,walking,1,random_forest,25,TABUENCA01-45_block_25,temporal_block,15.0,0.9496290848975624,1
TABUENCA01-45,2024-04-25 14:45:20.010000+00:00,walking,1,random_forest,25,TABUENCA01-45_block_25,temporal_block,15.0,0.9537121019091044,1
TABUENCA01-45,2024-04-25 14:45:21.010000+00:00,walking,1,random_forest,25,TABUENCA01-45_block_25,temporal_block,15.0,0.9534654069566765,1
TABUENCA01-45,2024-04-25 14:45:22.010000+00:00,walking,1,random_forest,25,TABUENCA01-45_block_25,temporal_block,15.0,0.9198088278413818,1
TABUENCA01-45,2024-04-25 14:45:23.010000+00:00,walking,1,random_forest,25,TABUENCA01-45_block_25,temporal_block,15.0,0.901130636460165,1
TABUENCA01-45,2024-04-25 14:45:24.010000+00:00,walking,1,random_forest,25,TABUENCA01-45_block_25,temporal_block,15.0,0.938486161042449,1
TABUENCA01-45,2024-04-25 14:45:25.010000+00:00,walking,1,random_forest,25,TABUENCA01-45_block_25,temporal_block,15.0,0.89594387309006,1
TABUENCA01-45,2024-04-25 14:45:26.010000+00:00,walking,1,random_forest,25,TABUENCA01-45_block_25,temporal_block,15.0,0.9160589357928325,1
TABUENCA01-45,2024-04-25 14:45:27.010000+00:00,walking,1,random_forest,25,TABUENCA01-45_block_25,temporal_block,15.0,0.9081193447064032,1
TABUENCA01-45,2024-04-25 14:45:28.010000+00:00,walking,1,random_forest,25,TABUENCA01-45_block_25,temporal_block,15.0,0.9022329823961917,1
TABUENCA01-45,2024-04-25 14:45:29.010000+00:00,walking,1,random_forest,25,TABUENCA01-45_block_25,temporal_block,15.0,0.945781122125955,1
TABUENCA01-45,2024-04-25 14:45:30.010000+00:00,walking,1,random_forest,25,TABUENCA01-45_block_25,temporal_block,15.0,0.9054580729817953,1
TABUENCA01-45,2024-04-25 14:45:31.010000+00:00,walking,1,random_forest,25,TABUENCA01-45_block_25,temporal_block,15.0,0.9003460226781321,1
TABUENCA01-45,2024-04-25 14:45:32.010000+00:00,walking,1,random_forest,25,TABUENCA01-45_block_25,temporal_block,15.0,0.9513025756405692,1
TABUENCA01-45,2024-04-25 14:45:33.010000+00:00,walking,1,random_forest,25,TABUENCA01-45_block_25,temporal_block,15.0,0.9556912610998336,1
TABUENCA01-45,2024-04-25 14:45:34.010000+00:00,walking,1,random_forest,25,TABUENCA01-45_block_25,temporal_block,15.0,0.9570529252410546,1
TABUENCA01-45,2024-04-25 14:45:35.010000+00:00,walking,1,random_forest,25,TABUENCA01-45_block_25,temporal_block,15.0,0.9560555586480491,1
TABUENCA01-45,2024-04-25 14:45:36.010000+00:00,walking,1,random_forest,25,TABUENCA01-45_block_25,temporal_block,15.0,0.9402966588380226,1
TABUENCA01-45,2024-04-25 14:45:37.010000+00:00,walking,1,random_forest,25,TABUENCA01-45_block_25,temporal_block,15.0,0.9299670158100065,1
TABUENCA01-45,2024-04-25 14:45:38.010000+00:00,walking,1,random_forest,25,TABUENCA01-45_block_25,temporal_block,15.0,0.9000220145020702,1
TABUENCA01-45,2024-04-25 14:45:39.010000+00:00,walking,1,random_forest,25,TABUENCA01-45_block_25,temporal_block,15.0,0.9683968419240813,1
TABUENCA01-45,2024-04-25 14:45:40.010000+00:00,walking,1,random_forest,25,TABUENCA01-45_block_25,temporal_block,15.0,0.9736027393667077,1
TABUENCA01-45,2024-04-25 14:45:41.010000+00:00,walking,1,random_forest,25,TABUENCA01-45_block_25,temporal_block,15.0,0.953968270546826,1
TABUENCA01-45,2024-04-25 14:45:42.010000+00:00,walking,1,random_forest,25,TABUENCA01-45_block_25,temporal_block,15.0,0.9651011659632167,1
TABUENCA01-45,2024-04-25 14:45:43.010000+00:00,walking,1,random_forest,25,TABUENCA01-45_block_25,temporal_block,15.0,0.9635162726702277,1
TABUENCA01-45,2024-04-25 14:45:44.010000+00:00,walking,1,random_forest,25,TABUENCA01-45_block_25,temporal_block,15.0,0.9792555458121022,1
TABUENCA01-45,2024-04-25 14:45:45.010000+00:00,walking,1,random_forest,25,TABUENCA01-45_block_25,temporal_block,15.0,0.9497168121466231,1
TABUENCA01-45,2024-04-25 14:45:46.010000+00:00,walking,1,random_forest,25,TABUENCA01-45_block_25,temporal_block,15.0,0.9719332048198392,1
TABUENCA01-45,2024-04-25 14:45:47.010000+00:00,walking,1,random_forest,25,TABUENCA01-45_block_25,temporal_block,15.0,0.975386672998695,1
TABUENCA01-45,2024-04-25 14:45:48.010000+00:00,walking,1,random_forest,25,TABUENCA01-45_block_25,temporal_block,15.0,0.9733377134646054,1
TABUENCA01-45,2024-04-25 14:45:49.010000+00:00,walking,1,random_forest,25,TABUENCA01-45_block_25,temporal_block,15.0,0.9676152807575532,1
TABUENCA01-45,2024-04-25 14:45:50.010000+00:00,walking,1,random_forest,25,TABUENCA01-45_block_25,temporal_block,15.0,0.9734644916858988,1
TABUENCA01-45,2024-04-25 14:45:51.010000+00:00,walking,1,random_forest,25,TABUENCA01-45_block_25,temporal_block,15.0,0.9769344110112653,1
TABUENCA01-45,2024-04-25 14:45:52.010000+00:00,walking,1,random_forest,25,TABUENCA01-45_block_25,temporal_block,15.0,0.9580853371664936,1
TABUENCA01-45,2024-04-25 14:45:53.010000+00:00,walking,1,random_forest,25,TABUENCA01-45_block_25,temporal_block,15.0,0.9623032115018834,1
TABUENCA01-45,2024-04-25 14:45:54.010000+00:00,walking,1,random_forest,25,TABUENCA01-45_block_25,temporal_block,15.0,0.9572935898461811,1
TABUENCA01-45,2024-04-25 14:45:55.010000+00:00,walking,1,random_forest,25,TABUENCA01-45_block_25,temporal_block,15.0,0.9490192048682022,1
TABUENCA01-45,2024-04-25 14:45:56.010000+00:00,walking,1,random_forest,25,TABUENCA01-45_block_25,temporal_block,15.0,0.9599216788112704,1
TABUENCA01-45,2024-04-25 14:45:57.010000+00:00,walking,1,random_forest,25,TABUENCA01-45_block_25,temporal_block,15.0,0.9622783553864186,1
TABUENCA01-45,2024-04-25 14:45:58.010000+00:00,walking,1,random_forest,25,TABUENCA01-45_block_25,temporal_block,15.0,0.9589962525087562,1
TABUENCA01-45,2024-04-25 14:45:59.010000+00:00,walking,1,random_forest,25,TABUENCA01-45_block_25,temporal_block,15.0,0.8230970937098548,1
TABUENCA01-45,2024-04-25 14:46:00.010000+00:00,walking,1,random_forest,25,TABUENCA01-45_block_25,temporal_block,15.0,0.958027451738036,1
TABUENCA01-45,2024-04-25 14:46:01.010000+00:00,walking,1,random_forest,25,TABUENCA01-45_block_25,temporal_block,15.0,0.852920924468075,1
TABUENCA01-45,2024-04-25 14:46:02.010000+00:00,walking,1,random_forest,25,TABUENCA01-45_block_25,temporal_block,15.0,0.8964532619514828,1
TABUENCA01-45,2024-04-25 14:46:03.010000+00:00,walking,1,random_forest,25,TABUENCA01-45_block_25,temporal_block,15.0,0.967828440837334,1
TABUENCA01-45,2024-04-25 14:46:04.010000+00:00,walking,1,random_forest,25,TABUENCA01-45_block_25,temporal_block,15.0,0.9389180602269136,1
TABUENCA01-45,2024-04-25 14:46:05.010000+00:00,walking,1,random_forest,25,TABUENCA01-45_block_25,temporal_block,15.0,0.9588217110641042,1
TABUENCA01-45,2024-04-25 14:46:06.010000+00:00,walking,1,random_forest,25,TABUENCA01-45_block_25,temporal_block,15.0,0.9721268764817014,1
TABUENCA01-45,2024-04-25 14:46:07.010000+00:00,walking,1,random_forest,25,TABUENCA01-45_block_25,temporal_block,15.0,0.9550907335466936,1
TABUENCA01-45,2024-04-25 14:46:08.010000+00:00,walking,1,random_forest,25,TABUENCA01-45_block_25,temporal_block,15.0,0.9154290471077805,1
TABUENCA01-45,2024-04-25 14:46:09.010000+00:00,walking,1,random_forest,25,TABUENCA01-45_block_25,temporal_block,15.0,0.9596666677496868,1
TABUENCA01-45,2024-04-25 14:46:10.010000+00:00,walking,1,random_forest,25,TABUENCA01-45_block_25,temporal_block,15.0,0.9797202456478598,1
TABUENCA01-45,2024-04-25 14:46:11.010000+00:00,walking,1,random_forest,25,TABUENCA01-45_block_25,temporal_block,15.0,0.9783702324091865,1
TABUENCA01-45,2024-04-25 14:46:12.010000+00:00,walking,1,random_forest,25,TABUENCA01-45_block_25,temporal_block,15.0,0.9784796349679957,1
TABUENCA01-45,2024-04-25 14:46:13.010000+00:00,walking,1,random_forest,25,TABUENCA01-45_block_25,temporal_block,15.0,0.9655814910200642,1
TABUENCA01-45,2024-04-25 14:46:14.010000+00:00,walking,1,random_forest,25,TABUENCA01-45_block_25,temporal_block,15.0,0.9643233720198221,1
TABUENCA01-45,2024-04-25 14:46:15.010000+00:00,walking,1,random_forest,25,TABUENCA01-45_block_25,temporal_block,15.0,0.9639031421140871,1
TABUENCA01-45,2024-04-25 14:46:16.010000+00:00,walking,1,random_forest,25,TABUENCA01-45_block_25,temporal_block,15.0,0.8689193015562624,1
TABUENCA01-45,2024-04-25 14:46:17.010000+00:00,walking,1,random_forest,25,TABUENCA01-45_block_25,temporal_block,15.0,0.9539623163601146,1
TABUENCA01-45,2024-04-25 14:46:18.010000+00:00,walking,1,random_forest,25,TABUENCA01-45_block_25,temporal_block,15.0,0.9400812661546435,1
TABUENCA01-45,2024-04-25 14:46:19.010000+00:00,walking,1,random_forest,25,TABUENCA01-45_block_25,temporal_block,15.0,0.9244101871464931,1
TABUENCA01-45,2024-04-25 14:46:20.010000+00:00,walking,1,random_forest,25,TABUENCA01-45_block_25,temporal_block,15.0,0.9062055612694276,1
TABUENCA01-45,2024-04-25 14:46:21.010000+00:00,walking,1,random_forest,25,TABUENCA01-45_block_25,temporal_block,15.0,0.9165553805498515,1
TABUENCA01-45,2024-04-25 14:46:22.010000+00:00,walking,1,random_forest,25,TABUENCA01-45_block_25,temporal_block,15.0,0.974802832644011,1
TABUENCA01-45,2024-04-25 14:46:23.010000+00:00,walking,1,random_forest,25,TABUENCA01-45_block_25,temporal_block,15.0,0.9583549708117539,1
TABUENCA01-45,2024-04-25 14:46:24.010000+00:00,walking,1,random_forest,25,TABUENCA01-45_block_25,temporal_block,15.0,0.9322240280545581,1
TABUENCA01-45,2024-04-25 14:46:25.010000+00:00,walking,1,random_forest,25,TABUENCA01-45_block_25,temporal_block,15.0,0.8915971952932074,1
TABUENCA01-45,2024-04-25 14:46:26.010000+00:00,walking,1,random_forest,25,TABUENCA01-45_block_25,temporal_block,15.0,0.9763106482723968,1
TABUENCA01-45,2024-04-25 14:46:27.010000+00:00,walking,1,random_forest,25,TABUENCA01-45_block_25,temporal_block,15.0,0.9784330020863229,1
TABUENCA01-45,2024-04-25 14:46:28.010000+00:00,walking,1,random_forest,25,TABUENCA01-45_block_25,temporal_block,15.0,0.9619054834008565,1
TABUENCA01-45,2024-04-25 14:46:29.010000+00:00,walking,1,random_forest,25,TABUENCA01-45_block_25,temporal_block,15.0,0.9564702874427604,1
TABUENCA01-45,2024-04-25 14:46:30.010000+00:00,walking,1,random_forest,25,TABUENCA01-45_block_25,temporal_block,15.0,0.9532850945639844,1
TABUENCA01-45,2024-04-25 14:46:31.010000+00:00,walking,1,random_forest,25,TABUENCA01-45_block_25,temporal_block,15.0,0.96138316600794,1
TABUENCA01-45,2024-04-25 14:46:32.010000+00:00,walking,1,random_forest,25,TABUENCA01-45_block_25,temporal_block,15.0,0.9725933359286622,1
TABUENCA01-45,2024-04-25 14:46:33.010000+00:00,walking,1,random_forest,25,TABUENCA01-45_block_25,temporal_block,15.0,0.9194586801847612,1
TABUENCA01-45,2024-04-25 14:46:34.010000+00:00,walking,1,random_forest,25,TABUENCA01-45_block_25,temporal_block,15.0,0.9402107774955559,1
TABUENCA01-45,2024-04-25 14:46:35.010000+00:00,walking,1,random_forest,25,TABUENCA01-45_block_25,temporal_block,15.0,0.9106564219321627,1
TABUENCA01-45,2024-04-25 14:46:36.010000+00:00,walking,1,random_forest,25,TABUENCA01-45_block_25,temporal_block,15.0,0.9472769107544555,1
TABUENCA01-45,2024-04-25 14:46:37.010000+00:00,walking,1,random_forest,25,TABUENCA01-45_block_25,temporal_block,15.0,0.9439739774021041,1
TABUENCA01-45,2024-04-25 14:46:38.010000+00:00,walking,1,random_forest,25,TABUENCA01-45_block_25,temporal_block,15.0,0.9393759890595749,1
TABUENCA01-45,2024-04-25 14:46:39.010000+00:00,walking,1,random_forest,25,TABUENCA01-45_block_25,temporal_block,15.0,0.9459011152026017,1
TABUENCA01-45,2024-04-25 14:46:40.010000+00:00,walking,1,random_forest,25,TABUENCA01-45_block_25,temporal_block,15.0,0.9096014372896506,1
TABUENCA01-45,2024-04-25 14:46:41.010000+00:00,walking,1,random_forest,25,TABUENCA01-45_block_25,temporal_block,15.0,0.9345933599339173,1
TABUENCA01-45,2024-04-25 14:46:42.010000+00:00,walking,1,random_forest,25,TABUENCA01-45_block_25,temporal_block,15.0,0.9011556053327956,1
TABUENCA01-45,2024-04-25 14:46:43.010000+00:00,walking,1,random_forest,25,TABUENCA01-45_block_25,temporal_block,15.0,0.8877588658739247,1
TABUENCA01-45,2024-04-25 14:46:46.010000+00:00,not_walking,0,random_forest,25,TABUENCA01-45_block_25,temporal_block,15.0,0.4258675621251056,0
TABUENCA01-45,2024-04-25 14:46:47.010000+00:00,not_walking,0,random_forest,25,TABUENCA01-45_block_25,temporal_block,15.0,0.06576347114348206,0
TABUENCA01-45,2024-04-25 14:46:48.010000+00:00,not_walking,0,random_forest,25,TABUENCA01-45_block_25,temporal_block,15.0,0.15350324747172808,0
TABUENCA01-45,2024-04-25 14:46:49.010000+00:00,not_walking,0,random_forest,25,TABUENCA01-45_block_25,temporal_block,15.0,0.0585347563365228,0
TABUENCA01-45,2024-04-25 14:46:50.010000+00:00,not_walking,0,random_forest,25,TABUENCA01-45_block_25,temporal_block,15.0,0.1337045021666997,0
TABUENCA01-45,2024-04-25 14:46:51.010000+00:00,not_walking,0,random_forest,25,TABUENCA01-45_block_25,temporal_block,15.0,0.1157594015101661,0
TABUENCA01-45,2024-04-25 14:46:52.010000+00:00,not_walking,0,random_forest,25,TABUENCA01-45_block_25,temporal_block,15.0,0.09008211126813832,0
TABUENCA01-45,2024-04-25 14:46:53.010000+00:00,not_walking,0,random_forest,25,TABUENCA01-45_block_25,temporal_block,15.0,0.083728630193455,0
TABUENCA01-45,2024-04-25 14:46:54.010000+00:00,not_walking,0,random_forest,25,TABUENCA01-45_block_25,temporal_block,15.0,0.06282939923592404,0
TABUENCA01-45,2024-04-25 14:46:55.010000+00:00,not_walking,0,random_forest,25,TABUENCA01-45_block_25,temporal_block,15.0,0.042692882374424625,0
TABUENCA01-45,2024-04-25 14:46:56.010000+00:00,not_walking,0,random_forest,25,TABUENCA01-45_block_25,temporal_block,15.0,0.11650064121827412,0
TABUENCA01-45,2024-04-25 14:46:57.010000+00:00,not_walking,0,random_forest,25,TABUENCA01-45_block_25,temporal_block,15.0,0.09168984954350187,0
TABUENCA01-45,2024-04-25 14:46:58.010000+00:00,not_walking,0,random_forest,25,TABUENCA01-45_block_25,temporal_block,15.0,0.04166187305021516,0
TABUENCA01-45,2024-04-25 14:46:59.010000+00:00,not_walking,0,random_forest,25,TABUENCA01-45_block_25,temporal_block,15.0,0.05663563595223343,0
TABUENCA01-45,2024-04-25 14:47:00.010000+00:00,not_walking,0,random_forest,25,TABUENCA01-45_block_25,temporal_block,15.0,0.11340336447736715,0
TABUENCA01-45,2024-04-25 14:47:01.010000+00:00,not_walking,0,random_forest,25,TABUENCA01-45_block_25,temporal_block,15.0,0.07722499006831927,0
TABUENCA01-45,2024-04-25 14:47:02.010000+00:00,not_walking,0,random_forest,25,TABUENCA01-45_block_25,temporal_block,15.0,0.06749191240215105,0
TABUENCA01-45,2024-04-25 14:47:06.030000+00:00,walking,1,random_forest,25,TABUENCA01-45_block_25,temporal_block,15.0,0.8962481242698775,1
TABUENCA01-45,2024-04-25 14:47:07.030000+00:00,walking,1,random_forest,25,TABUENCA01-45_block_25,temporal_block,15.0,0.9270843879245322,1
TABUENCA01-45,2024-04-25 14:47:08.030000+00:00,walking,1,random_forest,25,TABUENCA01-45_block_25,temporal_block,15.0,0.8339517087013646,1
TABUENCA01-45,2024-04-25 14:47:09.030000+00:00,walking,1,random_forest,25,TABUENCA01-45_block_25,temporal_block,15.0,0.8635680220731468,1
TABUENCA01-45,2024-04-25 14:47:10.030000+00:00,walking,1,random_forest,25,TABUENCA01-45_block_25,temporal_block,15.0,0.8769911688536469,1
TABUENCA01-45,2024-04-25 14:47:11.030000+00:00,walking,1,random_forest,25,TABUENCA01-45_block_25,temporal_block,15.0,0.8139980274531333,1
TABUENCA01-45,2024-04-25 14:47:12.030000+00:00,walking,1,random_forest,25,TABUENCA01-45_block_25,temporal_block,15.0,0.8476549393071736,1
TABUENCA01-45,2024-04-25 14:47:13.030000+00:00,walking,1,random_forest,25,TABUENCA01-45_block_25,temporal_block,15.0,0.8596757039743661,1
TABUENCA01-45,2024-04-25 14:47:14.030000+00:00,walking,1,random_forest,25,TABUENCA01-45_block_25,temporal_block,15.0,0.8557827153037141,1
TABUENCA01-45,2024-04-25 14:47:15.030000+00:00,walking,1,random_forest,25,TABUENCA01-45_block_25,temporal_block,15.0,0.8438495960022562,1
TABUENCA01-45,2024-04-25 14:47:16.030000+00:00,walking,1,random_forest,25,TABUENCA01-45_block_25,temporal_block,15.0,0.9294881766649277,1
TABUENCA01-45,2024-04-25 14:47:17.030000+00:00,walking,1,random_forest,25,TABUENCA01-45_block_25,temporal_block,15.0,0.878304820590868,1
TABUENCA01-45,2024-04-25 14:47:18.030000+00:00,walking,1,random_forest,25,TABUENCA01-45_block_25,temporal_block,15.0,0.7904139943415334,1
TABUENCA01-45,2024-04-25 14:47:19.030000+00:00,walking,1,random_forest,25,TABUENCA01-45_block_25,temporal_block,15.0,0.9272409325843955,1
TABUENCA01-45,2024-04-25 14:47:20.030000+00:00,walking,1,random_forest,25,TABUENCA01-45_block_25,temporal_block,15.0,0.8217636608419452,1
TABUENCA01-45,2024-04-25 14:47:21.030000+00:00,walking,1,random_forest,25,TABUENCA01-45_block_25,temporal_block,15.0,0.830178154077496,1
TABUENCA01-45,2024-04-25 14:47:22.030000+00:00,walking,1,random_forest,25,TABUENCA01-45_block_25,temporal_block,15.0,0.8815126905973542,1
TABUENCA01-45,2024-04-25 14:47:23.030000+00:00,walking,1,random_forest,25,TABUENCA01-45_block_25,temporal_block,15.0,0.7910359259107754,1
TABUENCA01-45,2024-04-25 14:47:24.030000+00:00,walking,1,random_forest,25,TABUENCA01-45_block_25,temporal_block,15.0,0.8580166132161455,1
TABUENCA01-45,2024-04-25 14:47:25.030000+00:00,walking,1,random_forest,25,TABUENCA01-45_block_25,temporal_block,15.0,0.8690688588367882,1
TABUENCA01-45,2024-04-25 14:47:26.030000+00:00,walking,1,random_forest,25,TABUENCA01-45_block_25,temporal_block,15.0,0.8192548199583921,1
TABUENCA01-45,2024-04-25 14:47:27.030000+00:00,walking,1,random_forest,25,TABUENCA01-45_block_25,temporal_block,15.0,0.8311061663848465,1
TABUENCA01-45,2024-04-25 14:47:28.030000+00:00,walking,1,random_forest,25,TABUENCA01-45_block_25,temporal_block,15.0,0.8844123760823036,1
TABUENCA01-45,2024-04-25 14:47:29.030000+00:00,walking,1,random_forest,25,TABUENCA01-45_block_25,temporal_block,15.0,0.8645370332894526,1
TABUENCA01-45,2024-04-25 14:47:30.030000+00:00,walking,1,random_forest,25,TABUENCA01-45_block_25,temporal_block,15.0,0.9274742920177258,1
TABUENCA01-45,2024-04-25 14:47:31.030000+00:00,walking,1,random_forest,25,TABUENCA01-45_block_25,temporal_block,15.0,0.8571221720254293,1
TABUENCA01-45,2024-04-25 14:47:32.030000+00:00,walking,1,random_forest,25,TABUENCA01-45_block_25,temporal_block,15.0,0.8813154403890512,1
TABUENCA01-45,2024-04-25 14:47:33.030000+00:00,walking,1,random_forest,25,TABUENCA01-45_block_25,temporal_block,15.0,0.882604590656584,1
TABUENCA01-45,2024-04-25 14:47:34.030000+00:00,walking,1,random_forest,25,TABUENCA01-45_block_25,temporal_block,15.0,0.8250658767969378,1
TABUENCA01-45,2024-04-25 14:47:35.030000+00:00,walking,1,random_forest,25,TABUENCA01-45_block_25,temporal_block,15.0,0.7860748355951092,1
TABUENCA01-45,2024-04-25 14:47:36.030000+00:00,walking,1,random_forest,25,TABUENCA01-45_block_25,temporal_block,15.0,0.8015212539165876,1
TABUENCA01-45,2024-04-25 14:47:37.030000+00:00,walking,1,random_forest,25,TABUENCA01-45_block_25,temporal_block,15.0,0.8503246977266768,1
TABUENCA01-45,2024-04-25 14:47:38.030000+00:00,walking,1,random_forest,25,TABUENCA01-45_block_25,temporal_block,15.0,0.881112034019953,1
TABUENCA01-45,2024-04-25 14:47:39.030000+00:00,walking,1,random_forest,25,TABUENCA01-45_block_25,temporal_block,15.0,0.8057580384567248,1
TABUENCA01-45,2024-04-25 14:47:40.030000+00:00,walking,1,random_forest,25,TABUENCA01-45_block_25,temporal_block,15.0,0.7387762056606275,1
TABUENCA01-45,2024-04-25 14:47:41.030000+00:00,walking,1,random_forest,25,TABUENCA01-45_block_25,temporal_block,15.0,0.9035463137763918,1
TABUENCA01-45,2024-04-25 14:47:42.030000+00:00,walking,1,random_forest,25,TABUENCA01-45_block_25,temporal_block,15.0,0.8668978655393321,1
TABUENCA01-45,2024-04-25 14:47:43.030000+00:00,walking,1,random_forest,25,TABUENCA01-45_block_25,temporal_block,15.0,0.8778868047204547,1
TABUENCA01-45,2024-04-25 14:47:44.030000+00:00,walking,1,random_forest,25,TABUENCA01-45_block_25,temporal_block,15.0,0.8158563267462539,1
TABUENCA01-45,2024-04-25 14:47:45.030000+00:00,walking,1,random_forest,25,TABUENCA01-45_block_25,temporal_block,15.0,0.9264810064179478,1
TABUENCA01-45,2024-04-25 14:47:46.030000+00:00,walking,1,random_forest,25,TABUENCA01-45_block_25,temporal_block,15.0,0.8637632307155992,1
TABUENCA01-45,2024-04-25 14:47:47.030000+00:00,walking,1,random_forest,25,TABUENCA01-45_block_25,temporal_block,15.0,0.8256218910803671,1
TABUENCA01-45,2024-04-25 14:47:48.030000+00:00,walking,1,random_forest,25,TABUENCA01-45_block_25,temporal_block,15.0,0.8749387236585422,1
TABUENCA01-45,2024-04-25 14:47:49.030000+00:00,walking,1,random_forest,25,TABUENCA01-45_block_25,temporal_block,15.0,0.7985508389045651,1
TABUENCA01-45,2024-04-25 14:47:50.030000+00:00,walking,1,random_forest,25,TABUENCA01-45_block_25,temporal_block,15.0,0.8558196253774524,1
TABUENCA01-45,2024-04-25 14:47:51.030000+00:00,walking,1,random_forest,25,TABUENCA01-45_block_25,temporal_block,15.0,0.8297599311965452,1
TABUENCA01-45,2024-04-25 14:47:52.030000+00:00,walking,1,random_forest,25,TABUENCA01-45_block_25,temporal_block,15.0,0.8643647752299063,1
TABUENCA01-45,2024-04-25 14:47:53.030000+00:00,walking,1,random_forest,25,TABUENCA01-45_block_25,temporal_block,15.0,0.8884670185959679,1
TABUENCA01-45,2024-04-25 14:47:54.030000+00:00,walking,1,random_forest,25,TABUENCA01-45_block_25,temporal_block,15.0,0.7963521245107413,1
TABUENCA01-45,2024-04-25 14:47:55.030000+00:00,walking,1,random_forest,25,TABUENCA01-45_block_25,temporal_block,15.0,0.8555001107497514,1
TABUENCA01-45,2024-04-25 14:47:56.030000+00:00,walking,1,random_forest,25,TABUENCA01-45_block_25,temporal_block,15.0,0.7546029899471842,1
TABUENCA01-45,2024-04-25 14:47:57.030000+00:00,walking,1,random_forest,25,TABUENCA01-45_block_25,temporal_block,15.0,0.7970145132225289,1
TABUENCA01-45,2024-04-25 14:47:58.030000+00:00,walking,1,random_forest,25,TABUENCA01-45_block_25,temporal_block,15.0,0.8267574963800062,1
TABUENCA01-45,2024-04-25 14:47:59.030000+00:00,walking,1,random_forest,25,TABUENCA01-45_block_25,temporal_block,15.0,0.8285282277415308,1
TABUENCA01-45,2024-04-25 14:48:00.030000+00:00,walking,1,random_forest,25,TABUENCA01-45_block_25,temporal_block,15.0,0.8632683145270118,1
TABUENCA01-45,2024-04-25 14:48:01.030000+00:00,walking,1,random_forest,25,TABUENCA01-45_block_25,temporal_block,15.0,0.8208602559830195,1
TABUENCA01-45,2024-04-25 14:48:02.030000+00:00,walking,1,random_forest,25,TABUENCA01-45_block_25,temporal_block,15.0,0.8362326162445652,1
TABUENCA01-45,2024-04-25 14:48:03.030000+00:00,walking,1,random_forest,25,TABUENCA01-45_block_25,temporal_block,15.0,0.7452741969307392,1
TABUENCA01-45,2024-04-25 14:48:04.030000+00:00,walking,1,random_forest,25,TABUENCA01-45_block_25,temporal_block,15.0,0.8374589585594573,1
TABUENCA01-45,2024-04-25 14:48:05.030000+00:00,walking,1,random_forest,25,TABUENCA01-45_block_25,temporal_block,15.0,0.8038925626603582,1
TABUENCA01-45,2024-04-25 14:48:06.030000+00:00,walking,1,random_forest,25,TABUENCA01-45_block_25,temporal_block,15.0,0.8824764177124295,1
TABUENCA01-45,2024-04-25 14:48:07.030000+00:00,walking,1,random_forest,25,TABUENCA01-45_block_25,temporal_block,15.0,0.821272412589711,1
TABUENCA01-45,2024-04-25 14:48:08.030000+00:00,walking,1,random_forest,25,TABUENCA01-45_block_25,temporal_block,15.0,0.8728021409090941,1
TABUENCA01-45,2024-04-25 14:48:09.030000+00:00,walking,1,random_forest,25,TABUENCA01-45_block_25,temporal_block,15.0,0.913550391957539,1
TABUENCA01-45,2024-04-25 14:48:10.030000+00:00,walking,1,random_forest,25,TABUENCA01-45_block_25,temporal_block,15.0,0.861167566781692,1
TABUENCA01-45,2024-04-25 14:48:11.030000+00:00,walking,1,random_forest,25,TABUENCA01-45_block_25,temporal_block,15.0,0.8640119026848752,1
TABUENCA01-45,2024-04-25 14:48:12.030000+00:00,walking,1,random_forest,25,TABUENCA01-45_block_25,temporal_block,15.0,0.8242631786350665,1
TABUENCA01-45,2024-04-25 14:48:13.030000+00:00,walking,1,random_forest,25,TABUENCA01-45_block_25,temporal_block,15.0,0.7986389200425399,1
TABUENCA01-45,2024-04-25 14:48:14.030000+00:00,walking,1,random_forest,25,TABUENCA01-45_block_25,temporal_block,15.0,0.8820714535008471,1
TABUENCA01-45,2024-04-25 14:48:15.030000+00:00,walking,1,random_forest,25,TABUENCA01-45_block_25,temporal_block,15.0,0.9226769783283547,1
TABUENCA01-45,2024-04-25 14:48:16.030000+00:00,walking,1,random_forest,25,TABUENCA01-45_block_25,temporal_block,15.0,0.8747863726807763,1
TABUENCA01-45,2024-04-25 14:48:17.030000+00:00,walking,1,random_forest,25,TABUENCA01-45_block_25,temporal_block,15.0,0.90079389940268,1
TABUENCA01-45,2024-04-25 14:48:20.010000+00:00,walking,1,random_forest,25,TABUENCA01-45_block_25,temporal_block,15.0,0.10997563281657748,0
TABUENCA01-45,2024-04-25 14:48:21.010000+00:00,walking,1,random_forest,25,TABUENCA01-45_block_25,temporal_block,15.0,0.05460425992019549,0
TABUENCA01-45,2024-04-25 14:48:22.010000+00:00,walking,1,random_forest,25,TABUENCA01-45_block_25,temporal_block,15.0,0.04534527899702786,0
TABUENCA01-45,2024-04-25 14:48:23.010000+00:00,walking,1,random_forest,25,TABUENCA01-45_block_25,temporal_block,15.0,0.04426493527018565,0
TABUENCA01-45,2024-04-25 14:48:24.010000+00:00,walking,1,random_forest,25,TABUENCA01-45_block_25,temporal_block,15.0,0.03764076014047251,0
TABUENCA01-45,2024-04-25 14:48:25.010000+00:00,walking,1,random_forest,25,TABUENCA01-45_block_25,temporal_block,15.0,0.05740050102558083,0
TABUENCA01-45,2024-04-25 14:48:26.010000+00:00,walking,1,random_forest,25,TABUENCA01-45_block_25,temporal_block,15.0,0.03969726772455185,0
TABUENCA01-45,2024-04-25 14:48:27.010000+00:00,walking,1,random_forest,25,TABUENCA01-45_block_25,temporal_block,15.0,0.034799528197464576,0
TABUENCA01-45,2024-04-25 14:48:28.010000+00:00,walking,1,random_forest,25,TABUENCA01-45_block_25,temporal_block,15.0,0.044979307667615084,0
TABUENCA01-45,2024-04-25 14:48:29.010000+00:00,walking,1,random_forest,25,TABUENCA01-45_block_25,temporal_block,15.0,0.1497060870959776,0
TABUENCA01-45,2024-04-25 14:48:30.010000+00:00,walking,1,random_forest,25,TABUENCA01-45_block_25,temporal_block,15.0,0.0770899388400922,0
TABUENCA01-45,2024-04-25 14:48:31.010000+00:00,walking,1,random_forest,25,TABUENCA01-45_block_25,temporal_block,15.0,0.055780350929108144,0
TABUENCA01-45,2024-04-25 14:48:32.010000+00:00,walking,1,random_forest,25,TABUENCA01-45_block_25,temporal_block,15.0,0.053036281249201206,0
TABUENCA01-45,2024-04-25 14:48:33.010000+00:00,walking,1,random_forest,25,TABUENCA01-45_block_25,temporal_block,15.0,0.12196427605194418,0
TABUENCA01-45,2024-04-25 14:48:34.010000+00:00,walking,1,random_forest,25,TABUENCA01-45_block_25,temporal_block,15.0,0.0685347666069377,0
TABUENCA01-45,2024-04-25 14:48:35.010000+00:00,walking,1,random_forest,25,TABUENCA01-45_block_25,temporal_block,15.0,0.0967369986570563,0
TABUENCA01-45,2024-04-25 14:48:36.010000+00:00,walking,1,random_forest,25,TABUENCA01-45_block_25,temporal_block,15.0,0.046102458838390245,0
TABUENCA01-45,2024-04-25 14:48:37.010000+00:00,walking,1,random_forest,25,TABUENCA01-45_block_25,temporal_block,15.0,0.04828765821541167,0
TABUENCA01-45,2024-04-25 14:48:38.010000+00:00,walking,1,random_forest,25,TABUENCA01-45_block_25,temporal_block,15.0,0.7181123338498594,1
TABUENCA01-45,2024-04-25 14:48:39.010000+00:00,walking,1,random_forest,25,TABUENCA01-45_block_25,temporal_block,15.0,0.8090935592440567,1
TABUENCA01-45,2024-04-25 14:48:40.010000+00:00,walking,1,random_forest,25,TABUENCA01-45_block_25,temporal_block,15.0,0.916916815192296,1
TABUENCA01-45,2024-04-25 14:48:41.010000+00:00,walking,1,random_forest,25,TABUENCA01-45_block_25,temporal_block,15.0,0.8919923499226462,1
TABUENCA01-45,2024-04-25 14:48:42.010000+00:00,walking,1,random_forest,25,TABUENCA01-45_block_25,temporal_block,15.0,0.8957496767834388,1
TABUENCA01-45,2024-04-25 14:48:43.010000+00:00,walking,1,random_forest,25,TABUENCA01-45_block_25,temporal_block,15.0,0.9372446066748307,1
TABUENCA01-45,2024-04-25 14:48:44.010000+00:00,walking,1,random_forest,25,TABUENCA01-45_block_25,temporal_block,15.0,0.9133317736713875,1
TABUENCA01-45,2024-04-25 14:48:45.010000+00:00,walking,1,random_forest,25,TABUENCA01-45_block_25,temporal_block,15.0,0.9514717814308754,1
TABUENCA01-45,2024-04-25 14:48:46.010000+00:00,walking,1,random_forest,25,TABUENCA01-45_block_25,temporal_block,15.0,0.9282823757249745,1
TABUENCA01-45,2024-04-25 14:48:47.010000+00:00,walking,1,random_forest,25,TABUENCA01-45_block_25,temporal_block,15.0,0.9495958824078375,1
TABUENCA01-45,2024-04-25 14:48:48.010000+00:00,walking,1,random_forest,25,TABUENCA01-45_block_25,temporal_block,15.0,0.944614765266484,1
TABUENCA01-45,2024-04-25 14:48:49.010000+00:00,walking,1,random_forest,25,TABUENCA01-45_block_25,temporal_block,15.0,0.9408642046377633,1
TABUENCA01-45,2024-04-25 14:48:50.010000+00:00,walking,1,random_forest,25,TABUENCA01-45_block_25,temporal_block,15.0,0.9057303357390504,1
TABUENCA01-45,2024-04-25 14:48:51.010000+00:00,walking,1,random_forest,25,TABUENCA01-45_block_25,temporal_block,15.0,0.9179025495390789,1
TABUENCA01-45,2024-04-25 14:48:52.010000+00:00,walking,1,random_forest,25,TABUENCA01-45_block_25,temporal_block,15.0,0.9319232189315992,1
TABUENCA01-45,2024-04-25 14:48:53.010000+00:00,walking,1,random_forest,25,TABUENCA01-45_block_25,temporal_block,15.0,0.9358987895037584,1
TABUENCA01-45,2024-04-25 14:48:54.010000+00:00,walking,1,random_forest,25,TABUENCA01-45_block_25,temporal_block,15.0,0.8985677736344068,1
TABUENCA01-45,2024-04-25 14:48:55.010000+00:00,walking,1,random_forest,25,TABUENCA01-45_block_25,temporal_block,15.0,0.9381490078932366,1
TABUENCA01-45,2024-04-25 14:48:56.010000+00:00,walking,1,random_forest,25,TABUENCA01-45_block_25,temporal_block,15.0,0.9415456712663183,1
TABUENCA01-45,2024-04-25 14:48:57.010000+00:00,walking,1,random_forest,25,TABUENCA01-45_block_25,temporal_block,15.0,0.9512149871638141,1
TABUENCA01-45,2024-04-25 14:48:58.010000+00:00,walking,1,random_forest,25,TABUENCA01-45_block_25,temporal_block,15.0,0.946309917464108,1
TABUENCA01-45,2024-04-25 14:48:59.010000+00:00,walking,1,random_forest,25,TABUENCA01-45_block_25,temporal_block,15.0,0.8883650540736819,1
TABUENCA01-45,2024-04-25 14:49:00.010000+00:00,walking,1,random_forest,25,TABUENCA01-45_block_25,temporal_block,15.0,0.9007102728926071,1
TABUENCA01-45,2024-04-25 14:49:01.010000+00:00,walking,1,random_forest,25,TABUENCA01-45_block_25,temporal_block,15.0,0.9244743205448331,1
TABUENCA01-45,2024-04-25 14:49:02.010000+00:00,walking,1,random_forest,25,TABUENCA01-45_block_25,temporal_block,15.0,0.9486293596107142,1
TABUENCA01-45,2024-04-25 14:49:03.010000+00:00,walking,1,random_forest,25,TABUENCA01-45_block_25,temporal_block,15.0,0.9188174723783121,1
TABUENCA01-45,2024-04-25 14:49:04.010000+00:00,walking,1,random_forest,25,TABUENCA01-45_block_25,temporal_block,15.0,0.9000929911732434,1
TABUENCA01-45,2024-04-25 14:49:05.010000+00:00,walking,1,random_forest,25,TABUENCA01-45_block_25,temporal_block,15.0,0.8982342526998599,1
TABUENCA01-45,2024-04-25 14:49:06.010000+00:00,walking,1,random_forest,25,TABUENCA01-45_block_25,temporal_block,15.0,0.8571434927311062,1
TABUENCA01-45,2024-04-25 14:49:07.010000+00:00,walking,1,random_forest,25,TABUENCA01-45_block_25,temporal_block,15.0,0.950197366515868,1
TABUENCA01-45,2024-04-25 14:49:08.010000+00:00,walking,1,random_forest,25,TABUENCA01-45_block_25,temporal_block,15.0,0.9256895173485146,1
TABUENCA01-45,2024-04-25 14:49:09.010000+00:00,walking,1,random_forest,25,TABUENCA01-45_block_25,temporal_block,15.0,0.8937877229742571,1
TABUENCA01-45,2024-04-25 14:49:10.010000+00:00,walking,1,random_forest,25,TABUENCA01-45_block_25,temporal_block,15.0,0.891900728959597,1
TABUENCA01-45,2024-04-25 14:49:11.010000+00:00,walking,1,random_forest,25,TABUENCA01-45_block_25,temporal_block,15.0,0.8882673789843488,1
TABUENCA01-45,2024-04-25 14:49:12.010000+00:00,walking,1,random_forest,25,TABUENCA01-45_block_25,temporal_block,15.0,0.9140170514503548,1
TABUENCA01-45,2024-04-25 14:49:13.010000+00:00,walking,1,random_forest,25,TABUENCA01-45_block_25,temporal_block,15.0,0.9362850862268823,1
TABUENCA01-45,2024-04-25 14:49:14.010000+00:00,walking,1,random_forest,25,TABUENCA01-45_block_25,temporal_block,15.0,0.9303588968981006,1
TABUENCA01-45,2024-04-25 14:49:15.010000+00:00,walking,1,random_forest,25,TABUENCA01-45_block_25,temporal_block,15.0,0.8852462688114962,1
TABUENCA01-45,2024-04-25 14:49:16.010000+00:00,walking,1,random_forest,25,TABUENCA01-45_block_25,temporal_block,15.0,0.865189864768411,1
TABUENCA01-45,2024-04-25 14:49:17.010000+00:00,walking,1,random_forest,25,TABUENCA01-45_block_25,temporal_block,15.0,0.9462666923942475,1
TABUENCA01-45,2024-04-25 14:49:18.010000+00:00,walking,1,random_forest,25,TABUENCA01-45_block_25,temporal_block,15.0,0.9374827615914205,1
TABUENCA01-45,2024-04-25 14:49:19.010000+00:00,walking,1,random_forest,25,TABUENCA01-45_block_25,temporal_block,15.0,0.9473381363579023,1
TABUENCA01-45,2024-04-25 14:49:20.010000+00:00,walking,1,random_forest,25,TABUENCA01-45_block_25,temporal_block,15.0,0.948720322440052,1
TABUENCA01-45,2024-04-25 14:49:21.010000+00:00,walking,1,random_forest,25,TABUENCA01-45_block_25,temporal_block,15.0,0.8840814997471889,1
TABUENCA01-45,2024-04-25 14:49:22.010000+00:00,walking,1,random_forest,25,TABUENCA01-45_block_25,temporal_block,15.0,0.9454188466837739,1
TABUENCA01-45,2024-04-25 14:49:23.010000+00:00,walking,1,random_forest,25,TABUENCA01-45_block_25,temporal_block,15.0,0.9341353261302328,1
TABUENCA01-45,2024-04-25 14:49:24.010000+00:00,walking,1,random_forest,25,TABUENCA01-45_block_25,temporal_block,15.0,0.8420801822160725,1
TABUENCA01-45,2024-04-25 14:49:25.010000+00:00,walking,1,random_forest,25,TABUENCA01-45_block_25,temporal_block,15.0,0.9205304555956262,1
TABUENCA01-45,2024-04-25 14:49:26.010000+00:00,walking,1,random_forest,25,TABUENCA01-45_block_25,temporal_block,15.0,0.9276925351638882,1
TABUENCA01-45,2024-04-25 14:49:27.010000+00:00,walking,1,random_forest,25,TABUENCA01-45_block_25,temporal_block,15.0,0.9357400674335291,1
TABUENCA01-45,2024-04-25 14:49:28.010000+00:00,walking,1,random_forest,25,TABUENCA01-45_block_25,temporal_block,15.0,0.8990471835690474,1
TABUENCA01-45,2024-04-25 14:49:29.010000+00:00,walking,1,random_forest,25,TABUENCA01-45_block_25,temporal_block,15.0,0.8789628032839365,1
TABUENCA01-45,2024-04-25 14:49:30.010000+00:00,walking,1,random_forest,25,TABUENCA01-45_block_25,temporal_block,15.0,0.8895226067444791,1
TABUENCA01-45,2024-04-25 14:49:31.010000+00:00,walking,1,random_forest,25,TABUENCA01-45_block_25,temporal_block,15.0,0.8114051420280266,1
TABUENCA01-45,2024-04-25 14:49:32.010000+00:00,walking,1,random_forest,25,TABUENCA01-45_block_25,temporal_block,15.0,0.8942335504443151,1
TABUENCA01-45,2024-04-25 14:49:35.020000+00:00,not_walking,0,random_forest,25,TABUENCA01-45_block_25,temporal_block,15.0,0.23169196399208497,0
TABUENCA01-45,2024-04-25 14:49:36.020000+00:00,not_walking,0,random_forest,25,TABUENCA01-45_block_25,temporal_block,15.0,0.1438504143481946,0
TABUENCA01-45,2024-04-25 14:49:37.020000+00:00,not_walking,0,random_forest,25,TABUENCA01-45_block_25,temporal_block,15.0,0.17170818411809158,0
TABUENCA01-45,2024-04-25 14:49:38.020000+00:00,not_walking,0,random_forest,25,TABUENCA01-45_block_25,temporal_block,15.0,0.10047429443665175,0
TABUENCA01-45,2024-04-25 14:49:39.020000+00:00,not_walking,0,random_forest,25,TABUENCA01-45_block_25,temporal_block,15.0,0.04850973333097955,0
TABUENCA01-45,2024-04-25 14:49:40.020000+00:00,not_walking,0,random_forest,25,TABUENCA01-45_block_25,temporal_block,15.0,0.041429662290428056,0
TABUENCA01-45,2024-04-25 14:49:41.020000+00:00,not_walking,0,random_forest,25,TABUENCA01-45_block_25,temporal_block,15.0,0.11955903347287446,0
TABUENCA01-45,2024-04-25 14:49:42.020000+00:00,not_walking,0,random_forest,25,TABUENCA01-45_block_25,temporal_block,15.0,0.0726998914764726,0
