reference,time_center,sequence_start_time,sequence_end_time,prediction,prediction_label,walking_probability,true_label,expected_content,seen_patient,segment_from_time,segment_until_time,prediction_file,stitched_segment_order,stitched_row,stitched_time_s,stitched_prediction,stitched_prediction_label
05447093A-110,2024-05-09 10:26:51.020000+00:00,2024-05-09T10:26:47.020000+00:00,2024-05-09T10:26:55.020000+00:00,0,not_walking,0.050270565,not_walking,not_walking,False,2024-05-09 10:26:46,2024-05-09 10:34:00,salidas_test/transformer_sequence_predictions/05447093A_110_20240509_102646_20240509_103400_transformer_predictions.csv,0,0,0,0,not_walking
05447093A-110,2024-05-09 10:26:52.020000+00:00,2024-05-09T10:26:48.020000+00:00,2024-05-09T10:26:56.020000+00:00,0,not_walking,0.030567294,not_walking,not_walking,False,2024-05-09 10:26:46,2024-05-09 10:34:00,salidas_test/transformer_sequence_predictions/05447093A_110_20240509_102646_20240509_103400_transformer_predictions.csv,0,1,1,0,not_walking
05447093A-110,2024-05-09 10:26:53.020000+00:00,2024-05-09T10:26:49.020000+00:00,2024-05-09T10:26:57.020000+00:00,0,not_walking,0.03585388,not_walking,not_walking,False,2024-05-09 10:26:46,2024-05-09 10:34:00,salidas_test/transformer_sequence_predictions/05447093A_110_20240509_102646_20240509_103400_transformer_predictions.csv,0,2,2,0,not_walking
05447093A-110,2024-05-09 10:26:54.020000+00:00,2024-05-09T10:26:50.020000+00:00,2024-05-09T10:26:58.020000+00:00,0,not_walking,0.02669403,not_walking,not_walking,False,2024-05-09 10:26:46,2024-05-09 10:34:00,salidas_test/transformer_sequence_predictions/05447093A_110_20240509_102646_20240509_103400_transformer_predictions.csv,0,3,3,0,not_walking
05447093A-110,2024-05-09 10:26:55.020000+00:00,2024-05-09T10:26:51.020000+00:00,2024-05-09T10:26:59.020000+00:00,0,not_walking,0.018175952,not_walking,not_walking,False,2024-05-09 10:26:46,2024-05-09 10:34:00,salidas_test/transformer_sequence_predictions/05447093A_110_20240509_102646_20240509_103400_transformer_predictions.csv,0,4,4,0,not_walking
05447093A-110,2024-05-09 10:26:56.020000+00:00,2024-05-09T10:26:52.020000+00:00,2024-05-09T10:27:00.020000+00:00,0,not_walking,0.072156675,not_walking,not_walking,False,2024-05-09 10:26:46,2024-05-09 10:34:00,salidas_test/transformer_sequence_predictions/05447093A_110_20240509_102646_20240509_103400_transformer_predictions.csv,0,5,5,0,not_walking
05447093A-110,2024-05-09 10:26:57.020000+00:00,2024-05-09T10:26:53.020000+00:00,2024-05-09T10:27:01.020000+00:00,0,not_walking,0.069307275,not_walking,not_walking,False,2024-05-09 10:26:46,2024-05-09 10:34:00,salidas_test/transformer_sequence_predictions/05447093A_110_20240509_102646_20240509_103400_transformer_predictions.csv,0,6,6,0,not_walking
05447093A-110,2024-05-09 10:26:58.020000+00:00,2024-05-09T10:26:54.020000+00:00,2024-05-09T10:27:02.020000+00:00,0,not_walking,0.055526104,not_walking,not_walking,False,2024-05-09 10:26:46,2024-05-09 10:34:00,salidas_test/transformer_sequence_predictions/05447093A_110_20240509_102646_20240509_103400_transformer_predictions.csv,0,7,7,0,not_walking
05447093A-110,2024-05-09 10:26:59.020000+00:00,2024-05-09T10:26:55.020000+00:00,2024-05-09T10:27:03.020000+00:00,0,not_walking,0.055901427,not_walking,not_walking,False,2024-05-09 10:26:46,2024-05-09 10:34:00,salidas_test/transformer_sequence_predictions/05447093A_110_20240509_102646_20240509_103400_transformer_predictions.csv,0,8,8,0,not_walking
05447093A-110,2024-05-09 10:27:00.020000+00:00,2024-05-09T10:26:56.020000+00:00,2024-05-09T10:27:04.020000+00:00,0,not_walking,0.13856882,not_walking,not_walking,False,2024-05-09 10:26:46,2024-05-09 10:34:00,salidas_test/transformer_sequence_predictions/05447093A_110_20240509_102646_20240509_103400_transformer_predictions.csv,0,9,9,0,not_walking
05447093A-110,2024-05-09 10:27:01.020000+00:00,2024-05-09T10:26:57.020000+00:00,2024-05-09T10:27:05.020000+00:00,0,not_walking,0.17875947,not_walking,not_walking,False,2024-05-09 10:26:46,2024-05-09 10:34:00,salidas_test/transformer_sequence_predictions/05447093A_110_20240509_102646_20240509_103400_transformer_predictions.csv,0,10,10,0,not_walking
05447093A-110,2024-05-09 10:27:02.020000+00:00,2024-05-09T10:26:58.020000+00:00,2024-05-09T10:27:06.020000+00:00,0,not_walking,0.20105082,not_walking,not_walking,False,2024-05-09 10:26:46,2024-05-09 10:34:00,salidas_test/transformer_sequence_predictions/05447093A_110_20240509_102646_20240509_103400_transformer_predictions.csv,0,11,11,0,not_walking
05447093A-110,2024-05-09 10:27:03.020000+00:00,2024-05-09T10:26:59.020000+00:00,2024-05-09T10:27:07.020000+00:00,0,not_walking,0.3550547,not_walking,not_walking,False,2024-05-09 10:26:46,2024-05-09 10:34:00,salidas_test/transformer_sequence_predictions/05447093A_110_20240509_102646_20240509_103400_transformer_predictions.csv,0,12,12,0,not_walking
05447093A-110,2024-05-09 10:27:04.020000+00:00,2024-05-09T10:27:00.020000+00:00,2024-05-09T10:27:08.020000+00:00,0,not_walking,0.1503758,not_walking,not_walking,False,2024-05-09 10:26:46,2024-05-09 10:34:00,salidas_test/transformer_sequence_predictions/05447093A_110_20240509_102646_20240509_103400_transformer_predictions.csv,0,13,13,0,not_walking
05447093A-110,2024-05-09 10:27:05.020000+00:00,2024-05-09T10:27:01.020000+00:00,2024-05-09T10:27:09.020000+00:00,0,not_walking,0.15178743,not_walking,not_walking,False,2024-05-09 10:26:46,2024-05-09 10:34:00,salidas_test/transformer_sequence_predictions/05447093A_110_20240509_102646_20240509_103400_transformer_predictions.csv,0,14,14,0,not_walking
05447093A-110,2024-05-09 10:27:06.020000+00:00,2024-05-09T10:27:02.020000+00:00,2024-05-09T10:27:10.020000+00:00,0,not_walking,0.17542803,not_walking,not_walking,False,2024-05-09 10:26:46,2024-05-09 10:34:00,salidas_test/transformer_sequence_predictions/05447093A_110_20240509_102646_20240509_103400_transformer_predictions.csv,0,15,15,0,not_walking
05447093A-110,2024-05-09 10:27:07.020000+00:00,2024-05-09T10:27:03.020000+00:00,2024-05-09T10:27:11.020000+00:00,0,not_walking,0.3815257,not_walking,not_walking,False,2024-05-09 10:26:46,2024-05-09 10:34:00,salidas_test/transformer_sequence_predictions/05447093A_110_20240509_102646_20240509_103400_transformer_predictions.csv,0,16,16,0,not_walking
05447093A-110,2024-05-09 10:27:08.020000+00:00,2024-05-09T10:27:04.020000+00:00,2024-05-09T10:27:12.020000+00:00,1,walking,0.43189487,not_walking,not_walking,False,2024-05-09 10:26:46,2024-05-09 10:34:00,salidas_test/transformer_sequence_predictions/05447093A_110_20240509_102646_20240509_103400_transformer_predictions.csv,0,17,17,0,not_walking
05447093A-110,2024-05-09 10:27:09.020000+00:00,2024-05-09T10:27:05.020000+00:00,2024-05-09T10:27:13.020000+00:00,1,walking,0.60662496,not_walking,not_walking,False,2024-05-09 10:26:46,2024-05-09 10:34:00,salidas_test/transformer_sequence_predictions/05447093A_110_20240509_102646_20240509_103400_transformer_predictions.csv,0,18,18,0,not_walking
05447093A-110,2024-05-09 10:27:10.020000+00:00,2024-05-09T10:27:06.020000+00:00,2024-05-09T10:27:14.020000+00:00,1,walking,0.47807553,not_walking,not_walking,False,2024-05-09 10:26:46,2024-05-09 10:34:00,salidas_test/transformer_sequence_predictions/05447093A_110_20240509_102646_20240509_103400_transformer_predictions.csv,0,19,19,0,not_walking
05447093A-110,2024-05-09 10:27:11.020000+00:00,2024-05-09T10:27:07.020000+00:00,2024-05-09T10:27:15.020000+00:00,0,not_walking,0.2388392,not_walking,not_walking,False,2024-05-09 10:26:46,2024-05-09 10:34:00,salidas_test/transformer_sequence_predictions/05447093A_110_20240509_102646_20240509_103400_transformer_predictions.csv,0,20,20,0,not_walking
05447093A-110,2024-05-09 10:27:12.020000+00:00,2024-05-09T10:27:08.020000+00:00,2024-05-09T10:27:16.020000+00:00,1,walking,0.5991778,not_walking,not_walking,False,2024-05-09 10:26:46,2024-05-09 10:34:00,salidas_test/transformer_sequence_predictions/05447093A_110_20240509_102646_20240509_103400_transformer_predictions.csv,0,21,21,0,not_walking
05447093A-110,2024-05-09 10:27:13.020000+00:00,2024-05-09T10:27:09.020000+00:00,2024-05-09T10:27:17.020000+00:00,1,walking,0.596383,not_walking,not_walking,False,2024-05-09 10:26:46,2024-05-09 10:34:00,salidas_test/transformer_sequence_predictions/05447093A_110_20240509_102646_20240509_103400_transformer_predictions.csv,0,22,22,0,not_walking
05447093A-110,2024-05-09 10:27:14.020000+00:00,2024-05-09T10:27:10.020000+00:00,2024-05-09T10:27:18.020000+00:00,1,walking,0.5567832,not_walking,not_walking,False,2024-05-09 10:26:46,2024-05-09 10:34:00,salidas_test/transformer_sequence_predictions/05447093A_110_20240509_102646_20240509_103400_transformer_predictions.csv,0,23,23,0,not_walking
05447093A-110,2024-05-09 10:27:15.020000+00:00,2024-05-09T10:27:11.020000+00:00,2024-05-09T10:27:19.020000+00:00,0,not_walking,0.2828583,not_walking,not_walking,False,2024-05-09 10:26:46,2024-05-09 10:34:00,salidas_test/transformer_sequence_predictions/05447093A_110_20240509_102646_20240509_103400_transformer_predictions.csv,0,24,24,0,not_walking
05447093A-110,2024-05-09 10:27:16.020000+00:00,2024-05-09T10:27:12.020000+00:00,2024-05-09T10:27:20.020000+00:00,0,not_walking,0.23731624,not_walking,not_walking,False,2024-05-09 10:26:46,2024-05-09 10:34:00,salidas_test/transformer_sequence_predictions/05447093A_110_20240509_102646_20240509_103400_transformer_predictions.csv,0,25,25,0,not_walking
05447093A-110,2024-05-09 10:27:17.020000+00:00,2024-05-09T10:27:13.020000+00:00,2024-05-09T10:27:21.020000+00:00,0,not_walking,0.08143529,not_walking,not_walking,False,2024-05-09 10:26:46,2024-05-09 10:34:00,salidas_test/transformer_sequence_predictions/05447093A_110_20240509_102646_20240509_103400_transformer_predictions.csv,0,26,26,0,not_walking
05447093A-110,2024-05-09 10:27:18.020000+00:00,2024-05-09T10:27:14.020000+00:00,2024-05-09T10:27:22.020000+00:00,0,not_walking,0.2150611,not_walking,not_walking,False,2024-05-09 10:26:46,2024-05-09 10:34:00,salidas_test/transformer_sequence_predictions/05447093A_110_20240509_102646_20240509_103400_transformer_predictions.csv,0,27,27,0,not_walking
05447093A-110,2024-05-09 10:27:19.020000+00:00,2024-05-09T10:27:15.020000+00:00,2024-05-09T10:27:23.020000+00:00,0,not_walking,0.17491715,not_walking,not_walking,False,2024-05-09 10:26:46,2024-05-09 10:34:00,salidas_test/transformer_sequence_predictions/05447093A_110_20240509_102646_20240509_103400_transformer_predictions.csv,0,28,28,0,not_walking
05447093A-110,2024-05-09 10:27:20.020000+00:00,2024-05-09T10:27:16.020000+00:00,2024-05-09T10:27:24.020000+00:00,0,not_walking,0.13919048,not_walking,not_walking,False,2024-05-09 10:26:46,2024-05-09 10:34:00,salidas_test/transformer_sequence_predictions/05447093A_110_20240509_102646_20240509_103400_transformer_predictions.csv,0,29,29,0,not_walking
05447093A-110,2024-05-09 10:27:21.020000+00:00,2024-05-09T10:27:17.020000+00:00,2024-05-09T10:27:25.020000+00:00,0,not_walking,0.4123955,not_walking,not_walking,False,2024-05-09 10:26:46,2024-05-09 10:34:00,salidas_test/transformer_sequence_predictions/05447093A_110_20240509_102646_20240509_103400_transformer_predictions.csv,0,30,30,0,not_walking
05447093A-110,2024-05-09 10:27:22.020000+00:00,2024-05-09T10:27:18.020000+00:00,2024-05-09T10:27:26.020000+00:00,0,not_walking,0.2748035,not_walking,not_walking,False,2024-05-09 10:26:46,2024-05-09 10:34:00,salidas_test/transformer_sequence_predictions/05447093A_110_20240509_102646_20240509_103400_transformer_predictions.csv,0,31,31,0,not_walking
05447093A-110,2024-05-09 10:27:23.020000+00:00,2024-05-09T10:27:19.020000+00:00,2024-05-09T10:27:27.020000+00:00,0,not_walking,0.28344816,not_walking,not_walking,False,2024-05-09 10:26:46,2024-05-09 10:34:00,salidas_test/transformer_sequence_predictions/05447093A_110_20240509_102646_20240509_103400_transformer_predictions.csv,0,32,32,0,not_walking
05447093A-110,2024-05-09 10:27:24.020000+00:00,2024-05-09T10:27:20.020000+00:00,2024-05-09T10:27:28.020000+00:00,1,walking,0.9140247,not_walking,not_walking,False,2024-05-09 10:26:46,2024-05-09 10:34:00,salidas_test/transformer_sequence_predictions/05447093A_110_20240509_102646_20240509_103400_transformer_predictions.csv,0,33,33,0,not_walking
05447093A-110,2024-05-09 10:27:25.020000+00:00,2024-05-09T10:27:21.020000+00:00,2024-05-09T10:27:29.020000+00:00,1,walking,0.6409879,not_walking,not_walking,False,2024-05-09 10:26:46,2024-05-09 10:34:00,salidas_test/transformer_sequence_predictions/05447093A_110_20240509_102646_20240509_103400_transformer_predictions.csv,0,34,34,0,not_walking
05447093A-110,2024-05-09 10:27:26.020000+00:00,2024-05-09T10:27:22.020000+00:00,2024-05-09T10:27:30.020000+00:00,1,walking,0.7995603,not_walking,not_walking,False,2024-05-09 10:26:46,2024-05-09 10:34:00,salidas_test/transformer_sequence_predictions/05447093A_110_20240509_102646_20240509_103400_transformer_predictions.csv,0,35,35,0,not_walking
05447093A-110,2024-05-09 10:27:27.020000+00:00,2024-05-09T10:27:23.020000+00:00,2024-05-09T10:27:31.020000+00:00,1,walking,0.48054308,not_walking,not_walking,False,2024-05-09 10:26:46,2024-05-09 10:34:00,salidas_test/transformer_sequence_predictions/05447093A_110_20240509_102646_20240509_103400_transformer_predictions.csv,0,36,36,0,not_walking
05447093A-110,2024-05-09 10:27:28.020000+00:00,2024-05-09T10:27:24.020000+00:00,2024-05-09T10:27:32.020000+00:00,0,not_walking,0.32118553,not_walking,not_walking,False,2024-05-09 10:26:46,2024-05-09 10:34:00,salidas_test/transformer_sequence_predictions/05447093A_110_20240509_102646_20240509_103400_transformer_predictions.csv,0,37,37,0,not_walking
05447093A-110,2024-05-09 10:27:29.020000+00:00,2024-05-09T10:27:25.020000+00:00,2024-05-09T10:27:33.020000+00:00,0,not_walking,0.2755814,not_walking,not_walking,False,2024-05-09 10:26:46,2024-05-09 10:34:00,salidas_test/transformer_sequence_predictions/05447093A_110_20240509_102646_20240509_103400_transformer_predictions.csv,0,38,38,0,not_walking
05447093A-110,2024-05-09 10:27:30.020000+00:00,2024-05-09T10:27:26.020000+00:00,2024-05-09T10:27:34.020000+00:00,0,not_walking,0.34611306,not_walking,not_walking,False,2024-05-09 10:26:46,2024-05-09 10:34:00,salidas_test/transformer_sequence_predictions/05447093A_110_20240509_102646_20240509_103400_transformer_predictions.csv,0,39,39,0,not_walking
05447093A-110,2024-05-09 10:27:31.020000+00:00,2024-05-09T10:27:27.020000+00:00,2024-05-09T10:27:35.020000+00:00,1,walking,0.43784666,not_walking,not_walking,False,2024-05-09 10:26:46,2024-05-09 10:34:00,salidas_test/transformer_sequence_predictions/05447093A_110_20240509_102646_20240509_103400_transformer_predictions.csv,0,40,40,0,not_walking
05447093A-110,2024-05-09 10:27:32.020000+00:00,2024-05-09T10:27:28.020000+00:00,2024-05-09T10:27:36.020000+00:00,0,not_walking,0.17597479,not_walking,not_walking,False,2024-05-09 10:26:46,2024-05-09 10:34:00,salidas_test/transformer_sequence_predictions/05447093A_110_20240509_102646_20240509_103400_transformer_predictions.csv,0,41,41,0,not_walking
05447093A-110,2024-05-09 10:27:33.020000+00:00,2024-05-09T10:27:29.020000+00:00,2024-05-09T10:27:37.020000+00:00,0,not_walking,0.13724966,not_walking,not_walking,False,2024-05-09 10:26:46,2024-05-09 10:34:00,salidas_test/transformer_sequence_predictions/05447093A_110_20240509_102646_20240509_103400_transformer_predictions.csv,0,42,42,0,not_walking
05447093A-110,2024-05-09 10:27:34.020000+00:00,2024-05-09T10:27:30.020000+00:00,2024-05-09T10:27:38.020000+00:00,0,not_walking,0.22231734,not_walking,not_walking,False,2024-05-09 10:26:46,2024-05-09 10:34:00,salidas_test/transformer_sequence_predictions/05447093A_110_20240509_102646_20240509_103400_transformer_predictions.csv,0,43,43,0,not_walking
05447093A-110,2024-05-09 10:27:35.020000+00:00,2024-05-09T10:27:31.020000+00:00,2024-05-09T10:27:39.020000+00:00,0,not_walking,0.14747404,not_walking,not_walking,False,2024-05-09 10:26:46,2024-05-09 10:34:00,salidas_test/transformer_sequence_predictions/05447093A_110_20240509_102646_20240509_103400_transformer_predictions.csv,0,44,44,0,not_walking
05447093A-110,2024-05-09 10:27:36.020000+00:00,2024-05-09T10:27:32.020000+00:00,2024-05-09T10:27:40.020000+00:00,0,not_walking,0.3814799,not_walking,not_walking,False,2024-05-09 10:26:46,2024-05-09 10:34:00,salidas_test/transformer_sequence_predictions/05447093A_110_20240509_102646_20240509_103400_transformer_predictions.csv,0,45,45,0,not_walking
05447093A-110,2024-05-09 10:27:37.020000+00:00,2024-05-09T10:27:33.020000+00:00,2024-05-09T10:27:41.020000+00:00,1,walking,0.7361813,not_walking,not_walking,False,2024-05-09 10:26:46,2024-05-09 10:34:00,salidas_test/transformer_sequence_predictions/05447093A_110_20240509_102646_20240509_103400_transformer_predictions.csv,0,46,46,1,walking
05447093A-110,2024-05-09 10:27:38.020000+00:00,2024-05-09T10:27:34.020000+00:00,2024-05-09T10:27:42.020000+00:00,1,walking,0.87084574,not_walking,not_walking,False,2024-05-09 10:26:46,2024-05-09 10:34:00,salidas_test/transformer_sequence_predictions/05447093A_110_20240509_102646_20240509_103400_transformer_predictions.csv,0,47,47,1,walking
05447093A-110,2024-05-09 10:27:39.020000+00:00,2024-05-09T10:27:35.020000+00:00,2024-05-09T10:27:43.020000+00:00,1,walking,0.47665226,not_walking,not_walking,False,2024-05-09 10:26:46,2024-05-09 10:34:00,salidas_test/transformer_sequence_predictions/05447093A_110_20240509_102646_20240509_103400_transformer_predictions.csv,0,48,48,1,walking
05447093A-110,2024-05-09 10:27:40.020000+00:00,2024-05-09T10:27:36.020000+00:00,2024-05-09T10:27:44.020000+00:00,1,walking,0.85582304,not_walking,not_walking,False,2024-05-09 10:26:46,2024-05-09 10:34:00,salidas_test/transformer_sequence_predictions/05447093A_110_20240509_102646_20240509_103400_transformer_predictions.csv,0,49,49,1,walking
05447093A-110,2024-05-09 10:27:41.020000+00:00,2024-05-09T10:27:37.020000+00:00,2024-05-09T10:27:45.020000+00:00,1,walking,0.516804,not_walking,not_walking,False,2024-05-09 10:26:46,2024-05-09 10:34:00,salidas_test/transformer_sequence_predictions/05447093A_110_20240509_102646_20240509_103400_transformer_predictions.csv,0,50,50,1,walking
05447093A-110,2024-05-09 10:27:42.020000+00:00,2024-05-09T10:27:38.020000+00:00,2024-05-09T10:27:46.020000+00:00,1,walking,0.8350537,not_walking,not_walking,False,2024-05-09 10:26:46,2024-05-09 10:34:00,salidas_test/transformer_sequence_predictions/05447093A_110_20240509_102646_20240509_103400_transformer_predictions.csv,0,51,51,1,walking
05447093A-110,2024-05-09 10:27:43.020000+00:00,2024-05-09T10:27:39.020000+00:00,2024-05-09T10:27:47.020000+00:00,1,walking,0.8264824,not_walking,not_walking,False,2024-05-09 10:26:46,2024-05-09 10:34:00,salidas_test/transformer_sequence_predictions/05447093A_110_20240509_102646_20240509_103400_transformer_predictions.csv,0,52,52,1,walking
05447093A-110,2024-05-09 10:27:44.020000+00:00,2024-05-09T10:27:40.020000+00:00,2024-05-09T10:27:48.020000+00:00,1,walking,0.80808437,not_walking,not_walking,False,2024-05-09 10:26:46,2024-05-09 10:34:00,salidas_test/transformer_sequence_predictions/05447093A_110_20240509_102646_20240509_103400_transformer_predictions.csv,0,53,53,1,walking
05447093A-110,2024-05-09 10:27:45.020000+00:00,2024-05-09T10:27:41.020000+00:00,2024-05-09T10:27:49.020000+00:00,1,walking,0.8972239,not_walking,not_walking,False,2024-05-09 10:26:46,2024-05-09 10:34:00,salidas_test/transformer_sequence_predictions/05447093A_110_20240509_102646_20240509_103400_transformer_predictions.csv,0,54,54,1,walking
05447093A-110,2024-05-09 10:27:46.020000+00:00,2024-05-09T10:27:42.020000+00:00,2024-05-09T10:27:50.020000+00:00,0,not_walking,0.40833873,not_walking,not_walking,False,2024-05-09 10:26:46,2024-05-09 10:34:00,salidas_test/transformer_sequence_predictions/05447093A_110_20240509_102646_20240509_103400_transformer_predictions.csv,0,55,55,0,not_walking
05447093A-110,2024-05-09 10:27:47.020000+00:00,2024-05-09T10:27:43.020000+00:00,2024-05-09T10:27:51.020000+00:00,0,not_walking,0.30842516,not_walking,not_walking,False,2024-05-09 10:26:46,2024-05-09 10:34:00,salidas_test/transformer_sequence_predictions/05447093A_110_20240509_102646_20240509_103400_transformer_predictions.csv,0,56,56,0,not_walking
05447093A-110,2024-05-09 10:27:48.020000+00:00,2024-05-09T10:27:44.020000+00:00,2024-05-09T10:27:52.020000+00:00,1,walking,0.4607288,not_walking,not_walking,False,2024-05-09 10:26:46,2024-05-09 10:34:00,salidas_test/transformer_sequence_predictions/05447093A_110_20240509_102646_20240509_103400_transformer_predictions.csv,0,57,57,0,not_walking
05447093A-110,2024-05-09 10:27:49.020000+00:00,2024-05-09T10:27:45.020000+00:00,2024-05-09T10:27:53.020000+00:00,0,not_walking,0.3637347,not_walking,not_walking,False,2024-05-09 10:26:46,2024-05-09 10:34:00,salidas_test/transformer_sequence_predictions/05447093A_110_20240509_102646_20240509_103400_transformer_predictions.csv,0,58,58,0,not_walking
05447093A-110,2024-05-09 10:27:50.020000+00:00,2024-05-09T10:27:46.020000+00:00,2024-05-09T10:27:54.020000+00:00,0,not_walking,0.19091241,not_walking,not_walking,False,2024-05-09 10:26:46,2024-05-09 10:34:00,salidas_test/transformer_sequence_predictions/05447093A_110_20240509_102646_20240509_103400_transformer_predictions.csv,0,59,59,0,not_walking
05447093A-110,2024-05-09 10:27:51.020000+00:00,2024-05-09T10:27:47.020000+00:00,2024-05-09T10:27:55.020000+00:00,0,not_walking,0.40495047,not_walking,not_walking,False,2024-05-09 10:26:46,2024-05-09 10:34:00,salidas_test/transformer_sequence_predictions/05447093A_110_20240509_102646_20240509_103400_transformer_predictions.csv,0,60,60,0,not_walking
05447093A-110,2024-05-09 10:27:52.020000+00:00,2024-05-09T10:27:48.020000+00:00,2024-05-09T10:27:56.020000+00:00,0,not_walking,0.32631642,not_walking,not_walking,False,2024-05-09 10:26:46,2024-05-09 10:34:00,salidas_test/transformer_sequence_predictions/05447093A_110_20240509_102646_20240509_103400_transformer_predictions.csv,0,61,61,0,not_walking
05447093A-110,2024-05-09 10:27:53.020000+00:00,2024-05-09T10:27:49.020000+00:00,2024-05-09T10:27:57.020000+00:00,0,not_walking,0.31055012,not_walking,not_walking,False,2024-05-09 10:26:46,2024-05-09 10:34:00,salidas_test/transformer_sequence_predictions/05447093A_110_20240509_102646_20240509_103400_transformer_predictions.csv,0,62,62,0,not_walking
05447093A-110,2024-05-09 10:27:54.020000+00:00,2024-05-09T10:27:50.020000+00:00,2024-05-09T10:27:58.020000+00:00,1,walking,0.87646884,not_walking,not_walking,False,2024-05-09 10:26:46,2024-05-09 10:34:00,salidas_test/transformer_sequence_predictions/05447093A_110_20240509_102646_20240509_103400_transformer_predictions.csv,0,63,63,1,walking
05447093A-110,2024-05-09 10:27:55.020000+00:00,2024-05-09T10:27:51.020000+00:00,2024-05-09T10:27:59.020000+00:00,1,walking,0.96996766,not_walking,not_walking,False,2024-05-09 10:26:46,2024-05-09 10:34:00,salidas_test/transformer_sequence_predictions/05447093A_110_20240509_102646_20240509_103400_transformer_predictions.csv,0,64,64,1,walking
05447093A-110,2024-05-09 10:27:56.020000+00:00,2024-05-09T10:27:52.020000+00:00,2024-05-09T10:28:00.020000+00:00,1,walking,0.9785209,not_walking,not_walking,False,2024-05-09 10:26:46,2024-05-09 10:34:00,salidas_test/transformer_sequence_predictions/05447093A_110_20240509_102646_20240509_103400_transformer_predictions.csv,0,65,65,1,walking
05447093A-110,2024-05-09 10:27:57.020000+00:00,2024-05-09T10:27:53.020000+00:00,2024-05-09T10:28:01.020000+00:00,1,walking,0.9669806,not_walking,not_walking,False,2024-05-09 10:26:46,2024-05-09 10:34:00,salidas_test/transformer_sequence_predictions/05447093A_110_20240509_102646_20240509_103400_transformer_predictions.csv,0,66,66,1,walking
05447093A-110,2024-05-09 10:27:58.020000+00:00,2024-05-09T10:27:54.020000+00:00,2024-05-09T10:28:02.020000+00:00,1,walking,0.98382044,not_walking,not_walking,False,2024-05-09 10:26:46,2024-05-09 10:34:00,salidas_test/transformer_sequence_predictions/05447093A_110_20240509_102646_20240509_103400_transformer_predictions.csv,0,67,67,1,walking
05447093A-110,2024-05-09 10:27:59.020000+00:00,2024-05-09T10:27:55.020000+00:00,2024-05-09T10:28:03.020000+00:00,1,walking,0.9474467,not_walking,not_walking,False,2024-05-09 10:26:46,2024-05-09 10:34:00,salidas_test/transformer_sequence_predictions/05447093A_110_20240509_102646_20240509_103400_transformer_predictions.csv,0,68,68,1,walking
05447093A-110,2024-05-09 10:28:00.020000+00:00,2024-05-09T10:27:56.020000+00:00,2024-05-09T10:28:04.020000+00:00,1,walking,0.9494268,not_walking,not_walking,False,2024-05-09 10:26:46,2024-05-09 10:34:00,salidas_test/transformer_sequence_predictions/05447093A_110_20240509_102646_20240509_103400_transformer_predictions.csv,0,69,69,1,walking
05447093A-110,2024-05-09 10:28:01.020000+00:00,2024-05-09T10:27:57.020000+00:00,2024-05-09T10:28:05.020000+00:00,1,walking,0.9482061,not_walking,not_walking,False,2024-05-09 10:26:46,2024-05-09 10:34:00,salidas_test/transformer_sequence_predictions/05447093A_110_20240509_102646_20240509_103400_transformer_predictions.csv,0,70,70,1,walking
05447093A-110,2024-05-09 10:28:02.020000+00:00,2024-05-09T10:27:58.020000+00:00,2024-05-09T10:28:06.020000+00:00,1,walking,0.95703685,not_walking,not_walking,False,2024-05-09 10:26:46,2024-05-09 10:34:00,salidas_test/transformer_sequence_predictions/05447093A_110_20240509_102646_20240509_103400_transformer_predictions.csv,0,71,71,1,walking
05447093A-110,2024-05-09 10:28:03.020000+00:00,2024-05-09T10:27:59.020000+00:00,2024-05-09T10:28:07.020000+00:00,1,walking,0.9542508,not_walking,not_walking,False,2024-05-09 10:26:46,2024-05-09 10:34:00,salidas_test/transformer_sequence_predictions/05447093A_110_20240509_102646_20240509_103400_transformer_predictions.csv,0,72,72,1,walking
05447093A-110,2024-05-09 10:28:04.020000+00:00,2024-05-09T10:28:00.020000+00:00,2024-05-09T10:28:08.020000+00:00,1,walking,0.966224,not_walking,not_walking,False,2024-05-09 10:26:46,2024-05-09 10:34:00,salidas_test/transformer_sequence_predictions/05447093A_110_20240509_102646_20240509_103400_transformer_predictions.csv,0,73,73,1,walking
05447093A-110,2024-05-09 10:28:05.020000+00:00,2024-05-09T10:28:01.020000+00:00,2024-05-09T10:28:09.020000+00:00,1,walking,0.9265844,not_walking,not_walking,False,2024-05-09 10:26:46,2024-05-09 10:34:00,salidas_test/transformer_sequence_predictions/05447093A_110_20240509_102646_20240509_103400_transformer_predictions.csv,0,74,74,1,walking
05447093A-110,2024-05-09 10:28:06.020000+00:00,2024-05-09T10:28:02.020000+00:00,2024-05-09T10:28:10.020000+00:00,1,walking,0.9701082,not_walking,not_walking,False,2024-05-09 10:26:46,2024-05-09 10:34:00,salidas_test/transformer_sequence_predictions/05447093A_110_20240509_102646_20240509_103400_transformer_predictions.csv,0,75,75,1,walking
05447093A-110,2024-05-09 10:28:07.020000+00:00,2024-05-09T10:28:03.020000+00:00,2024-05-09T10:28:11.020000+00:00,1,walking,0.9745719,not_walking,not_walking,False,2024-05-09 10:26:46,2024-05-09 10:34:00,salidas_test/transformer_sequence_predictions/05447093A_110_20240509_102646_20240509_103400_transformer_predictions.csv,0,76,76,1,walking
05447093A-110,2024-05-09 10:28:08.020000+00:00,2024-05-09T10:28:04.020000+00:00,2024-05-09T10:28:12.020000+00:00,1,walking,0.96703523,not_walking,not_walking,False,2024-05-09 10:26:46,2024-05-09 10:34:00,salidas_test/transformer_sequence_predictions/05447093A_110_20240509_102646_20240509_103400_transformer_predictions.csv,0,77,77,1,walking
05447093A-110,2024-05-09 10:28:09.020000+00:00,2024-05-09T10:28:05.020000+00:00,2024-05-09T10:28:13.020000+00:00,1,walking,0.9834072,not_walking,not_walking,False,2024-05-09 10:26:46,2024-05-09 10:34:00,salidas_test/transformer_sequence_predictions/05447093A_110_20240509_102646_20240509_103400_transformer_predictions.csv,0,78,78,1,walking
05447093A-110,2024-05-09 10:28:10.020000+00:00,2024-05-09T10:28:06.020000+00:00,2024-05-09T10:28:14.020000+00:00,1,walking,0.98204535,not_walking,not_walking,False,2024-05-09 10:26:46,2024-05-09 10:34:00,salidas_test/transformer_sequence_predictions/05447093A_110_20240509_102646_20240509_103400_transformer_predictions.csv,0,79,79,1,walking
05447093A-110,2024-05-09 10:28:11.020000+00:00,2024-05-09T10:28:07.020000+00:00,2024-05-09T10:28:15.020000+00:00,1,walking,0.9798809,not_walking,not_walking,False,2024-05-09 10:26:46,2024-05-09 10:34:00,salidas_test/transformer_sequence_predictions/05447093A_110_20240509_102646_20240509_103400_transformer_predictions.csv,0,80,80,1,walking
05447093A-110,2024-05-09 10:28:12.020000+00:00,2024-05-09T10:28:08.020000+00:00,2024-05-09T10:28:16.020000+00:00,1,walking,0.9782874,not_walking,not_walking,False,2024-05-09 10:26:46,2024-05-09 10:34:00,salidas_test/transformer_sequence_predictions/05447093A_110_20240509_102646_20240509_103400_transformer_predictions.csv,0,81,81,1,walking
05447093A-110,2024-05-09 10:28:13.020000+00:00,2024-05-09T10:28:09.020000+00:00,2024-05-09T10:28:17.020000+00:00,1,walking,0.9879175,not_walking,not_walking,False,2024-05-09 10:26:46,2024-05-09 10:34:00,salidas_test/transformer_sequence_predictions/05447093A_110_20240509_102646_20240509_103400_transformer_predictions.csv,0,82,82,1,walking
05447093A-110,2024-05-09 10:28:14.020000+00:00,2024-05-09T10:28:10.020000+00:00,2024-05-09T10:28:18.020000+00:00,1,walking,0.9877966,not_walking,not_walking,False,2024-05-09 10:26:46,2024-05-09 10:34:00,salidas_test/transformer_sequence_predictions/05447093A_110_20240509_102646_20240509_103400_transformer_predictions.csv,0,83,83,1,walking
05447093A-110,2024-05-09 10:28:15.020000+00:00,2024-05-09T10:28:11.020000+00:00,2024-05-09T10:28:19.020000+00:00,1,walking,0.98810273,not_walking,not_walking,False,2024-05-09 10:26:46,2024-05-09 10:34:00,salidas_test/transformer_sequence_predictions/05447093A_110_20240509_102646_20240509_103400_transformer_predictions.csv,0,84,84,1,walking
05447093A-110,2024-05-09 10:28:16.020000+00:00,2024-05-09T10:28:12.020000+00:00,2024-05-09T10:28:20.020000+00:00,1,walking,0.9859956,not_walking,not_walking,False,2024-05-09 10:26:46,2024-05-09 10:34:00,salidas_test/transformer_sequence_predictions/05447093A_110_20240509_102646_20240509_103400_transformer_predictions.csv,0,85,85,1,walking
05447093A-110,2024-05-09 10:28:17.020000+00:00,2024-05-09T10:28:13.020000+00:00,2024-05-09T10:28:21.020000+00:00,1,walking,0.9836016,not_walking,not_walking,False,2024-05-09 10:26:46,2024-05-09 10:34:00,salidas_test/transformer_sequence_predictions/05447093A_110_20240509_102646_20240509_103400_transformer_predictions.csv,0,86,86,1,walking
05447093A-110,2024-05-09 10:28:18.020000+00:00,2024-05-09T10:28:14.020000+00:00,2024-05-09T10:28:22.020000+00:00,1,walking,0.9874434,not_walking,not_walking,False,2024-05-09 10:26:46,2024-05-09 10:34:00,salidas_test/transformer_sequence_predictions/05447093A_110_20240509_102646_20240509_103400_transformer_predictions.csv,0,87,87,1,walking
05447093A-110,2024-05-09 10:28:19.020000+00:00,2024-05-09T10:28:15.020000+00:00,2024-05-09T10:28:23.020000+00:00,1,walking,0.9873467,not_walking,not_walking,False,2024-05-09 10:26:46,2024-05-09 10:34:00,salidas_test/transformer_sequence_predictions/05447093A_110_20240509_102646_20240509_103400_transformer_predictions.csv,0,88,88,1,walking
05447093A-110,2024-05-09 10:28:20.020000+00:00,2024-05-09T10:28:16.020000+00:00,2024-05-09T10:28:24.020000+00:00,1,walking,0.98752195,not_walking,not_walking,False,2024-05-09 10:26:46,2024-05-09 10:34:00,salidas_test/transformer_sequence_predictions/05447093A_110_20240509_102646_20240509_103400_transformer_predictions.csv,0,89,89,1,walking
05447093A-110,2024-05-09 10:28:21.020000+00:00,2024-05-09T10:28:17.020000+00:00,2024-05-09T10:28:25.020000+00:00,1,walking,0.9863826,not_walking,not_walking,False,2024-05-09 10:26:46,2024-05-09 10:34:00,salidas_test/transformer_sequence_predictions/05447093A_110_20240509_102646_20240509_103400_transformer_predictions.csv,0,90,90,1,walking
05447093A-110,2024-05-09 10:28:22.020000+00:00,2024-05-09T10:28:18.020000+00:00,2024-05-09T10:28:26.020000+00:00,1,walking,0.98667115,not_walking,not_walking,False,2024-05-09 10:26:46,2024-05-09 10:34:00,salidas_test/transformer_sequence_predictions/05447093A_110_20240509_102646_20240509_103400_transformer_predictions.csv,0,91,91,1,walking
05447093A-110,2024-05-09 10:28:23.020000+00:00,2024-05-09T10:28:19.020000+00:00,2024-05-09T10:28:27.020000+00:00,1,walking,0.8424724,not_walking,not_walking,False,2024-05-09 10:26:46,2024-05-09 10:34:00,salidas_test/transformer_sequence_predictions/05447093A_110_20240509_102646_20240509_103400_transformer_predictions.csv,0,92,92,1,walking
05447093A-110,2024-05-09 10:28:24.020000+00:00,2024-05-09T10:28:20.020000+00:00,2024-05-09T10:28:28.020000+00:00,1,walking,0.9098829,not_walking,not_walking,False,2024-05-09 10:26:46,2024-05-09 10:34:00,salidas_test/transformer_sequence_predictions/05447093A_110_20240509_102646_20240509_103400_transformer_predictions.csv,0,93,93,1,walking
05447093A-110,2024-05-09 10:28:25.020000+00:00,2024-05-09T10:28:21.020000+00:00,2024-05-09T10:28:29.020000+00:00,1,walking,0.9521359,not_walking,not_walking,False,2024-05-09 10:26:46,2024-05-09 10:34:00,salidas_test/transformer_sequence_predictions/05447093A_110_20240509_102646_20240509_103400_transformer_predictions.csv,0,94,94,1,walking
05447093A-110,2024-05-09 10:28:26.020000+00:00,2024-05-09T10:28:22.020000+00:00,2024-05-09T10:28:30.020000+00:00,1,walking,0.96550804,not_walking,not_walking,False,2024-05-09 10:26:46,2024-05-09 10:34:00,salidas_test/transformer_sequence_predictions/05447093A_110_20240509_102646_20240509_103400_transformer_predictions.csv,0,95,95,1,walking
05447093A-110,2024-05-09 10:28:27.020000+00:00,2024-05-09T10:28:23.020000+00:00,2024-05-09T10:28:31.020000+00:00,1,walking,0.9060375,not_walking,not_walking,False,2024-05-09 10:26:46,2024-05-09 10:34:00,salidas_test/transformer_sequence_predictions/05447093A_110_20240509_102646_20240509_103400_transformer_predictions.csv,0,96,96,1,walking
05447093A-110,2024-05-09 10:28:28.020000+00:00,2024-05-09T10:28:24.020000+00:00,2024-05-09T10:28:32.020000+00:00,1,walking,0.671803,not_walking,not_walking,False,2024-05-09 10:26:46,2024-05-09 10:34:00,salidas_test/transformer_sequence_predictions/05447093A_110_20240509_102646_20240509_103400_transformer_predictions.csv,0,97,97,1,walking
05447093A-110,2024-05-09 10:28:29.020000+00:00,2024-05-09T10:28:25.020000+00:00,2024-05-09T10:28:33.020000+00:00,1,walking,0.82540935,not_walking,not_walking,False,2024-05-09 10:26:46,2024-05-09 10:34:00,salidas_test/transformer_sequence_predictions/05447093A_110_20240509_102646_20240509_103400_transformer_predictions.csv,0,98,98,1,walking
05447093A-110,2024-05-09 10:28:30.020000+00:00,2024-05-09T10:28:26.020000+00:00,2024-05-09T10:28:34.020000+00:00,1,walking,0.894571,not_walking,not_walking,False,2024-05-09 10:26:46,2024-05-09 10:34:00,salidas_test/transformer_sequence_predictions/05447093A_110_20240509_102646_20240509_103400_transformer_predictions.csv,0,99,99,1,walking
05447093A-110,2024-05-09 10:28:31.020000+00:00,2024-05-09T10:28:27.020000+00:00,2024-05-09T10:28:35.020000+00:00,1,walking,0.9833572,not_walking,not_walking,False,2024-05-09 10:26:46,2024-05-09 10:34:00,salidas_test/transformer_sequence_predictions/05447093A_110_20240509_102646_20240509_103400_transformer_predictions.csv,0,100,100,1,walking
05447093A-110,2024-05-09 10:28:32.020000+00:00,2024-05-09T10:28:28.020000+00:00,2024-05-09T10:28:36.020000+00:00,1,walking,0.9835544,not_walking,not_walking,False,2024-05-09 10:26:46,2024-05-09 10:34:00,salidas_test/transformer_sequence_predictions/05447093A_110_20240509_102646_20240509_103400_transformer_predictions.csv,0,101,101,1,walking
05447093A-110,2024-05-09 10:28:33.020000+00:00,2024-05-09T10:28:29.020000+00:00,2024-05-09T10:28:37.020000+00:00,1,walking,0.95814663,not_walking,not_walking,False,2024-05-09 10:26:46,2024-05-09 10:34:00,salidas_test/transformer_sequence_predictions/05447093A_110_20240509_102646_20240509_103400_transformer_predictions.csv,0,102,102,1,walking
05447093A-110,2024-05-09 10:28:34.020000+00:00,2024-05-09T10:28:30.020000+00:00,2024-05-09T10:28:38.020000+00:00,1,walking,0.8348333,not_walking,not_walking,False,2024-05-09 10:26:46,2024-05-09 10:34:00,salidas_test/transformer_sequence_predictions/05447093A_110_20240509_102646_20240509_103400_transformer_predictions.csv,0,103,103,1,walking
05447093A-110,2024-05-09 10:28:35.020000+00:00,2024-05-09T10:28:31.020000+00:00,2024-05-09T10:28:39.020000+00:00,1,walking,0.6197916,not_walking,not_walking,False,2024-05-09 10:26:46,2024-05-09 10:34:00,salidas_test/transformer_sequence_predictions/05447093A_110_20240509_102646_20240509_103400_transformer_predictions.csv,0,104,104,1,walking
05447093A-110,2024-05-09 10:28:36.020000+00:00,2024-05-09T10:28:32.020000+00:00,2024-05-09T10:28:40.020000+00:00,0,not_walking,0.25168774,not_walking,not_walking,False,2024-05-09 10:26:46,2024-05-09 10:34:00,salidas_test/transformer_sequence_predictions/05447093A_110_20240509_102646_20240509_103400_transformer_predictions.csv,0,105,105,0,not_walking
05447093A-110,2024-05-09 10:28:37.020000+00:00,2024-05-09T10:28:33.020000+00:00,2024-05-09T10:28:41.020000+00:00,0,not_walking,0.1552408,not_walking,not_walking,False,2024-05-09 10:26:46,2024-05-09 10:34:00,salidas_test/transformer_sequence_predictions/05447093A_110_20240509_102646_20240509_103400_transformer_predictions.csv,0,106,106,0,not_walking
05447093A-110,2024-05-09 10:28:38.020000+00:00,2024-05-09T10:28:34.020000+00:00,2024-05-09T10:28:42.020000+00:00,0,not_walking,0.05533895,not_walking,not_walking,False,2024-05-09 10:26:46,2024-05-09 10:34:00,salidas_test/transformer_sequence_predictions/05447093A_110_20240509_102646_20240509_103400_transformer_predictions.csv,0,107,107,0,not_walking
05447093A-110,2024-05-09 10:28:39.020000+00:00,2024-05-09T10:28:35.020000+00:00,2024-05-09T10:28:43.020000+00:00,0,not_walking,0.04654842,not_walking,not_walking,False,2024-05-09 10:26:46,2024-05-09 10:34:00,salidas_test/transformer_sequence_predictions/05447093A_110_20240509_102646_20240509_103400_transformer_predictions.csv,0,108,108,0,not_walking
05447093A-110,2024-05-09 10:28:40.020000+00:00,2024-05-09T10:28:36.020000+00:00,2024-05-09T10:28:44.020000+00:00,0,not_walking,0.053002253,not_walking,not_walking,False,2024-05-09 10:26:46,2024-05-09 10:34:00,salidas_test/transformer_sequence_predictions/05447093A_110_20240509_102646_20240509_103400_transformer_predictions.csv,0,109,109,0,not_walking
05447093A-110,2024-05-09 10:28:41.020000+00:00,2024-05-09T10:28:37.020000+00:00,2024-05-09T10:28:45.020000+00:00,0,not_walking,0.16014382,not_walking,not_walking,False,2024-05-09 10:26:46,2024-05-09 10:34:00,salidas_test/transformer_sequence_predictions/05447093A_110_20240509_102646_20240509_103400_transformer_predictions.csv,0,110,110,0,not_walking
05447093A-110,2024-05-09 10:28:42.020000+00:00,2024-05-09T10:28:38.020000+00:00,2024-05-09T10:28:46.020000+00:00,0,not_walking,0.19377382,not_walking,not_walking,False,2024-05-09 10:26:46,2024-05-09 10:34:00,salidas_test/transformer_sequence_predictions/05447093A_110_20240509_102646_20240509_103400_transformer_predictions.csv,0,111,111,0,not_walking
05447093A-110,2024-05-09 10:28:43.020000+00:00,2024-05-09T10:28:39.020000+00:00,2024-05-09T10:28:47.020000+00:00,0,not_walking,0.22928339,not_walking,not_walking,False,2024-05-09 10:26:46,2024-05-09 10:34:00,salidas_test/transformer_sequence_predictions/05447093A_110_20240509_102646_20240509_103400_transformer_predictions.csv,0,112,112,0,not_walking
05447093A-110,2024-05-09 10:28:44.020000+00:00,2024-05-09T10:28:40.020000+00:00,2024-05-09T10:28:48.020000+00:00,0,not_walking,0.2505365,not_walking,not_walking,False,2024-05-09 10:26:46,2024-05-09 10:34:00,salidas_test/transformer_sequence_predictions/05447093A_110_20240509_102646_20240509_103400_transformer_predictions.csv,0,113,113,0,not_walking
05447093A-110,2024-05-09 10:28:45.020000+00:00,2024-05-09T10:28:41.020000+00:00,2024-05-09T10:28:49.020000+00:00,0,not_walking,0.3601058,not_walking,not_walking,False,2024-05-09 10:26:46,2024-05-09 10:34:00,salidas_test/transformer_sequence_predictions/05447093A_110_20240509_102646_20240509_103400_transformer_predictions.csv,0,114,114,0,not_walking
05447093A-110,2024-05-09 10:28:46.020000+00:00,2024-05-09T10:28:42.020000+00:00,2024-05-09T10:28:50.020000+00:00,0,not_walking,0.31698906,not_walking,not_walking,False,2024-05-09 10:26:46,2024-05-09 10:34:00,salidas_test/transformer_sequence_predictions/05447093A_110_20240509_102646_20240509_103400_transformer_predictions.csv,0,115,115,0,not_walking
05447093A-110,2024-05-09 10:28:47.020000+00:00,2024-05-09T10:28:43.020000+00:00,2024-05-09T10:28:51.020000+00:00,0,not_walking,0.28093028,not_walking,not_walking,False,2024-05-09 10:26:46,2024-05-09 10:34:00,salidas_test/transformer_sequence_predictions/05447093A_110_20240509_102646_20240509_103400_transformer_predictions.csv,0,116,116,0,not_walking
05447093A-110,2024-05-09 10:28:48.020000+00:00,2024-05-09T10:28:44.020000+00:00,2024-05-09T10:28:52.020000+00:00,1,walking,0.52887905,not_walking,not_walking,False,2024-05-09 10:26:46,2024-05-09 10:34:00,salidas_test/transformer_sequence_predictions/05447093A_110_20240509_102646_20240509_103400_transformer_predictions.csv,0,117,117,1,walking
05447093A-110,2024-05-09 10:28:49.020000+00:00,2024-05-09T10:28:45.020000+00:00,2024-05-09T10:28:53.020000+00:00,1,walking,0.5398826,not_walking,not_walking,False,2024-05-09 10:26:46,2024-05-09 10:34:00,salidas_test/transformer_sequence_predictions/05447093A_110_20240509_102646_20240509_103400_transformer_predictions.csv,0,118,118,1,walking
05447093A-110,2024-05-09 10:28:50.020000+00:00,2024-05-09T10:28:46.020000+00:00,2024-05-09T10:28:54.020000+00:00,1,walking,0.64094347,not_walking,not_walking,False,2024-05-09 10:26:46,2024-05-09 10:34:00,salidas_test/transformer_sequence_predictions/05447093A_110_20240509_102646_20240509_103400_transformer_predictions.csv,0,119,119,1,walking
05447093A-110,2024-05-09 10:28:51.020000+00:00,2024-05-09T10:28:47.020000+00:00,2024-05-09T10:28:55.020000+00:00,1,walking,0.69372773,not_walking,not_walking,False,2024-05-09 10:26:46,2024-05-09 10:34:00,salidas_test/transformer_sequence_predictions/05447093A_110_20240509_102646_20240509_103400_transformer_predictions.csv,0,120,120,1,walking
05447093A-110,2024-05-09 10:28:52.020000+00:00,2024-05-09T10:28:48.020000+00:00,2024-05-09T10:28:56.020000+00:00,1,walking,0.79585797,not_walking,not_walking,False,2024-05-09 10:26:46,2024-05-09 10:34:00,salidas_test/transformer_sequence_predictions/05447093A_110_20240509_102646_20240509_103400_transformer_predictions.csv,0,121,121,1,walking
05447093A-110,2024-05-09 10:28:53.020000+00:00,2024-05-09T10:28:49.020000+00:00,2024-05-09T10:28:57.020000+00:00,1,walking,0.797752,not_walking,not_walking,False,2024-05-09 10:26:46,2024-05-09 10:34:00,salidas_test/transformer_sequence_predictions/05447093A_110_20240509_102646_20240509_103400_transformer_predictions.csv,0,122,122,1,walking
05447093A-110,2024-05-09 10:28:54.020000+00:00,2024-05-09T10:28:50.020000+00:00,2024-05-09T10:28:58.020000+00:00,1,walking,0.7831771,not_walking,not_walking,False,2024-05-09 10:26:46,2024-05-09 10:34:00,salidas_test/transformer_sequence_predictions/05447093A_110_20240509_102646_20240509_103400_transformer_predictions.csv,0,123,123,1,walking
05447093A-110,2024-05-09 10:28:55.020000+00:00,2024-05-09T10:28:51.020000+00:00,2024-05-09T10:28:59.020000+00:00,1,walking,0.78349173,not_walking,not_walking,False,2024-05-09 10:26:46,2024-05-09 10:34:00,salidas_test/transformer_sequence_predictions/05447093A_110_20240509_102646_20240509_103400_transformer_predictions.csv,0,124,124,1,walking
05447093A-110,2024-05-09 10:28:56.020000+00:00,2024-05-09T10:28:52.020000+00:00,2024-05-09T10:29:00.020000+00:00,1,walking,0.96754074,not_walking,not_walking,False,2024-05-09 10:26:46,2024-05-09 10:34:00,salidas_test/transformer_sequence_predictions/05447093A_110_20240509_102646_20240509_103400_transformer_predictions.csv,0,125,125,1,walking
05447093A-110,2024-05-09 10:28:57.020000+00:00,2024-05-09T10:28:53.020000+00:00,2024-05-09T10:29:01.020000+00:00,1,walking,0.89823234,not_walking,not_walking,False,2024-05-09 10:26:46,2024-05-09 10:34:00,salidas_test/transformer_sequence_predictions/05447093A_110_20240509_102646_20240509_103400_transformer_predictions.csv,0,126,126,1,walking
05447093A-110,2024-05-09 10:28:58.020000+00:00,2024-05-09T10:28:54.020000+00:00,2024-05-09T10:29:02.020000+00:00,1,walking,0.94113857,not_walking,not_walking,False,2024-05-09 10:26:46,2024-05-09 10:34:00,salidas_test/transformer_sequence_predictions/05447093A_110_20240509_102646_20240509_103400_transformer_predictions.csv,0,127,127,1,walking
05447093A-110,2024-05-09 10:28:59.020000+00:00,2024-05-09T10:28:55.020000+00:00,2024-05-09T10:29:03.020000+00:00,1,walking,0.96434635,not_walking,not_walking,False,2024-05-09 10:26:46,2024-05-09 10:34:00,salidas_test/transformer_sequence_predictions/05447093A_110_20240509_102646_20240509_103400_transformer_predictions.csv,0,128,128,1,walking
05447093A-110,2024-05-09 10:29:00.020000+00:00,2024-05-09T10:28:56.020000+00:00,2024-05-09T10:29:04.020000+00:00,1,walking,0.9867502,not_walking,not_walking,False,2024-05-09 10:26:46,2024-05-09 10:34:00,salidas_test/transformer_sequence_predictions/05447093A_110_20240509_102646_20240509_103400_transformer_predictions.csv,0,129,129,1,walking
05447093A-110,2024-05-09 10:29:01.020000+00:00,2024-05-09T10:28:57.020000+00:00,2024-05-09T10:29:05.020000+00:00,1,walking,0.9770935,not_walking,not_walking,False,2024-05-09 10:26:46,2024-05-09 10:34:00,salidas_test/transformer_sequence_predictions/05447093A_110_20240509_102646_20240509_103400_transformer_predictions.csv,0,130,130,1,walking
05447093A-110,2024-05-09 10:29:02.020000+00:00,2024-05-09T10:28:58.020000+00:00,2024-05-09T10:29:06.020000+00:00,1,walking,0.98025197,not_walking,not_walking,False,2024-05-09 10:26:46,2024-05-09 10:34:00,salidas_test/transformer_sequence_predictions/05447093A_110_20240509_102646_20240509_103400_transformer_predictions.csv,0,131,131,1,walking
05447093A-110,2024-05-09 10:29:03.020000+00:00,2024-05-09T10:28:59.020000+00:00,2024-05-09T10:29:07.020000+00:00,1,walking,0.98450005,not_walking,not_walking,False,2024-05-09 10:26:46,2024-05-09 10:34:00,salidas_test/transformer_sequence_predictions/05447093A_110_20240509_102646_20240509_103400_transformer_predictions.csv,0,132,132,1,walking
05447093A-110,2024-05-09 10:29:04.020000+00:00,2024-05-09T10:29:00.020000+00:00,2024-05-09T10:29:08.020000+00:00,1,walking,0.97567016,not_walking,not_walking,False,2024-05-09 10:26:46,2024-05-09 10:34:00,salidas_test/transformer_sequence_predictions/05447093A_110_20240509_102646_20240509_103400_transformer_predictions.csv,0,133,133,1,walking
05447093A-110,2024-05-09 10:29:05.020000+00:00,2024-05-09T10:29:01.020000+00:00,2024-05-09T10:29:09.020000+00:00,1,walking,0.9722587,not_walking,not_walking,False,2024-05-09 10:26:46,2024-05-09 10:34:00,salidas_test/transformer_sequence_predictions/05447093A_110_20240509_102646_20240509_103400_transformer_predictions.csv,0,134,134,1,walking
05447093A-110,2024-05-09 10:29:06.020000+00:00,2024-05-09T10:29:02.020000+00:00,2024-05-09T10:29:10.020000+00:00,1,walking,0.79155433,not_walking,not_walking,False,2024-05-09 10:26:46,2024-05-09 10:34:00,salidas_test/transformer_sequence_predictions/05447093A_110_20240509_102646_20240509_103400_transformer_predictions.csv,0,135,135,1,walking
05447093A-110,2024-05-09 10:29:07.020000+00:00,2024-05-09T10:29:03.020000+00:00,2024-05-09T10:29:11.020000+00:00,1,walking,0.8168842,not_walking,not_walking,False,2024-05-09 10:26:46,2024-05-09 10:34:00,salidas_test/transformer_sequence_predictions/05447093A_110_20240509_102646_20240509_103400_transformer_predictions.csv,0,136,136,1,walking
05447093A-110,2024-05-09 10:29:08.020000+00:00,2024-05-09T10:29:04.020000+00:00,2024-05-09T10:29:12.020000+00:00,1,walking,0.847481,not_walking,not_walking,False,2024-05-09 10:26:46,2024-05-09 10:34:00,salidas_test/transformer_sequence_predictions/05447093A_110_20240509_102646_20240509_103400_transformer_predictions.csv,0,137,137,1,walking
05447093A-110,2024-05-09 10:29:09.020000+00:00,2024-05-09T10:29:05.020000+00:00,2024-05-09T10:29:13.020000+00:00,1,walking,0.9388165,not_walking,not_walking,False,2024-05-09 10:26:46,2024-05-09 10:34:00,salidas_test/transformer_sequence_predictions/05447093A_110_20240509_102646_20240509_103400_transformer_predictions.csv,0,138,138,1,walking
05447093A-110,2024-05-09 10:29:10.020000+00:00,2024-05-09T10:29:06.020000+00:00,2024-05-09T10:29:14.020000+00:00,1,walking,0.9426006,not_walking,not_walking,False,2024-05-09 10:26:46,2024-05-09 10:34:00,salidas_test/transformer_sequence_predictions/05447093A_110_20240509_102646_20240509_103400_transformer_predictions.csv,0,139,139,1,walking
05447093A-110,2024-05-09 10:29:11.020000+00:00,2024-05-09T10:29:07.020000+00:00,2024-05-09T10:29:15.020000+00:00,1,walking,0.66010827,not_walking,not_walking,False,2024-05-09 10:26:46,2024-05-09 10:34:00,salidas_test/transformer_sequence_predictions/05447093A_110_20240509_102646_20240509_103400_transformer_predictions.csv,0,140,140,1,walking
05447093A-110,2024-05-09 10:29:12.020000+00:00,2024-05-09T10:29:08.020000+00:00,2024-05-09T10:29:16.020000+00:00,1,walking,0.67161596,not_walking,not_walking,False,2024-05-09 10:26:46,2024-05-09 10:34:00,salidas_test/transformer_sequence_predictions/05447093A_110_20240509_102646_20240509_103400_transformer_predictions.csv,0,141,141,1,walking
05447093A-110,2024-05-09 10:29:13.020000+00:00,2024-05-09T10:29:09.020000+00:00,2024-05-09T10:29:17.020000+00:00,1,walking,0.664,not_walking,not_walking,False,2024-05-09 10:26:46,2024-05-09 10:34:00,salidas_test/transformer_sequence_predictions/05447093A_110_20240509_102646_20240509_103400_transformer_predictions.csv,0,142,142,1,walking
05447093A-110,2024-05-09 10:29:14.020000+00:00,2024-05-09T10:29:10.020000+00:00,2024-05-09T10:29:18.020000+00:00,1,walking,0.45164937,not_walking,not_walking,False,2024-05-09 10:26:46,2024-05-09 10:34:00,salidas_test/transformer_sequence_predictions/05447093A_110_20240509_102646_20240509_103400_transformer_predictions.csv,0,143,143,1,walking
05447093A-110,2024-05-09 10:29:15.020000+00:00,2024-05-09T10:29:11.020000+00:00,2024-05-09T10:29:19.020000+00:00,1,walking,0.74117416,not_walking,not_walking,False,2024-05-09 10:26:46,2024-05-09 10:34:00,salidas_test/transformer_sequence_predictions/05447093A_110_20240509_102646_20240509_103400_transformer_predictions.csv,0,144,144,1,walking
05447093A-110,2024-05-09 10:29:16.020000+00:00,2024-05-09T10:29:12.020000+00:00,2024-05-09T10:29:20.020000+00:00,1,walking,0.5438611,not_walking,not_walking,False,2024-05-09 10:26:46,2024-05-09 10:34:00,salidas_test/transformer_sequence_predictions/05447093A_110_20240509_102646_20240509_103400_transformer_predictions.csv,0,145,145,1,walking
05447093A-110,2024-05-09 10:29:17.020000+00:00,2024-05-09T10:29:13.020000+00:00,2024-05-09T10:29:21.020000+00:00,1,walking,0.62729436,not_walking,not_walking,False,2024-05-09 10:26:46,2024-05-09 10:34:00,salidas_test/transformer_sequence_predictions/05447093A_110_20240509_102646_20240509_103400_transformer_predictions.csv,0,146,146,1,walking
05447093A-110,2024-05-09 10:29:18.020000+00:00,2024-05-09T10:29:14.020000+00:00,2024-05-09T10:29:22.020000+00:00,0,not_walking,0.26127622,not_walking,not_walking,False,2024-05-09 10:26:46,2024-05-09 10:34:00,salidas_test/transformer_sequence_predictions/05447093A_110_20240509_102646_20240509_103400_transformer_predictions.csv,0,147,147,0,not_walking
05447093A-110,2024-05-09 10:29:19.020000+00:00,2024-05-09T10:29:15.020000+00:00,2024-05-09T10:29:23.020000+00:00,1,walking,0.53927344,not_walking,not_walking,False,2024-05-09 10:26:46,2024-05-09 10:34:00,salidas_test/transformer_sequence_predictions/05447093A_110_20240509_102646_20240509_103400_transformer_predictions.csv,0,148,148,1,walking
05447093A-110,2024-05-09 10:29:20.020000+00:00,2024-05-09T10:29:16.020000+00:00,2024-05-09T10:29:24.020000+00:00,1,walking,0.8189432,not_walking,not_walking,False,2024-05-09 10:26:46,2024-05-09 10:34:00,salidas_test/transformer_sequence_predictions/05447093A_110_20240509_102646_20240509_103400_transformer_predictions.csv,0,149,149,1,walking
05447093A-110,2024-05-09 10:29:21.020000+00:00,2024-05-09T10:29:17.020000+00:00,2024-05-09T10:29:25.020000+00:00,1,walking,0.93256617,not_walking,not_walking,False,2024-05-09 10:26:46,2024-05-09 10:34:00,salidas_test/transformer_sequence_predictions/05447093A_110_20240509_102646_20240509_103400_transformer_predictions.csv,0,150,150,1,walking
05447093A-110,2024-05-09 10:29:22.020000+00:00,2024-05-09T10:29:18.020000+00:00,2024-05-09T10:29:26.020000+00:00,1,walking,0.8809351,not_walking,not_walking,False,2024-05-09 10:26:46,2024-05-09 10:34:00,salidas_test/transformer_sequence_predictions/05447093A_110_20240509_102646_20240509_103400_transformer_predictions.csv,0,151,151,1,walking
05447093A-110,2024-05-09 10:29:23.020000+00:00,2024-05-09T10:29:19.020000+00:00,2024-05-09T10:29:27.020000+00:00,1,walking,0.7619136,not_walking,not_walking,False,2024-05-09 10:26:46,2024-05-09 10:34:00,salidas_test/transformer_sequence_predictions/05447093A_110_20240509_102646_20240509_103400_transformer_predictions.csv,0,152,152,1,walking
05447093A-110,2024-05-09 10:29:24.020000+00:00,2024-05-09T10:29:20.020000+00:00,2024-05-09T10:29:28.020000+00:00,1,walking,0.93542373,not_walking,not_walking,False,2024-05-09 10:26:46,2024-05-09 10:34:00,salidas_test/transformer_sequence_predictions/05447093A_110_20240509_102646_20240509_103400_transformer_predictions.csv,0,153,153,1,walking
05447093A-110,2024-05-09 10:29:25.020000+00:00,2024-05-09T10:29:21.020000+00:00,2024-05-09T10:29:29.020000+00:00,1,walking,0.9689116,not_walking,not_walking,False,2024-05-09 10:26:46,2024-05-09 10:34:00,salidas_test/transformer_sequence_predictions/05447093A_110_20240509_102646_20240509_103400_transformer_predictions.csv,0,154,154,1,walking
05447093A-110,2024-05-09 10:29:26.020000+00:00,2024-05-09T10:29:22.020000+00:00,2024-05-09T10:29:30.020000+00:00,1,walking,0.97707385,not_walking,not_walking,False,2024-05-09 10:26:46,2024-05-09 10:34:00,salidas_test/transformer_sequence_predictions/05447093A_110_20240509_102646_20240509_103400_transformer_predictions.csv,0,155,155,1,walking
05447093A-110,2024-05-09 10:29:27.020000+00:00,2024-05-09T10:29:23.020000+00:00,2024-05-09T10:29:31.020000+00:00,1,walking,0.9642251,not_walking,not_walking,False,2024-05-09 10:26:46,2024-05-09 10:34:00,salidas_test/transformer_sequence_predictions/05447093A_110_20240509_102646_20240509_103400_transformer_predictions.csv,0,156,156,1,walking
05447093A-110,2024-05-09 10:29:28.020000+00:00,2024-05-09T10:29:24.020000+00:00,2024-05-09T10:29:32.020000+00:00,1,walking,0.9773865,not_walking,not_walking,False,2024-05-09 10:26:46,2024-05-09 10:34:00,salidas_test/transformer_sequence_predictions/05447093A_110_20240509_102646_20240509_103400_transformer_predictions.csv,0,157,157,1,walking
05447093A-110,2024-05-09 10:29:29.020000+00:00,2024-05-09T10:29:25.020000+00:00,2024-05-09T10:29:33.020000+00:00,1,walking,0.97682023,not_walking,not_walking,False,2024-05-09 10:26:46,2024-05-09 10:34:00,salidas_test/transformer_sequence_predictions/05447093A_110_20240509_102646_20240509_103400_transformer_predictions.csv,0,158,158,1,walking
05447093A-110,2024-05-09 10:29:30.020000+00:00,2024-05-09T10:29:26.020000+00:00,2024-05-09T10:29:34.020000+00:00,1,walking,0.9840357,not_walking,not_walking,False,2024-05-09 10:26:46,2024-05-09 10:34:00,salidas_test/transformer_sequence_predictions/05447093A_110_20240509_102646_20240509_103400_transformer_predictions.csv,0,159,159,1,walking
05447093A-110,2024-05-09 10:29:31.020000+00:00,2024-05-09T10:29:27.020000+00:00,2024-05-09T10:29:35.020000+00:00,1,walking,0.9668003,not_walking,not_walking,False,2024-05-09 10:26:46,2024-05-09 10:34:00,salidas_test/transformer_sequence_predictions/05447093A_110_20240509_102646_20240509_103400_transformer_predictions.csv,0,160,160,1,walking
05447093A-110,2024-05-09 10:29:32.020000+00:00,2024-05-09T10:29:28.020000+00:00,2024-05-09T10:29:36.020000+00:00,1,walking,0.97906977,not_walking,not_walking,False,2024-05-09 10:26:46,2024-05-09 10:34:00,salidas_test/transformer_sequence_predictions/05447093A_110_20240509_102646_20240509_103400_transformer_predictions.csv,0,161,161,1,walking
05447093A-110,2024-05-09 10:29:33.020000+00:00,2024-05-09T10:29:29.020000+00:00,2024-05-09T10:29:37.020000+00:00,1,walking,0.5595227,not_walking,not_walking,False,2024-05-09 10:26:46,2024-05-09 10:34:00,salidas_test/transformer_sequence_predictions/05447093A_110_20240509_102646_20240509_103400_transformer_predictions.csv,0,162,162,1,walking
05447093A-110,2024-05-09 10:29:34.020000+00:00,2024-05-09T10:29:30.020000+00:00,2024-05-09T10:29:38.020000+00:00,0,not_walking,0.24549189,not_walking,not_walking,False,2024-05-09 10:26:46,2024-05-09 10:34:00,salidas_test/transformer_sequence_predictions/05447093A_110_20240509_102646_20240509_103400_transformer_predictions.csv,0,163,163,0,not_walking
05447093A-110,2024-05-09 10:29:35.020000+00:00,2024-05-09T10:29:31.020000+00:00,2024-05-09T10:29:39.020000+00:00,0,not_walking,0.057566553,not_walking,not_walking,False,2024-05-09 10:26:46,2024-05-09 10:34:00,salidas_test/transformer_sequence_predictions/05447093A_110_20240509_102646_20240509_103400_transformer_predictions.csv,0,164,164,0,not_walking
05447093A-110,2024-05-09 10:29:36.020000+00:00,2024-05-09T10:29:32.020000+00:00,2024-05-09T10:29:40.020000+00:00,0,not_walking,0.045661747,not_walking,not_walking,False,2024-05-09 10:26:46,2024-05-09 10:34:00,salidas_test/transformer_sequence_predictions/05447093A_110_20240509_102646_20240509_103400_transformer_predictions.csv,0,165,165,0,not_walking
05447093A-110,2024-05-09 10:29:37.020000+00:00,2024-05-09T10:29:33.020000+00:00,2024-05-09T10:29:41.020000+00:00,0,not_walking,0.042370226,not_walking,not_walking,False,2024-05-09 10:26:46,2024-05-09 10:34:00,salidas_test/transformer_sequence_predictions/05447093A_110_20240509_102646_20240509_103400_transformer_predictions.csv,0,166,166,0,not_walking
05447093A-110,2024-05-09 10:29:38.020000+00:00,2024-05-09T10:29:34.020000+00:00,2024-05-09T10:29:42.020000+00:00,0,not_walking,0.027444828,not_walking,not_walking,False,2024-05-09 10:26:46,2024-05-09 10:34:00,salidas_test/transformer_sequence_predictions/05447093A_110_20240509_102646_20240509_103400_transformer_predictions.csv,0,167,167,0,not_walking
05447093A-110,2024-05-09 10:29:39.020000+00:00,2024-05-09T10:29:35.020000+00:00,2024-05-09T10:29:43.020000+00:00,0,not_walking,0.03217913,not_walking,not_walking,False,2024-05-09 10:26:46,2024-05-09 10:34:00,salidas_test/transformer_sequence_predictions/05447093A_110_20240509_102646_20240509_103400_transformer_predictions.csv,0,168,168,0,not_walking
05447093A-110,2024-05-09 10:29:40.020000+00:00,2024-05-09T10:29:36.020000+00:00,2024-05-09T10:29:44.020000+00:00,0,not_walking,0.033893965,not_walking,not_walking,False,2024-05-09 10:26:46,2024-05-09 10:34:00,salidas_test/transformer_sequence_predictions/05447093A_110_20240509_102646_20240509_103400_transformer_predictions.csv,0,169,169,0,not_walking
05447093A-110,2024-05-09 10:29:41.020000+00:00,2024-05-09T10:29:37.020000+00:00,2024-05-09T10:29:45.020000+00:00,0,not_walking,0.021824952,not_walking,not_walking,False,2024-05-09 10:26:46,2024-05-09 10:34:00,salidas_test/transformer_sequence_predictions/05447093A_110_20240509_102646_20240509_103400_transformer_predictions.csv,0,170,170,0,not_walking
05447093A-110,2024-05-09 10:29:42.020000+00:00,2024-05-09T10:29:38.020000+00:00,2024-05-09T10:29:46.020000+00:00,0,not_walking,0.024974497,not_walking,not_walking,False,2024-05-09 10:26:46,2024-05-09 10:34:00,salidas_test/transformer_sequence_predictions/05447093A_110_20240509_102646_20240509_103400_transformer_predictions.csv,0,171,171,0,not_walking
05447093A-110,2024-05-09 10:29:43.020000+00:00,2024-05-09T10:29:39.020000+00:00,2024-05-09T10:29:47.020000+00:00,0,not_walking,0.030933814,not_walking,not_walking,False,2024-05-09 10:26:46,2024-05-09 10:34:00,salidas_test/transformer_sequence_predictions/05447093A_110_20240509_102646_20240509_103400_transformer_predictions.csv,0,172,172,0,not_walking
05447093A-110,2024-05-09 10:29:44.020000+00:00,2024-05-09T10:29:40.020000+00:00,2024-05-09T10:29:48.020000+00:00,0,not_walking,0.04381314,not_walking,not_walking,False,2024-05-09 10:26:46,2024-05-09 10:34:00,salidas_test/transformer_sequence_predictions/05447093A_110_20240509_102646_20240509_103400_transformer_predictions.csv,0,173,173,0,not_walking
05447093A-110,2024-05-09 10:29:45.020000+00:00,2024-05-09T10:29:41.020000+00:00,2024-05-09T10:29:49.020000+00:00,0,not_walking,0.025422363,not_walking,not_walking,False,2024-05-09 10:26:46,2024-05-09 10:34:00,salidas_test/transformer_sequence_predictions/05447093A_110_20240509_102646_20240509_103400_transformer_predictions.csv,0,174,174,0,not_walking
05447093A-110,2024-05-09 10:29:46.020000+00:00,2024-05-09T10:29:42.020000+00:00,2024-05-09T10:29:50.020000+00:00,0,not_walking,0.01471073,not_walking,not_walking,False,2024-05-09 10:26:46,2024-05-09 10:34:00,salidas_test/transformer_sequence_predictions/05447093A_110_20240509_102646_20240509_103400_transformer_predictions.csv,0,175,175,0,not_walking
05447093A-110,2024-05-09 10:29:47.020000+00:00,2024-05-09T10:29:43.020000+00:00,2024-05-09T10:29:51.020000+00:00,0,not_walking,0.016805789,not_walking,not_walking,False,2024-05-09 10:26:46,2024-05-09 10:34:00,salidas_test/transformer_sequence_predictions/05447093A_110_20240509_102646_20240509_103400_transformer_predictions.csv,0,176,176,0,not_walking
05447093A-110,2024-05-09 10:29:48.020000+00:00,2024-05-09T10:29:44.020000+00:00,2024-05-09T10:29:52.020000+00:00,0,not_walking,0.012640355,not_walking,not_walking,False,2024-05-09 10:26:46,2024-05-09 10:34:00,salidas_test/transformer_sequence_predictions/05447093A_110_20240509_102646_20240509_103400_transformer_predictions.csv,0,177,177,0,not_walking
05447093A-110,2024-05-09 10:29:49.020000+00:00,2024-05-09T10:29:45.020000+00:00,2024-05-09T10:29:53.020000+00:00,0,not_walking,0.01630637,not_walking,not_walking,False,2024-05-09 10:26:46,2024-05-09 10:34:00,salidas_test/transformer_sequence_predictions/05447093A_110_20240509_102646_20240509_103400_transformer_predictions.csv,0,178,178,0,not_walking
05447093A-110,2024-05-09 10:29:50.020000+00:00,2024-05-09T10:29:46.020000+00:00,2024-05-09T10:29:54.020000+00:00,0,not_walking,0.013221465,not_walking,not_walking,False,2024-05-09 10:26:46,2024-05-09 10:34:00,salidas_test/transformer_sequence_predictions/05447093A_110_20240509_102646_20240509_103400_transformer_predictions.csv,0,179,179,0,not_walking
05447093A-110,2024-05-09 10:29:51.020000+00:00,2024-05-09T10:29:47.020000+00:00,2024-05-09T10:29:55.020000+00:00,0,not_walking,0.020874282,not_walking,not_walking,False,2024-05-09 10:26:46,2024-05-09 10:34:00,salidas_test/transformer_sequence_predictions/05447093A_110_20240509_102646_20240509_103400_transformer_predictions.csv,0,180,180,0,not_walking
05447093A-110,2024-05-09 10:29:52.020000+00:00,2024-05-09T10:29:48.020000+00:00,2024-05-09T10:29:56.020000+00:00,0,not_walking,0.017411865,not_walking,not_walking,False,2024-05-09 10:26:46,2024-05-09 10:34:00,salidas_test/transformer_sequence_predictions/05447093A_110_20240509_102646_20240509_103400_transformer_predictions.csv,0,181,181,0,not_walking
05447093A-110,2024-05-09 10:29:53.020000+00:00,2024-05-09T10:29:49.020000+00:00,2024-05-09T10:29:57.020000+00:00,0,not_walking,0.018128416,not_walking,not_walking,False,2024-05-09 10:26:46,2024-05-09 10:34:00,salidas_test/transformer_sequence_predictions/05447093A_110_20240509_102646_20240509_103400_transformer_predictions.csv,0,182,182,0,not_walking
05447093A-110,2024-05-09 10:29:54.020000+00:00,2024-05-09T10:29:50.020000+00:00,2024-05-09T10:29:58.020000+00:00,0,not_walking,0.08870783,not_walking,not_walking,False,2024-05-09 10:26:46,2024-05-09 10:34:00,salidas_test/transformer_sequence_predictions/05447093A_110_20240509_102646_20240509_103400_transformer_predictions.csv,0,183,183,0,not_walking
05447093A-110,2024-05-09 10:29:55.020000+00:00,2024-05-09T10:29:51.020000+00:00,2024-05-09T10:29:59.020000+00:00,0,not_walking,0.029457547,not_walking,not_walking,False,2024-05-09 10:26:46,2024-05-09 10:34:00,salidas_test/transformer_sequence_predictions/05447093A_110_20240509_102646_20240509_103400_transformer_predictions.csv,0,184,184,0,not_walking
05447093A-110,2024-05-09 10:29:56.020000+00:00,2024-05-09T10:29:52.020000+00:00,2024-05-09T10:30:00.020000+00:00,0,not_walking,0.021677945,not_walking,not_walking,False,2024-05-09 10:26:46,2024-05-09 10:34:00,salidas_test/transformer_sequence_predictions/05447093A_110_20240509_102646_20240509_103400_transformer_predictions.csv,0,185,185,0,not_walking
05447093A-110,2024-05-09 10:29:57.020000+00:00,2024-05-09T10:29:53.020000+00:00,2024-05-09T10:30:01.020000+00:00,0,not_walking,0.019041482,not_walking,not_walking,False,2024-05-09 10:26:46,2024-05-09 10:34:00,salidas_test/transformer_sequence_predictions/05447093A_110_20240509_102646_20240509_103400_transformer_predictions.csv,0,186,186,0,not_walking
05447093A-110,2024-05-09 10:29:58.020000+00:00,2024-05-09T10:29:54.020000+00:00,2024-05-09T10:30:02.020000+00:00,0,not_walking,0.047490433,not_walking,not_walking,False,2024-05-09 10:26:46,2024-05-09 10:34:00,salidas_test/transformer_sequence_predictions/05447093A_110_20240509_102646_20240509_103400_transformer_predictions.csv,0,187,187,0,not_walking
05447093A-110,2024-05-09 10:29:59.020000+00:00,2024-05-09T10:29:55.020000+00:00,2024-05-09T10:30:03.020000+00:00,0,not_walking,0.017169215,not_walking,not_walking,False,2024-05-09 10:26:46,2024-05-09 10:34:00,salidas_test/transformer_sequence_predictions/05447093A_110_20240509_102646_20240509_103400_transformer_predictions.csv,0,188,188,0,not_walking
05447093A-110,2024-05-09 10:30:00.020000+00:00,2024-05-09T10:29:56.020000+00:00,2024-05-09T10:30:04.020000+00:00,0,not_walking,0.030514054,not_walking,not_walking,False,2024-05-09 10:26:46,2024-05-09 10:34:00,salidas_test/transformer_sequence_predictions/05447093A_110_20240509_102646_20240509_103400_transformer_predictions.csv,0,189,189,0,not_walking
05447093A-110,2024-05-09 10:30:01.020000+00:00,2024-05-09T10:29:57.020000+00:00,2024-05-09T10:30:05.020000+00:00,0,not_walking,0.029179906,not_walking,not_walking,False,2024-05-09 10:26:46,2024-05-09 10:34:00,salidas_test/transformer_sequence_predictions/05447093A_110_20240509_102646_20240509_103400_transformer_predictions.csv,0,190,190,0,not_walking
05447093A-110,2024-05-09 10:30:02.020000+00:00,2024-05-09T10:29:58.020000+00:00,2024-05-09T10:30:06.020000+00:00,0,not_walking,0.033374093,not_walking,not_walking,False,2024-05-09 10:26:46,2024-05-09 10:34:00,salidas_test/transformer_sequence_predictions/05447093A_110_20240509_102646_20240509_103400_transformer_predictions.csv,0,191,191,0,not_walking
05447093A-110,2024-05-09 10:30:03.020000+00:00,2024-05-09T10:29:59.020000+00:00,2024-05-09T10:30:07.020000+00:00,0,not_walking,0.01569967,not_walking,not_walking,False,2024-05-09 10:26:46,2024-05-09 10:34:00,salidas_test/transformer_sequence_predictions/05447093A_110_20240509_102646_20240509_103400_transformer_predictions.csv,0,192,192,0,not_walking
05447093A-110,2024-05-09 10:30:04.020000+00:00,2024-05-09T10:30:00.020000+00:00,2024-05-09T10:30:08.020000+00:00,0,not_walking,0.01806204,not_walking,not_walking,False,2024-05-09 10:26:46,2024-05-09 10:34:00,salidas_test/transformer_sequence_predictions/05447093A_110_20240509_102646_20240509_103400_transformer_predictions.csv,0,193,193,0,not_walking
05447093A-110,2024-05-09 10:30:05.020000+00:00,2024-05-09T10:30:01.020000+00:00,2024-05-09T10:30:09.020000+00:00,0,not_walking,0.014576571,not_walking,not_walking,False,2024-05-09 10:26:46,2024-05-09 10:34:00,salidas_test/transformer_sequence_predictions/05447093A_110_20240509_102646_20240509_103400_transformer_predictions.csv,0,194,194,0,not_walking
05447093A-110,2024-05-09 10:30:06.020000+00:00,2024-05-09T10:30:02.020000+00:00,2024-05-09T10:30:10.020000+00:00,0,not_walking,0.022327814,not_walking,not_walking,False,2024-05-09 10:26:46,2024-05-09 10:34:00,salidas_test/transformer_sequence_predictions/05447093A_110_20240509_102646_20240509_103400_transformer_predictions.csv,0,195,195,0,not_walking
05447093A-110,2024-05-09 10:30:07.020000+00:00,2024-05-09T10:30:03.020000+00:00,2024-05-09T10:30:11.020000+00:00,0,not_walking,0.025601491,not_walking,not_walking,False,2024-05-09 10:26:46,2024-05-09 10:34:00,salidas_test/transformer_sequence_predictions/05447093A_110_20240509_102646_20240509_103400_transformer_predictions.csv,0,196,196,0,not_walking
05447093A-110,2024-05-09 10:30:08.020000+00:00,2024-05-09T10:30:04.020000+00:00,2024-05-09T10:30:12.020000+00:00,0,not_walking,0.041448463,not_walking,not_walking,False,2024-05-09 10:26:46,2024-05-09 10:34:00,salidas_test/transformer_sequence_predictions/05447093A_110_20240509_102646_20240509_103400_transformer_predictions.csv,0,197,197,0,not_walking
05447093A-110,2024-05-09 10:30:09.020000+00:00,2024-05-09T10:30:05.020000+00:00,2024-05-09T10:30:13.020000+00:00,0,not_walking,0.036326688,not_walking,not_walking,False,2024-05-09 10:26:46,2024-05-09 10:34:00,salidas_test/transformer_sequence_predictions/05447093A_110_20240509_102646_20240509_103400_transformer_predictions.csv,0,198,198,0,not_walking
05447093A-110,2024-05-09 10:30:10.020000+00:00,2024-05-09T10:30:06.020000+00:00,2024-05-09T10:30:14.020000+00:00,0,not_walking,0.029066196,not_walking,not_walking,False,2024-05-09 10:26:46,2024-05-09 10:34:00,salidas_test/transformer_sequence_predictions/05447093A_110_20240509_102646_20240509_103400_transformer_predictions.csv,0,199,199,0,not_walking
05447093A-110,2024-05-09 10:30:11.020000+00:00,2024-05-09T10:30:07.020000+00:00,2024-05-09T10:30:15.020000+00:00,0,not_walking,0.032220915,not_walking,not_walking,False,2024-05-09 10:26:46,2024-05-09 10:34:00,salidas_test/transformer_sequence_predictions/05447093A_110_20240509_102646_20240509_103400_transformer_predictions.csv,0,200,200,0,not_walking
05447093A-110,2024-05-09 10:30:12.020000+00:00,2024-05-09T10:30:08.020000+00:00,2024-05-09T10:30:16.020000+00:00,0,not_walking,0.06374616,not_walking,not_walking,False,2024-05-09 10:26:46,2024-05-09 10:34:00,salidas_test/transformer_sequence_predictions/05447093A_110_20240509_102646_20240509_103400_transformer_predictions.csv,0,201,201,0,not_walking
05447093A-110,2024-05-09 10:30:13.020000+00:00,2024-05-09T10:30:09.020000+00:00,2024-05-09T10:30:17.020000+00:00,0,not_walking,0.028329518,not_walking,not_walking,False,2024-05-09 10:26:46,2024-05-09 10:34:00,salidas_test/transformer_sequence_predictions/05447093A_110_20240509_102646_20240509_103400_transformer_predictions.csv,0,202,202,0,not_walking
05447093A-110,2024-05-09 10:30:14.020000+00:00,2024-05-09T10:30:10.020000+00:00,2024-05-09T10:30:18.020000+00:00,0,not_walking,0.17609707,not_walking,not_walking,False,2024-05-09 10:26:46,2024-05-09 10:34:00,salidas_test/transformer_sequence_predictions/05447093A_110_20240509_102646_20240509_103400_transformer_predictions.csv,0,203,203,0,not_walking
05447093A-110,2024-05-09 10:30:15.020000+00:00,2024-05-09T10:30:11.020000+00:00,2024-05-09T10:30:19.020000+00:00,0,not_walking,0.023706507,not_walking,not_walking,False,2024-05-09 10:26:46,2024-05-09 10:34:00,salidas_test/transformer_sequence_predictions/05447093A_110_20240509_102646_20240509_103400_transformer_predictions.csv,0,204,204,0,not_walking
05447093A-110,2024-05-09 10:30:16.020000+00:00,2024-05-09T10:30:12.020000+00:00,2024-05-09T10:30:20.020000+00:00,0,not_walking,0.0453968,not_walking,not_walking,False,2024-05-09 10:26:46,2024-05-09 10:34:00,salidas_test/transformer_sequence_predictions/05447093A_110_20240509_102646_20240509_103400_transformer_predictions.csv,0,205,205,0,not_walking
05447093A-110,2024-05-09 10:30:17.020000+00:00,2024-05-09T10:30:13.020000+00:00,2024-05-09T10:30:21.020000+00:00,0,not_walking,0.03157507,not_walking,not_walking,False,2024-05-09 10:26:46,2024-05-09 10:34:00,salidas_test/transformer_sequence_predictions/05447093A_110_20240509_102646_20240509_103400_transformer_predictions.csv,0,206,206,0,not_walking
05447093A-110,2024-05-09 10:30:18.020000+00:00,2024-05-09T10:30:14.020000+00:00,2024-05-09T10:30:22.020000+00:00,0,not_walking,0.056785997,not_walking,not_walking,False,2024-05-09 10:26:46,2024-05-09 10:34:00,salidas_test/transformer_sequence_predictions/05447093A_110_20240509_102646_20240509_103400_transformer_predictions.csv,0,207,207,0,not_walking
05447093A-110,2024-05-09 10:30:19.020000+00:00,2024-05-09T10:30:15.020000+00:00,2024-05-09T10:30:23.020000+00:00,0,not_walking,0.027463213,not_walking,not_walking,False,2024-05-09 10:26:46,2024-05-09 10:34:00,salidas_test/transformer_sequence_predictions/05447093A_110_20240509_102646_20240509_103400_transformer_predictions.csv,0,208,208,0,not_walking
05447093A-110,2024-05-09 10:30:20.020000+00:00,2024-05-09T10:30:16.020000+00:00,2024-05-09T10:30:24.020000+00:00,0,not_walking,0.027694702,not_walking,not_walking,False,2024-05-09 10:26:46,2024-05-09 10:34:00,salidas_test/transformer_sequence_predictions/05447093A_110_20240509_102646_20240509_103400_transformer_predictions.csv,0,209,209,0,not_walking
05447093A-110,2024-05-09 10:30:21.020000+00:00,2024-05-09T10:30:17.020000+00:00,2024-05-09T10:30:25.020000+00:00,0,not_walking,0.028424319,not_walking,not_walking,False,2024-05-09 10:26:46,2024-05-09 10:34:00,salidas_test/transformer_sequence_predictions/05447093A_110_20240509_102646_20240509_103400_transformer_predictions.csv,0,210,210,0,not_walking
05447093A-110,2024-05-09 10:30:22.020000+00:00,2024-05-09T10:30:18.020000+00:00,2024-05-09T10:30:26.020000+00:00,0,not_walking,0.07487628,not_walking,not_walking,False,2024-05-09 10:26:46,2024-05-09 10:34:00,salidas_test/transformer_sequence_predictions/05447093A_110_20240509_102646_20240509_103400_transformer_predictions.csv,0,211,211,0,not_walking
05447093A-110,2024-05-09 10:30:23.020000+00:00,2024-05-09T10:30:19.020000+00:00,2024-05-09T10:30:27.020000+00:00,0,not_walking,0.029376188,not_walking,not_walking,False,2024-05-09 10:26:46,2024-05-09 10:34:00,salidas_test/transformer_sequence_predictions/05447093A_110_20240509_102646_20240509_103400_transformer_predictions.csv,0,212,212,0,not_walking
05447093A-110,2024-05-09 10:30:24.020000+00:00,2024-05-09T10:30:20.020000+00:00,2024-05-09T10:30:28.020000+00:00,0,not_walking,0.103646986,not_walking,not_walking,False,2024-05-09 10:26:46,2024-05-09 10:34:00,salidas_test/transformer_sequence_predictions/05447093A_110_20240509_102646_20240509_103400_transformer_predictions.csv,0,213,213,0,not_walking
05447093A-110,2024-05-09 10:30:25.020000+00:00,2024-05-09T10:30:21.020000+00:00,2024-05-09T10:30:29.020000+00:00,0,not_walking,0.03113255,not_walking,not_walking,False,2024-05-09 10:26:46,2024-05-09 10:34:00,salidas_test/transformer_sequence_predictions/05447093A_110_20240509_102646_20240509_103400_transformer_predictions.csv,0,214,214,0,not_walking
05447093A-110,2024-05-09 10:30:26.020000+00:00,2024-05-09T10:30:22.020000+00:00,2024-05-09T10:30:30.020000+00:00,0,not_walking,0.042200528,not_walking,not_walking,False,2024-05-09 10:26:46,2024-05-09 10:34:00,salidas_test/transformer_sequence_predictions/05447093A_110_20240509_102646_20240509_103400_transformer_predictions.csv,0,215,215,0,not_walking
05447093A-110,2024-05-09 10:30:27.020000+00:00,2024-05-09T10:30:23.020000+00:00,2024-05-09T10:30:31.020000+00:00,0,not_walking,0.21297318,not_walking,not_walking,False,2024-05-09 10:26:46,2024-05-09 10:34:00,salidas_test/transformer_sequence_predictions/05447093A_110_20240509_102646_20240509_103400_transformer_predictions.csv,0,216,216,0,not_walking
05447093A-110,2024-05-09 10:30:28.020000+00:00,2024-05-09T10:30:24.020000+00:00,2024-05-09T10:30:32.020000+00:00,0,not_walking,0.078091264,not_walking,not_walking,False,2024-05-09 10:26:46,2024-05-09 10:34:00,salidas_test/transformer_sequence_predictions/05447093A_110_20240509_102646_20240509_103400_transformer_predictions.csv,0,217,217,0,not_walking
05447093A-110,2024-05-09 10:30:29.020000+00:00,2024-05-09T10:30:25.020000+00:00,2024-05-09T10:30:33.020000+00:00,0,not_walking,0.051526956,not_walking,not_walking,False,2024-05-09 10:26:46,2024-05-09 10:34:00,salidas_test/transformer_sequence_predictions/05447093A_110_20240509_102646_20240509_103400_transformer_predictions.csv,0,218,218,0,not_walking
05447093A-110,2024-05-09 10:30:30.020000+00:00,2024-05-09T10:30:26.020000+00:00,2024-05-09T10:30:34.020000+00:00,0,not_walking,0.07552737,not_walking,not_walking,False,2024-05-09 10:26:46,2024-05-09 10:34:00,salidas_test/transformer_sequence_predictions/05447093A_110_20240509_102646_20240509_103400_transformer_predictions.csv,0,219,219,0,not_walking
05447093A-110,2024-05-09 10:30:31.020000+00:00,2024-05-09T10:30:27.020000+00:00,2024-05-09T10:30:35.020000+00:00,0,not_walking,0.029715244,not_walking,not_walking,False,2024-05-09 10:26:46,2024-05-09 10:34:00,salidas_test/transformer_sequence_predictions/05447093A_110_20240509_102646_20240509_103400_transformer_predictions.csv,0,220,220,0,not_walking
05447093A-110,2024-05-09 10:30:32.020000+00:00,2024-05-09T10:30:28.020000+00:00,2024-05-09T10:30:36.020000+00:00,0,not_walking,0.014505024,not_walking,not_walking,False,2024-05-09 10:26:46,2024-05-09 10:34:00,salidas_test/transformer_sequence_predictions/05447093A_110_20240509_102646_20240509_103400_transformer_predictions.csv,0,221,221,0,not_walking
05447093A-110,2024-05-09 10:30:33.020000+00:00,2024-05-09T10:30:29.020000+00:00,2024-05-09T10:30:37.020000+00:00,0,not_walking,0.027470967,not_walking,not_walking,False,2024-05-09 10:26:46,2024-05-09 10:34:00,salidas_test/transformer_sequence_predictions/05447093A_110_20240509_102646_20240509_103400_transformer_predictions.csv,0,222,222,0,not_walking
05447093A-110,2024-05-09 10:30:34.020000+00:00,2024-05-09T10:30:30.020000+00:00,2024-05-09T10:30:38.020000+00:00,0,not_walking,0.02613732,not_walking,not_walking,False,2024-05-09 10:26:46,2024-05-09 10:34:00,salidas_test/transformer_sequence_predictions/05447093A_110_20240509_102646_20240509_103400_transformer_predictions.csv,0,223,223,0,not_walking
05447093A-110,2024-05-09 10:30:35.020000+00:00,2024-05-09T10:30:31.020000+00:00,2024-05-09T10:30:39.020000+00:00,0,not_walking,0.07114696,not_walking,not_walking,False,2024-05-09 10:26:46,2024-05-09 10:34:00,salidas_test/transformer_sequence_predictions/05447093A_110_20240509_102646_20240509_103400_transformer_predictions.csv,0,224,224,0,not_walking
05447093A-110,2024-05-09 10:30:36.020000+00:00,2024-05-09T10:30:32.020000+00:00,2024-05-09T10:30:40.020000+00:00,0,not_walking,0.02377549,not_walking,not_walking,False,2024-05-09 10:26:46,2024-05-09 10:34:00,salidas_test/transformer_sequence_predictions/05447093A_110_20240509_102646_20240509_103400_transformer_predictions.csv,0,225,225,0,not_walking
05447093A-110,2024-05-09 10:30:37.020000+00:00,2024-05-09T10:30:33.020000+00:00,2024-05-09T10:30:41.020000+00:00,0,not_walking,0.038617674,not_walking,not_walking,False,2024-05-09 10:26:46,2024-05-09 10:34:00,salidas_test/transformer_sequence_predictions/05447093A_110_20240509_102646_20240509_103400_transformer_predictions.csv,0,226,226,0,not_walking
05447093A-110,2024-05-09 10:30:38.020000+00:00,2024-05-09T10:30:34.020000+00:00,2024-05-09T10:30:42.020000+00:00,0,not_walking,0.03845464,not_walking,not_walking,False,2024-05-09 10:26:46,2024-05-09 10:34:00,salidas_test/transformer_sequence_predictions/05447093A_110_20240509_102646_20240509_103400_transformer_predictions.csv,0,227,227,0,not_walking
05447093A-110,2024-05-09 10:30:39.020000+00:00,2024-05-09T10:30:35.020000+00:00,2024-05-09T10:30:43.020000+00:00,0,not_walking,0.029792018,not_walking,not_walking,False,2024-05-09 10:26:46,2024-05-09 10:34:00,salidas_test/transformer_sequence_predictions/05447093A_110_20240509_102646_20240509_103400_transformer_predictions.csv,0,228,228,0,not_walking
05447093A-110,2024-05-09 10:30:40.020000+00:00,2024-05-09T10:30:36.020000+00:00,2024-05-09T10:30:44.020000+00:00,0,not_walking,0.107297726,not_walking,not_walking,False,2024-05-09 10:26:46,2024-05-09 10:34:00,salidas_test/transformer_sequence_predictions/05447093A_110_20240509_102646_20240509_103400_transformer_predictions.csv,0,229,229,0,not_walking
05447093A-110,2024-05-09 10:30:41.020000+00:00,2024-05-09T10:30:37.020000+00:00,2024-05-09T10:30:45.020000+00:00,0,not_walking,0.18488689,not_walking,not_walking,False,2024-05-09 10:26:46,2024-05-09 10:34:00,salidas_test/transformer_sequence_predictions/05447093A_110_20240509_102646_20240509_103400_transformer_predictions.csv,0,230,230,0,not_walking
05447093A-110,2024-05-09 10:30:42.020000+00:00,2024-05-09T10:30:38.020000+00:00,2024-05-09T10:30:46.020000+00:00,0,not_walking,0.18439287,not_walking,not_walking,False,2024-05-09 10:26:46,2024-05-09 10:34:00,salidas_test/transformer_sequence_predictions/05447093A_110_20240509_102646_20240509_103400_transformer_predictions.csv,0,231,231,0,not_walking
05447093A-110,2024-05-09 10:30:43.020000+00:00,2024-05-09T10:30:39.020000+00:00,2024-05-09T10:30:47.020000+00:00,0,not_walking,0.15749276,not_walking,not_walking,False,2024-05-09 10:26:46,2024-05-09 10:34:00,salidas_test/transformer_sequence_predictions/05447093A_110_20240509_102646_20240509_103400_transformer_predictions.csv,0,232,232,0,not_walking
05447093A-110,2024-05-09 10:30:44.020000+00:00,2024-05-09T10:30:40.020000+00:00,2024-05-09T10:30:48.020000+00:00,0,not_walking,0.15279762,not_walking,not_walking,False,2024-05-09 10:26:46,2024-05-09 10:34:00,salidas_test/transformer_sequence_predictions/05447093A_110_20240509_102646_20240509_103400_transformer_predictions.csv,0,233,233,0,not_walking
05447093A-110,2024-05-09 10:30:45.020000+00:00,2024-05-09T10:30:41.020000+00:00,2024-05-09T10:30:49.020000+00:00,1,walking,0.5027124,not_walking,not_walking,False,2024-05-09 10:26:46,2024-05-09 10:34:00,salidas_test/transformer_sequence_predictions/05447093A_110_20240509_102646_20240509_103400_transformer_predictions.csv,0,234,234,0,not_walking
05447093A-110,2024-05-09 10:30:46.020000+00:00,2024-05-09T10:30:42.020000+00:00,2024-05-09T10:30:50.020000+00:00,0,not_walking,0.42573655,not_walking,not_walking,False,2024-05-09 10:26:46,2024-05-09 10:34:00,salidas_test/transformer_sequence_predictions/05447093A_110_20240509_102646_20240509_103400_transformer_predictions.csv,0,235,235,0,not_walking
05447093A-110,2024-05-09 10:30:47.020000+00:00,2024-05-09T10:30:43.020000+00:00,2024-05-09T10:30:51.020000+00:00,1,walking,0.95370585,not_walking,not_walking,False,2024-05-09 10:26:46,2024-05-09 10:34:00,salidas_test/transformer_sequence_predictions/05447093A_110_20240509_102646_20240509_103400_transformer_predictions.csv,0,236,236,1,walking
05447093A-110,2024-05-09 10:30:48.020000+00:00,2024-05-09T10:30:44.020000+00:00,2024-05-09T10:30:52.020000+00:00,1,walking,0.986814,not_walking,not_walking,False,2024-05-09 10:26:46,2024-05-09 10:34:00,salidas_test/transformer_sequence_predictions/05447093A_110_20240509_102646_20240509_103400_transformer_predictions.csv,0,237,237,1,walking
05447093A-110,2024-05-09 10:30:49.020000+00:00,2024-05-09T10:30:45.020000+00:00,2024-05-09T10:30:53.020000+00:00,1,walking,0.9431183,not_walking,not_walking,False,2024-05-09 10:26:46,2024-05-09 10:34:00,salidas_test/transformer_sequence_predictions/05447093A_110_20240509_102646_20240509_103400_transformer_predictions.csv,0,238,238,1,walking
05447093A-110,2024-05-09 10:30:50.020000+00:00,2024-05-09T10:30:46.020000+00:00,2024-05-09T10:30:54.020000+00:00,1,walking,0.981689,not_walking,not_walking,False,2024-05-09 10:26:46,2024-05-09 10:34:00,salidas_test/transformer_sequence_predictions/05447093A_110_20240509_102646_20240509_103400_transformer_predictions.csv,0,239,239,1,walking
05447093A-110,2024-05-09 10:30:51.020000+00:00,2024-05-09T10:30:47.020000+00:00,2024-05-09T10:30:55.020000+00:00,1,walking,0.94065595,not_walking,not_walking,False,2024-05-09 10:26:46,2024-05-09 10:34:00,salidas_test/transformer_sequence_predictions/05447093A_110_20240509_102646_20240509_103400_transformer_predictions.csv,0,240,240,1,walking
05447093A-110,2024-05-09 10:30:52.020000+00:00,2024-05-09T10:30:48.020000+00:00,2024-05-09T10:30:56.020000+00:00,1,walking,0.96684617,not_walking,not_walking,False,2024-05-09 10:26:46,2024-05-09 10:34:00,salidas_test/transformer_sequence_predictions/05447093A_110_20240509_102646_20240509_103400_transformer_predictions.csv,0,241,241,1,walking
05447093A-110,2024-05-09 10:30:53.020000+00:00,2024-05-09T10:30:49.020000+00:00,2024-05-09T10:30:57.020000+00:00,1,walking,0.95942396,not_walking,not_walking,False,2024-05-09 10:26:46,2024-05-09 10:34:00,salidas_test/transformer_sequence_predictions/05447093A_110_20240509_102646_20240509_103400_transformer_predictions.csv,0,242,242,1,walking
05447093A-110,2024-05-09 10:30:54.020000+00:00,2024-05-09T10:30:50.020000+00:00,2024-05-09T10:30:58.020000+00:00,1,walking,0.9733761,not_walking,not_walking,False,2024-05-09 10:26:46,2024-05-09 10:34:00,salidas_test/transformer_sequence_predictions/05447093A_110_20240509_102646_20240509_103400_transformer_predictions.csv,0,243,243,1,walking
05447093A-110,2024-05-09 10:30:55.020000+00:00,2024-05-09T10:30:51.020000+00:00,2024-05-09T10:30:59.020000+00:00,1,walking,0.98120433,not_walking,not_walking,False,2024-05-09 10:26:46,2024-05-09 10:34:00,salidas_test/transformer_sequence_predictions/05447093A_110_20240509_102646_20240509_103400_transformer_predictions.csv,0,244,244,1,walking
05447093A-110,2024-05-09 10:30:56.020000+00:00,2024-05-09T10:30:52.020000+00:00,2024-05-09T10:31:00.020000+00:00,1,walking,0.9688681,not_walking,not_walking,False,2024-05-09 10:26:46,2024-05-09 10:34:00,salidas_test/transformer_sequence_predictions/05447093A_110_20240509_102646_20240509_103400_transformer_predictions.csv,0,245,245,1,walking
05447093A-110,2024-05-09 10:30:57.020000+00:00,2024-05-09T10:30:53.020000+00:00,2024-05-09T10:31:01.020000+00:00,1,walking,0.92540383,not_walking,not_walking,False,2024-05-09 10:26:46,2024-05-09 10:34:00,salidas_test/transformer_sequence_predictions/05447093A_110_20240509_102646_20240509_103400_transformer_predictions.csv,0,246,246,1,walking
05447093A-110,2024-05-09 10:30:58.020000+00:00,2024-05-09T10:30:54.020000+00:00,2024-05-09T10:31:02.020000+00:00,1,walking,0.9701866,not_walking,not_walking,False,2024-05-09 10:26:46,2024-05-09 10:34:00,salidas_test/transformer_sequence_predictions/05447093A_110_20240509_102646_20240509_103400_transformer_predictions.csv,0,247,247,1,walking
05447093A-110,2024-05-09 10:30:59.020000+00:00,2024-05-09T10:30:55.020000+00:00,2024-05-09T10:31:03.020000+00:00,1,walking,0.9644302,not_walking,not_walking,False,2024-05-09 10:26:46,2024-05-09 10:34:00,salidas_test/transformer_sequence_predictions/05447093A_110_20240509_102646_20240509_103400_transformer_predictions.csv,0,248,248,1,walking
05447093A-110,2024-05-09 10:31:00.020000+00:00,2024-05-09T10:30:56.020000+00:00,2024-05-09T10:31:04.020000+00:00,1,walking,0.925968,not_walking,not_walking,False,2024-05-09 10:26:46,2024-05-09 10:34:00,salidas_test/transformer_sequence_predictions/05447093A_110_20240509_102646_20240509_103400_transformer_predictions.csv,0,249,249,1,walking
05447093A-110,2024-05-09 10:31:01.020000+00:00,2024-05-09T10:30:57.020000+00:00,2024-05-09T10:31:05.020000+00:00,1,walking,0.70468175,not_walking,not_walking,False,2024-05-09 10:26:46,2024-05-09 10:34:00,salidas_test/transformer_sequence_predictions/05447093A_110_20240509_102646_20240509_103400_transformer_predictions.csv,0,250,250,1,walking
05447093A-110,2024-05-09 10:31:02.020000+00:00,2024-05-09T10:30:58.020000+00:00,2024-05-09T10:31:06.020000+00:00,1,walking,0.9140139,not_walking,not_walking,False,2024-05-09 10:26:46,2024-05-09 10:34:00,salidas_test/transformer_sequence_predictions/05447093A_110_20240509_102646_20240509_103400_transformer_predictions.csv,0,251,251,1,walking
05447093A-110,2024-05-09 10:31:03.020000+00:00,2024-05-09T10:30:59.020000+00:00,2024-05-09T10:31:07.020000+00:00,1,walking,0.91487813,not_walking,not_walking,False,2024-05-09 10:26:46,2024-05-09 10:34:00,salidas_test/transformer_sequence_predictions/05447093A_110_20240509_102646_20240509_103400_transformer_predictions.csv,0,252,252,1,walking
05447093A-110,2024-05-09 10:31:04.020000+00:00,2024-05-09T10:31:00.020000+00:00,2024-05-09T10:31:08.020000+00:00,1,walking,0.9660664,not_walking,not_walking,False,2024-05-09 10:26:46,2024-05-09 10:34:00,salidas_test/transformer_sequence_predictions/05447093A_110_20240509_102646_20240509_103400_transformer_predictions.csv,0,253,253,1,walking
05447093A-110,2024-05-09 10:31:05.020000+00:00,2024-05-09T10:31:01.020000+00:00,2024-05-09T10:31:09.020000+00:00,1,walking,0.9814937,not_walking,not_walking,False,2024-05-09 10:26:46,2024-05-09 10:34:00,salidas_test/transformer_sequence_predictions/05447093A_110_20240509_102646_20240509_103400_transformer_predictions.csv,0,254,254,1,walking
05447093A-110,2024-05-09 10:31:06.020000+00:00,2024-05-09T10:31:02.020000+00:00,2024-05-09T10:31:10.020000+00:00,1,walking,0.9869632,not_walking,not_walking,False,2024-05-09 10:26:46,2024-05-09 10:34:00,salidas_test/transformer_sequence_predictions/05447093A_110_20240509_102646_20240509_103400_transformer_predictions.csv,0,255,255,1,walking
05447093A-110,2024-05-09 10:31:07.020000+00:00,2024-05-09T10:31:03.020000+00:00,2024-05-09T10:31:11.020000+00:00,1,walking,0.9856036,not_walking,not_walking,False,2024-05-09 10:26:46,2024-05-09 10:34:00,salidas_test/transformer_sequence_predictions/05447093A_110_20240509_102646_20240509_103400_transformer_predictions.csv,0,256,256,1,walking
05447093A-110,2024-05-09 10:31:08.020000+00:00,2024-05-09T10:31:04.020000+00:00,2024-05-09T10:31:12.020000+00:00,1,walking,0.9876779,not_walking,not_walking,False,2024-05-09 10:26:46,2024-05-09 10:34:00,salidas_test/transformer_sequence_predictions/05447093A_110_20240509_102646_20240509_103400_transformer_predictions.csv,0,257,257,1,walking
05447093A-110,2024-05-09 10:31:09.020000+00:00,2024-05-09T10:31:05.020000+00:00,2024-05-09T10:31:13.020000+00:00,1,walking,0.9866551,not_walking,not_walking,False,2024-05-09 10:26:46,2024-05-09 10:34:00,salidas_test/transformer_sequence_predictions/05447093A_110_20240509_102646_20240509_103400_transformer_predictions.csv,0,258,258,1,walking
05447093A-110,2024-05-09 10:31:10.020000+00:00,2024-05-09T10:31:06.020000+00:00,2024-05-09T10:31:14.020000+00:00,1,walking,0.9880634,not_walking,not_walking,False,2024-05-09 10:26:46,2024-05-09 10:34:00,salidas_test/transformer_sequence_predictions/05447093A_110_20240509_102646_20240509_103400_transformer_predictions.csv,0,259,259,1,walking
05447093A-110,2024-05-09 10:31:11.020000+00:00,2024-05-09T10:31:07.020000+00:00,2024-05-09T10:31:15.020000+00:00,1,walking,0.9770855,not_walking,not_walking,False,2024-05-09 10:26:46,2024-05-09 10:34:00,salidas_test/transformer_sequence_predictions/05447093A_110_20240509_102646_20240509_103400_transformer_predictions.csv,0,260,260,1,walking
05447093A-110,2024-05-09 10:31:12.020000+00:00,2024-05-09T10:31:08.020000+00:00,2024-05-09T10:31:16.020000+00:00,1,walking,0.98346186,not_walking,not_walking,False,2024-05-09 10:26:46,2024-05-09 10:34:00,salidas_test/transformer_sequence_predictions/05447093A_110_20240509_102646_20240509_103400_transformer_predictions.csv,0,261,261,1,walking
05447093A-110,2024-05-09 10:31:13.020000+00:00,2024-05-09T10:31:09.020000+00:00,2024-05-09T10:31:17.020000+00:00,1,walking,0.9859242,not_walking,not_walking,False,2024-05-09 10:26:46,2024-05-09 10:34:00,salidas_test/transformer_sequence_predictions/05447093A_110_20240509_102646_20240509_103400_transformer_predictions.csv,0,262,262,1,walking
05447093A-110,2024-05-09 10:31:14.020000+00:00,2024-05-09T10:31:10.020000+00:00,2024-05-09T10:31:18.020000+00:00,1,walking,0.9872792,not_walking,not_walking,False,2024-05-09 10:26:46,2024-05-09 10:34:00,salidas_test/transformer_sequence_predictions/05447093A_110_20240509_102646_20240509_103400_transformer_predictions.csv,0,263,263,1,walking
05447093A-110,2024-05-09 10:31:15.020000+00:00,2024-05-09T10:31:11.020000+00:00,2024-05-09T10:31:19.020000+00:00,1,walking,0.987778,not_walking,not_walking,False,2024-05-09 10:26:46,2024-05-09 10:34:00,salidas_test/transformer_sequence_predictions/05447093A_110_20240509_102646_20240509_103400_transformer_predictions.csv,0,264,264,1,walking
05447093A-110,2024-05-09 10:31:16.020000+00:00,2024-05-09T10:31:12.020000+00:00,2024-05-09T10:31:20.020000+00:00,1,walking,0.98492175,not_walking,not_walking,False,2024-05-09 10:26:46,2024-05-09 10:34:00,salidas_test/transformer_sequence_predictions/05447093A_110_20240509_102646_20240509_103400_transformer_predictions.csv,0,265,265,1,walking
05447093A-110,2024-05-09 10:31:17.020000+00:00,2024-05-09T10:31:13.020000+00:00,2024-05-09T10:31:21.020000+00:00,1,walking,0.9795346,not_walking,not_walking,False,2024-05-09 10:26:46,2024-05-09 10:34:00,salidas_test/transformer_sequence_predictions/05447093A_110_20240509_102646_20240509_103400_transformer_predictions.csv,0,266,266,1,walking
05447093A-110,2024-05-09 10:31:18.020000+00:00,2024-05-09T10:31:14.020000+00:00,2024-05-09T10:31:22.020000+00:00,1,walking,0.9777764,not_walking,not_walking,False,2024-05-09 10:26:46,2024-05-09 10:34:00,salidas_test/transformer_sequence_predictions/05447093A_110_20240509_102646_20240509_103400_transformer_predictions.csv,0,267,267,1,walking
05447093A-110,2024-05-09 10:31:19.020000+00:00,2024-05-09T10:31:15.020000+00:00,2024-05-09T10:31:23.020000+00:00,1,walking,0.9857281,not_walking,not_walking,False,2024-05-09 10:26:46,2024-05-09 10:34:00,salidas_test/transformer_sequence_predictions/05447093A_110_20240509_102646_20240509_103400_transformer_predictions.csv,0,268,268,1,walking
05447093A-110,2024-05-09 10:31:20.020000+00:00,2024-05-09T10:31:16.020000+00:00,2024-05-09T10:31:24.020000+00:00,1,walking,0.9876744,not_walking,not_walking,False,2024-05-09 10:26:46,2024-05-09 10:34:00,salidas_test/transformer_sequence_predictions/05447093A_110_20240509_102646_20240509_103400_transformer_predictions.csv,0,269,269,1,walking
05447093A-110,2024-05-09 10:31:21.020000+00:00,2024-05-09T10:31:17.020000+00:00,2024-05-09T10:31:25.020000+00:00,1,walking,0.98805815,not_walking,not_walking,False,2024-05-09 10:26:46,2024-05-09 10:34:00,salidas_test/transformer_sequence_predictions/05447093A_110_20240509_102646_20240509_103400_transformer_predictions.csv,0,270,270,1,walking
05447093A-110,2024-05-09 10:31:22.020000+00:00,2024-05-09T10:31:18.020000+00:00,2024-05-09T10:31:26.020000+00:00,1,walking,0.98807853,not_walking,not_walking,False,2024-05-09 10:26:46,2024-05-09 10:34:00,salidas_test/transformer_sequence_predictions/05447093A_110_20240509_102646_20240509_103400_transformer_predictions.csv,0,271,271,1,walking
05447093A-110,2024-05-09 10:31:23.020000+00:00,2024-05-09T10:31:19.020000+00:00,2024-05-09T10:31:27.020000+00:00,1,walking,0.98648375,not_walking,not_walking,False,2024-05-09 10:26:46,2024-05-09 10:34:00,salidas_test/transformer_sequence_predictions/05447093A_110_20240509_102646_20240509_103400_transformer_predictions.csv,0,272,272,1,walking
05447093A-110,2024-05-09 10:31:24.020000+00:00,2024-05-09T10:31:20.020000+00:00,2024-05-09T10:31:28.020000+00:00,1,walking,0.9865129,not_walking,not_walking,False,2024-05-09 10:26:46,2024-05-09 10:34:00,salidas_test/transformer_sequence_predictions/05447093A_110_20240509_102646_20240509_103400_transformer_predictions.csv,0,273,273,1,walking
05447093A-110,2024-05-09 10:31:25.020000+00:00,2024-05-09T10:31:21.020000+00:00,2024-05-09T10:31:29.020000+00:00,1,walking,0.98890764,not_walking,not_walking,False,2024-05-09 10:26:46,2024-05-09 10:34:00,salidas_test/transformer_sequence_predictions/05447093A_110_20240509_102646_20240509_103400_transformer_predictions.csv,0,274,274,1,walking
05447093A-110,2024-05-09 10:31:26.020000+00:00,2024-05-09T10:31:22.020000+00:00,2024-05-09T10:31:30.020000+00:00,1,walking,0.98748744,not_walking,not_walking,False,2024-05-09 10:26:46,2024-05-09 10:34:00,salidas_test/transformer_sequence_predictions/05447093A_110_20240509_102646_20240509_103400_transformer_predictions.csv,0,275,275,1,walking
05447093A-110,2024-05-09 10:31:27.020000+00:00,2024-05-09T10:31:23.020000+00:00,2024-05-09T10:31:31.020000+00:00,1,walking,0.98626584,not_walking,not_walking,False,2024-05-09 10:26:46,2024-05-09 10:34:00,salidas_test/transformer_sequence_predictions/05447093A_110_20240509_102646_20240509_103400_transformer_predictions.csv,0,276,276,1,walking
05447093A-110,2024-05-09 10:31:28.020000+00:00,2024-05-09T10:31:24.020000+00:00,2024-05-09T10:31:32.020000+00:00,1,walking,0.98494995,not_walking,not_walking,False,2024-05-09 10:26:46,2024-05-09 10:34:00,salidas_test/transformer_sequence_predictions/05447093A_110_20240509_102646_20240509_103400_transformer_predictions.csv,0,277,277,1,walking
05447093A-110,2024-05-09 10:31:29.020000+00:00,2024-05-09T10:31:25.020000+00:00,2024-05-09T10:31:33.020000+00:00,1,walking,0.9853336,not_walking,not_walking,False,2024-05-09 10:26:46,2024-05-09 10:34:00,salidas_test/transformer_sequence_predictions/05447093A_110_20240509_102646_20240509_103400_transformer_predictions.csv,0,278,278,1,walking
05447093A-110,2024-05-09 10:31:30.020000+00:00,2024-05-09T10:31:26.020000+00:00,2024-05-09T10:31:34.020000+00:00,1,walking,0.9820879,not_walking,not_walking,False,2024-05-09 10:26:46,2024-05-09 10:34:00,salidas_test/transformer_sequence_predictions/05447093A_110_20240509_102646_20240509_103400_transformer_predictions.csv,0,279,279,1,walking
05447093A-110,2024-05-09 10:31:31.020000+00:00,2024-05-09T10:31:27.020000+00:00,2024-05-09T10:31:35.020000+00:00,1,walking,0.985678,not_walking,not_walking,False,2024-05-09 10:26:46,2024-05-09 10:34:00,salidas_test/transformer_sequence_predictions/05447093A_110_20240509_102646_20240509_103400_transformer_predictions.csv,0,280,280,1,walking
05447093A-110,2024-05-09 10:31:32.020000+00:00,2024-05-09T10:31:28.020000+00:00,2024-05-09T10:31:36.020000+00:00,1,walking,0.98230433,not_walking,not_walking,False,2024-05-09 10:26:46,2024-05-09 10:34:00,salidas_test/transformer_sequence_predictions/05447093A_110_20240509_102646_20240509_103400_transformer_predictions.csv,0,281,281,1,walking
05447093A-110,2024-05-09 10:31:33.020000+00:00,2024-05-09T10:31:29.020000+00:00,2024-05-09T10:31:37.020000+00:00,1,walking,0.9869099,not_walking,not_walking,False,2024-05-09 10:26:46,2024-05-09 10:34:00,salidas_test/transformer_sequence_predictions/05447093A_110_20240509_102646_20240509_103400_transformer_predictions.csv,0,282,282,1,walking
05447093A-110,2024-05-09 10:31:34.020000+00:00,2024-05-09T10:31:30.020000+00:00,2024-05-09T10:31:38.020000+00:00,1,walking,0.9853817,not_walking,not_walking,False,2024-05-09 10:26:46,2024-05-09 10:34:00,salidas_test/transformer_sequence_predictions/05447093A_110_20240509_102646_20240509_103400_transformer_predictions.csv,0,283,283,1,walking
05447093A-110,2024-05-09 10:31:35.020000+00:00,2024-05-09T10:31:31.020000+00:00,2024-05-09T10:31:39.020000+00:00,1,walking,0.9866698,not_walking,not_walking,False,2024-05-09 10:26:46,2024-05-09 10:34:00,salidas_test/transformer_sequence_predictions/05447093A_110_20240509_102646_20240509_103400_transformer_predictions.csv,0,284,284,1,walking
05447093A-110,2024-05-09 10:31:36.020000+00:00,2024-05-09T10:31:32.020000+00:00,2024-05-09T10:31:40.020000+00:00,1,walking,0.98638123,not_walking,not_walking,False,2024-05-09 10:26:46,2024-05-09 10:34:00,salidas_test/transformer_sequence_predictions/05447093A_110_20240509_102646_20240509_103400_transformer_predictions.csv,0,285,285,1,walking
05447093A-110,2024-05-09 10:31:37.020000+00:00,2024-05-09T10:31:33.020000+00:00,2024-05-09T10:31:41.020000+00:00,1,walking,0.9690605,not_walking,not_walking,False,2024-05-09 10:26:46,2024-05-09 10:34:00,salidas_test/transformer_sequence_predictions/05447093A_110_20240509_102646_20240509_103400_transformer_predictions.csv,0,286,286,1,walking
05447093A-110,2024-05-09 10:31:38.020000+00:00,2024-05-09T10:31:34.020000+00:00,2024-05-09T10:31:42.020000+00:00,1,walking,0.9841023,not_walking,not_walking,False,2024-05-09 10:26:46,2024-05-09 10:34:00,salidas_test/transformer_sequence_predictions/05447093A_110_20240509_102646_20240509_103400_transformer_predictions.csv,0,287,287,1,walking
05447093A-110,2024-05-09 10:31:39.020000+00:00,2024-05-09T10:31:35.020000+00:00,2024-05-09T10:31:43.020000+00:00,1,walking,0.9877894,not_walking,not_walking,False,2024-05-09 10:26:46,2024-05-09 10:34:00,salidas_test/transformer_sequence_predictions/05447093A_110_20240509_102646_20240509_103400_transformer_predictions.csv,0,288,288,1,walking
05447093A-110,2024-05-09 10:31:40.020000+00:00,2024-05-09T10:31:36.020000+00:00,2024-05-09T10:31:44.020000+00:00,1,walking,0.9878905,not_walking,not_walking,False,2024-05-09 10:26:46,2024-05-09 10:34:00,salidas_test/transformer_sequence_predictions/05447093A_110_20240509_102646_20240509_103400_transformer_predictions.csv,0,289,289,1,walking
05447093A-110,2024-05-09 10:31:41.020000+00:00,2024-05-09T10:31:37.020000+00:00,2024-05-09T10:31:45.020000+00:00,1,walking,0.98584974,not_walking,not_walking,False,2024-05-09 10:26:46,2024-05-09 10:34:00,salidas_test/transformer_sequence_predictions/05447093A_110_20240509_102646_20240509_103400_transformer_predictions.csv,0,290,290,1,walking
05447093A-110,2024-05-09 10:31:42.020000+00:00,2024-05-09T10:31:38.020000+00:00,2024-05-09T10:31:46.020000+00:00,1,walking,0.9854915,not_walking,not_walking,False,2024-05-09 10:26:46,2024-05-09 10:34:00,salidas_test/transformer_sequence_predictions/05447093A_110_20240509_102646_20240509_103400_transformer_predictions.csv,0,291,291,1,walking
05447093A-110,2024-05-09 10:31:43.020000+00:00,2024-05-09T10:31:39.020000+00:00,2024-05-09T10:31:47.020000+00:00,1,walking,0.9844675,not_walking,not_walking,False,2024-05-09 10:26:46,2024-05-09 10:34:00,salidas_test/transformer_sequence_predictions/05447093A_110_20240509_102646_20240509_103400_transformer_predictions.csv,0,292,292,1,walking
05447093A-110,2024-05-09 10:31:44.020000+00:00,2024-05-09T10:31:40.020000+00:00,2024-05-09T10:31:48.020000+00:00,1,walking,0.9855435,not_walking,not_walking,False,2024-05-09 10:26:46,2024-05-09 10:34:00,salidas_test/transformer_sequence_predictions/05447093A_110_20240509_102646_20240509_103400_transformer_predictions.csv,0,293,293,1,walking
05447093A-110,2024-05-09 10:31:45.020000+00:00,2024-05-09T10:31:41.020000+00:00,2024-05-09T10:31:49.020000+00:00,1,walking,0.98182195,not_walking,not_walking,False,2024-05-09 10:26:46,2024-05-09 10:34:00,salidas_test/transformer_sequence_predictions/05447093A_110_20240509_102646_20240509_103400_transformer_predictions.csv,0,294,294,1,walking
05447093A-110,2024-05-09 10:31:46.020000+00:00,2024-05-09T10:31:42.020000+00:00,2024-05-09T10:31:50.020000+00:00,1,walking,0.9854241,not_walking,not_walking,False,2024-05-09 10:26:46,2024-05-09 10:34:00,salidas_test/transformer_sequence_predictions/05447093A_110_20240509_102646_20240509_103400_transformer_predictions.csv,0,295,295,1,walking
05447093A-110,2024-05-09 10:31:47.020000+00:00,2024-05-09T10:31:43.020000+00:00,2024-05-09T10:31:51.020000+00:00,1,walking,0.98537457,not_walking,not_walking,False,2024-05-09 10:26:46,2024-05-09 10:34:00,salidas_test/transformer_sequence_predictions/05447093A_110_20240509_102646_20240509_103400_transformer_predictions.csv,0,296,296,1,walking
05447093A-110,2024-05-09 10:31:48.020000+00:00,2024-05-09T10:31:44.020000+00:00,2024-05-09T10:31:52.020000+00:00,1,walking,0.9670861,not_walking,not_walking,False,2024-05-09 10:26:46,2024-05-09 10:34:00,salidas_test/transformer_sequence_predictions/05447093A_110_20240509_102646_20240509_103400_transformer_predictions.csv,0,297,297,1,walking
05447093A-110,2024-05-09 10:31:49.020000+00:00,2024-05-09T10:31:45.020000+00:00,2024-05-09T10:31:53.020000+00:00,1,walking,0.98826116,not_walking,not_walking,False,2024-05-09 10:26:46,2024-05-09 10:34:00,salidas_test/transformer_sequence_predictions/05447093A_110_20240509_102646_20240509_103400_transformer_predictions.csv,0,298,298,1,walking
05447093A-110,2024-05-09 10:31:50.020000+00:00,2024-05-09T10:31:46.020000+00:00,2024-05-09T10:31:54.020000+00:00,1,walking,0.98781675,not_walking,not_walking,False,2024-05-09 10:26:46,2024-05-09 10:34:00,salidas_test/transformer_sequence_predictions/05447093A_110_20240509_102646_20240509_103400_transformer_predictions.csv,0,299,299,1,walking
05447093A-110,2024-05-09 10:31:51.020000+00:00,2024-05-09T10:31:47.020000+00:00,2024-05-09T10:31:55.020000+00:00,1,walking,0.98912257,not_walking,not_walking,False,2024-05-09 10:26:46,2024-05-09 10:34:00,salidas_test/transformer_sequence_predictions/05447093A_110_20240509_102646_20240509_103400_transformer_predictions.csv,0,300,300,1,walking
05447093A-110,2024-05-09 10:31:52.020000+00:00,2024-05-09T10:31:48.020000+00:00,2024-05-09T10:31:56.020000+00:00,1,walking,0.98706937,not_walking,not_walking,False,2024-05-09 10:26:46,2024-05-09 10:34:00,salidas_test/transformer_sequence_predictions/05447093A_110_20240509_102646_20240509_103400_transformer_predictions.csv,0,301,301,1,walking
05447093A-110,2024-05-09 10:31:53.020000+00:00,2024-05-09T10:31:49.020000+00:00,2024-05-09T10:31:57.020000+00:00,1,walking,0.98640984,not_walking,not_walking,False,2024-05-09 10:26:46,2024-05-09 10:34:00,salidas_test/transformer_sequence_predictions/05447093A_110_20240509_102646_20240509_103400_transformer_predictions.csv,0,302,302,1,walking
05447093A-110,2024-05-09 10:31:54.020000+00:00,2024-05-09T10:31:50.020000+00:00,2024-05-09T10:31:58.020000+00:00,1,walking,0.9869049,not_walking,not_walking,False,2024-05-09 10:26:46,2024-05-09 10:34:00,salidas_test/transformer_sequence_predictions/05447093A_110_20240509_102646_20240509_103400_transformer_predictions.csv,0,303,303,1,walking
05447093A-110,2024-05-09 10:31:55.020000+00:00,2024-05-09T10:31:51.020000+00:00,2024-05-09T10:31:59.020000+00:00,1,walking,0.98414004,not_walking,not_walking,False,2024-05-09 10:26:46,2024-05-09 10:34:00,salidas_test/transformer_sequence_predictions/05447093A_110_20240509_102646_20240509_103400_transformer_predictions.csv,0,304,304,1,walking
05447093A-110,2024-05-09 10:31:56.020000+00:00,2024-05-09T10:31:52.020000+00:00,2024-05-09T10:32:00.020000+00:00,1,walking,0.98629934,not_walking,not_walking,False,2024-05-09 10:26:46,2024-05-09 10:34:00,salidas_test/transformer_sequence_predictions/05447093A_110_20240509_102646_20240509_103400_transformer_predictions.csv,0,305,305,1,walking
05447093A-110,2024-05-09 10:31:57.020000+00:00,2024-05-09T10:31:53.020000+00:00,2024-05-09T10:32:01.020000+00:00,1,walking,0.9348854,not_walking,not_walking,False,2024-05-09 10:26:46,2024-05-09 10:34:00,salidas_test/transformer_sequence_predictions/05447093A_110_20240509_102646_20240509_103400_transformer_predictions.csv,0,306,306,1,walking
05447093A-110,2024-05-09 10:31:58.020000+00:00,2024-05-09T10:31:54.020000+00:00,2024-05-09T10:32:02.020000+00:00,1,walking,0.83852947,not_walking,not_walking,False,2024-05-09 10:26:46,2024-05-09 10:34:00,salidas_test/transformer_sequence_predictions/05447093A_110_20240509_102646_20240509_103400_transformer_predictions.csv,0,307,307,1,walking
05447093A-110,2024-05-09 10:31:59.020000+00:00,2024-05-09T10:31:55.020000+00:00,2024-05-09T10:32:03.020000+00:00,1,walking,0.98494303,not_walking,not_walking,False,2024-05-09 10:26:46,2024-05-09 10:34:00,salidas_test/transformer_sequence_predictions/05447093A_110_20240509_102646_20240509_103400_transformer_predictions.csv,0,308,308,1,walking
05447093A-110,2024-05-09 10:32:00.020000+00:00,2024-05-09T10:31:56.020000+00:00,2024-05-09T10:32:04.020000+00:00,1,walking,0.983924,not_walking,not_walking,False,2024-05-09 10:26:46,2024-05-09 10:34:00,salidas_test/transformer_sequence_predictions/05447093A_110_20240509_102646_20240509_103400_transformer_predictions.csv,0,309,309,1,walking
05447093A-110,2024-05-09 10:32:01.020000+00:00,2024-05-09T10:31:57.020000+00:00,2024-05-09T10:32:05.020000+00:00,1,walking,0.98788923,not_walking,not_walking,False,2024-05-09 10:26:46,2024-05-09 10:34:00,salidas_test/transformer_sequence_predictions/05447093A_110_20240509_102646_20240509_103400_transformer_predictions.csv,0,310,310,1,walking
05447093A-110,2024-05-09 10:32:02.020000+00:00,2024-05-09T10:31:58.020000+00:00,2024-05-09T10:32:06.020000+00:00,1,walking,0.9868428,not_walking,not_walking,False,2024-05-09 10:26:46,2024-05-09 10:34:00,salidas_test/transformer_sequence_predictions/05447093A_110_20240509_102646_20240509_103400_transformer_predictions.csv,0,311,311,1,walking
05447093A-110,2024-05-09 10:32:03.020000+00:00,2024-05-09T10:31:59.020000+00:00,2024-05-09T10:32:07.020000+00:00,1,walking,0.9861085,not_walking,not_walking,False,2024-05-09 10:26:46,2024-05-09 10:34:00,salidas_test/transformer_sequence_predictions/05447093A_110_20240509_102646_20240509_103400_transformer_predictions.csv,0,312,312,1,walking
05447093A-110,2024-05-09 10:32:04.020000+00:00,2024-05-09T10:32:00.020000+00:00,2024-05-09T10:32:08.020000+00:00,1,walking,0.9702828,not_walking,not_walking,False,2024-05-09 10:26:46,2024-05-09 10:34:00,salidas_test/transformer_sequence_predictions/05447093A_110_20240509_102646_20240509_103400_transformer_predictions.csv,0,313,313,1,walking
05447093A-110,2024-05-09 10:32:05.020000+00:00,2024-05-09T10:32:01.020000+00:00,2024-05-09T10:32:09.020000+00:00,1,walking,0.98735154,not_walking,not_walking,False,2024-05-09 10:26:46,2024-05-09 10:34:00,salidas_test/transformer_sequence_predictions/05447093A_110_20240509_102646_20240509_103400_transformer_predictions.csv,0,314,314,1,walking
05447093A-110,2024-05-09 10:32:06.020000+00:00,2024-05-09T10:32:02.020000+00:00,2024-05-09T10:32:10.020000+00:00,1,walking,0.98626846,not_walking,not_walking,False,2024-05-09 10:26:46,2024-05-09 10:34:00,salidas_test/transformer_sequence_predictions/05447093A_110_20240509_102646_20240509_103400_transformer_predictions.csv,0,315,315,1,walking
05447093A-110,2024-05-09 10:32:07.020000+00:00,2024-05-09T10:32:03.020000+00:00,2024-05-09T10:32:11.020000+00:00,1,walking,0.987404,not_walking,not_walking,False,2024-05-09 10:26:46,2024-05-09 10:34:00,salidas_test/transformer_sequence_predictions/05447093A_110_20240509_102646_20240509_103400_transformer_predictions.csv,0,316,316,1,walking
05447093A-110,2024-05-09 10:32:08.020000+00:00,2024-05-09T10:32:04.020000+00:00,2024-05-09T10:32:12.020000+00:00,1,walking,0.9856171,not_walking,not_walking,False,2024-05-09 10:26:46,2024-05-09 10:34:00,salidas_test/transformer_sequence_predictions/05447093A_110_20240509_102646_20240509_103400_transformer_predictions.csv,0,317,317,1,walking
05447093A-110,2024-05-09 10:32:09.020000+00:00,2024-05-09T10:32:05.020000+00:00,2024-05-09T10:32:13.020000+00:00,1,walking,0.9579313,not_walking,not_walking,False,2024-05-09 10:26:46,2024-05-09 10:34:00,salidas_test/transformer_sequence_predictions/05447093A_110_20240509_102646_20240509_103400_transformer_predictions.csv,0,318,318,1,walking
05447093A-110,2024-05-09 10:32:10.020000+00:00,2024-05-09T10:32:06.020000+00:00,2024-05-09T10:32:14.020000+00:00,1,walking,0.98551786,not_walking,not_walking,False,2024-05-09 10:26:46,2024-05-09 10:34:00,salidas_test/transformer_sequence_predictions/05447093A_110_20240509_102646_20240509_103400_transformer_predictions.csv,0,319,319,1,walking
05447093A-110,2024-05-09 10:32:11.020000+00:00,2024-05-09T10:32:07.020000+00:00,2024-05-09T10:32:15.020000+00:00,1,walking,0.98661417,not_walking,not_walking,False,2024-05-09 10:26:46,2024-05-09 10:34:00,salidas_test/transformer_sequence_predictions/05447093A_110_20240509_102646_20240509_103400_transformer_predictions.csv,0,320,320,1,walking
05447093A-110,2024-05-09 10:32:12.020000+00:00,2024-05-09T10:32:08.020000+00:00,2024-05-09T10:32:16.020000+00:00,1,walking,0.9847772,not_walking,not_walking,False,2024-05-09 10:26:46,2024-05-09 10:34:00,salidas_test/transformer_sequence_predictions/05447093A_110_20240509_102646_20240509_103400_transformer_predictions.csv,0,321,321,1,walking
05447093A-110,2024-05-09 10:32:13.020000+00:00,2024-05-09T10:32:09.020000+00:00,2024-05-09T10:32:17.020000+00:00,1,walking,0.8625133,not_walking,not_walking,False,2024-05-09 10:26:46,2024-05-09 10:34:00,salidas_test/transformer_sequence_predictions/05447093A_110_20240509_102646_20240509_103400_transformer_predictions.csv,0,322,322,1,walking
05447093A-110,2024-05-09 10:32:14.020000+00:00,2024-05-09T10:32:10.020000+00:00,2024-05-09T10:32:18.020000+00:00,1,walking,0.9213844,not_walking,not_walking,False,2024-05-09 10:26:46,2024-05-09 10:34:00,salidas_test/transformer_sequence_predictions/05447093A_110_20240509_102646_20240509_103400_transformer_predictions.csv,0,323,323,1,walking
05447093A-110,2024-05-09 10:32:15.020000+00:00,2024-05-09T10:32:11.020000+00:00,2024-05-09T10:32:19.020000+00:00,1,walking,0.94332814,not_walking,not_walking,False,2024-05-09 10:26:46,2024-05-09 10:34:00,salidas_test/transformer_sequence_predictions/05447093A_110_20240509_102646_20240509_103400_transformer_predictions.csv,0,324,324,1,walking
05447093A-110,2024-05-09 10:32:16.020000+00:00,2024-05-09T10:32:12.020000+00:00,2024-05-09T10:32:20.020000+00:00,1,walking,0.9814828,not_walking,not_walking,False,2024-05-09 10:26:46,2024-05-09 10:34:00,salidas_test/transformer_sequence_predictions/05447093A_110_20240509_102646_20240509_103400_transformer_predictions.csv,0,325,325,1,walking
05447093A-110,2024-05-09 10:32:17.020000+00:00,2024-05-09T10:32:13.020000+00:00,2024-05-09T10:32:21.020000+00:00,1,walking,0.9864244,not_walking,not_walking,False,2024-05-09 10:26:46,2024-05-09 10:34:00,salidas_test/transformer_sequence_predictions/05447093A_110_20240509_102646_20240509_103400_transformer_predictions.csv,0,326,326,1,walking
05447093A-110,2024-05-09 10:32:18.020000+00:00,2024-05-09T10:32:14.020000+00:00,2024-05-09T10:32:22.020000+00:00,1,walking,0.97290087,not_walking,not_walking,False,2024-05-09 10:26:46,2024-05-09 10:34:00,salidas_test/transformer_sequence_predictions/05447093A_110_20240509_102646_20240509_103400_transformer_predictions.csv,0,327,327,1,walking
05447093A-110,2024-05-09 10:32:19.020000+00:00,2024-05-09T10:32:15.020000+00:00,2024-05-09T10:32:23.020000+00:00,1,walking,0.98569816,not_walking,not_walking,False,2024-05-09 10:26:46,2024-05-09 10:34:00,salidas_test/transformer_sequence_predictions/05447093A_110_20240509_102646_20240509_103400_transformer_predictions.csv,0,328,328,1,walking
05447093A-110,2024-05-09 10:32:20.020000+00:00,2024-05-09T10:32:16.020000+00:00,2024-05-09T10:32:24.020000+00:00,1,walking,0.72590566,not_walking,not_walking,False,2024-05-09 10:26:46,2024-05-09 10:34:00,salidas_test/transformer_sequence_predictions/05447093A_110_20240509_102646_20240509_103400_transformer_predictions.csv,0,329,329,1,walking
05447093A-110,2024-05-09 10:32:21.020000+00:00,2024-05-09T10:32:17.020000+00:00,2024-05-09T10:32:25.020000+00:00,1,walking,0.76178014,not_walking,not_walking,False,2024-05-09 10:26:46,2024-05-09 10:34:00,salidas_test/transformer_sequence_predictions/05447093A_110_20240509_102646_20240509_103400_transformer_predictions.csv,0,330,330,1,walking
05447093A-110,2024-05-09 10:32:22.020000+00:00,2024-05-09T10:32:18.020000+00:00,2024-05-09T10:32:26.020000+00:00,1,walking,0.9877108,not_walking,not_walking,False,2024-05-09 10:26:46,2024-05-09 10:34:00,salidas_test/transformer_sequence_predictions/05447093A_110_20240509_102646_20240509_103400_transformer_predictions.csv,0,331,331,1,walking
05447093A-110,2024-05-09 10:32:23.020000+00:00,2024-05-09T10:32:19.020000+00:00,2024-05-09T10:32:27.020000+00:00,1,walking,0.9868285,not_walking,not_walking,False,2024-05-09 10:26:46,2024-05-09 10:34:00,salidas_test/transformer_sequence_predictions/05447093A_110_20240509_102646_20240509_103400_transformer_predictions.csv,0,332,332,1,walking
05447093A-110,2024-05-09 10:32:24.020000+00:00,2024-05-09T10:32:20.020000+00:00,2024-05-09T10:32:28.020000+00:00,1,walking,0.9866251,not_walking,not_walking,False,2024-05-09 10:26:46,2024-05-09 10:34:00,salidas_test/transformer_sequence_predictions/05447093A_110_20240509_102646_20240509_103400_transformer_predictions.csv,0,333,333,1,walking
05447093A-110,2024-05-09 10:32:25.020000+00:00,2024-05-09T10:32:21.020000+00:00,2024-05-09T10:32:29.020000+00:00,1,walking,0.9876143,not_walking,not_walking,False,2024-05-09 10:26:46,2024-05-09 10:34:00,salidas_test/transformer_sequence_predictions/05447093A_110_20240509_102646_20240509_103400_transformer_predictions.csv,0,334,334,1,walking
05447093A-110,2024-05-09 10:32:26.020000+00:00,2024-05-09T10:32:22.020000+00:00,2024-05-09T10:32:30.020000+00:00,1,walking,0.9852647,not_walking,not_walking,False,2024-05-09 10:26:46,2024-05-09 10:34:00,salidas_test/transformer_sequence_predictions/05447093A_110_20240509_102646_20240509_103400_transformer_predictions.csv,0,335,335,1,walking
05447093A-110,2024-05-09 10:32:27.020000+00:00,2024-05-09T10:32:23.020000+00:00,2024-05-09T10:32:31.020000+00:00,1,walking,0.97982925,not_walking,not_walking,False,2024-05-09 10:26:46,2024-05-09 10:34:00,salidas_test/transformer_sequence_predictions/05447093A_110_20240509_102646_20240509_103400_transformer_predictions.csv,0,336,336,1,walking
05447093A-110,2024-05-09 10:32:28.020000+00:00,2024-05-09T10:32:24.020000+00:00,2024-05-09T10:32:32.020000+00:00,1,walking,0.98551625,not_walking,not_walking,False,2024-05-09 10:26:46,2024-05-09 10:34:00,salidas_test/transformer_sequence_predictions/05447093A_110_20240509_102646_20240509_103400_transformer_predictions.csv,0,337,337,1,walking
05447093A-110,2024-05-09 10:32:29.020000+00:00,2024-05-09T10:32:25.020000+00:00,2024-05-09T10:32:33.020000+00:00,1,walking,0.98794717,not_walking,not_walking,False,2024-05-09 10:26:46,2024-05-09 10:34:00,salidas_test/transformer_sequence_predictions/05447093A_110_20240509_102646_20240509_103400_transformer_predictions.csv,0,338,338,1,walking
05447093A-110,2024-05-09 10:32:30.020000+00:00,2024-05-09T10:32:26.020000+00:00,2024-05-09T10:32:34.020000+00:00,1,walking,0.98508805,not_walking,not_walking,False,2024-05-09 10:26:46,2024-05-09 10:34:00,salidas_test/transformer_sequence_predictions/05447093A_110_20240509_102646_20240509_103400_transformer_predictions.csv,0,339,339,1,walking
05447093A-110,2024-05-09 10:32:31.020000+00:00,2024-05-09T10:32:27.020000+00:00,2024-05-09T10:32:35.020000+00:00,1,walking,0.9871127,not_walking,not_walking,False,2024-05-09 10:26:46,2024-05-09 10:34:00,salidas_test/transformer_sequence_predictions/05447093A_110_20240509_102646_20240509_103400_transformer_predictions.csv,0,340,340,1,walking
05447093A-110,2024-05-09 10:32:32.020000+00:00,2024-05-09T10:32:28.020000+00:00,2024-05-09T10:32:36.020000+00:00,1,walking,0.9866671,not_walking,not_walking,False,2024-05-09 10:26:46,2024-05-09 10:34:00,salidas_test/transformer_sequence_predictions/05447093A_110_20240509_102646_20240509_103400_transformer_predictions.csv,0,341,341,1,walking
05447093A-110,2024-05-09 10:32:33.020000+00:00,2024-05-09T10:32:29.020000+00:00,2024-05-09T10:32:37.020000+00:00,1,walking,0.9863762,not_walking,not_walking,False,2024-05-09 10:26:46,2024-05-09 10:34:00,salidas_test/transformer_sequence_predictions/05447093A_110_20240509_102646_20240509_103400_transformer_predictions.csv,0,342,342,1,walking
05447093A-110,2024-05-09 10:32:34.020000+00:00,2024-05-09T10:32:30.020000+00:00,2024-05-09T10:32:38.020000+00:00,1,walking,0.9872208,not_walking,not_walking,False,2024-05-09 10:26:46,2024-05-09 10:34:00,salidas_test/transformer_sequence_predictions/05447093A_110_20240509_102646_20240509_103400_transformer_predictions.csv,0,343,343,1,walking
05447093A-110,2024-05-09 10:32:35.020000+00:00,2024-05-09T10:32:31.020000+00:00,2024-05-09T10:32:39.020000+00:00,1,walking,0.9864124,not_walking,not_walking,False,2024-05-09 10:26:46,2024-05-09 10:34:00,salidas_test/transformer_sequence_predictions/05447093A_110_20240509_102646_20240509_103400_transformer_predictions.csv,0,344,344,1,walking
05447093A-110,2024-05-09 10:32:36.020000+00:00,2024-05-09T10:32:32.020000+00:00,2024-05-09T10:32:40.020000+00:00,1,walking,0.9872602,not_walking,not_walking,False,2024-05-09 10:26:46,2024-05-09 10:34:00,salidas_test/transformer_sequence_predictions/05447093A_110_20240509_102646_20240509_103400_transformer_predictions.csv,0,345,345,1,walking
05447093A-110,2024-05-09 10:32:37.020000+00:00,2024-05-09T10:32:33.020000+00:00,2024-05-09T10:32:41.020000+00:00,1,walking,0.9864609,not_walking,not_walking,False,2024-05-09 10:26:46,2024-05-09 10:34:00,salidas_test/transformer_sequence_predictions/05447093A_110_20240509_102646_20240509_103400_transformer_predictions.csv,0,346,346,1,walking
05447093A-110,2024-05-09 10:32:38.020000+00:00,2024-05-09T10:32:34.020000+00:00,2024-05-09T10:32:42.020000+00:00,1,walking,0.98371947,not_walking,not_walking,False,2024-05-09 10:26:46,2024-05-09 10:34:00,salidas_test/transformer_sequence_predictions/05447093A_110_20240509_102646_20240509_103400_transformer_predictions.csv,0,347,347,1,walking
05447093A-110,2024-05-09 10:32:39.020000+00:00,2024-05-09T10:32:35.020000+00:00,2024-05-09T10:32:43.020000+00:00,1,walking,0.9821671,not_walking,not_walking,False,2024-05-09 10:26:46,2024-05-09 10:34:00,salidas_test/transformer_sequence_predictions/05447093A_110_20240509_102646_20240509_103400_transformer_predictions.csv,0,348,348,1,walking
05447093A-110,2024-05-09 10:32:40.020000+00:00,2024-05-09T10:32:36.020000+00:00,2024-05-09T10:32:44.020000+00:00,1,walking,0.9874106,not_walking,not_walking,False,2024-05-09 10:26:46,2024-05-09 10:34:00,salidas_test/transformer_sequence_predictions/05447093A_110_20240509_102646_20240509_103400_transformer_predictions.csv,0,349,349,1,walking
05447093A-110,2024-05-09 10:32:41.020000+00:00,2024-05-09T10:32:37.020000+00:00,2024-05-09T10:32:45.020000+00:00,1,walking,0.9772809,not_walking,not_walking,False,2024-05-09 10:26:46,2024-05-09 10:34:00,salidas_test/transformer_sequence_predictions/05447093A_110_20240509_102646_20240509_103400_transformer_predictions.csv,0,350,350,1,walking
05447093A-110,2024-05-09 10:32:42.020000+00:00,2024-05-09T10:32:38.020000+00:00,2024-05-09T10:32:46.020000+00:00,1,walking,0.9792252,not_walking,not_walking,False,2024-05-09 10:26:46,2024-05-09 10:34:00,salidas_test/transformer_sequence_predictions/05447093A_110_20240509_102646_20240509_103400_transformer_predictions.csv,0,351,351,1,walking
05447093A-110,2024-05-09 10:32:43.020000+00:00,2024-05-09T10:32:39.020000+00:00,2024-05-09T10:32:47.020000+00:00,1,walking,0.984951,not_walking,not_walking,False,2024-05-09 10:26:46,2024-05-09 10:34:00,salidas_test/transformer_sequence_predictions/05447093A_110_20240509_102646_20240509_103400_transformer_predictions.csv,0,352,352,1,walking
05447093A-110,2024-05-09 10:32:44.020000+00:00,2024-05-09T10:32:40.020000+00:00,2024-05-09T10:32:48.020000+00:00,1,walking,0.9847894,not_walking,not_walking,False,2024-05-09 10:26:46,2024-05-09 10:34:00,salidas_test/transformer_sequence_predictions/05447093A_110_20240509_102646_20240509_103400_transformer_predictions.csv,0,353,353,1,walking
05447093A-110,2024-05-09 10:32:45.020000+00:00,2024-05-09T10:32:41.020000+00:00,2024-05-09T10:32:49.020000+00:00,1,walking,0.9873124,not_walking,not_walking,False,2024-05-09 10:26:46,2024-05-09 10:34:00,salidas_test/transformer_sequence_predictions/05447093A_110_20240509_102646_20240509_103400_transformer_predictions.csv,0,354,354,1,walking
05447093A-110,2024-05-09 10:32:46.020000+00:00,2024-05-09T10:32:42.020000+00:00,2024-05-09T10:32:50.020000+00:00,1,walking,0.988236,not_walking,not_walking,False,2024-05-09 10:26:46,2024-05-09 10:34:00,salidas_test/transformer_sequence_predictions/05447093A_110_20240509_102646_20240509_103400_transformer_predictions.csv,0,355,355,1,walking
05447093A-110,2024-05-09 10:32:47.020000+00:00,2024-05-09T10:32:43.020000+00:00,2024-05-09T10:32:51.020000+00:00,1,walking,0.9879601,not_walking,not_walking,False,2024-05-09 10:26:46,2024-05-09 10:34:00,salidas_test/transformer_sequence_predictions/05447093A_110_20240509_102646_20240509_103400_transformer_predictions.csv,0,356,356,1,walking
05447093A-110,2024-05-09 10:32:48.020000+00:00,2024-05-09T10:32:44.020000+00:00,2024-05-09T10:32:52.020000+00:00,1,walking,0.97266644,not_walking,not_walking,False,2024-05-09 10:26:46,2024-05-09 10:34:00,salidas_test/transformer_sequence_predictions/05447093A_110_20240509_102646_20240509_103400_transformer_predictions.csv,0,357,357,1,walking
05447093A-110,2024-05-09 10:32:49.020000+00:00,2024-05-09T10:32:45.020000+00:00,2024-05-09T10:32:53.020000+00:00,1,walking,0.9737519,not_walking,not_walking,False,2024-05-09 10:26:46,2024-05-09 10:34:00,salidas_test/transformer_sequence_predictions/05447093A_110_20240509_102646_20240509_103400_transformer_predictions.csv,0,358,358,1,walking
05447093A-110,2024-05-09 10:32:50.020000+00:00,2024-05-09T10:32:46.020000+00:00,2024-05-09T10:32:54.020000+00:00,1,walking,0.97102123,not_walking,not_walking,False,2024-05-09 10:26:46,2024-05-09 10:34:00,salidas_test/transformer_sequence_predictions/05447093A_110_20240509_102646_20240509_103400_transformer_predictions.csv,0,359,359,1,walking
05447093A-110,2024-05-09 10:32:51.020000+00:00,2024-05-09T10:32:47.020000+00:00,2024-05-09T10:32:55.020000+00:00,1,walking,0.98293674,not_walking,not_walking,False,2024-05-09 10:26:46,2024-05-09 10:34:00,salidas_test/transformer_sequence_predictions/05447093A_110_20240509_102646_20240509_103400_transformer_predictions.csv,0,360,360,1,walking
05447093A-110,2024-05-09 10:32:52.020000+00:00,2024-05-09T10:32:48.020000+00:00,2024-05-09T10:32:56.020000+00:00,1,walking,0.9877187,not_walking,not_walking,False,2024-05-09 10:26:46,2024-05-09 10:34:00,salidas_test/transformer_sequence_predictions/05447093A_110_20240509_102646_20240509_103400_transformer_predictions.csv,0,361,361,1,walking
05447093A-110,2024-05-09 10:32:53.020000+00:00,2024-05-09T10:32:49.020000+00:00,2024-05-09T10:32:57.020000+00:00,1,walking,0.9771329,not_walking,not_walking,False,2024-05-09 10:26:46,2024-05-09 10:34:00,salidas_test/transformer_sequence_predictions/05447093A_110_20240509_102646_20240509_103400_transformer_predictions.csv,0,362,362,1,walking
05447093A-110,2024-05-09 10:32:54.020000+00:00,2024-05-09T10:32:50.020000+00:00,2024-05-09T10:32:58.020000+00:00,1,walking,0.98025274,not_walking,not_walking,False,2024-05-09 10:26:46,2024-05-09 10:34:00,salidas_test/transformer_sequence_predictions/05447093A_110_20240509_102646_20240509_103400_transformer_predictions.csv,0,363,363,1,walking
05447093A-110,2024-05-09 10:32:55.020000+00:00,2024-05-09T10:32:51.020000+00:00,2024-05-09T10:32:59.020000+00:00,1,walking,0.9847606,not_walking,not_walking,False,2024-05-09 10:26:46,2024-05-09 10:34:00,salidas_test/transformer_sequence_predictions/05447093A_110_20240509_102646_20240509_103400_transformer_predictions.csv,0,364,364,1,walking
05447093A-110,2024-05-09 10:32:56.020000+00:00,2024-05-09T10:32:52.020000+00:00,2024-05-09T10:33:00.020000+00:00,1,walking,0.98666465,not_walking,not_walking,False,2024-05-09 10:26:46,2024-05-09 10:34:00,salidas_test/transformer_sequence_predictions/05447093A_110_20240509_102646_20240509_103400_transformer_predictions.csv,0,365,365,1,walking
05447093A-110,2024-05-09 10:32:57.020000+00:00,2024-05-09T10:32:53.020000+00:00,2024-05-09T10:33:01.020000+00:00,1,walking,0.974441,not_walking,not_walking,False,2024-05-09 10:26:46,2024-05-09 10:34:00,salidas_test/transformer_sequence_predictions/05447093A_110_20240509_102646_20240509_103400_transformer_predictions.csv,0,366,366,1,walking
05447093A-110,2024-05-09 10:32:58.020000+00:00,2024-05-09T10:32:54.020000+00:00,2024-05-09T10:33:02.020000+00:00,1,walking,0.98036766,not_walking,not_walking,False,2024-05-09 10:26:46,2024-05-09 10:34:00,salidas_test/transformer_sequence_predictions/05447093A_110_20240509_102646_20240509_103400_transformer_predictions.csv,0,367,367,1,walking
05447093A-110,2024-05-09 10:32:59.020000+00:00,2024-05-09T10:32:55.020000+00:00,2024-05-09T10:33:03.020000+00:00,1,walking,0.98222244,not_walking,not_walking,False,2024-05-09 10:26:46,2024-05-09 10:34:00,salidas_test/transformer_sequence_predictions/05447093A_110_20240509_102646_20240509_103400_transformer_predictions.csv,0,368,368,1,walking
05447093A-110,2024-05-09 10:33:00.020000+00:00,2024-05-09T10:32:56.020000+00:00,2024-05-09T10:33:04.020000+00:00,1,walking,0.984148,not_walking,not_walking,False,2024-05-09 10:26:46,2024-05-09 10:34:00,salidas_test/transformer_sequence_predictions/05447093A_110_20240509_102646_20240509_103400_transformer_predictions.csv,0,369,369,1,walking
05447093A-110,2024-05-09 10:33:01.020000+00:00,2024-05-09T10:32:57.020000+00:00,2024-05-09T10:33:05.020000+00:00,1,walking,0.98733974,not_walking,not_walking,False,2024-05-09 10:26:46,2024-05-09 10:34:00,salidas_test/transformer_sequence_predictions/05447093A_110_20240509_102646_20240509_103400_transformer_predictions.csv,0,370,370,1,walking
05447093A-110,2024-05-09 10:33:02.020000+00:00,2024-05-09T10:32:58.020000+00:00,2024-05-09T10:33:06.020000+00:00,1,walking,0.98809296,not_walking,not_walking,False,2024-05-09 10:26:46,2024-05-09 10:34:00,salidas_test/transformer_sequence_predictions/05447093A_110_20240509_102646_20240509_103400_transformer_predictions.csv,0,371,371,1,walking
05447093A-110,2024-05-09 10:33:03.020000+00:00,2024-05-09T10:32:59.020000+00:00,2024-05-09T10:33:07.020000+00:00,1,walking,0.98451924,not_walking,not_walking,False,2024-05-09 10:26:46,2024-05-09 10:34:00,salidas_test/transformer_sequence_predictions/05447093A_110_20240509_102646_20240509_103400_transformer_predictions.csv,0,372,372,1,walking
05447093A-110,2024-05-09 10:33:04.020000+00:00,2024-05-09T10:33:00.020000+00:00,2024-05-09T10:33:08.020000+00:00,1,walking,0.9852165,not_walking,not_walking,False,2024-05-09 10:26:46,2024-05-09 10:34:00,salidas_test/transformer_sequence_predictions/05447093A_110_20240509_102646_20240509_103400_transformer_predictions.csv,0,373,373,1,walking
05447093A-110,2024-05-09 10:33:05.020000+00:00,2024-05-09T10:33:01.020000+00:00,2024-05-09T10:33:09.020000+00:00,1,walking,0.98473096,not_walking,not_walking,False,2024-05-09 10:26:46,2024-05-09 10:34:00,salidas_test/transformer_sequence_predictions/05447093A_110_20240509_102646_20240509_103400_transformer_predictions.csv,0,374,374,1,walking
05447093A-110,2024-05-09 10:33:06.020000+00:00,2024-05-09T10:33:02.020000+00:00,2024-05-09T10:33:10.020000+00:00,1,walking,0.9842741,not_walking,not_walking,False,2024-05-09 10:26:46,2024-05-09 10:34:00,salidas_test/transformer_sequence_predictions/05447093A_110_20240509_102646_20240509_103400_transformer_predictions.csv,0,375,375,1,walking
05447093A-110,2024-05-09 10:33:07.020000+00:00,2024-05-09T10:33:03.020000+00:00,2024-05-09T10:33:11.020000+00:00,1,walking,0.9875737,not_walking,not_walking,False,2024-05-09 10:26:46,2024-05-09 10:34:00,salidas_test/transformer_sequence_predictions/05447093A_110_20240509_102646_20240509_103400_transformer_predictions.csv,0,376,376,1,walking
05447093A-110,2024-05-09 10:33:08.020000+00:00,2024-05-09T10:33:04.020000+00:00,2024-05-09T10:33:12.020000+00:00,1,walking,0.979529,not_walking,not_walking,False,2024-05-09 10:26:46,2024-05-09 10:34:00,salidas_test/transformer_sequence_predictions/05447093A_110_20240509_102646_20240509_103400_transformer_predictions.csv,0,377,377,1,walking
05447093A-110,2024-05-09 10:33:09.020000+00:00,2024-05-09T10:33:05.020000+00:00,2024-05-09T10:33:13.020000+00:00,1,walking,0.98362124,not_walking,not_walking,False,2024-05-09 10:26:46,2024-05-09 10:34:00,salidas_test/transformer_sequence_predictions/05447093A_110_20240509_102646_20240509_103400_transformer_predictions.csv,0,378,378,1,walking
05447093A-110,2024-05-09 10:33:10.020000+00:00,2024-05-09T10:33:06.020000+00:00,2024-05-09T10:33:14.020000+00:00,1,walking,0.98630446,not_walking,not_walking,False,2024-05-09 10:26:46,2024-05-09 10:34:00,salidas_test/transformer_sequence_predictions/05447093A_110_20240509_102646_20240509_103400_transformer_predictions.csv,0,379,379,1,walking
05447093A-110,2024-05-09 10:33:11.020000+00:00,2024-05-09T10:33:07.020000+00:00,2024-05-09T10:33:15.020000+00:00,1,walking,0.9730012,not_walking,not_walking,False,2024-05-09 10:26:46,2024-05-09 10:34:00,salidas_test/transformer_sequence_predictions/05447093A_110_20240509_102646_20240509_103400_transformer_predictions.csv,0,380,380,1,walking
05447093A-110,2024-05-09 10:33:12.020000+00:00,2024-05-09T10:33:08.020000+00:00,2024-05-09T10:33:16.020000+00:00,1,walking,0.9868075,not_walking,not_walking,False,2024-05-09 10:26:46,2024-05-09 10:34:00,salidas_test/transformer_sequence_predictions/05447093A_110_20240509_102646_20240509_103400_transformer_predictions.csv,0,381,381,1,walking
05447093A-110,2024-05-09 10:33:13.020000+00:00,2024-05-09T10:33:09.020000+00:00,2024-05-09T10:33:17.020000+00:00,1,walking,0.9882075,not_walking,not_walking,False,2024-05-09 10:26:46,2024-05-09 10:34:00,salidas_test/transformer_sequence_predictions/05447093A_110_20240509_102646_20240509_103400_transformer_predictions.csv,0,382,382,1,walking
05447093A-110,2024-05-09 10:33:14.020000+00:00,2024-05-09T10:33:10.020000+00:00,2024-05-09T10:33:18.020000+00:00,1,walking,0.987405,not_walking,not_walking,False,2024-05-09 10:26:46,2024-05-09 10:34:00,salidas_test/transformer_sequence_predictions/05447093A_110_20240509_102646_20240509_103400_transformer_predictions.csv,0,383,383,1,walking
05447093A-110,2024-05-09 10:33:15.020000+00:00,2024-05-09T10:33:11.020000+00:00,2024-05-09T10:33:19.020000+00:00,1,walking,0.9706214,not_walking,not_walking,False,2024-05-09 10:26:46,2024-05-09 10:34:00,salidas_test/transformer_sequence_predictions/05447093A_110_20240509_102646_20240509_103400_transformer_predictions.csv,0,384,384,1,walking
05447093A-110,2024-05-09 10:33:16.020000+00:00,2024-05-09T10:33:12.020000+00:00,2024-05-09T10:33:20.020000+00:00,1,walking,0.9730539,not_walking,not_walking,False,2024-05-09 10:26:46,2024-05-09 10:34:00,salidas_test/transformer_sequence_predictions/05447093A_110_20240509_102646_20240509_103400_transformer_predictions.csv,0,385,385,1,walking
05447093A-110,2024-05-09 10:33:17.020000+00:00,2024-05-09T10:33:13.020000+00:00,2024-05-09T10:33:21.020000+00:00,1,walking,0.96469647,not_walking,not_walking,False,2024-05-09 10:26:46,2024-05-09 10:34:00,salidas_test/transformer_sequence_predictions/05447093A_110_20240509_102646_20240509_103400_transformer_predictions.csv,0,386,386,1,walking
05447093A-110,2024-05-09 10:33:18.020000+00:00,2024-05-09T10:33:14.020000+00:00,2024-05-09T10:33:22.020000+00:00,1,walking,0.92885053,not_walking,not_walking,False,2024-05-09 10:26:46,2024-05-09 10:34:00,salidas_test/transformer_sequence_predictions/05447093A_110_20240509_102646_20240509_103400_transformer_predictions.csv,0,387,387,1,walking
05447093A-110,2024-05-09 10:33:19.020000+00:00,2024-05-09T10:33:15.020000+00:00,2024-05-09T10:33:23.020000+00:00,1,walking,0.9875874,not_walking,not_walking,False,2024-05-09 10:26:46,2024-05-09 10:34:00,salidas_test/transformer_sequence_predictions/05447093A_110_20240509_102646_20240509_103400_transformer_predictions.csv,0,388,388,1,walking
05447093A-110,2024-05-09 10:33:20.020000+00:00,2024-05-09T10:33:16.020000+00:00,2024-05-09T10:33:24.020000+00:00,1,walking,0.9866084,not_walking,not_walking,False,2024-05-09 10:26:46,2024-05-09 10:34:00,salidas_test/transformer_sequence_predictions/05447093A_110_20240509_102646_20240509_103400_transformer_predictions.csv,0,389,389,1,walking
05447093A-110,2024-05-09 10:33:21.020000+00:00,2024-05-09T10:33:17.020000+00:00,2024-05-09T10:33:25.020000+00:00,1,walking,0.98689413,not_walking,not_walking,False,2024-05-09 10:26:46,2024-05-09 10:34:00,salidas_test/transformer_sequence_predictions/05447093A_110_20240509_102646_20240509_103400_transformer_predictions.csv,0,390,390,1,walking
05447093A-110,2024-05-09 10:33:22.020000+00:00,2024-05-09T10:33:18.020000+00:00,2024-05-09T10:33:26.020000+00:00,1,walking,0.978515,not_walking,not_walking,False,2024-05-09 10:26:46,2024-05-09 10:34:00,salidas_test/transformer_sequence_predictions/05447093A_110_20240509_102646_20240509_103400_transformer_predictions.csv,0,391,391,1,walking
05447093A-110,2024-05-09 10:33:23.020000+00:00,2024-05-09T10:33:19.020000+00:00,2024-05-09T10:33:27.020000+00:00,1,walking,0.9800332,not_walking,not_walking,False,2024-05-09 10:26:46,2024-05-09 10:34:00,salidas_test/transformer_sequence_predictions/05447093A_110_20240509_102646_20240509_103400_transformer_predictions.csv,0,392,392,1,walking
05447093A-110,2024-05-09 10:33:24.020000+00:00,2024-05-09T10:33:20.020000+00:00,2024-05-09T10:33:28.020000+00:00,1,walking,0.97910863,not_walking,not_walking,False,2024-05-09 10:26:46,2024-05-09 10:34:00,salidas_test/transformer_sequence_predictions/05447093A_110_20240509_102646_20240509_103400_transformer_predictions.csv,0,393,393,1,walking
05447093A-110,2024-05-09 10:33:25.020000+00:00,2024-05-09T10:33:21.020000+00:00,2024-05-09T10:33:29.020000+00:00,1,walking,0.9836512,not_walking,not_walking,False,2024-05-09 10:26:46,2024-05-09 10:34:00,salidas_test/transformer_sequence_predictions/05447093A_110_20240509_102646_20240509_103400_transformer_predictions.csv,0,394,394,1,walking
05447093A-110,2024-05-09 10:33:26.020000+00:00,2024-05-09T10:33:22.020000+00:00,2024-05-09T10:33:30.020000+00:00,1,walking,0.98763704,not_walking,not_walking,False,2024-05-09 10:26:46,2024-05-09 10:34:00,salidas_test/transformer_sequence_predictions/05447093A_110_20240509_102646_20240509_103400_transformer_predictions.csv,0,395,395,1,walking
05447093A-110,2024-05-09 10:33:27.020000+00:00,2024-05-09T10:33:23.020000+00:00,2024-05-09T10:33:31.020000+00:00,1,walking,0.98699456,not_walking,not_walking,False,2024-05-09 10:26:46,2024-05-09 10:34:00,salidas_test/transformer_sequence_predictions/05447093A_110_20240509_102646_20240509_103400_transformer_predictions.csv,0,396,396,1,walking
05447093A-110,2024-05-09 10:33:28.020000+00:00,2024-05-09T10:33:24.020000+00:00,2024-05-09T10:33:32.020000+00:00,1,walking,0.9873931,not_walking,not_walking,False,2024-05-09 10:26:46,2024-05-09 10:34:00,salidas_test/transformer_sequence_predictions/05447093A_110_20240509_102646_20240509_103400_transformer_predictions.csv,0,397,397,1,walking
05447093A-110,2024-05-09 10:33:29.020000+00:00,2024-05-09T10:33:25.020000+00:00,2024-05-09T10:33:33.020000+00:00,1,walking,0.9872891,not_walking,not_walking,False,2024-05-09 10:26:46,2024-05-09 10:34:00,salidas_test/transformer_sequence_predictions/05447093A_110_20240509_102646_20240509_103400_transformer_predictions.csv,0,398,398,1,walking
05447093A-110,2024-05-09 10:33:30.020000+00:00,2024-05-09T10:33:26.020000+00:00,2024-05-09T10:33:34.020000+00:00,1,walking,0.98280394,not_walking,not_walking,False,2024-05-09 10:26:46,2024-05-09 10:34:00,salidas_test/transformer_sequence_predictions/05447093A_110_20240509_102646_20240509_103400_transformer_predictions.csv,0,399,399,1,walking
05447093A-110,2024-05-09 10:33:31.020000+00:00,2024-05-09T10:33:27.020000+00:00,2024-05-09T10:33:35.020000+00:00,1,walking,0.9866471,not_walking,not_walking,False,2024-05-09 10:26:46,2024-05-09 10:34:00,salidas_test/transformer_sequence_predictions/05447093A_110_20240509_102646_20240509_103400_transformer_predictions.csv,0,400,400,1,walking
05447093A-110,2024-05-09 10:33:32.020000+00:00,2024-05-09T10:33:28.020000+00:00,2024-05-09T10:33:36.020000+00:00,1,walking,0.9872361,not_walking,not_walking,False,2024-05-09 10:26:46,2024-05-09 10:34:00,salidas_test/transformer_sequence_predictions/05447093A_110_20240509_102646_20240509_103400_transformer_predictions.csv,0,401,401,1,walking
05447093A-110,2024-05-09 10:33:33.020000+00:00,2024-05-09T10:33:29.020000+00:00,2024-05-09T10:33:37.020000+00:00,1,walking,0.98643947,not_walking,not_walking,False,2024-05-09 10:26:46,2024-05-09 10:34:00,salidas_test/transformer_sequence_predictions/05447093A_110_20240509_102646_20240509_103400_transformer_predictions.csv,0,402,402,1,walking
05447093A-110,2024-05-09 10:33:34.020000+00:00,2024-05-09T10:33:30.020000+00:00,2024-05-09T10:33:38.020000+00:00,1,walking,0.9870085,not_walking,not_walking,False,2024-05-09 10:26:46,2024-05-09 10:34:00,salidas_test/transformer_sequence_predictions/05447093A_110_20240509_102646_20240509_103400_transformer_predictions.csv,0,403,403,1,walking
05447093A-110,2024-05-09 10:33:35.020000+00:00,2024-05-09T10:33:31.020000+00:00,2024-05-09T10:33:39.020000+00:00,1,walking,0.9766883,not_walking,not_walking,False,2024-05-09 10:26:46,2024-05-09 10:34:00,salidas_test/transformer_sequence_predictions/05447093A_110_20240509_102646_20240509_103400_transformer_predictions.csv,0,404,404,1,walking
05447093A-110,2024-05-09 10:33:36.020000+00:00,2024-05-09T10:33:32.020000+00:00,2024-05-09T10:33:40.020000+00:00,1,walking,0.98078626,not_walking,not_walking,False,2024-05-09 10:26:46,2024-05-09 10:34:00,salidas_test/transformer_sequence_predictions/05447093A_110_20240509_102646_20240509_103400_transformer_predictions.csv,0,405,405,1,walking
05447093A-110,2024-05-09 10:33:37.020000+00:00,2024-05-09T10:33:33.020000+00:00,2024-05-09T10:33:41.020000+00:00,1,walking,0.98800975,not_walking,not_walking,False,2024-05-09 10:26:46,2024-05-09 10:34:00,salidas_test/transformer_sequence_predictions/05447093A_110_20240509_102646_20240509_103400_transformer_predictions.csv,0,406,406,1,walking
05447093A-110,2024-05-09 10:33:38.020000+00:00,2024-05-09T10:33:34.020000+00:00,2024-05-09T10:33:42.020000+00:00,1,walking,0.97899026,not_walking,not_walking,False,2024-05-09 10:26:46,2024-05-09 10:34:00,salidas_test/transformer_sequence_predictions/05447093A_110_20240509_102646_20240509_103400_transformer_predictions.csv,0,407,407,1,walking
05447093A-110,2024-05-09 10:33:39.020000+00:00,2024-05-09T10:33:35.020000+00:00,2024-05-09T10:33:43.020000+00:00,1,walking,0.9887245,not_walking,not_walking,False,2024-05-09 10:26:46,2024-05-09 10:34:00,salidas_test/transformer_sequence_predictions/05447093A_110_20240509_102646_20240509_103400_transformer_predictions.csv,0,408,408,1,walking
05447093A-110,2024-05-09 10:33:40.020000+00:00,2024-05-09T10:33:36.020000+00:00,2024-05-09T10:33:44.020000+00:00,1,walking,0.9783102,not_walking,not_walking,False,2024-05-09 10:26:46,2024-05-09 10:34:00,salidas_test/transformer_sequence_predictions/05447093A_110_20240509_102646_20240509_103400_transformer_predictions.csv,0,409,409,1,walking
05447093A-110,2024-05-09 10:33:41.020000+00:00,2024-05-09T10:33:37.020000+00:00,2024-05-09T10:33:45.020000+00:00,1,walking,0.97847056,not_walking,not_walking,False,2024-05-09 10:26:46,2024-05-09 10:34:00,salidas_test/transformer_sequence_predictions/05447093A_110_20240509_102646_20240509_103400_transformer_predictions.csv,0,410,410,1,walking
05447093A-110,2024-05-09 10:33:42.020000+00:00,2024-05-09T10:33:38.020000+00:00,2024-05-09T10:33:46.020000+00:00,1,walking,0.9790071,not_walking,not_walking,False,2024-05-09 10:26:46,2024-05-09 10:34:00,salidas_test/transformer_sequence_predictions/05447093A_110_20240509_102646_20240509_103400_transformer_predictions.csv,0,411,411,1,walking
05447093A-110,2024-05-09 10:33:43.020000+00:00,2024-05-09T10:33:39.020000+00:00,2024-05-09T10:33:47.020000+00:00,1,walking,0.97859997,not_walking,not_walking,False,2024-05-09 10:26:46,2024-05-09 10:34:00,salidas_test/transformer_sequence_predictions/05447093A_110_20240509_102646_20240509_103400_transformer_predictions.csv,0,412,412,1,walking
05447093A-110,2024-05-09 10:33:44.020000+00:00,2024-05-09T10:33:40.020000+00:00,2024-05-09T10:33:48.020000+00:00,1,walking,0.9866377,not_walking,not_walking,False,2024-05-09 10:26:46,2024-05-09 10:34:00,salidas_test/transformer_sequence_predictions/05447093A_110_20240509_102646_20240509_103400_transformer_predictions.csv,0,413,413,1,walking
05447093A-110,2024-05-09 10:33:45.020000+00:00,2024-05-09T10:33:41.020000+00:00,2024-05-09T10:33:49.020000+00:00,1,walking,0.988235,not_walking,not_walking,False,2024-05-09 10:26:46,2024-05-09 10:34:00,salidas_test/transformer_sequence_predictions/05447093A_110_20240509_102646_20240509_103400_transformer_predictions.csv,0,414,414,1,walking
05447093A-110,2024-05-09 10:33:46.020000+00:00,2024-05-09T10:33:42.020000+00:00,2024-05-09T10:33:50.020000+00:00,1,walking,0.9869763,not_walking,not_walking,False,2024-05-09 10:26:46,2024-05-09 10:34:00,salidas_test/transformer_sequence_predictions/05447093A_110_20240509_102646_20240509_103400_transformer_predictions.csv,0,415,415,1,walking
05447093A-110,2024-05-09 10:33:47.020000+00:00,2024-05-09T10:33:43.020000+00:00,2024-05-09T10:33:51.020000+00:00,1,walking,0.98813385,not_walking,not_walking,False,2024-05-09 10:26:46,2024-05-09 10:34:00,salidas_test/transformer_sequence_predictions/05447093A_110_20240509_102646_20240509_103400_transformer_predictions.csv,0,416,416,1,walking
05447093A-110,2024-05-09 10:33:48.020000+00:00,2024-05-09T10:33:44.020000+00:00,2024-05-09T10:33:52.020000+00:00,1,walking,0.9863788,not_walking,not_walking,False,2024-05-09 10:26:46,2024-05-09 10:34:00,salidas_test/transformer_sequence_predictions/05447093A_110_20240509_102646_20240509_103400_transformer_predictions.csv,0,417,417,1,walking
05447093A-110,2024-05-09 10:33:49.020000+00:00,2024-05-09T10:33:45.020000+00:00,2024-05-09T10:33:53.020000+00:00,1,walking,0.98752743,not_walking,not_walking,False,2024-05-09 10:26:46,2024-05-09 10:34:00,salidas_test/transformer_sequence_predictions/05447093A_110_20240509_102646_20240509_103400_transformer_predictions.csv,0,418,418,1,walking
05447093A-110,2024-05-09 10:33:50.020000+00:00,2024-05-09T10:33:46.020000+00:00,2024-05-09T10:33:54.020000+00:00,1,walking,0.97914106,not_walking,not_walking,False,2024-05-09 10:26:46,2024-05-09 10:34:00,salidas_test/transformer_sequence_predictions/05447093A_110_20240509_102646_20240509_103400_transformer_predictions.csv,0,419,419,1,walking
05447093A-110,2024-05-09 10:33:51.020000+00:00,2024-05-09T10:33:47.020000+00:00,2024-05-09T10:33:55.020000+00:00,1,walking,0.98278254,not_walking,not_walking,False,2024-05-09 10:26:46,2024-05-09 10:34:00,salidas_test/transformer_sequence_predictions/05447093A_110_20240509_102646_20240509_103400_transformer_predictions.csv,0,420,420,1,walking
05447093A-110,2024-05-09 10:33:52.020000+00:00,2024-05-09T10:33:48.020000+00:00,2024-05-09T10:33:56.020000+00:00,1,walking,0.98324215,not_walking,not_walking,False,2024-05-09 10:26:46,2024-05-09 10:34:00,salidas_test/transformer_sequence_predictions/05447093A_110_20240509_102646_20240509_103400_transformer_predictions.csv,0,421,421,1,walking
05447093A-110,2024-05-09 10:33:53.020000+00:00,2024-05-09T10:33:49.020000+00:00,2024-05-09T10:33:57.020000+00:00,1,walking,0.9841532,not_walking,not_walking,False,2024-05-09 10:26:46,2024-05-09 10:34:00,salidas_test/transformer_sequence_predictions/05447093A_110_20240509_102646_20240509_103400_transformer_predictions.csv,0,422,422,1,walking
05447093A-110,2024-05-09 10:33:54.020000+00:00,2024-05-09T10:33:50.020000+00:00,2024-05-09T10:33:58.020000+00:00,1,walking,0.9886431,not_walking,not_walking,False,2024-05-09 10:26:46,2024-05-09 10:34:00,salidas_test/transformer_sequence_predictions/05447093A_110_20240509_102646_20240509_103400_transformer_predictions.csv,0,423,423,1,walking
