reference,time_center,sequence_start_time,sequence_end_time,prediction,prediction_label,walking_probability_transformer,true_label,expected_content,seen_patient,segment_from_time,segment_until_time,prediction_file_transformer,walking_probability_rf,prediction_file_rf,consensus_prediction,consensus_prediction_label
02548893X-118,2025-02-28 09:59:51.010000+00:00,2025-02-28T09:59:47.010000+00:00,2025-02-28T09:59:55.010000+00:00,0,not_walking,0.02496405,not_walking,not_walking,True,2025-02-28 09:59:46,2025-02-28 10:02:23,salidas_test/transformer_sequence_predictions/02548893X_118_20250228_095946_20250228_100223_transformer_predictions.csv,0.4718749717796571,salidas_test/sequence_predictions/02548893X_118_20250228_095946_20250228_100223_predictions.csv,0,not_walking
02548893X-118,2025-02-28 09:59:52.010000+00:00,2025-02-28T09:59:48.010000+00:00,2025-02-28T09:59:56.010000+00:00,0,not_walking,0.02309659,not_walking,not_walking,True,2025-02-28 09:59:46,2025-02-28 10:02:23,salidas_test/transformer_sequence_predictions/02548893X_118_20250228_095946_20250228_100223_transformer_predictions.csv,0.4786790816191958,salidas_test/sequence_predictions/02548893X_118_20250228_095946_20250228_100223_predictions.csv,0,not_walking
02548893X-118,2025-02-28 09:59:53.010000+00:00,2025-02-28T09:59:49.010000+00:00,2025-02-28T09:59:57.010000+00:00,0,not_walking,0.038036957,not_walking,not_walking,True,2025-02-28 09:59:46,2025-02-28 10:02:23,salidas_test/transformer_sequence_predictions/02548893X_118_20250228_095946_20250228_100223_transformer_predictions.csv,0.6179923077335228,salidas_test/sequence_predictions/02548893X_118_20250228_095946_20250228_100223_predictions.csv,0,not_walking
02548893X-118,2025-02-28 09:59:54.010000+00:00,2025-02-28T09:59:50.010000+00:00,2025-02-28T09:59:58.010000+00:00,0,not_walking,0.034671642,not_walking,not_walking,True,2025-02-28 09:59:46,2025-02-28 10:02:23,salidas_test/transformer_sequence_predictions/02548893X_118_20250228_095946_20250228_100223_transformer_predictions.csv,0.5522961945076194,salidas_test/sequence_predictions/02548893X_118_20250228_095946_20250228_100223_predictions.csv,0,not_walking
02548893X-118,2025-02-28 09:59:55.010000+00:00,2025-02-28T09:59:51.010000+00:00,2025-02-28T09:59:59.010000+00:00,0,not_walking,0.022898959,not_walking,not_walking,True,2025-02-28 09:59:46,2025-02-28 10:02:23,salidas_test/transformer_sequence_predictions/02548893X_118_20250228_095946_20250228_100223_transformer_predictions.csv,0.3507903242065855,salidas_test/sequence_predictions/02548893X_118_20250228_095946_20250228_100223_predictions.csv,0,not_walking
02548893X-118,2025-02-28 09:59:56.010000+00:00,2025-02-28T09:59:52.010000+00:00,2025-02-28T10:00:00.010000+00:00,0,not_walking,0.02024435,not_walking,not_walking,True,2025-02-28 09:59:46,2025-02-28 10:02:23,salidas_test/transformer_sequence_predictions/02548893X_118_20250228_095946_20250228_100223_transformer_predictions.csv,0.4821952687906752,salidas_test/sequence_predictions/02548893X_118_20250228_095946_20250228_100223_predictions.csv,0,not_walking
02548893X-118,2025-02-28 09:59:57.010000+00:00,2025-02-28T09:59:53.010000+00:00,2025-02-28T10:00:01.010000+00:00,0,not_walking,0.039563872,not_walking,not_walking,True,2025-02-28 09:59:46,2025-02-28 10:02:23,salidas_test/transformer_sequence_predictions/02548893X_118_20250228_095946_20250228_100223_transformer_predictions.csv,0.5937721991262699,salidas_test/sequence_predictions/02548893X_118_20250228_095946_20250228_100223_predictions.csv,0,not_walking
02548893X-118,2025-02-28 09:59:58.010000+00:00,2025-02-28T09:59:54.010000+00:00,2025-02-28T10:00:02.010000+00:00,0,not_walking,0.05262953,not_walking,not_walking,True,2025-02-28 09:59:46,2025-02-28 10:02:23,salidas_test/transformer_sequence_predictions/02548893X_118_20250228_095946_20250228_100223_transformer_predictions.csv,0.4432444691280297,salidas_test/sequence_predictions/02548893X_118_20250228_095946_20250228_100223_predictions.csv,0,not_walking
02548893X-118,2025-02-28 09:59:59.010000+00:00,2025-02-28T09:59:55.010000+00:00,2025-02-28T10:00:03.010000+00:00,0,not_walking,0.024055192,not_walking,not_walking,True,2025-02-28 09:59:46,2025-02-28 10:02:23,salidas_test/transformer_sequence_predictions/02548893X_118_20250228_095946_20250228_100223_transformer_predictions.csv,0.3950070991730499,salidas_test/sequence_predictions/02548893X_118_20250228_095946_20250228_100223_predictions.csv,0,not_walking
02548893X-118,2025-02-28 10:00:00.010000+00:00,2025-02-28T09:59:56.010000+00:00,2025-02-28T10:00:04.010000+00:00,0,not_walking,0.042397186,not_walking,not_walking,True,2025-02-28 09:59:46,2025-02-28 10:02:23,salidas_test/transformer_sequence_predictions/02548893X_118_20250228_095946_20250228_100223_transformer_predictions.csv,0.303942116437869,salidas_test/sequence_predictions/02548893X_118_20250228_095946_20250228_100223_predictions.csv,0,not_walking
02548893X-118,2025-02-28 10:00:01.010000+00:00,2025-02-28T09:59:57.010000+00:00,2025-02-28T10:00:05.010000+00:00,0,not_walking,0.04330082,not_walking,not_walking,True,2025-02-28 09:59:46,2025-02-28 10:02:23,salidas_test/transformer_sequence_predictions/02548893X_118_20250228_095946_20250228_100223_transformer_predictions.csv,0.6956954803502065,salidas_test/sequence_predictions/02548893X_118_20250228_095946_20250228_100223_predictions.csv,0,not_walking
02548893X-118,2025-02-28 10:00:02.010000+00:00,2025-02-28T09:59:58.010000+00:00,2025-02-28T10:00:06.010000+00:00,0,not_walking,0.041670546,not_walking,not_walking,True,2025-02-28 09:59:46,2025-02-28 10:02:23,salidas_test/transformer_sequence_predictions/02548893X_118_20250228_095946_20250228_100223_transformer_predictions.csv,0.5628826769020611,salidas_test/sequence_predictions/02548893X_118_20250228_095946_20250228_100223_predictions.csv,0,not_walking
02548893X-118,2025-02-28 10:00:03.010000+00:00,2025-02-28T09:59:59.010000+00:00,2025-02-28T10:00:07.010000+00:00,0,not_walking,0.06242235,not_walking,not_walking,True,2025-02-28 09:59:46,2025-02-28 10:02:23,salidas_test/transformer_sequence_predictions/02548893X_118_20250228_095946_20250228_100223_transformer_predictions.csv,0.59671930152943,salidas_test/sequence_predictions/02548893X_118_20250228_095946_20250228_100223_predictions.csv,0,not_walking
02548893X-118,2025-02-28 10:00:04.010000+00:00,2025-02-28T10:00:00.010000+00:00,2025-02-28T10:00:08.010000+00:00,0,not_walking,0.059335377,not_walking,not_walking,True,2025-02-28 09:59:46,2025-02-28 10:02:23,salidas_test/transformer_sequence_predictions/02548893X_118_20250228_095946_20250228_100223_transformer_predictions.csv,0.4917296478770437,salidas_test/sequence_predictions/02548893X_118_20250228_095946_20250228_100223_predictions.csv,0,not_walking
02548893X-118,2025-02-28 10:00:05.010000+00:00,2025-02-28T10:00:01.010000+00:00,2025-02-28T10:00:09.010000+00:00,0,not_walking,0.10824652,not_walking,not_walking,True,2025-02-28 09:59:46,2025-02-28 10:02:23,salidas_test/transformer_sequence_predictions/02548893X_118_20250228_095946_20250228_100223_transformer_predictions.csv,0.3270280966917318,salidas_test/sequence_predictions/02548893X_118_20250228_095946_20250228_100223_predictions.csv,0,not_walking
02548893X-118,2025-02-28 10:00:06.010000+00:00,2025-02-28T10:00:02.010000+00:00,2025-02-28T10:00:10.010000+00:00,0,not_walking,0.06755828,not_walking,not_walking,True,2025-02-28 09:59:46,2025-02-28 10:02:23,salidas_test/transformer_sequence_predictions/02548893X_118_20250228_095946_20250228_100223_transformer_predictions.csv,0.5059767288726136,salidas_test/sequence_predictions/02548893X_118_20250228_095946_20250228_100223_predictions.csv,0,not_walking
02548893X-118,2025-02-28 10:00:07.010000+00:00,2025-02-28T10:00:03.010000+00:00,2025-02-28T10:00:11.010000+00:00,0,not_walking,0.08892458,not_walking,not_walking,True,2025-02-28 09:59:46,2025-02-28 10:02:23,salidas_test/transformer_sequence_predictions/02548893X_118_20250228_095946_20250228_100223_transformer_predictions.csv,0.7219398089161598,salidas_test/sequence_predictions/02548893X_118_20250228_095946_20250228_100223_predictions.csv,0,not_walking
02548893X-118,2025-02-28 10:00:08.010000+00:00,2025-02-28T10:00:04.010000+00:00,2025-02-28T10:00:12.010000+00:00,1,walking,0.4370929,not_walking,not_walking,True,2025-02-28 09:59:46,2025-02-28 10:02:23,salidas_test/transformer_sequence_predictions/02548893X_118_20250228_095946_20250228_100223_transformer_predictions.csv,0.5308013504156653,salidas_test/sequence_predictions/02548893X_118_20250228_095946_20250228_100223_predictions.csv,0,not_walking
02548893X-118,2025-02-28 10:00:09.010000+00:00,2025-02-28T10:00:05.010000+00:00,2025-02-28T10:00:13.010000+00:00,0,not_walking,0.19197811,not_walking,not_walking,True,2025-02-28 09:59:46,2025-02-28 10:02:23,salidas_test/transformer_sequence_predictions/02548893X_118_20250228_095946_20250228_100223_transformer_predictions.csv,0.3275742603850601,salidas_test/sequence_predictions/02548893X_118_20250228_095946_20250228_100223_predictions.csv,0,not_walking
02548893X-118,2025-02-28 10:00:10.010000+00:00,2025-02-28T10:00:06.010000+00:00,2025-02-28T10:00:14.010000+00:00,1,walking,0.9825466,not_walking,not_walking,True,2025-02-28 09:59:46,2025-02-28 10:02:23,salidas_test/transformer_sequence_predictions/02548893X_118_20250228_095946_20250228_100223_transformer_predictions.csv,0.5730693202109027,salidas_test/sequence_predictions/02548893X_118_20250228_095946_20250228_100223_predictions.csv,0,not_walking
02548893X-118,2025-02-28 10:00:11.010000+00:00,2025-02-28T10:00:07.010000+00:00,2025-02-28T10:00:15.010000+00:00,1,walking,0.6814813,not_walking,not_walking,True,2025-02-28 09:59:46,2025-02-28 10:02:23,salidas_test/transformer_sequence_predictions/02548893X_118_20250228_095946_20250228_100223_transformer_predictions.csv,0.5473332014644512,salidas_test/sequence_predictions/02548893X_118_20250228_095946_20250228_100223_predictions.csv,0,not_walking
02548893X-118,2025-02-28 10:00:12.010000+00:00,2025-02-28T10:00:08.010000+00:00,2025-02-28T10:00:16.010000+00:00,0,not_walking,0.04197533,not_walking,not_walking,True,2025-02-28 09:59:46,2025-02-28 10:02:23,salidas_test/transformer_sequence_predictions/02548893X_118_20250228_095946_20250228_100223_transformer_predictions.csv,0.5779875193041484,salidas_test/sequence_predictions/02548893X_118_20250228_095946_20250228_100223_predictions.csv,0,not_walking
02548893X-118,2025-02-28 10:00:13.010000+00:00,2025-02-28T10:00:09.010000+00:00,2025-02-28T10:00:17.010000+00:00,0,not_walking,0.12074642,not_walking,not_walking,True,2025-02-28 09:59:46,2025-02-28 10:02:23,salidas_test/transformer_sequence_predictions/02548893X_118_20250228_095946_20250228_100223_transformer_predictions.csv,0.5130538588519358,salidas_test/sequence_predictions/02548893X_118_20250228_095946_20250228_100223_predictions.csv,0,not_walking
02548893X-118,2025-02-28 10:00:14.010000+00:00,2025-02-28T10:00:10.010000+00:00,2025-02-28T10:00:18.010000+00:00,0,not_walking,0.14635968,not_walking,not_walking,True,2025-02-28 09:59:46,2025-02-28 10:02:23,salidas_test/transformer_sequence_predictions/02548893X_118_20250228_095946_20250228_100223_transformer_predictions.csv,0.4698062342760541,salidas_test/sequence_predictions/02548893X_118_20250228_095946_20250228_100223_predictions.csv,0,not_walking
02548893X-118,2025-02-28 10:00:15.010000+00:00,2025-02-28T10:00:11.010000+00:00,2025-02-28T10:00:19.010000+00:00,0,not_walking,0.1115563,not_walking,not_walking,True,2025-02-28 09:59:46,2025-02-28 10:02:23,salidas_test/transformer_sequence_predictions/02548893X_118_20250228_095946_20250228_100223_transformer_predictions.csv,0.4558167481288006,salidas_test/sequence_predictions/02548893X_118_20250228_095946_20250228_100223_predictions.csv,0,not_walking
02548893X-118,2025-02-28 10:00:16.010000+00:00,2025-02-28T10:00:12.010000+00:00,2025-02-28T10:00:20.010000+00:00,0,not_walking,0.11475888,not_walking,not_walking,True,2025-02-28 09:59:46,2025-02-28 10:02:23,salidas_test/transformer_sequence_predictions/02548893X_118_20250228_095946_20250228_100223_transformer_predictions.csv,0.4847899052233205,salidas_test/sequence_predictions/02548893X_118_20250228_095946_20250228_100223_predictions.csv,0,not_walking
02548893X-118,2025-02-28 10:00:17.010000+00:00,2025-02-28T10:00:13.010000+00:00,2025-02-28T10:00:21.010000+00:00,0,not_walking,0.04902844,not_walking,not_walking,True,2025-02-28 09:59:46,2025-02-28 10:02:23,salidas_test/transformer_sequence_predictions/02548893X_118_20250228_095946_20250228_100223_transformer_predictions.csv,0.5467726097016179,salidas_test/sequence_predictions/02548893X_118_20250228_095946_20250228_100223_predictions.csv,0,not_walking
02548893X-118,2025-02-28 10:00:18.010000+00:00,2025-02-28T10:00:14.010000+00:00,2025-02-28T10:00:22.010000+00:00,0,not_walking,0.055595838,not_walking,not_walking,True,2025-02-28 09:59:46,2025-02-28 10:02:23,salidas_test/transformer_sequence_predictions/02548893X_118_20250228_095946_20250228_100223_transformer_predictions.csv,0.456470565783959,salidas_test/sequence_predictions/02548893X_118_20250228_095946_20250228_100223_predictions.csv,0,not_walking
02548893X-118,2025-02-28 10:00:19.010000+00:00,2025-02-28T10:00:15.010000+00:00,2025-02-28T10:00:23.010000+00:00,0,not_walking,0.032541636,not_walking,not_walking,True,2025-02-28 09:59:46,2025-02-28 10:02:23,salidas_test/transformer_sequence_predictions/02548893X_118_20250228_095946_20250228_100223_transformer_predictions.csv,0.4723136250727584,salidas_test/sequence_predictions/02548893X_118_20250228_095946_20250228_100223_predictions.csv,0,not_walking
02548893X-118,2025-02-28 10:00:20.010000+00:00,2025-02-28T10:00:16.010000+00:00,2025-02-28T10:00:24.010000+00:00,0,not_walking,0.068918414,not_walking,not_walking,True,2025-02-28 09:59:46,2025-02-28 10:02:23,salidas_test/transformer_sequence_predictions/02548893X_118_20250228_095946_20250228_100223_transformer_predictions.csv,0.3067594459777761,salidas_test/sequence_predictions/02548893X_118_20250228_095946_20250228_100223_predictions.csv,0,not_walking
02548893X-118,2025-02-28 10:00:21.010000+00:00,2025-02-28T10:00:17.010000+00:00,2025-02-28T10:00:25.010000+00:00,0,not_walking,0.0862298,not_walking,not_walking,True,2025-02-28 09:59:46,2025-02-28 10:02:23,salidas_test/transformer_sequence_predictions/02548893X_118_20250228_095946_20250228_100223_transformer_predictions.csv,0.3106213103662651,salidas_test/sequence_predictions/02548893X_118_20250228_095946_20250228_100223_predictions.csv,0,not_walking
02548893X-118,2025-02-28 10:00:22.010000+00:00,2025-02-28T10:00:18.010000+00:00,2025-02-28T10:00:26.010000+00:00,1,walking,0.60015714,not_walking,not_walking,True,2025-02-28 09:59:46,2025-02-28 10:02:23,salidas_test/transformer_sequence_predictions/02548893X_118_20250228_095946_20250228_100223_transformer_predictions.csv,0.3443459090131882,salidas_test/sequence_predictions/02548893X_118_20250228_095946_20250228_100223_predictions.csv,0,not_walking
02548893X-118,2025-02-28 10:00:23.010000+00:00,2025-02-28T10:00:19.010000+00:00,2025-02-28T10:00:27.010000+00:00,0,not_walking,0.07545715,not_walking,not_walking,True,2025-02-28 09:59:46,2025-02-28 10:02:23,salidas_test/transformer_sequence_predictions/02548893X_118_20250228_095946_20250228_100223_transformer_predictions.csv,0.561041332682413,salidas_test/sequence_predictions/02548893X_118_20250228_095946_20250228_100223_predictions.csv,0,not_walking
02548893X-118,2025-02-28 10:00:24.010000+00:00,2025-02-28T10:00:20.010000+00:00,2025-02-28T10:00:28.010000+00:00,0,not_walking,0.03234552,not_walking,not_walking,True,2025-02-28 09:59:46,2025-02-28 10:02:23,salidas_test/transformer_sequence_predictions/02548893X_118_20250228_095946_20250228_100223_transformer_predictions.csv,0.6189908705552073,salidas_test/sequence_predictions/02548893X_118_20250228_095946_20250228_100223_predictions.csv,0,not_walking
02548893X-118,2025-02-28 10:00:25.010000+00:00,2025-02-28T10:00:21.010000+00:00,2025-02-28T10:00:29.010000+00:00,1,walking,0.985647,not_walking,not_walking,True,2025-02-28 09:59:46,2025-02-28 10:02:23,salidas_test/transformer_sequence_predictions/02548893X_118_20250228_095946_20250228_100223_transformer_predictions.csv,0.443836021836072,salidas_test/sequence_predictions/02548893X_118_20250228_095946_20250228_100223_predictions.csv,0,not_walking
02548893X-118,2025-02-28 10:00:26.010000+00:00,2025-02-28T10:00:22.010000+00:00,2025-02-28T10:00:30.010000+00:00,1,walking,0.6347284,not_walking,not_walking,True,2025-02-28 09:59:46,2025-02-28 10:02:23,salidas_test/transformer_sequence_predictions/02548893X_118_20250228_095946_20250228_100223_transformer_predictions.csv,0.5128769101256104,salidas_test/sequence_predictions/02548893X_118_20250228_095946_20250228_100223_predictions.csv,0,not_walking
02548893X-118,2025-02-28 10:00:27.010000+00:00,2025-02-28T10:00:23.010000+00:00,2025-02-28T10:00:31.010000+00:00,1,walking,0.9829943,not_walking,not_walking,True,2025-02-28 09:59:46,2025-02-28 10:02:23,salidas_test/transformer_sequence_predictions/02548893X_118_20250228_095946_20250228_100223_transformer_predictions.csv,0.3344072430714819,salidas_test/sequence_predictions/02548893X_118_20250228_095946_20250228_100223_predictions.csv,0,not_walking
02548893X-118,2025-02-28 10:00:28.010000+00:00,2025-02-28T10:00:24.010000+00:00,2025-02-28T10:00:32.010000+00:00,1,walking,0.9947543,not_walking,not_walking,True,2025-02-28 09:59:46,2025-02-28 10:02:23,salidas_test/transformer_sequence_predictions/02548893X_118_20250228_095946_20250228_100223_transformer_predictions.csv,0.339336532161517,salidas_test/sequence_predictions/02548893X_118_20250228_095946_20250228_100223_predictions.csv,0,not_walking
02548893X-118,2025-02-28 10:00:29.010000+00:00,2025-02-28T10:00:25.010000+00:00,2025-02-28T10:00:33.010000+00:00,1,walking,0.8639524,not_walking,not_walking,True,2025-02-28 09:59:46,2025-02-28 10:02:23,salidas_test/transformer_sequence_predictions/02548893X_118_20250228_095946_20250228_100223_transformer_predictions.csv,0.5836249943586063,salidas_test/sequence_predictions/02548893X_118_20250228_095946_20250228_100223_predictions.csv,0,not_walking
02548893X-118,2025-02-28 10:00:30.010000+00:00,2025-02-28T10:00:26.010000+00:00,2025-02-28T10:00:34.010000+00:00,1,walking,0.991426,not_walking,not_walking,True,2025-02-28 09:59:46,2025-02-28 10:02:23,salidas_test/transformer_sequence_predictions/02548893X_118_20250228_095946_20250228_100223_transformer_predictions.csv,0.599532704933448,salidas_test/sequence_predictions/02548893X_118_20250228_095946_20250228_100223_predictions.csv,0,not_walking
02548893X-118,2025-02-28 10:00:31.010000+00:00,2025-02-28T10:00:27.010000+00:00,2025-02-28T10:00:35.010000+00:00,0,not_walking,0.42690405,not_walking,not_walking,True,2025-02-28 09:59:46,2025-02-28 10:02:23,salidas_test/transformer_sequence_predictions/02548893X_118_20250228_095946_20250228_100223_transformer_predictions.csv,0.6148693938574673,salidas_test/sequence_predictions/02548893X_118_20250228_095946_20250228_100223_predictions.csv,0,not_walking
02548893X-118,2025-02-28 10:00:32.010000+00:00,2025-02-28T10:00:28.010000+00:00,2025-02-28T10:00:36.010000+00:00,0,not_walking,0.25221428,not_walking,not_walking,True,2025-02-28 09:59:46,2025-02-28 10:02:23,salidas_test/transformer_sequence_predictions/02548893X_118_20250228_095946_20250228_100223_transformer_predictions.csv,0.6196727426203854,salidas_test/sequence_predictions/02548893X_118_20250228_095946_20250228_100223_predictions.csv,0,not_walking
02548893X-118,2025-02-28 10:00:33.010000+00:00,2025-02-28T10:00:29.010000+00:00,2025-02-28T10:00:37.010000+00:00,0,not_walking,0.21493523,not_walking,not_walking,True,2025-02-28 09:59:46,2025-02-28 10:02:23,salidas_test/transformer_sequence_predictions/02548893X_118_20250228_095946_20250228_100223_transformer_predictions.csv,0.5680718644320447,salidas_test/sequence_predictions/02548893X_118_20250228_095946_20250228_100223_predictions.csv,0,not_walking
02548893X-118,2025-02-28 10:00:34.010000+00:00,2025-02-28T10:00:30.010000+00:00,2025-02-28T10:00:38.010000+00:00,1,walking,0.9826423,not_walking,not_walking,True,2025-02-28 09:59:46,2025-02-28 10:02:23,salidas_test/transformer_sequence_predictions/02548893X_118_20250228_095946_20250228_100223_transformer_predictions.csv,0.6074630379913617,salidas_test/sequence_predictions/02548893X_118_20250228_095946_20250228_100223_predictions.csv,0,not_walking
02548893X-118,2025-02-28 10:00:35.010000+00:00,2025-02-28T10:00:31.010000+00:00,2025-02-28T10:00:39.010000+00:00,1,walking,0.9762551,not_walking,not_walking,True,2025-02-28 09:59:46,2025-02-28 10:02:23,salidas_test/transformer_sequence_predictions/02548893X_118_20250228_095946_20250228_100223_transformer_predictions.csv,0.5956411726515172,salidas_test/sequence_predictions/02548893X_118_20250228_095946_20250228_100223_predictions.csv,0,not_walking
02548893X-118,2025-02-28 10:00:36.010000+00:00,2025-02-28T10:00:32.010000+00:00,2025-02-28T10:00:40.010000+00:00,1,walking,0.9949941,not_walking,not_walking,True,2025-02-28 09:59:46,2025-02-28 10:02:23,salidas_test/transformer_sequence_predictions/02548893X_118_20250228_095946_20250228_100223_transformer_predictions.csv,0.5459045660778249,salidas_test/sequence_predictions/02548893X_118_20250228_095946_20250228_100223_predictions.csv,0,not_walking
02548893X-118,2025-02-28 10:00:37.010000+00:00,2025-02-28T10:00:33.010000+00:00,2025-02-28T10:00:41.010000+00:00,1,walking,0.9874143,not_walking,not_walking,True,2025-02-28 09:59:46,2025-02-28 10:02:23,salidas_test/transformer_sequence_predictions/02548893X_118_20250228_095946_20250228_100223_transformer_predictions.csv,0.5590369329791165,salidas_test/sequence_predictions/02548893X_118_20250228_095946_20250228_100223_predictions.csv,0,not_walking
02548893X-118,2025-02-28 10:00:38.010000+00:00,2025-02-28T10:00:34.010000+00:00,2025-02-28T10:00:42.010000+00:00,1,walking,0.9841574,not_walking,not_walking,True,2025-02-28 09:59:46,2025-02-28 10:02:23,salidas_test/transformer_sequence_predictions/02548893X_118_20250228_095946_20250228_100223_transformer_predictions.csv,0.5742733387316812,salidas_test/sequence_predictions/02548893X_118_20250228_095946_20250228_100223_predictions.csv,0,not_walking
02548893X-118,2025-02-28 10:00:39.010000+00:00,2025-02-28T10:00:35.010000+00:00,2025-02-28T10:00:43.010000+00:00,1,walking,0.47164193,not_walking,not_walking,True,2025-02-28 09:59:46,2025-02-28 10:02:23,salidas_test/transformer_sequence_predictions/02548893X_118_20250228_095946_20250228_100223_transformer_predictions.csv,0.5806264376326367,salidas_test/sequence_predictions/02548893X_118_20250228_095946_20250228_100223_predictions.csv,0,not_walking
02548893X-118,2025-02-28 10:00:40.010000+00:00,2025-02-28T10:00:36.010000+00:00,2025-02-28T10:00:44.010000+00:00,0,not_walking,0.3818588,not_walking,not_walking,True,2025-02-28 09:59:46,2025-02-28 10:02:23,salidas_test/transformer_sequence_predictions/02548893X_118_20250228_095946_20250228_100223_transformer_predictions.csv,0.6049628513686445,salidas_test/sequence_predictions/02548893X_118_20250228_095946_20250228_100223_predictions.csv,0,not_walking
02548893X-118,2025-02-28 10:00:41.010000+00:00,2025-02-28T10:00:37.010000+00:00,2025-02-28T10:00:45.010000+00:00,1,walking,0.9954639,not_walking,not_walking,True,2025-02-28 09:59:46,2025-02-28 10:02:23,salidas_test/transformer_sequence_predictions/02548893X_118_20250228_095946_20250228_100223_transformer_predictions.csv,0.6872117395089379,salidas_test/sequence_predictions/02548893X_118_20250228_095946_20250228_100223_predictions.csv,0,not_walking
02548893X-118,2025-02-28 10:00:42.010000+00:00,2025-02-28T10:00:38.010000+00:00,2025-02-28T10:00:46.010000+00:00,1,walking,0.9591614,not_walking,not_walking,True,2025-02-28 09:59:46,2025-02-28 10:02:23,salidas_test/transformer_sequence_predictions/02548893X_118_20250228_095946_20250228_100223_transformer_predictions.csv,0.5208292001694125,salidas_test/sequence_predictions/02548893X_118_20250228_095946_20250228_100223_predictions.csv,0,not_walking
02548893X-118,2025-02-28 10:00:43.010000+00:00,2025-02-28T10:00:39.010000+00:00,2025-02-28T10:00:47.010000+00:00,1,walking,0.9958461,not_walking,not_walking,True,2025-02-28 09:59:46,2025-02-28 10:02:23,salidas_test/transformer_sequence_predictions/02548893X_118_20250228_095946_20250228_100223_transformer_predictions.csv,0.5595167582569122,salidas_test/sequence_predictions/02548893X_118_20250228_095946_20250228_100223_predictions.csv,0,not_walking
02548893X-118,2025-02-28 10:00:44.010000+00:00,2025-02-28T10:00:40.010000+00:00,2025-02-28T10:00:48.010000+00:00,1,walking,0.9010076,not_walking,not_walking,True,2025-02-28 09:59:46,2025-02-28 10:02:23,salidas_test/transformer_sequence_predictions/02548893X_118_20250228_095946_20250228_100223_transformer_predictions.csv,0.4984260246855884,salidas_test/sequence_predictions/02548893X_118_20250228_095946_20250228_100223_predictions.csv,0,not_walking
02548893X-118,2025-02-28 10:00:45.010000+00:00,2025-02-28T10:00:41.010000+00:00,2025-02-28T10:00:49.010000+00:00,1,walking,0.9959637,not_walking,not_walking,True,2025-02-28 09:59:46,2025-02-28 10:02:23,salidas_test/transformer_sequence_predictions/02548893X_118_20250228_095946_20250228_100223_transformer_predictions.csv,0.6326330153573391,salidas_test/sequence_predictions/02548893X_118_20250228_095946_20250228_100223_predictions.csv,0,not_walking
02548893X-118,2025-02-28 10:00:46.010000+00:00,2025-02-28T10:00:42.010000+00:00,2025-02-28T10:00:50.010000+00:00,1,walking,0.9966445,not_walking,not_walking,True,2025-02-28 09:59:46,2025-02-28 10:02:23,salidas_test/transformer_sequence_predictions/02548893X_118_20250228_095946_20250228_100223_transformer_predictions.csv,0.6569386385648635,salidas_test/sequence_predictions/02548893X_118_20250228_095946_20250228_100223_predictions.csv,0,not_walking
02548893X-118,2025-02-28 10:00:47.010000+00:00,2025-02-28T10:00:43.010000+00:00,2025-02-28T10:00:51.010000+00:00,1,walking,0.99678767,not_walking,not_walking,True,2025-02-28 09:59:46,2025-02-28 10:02:23,salidas_test/transformer_sequence_predictions/02548893X_118_20250228_095946_20250228_100223_transformer_predictions.csv,0.5739129397924704,salidas_test/sequence_predictions/02548893X_118_20250228_095946_20250228_100223_predictions.csv,0,not_walking
02548893X-118,2025-02-28 10:00:48.010000+00:00,2025-02-28T10:00:44.010000+00:00,2025-02-28T10:00:52.010000+00:00,1,walking,0.99634796,not_walking,not_walking,True,2025-02-28 09:59:46,2025-02-28 10:02:23,salidas_test/transformer_sequence_predictions/02548893X_118_20250228_095946_20250228_100223_transformer_predictions.csv,0.67947520051787,salidas_test/sequence_predictions/02548893X_118_20250228_095946_20250228_100223_predictions.csv,0,not_walking
02548893X-118,2025-02-28 10:00:49.010000+00:00,2025-02-28T10:00:45.010000+00:00,2025-02-28T10:00:53.010000+00:00,1,walking,0.99006885,not_walking,not_walking,True,2025-02-28 09:59:46,2025-02-28 10:02:23,salidas_test/transformer_sequence_predictions/02548893X_118_20250228_095946_20250228_100223_transformer_predictions.csv,0.6181366854004698,salidas_test/sequence_predictions/02548893X_118_20250228_095946_20250228_100223_predictions.csv,0,not_walking
02548893X-118,2025-02-28 10:00:50.010000+00:00,2025-02-28T10:00:46.010000+00:00,2025-02-28T10:00:54.010000+00:00,1,walking,0.9512999,not_walking,not_walking,True,2025-02-28 09:59:46,2025-02-28 10:02:23,salidas_test/transformer_sequence_predictions/02548893X_118_20250228_095946_20250228_100223_transformer_predictions.csv,0.5101764909238607,salidas_test/sequence_predictions/02548893X_118_20250228_095946_20250228_100223_predictions.csv,0,not_walking
02548893X-118,2025-02-28 10:00:51.010000+00:00,2025-02-28T10:00:47.010000+00:00,2025-02-28T10:00:55.010000+00:00,1,walking,0.9947126,not_walking,not_walking,True,2025-02-28 09:59:46,2025-02-28 10:02:23,salidas_test/transformer_sequence_predictions/02548893X_118_20250228_095946_20250228_100223_transformer_predictions.csv,0.657192961465086,salidas_test/sequence_predictions/02548893X_118_20250228_095946_20250228_100223_predictions.csv,0,not_walking
02548893X-118,2025-02-28 10:00:52.010000+00:00,2025-02-28T10:00:48.010000+00:00,2025-02-28T10:00:56.010000+00:00,1,walking,0.99310464,not_walking,not_walking,True,2025-02-28 09:59:46,2025-02-28 10:02:23,salidas_test/transformer_sequence_predictions/02548893X_118_20250228_095946_20250228_100223_transformer_predictions.csv,0.7220985606124631,salidas_test/sequence_predictions/02548893X_118_20250228_095946_20250228_100223_predictions.csv,0,not_walking
02548893X-118,2025-02-28 10:00:53.010000+00:00,2025-02-28T10:00:49.010000+00:00,2025-02-28T10:00:57.010000+00:00,1,walking,0.98197734,not_walking,not_walking,True,2025-02-28 09:59:46,2025-02-28 10:02:23,salidas_test/transformer_sequence_predictions/02548893X_118_20250228_095946_20250228_100223_transformer_predictions.csv,0.5802843225695977,salidas_test/sequence_predictions/02548893X_118_20250228_095946_20250228_100223_predictions.csv,0,not_walking
02548893X-118,2025-02-28 10:00:54.010000+00:00,2025-02-28T10:00:50.010000+00:00,2025-02-28T10:00:58.010000+00:00,1,walking,0.98906136,not_walking,not_walking,True,2025-02-28 09:59:46,2025-02-28 10:02:23,salidas_test/transformer_sequence_predictions/02548893X_118_20250228_095946_20250228_100223_transformer_predictions.csv,0.6640286252873386,salidas_test/sequence_predictions/02548893X_118_20250228_095946_20250228_100223_predictions.csv,0,not_walking
02548893X-118,2025-02-28 10:00:55.010000+00:00,2025-02-28T10:00:51.010000+00:00,2025-02-28T10:00:59.010000+00:00,1,walking,0.99111193,not_walking,not_walking,True,2025-02-28 09:59:46,2025-02-28 10:02:23,salidas_test/transformer_sequence_predictions/02548893X_118_20250228_095946_20250228_100223_transformer_predictions.csv,0.6751699656134392,salidas_test/sequence_predictions/02548893X_118_20250228_095946_20250228_100223_predictions.csv,0,not_walking
02548893X-118,2025-02-28 10:00:56.010000+00:00,2025-02-28T10:00:52.010000+00:00,2025-02-28T10:01:00.010000+00:00,1,walking,0.9800797,not_walking,not_walking,True,2025-02-28 09:59:46,2025-02-28 10:02:23,salidas_test/transformer_sequence_predictions/02548893X_118_20250228_095946_20250228_100223_transformer_predictions.csv,0.6002036834196409,salidas_test/sequence_predictions/02548893X_118_20250228_095946_20250228_100223_predictions.csv,0,not_walking
02548893X-118,2025-02-28 10:00:57.010000+00:00,2025-02-28T10:00:53.010000+00:00,2025-02-28T10:01:01.010000+00:00,1,walking,0.7582968,not_walking,not_walking,True,2025-02-28 09:59:46,2025-02-28 10:02:23,salidas_test/transformer_sequence_predictions/02548893X_118_20250228_095946_20250228_100223_transformer_predictions.csv,0.6053860034130183,salidas_test/sequence_predictions/02548893X_118_20250228_095946_20250228_100223_predictions.csv,0,not_walking
02548893X-118,2025-02-28 10:00:58.010000+00:00,2025-02-28T10:00:54.010000+00:00,2025-02-28T10:01:02.010000+00:00,0,not_walking,0.2935816,not_walking,not_walking,True,2025-02-28 09:59:46,2025-02-28 10:02:23,salidas_test/transformer_sequence_predictions/02548893X_118_20250228_095946_20250228_100223_transformer_predictions.csv,0.4832025007268591,salidas_test/sequence_predictions/02548893X_118_20250228_095946_20250228_100223_predictions.csv,0,not_walking
02548893X-118,2025-02-28 10:00:59.010000+00:00,2025-02-28T10:00:55.010000+00:00,2025-02-28T10:01:03.010000+00:00,1,walking,0.98097265,not_walking,not_walking,True,2025-02-28 09:59:46,2025-02-28 10:02:23,salidas_test/transformer_sequence_predictions/02548893X_118_20250228_095946_20250228_100223_transformer_predictions.csv,0.7014788755178817,salidas_test/sequence_predictions/02548893X_118_20250228_095946_20250228_100223_predictions.csv,0,not_walking
02548893X-118,2025-02-28 10:01:00.010000+00:00,2025-02-28T10:00:56.010000+00:00,2025-02-28T10:01:04.010000+00:00,0,not_walking,0.25812557,not_walking,not_walking,True,2025-02-28 09:59:46,2025-02-28 10:02:23,salidas_test/transformer_sequence_predictions/02548893X_118_20250228_095946_20250228_100223_transformer_predictions.csv,0.4924517505474832,salidas_test/sequence_predictions/02548893X_118_20250228_095946_20250228_100223_predictions.csv,0,not_walking
02548893X-118,2025-02-28 10:01:01.010000+00:00,2025-02-28T10:00:57.010000+00:00,2025-02-28T10:01:05.010000+00:00,1,walking,0.9565711,not_walking,not_walking,True,2025-02-28 09:59:46,2025-02-28 10:02:23,salidas_test/transformer_sequence_predictions/02548893X_118_20250228_095946_20250228_100223_transformer_predictions.csv,0.3759738442411066,salidas_test/sequence_predictions/02548893X_118_20250228_095946_20250228_100223_predictions.csv,0,not_walking
02548893X-118,2025-02-28 10:01:02.010000+00:00,2025-02-28T10:00:58.010000+00:00,2025-02-28T10:01:06.010000+00:00,1,walking,0.9690745,not_walking,not_walking,True,2025-02-28 09:59:46,2025-02-28 10:02:23,salidas_test/transformer_sequence_predictions/02548893X_118_20250228_095946_20250228_100223_transformer_predictions.csv,0.6571705166091869,salidas_test/sequence_predictions/02548893X_118_20250228_095946_20250228_100223_predictions.csv,0,not_walking
02548893X-118,2025-02-28 10:01:03.010000+00:00,2025-02-28T10:00:59.010000+00:00,2025-02-28T10:01:07.010000+00:00,0,not_walking,0.4076626,not_walking,not_walking,True,2025-02-28 09:59:46,2025-02-28 10:02:23,salidas_test/transformer_sequence_predictions/02548893X_118_20250228_095946_20250228_100223_transformer_predictions.csv,0.5365584543391401,salidas_test/sequence_predictions/02548893X_118_20250228_095946_20250228_100223_predictions.csv,0,not_walking
02548893X-118,2025-02-28 10:01:04.010000+00:00,2025-02-28T10:01:00.010000+00:00,2025-02-28T10:01:08.010000+00:00,0,not_walking,0.20211144,not_walking,not_walking,True,2025-02-28 09:59:46,2025-02-28 10:02:23,salidas_test/transformer_sequence_predictions/02548893X_118_20250228_095946_20250228_100223_transformer_predictions.csv,0.4768784726388253,salidas_test/sequence_predictions/02548893X_118_20250228_095946_20250228_100223_predictions.csv,0,not_walking
02548893X-118,2025-02-28 10:01:05.010000+00:00,2025-02-28T10:01:01.010000+00:00,2025-02-28T10:01:09.010000+00:00,1,walking,0.6065109,not_walking,not_walking,True,2025-02-28 09:59:46,2025-02-28 10:02:23,salidas_test/transformer_sequence_predictions/02548893X_118_20250228_095946_20250228_100223_transformer_predictions.csv,0.5731837372848241,salidas_test/sequence_predictions/02548893X_118_20250228_095946_20250228_100223_predictions.csv,0,not_walking
02548893X-118,2025-02-28 10:01:06.010000+00:00,2025-02-28T10:01:02.010000+00:00,2025-02-28T10:01:10.010000+00:00,0,not_walking,0.40276134,not_walking,not_walking,True,2025-02-28 09:59:46,2025-02-28 10:02:23,salidas_test/transformer_sequence_predictions/02548893X_118_20250228_095946_20250228_100223_transformer_predictions.csv,0.4923147624759358,salidas_test/sequence_predictions/02548893X_118_20250228_095946_20250228_100223_predictions.csv,0,not_walking
02548893X-118,2025-02-28 10:01:07.010000+00:00,2025-02-28T10:01:03.010000+00:00,2025-02-28T10:01:11.010000+00:00,0,not_walking,0.13971388,not_walking,not_walking,True,2025-02-28 09:59:46,2025-02-28 10:02:23,salidas_test/transformer_sequence_predictions/02548893X_118_20250228_095946_20250228_100223_transformer_predictions.csv,0.4631106023848364,salidas_test/sequence_predictions/02548893X_118_20250228_095946_20250228_100223_predictions.csv,0,not_walking
02548893X-118,2025-02-28 10:01:08.010000+00:00,2025-02-28T10:01:04.010000+00:00,2025-02-28T10:01:12.010000+00:00,0,not_walking,0.14221086,not_walking,not_walking,True,2025-02-28 09:59:46,2025-02-28 10:02:23,salidas_test/transformer_sequence_predictions/02548893X_118_20250228_095946_20250228_100223_transformer_predictions.csv,0.4778845844462639,salidas_test/sequence_predictions/02548893X_118_20250228_095946_20250228_100223_predictions.csv,0,not_walking
02548893X-118,2025-02-28 10:01:09.010000+00:00,2025-02-28T10:01:05.010000+00:00,2025-02-28T10:01:13.010000+00:00,0,not_walking,0.16688994,not_walking,not_walking,True,2025-02-28 09:59:46,2025-02-28 10:02:23,salidas_test/transformer_sequence_predictions/02548893X_118_20250228_095946_20250228_100223_transformer_predictions.csv,0.4885954783350146,salidas_test/sequence_predictions/02548893X_118_20250228_095946_20250228_100223_predictions.csv,0,not_walking
02548893X-118,2025-02-28 10:01:10.010000+00:00,2025-02-28T10:01:06.010000+00:00,2025-02-28T10:01:14.010000+00:00,1,walking,0.95019776,not_walking,not_walking,True,2025-02-28 09:59:46,2025-02-28 10:02:23,salidas_test/transformer_sequence_predictions/02548893X_118_20250228_095946_20250228_100223_transformer_predictions.csv,0.3998565012678995,salidas_test/sequence_predictions/02548893X_118_20250228_095946_20250228_100223_predictions.csv,0,not_walking
02548893X-118,2025-02-28 10:01:11.010000+00:00,2025-02-28T10:01:07.010000+00:00,2025-02-28T10:01:15.010000+00:00,0,not_walking,0.1581472,not_walking,not_walking,True,2025-02-28 09:59:46,2025-02-28 10:02:23,salidas_test/transformer_sequence_predictions/02548893X_118_20250228_095946_20250228_100223_transformer_predictions.csv,0.4841969854904095,salidas_test/sequence_predictions/02548893X_118_20250228_095946_20250228_100223_predictions.csv,0,not_walking
02548893X-118,2025-02-28 10:01:12.010000+00:00,2025-02-28T10:01:08.010000+00:00,2025-02-28T10:01:16.010000+00:00,0,not_walking,0.40468353,not_walking,not_walking,True,2025-02-28 09:59:46,2025-02-28 10:02:23,salidas_test/transformer_sequence_predictions/02548893X_118_20250228_095946_20250228_100223_transformer_predictions.csv,0.3465006859575754,salidas_test/sequence_predictions/02548893X_118_20250228_095946_20250228_100223_predictions.csv,0,not_walking
02548893X-118,2025-02-28 10:01:13.010000+00:00,2025-02-28T10:01:09.010000+00:00,2025-02-28T10:01:17.010000+00:00,0,not_walking,0.061985627,not_walking,not_walking,True,2025-02-28 09:59:46,2025-02-28 10:02:23,salidas_test/transformer_sequence_predictions/02548893X_118_20250228_095946_20250228_100223_transformer_predictions.csv,0.4607006593279618,salidas_test/sequence_predictions/02548893X_118_20250228_095946_20250228_100223_predictions.csv,0,not_walking
02548893X-118,2025-02-28 10:01:14.010000+00:00,2025-02-28T10:01:10.010000+00:00,2025-02-28T10:01:18.010000+00:00,0,not_walking,0.053902995,not_walking,not_walking,True,2025-02-28 09:59:46,2025-02-28 10:02:23,salidas_test/transformer_sequence_predictions/02548893X_118_20250228_095946_20250228_100223_transformer_predictions.csv,0.3816271928181585,salidas_test/sequence_predictions/02548893X_118_20250228_095946_20250228_100223_predictions.csv,0,not_walking
02548893X-118,2025-02-28 10:01:15.010000+00:00,2025-02-28T10:01:11.010000+00:00,2025-02-28T10:01:19.010000+00:00,0,not_walking,0.02647167,not_walking,not_walking,True,2025-02-28 09:59:46,2025-02-28 10:02:23,salidas_test/transformer_sequence_predictions/02548893X_118_20250228_095946_20250228_100223_transformer_predictions.csv,0.4192911117072022,salidas_test/sequence_predictions/02548893X_118_20250228_095946_20250228_100223_predictions.csv,0,not_walking
02548893X-118,2025-02-28 10:01:16.010000+00:00,2025-02-28T10:01:12.010000+00:00,2025-02-28T10:01:20.010000+00:00,0,not_walking,0.021363614,not_walking,not_walking,True,2025-02-28 09:59:46,2025-02-28 10:02:23,salidas_test/transformer_sequence_predictions/02548893X_118_20250228_095946_20250228_100223_transformer_predictions.csv,0.4063929212819546,salidas_test/sequence_predictions/02548893X_118_20250228_095946_20250228_100223_predictions.csv,0,not_walking
02548893X-118,2025-02-28 10:01:17.010000+00:00,2025-02-28T10:01:13.010000+00:00,2025-02-28T10:01:21.010000+00:00,0,not_walking,0.027918173,not_walking,not_walking,True,2025-02-28 09:59:46,2025-02-28 10:02:23,salidas_test/transformer_sequence_predictions/02548893X_118_20250228_095946_20250228_100223_transformer_predictions.csv,0.3723501299776943,salidas_test/sequence_predictions/02548893X_118_20250228_095946_20250228_100223_predictions.csv,0,not_walking
02548893X-118,2025-02-28 10:01:18.010000+00:00,2025-02-28T10:01:14.010000+00:00,2025-02-28T10:01:22.010000+00:00,0,not_walking,0.021089677,not_walking,not_walking,True,2025-02-28 09:59:46,2025-02-28 10:02:23,salidas_test/transformer_sequence_predictions/02548893X_118_20250228_095946_20250228_100223_transformer_predictions.csv,0.5393998551077481,salidas_test/sequence_predictions/02548893X_118_20250228_095946_20250228_100223_predictions.csv,0,not_walking
02548893X-118,2025-02-28 10:01:19.010000+00:00,2025-02-28T10:01:15.010000+00:00,2025-02-28T10:01:23.010000+00:00,0,not_walking,0.01406958,not_walking,not_walking,True,2025-02-28 09:59:46,2025-02-28 10:02:23,salidas_test/transformer_sequence_predictions/02548893X_118_20250228_095946_20250228_100223_transformer_predictions.csv,0.36077063414492,salidas_test/sequence_predictions/02548893X_118_20250228_095946_20250228_100223_predictions.csv,0,not_walking
02548893X-118,2025-02-28 10:01:20.010000+00:00,2025-02-28T10:01:16.010000+00:00,2025-02-28T10:01:24.010000+00:00,0,not_walking,0.025503168,not_walking,not_walking,True,2025-02-28 09:59:46,2025-02-28 10:02:23,salidas_test/transformer_sequence_predictions/02548893X_118_20250228_095946_20250228_100223_transformer_predictions.csv,0.4614767285919133,salidas_test/sequence_predictions/02548893X_118_20250228_095946_20250228_100223_predictions.csv,0,not_walking
02548893X-118,2025-02-28 10:01:21.010000+00:00,2025-02-28T10:01:17.010000+00:00,2025-02-28T10:01:25.010000+00:00,0,not_walking,0.018498277,not_walking,not_walking,True,2025-02-28 09:59:46,2025-02-28 10:02:23,salidas_test/transformer_sequence_predictions/02548893X_118_20250228_095946_20250228_100223_transformer_predictions.csv,0.3518831496647873,salidas_test/sequence_predictions/02548893X_118_20250228_095946_20250228_100223_predictions.csv,0,not_walking
02548893X-118,2025-02-28 10:01:22.010000+00:00,2025-02-28T10:01:18.010000+00:00,2025-02-28T10:01:26.010000+00:00,0,not_walking,0.032899026,not_walking,not_walking,True,2025-02-28 09:59:46,2025-02-28 10:02:23,salidas_test/transformer_sequence_predictions/02548893X_118_20250228_095946_20250228_100223_transformer_predictions.csv,0.3651971181359907,salidas_test/sequence_predictions/02548893X_118_20250228_095946_20250228_100223_predictions.csv,0,not_walking
02548893X-118,2025-02-28 10:01:23.010000+00:00,2025-02-28T10:01:19.010000+00:00,2025-02-28T10:01:27.010000+00:00,0,not_walking,0.023831412,not_walking,not_walking,True,2025-02-28 09:59:46,2025-02-28 10:02:23,salidas_test/transformer_sequence_predictions/02548893X_118_20250228_095946_20250228_100223_transformer_predictions.csv,0.5356883961456647,salidas_test/sequence_predictions/02548893X_118_20250228_095946_20250228_100223_predictions.csv,0,not_walking
02548893X-118,2025-02-28 10:01:24.010000+00:00,2025-02-28T10:01:20.010000+00:00,2025-02-28T10:01:28.010000+00:00,0,not_walking,0.049507774,not_walking,not_walking,True,2025-02-28 09:59:46,2025-02-28 10:02:23,salidas_test/transformer_sequence_predictions/02548893X_118_20250228_095946_20250228_100223_transformer_predictions.csv,0.5064016181371656,salidas_test/sequence_predictions/02548893X_118_20250228_095946_20250228_100223_predictions.csv,0,not_walking
02548893X-118,2025-02-28 10:01:25.010000+00:00,2025-02-28T10:01:21.010000+00:00,2025-02-28T10:01:29.010000+00:00,0,not_walking,0.040221307,not_walking,not_walking,True,2025-02-28 09:59:46,2025-02-28 10:02:23,salidas_test/transformer_sequence_predictions/02548893X_118_20250228_095946_20250228_100223_transformer_predictions.csv,0.506826319229732,salidas_test/sequence_predictions/02548893X_118_20250228_095946_20250228_100223_predictions.csv,0,not_walking
02548893X-118,2025-02-28 10:01:26.010000+00:00,2025-02-28T10:01:22.010000+00:00,2025-02-28T10:01:30.010000+00:00,0,not_walking,0.012420393,not_walking,not_walking,True,2025-02-28 09:59:46,2025-02-28 10:02:23,salidas_test/transformer_sequence_predictions/02548893X_118_20250228_095946_20250228_100223_transformer_predictions.csv,0.5237396621263919,salidas_test/sequence_predictions/02548893X_118_20250228_095946_20250228_100223_predictions.csv,0,not_walking
02548893X-118,2025-02-28 10:01:27.010000+00:00,2025-02-28T10:01:23.010000+00:00,2025-02-28T10:01:31.010000+00:00,0,not_walking,0.011764896,not_walking,not_walking,True,2025-02-28 09:59:46,2025-02-28 10:02:23,salidas_test/transformer_sequence_predictions/02548893X_118_20250228_095946_20250228_100223_transformer_predictions.csv,0.4846671143781227,salidas_test/sequence_predictions/02548893X_118_20250228_095946_20250228_100223_predictions.csv,0,not_walking
02548893X-118,2025-02-28 10:01:28.010000+00:00,2025-02-28T10:01:24.010000+00:00,2025-02-28T10:01:32.010000+00:00,0,not_walking,0.077729166,not_walking,not_walking,True,2025-02-28 09:59:46,2025-02-28 10:02:23,salidas_test/transformer_sequence_predictions/02548893X_118_20250228_095946_20250228_100223_transformer_predictions.csv,0.3948108407361367,salidas_test/sequence_predictions/02548893X_118_20250228_095946_20250228_100223_predictions.csv,0,not_walking
02548893X-118,2025-02-28 10:01:29.010000+00:00,2025-02-28T10:01:25.010000+00:00,2025-02-28T10:01:33.010000+00:00,0,not_walking,0.015885046,not_walking,not_walking,True,2025-02-28 09:59:46,2025-02-28 10:02:23,salidas_test/transformer_sequence_predictions/02548893X_118_20250228_095946_20250228_100223_transformer_predictions.csv,0.5943032462581185,salidas_test/sequence_predictions/02548893X_118_20250228_095946_20250228_100223_predictions.csv,0,not_walking
02548893X-118,2025-02-28 10:01:30.010000+00:00,2025-02-28T10:01:26.010000+00:00,2025-02-28T10:01:34.010000+00:00,0,not_walking,0.011842648,not_walking,not_walking,True,2025-02-28 09:59:46,2025-02-28 10:02:23,salidas_test/transformer_sequence_predictions/02548893X_118_20250228_095946_20250228_100223_transformer_predictions.csv,0.5403597160324599,salidas_test/sequence_predictions/02548893X_118_20250228_095946_20250228_100223_predictions.csv,0,not_walking
02548893X-118,2025-02-28 10:01:31.010000+00:00,2025-02-28T10:01:27.010000+00:00,2025-02-28T10:01:35.010000+00:00,0,not_walking,0.023754794,not_walking,not_walking,True,2025-02-28 09:59:46,2025-02-28 10:02:23,salidas_test/transformer_sequence_predictions/02548893X_118_20250228_095946_20250228_100223_transformer_predictions.csv,0.3433238374341537,salidas_test/sequence_predictions/02548893X_118_20250228_095946_20250228_100223_predictions.csv,0,not_walking
02548893X-118,2025-02-28 10:01:32.010000+00:00,2025-02-28T10:01:28.010000+00:00,2025-02-28T10:01:36.010000+00:00,0,not_walking,0.018629717,not_walking,not_walking,True,2025-02-28 09:59:46,2025-02-28 10:02:23,salidas_test/transformer_sequence_predictions/02548893X_118_20250228_095946_20250228_100223_transformer_predictions.csv,0.4068167388380405,salidas_test/sequence_predictions/02548893X_118_20250228_095946_20250228_100223_predictions.csv,0,not_walking
02548893X-118,2025-02-28 10:01:33.010000+00:00,2025-02-28T10:01:29.010000+00:00,2025-02-28T10:01:37.010000+00:00,0,not_walking,0.019847788,not_walking,not_walking,True,2025-02-28 09:59:46,2025-02-28 10:02:23,salidas_test/transformer_sequence_predictions/02548893X_118_20250228_095946_20250228_100223_transformer_predictions.csv,0.6123690462497358,salidas_test/sequence_predictions/02548893X_118_20250228_095946_20250228_100223_predictions.csv,0,not_walking
02548893X-118,2025-02-28 10:01:34.010000+00:00,2025-02-28T10:01:30.010000+00:00,2025-02-28T10:01:38.010000+00:00,0,not_walking,0.03393508,not_walking,not_walking,True,2025-02-28 09:59:46,2025-02-28 10:02:23,salidas_test/transformer_sequence_predictions/02548893X_118_20250228_095946_20250228_100223_transformer_predictions.csv,0.4490184126995764,salidas_test/sequence_predictions/02548893X_118_20250228_095946_20250228_100223_predictions.csv,0,not_walking
02548893X-118,2025-02-28 10:01:35.010000+00:00,2025-02-28T10:01:31.010000+00:00,2025-02-28T10:01:39.010000+00:00,0,not_walking,0.031536616,not_walking,not_walking,True,2025-02-28 09:59:46,2025-02-28 10:02:23,salidas_test/transformer_sequence_predictions/02548893X_118_20250228_095946_20250228_100223_transformer_predictions.csv,0.639388028044286,salidas_test/sequence_predictions/02548893X_118_20250228_095946_20250228_100223_predictions.csv,0,not_walking
02548893X-118,2025-02-28 10:01:36.010000+00:00,2025-02-28T10:01:32.010000+00:00,2025-02-28T10:01:40.010000+00:00,1,walking,0.75915223,not_walking,not_walking,True,2025-02-28 09:59:46,2025-02-28 10:02:23,salidas_test/transformer_sequence_predictions/02548893X_118_20250228_095946_20250228_100223_transformer_predictions.csv,0.5077167651276112,salidas_test/sequence_predictions/02548893X_118_20250228_095946_20250228_100223_predictions.csv,0,not_walking
02548893X-118,2025-02-28 10:01:37.010000+00:00,2025-02-28T10:01:33.010000+00:00,2025-02-28T10:01:41.010000+00:00,0,not_walking,0.27785832,not_walking,not_walking,True,2025-02-28 09:59:46,2025-02-28 10:02:23,salidas_test/transformer_sequence_predictions/02548893X_118_20250228_095946_20250228_100223_transformer_predictions.csv,0.5217512160357421,salidas_test/sequence_predictions/02548893X_118_20250228_095946_20250228_100223_predictions.csv,0,not_walking
02548893X-118,2025-02-28 10:01:38.010000+00:00,2025-02-28T10:01:34.010000+00:00,2025-02-28T10:01:42.010000+00:00,0,not_walking,0.08598858,not_walking,not_walking,True,2025-02-28 09:59:46,2025-02-28 10:02:23,salidas_test/transformer_sequence_predictions/02548893X_118_20250228_095946_20250228_100223_transformer_predictions.csv,0.5818549735367928,salidas_test/sequence_predictions/02548893X_118_20250228_095946_20250228_100223_predictions.csv,0,not_walking
02548893X-118,2025-02-28 10:01:39.010000+00:00,2025-02-28T10:01:35.010000+00:00,2025-02-28T10:01:43.010000+00:00,0,not_walking,0.060669977,not_walking,not_walking,True,2025-02-28 09:59:46,2025-02-28 10:02:23,salidas_test/transformer_sequence_predictions/02548893X_118_20250228_095946_20250228_100223_transformer_predictions.csv,0.5817651907214123,salidas_test/sequence_predictions/02548893X_118_20250228_095946_20250228_100223_predictions.csv,0,not_walking
02548893X-118,2025-02-28 10:01:40.010000+00:00,2025-02-28T10:01:36.010000+00:00,2025-02-28T10:01:44.010000+00:00,0,not_walking,0.03696869,not_walking,not_walking,True,2025-02-28 09:59:46,2025-02-28 10:02:23,salidas_test/transformer_sequence_predictions/02548893X_118_20250228_095946_20250228_100223_transformer_predictions.csv,0.613483750709415,salidas_test/sequence_predictions/02548893X_118_20250228_095946_20250228_100223_predictions.csv,0,not_walking
02548893X-118,2025-02-28 10:01:41.010000+00:00,2025-02-28T10:01:37.010000+00:00,2025-02-28T10:01:45.010000+00:00,0,not_walking,0.033507396,not_walking,not_walking,True,2025-02-28 09:59:46,2025-02-28 10:02:23,salidas_test/transformer_sequence_predictions/02548893X_118_20250228_095946_20250228_100223_transformer_predictions.csv,0.5126603937544422,salidas_test/sequence_predictions/02548893X_118_20250228_095946_20250228_100223_predictions.csv,0,not_walking
02548893X-118,2025-02-28 10:01:42.010000+00:00,2025-02-28T10:01:38.010000+00:00,2025-02-28T10:01:46.010000+00:00,0,not_walking,0.060604956,not_walking,not_walking,True,2025-02-28 09:59:46,2025-02-28 10:02:23,salidas_test/transformer_sequence_predictions/02548893X_118_20250228_095946_20250228_100223_transformer_predictions.csv,0.5756474801494628,salidas_test/sequence_predictions/02548893X_118_20250228_095946_20250228_100223_predictions.csv,0,not_walking
02548893X-118,2025-02-28 10:01:43.010000+00:00,2025-02-28T10:01:39.010000+00:00,2025-02-28T10:01:47.010000+00:00,0,not_walking,0.014392986,not_walking,not_walking,True,2025-02-28 09:59:46,2025-02-28 10:02:23,salidas_test/transformer_sequence_predictions/02548893X_118_20250228_095946_20250228_100223_transformer_predictions.csv,0.5485532264814892,salidas_test/sequence_predictions/02548893X_118_20250228_095946_20250228_100223_predictions.csv,0,not_walking
02548893X-118,2025-02-28 10:01:44.010000+00:00,2025-02-28T10:01:40.010000+00:00,2025-02-28T10:01:48.010000+00:00,0,not_walking,0.03775565,not_walking,not_walking,True,2025-02-28 09:59:46,2025-02-28 10:02:23,salidas_test/transformer_sequence_predictions/02548893X_118_20250228_095946_20250228_100223_transformer_predictions.csv,0.5246065924448277,salidas_test/sequence_predictions/02548893X_118_20250228_095946_20250228_100223_predictions.csv,0,not_walking
02548893X-118,2025-02-28 10:01:45.010000+00:00,2025-02-28T10:01:41.010000+00:00,2025-02-28T10:01:49.010000+00:00,0,not_walking,0.039366852,not_walking,not_walking,True,2025-02-28 09:59:46,2025-02-28 10:02:23,salidas_test/transformer_sequence_predictions/02548893X_118_20250228_095946_20250228_100223_transformer_predictions.csv,0.4979422922310126,salidas_test/sequence_predictions/02548893X_118_20250228_095946_20250228_100223_predictions.csv,0,not_walking
02548893X-118,2025-02-28 10:01:46.010000+00:00,2025-02-28T10:01:42.010000+00:00,2025-02-28T10:01:50.010000+00:00,0,not_walking,0.031538263,not_walking,not_walking,True,2025-02-28 09:59:46,2025-02-28 10:02:23,salidas_test/transformer_sequence_predictions/02548893X_118_20250228_095946_20250228_100223_transformer_predictions.csv,0.4994601022971935,salidas_test/sequence_predictions/02548893X_118_20250228_095946_20250228_100223_predictions.csv,0,not_walking
02548893X-118,2025-02-28 10:01:47.010000+00:00,2025-02-28T10:01:43.010000+00:00,2025-02-28T10:01:51.010000+00:00,0,not_walking,0.14196055,not_walking,not_walking,True,2025-02-28 09:59:46,2025-02-28 10:02:23,salidas_test/transformer_sequence_predictions/02548893X_118_20250228_095946_20250228_100223_transformer_predictions.csv,0.5823188477112008,salidas_test/sequence_predictions/02548893X_118_20250228_095946_20250228_100223_predictions.csv,0,not_walking
02548893X-118,2025-02-28 10:01:48.010000+00:00,2025-02-28T10:01:44.010000+00:00,2025-02-28T10:01:52.010000+00:00,0,not_walking,0.017796969,not_walking,not_walking,True,2025-02-28 09:59:46,2025-02-28 10:02:23,salidas_test/transformer_sequence_predictions/02548893X_118_20250228_095946_20250228_100223_transformer_predictions.csv,0.5788102018861274,salidas_test/sequence_predictions/02548893X_118_20250228_095946_20250228_100223_predictions.csv,0,not_walking
02548893X-118,2025-02-28 10:01:49.010000+00:00,2025-02-28T10:01:45.010000+00:00,2025-02-28T10:01:53.010000+00:00,0,not_walking,0.019318055,not_walking,not_walking,True,2025-02-28 09:59:46,2025-02-28 10:02:23,salidas_test/transformer_sequence_predictions/02548893X_118_20250228_095946_20250228_100223_transformer_predictions.csv,0.4562648767189238,salidas_test/sequence_predictions/02548893X_118_20250228_095946_20250228_100223_predictions.csv,0,not_walking
02548893X-118,2025-02-28 10:01:50.010000+00:00,2025-02-28T10:01:46.010000+00:00,2025-02-28T10:01:54.010000+00:00,0,not_walking,0.025634762,not_walking,not_walking,True,2025-02-28 09:59:46,2025-02-28 10:02:23,salidas_test/transformer_sequence_predictions/02548893X_118_20250228_095946_20250228_100223_transformer_predictions.csv,0.5866495837589871,salidas_test/sequence_predictions/02548893X_118_20250228_095946_20250228_100223_predictions.csv,0,not_walking
02548893X-118,2025-02-28 10:01:51.010000+00:00,2025-02-28T10:01:47.010000+00:00,2025-02-28T10:01:55.010000+00:00,0,not_walking,0.020353192,not_walking,not_walking,True,2025-02-28 09:59:46,2025-02-28 10:02:23,salidas_test/transformer_sequence_predictions/02548893X_118_20250228_095946_20250228_100223_transformer_predictions.csv,0.4988398089049444,salidas_test/sequence_predictions/02548893X_118_20250228_095946_20250228_100223_predictions.csv,0,not_walking
02548893X-118,2025-02-28 10:01:52.010000+00:00,2025-02-28T10:01:48.010000+00:00,2025-02-28T10:01:56.010000+00:00,0,not_walking,0.055665005,not_walking,not_walking,True,2025-02-28 09:59:46,2025-02-28 10:02:23,salidas_test/transformer_sequence_predictions/02548893X_118_20250228_095946_20250228_100223_transformer_predictions.csv,0.3956931506366253,salidas_test/sequence_predictions/02548893X_118_20250228_095946_20250228_100223_predictions.csv,0,not_walking
02548893X-118,2025-02-28 10:01:53.010000+00:00,2025-02-28T10:01:49.010000+00:00,2025-02-28T10:01:57.010000+00:00,0,not_walking,0.025882198,not_walking,not_walking,True,2025-02-28 09:59:46,2025-02-28 10:02:23,salidas_test/transformer_sequence_predictions/02548893X_118_20250228_095946_20250228_100223_transformer_predictions.csv,0.4678253700992866,salidas_test/sequence_predictions/02548893X_118_20250228_095946_20250228_100223_predictions.csv,0,not_walking
02548893X-118,2025-02-28 10:01:54.010000+00:00,2025-02-28T10:01:50.010000+00:00,2025-02-28T10:01:58.010000+00:00,0,not_walking,0.053919606,not_walking,not_walking,True,2025-02-28 09:59:46,2025-02-28 10:02:23,salidas_test/transformer_sequence_predictions/02548893X_118_20250228_095946_20250228_100223_transformer_predictions.csv,0.5503977183330577,salidas_test/sequence_predictions/02548893X_118_20250228_095946_20250228_100223_predictions.csv,0,not_walking
02548893X-118,2025-02-28 10:01:55.010000+00:00,2025-02-28T10:01:51.010000+00:00,2025-02-28T10:01:59.010000+00:00,0,not_walking,0.033402298,not_walking,not_walking,True,2025-02-28 09:59:46,2025-02-28 10:02:23,salidas_test/transformer_sequence_predictions/02548893X_118_20250228_095946_20250228_100223_transformer_predictions.csv,0.4580502785074818,salidas_test/sequence_predictions/02548893X_118_20250228_095946_20250228_100223_predictions.csv,0,not_walking
02548893X-118,2025-02-28 10:01:56.010000+00:00,2025-02-28T10:01:52.010000+00:00,2025-02-28T10:02:00.010000+00:00,0,not_walking,0.11461067,not_walking,not_walking,True,2025-02-28 09:59:46,2025-02-28 10:02:23,salidas_test/transformer_sequence_predictions/02548893X_118_20250228_095946_20250228_100223_transformer_predictions.csv,0.5061561441303444,salidas_test/sequence_predictions/02548893X_118_20250228_095946_20250228_100223_predictions.csv,0,not_walking
02548893X-118,2025-02-28 10:01:57.010000+00:00,2025-02-28T10:01:53.010000+00:00,2025-02-28T10:02:01.010000+00:00,0,not_walking,0.13778818,not_walking,not_walking,True,2025-02-28 09:59:46,2025-02-28 10:02:23,salidas_test/transformer_sequence_predictions/02548893X_118_20250228_095946_20250228_100223_transformer_predictions.csv,0.6356818851110783,salidas_test/sequence_predictions/02548893X_118_20250228_095946_20250228_100223_predictions.csv,0,not_walking
02548893X-118,2025-02-28 10:01:58.010000+00:00,2025-02-28T10:01:54.010000+00:00,2025-02-28T10:02:02.010000+00:00,0,not_walking,0.052823562,not_walking,not_walking,True,2025-02-28 09:59:46,2025-02-28 10:02:23,salidas_test/transformer_sequence_predictions/02548893X_118_20250228_095946_20250228_100223_transformer_predictions.csv,0.5993386607741962,salidas_test/sequence_predictions/02548893X_118_20250228_095946_20250228_100223_predictions.csv,0,not_walking
02548893X-118,2025-02-28 10:01:59.010000+00:00,2025-02-28T10:01:55.010000+00:00,2025-02-28T10:02:03.010000+00:00,0,not_walking,0.0302308,not_walking,not_walking,True,2025-02-28 09:59:46,2025-02-28 10:02:23,salidas_test/transformer_sequence_predictions/02548893X_118_20250228_095946_20250228_100223_transformer_predictions.csv,0.5248530941624534,salidas_test/sequence_predictions/02548893X_118_20250228_095946_20250228_100223_predictions.csv,0,not_walking
02548893X-118,2025-02-28 10:02:00.010000+00:00,2025-02-28T10:01:56.010000+00:00,2025-02-28T10:02:04.010000+00:00,0,not_walking,0.025960382,not_walking,not_walking,True,2025-02-28 09:59:46,2025-02-28 10:02:23,salidas_test/transformer_sequence_predictions/02548893X_118_20250228_095946_20250228_100223_transformer_predictions.csv,0.5278784890221497,salidas_test/sequence_predictions/02548893X_118_20250228_095946_20250228_100223_predictions.csv,0,not_walking
02548893X-118,2025-02-28 10:02:01.010000+00:00,2025-02-28T10:01:57.010000+00:00,2025-02-28T10:02:05.010000+00:00,0,not_walking,0.22857298,not_walking,not_walking,True,2025-02-28 09:59:46,2025-02-28 10:02:23,salidas_test/transformer_sequence_predictions/02548893X_118_20250228_095946_20250228_100223_transformer_predictions.csv,0.3926661957700494,salidas_test/sequence_predictions/02548893X_118_20250228_095946_20250228_100223_predictions.csv,0,not_walking
02548893X-118,2025-02-28 10:02:02.010000+00:00,2025-02-28T10:01:58.010000+00:00,2025-02-28T10:02:06.010000+00:00,0,not_walking,0.026859347,not_walking,not_walking,True,2025-02-28 09:59:46,2025-02-28 10:02:23,salidas_test/transformer_sequence_predictions/02548893X_118_20250228_095946_20250228_100223_transformer_predictions.csv,0.648691714488736,salidas_test/sequence_predictions/02548893X_118_20250228_095946_20250228_100223_predictions.csv,0,not_walking
02548893X-118,2025-02-28 10:02:03.010000+00:00,2025-02-28T10:01:59.010000+00:00,2025-02-28T10:02:07.010000+00:00,0,not_walking,0.02908012,not_walking,not_walking,True,2025-02-28 09:59:46,2025-02-28 10:02:23,salidas_test/transformer_sequence_predictions/02548893X_118_20250228_095946_20250228_100223_transformer_predictions.csv,0.5174558869683508,salidas_test/sequence_predictions/02548893X_118_20250228_095946_20250228_100223_predictions.csv,0,not_walking
02548893X-118,2025-02-28 10:02:04.010000+00:00,2025-02-28T10:02:00.010000+00:00,2025-02-28T10:02:08.010000+00:00,0,not_walking,0.05139075,not_walking,not_walking,True,2025-02-28 09:59:46,2025-02-28 10:02:23,salidas_test/transformer_sequence_predictions/02548893X_118_20250228_095946_20250228_100223_transformer_predictions.csv,0.5187572987810756,salidas_test/sequence_predictions/02548893X_118_20250228_095946_20250228_100223_predictions.csv,0,not_walking
02548893X-118,2025-02-28 10:02:05.010000+00:00,2025-02-28T10:02:01.010000+00:00,2025-02-28T10:02:09.010000+00:00,0,not_walking,0.00924302,not_walking,not_walking,True,2025-02-28 09:59:46,2025-02-28 10:02:23,salidas_test/transformer_sequence_predictions/02548893X_118_20250228_095946_20250228_100223_transformer_predictions.csv,0.622246131409865,salidas_test/sequence_predictions/02548893X_118_20250228_095946_20250228_100223_predictions.csv,0,not_walking
02548893X-118,2025-02-28 10:02:06.010000+00:00,2025-02-28T10:02:02.010000+00:00,2025-02-28T10:02:10.010000+00:00,0,not_walking,0.010766335,not_walking,not_walking,True,2025-02-28 09:59:46,2025-02-28 10:02:23,salidas_test/transformer_sequence_predictions/02548893X_118_20250228_095946_20250228_100223_transformer_predictions.csv,0.5874117251964002,salidas_test/sequence_predictions/02548893X_118_20250228_095946_20250228_100223_predictions.csv,0,not_walking
02548893X-118,2025-02-28 10:02:07.010000+00:00,2025-02-28T10:02:03.010000+00:00,2025-02-28T10:02:11.010000+00:00,0,not_walking,0.01388577,not_walking,not_walking,True,2025-02-28 09:59:46,2025-02-28 10:02:23,salidas_test/transformer_sequence_predictions/02548893X_118_20250228_095946_20250228_100223_transformer_predictions.csv,0.3870295132288512,salidas_test/sequence_predictions/02548893X_118_20250228_095946_20250228_100223_predictions.csv,0,not_walking
02548893X-118,2025-02-28 10:02:08.010000+00:00,2025-02-28T10:02:04.010000+00:00,2025-02-28T10:02:12.010000+00:00,0,not_walking,0.019720422,not_walking,not_walking,True,2025-02-28 09:59:46,2025-02-28 10:02:23,salidas_test/transformer_sequence_predictions/02548893X_118_20250228_095946_20250228_100223_transformer_predictions.csv,0.4356540628918677,salidas_test/sequence_predictions/02548893X_118_20250228_095946_20250228_100223_predictions.csv,0,not_walking
02548893X-118,2025-02-28 10:02:09.010000+00:00,2025-02-28T10:02:05.010000+00:00,2025-02-28T10:02:13.010000+00:00,0,not_walking,0.041701466,not_walking,not_walking,True,2025-02-28 09:59:46,2025-02-28 10:02:23,salidas_test/transformer_sequence_predictions/02548893X_118_20250228_095946_20250228_100223_transformer_predictions.csv,0.4009030086759608,salidas_test/sequence_predictions/02548893X_118_20250228_095946_20250228_100223_predictions.csv,0,not_walking
02548893X-118,2025-02-28 10:02:10.010000+00:00,2025-02-28T10:02:06.010000+00:00,2025-02-28T10:02:14.010000+00:00,0,not_walking,0.013145175,not_walking,not_walking,True,2025-02-28 09:59:46,2025-02-28 10:02:23,salidas_test/transformer_sequence_predictions/02548893X_118_20250228_095946_20250228_100223_transformer_predictions.csv,0.4607292836499489,salidas_test/sequence_predictions/02548893X_118_20250228_095946_20250228_100223_predictions.csv,0,not_walking
02548893X-118,2025-02-28 10:02:11.010000+00:00,2025-02-28T10:02:07.010000+00:00,2025-02-28T10:02:15.010000+00:00,0,not_walking,0.13334179,not_walking,not_walking,True,2025-02-28 09:59:46,2025-02-28 10:02:23,salidas_test/transformer_sequence_predictions/02548893X_118_20250228_095946_20250228_100223_transformer_predictions.csv,0.4470852815348199,salidas_test/sequence_predictions/02548893X_118_20250228_095946_20250228_100223_predictions.csv,0,not_walking
02548893X-118,2025-02-28 10:02:12.010000+00:00,2025-02-28T10:02:08.010000+00:00,2025-02-28T10:02:16.010000+00:00,0,not_walking,0.039473515,not_walking,not_walking,True,2025-02-28 09:59:46,2025-02-28 10:02:23,salidas_test/transformer_sequence_predictions/02548893X_118_20250228_095946_20250228_100223_transformer_predictions.csv,0.6654389424674908,salidas_test/sequence_predictions/02548893X_118_20250228_095946_20250228_100223_predictions.csv,0,not_walking
02548893X-118,2025-02-28 10:02:13.010000+00:00,2025-02-28T10:02:09.010000+00:00,2025-02-28T10:02:17.010000+00:00,0,not_walking,0.20356704,not_walking,not_walking,True,2025-02-28 09:59:46,2025-02-28 10:02:23,salidas_test/transformer_sequence_predictions/02548893X_118_20250228_095946_20250228_100223_transformer_predictions.csv,0.5315073396861866,salidas_test/sequence_predictions/02548893X_118_20250228_095946_20250228_100223_predictions.csv,0,not_walking
02548893X-118,2025-02-28 10:02:14.010000+00:00,2025-02-28T10:02:10.010000+00:00,2025-02-28T10:02:18.010000+00:00,0,not_walking,0.08448081,not_walking,not_walking,True,2025-02-28 09:59:46,2025-02-28 10:02:23,salidas_test/transformer_sequence_predictions/02548893X_118_20250228_095946_20250228_100223_transformer_predictions.csv,0.458435073147224,salidas_test/sequence_predictions/02548893X_118_20250228_095946_20250228_100223_predictions.csv,0,not_walking
02548893X-118,2025-02-28 10:02:15.010000+00:00,2025-02-28T10:02:11.010000+00:00,2025-02-28T10:02:19.010000+00:00,1,walking,0.55510676,not_walking,not_walking,True,2025-02-28 09:59:46,2025-02-28 10:02:23,salidas_test/transformer_sequence_predictions/02548893X_118_20250228_095946_20250228_100223_transformer_predictions.csv,0.5340853760522201,salidas_test/sequence_predictions/02548893X_118_20250228_095946_20250228_100223_predictions.csv,0,not_walking
02548893X-118,2025-02-28 10:02:16.010000+00:00,2025-02-28T10:02:12.010000+00:00,2025-02-28T10:02:20.010000+00:00,0,not_walking,0.37744695,not_walking,not_walking,True,2025-02-28 09:59:46,2025-02-28 10:02:23,salidas_test/transformer_sequence_predictions/02548893X_118_20250228_095946_20250228_100223_transformer_predictions.csv,0.5782597009310045,salidas_test/sequence_predictions/02548893X_118_20250228_095946_20250228_100223_predictions.csv,0,not_walking
02548893X-118,2025-02-28 10:02:17.010000+00:00,2025-02-28T10:02:13.010000+00:00,2025-02-28T10:02:21.010000+00:00,1,walking,0.9906577,not_walking,not_walking,True,2025-02-28 09:59:46,2025-02-28 10:02:23,salidas_test/transformer_sequence_predictions/02548893X_118_20250228_095946_20250228_100223_transformer_predictions.csv,0.5114129396200204,salidas_test/sequence_predictions/02548893X_118_20250228_095946_20250228_100223_predictions.csv,0,not_walking
47046344M-104,2024-10-15 07:30:07.050000+00:00,2024-10-15T07:30:03.050000+00:00,2024-10-15T07:30:11.050000+00:00,1,walking,0.8602973,walking,walking,True,2024-10-15 07:30:02,2024-10-15 07:30:16,salidas_test/transformer_sequence_predictions/47046344M_104_20241015_073002_20241015_073016_transformer_predictions.csv,0.6928348914822958,salidas_test/sequence_predictions/47046344M_104_20241015_073002_20241015_073016_predictions.csv,1,walking
47046344M-104,2024-10-15 07:30:08.050000+00:00,2024-10-15T07:30:04.050000+00:00,2024-10-15T07:30:12.050000+00:00,1,walking,0.70049417,walking,walking,True,2024-10-15 07:30:02,2024-10-15 07:30:16,salidas_test/transformer_sequence_predictions/47046344M_104_20241015_073002_20241015_073016_transformer_predictions.csv,0.7199528670041088,salidas_test/sequence_predictions/47046344M_104_20241015_073002_20241015_073016_predictions.csv,1,walking
47046344M-104,2024-10-15 07:30:09.050000+00:00,2024-10-15T07:30:05.050000+00:00,2024-10-15T07:30:13.050000+00:00,1,walking,0.85417163,walking,walking,True,2024-10-15 07:30:02,2024-10-15 07:30:16,salidas_test/transformer_sequence_predictions/47046344M_104_20241015_073002_20241015_073016_transformer_predictions.csv,0.6628559982491052,salidas_test/sequence_predictions/47046344M_104_20241015_073002_20241015_073016_predictions.csv,1,walking
47046344M-104,2024-10-15 07:30:10.050000+00:00,2024-10-15T07:30:06.050000+00:00,2024-10-15T07:30:14.050000+00:00,1,walking,0.62246406,walking,walking,True,2024-10-15 07:30:02,2024-10-15 07:30:16,salidas_test/transformer_sequence_predictions/47046344M_104_20241015_073002_20241015_073016_transformer_predictions.csv,0.6138996039488043,salidas_test/sequence_predictions/47046344M_104_20241015_073002_20241015_073016_predictions.csv,0,not_walking
47046344M-104,2024-10-15 07:35:43.020000+00:00,2024-10-15T07:35:39.020000+00:00,2024-10-15T07:35:47.020000+00:00,1,walking,0.983715,not_walking,not_walking,True,2024-10-15 07:35:38,2024-10-15 07:37:09,salidas_test/transformer_sequence_predictions/47046344M_104_20241015_073538_20241015_073709_transformer_predictions.csv,0.5787762480797596,salidas_test/sequence_predictions/47046344M_104_20241015_073538_20241015_073709_predictions.csv,0,not_walking
47046344M-104,2024-10-15 07:35:44.020000+00:00,2024-10-15T07:35:40.020000+00:00,2024-10-15T07:35:48.020000+00:00,1,walking,0.99279284,not_walking,not_walking,True,2024-10-15 07:35:38,2024-10-15 07:37:09,salidas_test/transformer_sequence_predictions/47046344M_104_20241015_073538_20241015_073709_transformer_predictions.csv,0.5869449493717381,salidas_test/sequence_predictions/47046344M_104_20241015_073538_20241015_073709_predictions.csv,0,not_walking
47046344M-104,2024-10-15 07:35:45.020000+00:00,2024-10-15T07:35:41.020000+00:00,2024-10-15T07:35:49.020000+00:00,1,walking,0.98004377,not_walking,not_walking,True,2024-10-15 07:35:38,2024-10-15 07:37:09,salidas_test/transformer_sequence_predictions/47046344M_104_20241015_073538_20241015_073709_transformer_predictions.csv,0.7517468818239286,salidas_test/sequence_predictions/47046344M_104_20241015_073538_20241015_073709_predictions.csv,1,walking
47046344M-104,2024-10-15 07:35:46.020000+00:00,2024-10-15T07:35:42.020000+00:00,2024-10-15T07:35:50.020000+00:00,1,walking,0.9932939,not_walking,not_walking,True,2024-10-15 07:35:38,2024-10-15 07:37:09,salidas_test/transformer_sequence_predictions/47046344M_104_20241015_073538_20241015_073709_transformer_predictions.csv,0.6853907060249274,salidas_test/sequence_predictions/47046344M_104_20241015_073538_20241015_073709_predictions.csv,1,walking
47046344M-104,2024-10-15 07:35:47.020000+00:00,2024-10-15T07:35:43.020000+00:00,2024-10-15T07:35:51.020000+00:00,1,walking,0.9953961,not_walking,not_walking,True,2024-10-15 07:35:38,2024-10-15 07:37:09,salidas_test/transformer_sequence_predictions/47046344M_104_20241015_073538_20241015_073709_transformer_predictions.csv,0.6990258523746714,salidas_test/sequence_predictions/47046344M_104_20241015_073538_20241015_073709_predictions.csv,1,walking
47046344M-104,2024-10-15 07:35:48.020000+00:00,2024-10-15T07:35:44.020000+00:00,2024-10-15T07:35:52.020000+00:00,1,walking,0.99478334,not_walking,not_walking,True,2024-10-15 07:35:38,2024-10-15 07:37:09,salidas_test/transformer_sequence_predictions/47046344M_104_20241015_073538_20241015_073709_transformer_predictions.csv,0.6952980728773855,salidas_test/sequence_predictions/47046344M_104_20241015_073538_20241015_073709_predictions.csv,1,walking
47046344M-104,2024-10-15 07:35:49.020000+00:00,2024-10-15T07:35:45.020000+00:00,2024-10-15T07:35:53.020000+00:00,1,walking,0.98685896,not_walking,not_walking,True,2024-10-15 07:35:38,2024-10-15 07:37:09,salidas_test/transformer_sequence_predictions/47046344M_104_20241015_073538_20241015_073709_transformer_predictions.csv,0.7105463454181772,salidas_test/sequence_predictions/47046344M_104_20241015_073538_20241015_073709_predictions.csv,1,walking
47046344M-104,2024-10-15 07:35:50.020000+00:00,2024-10-15T07:35:46.020000+00:00,2024-10-15T07:35:54.020000+00:00,1,walking,0.9786315,not_walking,not_walking,True,2024-10-15 07:35:38,2024-10-15 07:37:09,salidas_test/transformer_sequence_predictions/47046344M_104_20241015_073538_20241015_073709_transformer_predictions.csv,0.7523061769359739,salidas_test/sequence_predictions/47046344M_104_20241015_073538_20241015_073709_predictions.csv,1,walking
47046344M-104,2024-10-15 07:35:51.020000+00:00,2024-10-15T07:35:47.020000+00:00,2024-10-15T07:35:55.020000+00:00,1,walking,0.923818,not_walking,not_walking,True,2024-10-15 07:35:38,2024-10-15 07:37:09,salidas_test/transformer_sequence_predictions/47046344M_104_20241015_073538_20241015_073709_transformer_predictions.csv,0.7052418188414589,salidas_test/sequence_predictions/47046344M_104_20241015_073538_20241015_073709_predictions.csv,1,walking
47046344M-104,2024-10-15 07:35:52.020000+00:00,2024-10-15T07:35:48.020000+00:00,2024-10-15T07:35:56.020000+00:00,1,walking,0.96314955,not_walking,not_walking,True,2024-10-15 07:35:38,2024-10-15 07:37:09,salidas_test/transformer_sequence_predictions/47046344M_104_20241015_073538_20241015_073709_transformer_predictions.csv,0.6864736351278229,salidas_test/sequence_predictions/47046344M_104_20241015_073538_20241015_073709_predictions.csv,1,walking
47046344M-104,2024-10-15 07:35:53.020000+00:00,2024-10-15T07:35:49.020000+00:00,2024-10-15T07:35:57.020000+00:00,0,not_walking,0.27212346,not_walking,not_walking,True,2024-10-15 07:35:38,2024-10-15 07:37:09,salidas_test/transformer_sequence_predictions/47046344M_104_20241015_073538_20241015_073709_transformer_predictions.csv,0.5963958505366225,salidas_test/sequence_predictions/47046344M_104_20241015_073538_20241015_073709_predictions.csv,0,not_walking
47046344M-104,2024-10-15 07:35:54.020000+00:00,2024-10-15T07:35:50.020000+00:00,2024-10-15T07:35:58.020000+00:00,1,walking,0.98551697,not_walking,not_walking,True,2024-10-15 07:35:38,2024-10-15 07:37:09,salidas_test/transformer_sequence_predictions/47046344M_104_20241015_073538_20241015_073709_transformer_predictions.csv,0.6798362719189031,salidas_test/sequence_predictions/47046344M_104_20241015_073538_20241015_073709_predictions.csv,1,walking
47046344M-104,2024-10-15 07:35:55.020000+00:00,2024-10-15T07:35:51.020000+00:00,2024-10-15T07:35:59.020000+00:00,1,walking,0.9759837,not_walking,not_walking,True,2024-10-15 07:35:38,2024-10-15 07:37:09,salidas_test/transformer_sequence_predictions/47046344M_104_20241015_073538_20241015_073709_transformer_predictions.csv,0.6646623333717006,salidas_test/sequence_predictions/47046344M_104_20241015_073538_20241015_073709_predictions.csv,1,walking
47046344M-104,2024-10-15 07:35:56.020000+00:00,2024-10-15T07:35:52.020000+00:00,2024-10-15T07:36:00.020000+00:00,1,walking,0.99351066,not_walking,not_walking,True,2024-10-15 07:35:38,2024-10-15 07:37:09,salidas_test/transformer_sequence_predictions/47046344M_104_20241015_073538_20241015_073709_transformer_predictions.csv,0.7544617813778023,salidas_test/sequence_predictions/47046344M_104_20241015_073538_20241015_073709_predictions.csv,1,walking
47046344M-104,2024-10-15 07:35:57.020000+00:00,2024-10-15T07:35:53.020000+00:00,2024-10-15T07:36:01.020000+00:00,1,walking,0.48857212,not_walking,not_walking,True,2024-10-15 07:35:38,2024-10-15 07:37:09,salidas_test/transformer_sequence_predictions/47046344M_104_20241015_073538_20241015_073709_transformer_predictions.csv,0.619678555470384,salidas_test/sequence_predictions/47046344M_104_20241015_073538_20241015_073709_predictions.csv,0,not_walking
47046344M-104,2024-10-15 07:35:58.020000+00:00,2024-10-15T07:35:54.020000+00:00,2024-10-15T07:36:02.020000+00:00,1,walking,0.8658579,not_walking,not_walking,True,2024-10-15 07:35:38,2024-10-15 07:37:09,salidas_test/transformer_sequence_predictions/47046344M_104_20241015_073538_20241015_073709_transformer_predictions.csv,0.5753189708743606,salidas_test/sequence_predictions/47046344M_104_20241015_073538_20241015_073709_predictions.csv,0,not_walking
47046344M-104,2024-10-15 07:35:59.020000+00:00,2024-10-15T07:35:55.020000+00:00,2024-10-15T07:36:03.020000+00:00,1,walking,0.95966893,not_walking,not_walking,True,2024-10-15 07:35:38,2024-10-15 07:37:09,salidas_test/transformer_sequence_predictions/47046344M_104_20241015_073538_20241015_073709_transformer_predictions.csv,0.6444937647038846,salidas_test/sequence_predictions/47046344M_104_20241015_073538_20241015_073709_predictions.csv,0,not_walking
47046344M-104,2024-10-15 07:36:00.020000+00:00,2024-10-15T07:35:56.020000+00:00,2024-10-15T07:36:04.020000+00:00,1,walking,0.9948198,not_walking,not_walking,True,2024-10-15 07:35:38,2024-10-15 07:37:09,salidas_test/transformer_sequence_predictions/47046344M_104_20241015_073538_20241015_073709_transformer_predictions.csv,0.6620494180078205,salidas_test/sequence_predictions/47046344M_104_20241015_073538_20241015_073709_predictions.csv,0,not_walking
47046344M-104,2024-10-15 07:36:01.020000+00:00,2024-10-15T07:35:57.020000+00:00,2024-10-15T07:36:05.020000+00:00,1,walking,0.99344844,not_walking,not_walking,True,2024-10-15 07:35:38,2024-10-15 07:37:09,salidas_test/transformer_sequence_predictions/47046344M_104_20241015_073538_20241015_073709_transformer_predictions.csv,0.6494096483527189,salidas_test/sequence_predictions/47046344M_104_20241015_073538_20241015_073709_predictions.csv,0,not_walking
47046344M-104,2024-10-15 07:36:02.020000+00:00,2024-10-15T07:35:58.020000+00:00,2024-10-15T07:36:06.020000+00:00,1,walking,0.9960407,not_walking,not_walking,True,2024-10-15 07:35:38,2024-10-15 07:37:09,salidas_test/transformer_sequence_predictions/47046344M_104_20241015_073538_20241015_073709_transformer_predictions.csv,0.6478805011489808,salidas_test/sequence_predictions/47046344M_104_20241015_073538_20241015_073709_predictions.csv,0,not_walking
47046344M-104,2024-10-15 07:36:03.020000+00:00,2024-10-15T07:35:59.020000+00:00,2024-10-15T07:36:07.020000+00:00,1,walking,0.8001509,not_walking,not_walking,True,2024-10-15 07:35:38,2024-10-15 07:37:09,salidas_test/transformer_sequence_predictions/47046344M_104_20241015_073538_20241015_073709_transformer_predictions.csv,0.6212673204704561,salidas_test/sequence_predictions/47046344M_104_20241015_073538_20241015_073709_predictions.csv,0,not_walking
47046344M-104,2024-10-15 07:36:04.020000+00:00,2024-10-15T07:36:00.020000+00:00,2024-10-15T07:36:08.020000+00:00,1,walking,0.9899227,not_walking,not_walking,True,2024-10-15 07:35:38,2024-10-15 07:37:09,salidas_test/transformer_sequence_predictions/47046344M_104_20241015_073538_20241015_073709_transformer_predictions.csv,0.6788782389936905,salidas_test/sequence_predictions/47046344M_104_20241015_073538_20241015_073709_predictions.csv,1,walking
47046344M-104,2024-10-15 07:36:05.020000+00:00,2024-10-15T07:36:01.020000+00:00,2024-10-15T07:36:09.020000+00:00,1,walking,0.91565794,not_walking,not_walking,True,2024-10-15 07:35:38,2024-10-15 07:37:09,salidas_test/transformer_sequence_predictions/47046344M_104_20241015_073538_20241015_073709_transformer_predictions.csv,0.6989732156405478,salidas_test/sequence_predictions/47046344M_104_20241015_073538_20241015_073709_predictions.csv,1,walking
47046344M-104,2024-10-15 07:36:06.020000+00:00,2024-10-15T07:36:02.020000+00:00,2024-10-15T07:36:10.020000+00:00,1,walking,0.9918933,not_walking,not_walking,True,2024-10-15 07:35:38,2024-10-15 07:37:09,salidas_test/transformer_sequence_predictions/47046344M_104_20241015_073538_20241015_073709_transformer_predictions.csv,0.661571179589809,salidas_test/sequence_predictions/47046344M_104_20241015_073538_20241015_073709_predictions.csv,1,walking
47046344M-104,2024-10-15 07:36:07.020000+00:00,2024-10-15T07:36:03.020000+00:00,2024-10-15T07:36:11.020000+00:00,1,walking,0.9945018,not_walking,not_walking,True,2024-10-15 07:35:38,2024-10-15 07:37:09,salidas_test/transformer_sequence_predictions/47046344M_104_20241015_073538_20241015_073709_transformer_predictions.csv,0.7482824814992018,salidas_test/sequence_predictions/47046344M_104_20241015_073538_20241015_073709_predictions.csv,1,walking
47046344M-104,2024-10-15 07:36:08.020000+00:00,2024-10-15T07:36:04.020000+00:00,2024-10-15T07:36:12.020000+00:00,1,walking,0.95672303,not_walking,not_walking,True,2024-10-15 07:35:38,2024-10-15 07:37:09,salidas_test/transformer_sequence_predictions/47046344M_104_20241015_073538_20241015_073709_transformer_predictions.csv,0.6367949679063466,salidas_test/sequence_predictions/47046344M_104_20241015_073538_20241015_073709_predictions.csv,0,not_walking
47046344M-104,2024-10-15 07:36:09.020000+00:00,2024-10-15T07:36:05.020000+00:00,2024-10-15T07:36:13.020000+00:00,1,walking,0.99222106,not_walking,not_walking,True,2024-10-15 07:35:38,2024-10-15 07:37:09,salidas_test/transformer_sequence_predictions/47046344M_104_20241015_073538_20241015_073709_transformer_predictions.csv,0.7589343918242436,salidas_test/sequence_predictions/47046344M_104_20241015_073538_20241015_073709_predictions.csv,0,not_walking
47046344M-104,2024-10-15 07:36:10.020000+00:00,2024-10-15T07:36:06.020000+00:00,2024-10-15T07:36:14.020000+00:00,1,walking,0.6538671,not_walking,not_walking,True,2024-10-15 07:35:38,2024-10-15 07:37:09,salidas_test/transformer_sequence_predictions/47046344M_104_20241015_073538_20241015_073709_transformer_predictions.csv,0.622775278206107,salidas_test/sequence_predictions/47046344M_104_20241015_073538_20241015_073709_predictions.csv,0,not_walking
47046344M-104,2024-10-15 07:36:11.020000+00:00,2024-10-15T07:36:07.020000+00:00,2024-10-15T07:36:15.020000+00:00,1,walking,0.87751883,not_walking,not_walking,True,2024-10-15 07:35:38,2024-10-15 07:37:09,salidas_test/transformer_sequence_predictions/47046344M_104_20241015_073538_20241015_073709_transformer_predictions.csv,0.608468721620795,salidas_test/sequence_predictions/47046344M_104_20241015_073538_20241015_073709_predictions.csv,0,not_walking
47046344M-104,2024-10-15 07:36:12.020000+00:00,2024-10-15T07:36:08.020000+00:00,2024-10-15T07:36:16.020000+00:00,1,walking,0.98658895,not_walking,not_walking,True,2024-10-15 07:35:38,2024-10-15 07:37:09,salidas_test/transformer_sequence_predictions/47046344M_104_20241015_073538_20241015_073709_transformer_predictions.csv,0.7444308854046361,salidas_test/sequence_predictions/47046344M_104_20241015_073538_20241015_073709_predictions.csv,0,not_walking
47046344M-104,2024-10-15 07:36:13.020000+00:00,2024-10-15T07:36:09.020000+00:00,2024-10-15T07:36:17.020000+00:00,1,walking,0.9614593,not_walking,not_walking,True,2024-10-15 07:35:38,2024-10-15 07:37:09,salidas_test/transformer_sequence_predictions/47046344M_104_20241015_073538_20241015_073709_transformer_predictions.csv,0.6342164462349378,salidas_test/sequence_predictions/47046344M_104_20241015_073538_20241015_073709_predictions.csv,0,not_walking
47046344M-104,2024-10-15 07:36:14.020000+00:00,2024-10-15T07:36:10.020000+00:00,2024-10-15T07:36:18.020000+00:00,1,walking,0.9959608,not_walking,not_walking,True,2024-10-15 07:35:38,2024-10-15 07:37:09,salidas_test/transformer_sequence_predictions/47046344M_104_20241015_073538_20241015_073709_transformer_predictions.csv,0.6740178253274329,salidas_test/sequence_predictions/47046344M_104_20241015_073538_20241015_073709_predictions.csv,1,walking
47046344M-104,2024-10-15 07:36:15.020000+00:00,2024-10-15T07:36:11.020000+00:00,2024-10-15T07:36:19.020000+00:00,1,walking,0.960571,not_walking,not_walking,True,2024-10-15 07:35:38,2024-10-15 07:37:09,salidas_test/transformer_sequence_predictions/47046344M_104_20241015_073538_20241015_073709_transformer_predictions.csv,0.6590407304809792,salidas_test/sequence_predictions/47046344M_104_20241015_073538_20241015_073709_predictions.csv,1,walking
47046344M-104,2024-10-15 07:36:16.020000+00:00,2024-10-15T07:36:12.020000+00:00,2024-10-15T07:36:20.020000+00:00,1,walking,0.994284,not_walking,not_walking,True,2024-10-15 07:35:38,2024-10-15 07:37:09,salidas_test/transformer_sequence_predictions/47046344M_104_20241015_073538_20241015_073709_transformer_predictions.csv,0.7117556512130476,salidas_test/sequence_predictions/47046344M_104_20241015_073538_20241015_073709_predictions.csv,1,walking
47046344M-104,2024-10-15 07:36:17.020000+00:00,2024-10-15T07:36:13.020000+00:00,2024-10-15T07:36:21.020000+00:00,1,walking,0.99399984,not_walking,not_walking,True,2024-10-15 07:35:38,2024-10-15 07:37:09,salidas_test/transformer_sequence_predictions/47046344M_104_20241015_073538_20241015_073709_transformer_predictions.csv,0.6494350626707182,salidas_test/sequence_predictions/47046344M_104_20241015_073538_20241015_073709_predictions.csv,0,not_walking
47046344M-104,2024-10-15 07:36:18.020000+00:00,2024-10-15T07:36:14.020000+00:00,2024-10-15T07:36:22.020000+00:00,1,walking,0.9924232,not_walking,not_walking,True,2024-10-15 07:35:38,2024-10-15 07:37:09,salidas_test/transformer_sequence_predictions/47046344M_104_20241015_073538_20241015_073709_transformer_predictions.csv,0.6569893879260318,salidas_test/sequence_predictions/47046344M_104_20241015_073538_20241015_073709_predictions.csv,0,not_walking
47046344M-104,2024-10-15 07:36:19.020000+00:00,2024-10-15T07:36:15.020000+00:00,2024-10-15T07:36:23.020000+00:00,1,walking,0.98882574,not_walking,not_walking,True,2024-10-15 07:35:38,2024-10-15 07:37:09,salidas_test/transformer_sequence_predictions/47046344M_104_20241015_073538_20241015_073709_transformer_predictions.csv,0.628487977563594,salidas_test/sequence_predictions/47046344M_104_20241015_073538_20241015_073709_predictions.csv,0,not_walking
47046344M-104,2024-10-15 07:36:20.020000+00:00,2024-10-15T07:36:16.020000+00:00,2024-10-15T07:36:24.020000+00:00,1,walking,0.9890637,not_walking,not_walking,True,2024-10-15 07:35:38,2024-10-15 07:37:09,salidas_test/transformer_sequence_predictions/47046344M_104_20241015_073538_20241015_073709_transformer_predictions.csv,0.6584561821612426,salidas_test/sequence_predictions/47046344M_104_20241015_073538_20241015_073709_predictions.csv,1,walking
47046344M-104,2024-10-15 07:36:21.020000+00:00,2024-10-15T07:36:17.020000+00:00,2024-10-15T07:36:25.020000+00:00,1,walking,0.9903093,not_walking,not_walking,True,2024-10-15 07:35:38,2024-10-15 07:37:09,salidas_test/transformer_sequence_predictions/47046344M_104_20241015_073538_20241015_073709_transformer_predictions.csv,0.6606411449000905,salidas_test/sequence_predictions/47046344M_104_20241015_073538_20241015_073709_predictions.csv,1,walking
47046344M-104,2024-10-15 07:36:22.020000+00:00,2024-10-15T07:36:18.020000+00:00,2024-10-15T07:36:26.020000+00:00,1,walking,0.7557202,not_walking,not_walking,True,2024-10-15 07:35:38,2024-10-15 07:37:09,salidas_test/transformer_sequence_predictions/47046344M_104_20241015_073538_20241015_073709_transformer_predictions.csv,0.6743349380583635,salidas_test/sequence_predictions/47046344M_104_20241015_073538_20241015_073709_predictions.csv,1,walking
47046344M-104,2024-10-15 07:36:23.020000+00:00,2024-10-15T07:36:19.020000+00:00,2024-10-15T07:36:27.020000+00:00,0,not_walking,0.21867095,not_walking,not_walking,True,2024-10-15 07:35:38,2024-10-15 07:37:09,salidas_test/transformer_sequence_predictions/47046344M_104_20241015_073538_20241015_073709_transformer_predictions.csv,0.6346003610660221,salidas_test/sequence_predictions/47046344M_104_20241015_073538_20241015_073709_predictions.csv,0,not_walking
47046344M-104,2024-10-15 07:36:24.020000+00:00,2024-10-15T07:36:20.020000+00:00,2024-10-15T07:36:28.020000+00:00,1,walking,0.9961659,not_walking,not_walking,True,2024-10-15 07:35:38,2024-10-15 07:37:09,salidas_test/transformer_sequence_predictions/47046344M_104_20241015_073538_20241015_073709_transformer_predictions.csv,0.6493208059121939,salidas_test/sequence_predictions/47046344M_104_20241015_073538_20241015_073709_predictions.csv,0,not_walking
47046344M-104,2024-10-15 07:36:25.020000+00:00,2024-10-15T07:36:21.020000+00:00,2024-10-15T07:36:29.020000+00:00,1,walking,0.9960497,not_walking,not_walking,True,2024-10-15 07:35:38,2024-10-15 07:37:09,salidas_test/transformer_sequence_predictions/47046344M_104_20241015_073538_20241015_073709_transformer_predictions.csv,0.7048599453766118,salidas_test/sequence_predictions/47046344M_104_20241015_073538_20241015_073709_predictions.csv,0,not_walking
47046344M-104,2024-10-15 07:36:26.020000+00:00,2024-10-15T07:36:22.020000+00:00,2024-10-15T07:36:30.020000+00:00,1,walking,0.99584264,not_walking,not_walking,True,2024-10-15 07:35:38,2024-10-15 07:37:09,salidas_test/transformer_sequence_predictions/47046344M_104_20241015_073538_20241015_073709_transformer_predictions.csv,0.6215920644516169,salidas_test/sequence_predictions/47046344M_104_20241015_073538_20241015_073709_predictions.csv,0,not_walking
47046344M-104,2024-10-15 07:36:27.020000+00:00,2024-10-15T07:36:23.020000+00:00,2024-10-15T07:36:31.020000+00:00,1,walking,0.9963844,not_walking,not_walking,True,2024-10-15 07:35:38,2024-10-15 07:37:09,salidas_test/transformer_sequence_predictions/47046344M_104_20241015_073538_20241015_073709_transformer_predictions.csv,0.7377822882313081,salidas_test/sequence_predictions/47046344M_104_20241015_073538_20241015_073709_predictions.csv,0,not_walking
47046344M-104,2024-10-15 07:36:28.020000+00:00,2024-10-15T07:36:24.020000+00:00,2024-10-15T07:36:32.020000+00:00,1,walking,0.99532264,not_walking,not_walking,True,2024-10-15 07:35:38,2024-10-15 07:37:09,salidas_test/transformer_sequence_predictions/47046344M_104_20241015_073538_20241015_073709_transformer_predictions.csv,0.6044062183642313,salidas_test/sequence_predictions/47046344M_104_20241015_073538_20241015_073709_predictions.csv,0,not_walking
47046344M-104,2024-10-15 07:36:29.020000+00:00,2024-10-15T07:36:25.020000+00:00,2024-10-15T07:36:33.020000+00:00,1,walking,0.99539715,not_walking,not_walking,True,2024-10-15 07:35:38,2024-10-15 07:37:09,salidas_test/transformer_sequence_predictions/47046344M_104_20241015_073538_20241015_073709_transformer_predictions.csv,0.8480355833436255,salidas_test/sequence_predictions/47046344M_104_20241015_073538_20241015_073709_predictions.csv,0,not_walking
47046344M-104,2024-10-15 07:36:30.020000+00:00,2024-10-15T07:36:26.020000+00:00,2024-10-15T07:36:34.020000+00:00,1,walking,0.99598515,not_walking,not_walking,True,2024-10-15 07:35:38,2024-10-15 07:37:09,salidas_test/transformer_sequence_predictions/47046344M_104_20241015_073538_20241015_073709_transformer_predictions.csv,0.5509801363147304,salidas_test/sequence_predictions/47046344M_104_20241015_073538_20241015_073709_predictions.csv,0,not_walking
47046344M-104,2024-10-15 07:36:31.020000+00:00,2024-10-15T07:36:27.020000+00:00,2024-10-15T07:36:35.020000+00:00,1,walking,0.9960828,not_walking,not_walking,True,2024-10-15 07:35:38,2024-10-15 07:37:09,salidas_test/transformer_sequence_predictions/47046344M_104_20241015_073538_20241015_073709_transformer_predictions.csv,0.6775641818386413,salidas_test/sequence_predictions/47046344M_104_20241015_073538_20241015_073709_predictions.csv,1,walking
47046344M-104,2024-10-15 07:36:32.020000+00:00,2024-10-15T07:36:28.020000+00:00,2024-10-15T07:36:36.020000+00:00,1,walking,0.996566,not_walking,not_walking,True,2024-10-15 07:35:38,2024-10-15 07:37:09,salidas_test/transformer_sequence_predictions/47046344M_104_20241015_073538_20241015_073709_transformer_predictions.csv,0.7200382155139218,salidas_test/sequence_predictions/47046344M_104_20241015_073538_20241015_073709_predictions.csv,1,walking
47046344M-104,2024-10-15 07:36:33.020000+00:00,2024-10-15T07:36:29.020000+00:00,2024-10-15T07:36:37.020000+00:00,1,walking,0.99663144,not_walking,not_walking,True,2024-10-15 07:35:38,2024-10-15 07:37:09,salidas_test/transformer_sequence_predictions/47046344M_104_20241015_073538_20241015_073709_transformer_predictions.csv,0.7220884500436804,salidas_test/sequence_predictions/47046344M_104_20241015_073538_20241015_073709_predictions.csv,1,walking
47046344M-104,2024-10-15 07:36:34.020000+00:00,2024-10-15T07:36:30.020000+00:00,2024-10-15T07:36:38.020000+00:00,1,walking,0.99500906,not_walking,not_walking,True,2024-10-15 07:35:38,2024-10-15 07:37:09,salidas_test/transformer_sequence_predictions/47046344M_104_20241015_073538_20241015_073709_transformer_predictions.csv,0.6218096820769363,salidas_test/sequence_predictions/47046344M_104_20241015_073538_20241015_073709_predictions.csv,0,not_walking
47046344M-104,2024-10-15 07:36:35.020000+00:00,2024-10-15T07:36:31.020000+00:00,2024-10-15T07:36:39.020000+00:00,1,walking,0.996461,not_walking,not_walking,True,2024-10-15 07:35:38,2024-10-15 07:37:09,salidas_test/transformer_sequence_predictions/47046344M_104_20241015_073538_20241015_073709_transformer_predictions.csv,0.7313791110171971,salidas_test/sequence_predictions/47046344M_104_20241015_073538_20241015_073709_predictions.csv,0,not_walking
47046344M-104,2024-10-15 07:36:36.020000+00:00,2024-10-15T07:36:32.020000+00:00,2024-10-15T07:36:40.020000+00:00,1,walking,0.99666256,not_walking,not_walking,True,2024-10-15 07:35:38,2024-10-15 07:37:09,salidas_test/transformer_sequence_predictions/47046344M_104_20241015_073538_20241015_073709_transformer_predictions.csv,0.6745641070345207,salidas_test/sequence_predictions/47046344M_104_20241015_073538_20241015_073709_predictions.csv,0,not_walking
47046344M-104,2024-10-15 07:36:37.020000+00:00,2024-10-15T07:36:33.020000+00:00,2024-10-15T07:36:41.020000+00:00,1,walking,0.9952437,not_walking,not_walking,True,2024-10-15 07:35:38,2024-10-15 07:37:09,salidas_test/transformer_sequence_predictions/47046344M_104_20241015_073538_20241015_073709_transformer_predictions.csv,0.5587436563608055,salidas_test/sequence_predictions/47046344M_104_20241015_073538_20241015_073709_predictions.csv,0,not_walking
47046344M-104,2024-10-15 07:36:38.020000+00:00,2024-10-15T07:36:34.020000+00:00,2024-10-15T07:36:42.020000+00:00,1,walking,0.99485755,not_walking,not_walking,True,2024-10-15 07:35:38,2024-10-15 07:37:09,salidas_test/transformer_sequence_predictions/47046344M_104_20241015_073538_20241015_073709_transformer_predictions.csv,0.6810198890027218,salidas_test/sequence_predictions/47046344M_104_20241015_073538_20241015_073709_predictions.csv,1,walking
47046344M-104,2024-10-15 07:36:39.020000+00:00,2024-10-15T07:36:35.020000+00:00,2024-10-15T07:36:43.020000+00:00,1,walking,0.9958007,not_walking,not_walking,True,2024-10-15 07:35:38,2024-10-15 07:37:09,salidas_test/transformer_sequence_predictions/47046344M_104_20241015_073538_20241015_073709_transformer_predictions.csv,0.7187687654827172,salidas_test/sequence_predictions/47046344M_104_20241015_073538_20241015_073709_predictions.csv,1,walking
47046344M-104,2024-10-15 07:36:40.020000+00:00,2024-10-15T07:36:36.020000+00:00,2024-10-15T07:36:44.020000+00:00,1,walking,0.9953336,not_walking,not_walking,True,2024-10-15 07:35:38,2024-10-15 07:37:09,salidas_test/transformer_sequence_predictions/47046344M_104_20241015_073538_20241015_073709_transformer_predictions.csv,0.7349911356607207,salidas_test/sequence_predictions/47046344M_104_20241015_073538_20241015_073709_predictions.csv,1,walking
47046344M-104,2024-10-15 07:36:41.020000+00:00,2024-10-15T07:36:37.020000+00:00,2024-10-15T07:36:45.020000+00:00,1,walking,0.991055,not_walking,not_walking,True,2024-10-15 07:35:38,2024-10-15 07:37:09,salidas_test/transformer_sequence_predictions/47046344M_104_20241015_073538_20241015_073709_transformer_predictions.csv,0.6923052611082421,salidas_test/sequence_predictions/47046344M_104_20241015_073538_20241015_073709_predictions.csv,1,walking
47046344M-104,2024-10-15 07:36:42.020000+00:00,2024-10-15T07:36:38.020000+00:00,2024-10-15T07:36:46.020000+00:00,1,walking,0.9948454,not_walking,not_walking,True,2024-10-15 07:35:38,2024-10-15 07:37:09,salidas_test/transformer_sequence_predictions/47046344M_104_20241015_073538_20241015_073709_transformer_predictions.csv,0.7313446001703034,salidas_test/sequence_predictions/47046344M_104_20241015_073538_20241015_073709_predictions.csv,1,walking
47046344M-104,2024-10-15 07:36:43.020000+00:00,2024-10-15T07:36:39.020000+00:00,2024-10-15T07:36:47.020000+00:00,1,walking,0.9939632,not_walking,not_walking,True,2024-10-15 07:35:38,2024-10-15 07:37:09,salidas_test/transformer_sequence_predictions/47046344M_104_20241015_073538_20241015_073709_transformer_predictions.csv,0.7183611010324207,salidas_test/sequence_predictions/47046344M_104_20241015_073538_20241015_073709_predictions.csv,1,walking
47046344M-104,2024-10-15 07:36:44.020000+00:00,2024-10-15T07:36:40.020000+00:00,2024-10-15T07:36:48.020000+00:00,1,walking,0.9945504,not_walking,not_walking,True,2024-10-15 07:35:38,2024-10-15 07:37:09,salidas_test/transformer_sequence_predictions/47046344M_104_20241015_073538_20241015_073709_transformer_predictions.csv,0.7005559829465866,salidas_test/sequence_predictions/47046344M_104_20241015_073538_20241015_073709_predictions.csv,1,walking
47046344M-104,2024-10-15 07:36:45.020000+00:00,2024-10-15T07:36:41.020000+00:00,2024-10-15T07:36:49.020000+00:00,1,walking,0.98561585,not_walking,not_walking,True,2024-10-15 07:35:38,2024-10-15 07:37:09,salidas_test/transformer_sequence_predictions/47046344M_104_20241015_073538_20241015_073709_transformer_predictions.csv,0.4419277251615357,salidas_test/sequence_predictions/47046344M_104_20241015_073538_20241015_073709_predictions.csv,0,not_walking
47046344M-104,2024-10-15 07:36:46.020000+00:00,2024-10-15T07:36:42.020000+00:00,2024-10-15T07:36:50.020000+00:00,1,walking,0.99581355,not_walking,not_walking,True,2024-10-15 07:35:38,2024-10-15 07:37:09,salidas_test/transformer_sequence_predictions/47046344M_104_20241015_073538_20241015_073709_transformer_predictions.csv,0.6442595625901184,salidas_test/sequence_predictions/47046344M_104_20241015_073538_20241015_073709_predictions.csv,0,not_walking
47046344M-104,2024-10-15 07:36:47.020000+00:00,2024-10-15T07:36:43.020000+00:00,2024-10-15T07:36:51.020000+00:00,1,walking,0.99223655,not_walking,not_walking,True,2024-10-15 07:35:38,2024-10-15 07:37:09,salidas_test/transformer_sequence_predictions/47046344M_104_20241015_073538_20241015_073709_transformer_predictions.csv,0.639896155860604,salidas_test/sequence_predictions/47046344M_104_20241015_073538_20241015_073709_predictions.csv,0,not_walking
47046344M-104,2024-10-15 07:36:48.020000+00:00,2024-10-15T07:36:44.020000+00:00,2024-10-15T07:36:52.020000+00:00,1,walking,0.9944237,not_walking,not_walking,True,2024-10-15 07:35:38,2024-10-15 07:37:09,salidas_test/transformer_sequence_predictions/47046344M_104_20241015_073538_20241015_073709_transformer_predictions.csv,0.6137795037533043,salidas_test/sequence_predictions/47046344M_104_20241015_073538_20241015_073709_predictions.csv,0,not_walking
47046344M-104,2024-10-15 07:36:49.020000+00:00,2024-10-15T07:36:45.020000+00:00,2024-10-15T07:36:53.020000+00:00,1,walking,0.98207617,not_walking,not_walking,True,2024-10-15 07:35:38,2024-10-15 07:37:09,salidas_test/transformer_sequence_predictions/47046344M_104_20241015_073538_20241015_073709_transformer_predictions.csv,0.6042520223052722,salidas_test/sequence_predictions/47046344M_104_20241015_073538_20241015_073709_predictions.csv,0,not_walking
47046344M-104,2024-10-15 07:36:50.020000+00:00,2024-10-15T07:36:46.020000+00:00,2024-10-15T07:36:54.020000+00:00,1,walking,0.99609107,not_walking,not_walking,True,2024-10-15 07:35:38,2024-10-15 07:37:09,salidas_test/transformer_sequence_predictions/47046344M_104_20241015_073538_20241015_073709_transformer_predictions.csv,0.7198472483765367,salidas_test/sequence_predictions/47046344M_104_20241015_073538_20241015_073709_predictions.csv,0,not_walking
47046344M-104,2024-10-15 07:36:51.020000+00:00,2024-10-15T07:36:47.020000+00:00,2024-10-15T07:36:55.020000+00:00,1,walking,0.99541605,not_walking,not_walking,True,2024-10-15 07:35:38,2024-10-15 07:37:09,salidas_test/transformer_sequence_predictions/47046344M_104_20241015_073538_20241015_073709_transformer_predictions.csv,0.6335326725616777,salidas_test/sequence_predictions/47046344M_104_20241015_073538_20241015_073709_predictions.csv,0,not_walking
47046344M-104,2024-10-15 07:36:52.020000+00:00,2024-10-15T07:36:48.020000+00:00,2024-10-15T07:36:56.020000+00:00,1,walking,0.9950376,not_walking,not_walking,True,2024-10-15 07:35:38,2024-10-15 07:37:09,salidas_test/transformer_sequence_predictions/47046344M_104_20241015_073538_20241015_073709_transformer_predictions.csv,0.7463930467963361,salidas_test/sequence_predictions/47046344M_104_20241015_073538_20241015_073709_predictions.csv,1,walking
47046344M-104,2024-10-15 07:36:53.020000+00:00,2024-10-15T07:36:49.020000+00:00,2024-10-15T07:36:57.020000+00:00,1,walking,0.9831246,not_walking,not_walking,True,2024-10-15 07:35:38,2024-10-15 07:37:09,salidas_test/transformer_sequence_predictions/47046344M_104_20241015_073538_20241015_073709_transformer_predictions.csv,0.6787253583110633,salidas_test/sequence_predictions/47046344M_104_20241015_073538_20241015_073709_predictions.csv,1,walking
47046344M-104,2024-10-15 07:36:54.020000+00:00,2024-10-15T07:36:50.020000+00:00,2024-10-15T07:36:58.020000+00:00,1,walking,0.99351937,not_walking,not_walking,True,2024-10-15 07:35:38,2024-10-15 07:37:09,salidas_test/transformer_sequence_predictions/47046344M_104_20241015_073538_20241015_073709_transformer_predictions.csv,0.6570820355870212,salidas_test/sequence_predictions/47046344M_104_20241015_073538_20241015_073709_predictions.csv,1,walking
47046344M-104,2024-10-15 07:36:55.020000+00:00,2024-10-15T07:36:51.020000+00:00,2024-10-15T07:36:59.020000+00:00,1,walking,0.9092063,not_walking,not_walking,True,2024-10-15 07:35:38,2024-10-15 07:37:09,salidas_test/transformer_sequence_predictions/47046344M_104_20241015_073538_20241015_073709_transformer_predictions.csv,0.4623977022381064,salidas_test/sequence_predictions/47046344M_104_20241015_073538_20241015_073709_predictions.csv,0,not_walking
47046344M-104,2024-10-15 07:36:56.020000+00:00,2024-10-15T07:36:52.020000+00:00,2024-10-15T07:37:00.020000+00:00,1,walking,0.98003024,not_walking,not_walking,True,2024-10-15 07:35:38,2024-10-15 07:37:09,salidas_test/transformer_sequence_predictions/47046344M_104_20241015_073538_20241015_073709_transformer_predictions.csv,0.5791571388776517,salidas_test/sequence_predictions/47046344M_104_20241015_073538_20241015_073709_predictions.csv,0,not_walking
47046344M-104,2024-10-15 07:36:57.020000+00:00,2024-10-15T07:36:53.020000+00:00,2024-10-15T07:37:01.020000+00:00,1,walking,0.8410356,not_walking,not_walking,True,2024-10-15 07:35:38,2024-10-15 07:37:09,salidas_test/transformer_sequence_predictions/47046344M_104_20241015_073538_20241015_073709_transformer_predictions.csv,0.6760770931088337,salidas_test/sequence_predictions/47046344M_104_20241015_073538_20241015_073709_predictions.csv,0,not_walking
47046344M-104,2024-10-15 07:36:58.020000+00:00,2024-10-15T07:36:54.020000+00:00,2024-10-15T07:37:02.020000+00:00,1,walking,0.98895395,not_walking,not_walking,True,2024-10-15 07:35:38,2024-10-15 07:37:09,salidas_test/transformer_sequence_predictions/47046344M_104_20241015_073538_20241015_073709_transformer_predictions.csv,0.7118707562264843,salidas_test/sequence_predictions/47046344M_104_20241015_073538_20241015_073709_predictions.csv,0,not_walking
47046344M-104,2024-10-15 07:36:59.020000+00:00,2024-10-15T07:36:55.020000+00:00,2024-10-15T07:37:03.020000+00:00,1,walking,0.48864394,not_walking,not_walking,True,2024-10-15 07:35:38,2024-10-15 07:37:09,salidas_test/transformer_sequence_predictions/47046344M_104_20241015_073538_20241015_073709_transformer_predictions.csv,0.7085697062985606,salidas_test/sequence_predictions/47046344M_104_20241015_073538_20241015_073709_predictions.csv,0,not_walking
47046344M-104,2024-10-15 07:37:00.020000+00:00,2024-10-15T07:36:56.020000+00:00,2024-10-15T07:37:04.020000+00:00,1,walking,0.9694866,not_walking,not_walking,True,2024-10-15 07:35:38,2024-10-15 07:37:09,salidas_test/transformer_sequence_predictions/47046344M_104_20241015_073538_20241015_073709_transformer_predictions.csv,0.6705776688705556,salidas_test/sequence_predictions/47046344M_104_20241015_073538_20241015_073709_predictions.csv,1,walking
47046344M-104,2024-10-15 07:37:01.020000+00:00,2024-10-15T07:36:57.020000+00:00,2024-10-15T07:37:05.020000+00:00,1,walking,0.9877158,not_walking,not_walking,True,2024-10-15 07:35:38,2024-10-15 07:37:09,salidas_test/transformer_sequence_predictions/47046344M_104_20241015_073538_20241015_073709_transformer_predictions.csv,0.7117430221013432,salidas_test/sequence_predictions/47046344M_104_20241015_073538_20241015_073709_predictions.csv,1,walking
47046344M-104,2024-10-15 07:37:02.020000+00:00,2024-10-15T07:36:58.020000+00:00,2024-10-15T07:37:06.020000+00:00,1,walking,0.99631137,not_walking,not_walking,True,2024-10-15 07:35:38,2024-10-15 07:37:09,salidas_test/transformer_sequence_predictions/47046344M_104_20241015_073538_20241015_073709_transformer_predictions.csv,0.7432575334769728,salidas_test/sequence_predictions/47046344M_104_20241015_073538_20241015_073709_predictions.csv,1,walking
47046344M-104,2024-10-15 07:37:03.020000+00:00,2024-10-15T07:36:59.020000+00:00,2024-10-15T07:37:07.020000+00:00,1,walking,0.9892225,not_walking,not_walking,True,2024-10-15 07:35:38,2024-10-15 07:37:09,salidas_test/transformer_sequence_predictions/47046344M_104_20241015_073538_20241015_073709_transformer_predictions.csv,0.7124459971964825,salidas_test/sequence_predictions/47046344M_104_20241015_073538_20241015_073709_predictions.csv,1,walking
47046344M-104,2024-10-15 07:41:15.020000+00:00,2024-10-15T07:41:11.020000+00:00,2024-10-15T07:41:19.020000+00:00,1,walking,0.9952388,not_walking,not_walking,True,2024-10-15 07:41:10,2024-10-15 07:43:24,salidas_test/transformer_sequence_predictions/47046344M_104_20241015_074110_20241015_074324_transformer_predictions.csv,0.5703405472096489,salidas_test/sequence_predictions/47046344M_104_20241015_074110_20241015_074324_predictions.csv,0,not_walking
47046344M-104,2024-10-15 07:41:16.020000+00:00,2024-10-15T07:41:12.020000+00:00,2024-10-15T07:41:20.020000+00:00,1,walking,0.9963367,not_walking,not_walking,True,2024-10-15 07:41:10,2024-10-15 07:43:24,salidas_test/transformer_sequence_predictions/47046344M_104_20241015_074110_20241015_074324_transformer_predictions.csv,0.6773377813083107,salidas_test/sequence_predictions/47046344M_104_20241015_074110_20241015_074324_predictions.csv,1,walking
47046344M-104,2024-10-15 07:41:17.020000+00:00,2024-10-15T07:41:13.020000+00:00,2024-10-15T07:41:21.020000+00:00,1,walking,0.9880514,not_walking,not_walking,True,2024-10-15 07:41:10,2024-10-15 07:43:24,salidas_test/transformer_sequence_predictions/47046344M_104_20241015_074110_20241015_074324_transformer_predictions.csv,0.6907655186839362,salidas_test/sequence_predictions/47046344M_104_20241015_074110_20241015_074324_predictions.csv,1,walking
47046344M-104,2024-10-15 07:41:18.020000+00:00,2024-10-15T07:41:14.020000+00:00,2024-10-15T07:41:22.020000+00:00,1,walking,0.97642606,not_walking,not_walking,True,2024-10-15 07:41:10,2024-10-15 07:43:24,salidas_test/transformer_sequence_predictions/47046344M_104_20241015_074110_20241015_074324_transformer_predictions.csv,0.7433561310260044,salidas_test/sequence_predictions/47046344M_104_20241015_074110_20241015_074324_predictions.csv,1,walking
47046344M-104,2024-10-15 07:41:19.020000+00:00,2024-10-15T07:41:15.020000+00:00,2024-10-15T07:41:23.020000+00:00,0,not_walking,0.1831482,not_walking,not_walking,True,2024-10-15 07:41:10,2024-10-15 07:43:24,salidas_test/transformer_sequence_predictions/47046344M_104_20241015_074110_20241015_074324_transformer_predictions.csv,0.6700183418455697,salidas_test/sequence_predictions/47046344M_104_20241015_074110_20241015_074324_predictions.csv,0,not_walking
47046344M-104,2024-10-15 07:41:20.020000+00:00,2024-10-15T07:41:16.020000+00:00,2024-10-15T07:41:24.020000+00:00,0,not_walking,0.38147897,not_walking,not_walking,True,2024-10-15 07:41:10,2024-10-15 07:43:24,salidas_test/transformer_sequence_predictions/47046344M_104_20241015_074110_20241015_074324_transformer_predictions.csv,0.6812951923120548,salidas_test/sequence_predictions/47046344M_104_20241015_074110_20241015_074324_predictions.csv,0,not_walking
47046344M-104,2024-10-15 07:41:21.020000+00:00,2024-10-15T07:41:17.020000+00:00,2024-10-15T07:41:25.020000+00:00,0,not_walking,0.09083233,not_walking,not_walking,True,2024-10-15 07:41:10,2024-10-15 07:43:24,salidas_test/transformer_sequence_predictions/47046344M_104_20241015_074110_20241015_074324_transformer_predictions.csv,0.5187533063023264,salidas_test/sequence_predictions/47046344M_104_20241015_074110_20241015_074324_predictions.csv,0,not_walking
47046344M-104,2024-10-15 07:41:22.020000+00:00,2024-10-15T07:41:18.020000+00:00,2024-10-15T07:41:26.020000+00:00,0,not_walking,0.017270343,not_walking,not_walking,True,2024-10-15 07:41:10,2024-10-15 07:43:24,salidas_test/transformer_sequence_predictions/47046344M_104_20241015_074110_20241015_074324_transformer_predictions.csv,0.6487937700188384,salidas_test/sequence_predictions/47046344M_104_20241015_074110_20241015_074324_predictions.csv,0,not_walking
47046344M-104,2024-10-15 07:41:23.020000+00:00,2024-10-15T07:41:19.020000+00:00,2024-10-15T07:41:27.020000+00:00,0,not_walking,0.009227802,not_walking,not_walking,True,2024-10-15 07:41:10,2024-10-15 07:43:24,salidas_test/transformer_sequence_predictions/47046344M_104_20241015_074110_20241015_074324_transformer_predictions.csv,0.6215341454928912,salidas_test/sequence_predictions/47046344M_104_20241015_074110_20241015_074324_predictions.csv,0,not_walking
47046344M-104,2024-10-15 07:41:24.020000+00:00,2024-10-15T07:41:20.020000+00:00,2024-10-15T07:41:28.020000+00:00,0,not_walking,0.029587239,not_walking,not_walking,True,2024-10-15 07:41:10,2024-10-15 07:43:24,salidas_test/transformer_sequence_predictions/47046344M_104_20241015_074110_20241015_074324_transformer_predictions.csv,0.7174271239298958,salidas_test/sequence_predictions/47046344M_104_20241015_074110_20241015_074324_predictions.csv,0,not_walking
47046344M-104,2024-10-15 07:41:25.020000+00:00,2024-10-15T07:41:21.020000+00:00,2024-10-15T07:41:29.020000+00:00,0,not_walking,0.029669369,not_walking,not_walking,True,2024-10-15 07:41:10,2024-10-15 07:43:24,salidas_test/transformer_sequence_predictions/47046344M_104_20241015_074110_20241015_074324_transformer_predictions.csv,0.6341035202111656,salidas_test/sequence_predictions/47046344M_104_20241015_074110_20241015_074324_predictions.csv,0,not_walking
47046344M-104,2024-10-15 07:41:26.020000+00:00,2024-10-15T07:41:22.020000+00:00,2024-10-15T07:41:30.020000+00:00,0,not_walking,0.013598718,not_walking,not_walking,True,2024-10-15 07:41:10,2024-10-15 07:43:24,salidas_test/transformer_sequence_predictions/47046344M_104_20241015_074110_20241015_074324_transformer_predictions.csv,0.6290613689391545,salidas_test/sequence_predictions/47046344M_104_20241015_074110_20241015_074324_predictions.csv,0,not_walking
47046344M-104,2024-10-15 07:41:27.020000+00:00,2024-10-15T07:41:23.020000+00:00,2024-10-15T07:41:31.020000+00:00,0,not_walking,0.05360338,not_walking,not_walking,True,2024-10-15 07:41:10,2024-10-15 07:43:24,salidas_test/transformer_sequence_predictions/47046344M_104_20241015_074110_20241015_074324_transformer_predictions.csv,0.4959962011201819,salidas_test/sequence_predictions/47046344M_104_20241015_074110_20241015_074324_predictions.csv,0,not_walking
47046344M-104,2024-10-15 07:41:28.020000+00:00,2024-10-15T07:41:24.020000+00:00,2024-10-15T07:41:32.020000+00:00,0,not_walking,0.1482021,not_walking,not_walking,True,2024-10-15 07:41:10,2024-10-15 07:43:24,salidas_test/transformer_sequence_predictions/47046344M_104_20241015_074110_20241015_074324_transformer_predictions.csv,0.5358446474188491,salidas_test/sequence_predictions/47046344M_104_20241015_074110_20241015_074324_predictions.csv,0,not_walking
47046344M-104,2024-10-15 07:41:29.020000+00:00,2024-10-15T07:41:25.020000+00:00,2024-10-15T07:41:33.020000+00:00,1,walking,0.8221556,not_walking,not_walking,True,2024-10-15 07:41:10,2024-10-15 07:43:24,salidas_test/transformer_sequence_predictions/47046344M_104_20241015_074110_20241015_074324_transformer_predictions.csv,0.3455730314747266,salidas_test/sequence_predictions/47046344M_104_20241015_074110_20241015_074324_predictions.csv,0,not_walking
47046344M-104,2024-10-15 07:41:30.020000+00:00,2024-10-15T07:41:26.020000+00:00,2024-10-15T07:41:34.020000+00:00,1,walking,0.49072343,not_walking,not_walking,True,2024-10-15 07:41:10,2024-10-15 07:43:24,salidas_test/transformer_sequence_predictions/47046344M_104_20241015_074110_20241015_074324_transformer_predictions.csv,0.5205434662707745,salidas_test/sequence_predictions/47046344M_104_20241015_074110_20241015_074324_predictions.csv,0,not_walking
47046344M-104,2024-10-15 07:41:31.020000+00:00,2024-10-15T07:41:27.020000+00:00,2024-10-15T07:41:35.020000+00:00,1,walking,0.9268713,not_walking,not_walking,True,2024-10-15 07:41:10,2024-10-15 07:43:24,salidas_test/transformer_sequence_predictions/47046344M_104_20241015_074110_20241015_074324_transformer_predictions.csv,0.5490868359743116,salidas_test/sequence_predictions/47046344M_104_20241015_074110_20241015_074324_predictions.csv,0,not_walking
47046344M-104,2024-10-15 07:41:32.020000+00:00,2024-10-15T07:41:28.020000+00:00,2024-10-15T07:41:36.020000+00:00,1,walking,0.9636126,not_walking,not_walking,True,2024-10-15 07:41:10,2024-10-15 07:43:24,salidas_test/transformer_sequence_predictions/47046344M_104_20241015_074110_20241015_074324_transformer_predictions.csv,0.7483409946640572,salidas_test/sequence_predictions/47046344M_104_20241015_074110_20241015_074324_predictions.csv,1,walking
47046344M-104,2024-10-15 07:41:33.020000+00:00,2024-10-15T07:41:29.020000+00:00,2024-10-15T07:41:37.020000+00:00,1,walking,0.97308964,not_walking,not_walking,True,2024-10-15 07:41:10,2024-10-15 07:43:24,salidas_test/transformer_sequence_predictions/47046344M_104_20241015_074110_20241015_074324_transformer_predictions.csv,0.7161595816704219,salidas_test/sequence_predictions/47046344M_104_20241015_074110_20241015_074324_predictions.csv,1,walking
47046344M-104,2024-10-15 07:41:34.020000+00:00,2024-10-15T07:41:30.020000+00:00,2024-10-15T07:41:38.020000+00:00,1,walking,0.984535,not_walking,not_walking,True,2024-10-15 07:41:10,2024-10-15 07:43:24,salidas_test/transformer_sequence_predictions/47046344M_104_20241015_074110_20241015_074324_transformer_predictions.csv,0.696575646964262,salidas_test/sequence_predictions/47046344M_104_20241015_074110_20241015_074324_predictions.csv,1,walking
47046344M-104,2024-10-15 07:41:35.020000+00:00,2024-10-15T07:41:31.020000+00:00,2024-10-15T07:41:39.020000+00:00,1,walking,0.993626,not_walking,not_walking,True,2024-10-15 07:41:10,2024-10-15 07:43:24,salidas_test/transformer_sequence_predictions/47046344M_104_20241015_074110_20241015_074324_transformer_predictions.csv,0.7260158838261169,salidas_test/sequence_predictions/47046344M_104_20241015_074110_20241015_074324_predictions.csv,1,walking
47046344M-104,2024-10-15 07:41:36.020000+00:00,2024-10-15T07:41:32.020000+00:00,2024-10-15T07:41:40.020000+00:00,1,walking,0.974013,not_walking,not_walking,True,2024-10-15 07:41:10,2024-10-15 07:43:24,salidas_test/transformer_sequence_predictions/47046344M_104_20241015_074110_20241015_074324_transformer_predictions.csv,0.7280767318733126,salidas_test/sequence_predictions/47046344M_104_20241015_074110_20241015_074324_predictions.csv,1,walking
47046344M-104,2024-10-15 07:41:37.020000+00:00,2024-10-15T07:41:33.020000+00:00,2024-10-15T07:41:41.020000+00:00,1,walking,0.99351996,not_walking,not_walking,True,2024-10-15 07:41:10,2024-10-15 07:43:24,salidas_test/transformer_sequence_predictions/47046344M_104_20241015_074110_20241015_074324_transformer_predictions.csv,0.7154950513247648,salidas_test/sequence_predictions/47046344M_104_20241015_074110_20241015_074324_predictions.csv,1,walking
47046344M-104,2024-10-15 07:41:38.020000+00:00,2024-10-15T07:41:34.020000+00:00,2024-10-15T07:41:42.020000+00:00,1,walking,0.9127379,not_walking,not_walking,True,2024-10-15 07:41:10,2024-10-15 07:43:24,salidas_test/transformer_sequence_predictions/47046344M_104_20241015_074110_20241015_074324_transformer_predictions.csv,0.7920678094323084,salidas_test/sequence_predictions/47046344M_104_20241015_074110_20241015_074324_predictions.csv,1,walking
47046344M-104,2024-10-15 07:41:39.020000+00:00,2024-10-15T07:41:35.020000+00:00,2024-10-15T07:41:43.020000+00:00,1,walking,0.9914376,not_walking,not_walking,True,2024-10-15 07:41:10,2024-10-15 07:43:24,salidas_test/transformer_sequence_predictions/47046344M_104_20241015_074110_20241015_074324_transformer_predictions.csv,0.5683791880727285,salidas_test/sequence_predictions/47046344M_104_20241015_074110_20241015_074324_predictions.csv,0,not_walking
47046344M-104,2024-10-15 07:41:40.020000+00:00,2024-10-15T07:41:36.020000+00:00,2024-10-15T07:41:44.020000+00:00,1,walking,0.9903824,not_walking,not_walking,True,2024-10-15 07:41:10,2024-10-15 07:43:24,salidas_test/transformer_sequence_predictions/47046344M_104_20241015_074110_20241015_074324_transformer_predictions.csv,0.5613930875441586,salidas_test/sequence_predictions/47046344M_104_20241015_074110_20241015_074324_predictions.csv,0,not_walking
47046344M-104,2024-10-15 07:41:41.020000+00:00,2024-10-15T07:41:37.020000+00:00,2024-10-15T07:41:45.020000+00:00,1,walking,0.9944323,not_walking,not_walking,True,2024-10-15 07:41:10,2024-10-15 07:43:24,salidas_test/transformer_sequence_predictions/47046344M_104_20241015_074110_20241015_074324_transformer_predictions.csv,0.7041694215748115,salidas_test/sequence_predictions/47046344M_104_20241015_074110_20241015_074324_predictions.csv,0,not_walking
47046344M-104,2024-10-15 07:41:42.020000+00:00,2024-10-15T07:41:38.020000+00:00,2024-10-15T07:41:46.020000+00:00,1,walking,0.99129957,not_walking,not_walking,True,2024-10-15 07:41:10,2024-10-15 07:43:24,salidas_test/transformer_sequence_predictions/47046344M_104_20241015_074110_20241015_074324_transformer_predictions.csv,0.6061498059180206,salidas_test/sequence_predictions/47046344M_104_20241015_074110_20241015_074324_predictions.csv,0,not_walking
47046344M-104,2024-10-15 07:41:43.020000+00:00,2024-10-15T07:41:39.020000+00:00,2024-10-15T07:41:47.020000+00:00,1,walking,0.9935302,not_walking,not_walking,True,2024-10-15 07:41:10,2024-10-15 07:43:24,salidas_test/transformer_sequence_predictions/47046344M_104_20241015_074110_20241015_074324_transformer_predictions.csv,0.7340487924156534,salidas_test/sequence_predictions/47046344M_104_20241015_074110_20241015_074324_predictions.csv,0,not_walking
47046344M-104,2024-10-15 07:41:44.020000+00:00,2024-10-15T07:41:40.020000+00:00,2024-10-15T07:41:48.020000+00:00,1,walking,0.9936557,not_walking,not_walking,True,2024-10-15 07:41:10,2024-10-15 07:43:24,salidas_test/transformer_sequence_predictions/47046344M_104_20241015_074110_20241015_074324_transformer_predictions.csv,0.8303021436628096,salidas_test/sequence_predictions/47046344M_104_20241015_074110_20241015_074324_predictions.csv,0,not_walking
47046344M-104,2024-10-15 07:41:45.020000+00:00,2024-10-15T07:41:41.020000+00:00,2024-10-15T07:41:49.020000+00:00,1,walking,0.99312073,not_walking,not_walking,True,2024-10-15 07:41:10,2024-10-15 07:43:24,salidas_test/transformer_sequence_predictions/47046344M_104_20241015_074110_20241015_074324_transformer_predictions.csv,0.6039200435125287,salidas_test/sequence_predictions/47046344M_104_20241015_074110_20241015_074324_predictions.csv,0,not_walking
47046344M-104,2024-10-15 07:41:46.020000+00:00,2024-10-15T07:41:42.020000+00:00,2024-10-15T07:41:50.020000+00:00,1,walking,0.9865514,not_walking,not_walking,True,2024-10-15 07:41:10,2024-10-15 07:43:24,salidas_test/transformer_sequence_predictions/47046344M_104_20241015_074110_20241015_074324_transformer_predictions.csv,0.7189178516270079,salidas_test/sequence_predictions/47046344M_104_20241015_074110_20241015_074324_predictions.csv,1,walking
47046344M-104,2024-10-15 07:41:47.020000+00:00,2024-10-15T07:41:43.020000+00:00,2024-10-15T07:41:51.020000+00:00,1,walking,0.97975576,not_walking,not_walking,True,2024-10-15 07:41:10,2024-10-15 07:43:24,salidas_test/transformer_sequence_predictions/47046344M_104_20241015_074110_20241015_074324_transformer_predictions.csv,0.7080633969753479,salidas_test/sequence_predictions/47046344M_104_20241015_074110_20241015_074324_predictions.csv,1,walking
47046344M-104,2024-10-15 07:41:48.020000+00:00,2024-10-15T07:41:44.020000+00:00,2024-10-15T07:41:52.020000+00:00,1,walking,0.94144857,not_walking,not_walking,True,2024-10-15 07:41:10,2024-10-15 07:43:24,salidas_test/transformer_sequence_predictions/47046344M_104_20241015_074110_20241015_074324_transformer_predictions.csv,0.7311577798154751,salidas_test/sequence_predictions/47046344M_104_20241015_074110_20241015_074324_predictions.csv,1,walking
47046344M-104,2024-10-15 07:41:49.020000+00:00,2024-10-15T07:41:45.020000+00:00,2024-10-15T07:41:53.020000+00:00,1,walking,0.9782508,not_walking,not_walking,True,2024-10-15 07:41:10,2024-10-15 07:43:24,salidas_test/transformer_sequence_predictions/47046344M_104_20241015_074110_20241015_074324_transformer_predictions.csv,0.6905103040203769,salidas_test/sequence_predictions/47046344M_104_20241015_074110_20241015_074324_predictions.csv,1,walking
47046344M-104,2024-10-15 07:41:50.020000+00:00,2024-10-15T07:41:46.020000+00:00,2024-10-15T07:41:54.020000+00:00,1,walking,0.5919465,not_walking,not_walking,True,2024-10-15 07:41:10,2024-10-15 07:43:24,salidas_test/transformer_sequence_predictions/47046344M_104_20241015_074110_20241015_074324_transformer_predictions.csv,0.7140004006137061,salidas_test/sequence_predictions/47046344M_104_20241015_074110_20241015_074324_predictions.csv,0,not_walking
47046344M-104,2024-10-15 07:41:51.020000+00:00,2024-10-15T07:41:47.020000+00:00,2024-10-15T07:41:55.020000+00:00,0,not_walking,0.3822689,not_walking,not_walking,True,2024-10-15 07:41:10,2024-10-15 07:43:24,salidas_test/transformer_sequence_predictions/47046344M_104_20241015_074110_20241015_074324_transformer_predictions.csv,0.711453987905014,salidas_test/sequence_predictions/47046344M_104_20241015_074110_20241015_074324_predictions.csv,0,not_walking
47046344M-104,2024-10-15 07:41:52.020000+00:00,2024-10-15T07:41:48.020000+00:00,2024-10-15T07:41:56.020000+00:00,0,not_walking,0.3495247,not_walking,not_walking,True,2024-10-15 07:41:10,2024-10-15 07:43:24,salidas_test/transformer_sequence_predictions/47046344M_104_20241015_074110_20241015_074324_transformer_predictions.csv,0.6494454677474213,salidas_test/sequence_predictions/47046344M_104_20241015_074110_20241015_074324_predictions.csv,0,not_walking
47046344M-104,2024-10-15 07:41:53.020000+00:00,2024-10-15T07:41:49.020000+00:00,2024-10-15T07:41:57.020000+00:00,0,not_walking,0.37028992,not_walking,not_walking,True,2024-10-15 07:41:10,2024-10-15 07:43:24,salidas_test/transformer_sequence_predictions/47046344M_104_20241015_074110_20241015_074324_transformer_predictions.csv,0.689576902712366,salidas_test/sequence_predictions/47046344M_104_20241015_074110_20241015_074324_predictions.csv,0,not_walking
47046344M-104,2024-10-15 07:41:54.020000+00:00,2024-10-15T07:41:50.020000+00:00,2024-10-15T07:41:58.020000+00:00,0,not_walking,0.23855187,not_walking,not_walking,True,2024-10-15 07:41:10,2024-10-15 07:43:24,salidas_test/transformer_sequence_predictions/47046344M_104_20241015_074110_20241015_074324_transformer_predictions.csv,0.7381345537296797,salidas_test/sequence_predictions/47046344M_104_20241015_074110_20241015_074324_predictions.csv,0,not_walking
47046344M-104,2024-10-15 07:41:55.020000+00:00,2024-10-15T07:41:51.020000+00:00,2024-10-15T07:41:59.020000+00:00,0,not_walking,0.20455685,not_walking,not_walking,True,2024-10-15 07:41:10,2024-10-15 07:43:24,salidas_test/transformer_sequence_predictions/47046344M_104_20241015_074110_20241015_074324_transformer_predictions.csv,0.7357769071431075,salidas_test/sequence_predictions/47046344M_104_20241015_074110_20241015_074324_predictions.csv,0,not_walking
47046344M-104,2024-10-15 07:41:56.020000+00:00,2024-10-15T07:41:52.020000+00:00,2024-10-15T07:42:00.020000+00:00,1,walking,0.9627779,not_walking,not_walking,True,2024-10-15 07:41:10,2024-10-15 07:43:24,salidas_test/transformer_sequence_predictions/47046344M_104_20241015_074110_20241015_074324_transformer_predictions.csv,0.7164373167809276,salidas_test/sequence_predictions/47046344M_104_20241015_074110_20241015_074324_predictions.csv,1,walking
47046344M-104,2024-10-15 07:41:57.020000+00:00,2024-10-15T07:41:53.020000+00:00,2024-10-15T07:42:01.020000+00:00,1,walking,0.9698877,not_walking,not_walking,True,2024-10-15 07:41:10,2024-10-15 07:43:24,salidas_test/transformer_sequence_predictions/47046344M_104_20241015_074110_20241015_074324_transformer_predictions.csv,0.6684997097951472,salidas_test/sequence_predictions/47046344M_104_20241015_074110_20241015_074324_predictions.csv,1,walking
47046344M-104,2024-10-15 07:41:58.020000+00:00,2024-10-15T07:41:54.020000+00:00,2024-10-15T07:42:02.020000+00:00,1,walking,0.9832683,not_walking,not_walking,True,2024-10-15 07:41:10,2024-10-15 07:43:24,salidas_test/transformer_sequence_predictions/47046344M_104_20241015_074110_20241015_074324_transformer_predictions.csv,0.7115494165268026,salidas_test/sequence_predictions/47046344M_104_20241015_074110_20241015_074324_predictions.csv,1,walking
47046344M-104,2024-10-15 07:41:59.020000+00:00,2024-10-15T07:41:55.020000+00:00,2024-10-15T07:42:03.020000+00:00,1,walking,0.9942729,not_walking,not_walking,True,2024-10-15 07:41:10,2024-10-15 07:43:24,salidas_test/transformer_sequence_predictions/47046344M_104_20241015_074110_20241015_074324_transformer_predictions.csv,0.660931215703608,salidas_test/sequence_predictions/47046344M_104_20241015_074110_20241015_074324_predictions.csv,1,walking
47046344M-104,2024-10-15 07:42:00.020000+00:00,2024-10-15T07:41:56.020000+00:00,2024-10-15T07:42:04.020000+00:00,1,walking,0.982764,not_walking,not_walking,True,2024-10-15 07:41:10,2024-10-15 07:43:24,salidas_test/transformer_sequence_predictions/47046344M_104_20241015_074110_20241015_074324_transformer_predictions.csv,0.7899653329378262,salidas_test/sequence_predictions/47046344M_104_20241015_074110_20241015_074324_predictions.csv,1,walking
47046344M-104,2024-10-15 07:42:01.020000+00:00,2024-10-15T07:41:57.020000+00:00,2024-10-15T07:42:05.020000+00:00,1,walking,0.9868504,not_walking,not_walking,True,2024-10-15 07:41:10,2024-10-15 07:43:24,salidas_test/transformer_sequence_predictions/47046344M_104_20241015_074110_20241015_074324_transformer_predictions.csv,0.6859928051046486,salidas_test/sequence_predictions/47046344M_104_20241015_074110_20241015_074324_predictions.csv,1,walking
47046344M-104,2024-10-15 07:42:02.020000+00:00,2024-10-15T07:41:58.020000+00:00,2024-10-15T07:42:06.020000+00:00,1,walking,0.99601483,not_walking,not_walking,True,2024-10-15 07:41:10,2024-10-15 07:43:24,salidas_test/transformer_sequence_predictions/47046344M_104_20241015_074110_20241015_074324_transformer_predictions.csv,0.7903724262592969,salidas_test/sequence_predictions/47046344M_104_20241015_074110_20241015_074324_predictions.csv,1,walking
47046344M-104,2024-10-15 07:42:03.020000+00:00,2024-10-15T07:41:59.020000+00:00,2024-10-15T07:42:07.020000+00:00,1,walking,0.9961876,not_walking,not_walking,True,2024-10-15 07:41:10,2024-10-15 07:43:24,salidas_test/transformer_sequence_predictions/47046344M_104_20241015_074110_20241015_074324_transformer_predictions.csv,0.5375032826077537,salidas_test/sequence_predictions/47046344M_104_20241015_074110_20241015_074324_predictions.csv,0,not_walking
47046344M-104,2024-10-15 07:42:04.020000+00:00,2024-10-15T07:42:00.020000+00:00,2024-10-15T07:42:08.020000+00:00,1,walking,0.9964474,not_walking,not_walking,True,2024-10-15 07:41:10,2024-10-15 07:43:24,salidas_test/transformer_sequence_predictions/47046344M_104_20241015_074110_20241015_074324_transformer_predictions.csv,0.644670445935045,salidas_test/sequence_predictions/47046344M_104_20241015_074110_20241015_074324_predictions.csv,0,not_walking
47046344M-104,2024-10-15 07:42:05.020000+00:00,2024-10-15T07:42:01.020000+00:00,2024-10-15T07:42:09.020000+00:00,1,walking,0.9950954,not_walking,not_walking,True,2024-10-15 07:41:10,2024-10-15 07:43:24,salidas_test/transformer_sequence_predictions/47046344M_104_20241015_074110_20241015_074324_transformer_predictions.csv,0.7133705284862912,salidas_test/sequence_predictions/47046344M_104_20241015_074110_20241015_074324_predictions.csv,0,not_walking
47046344M-104,2024-10-15 07:42:06.020000+00:00,2024-10-15T07:42:02.020000+00:00,2024-10-15T07:42:10.020000+00:00,1,walking,0.99675167,not_walking,not_walking,True,2024-10-15 07:41:10,2024-10-15 07:43:24,salidas_test/transformer_sequence_predictions/47046344M_104_20241015_074110_20241015_074324_transformer_predictions.csv,0.8181004461161404,salidas_test/sequence_predictions/47046344M_104_20241015_074110_20241015_074324_predictions.csv,0,not_walking
47046344M-104,2024-10-15 07:42:07.020000+00:00,2024-10-15T07:42:03.020000+00:00,2024-10-15T07:42:11.020000+00:00,1,walking,0.9967206,not_walking,not_walking,True,2024-10-15 07:41:10,2024-10-15 07:43:24,salidas_test/transformer_sequence_predictions/47046344M_104_20241015_074110_20241015_074324_transformer_predictions.csv,0.6400781116631077,salidas_test/sequence_predictions/47046344M_104_20241015_074110_20241015_074324_predictions.csv,0,not_walking
47046344M-104,2024-10-15 07:42:08.020000+00:00,2024-10-15T07:42:04.020000+00:00,2024-10-15T07:42:12.020000+00:00,1,walking,0.99674606,not_walking,not_walking,True,2024-10-15 07:41:10,2024-10-15 07:43:24,salidas_test/transformer_sequence_predictions/47046344M_104_20241015_074110_20241015_074324_transformer_predictions.csv,0.6960656999227651,salidas_test/sequence_predictions/47046344M_104_20241015_074110_20241015_074324_predictions.csv,1,walking
47046344M-104,2024-10-15 07:42:09.020000+00:00,2024-10-15T07:42:05.020000+00:00,2024-10-15T07:42:13.020000+00:00,1,walking,0.9958509,not_walking,not_walking,True,2024-10-15 07:41:10,2024-10-15 07:43:24,salidas_test/transformer_sequence_predictions/47046344M_104_20241015_074110_20241015_074324_transformer_predictions.csv,0.714879120521842,salidas_test/sequence_predictions/47046344M_104_20241015_074110_20241015_074324_predictions.csv,1,walking
47046344M-104,2024-10-15 07:42:10.020000+00:00,2024-10-15T07:42:06.020000+00:00,2024-10-15T07:42:14.020000+00:00,1,walking,0.99415576,not_walking,not_walking,True,2024-10-15 07:41:10,2024-10-15 07:43:24,salidas_test/transformer_sequence_predictions/47046344M_104_20241015_074110_20241015_074324_transformer_predictions.csv,0.7369324011611266,salidas_test/sequence_predictions/47046344M_104_20241015_074110_20241015_074324_predictions.csv,1,walking
47046344M-104,2024-10-15 07:42:11.020000+00:00,2024-10-15T07:42:07.020000+00:00,2024-10-15T07:42:15.020000+00:00,1,walking,0.9968604,not_walking,not_walking,True,2024-10-15 07:41:10,2024-10-15 07:43:24,salidas_test/transformer_sequence_predictions/47046344M_104_20241015_074110_20241015_074324_transformer_predictions.csv,0.6968267599122996,salidas_test/sequence_predictions/47046344M_104_20241015_074110_20241015_074324_predictions.csv,1,walking
47046344M-104,2024-10-15 07:42:12.020000+00:00,2024-10-15T07:42:08.020000+00:00,2024-10-15T07:42:16.020000+00:00,1,walking,0.99666613,not_walking,not_walking,True,2024-10-15 07:41:10,2024-10-15 07:43:24,salidas_test/transformer_sequence_predictions/47046344M_104_20241015_074110_20241015_074324_transformer_predictions.csv,0.7065650294076041,salidas_test/sequence_predictions/47046344M_104_20241015_074110_20241015_074324_predictions.csv,1,walking
47046344M-104,2024-10-15 07:42:13.020000+00:00,2024-10-15T07:42:09.020000+00:00,2024-10-15T07:42:17.020000+00:00,1,walking,0.99692553,not_walking,not_walking,True,2024-10-15 07:41:10,2024-10-15 07:43:24,salidas_test/transformer_sequence_predictions/47046344M_104_20241015_074110_20241015_074324_transformer_predictions.csv,0.6860556503483132,salidas_test/sequence_predictions/47046344M_104_20241015_074110_20241015_074324_predictions.csv,1,walking
47046344M-104,2024-10-15 07:42:14.020000+00:00,2024-10-15T07:42:10.020000+00:00,2024-10-15T07:42:18.020000+00:00,1,walking,0.99684757,not_walking,not_walking,True,2024-10-15 07:41:10,2024-10-15 07:43:24,salidas_test/transformer_sequence_predictions/47046344M_104_20241015_074110_20241015_074324_transformer_predictions.csv,0.6741058726309781,salidas_test/sequence_predictions/47046344M_104_20241015_074110_20241015_074324_predictions.csv,1,walking
47046344M-104,2024-10-15 07:42:15.020000+00:00,2024-10-15T07:42:11.020000+00:00,2024-10-15T07:42:19.020000+00:00,1,walking,0.99618137,not_walking,not_walking,True,2024-10-15 07:41:10,2024-10-15 07:43:24,salidas_test/transformer_sequence_predictions/47046344M_104_20241015_074110_20241015_074324_transformer_predictions.csv,0.6167315220693397,salidas_test/sequence_predictions/47046344M_104_20241015_074110_20241015_074324_predictions.csv,0,not_walking
47046344M-104,2024-10-15 07:42:16.020000+00:00,2024-10-15T07:42:12.020000+00:00,2024-10-15T07:42:20.020000+00:00,1,walking,0.9967332,not_walking,not_walking,True,2024-10-15 07:41:10,2024-10-15 07:43:24,salidas_test/transformer_sequence_predictions/47046344M_104_20241015_074110_20241015_074324_transformer_predictions.csv,0.6716831891566519,salidas_test/sequence_predictions/47046344M_104_20241015_074110_20241015_074324_predictions.csv,0,not_walking
47046344M-104,2024-10-15 07:42:17.020000+00:00,2024-10-15T07:42:13.020000+00:00,2024-10-15T07:42:21.020000+00:00,1,walking,0.99659437,not_walking,not_walking,True,2024-10-15 07:41:10,2024-10-15 07:43:24,salidas_test/transformer_sequence_predictions/47046344M_104_20241015_074110_20241015_074324_transformer_predictions.csv,0.7830215630337202,salidas_test/sequence_predictions/47046344M_104_20241015_074110_20241015_074324_predictions.csv,0,not_walking
47046344M-104,2024-10-15 07:42:18.020000+00:00,2024-10-15T07:42:14.020000+00:00,2024-10-15T07:42:22.020000+00:00,1,walking,0.99613345,not_walking,not_walking,True,2024-10-15 07:41:10,2024-10-15 07:43:24,salidas_test/transformer_sequence_predictions/47046344M_104_20241015_074110_20241015_074324_transformer_predictions.csv,0.6454912717575468,salidas_test/sequence_predictions/47046344M_104_20241015_074110_20241015_074324_predictions.csv,0,not_walking
47046344M-104,2024-10-15 07:42:19.020000+00:00,2024-10-15T07:42:15.020000+00:00,2024-10-15T07:42:23.020000+00:00,1,walking,0.9956274,not_walking,not_walking,True,2024-10-15 07:41:10,2024-10-15 07:43:24,salidas_test/transformer_sequence_predictions/47046344M_104_20241015_074110_20241015_074324_transformer_predictions.csv,0.5646297192576286,salidas_test/sequence_predictions/47046344M_104_20241015_074110_20241015_074324_predictions.csv,0,not_walking
47046344M-104,2024-10-15 07:42:20.020000+00:00,2024-10-15T07:42:16.020000+00:00,2024-10-15T07:42:24.020000+00:00,1,walking,0.9958008,not_walking,not_walking,True,2024-10-15 07:41:10,2024-10-15 07:43:24,salidas_test/transformer_sequence_predictions/47046344M_104_20241015_074110_20241015_074324_transformer_predictions.csv,0.7758312438770186,salidas_test/sequence_predictions/47046344M_104_20241015_074110_20241015_074324_predictions.csv,1,walking
47046344M-104,2024-10-15 07:42:21.020000+00:00,2024-10-15T07:42:17.020000+00:00,2024-10-15T07:42:25.020000+00:00,1,walking,0.99640983,not_walking,not_walking,True,2024-10-15 07:41:10,2024-10-15 07:43:24,salidas_test/transformer_sequence_predictions/47046344M_104_20241015_074110_20241015_074324_transformer_predictions.csv,0.6996592455612467,salidas_test/sequence_predictions/47046344M_104_20241015_074110_20241015_074324_predictions.csv,1,walking
47046344M-104,2024-10-15 07:42:22.020000+00:00,2024-10-15T07:42:18.020000+00:00,2024-10-15T07:42:26.020000+00:00,1,walking,0.9966528,not_walking,not_walking,True,2024-10-15 07:41:10,2024-10-15 07:43:24,salidas_test/transformer_sequence_predictions/47046344M_104_20241015_074110_20241015_074324_transformer_predictions.csv,0.6857584139000584,salidas_test/sequence_predictions/47046344M_104_20241015_074110_20241015_074324_predictions.csv,1,walking
47046344M-104,2024-10-15 07:42:23.020000+00:00,2024-10-15T07:42:19.020000+00:00,2024-10-15T07:42:27.020000+00:00,1,walking,0.99569356,not_walking,not_walking,True,2024-10-15 07:41:10,2024-10-15 07:43:24,salidas_test/transformer_sequence_predictions/47046344M_104_20241015_074110_20241015_074324_transformer_predictions.csv,0.757560452614273,salidas_test/sequence_predictions/47046344M_104_20241015_074110_20241015_074324_predictions.csv,1,walking
47046344M-104,2024-10-15 07:42:24.020000+00:00,2024-10-15T07:42:20.020000+00:00,2024-10-15T07:42:28.020000+00:00,1,walking,0.9959518,not_walking,not_walking,True,2024-10-15 07:41:10,2024-10-15 07:43:24,salidas_test/transformer_sequence_predictions/47046344M_104_20241015_074110_20241015_074324_transformer_predictions.csv,0.724144774568032,salidas_test/sequence_predictions/47046344M_104_20241015_074110_20241015_074324_predictions.csv,1,walking
47046344M-104,2024-10-15 07:42:25.020000+00:00,2024-10-15T07:42:21.020000+00:00,2024-10-15T07:42:29.020000+00:00,1,walking,0.99554515,not_walking,not_walking,True,2024-10-15 07:41:10,2024-10-15 07:43:24,salidas_test/transformer_sequence_predictions/47046344M_104_20241015_074110_20241015_074324_transformer_predictions.csv,0.6911302067149683,salidas_test/sequence_predictions/47046344M_104_20241015_074110_20241015_074324_predictions.csv,1,walking
47046344M-104,2024-10-15 07:42:26.020000+00:00,2024-10-15T07:42:22.020000+00:00,2024-10-15T07:42:30.020000+00:00,1,walking,0.99521697,not_walking,not_walking,True,2024-10-15 07:41:10,2024-10-15 07:43:24,salidas_test/transformer_sequence_predictions/47046344M_104_20241015_074110_20241015_074324_transformer_predictions.csv,0.6825319954733965,salidas_test/sequence_predictions/47046344M_104_20241015_074110_20241015_074324_predictions.csv,1,walking
47046344M-104,2024-10-15 07:42:27.020000+00:00,2024-10-15T07:42:23.020000+00:00,2024-10-15T07:42:31.020000+00:00,1,walking,0.99695635,not_walking,not_walking,True,2024-10-15 07:41:10,2024-10-15 07:43:24,salidas_test/transformer_sequence_predictions/47046344M_104_20241015_074110_20241015_074324_transformer_predictions.csv,0.696754424183547,salidas_test/sequence_predictions/47046344M_104_20241015_074110_20241015_074324_predictions.csv,1,walking
47046344M-104,2024-10-15 07:42:28.020000+00:00,2024-10-15T07:42:24.020000+00:00,2024-10-15T07:42:32.020000+00:00,1,walking,0.9920773,not_walking,not_walking,True,2024-10-15 07:41:10,2024-10-15 07:43:24,salidas_test/transformer_sequence_predictions/47046344M_104_20241015_074110_20241015_074324_transformer_predictions.csv,0.7281775845325265,salidas_test/sequence_predictions/47046344M_104_20241015_074110_20241015_074324_predictions.csv,1,walking
47046344M-104,2024-10-15 07:42:29.020000+00:00,2024-10-15T07:42:25.020000+00:00,2024-10-15T07:42:33.020000+00:00,1,walking,0.9921834,not_walking,not_walking,True,2024-10-15 07:41:10,2024-10-15 07:43:24,salidas_test/transformer_sequence_predictions/47046344M_104_20241015_074110_20241015_074324_transformer_predictions.csv,0.663857859583172,salidas_test/sequence_predictions/47046344M_104_20241015_074110_20241015_074324_predictions.csv,1,walking
47046344M-104,2024-10-15 07:42:30.020000+00:00,2024-10-15T07:42:26.020000+00:00,2024-10-15T07:42:34.020000+00:00,1,walking,0.99172807,not_walking,not_walking,True,2024-10-15 07:41:10,2024-10-15 07:43:24,salidas_test/transformer_sequence_predictions/47046344M_104_20241015_074110_20241015_074324_transformer_predictions.csv,0.6548340543263567,salidas_test/sequence_predictions/47046344M_104_20241015_074110_20241015_074324_predictions.csv,1,walking
47046344M-104,2024-10-15 07:42:31.020000+00:00,2024-10-15T07:42:27.020000+00:00,2024-10-15T07:42:35.020000+00:00,1,walking,0.9846283,not_walking,not_walking,True,2024-10-15 07:41:10,2024-10-15 07:43:24,salidas_test/transformer_sequence_predictions/47046344M_104_20241015_074110_20241015_074324_transformer_predictions.csv,0.6382107990463513,salidas_test/sequence_predictions/47046344M_104_20241015_074110_20241015_074324_predictions.csv,0,not_walking
47046344M-104,2024-10-15 07:42:32.020000+00:00,2024-10-15T07:42:28.020000+00:00,2024-10-15T07:42:36.020000+00:00,1,walking,0.994396,not_walking,not_walking,True,2024-10-15 07:41:10,2024-10-15 07:43:24,salidas_test/transformer_sequence_predictions/47046344M_104_20241015_074110_20241015_074324_transformer_predictions.csv,0.7949074181602456,salidas_test/sequence_predictions/47046344M_104_20241015_074110_20241015_074324_predictions.csv,1,walking
47046344M-104,2024-10-15 07:42:33.020000+00:00,2024-10-15T07:42:29.020000+00:00,2024-10-15T07:42:37.020000+00:00,1,walking,0.8551141,not_walking,not_walking,True,2024-10-15 07:41:10,2024-10-15 07:43:24,salidas_test/transformer_sequence_predictions/47046344M_104_20241015_074110_20241015_074324_transformer_predictions.csv,0.653313070879807,salidas_test/sequence_predictions/47046344M_104_20241015_074110_20241015_074324_predictions.csv,1,walking
47046344M-104,2024-10-15 07:42:34.020000+00:00,2024-10-15T07:42:30.020000+00:00,2024-10-15T07:42:38.020000+00:00,1,walking,0.94195515,not_walking,not_walking,True,2024-10-15 07:41:10,2024-10-15 07:43:24,salidas_test/transformer_sequence_predictions/47046344M_104_20241015_074110_20241015_074324_transformer_predictions.csv,0.7207839775432894,salidas_test/sequence_predictions/47046344M_104_20241015_074110_20241015_074324_predictions.csv,1,walking
47046344M-104,2024-10-15 07:42:35.020000+00:00,2024-10-15T07:42:31.020000+00:00,2024-10-15T07:42:39.020000+00:00,1,walking,0.9465312,not_walking,not_walking,True,2024-10-15 07:41:10,2024-10-15 07:43:24,salidas_test/transformer_sequence_predictions/47046344M_104_20241015_074110_20241015_074324_transformer_predictions.csv,0.7158341528876597,salidas_test/sequence_predictions/47046344M_104_20241015_074110_20241015_074324_predictions.csv,1,walking
47046344M-104,2024-10-15 07:42:36.020000+00:00,2024-10-15T07:42:32.020000+00:00,2024-10-15T07:42:40.020000+00:00,1,walking,0.9286846,not_walking,not_walking,True,2024-10-15 07:41:10,2024-10-15 07:43:24,salidas_test/transformer_sequence_predictions/47046344M_104_20241015_074110_20241015_074324_transformer_predictions.csv,0.6486558731672087,salidas_test/sequence_predictions/47046344M_104_20241015_074110_20241015_074324_predictions.csv,0,not_walking
47046344M-104,2024-10-15 07:42:37.020000+00:00,2024-10-15T07:42:33.020000+00:00,2024-10-15T07:42:41.020000+00:00,1,walking,0.9965358,not_walking,not_walking,True,2024-10-15 07:41:10,2024-10-15 07:43:24,salidas_test/transformer_sequence_predictions/47046344M_104_20241015_074110_20241015_074324_transformer_predictions.csv,0.7176377298795686,salidas_test/sequence_predictions/47046344M_104_20241015_074110_20241015_074324_predictions.csv,1,walking
47046344M-104,2024-10-15 07:42:38.020000+00:00,2024-10-15T07:42:34.020000+00:00,2024-10-15T07:42:42.020000+00:00,1,walking,0.9958832,not_walking,not_walking,True,2024-10-15 07:41:10,2024-10-15 07:43:24,salidas_test/transformer_sequence_predictions/47046344M_104_20241015_074110_20241015_074324_transformer_predictions.csv,0.6840482863004125,salidas_test/sequence_predictions/47046344M_104_20241015_074110_20241015_074324_predictions.csv,1,walking
47046344M-104,2024-10-15 07:42:39.020000+00:00,2024-10-15T07:42:35.020000+00:00,2024-10-15T07:42:43.020000+00:00,1,walking,0.9965879,not_walking,not_walking,True,2024-10-15 07:41:10,2024-10-15 07:43:24,salidas_test/transformer_sequence_predictions/47046344M_104_20241015_074110_20241015_074324_transformer_predictions.csv,0.7592526640520537,salidas_test/sequence_predictions/47046344M_104_20241015_074110_20241015_074324_predictions.csv,1,walking
47046344M-104,2024-10-15 07:42:40.020000+00:00,2024-10-15T07:42:36.020000+00:00,2024-10-15T07:42:44.020000+00:00,1,walking,0.99633247,not_walking,not_walking,True,2024-10-15 07:41:10,2024-10-15 07:43:24,salidas_test/transformer_sequence_predictions/47046344M_104_20241015_074110_20241015_074324_transformer_predictions.csv,0.6665069187346032,salidas_test/sequence_predictions/47046344M_104_20241015_074110_20241015_074324_predictions.csv,1,walking
47046344M-104,2024-10-15 07:42:41.020000+00:00,2024-10-15T07:42:37.020000+00:00,2024-10-15T07:42:45.020000+00:00,1,walking,0.9965102,not_walking,not_walking,True,2024-10-15 07:41:10,2024-10-15 07:43:24,salidas_test/transformer_sequence_predictions/47046344M_104_20241015_074110_20241015_074324_transformer_predictions.csv,0.6328278219782516,salidas_test/sequence_predictions/47046344M_104_20241015_074110_20241015_074324_predictions.csv,0,not_walking
47046344M-104,2024-10-15 07:42:42.020000+00:00,2024-10-15T07:42:38.020000+00:00,2024-10-15T07:42:46.020000+00:00,1,walking,0.9958555,not_walking,not_walking,True,2024-10-15 07:41:10,2024-10-15 07:43:24,salidas_test/transformer_sequence_predictions/47046344M_104_20241015_074110_20241015_074324_transformer_predictions.csv,0.6839227174651052,salidas_test/sequence_predictions/47046344M_104_20241015_074110_20241015_074324_predictions.csv,1,walking
47046344M-104,2024-10-15 07:42:43.020000+00:00,2024-10-15T07:42:39.020000+00:00,2024-10-15T07:42:47.020000+00:00,1,walking,0.9942932,not_walking,not_walking,True,2024-10-15 07:41:10,2024-10-15 07:43:24,salidas_test/transformer_sequence_predictions/47046344M_104_20241015_074110_20241015_074324_transformer_predictions.csv,0.656185758373225,salidas_test/sequence_predictions/47046344M_104_20241015_074110_20241015_074324_predictions.csv,1,walking
47046344M-104,2024-10-15 07:42:44.020000+00:00,2024-10-15T07:42:40.020000+00:00,2024-10-15T07:42:48.020000+00:00,1,walking,0.99557245,not_walking,not_walking,True,2024-10-15 07:41:10,2024-10-15 07:43:24,salidas_test/transformer_sequence_predictions/47046344M_104_20241015_074110_20241015_074324_transformer_predictions.csv,0.6900659790983813,salidas_test/sequence_predictions/47046344M_104_20241015_074110_20241015_074324_predictions.csv,1,walking
47046344M-104,2024-10-15 07:42:45.020000+00:00,2024-10-15T07:42:41.020000+00:00,2024-10-15T07:42:49.020000+00:00,1,walking,0.99283135,not_walking,not_walking,True,2024-10-15 07:41:10,2024-10-15 07:43:24,salidas_test/transformer_sequence_predictions/47046344M_104_20241015_074110_20241015_074324_transformer_predictions.csv,0.6761136396834576,salidas_test/sequence_predictions/47046344M_104_20241015_074110_20241015_074324_predictions.csv,1,walking
47046344M-104,2024-10-15 07:42:46.020000+00:00,2024-10-15T07:42:42.020000+00:00,2024-10-15T07:42:50.020000+00:00,1,walking,0.99546,not_walking,not_walking,True,2024-10-15 07:41:10,2024-10-15 07:43:24,salidas_test/transformer_sequence_predictions/47046344M_104_20241015_074110_20241015_074324_transformer_predictions.csv,0.6159277701840357,salidas_test/sequence_predictions/47046344M_104_20241015_074110_20241015_074324_predictions.csv,0,not_walking
47046344M-104,2024-10-15 07:42:47.020000+00:00,2024-10-15T07:42:43.020000+00:00,2024-10-15T07:42:51.020000+00:00,1,walking,0.99466753,not_walking,not_walking,True,2024-10-15 07:41:10,2024-10-15 07:43:24,salidas_test/transformer_sequence_predictions/47046344M_104_20241015_074110_20241015_074324_transformer_predictions.csv,0.5939446411665614,salidas_test/sequence_predictions/47046344M_104_20241015_074110_20241015_074324_predictions.csv,0,not_walking
47046344M-104,2024-10-15 07:42:48.020000+00:00,2024-10-15T07:42:44.020000+00:00,2024-10-15T07:42:52.020000+00:00,1,walking,0.9878489,not_walking,not_walking,True,2024-10-15 07:41:10,2024-10-15 07:43:24,salidas_test/transformer_sequence_predictions/47046344M_104_20241015_074110_20241015_074324_transformer_predictions.csv,0.6657634423916536,salidas_test/sequence_predictions/47046344M_104_20241015_074110_20241015_074324_predictions.csv,1,walking
47046344M-104,2024-10-15 07:42:49.020000+00:00,2024-10-15T07:42:45.020000+00:00,2024-10-15T07:42:53.020000+00:00,1,walking,0.9533387,not_walking,not_walking,True,2024-10-15 07:41:10,2024-10-15 07:43:24,salidas_test/transformer_sequence_predictions/47046344M_104_20241015_074110_20241015_074324_transformer_predictions.csv,0.7157654180293724,salidas_test/sequence_predictions/47046344M_104_20241015_074110_20241015_074324_predictions.csv,1,walking
47046344M-104,2024-10-15 07:42:50.020000+00:00,2024-10-15T07:42:46.020000+00:00,2024-10-15T07:42:54.020000+00:00,1,walking,0.9857103,not_walking,not_walking,True,2024-10-15 07:41:10,2024-10-15 07:43:24,salidas_test/transformer_sequence_predictions/47046344M_104_20241015_074110_20241015_074324_transformer_predictions.csv,0.6590195413231104,salidas_test/sequence_predictions/47046344M_104_20241015_074110_20241015_074324_predictions.csv,1,walking
47046344M-104,2024-10-15 07:42:51.020000+00:00,2024-10-15T07:42:47.020000+00:00,2024-10-15T07:42:55.020000+00:00,1,walking,0.9770901,not_walking,not_walking,True,2024-10-15 07:41:10,2024-10-15 07:43:24,salidas_test/transformer_sequence_predictions/47046344M_104_20241015_074110_20241015_074324_transformer_predictions.csv,0.6884645552164972,salidas_test/sequence_predictions/47046344M_104_20241015_074110_20241015_074324_predictions.csv,1,walking
47046344M-104,2024-10-15 07:42:52.020000+00:00,2024-10-15T07:42:48.020000+00:00,2024-10-15T07:42:56.020000+00:00,1,walking,0.9407837,not_walking,not_walking,True,2024-10-15 07:41:10,2024-10-15 07:43:24,salidas_test/transformer_sequence_predictions/47046344M_104_20241015_074110_20241015_074324_transformer_predictions.csv,0.6455091783384903,salidas_test/sequence_predictions/47046344M_104_20241015_074110_20241015_074324_predictions.csv,0,not_walking
47046344M-104,2024-10-15 07:42:53.020000+00:00,2024-10-15T07:42:49.020000+00:00,2024-10-15T07:42:57.020000+00:00,1,walking,0.80118096,not_walking,not_walking,True,2024-10-15 07:41:10,2024-10-15 07:43:24,salidas_test/transformer_sequence_predictions/47046344M_104_20241015_074110_20241015_074324_transformer_predictions.csv,0.5837600890605135,salidas_test/sequence_predictions/47046344M_104_20241015_074110_20241015_074324_predictions.csv,0,not_walking
47046344M-104,2024-10-15 07:42:54.020000+00:00,2024-10-15T07:42:50.020000+00:00,2024-10-15T07:42:58.020000+00:00,1,walking,0.7682623,not_walking,not_walking,True,2024-10-15 07:41:10,2024-10-15 07:43:24,salidas_test/transformer_sequence_predictions/47046344M_104_20241015_074110_20241015_074324_transformer_predictions.csv,0.6318488626524013,salidas_test/sequence_predictions/47046344M_104_20241015_074110_20241015_074324_predictions.csv,0,not_walking
47046344M-104,2024-10-15 07:42:55.020000+00:00,2024-10-15T07:42:51.020000+00:00,2024-10-15T07:42:59.020000+00:00,1,walking,0.8631302,not_walking,not_walking,True,2024-10-15 07:41:10,2024-10-15 07:43:24,salidas_test/transformer_sequence_predictions/47046344M_104_20241015_074110_20241015_074324_transformer_predictions.csv,0.7405624905351793,salidas_test/sequence_predictions/47046344M_104_20241015_074110_20241015_074324_predictions.csv,0,not_walking
47046344M-104,2024-10-15 07:42:56.020000+00:00,2024-10-15T07:42:52.020000+00:00,2024-10-15T07:43:00.020000+00:00,0,not_walking,0.22750236,not_walking,not_walking,True,2024-10-15 07:41:10,2024-10-15 07:43:24,salidas_test/transformer_sequence_predictions/47046344M_104_20241015_074110_20241015_074324_transformer_predictions.csv,0.5404735795362545,salidas_test/sequence_predictions/47046344M_104_20241015_074110_20241015_074324_predictions.csv,0,not_walking
47046344M-104,2024-10-15 07:42:57.020000+00:00,2024-10-15T07:42:53.020000+00:00,2024-10-15T07:43:01.020000+00:00,1,walking,0.47710758,not_walking,not_walking,True,2024-10-15 07:41:10,2024-10-15 07:43:24,salidas_test/transformer_sequence_predictions/47046344M_104_20241015_074110_20241015_074324_transformer_predictions.csv,0.6701030049895512,salidas_test/sequence_predictions/47046344M_104_20241015_074110_20241015_074324_predictions.csv,0,not_walking
47046344M-104,2024-10-15 07:42:58.020000+00:00,2024-10-15T07:42:54.020000+00:00,2024-10-15T07:43:02.020000+00:00,1,walking,0.44171828,not_walking,not_walking,True,2024-10-15 07:41:10,2024-10-15 07:43:24,salidas_test/transformer_sequence_predictions/47046344M_104_20241015_074110_20241015_074324_transformer_predictions.csv,0.6687765886863556,salidas_test/sequence_predictions/47046344M_104_20241015_074110_20241015_074324_predictions.csv,0,not_walking
47046344M-104,2024-10-15 07:42:59.020000+00:00,2024-10-15T07:42:55.020000+00:00,2024-10-15T07:43:03.020000+00:00,0,not_walking,0.32983238,not_walking,not_walking,True,2024-10-15 07:41:10,2024-10-15 07:43:24,salidas_test/transformer_sequence_predictions/47046344M_104_20241015_074110_20241015_074324_transformer_predictions.csv,0.6560246708816881,salidas_test/sequence_predictions/47046344M_104_20241015_074110_20241015_074324_predictions.csv,0,not_walking
47046344M-104,2024-10-15 07:43:00.020000+00:00,2024-10-15T07:42:56.020000+00:00,2024-10-15T07:43:04.020000+00:00,0,not_walking,0.12841418,not_walking,not_walking,True,2024-10-15 07:41:10,2024-10-15 07:43:24,salidas_test/transformer_sequence_predictions/47046344M_104_20241015_074110_20241015_074324_transformer_predictions.csv,0.6185924649694315,salidas_test/sequence_predictions/47046344M_104_20241015_074110_20241015_074324_predictions.csv,0,not_walking
47046344M-104,2024-10-15 07:43:01.020000+00:00,2024-10-15T07:42:57.020000+00:00,2024-10-15T07:43:05.020000+00:00,0,not_walking,0.32993588,not_walking,not_walking,True,2024-10-15 07:41:10,2024-10-15 07:43:24,salidas_test/transformer_sequence_predictions/47046344M_104_20241015_074110_20241015_074324_transformer_predictions.csv,0.6867593325798506,salidas_test/sequence_predictions/47046344M_104_20241015_074110_20241015_074324_predictions.csv,0,not_walking
47046344M-104,2024-10-15 07:43:02.020000+00:00,2024-10-15T07:42:58.020000+00:00,2024-10-15T07:43:06.020000+00:00,1,walking,0.5588079,not_walking,not_walking,True,2024-10-15 07:41:10,2024-10-15 07:43:24,salidas_test/transformer_sequence_predictions/47046344M_104_20241015_074110_20241015_074324_transformer_predictions.csv,0.6748648626234554,salidas_test/sequence_predictions/47046344M_104_20241015_074110_20241015_074324_predictions.csv,0,not_walking
47046344M-104,2024-10-15 07:43:03.020000+00:00,2024-10-15T07:42:59.020000+00:00,2024-10-15T07:43:07.020000+00:00,0,not_walking,0.1310995,not_walking,not_walking,True,2024-10-15 07:41:10,2024-10-15 07:43:24,salidas_test/transformer_sequence_predictions/47046344M_104_20241015_074110_20241015_074324_transformer_predictions.csv,0.6921327748889795,salidas_test/sequence_predictions/47046344M_104_20241015_074110_20241015_074324_predictions.csv,0,not_walking
47046344M-104,2024-10-15 07:43:04.020000+00:00,2024-10-15T07:43:00.020000+00:00,2024-10-15T07:43:08.020000+00:00,0,not_walking,0.25724715,not_walking,not_walking,True,2024-10-15 07:41:10,2024-10-15 07:43:24,salidas_test/transformer_sequence_predictions/47046344M_104_20241015_074110_20241015_074324_transformer_predictions.csv,0.7048738718085481,salidas_test/sequence_predictions/47046344M_104_20241015_074110_20241015_074324_predictions.csv,0,not_walking
47046344M-104,2024-10-15 07:43:05.020000+00:00,2024-10-15T07:43:01.020000+00:00,2024-10-15T07:43:09.020000+00:00,0,not_walking,0.14237979,not_walking,not_walking,True,2024-10-15 07:41:10,2024-10-15 07:43:24,salidas_test/transformer_sequence_predictions/47046344M_104_20241015_074110_20241015_074324_transformer_predictions.csv,0.6963213259781468,salidas_test/sequence_predictions/47046344M_104_20241015_074110_20241015_074324_predictions.csv,0,not_walking
47046344M-104,2024-10-15 07:43:06.020000+00:00,2024-10-15T07:43:02.020000+00:00,2024-10-15T07:43:10.020000+00:00,0,not_walking,0.08989108,not_walking,not_walking,True,2024-10-15 07:41:10,2024-10-15 07:43:24,salidas_test/transformer_sequence_predictions/47046344M_104_20241015_074110_20241015_074324_transformer_predictions.csv,0.6855462887828484,salidas_test/sequence_predictions/47046344M_104_20241015_074110_20241015_074324_predictions.csv,0,not_walking
47046344M-104,2024-10-15 07:43:07.020000+00:00,2024-10-15T07:43:03.020000+00:00,2024-10-15T07:43:11.020000+00:00,0,not_walking,0.15559481,not_walking,not_walking,True,2024-10-15 07:41:10,2024-10-15 07:43:24,salidas_test/transformer_sequence_predictions/47046344M_104_20241015_074110_20241015_074324_transformer_predictions.csv,0.6947509083842142,salidas_test/sequence_predictions/47046344M_104_20241015_074110_20241015_074324_predictions.csv,0,not_walking
47046344M-104,2024-10-15 07:43:08.020000+00:00,2024-10-15T07:43:04.020000+00:00,2024-10-15T07:43:12.020000+00:00,0,not_walking,0.3316088,not_walking,not_walking,True,2024-10-15 07:41:10,2024-10-15 07:43:24,salidas_test/transformer_sequence_predictions/47046344M_104_20241015_074110_20241015_074324_transformer_predictions.csv,0.7102852981424315,salidas_test/sequence_predictions/47046344M_104_20241015_074110_20241015_074324_predictions.csv,0,not_walking
47046344M-104,2024-10-15 07:43:09.020000+00:00,2024-10-15T07:43:05.020000+00:00,2024-10-15T07:43:13.020000+00:00,0,not_walking,0.36852837,not_walking,not_walking,True,2024-10-15 07:41:10,2024-10-15 07:43:24,salidas_test/transformer_sequence_predictions/47046344M_104_20241015_074110_20241015_074324_transformer_predictions.csv,0.6934137052513633,salidas_test/sequence_predictions/47046344M_104_20241015_074110_20241015_074324_predictions.csv,0,not_walking
47046344M-104,2024-10-15 07:43:10.020000+00:00,2024-10-15T07:43:06.020000+00:00,2024-10-15T07:43:14.020000+00:00,1,walking,0.6396918,not_walking,not_walking,True,2024-10-15 07:41:10,2024-10-15 07:43:24,salidas_test/transformer_sequence_predictions/47046344M_104_20241015_074110_20241015_074324_transformer_predictions.csv,0.6913747034404059,salidas_test/sequence_predictions/47046344M_104_20241015_074110_20241015_074324_predictions.csv,0,not_walking
47046344M-104,2024-10-15 07:43:11.020000+00:00,2024-10-15T07:43:07.020000+00:00,2024-10-15T07:43:15.020000+00:00,1,walking,0.7591692,not_walking,not_walking,True,2024-10-15 07:41:10,2024-10-15 07:43:24,salidas_test/transformer_sequence_predictions/47046344M_104_20241015_074110_20241015_074324_transformer_predictions.csv,0.6747825746356239,salidas_test/sequence_predictions/47046344M_104_20241015_074110_20241015_074324_predictions.csv,1,walking
47046344M-104,2024-10-15 07:43:12.020000+00:00,2024-10-15T07:43:08.020000+00:00,2024-10-15T07:43:16.020000+00:00,1,walking,0.9332702,not_walking,not_walking,True,2024-10-15 07:41:10,2024-10-15 07:43:24,salidas_test/transformer_sequence_predictions/47046344M_104_20241015_074110_20241015_074324_transformer_predictions.csv,0.7054161318269205,salidas_test/sequence_predictions/47046344M_104_20241015_074110_20241015_074324_predictions.csv,1,walking
47046344M-104,2024-10-15 07:43:13.020000+00:00,2024-10-15T07:43:09.020000+00:00,2024-10-15T07:43:17.020000+00:00,1,walking,0.916188,not_walking,not_walking,True,2024-10-15 07:41:10,2024-10-15 07:43:24,salidas_test/transformer_sequence_predictions/47046344M_104_20241015_074110_20241015_074324_transformer_predictions.csv,0.7209582405395317,salidas_test/sequence_predictions/47046344M_104_20241015_074110_20241015_074324_predictions.csv,1,walking
47046344M-104,2024-10-15 07:43:14.020000+00:00,2024-10-15T07:43:10.020000+00:00,2024-10-15T07:43:18.020000+00:00,1,walking,0.9417834,not_walking,not_walking,True,2024-10-15 07:41:10,2024-10-15 07:43:24,salidas_test/transformer_sequence_predictions/47046344M_104_20241015_074110_20241015_074324_transformer_predictions.csv,0.7178034771608672,salidas_test/sequence_predictions/47046344M_104_20241015_074110_20241015_074324_predictions.csv,1,walking
47046344M-104,2024-10-15 07:43:15.020000+00:00,2024-10-15T07:43:11.020000+00:00,2024-10-15T07:43:19.020000+00:00,1,walking,0.9940473,not_walking,not_walking,True,2024-10-15 07:41:10,2024-10-15 07:43:24,salidas_test/transformer_sequence_predictions/47046344M_104_20241015_074110_20241015_074324_transformer_predictions.csv,0.5973643459767679,salidas_test/sequence_predictions/47046344M_104_20241015_074110_20241015_074324_predictions.csv,0,not_walking
47046344M-104,2024-10-15 07:43:16.020000+00:00,2024-10-15T07:43:12.020000+00:00,2024-10-15T07:43:20.020000+00:00,1,walking,0.9926448,not_walking,not_walking,True,2024-10-15 07:41:10,2024-10-15 07:43:24,salidas_test/transformer_sequence_predictions/47046344M_104_20241015_074110_20241015_074324_transformer_predictions.csv,0.6404419029824201,salidas_test/sequence_predictions/47046344M_104_20241015_074110_20241015_074324_predictions.csv,0,not_walking
47046344M-104,2024-10-15 07:43:17.020000+00:00,2024-10-15T07:43:13.020000+00:00,2024-10-15T07:43:21.020000+00:00,1,walking,0.9748386,not_walking,not_walking,True,2024-10-15 07:41:10,2024-10-15 07:43:24,salidas_test/transformer_sequence_predictions/47046344M_104_20241015_074110_20241015_074324_transformer_predictions.csv,0.7010250729722318,salidas_test/sequence_predictions/47046344M_104_20241015_074110_20241015_074324_predictions.csv,0,not_walking
47046344M-104,2024-10-15 07:43:18.020000+00:00,2024-10-15T07:43:14.020000+00:00,2024-10-15T07:43:22.020000+00:00,1,walking,0.46140832,not_walking,not_walking,True,2024-10-15 07:41:10,2024-10-15 07:43:24,salidas_test/transformer_sequence_predictions/47046344M_104_20241015_074110_20241015_074324_transformer_predictions.csv,0.590609678238222,salidas_test/sequence_predictions/47046344M_104_20241015_074110_20241015_074324_predictions.csv,0,not_walking
