reference,group,center_time,sequence_start_time,sequence_end_time,fold,target,prediction,prediction_label,walking_probability
02548893X-118,02548893X-118_block_1,2025-02-28 09:48:12.010000+00:00,2025-02-28 09:48:08.010000+00:00,2025-02-28 09:48:16.010000+00:00,1,0,0,not_walking,0.267273
02548893X-118,02548893X-118_block_1,2025-02-28 09:48:13.010000+00:00,2025-02-28 09:48:09.010000+00:00,2025-02-28 09:48:17.010000+00:00,1,0,0,not_walking,0.298597
02548893X-118,02548893X-118_block_1,2025-02-28 09:48:14.010000+00:00,2025-02-28 09:48:10.010000+00:00,2025-02-28 09:48:18.010000+00:00,1,0,0,not_walking,0.2834765
02548893X-118,02548893X-118_block_1,2025-02-28 09:48:15.010000+00:00,2025-02-28 09:48:11.010000+00:00,2025-02-28 09:48:19.010000+00:00,1,0,0,not_walking,0.2659901
02548893X-118,02548893X-118_block_1,2025-02-28 09:48:16.010000+00:00,2025-02-28 09:48:12.010000+00:00,2025-02-28 09:48:20.010000+00:00,1,0,0,not_walking,0.2688451
02548893X-118,02548893X-118_block_1,2025-02-28 09:48:17.010000+00:00,2025-02-28 09:48:13.010000+00:00,2025-02-28 09:48:21.010000+00:00,1,0,0,not_walking,0.2693245
02548893X-118,02548893X-118_block_1,2025-02-28 09:48:18.010000+00:00,2025-02-28 09:48:14.010000+00:00,2025-02-28 09:48:22.010000+00:00,1,0,0,not_walking,0.28568482
02548893X-118,02548893X-118_block_1,2025-02-28 09:48:19.010000+00:00,2025-02-28 09:48:15.010000+00:00,2025-02-28 09:48:23.010000+00:00,1,0,0,not_walking,0.27886516
02548893X-118,02548893X-118_block_1,2025-02-28 09:48:20.010000+00:00,2025-02-28 09:48:16.010000+00:00,2025-02-28 09:48:24.010000+00:00,1,0,0,not_walking,0.28560778
02548893X-118,02548893X-118_block_1,2025-02-28 09:48:21.010000+00:00,2025-02-28 09:48:17.010000+00:00,2025-02-28 09:48:25.010000+00:00,1,0,0,not_walking,0.30138943
02548893X-118,02548893X-118_block_1,2025-02-28 09:48:22.010000+00:00,2025-02-28 09:48:18.010000+00:00,2025-02-28 09:48:26.010000+00:00,1,0,0,not_walking,0.3055078
02548893X-118,02548893X-118_block_1,2025-02-28 09:48:23.010000+00:00,2025-02-28 09:48:19.010000+00:00,2025-02-28 09:48:27.010000+00:00,1,0,0,not_walking,0.2903086
02548893X-118,02548893X-118_block_1,2025-02-28 09:48:24.010000+00:00,2025-02-28 09:48:20.010000+00:00,2025-02-28 09:48:28.010000+00:00,1,0,0,not_walking,0.31240734
02548893X-118,02548893X-118_block_1,2025-02-28 09:48:25.010000+00:00,2025-02-28 09:48:21.010000+00:00,2025-02-28 09:48:29.010000+00:00,1,0,0,not_walking,0.28419906
02548893X-118,02548893X-118_block_1,2025-02-28 09:48:26.010000+00:00,2025-02-28 09:48:22.010000+00:00,2025-02-28 09:48:30.010000+00:00,1,0,0,not_walking,0.29230082
02548893X-118,02548893X-118_block_1,2025-02-28 09:48:27.010000+00:00,2025-02-28 09:48:23.010000+00:00,2025-02-28 09:48:31.010000+00:00,1,0,0,not_walking,0.3111286
02548893X-118,02548893X-118_block_1,2025-02-28 09:48:28.010000+00:00,2025-02-28 09:48:24.010000+00:00,2025-02-28 09:48:32.010000+00:00,1,0,0,not_walking,0.30675814
02548893X-118,02548893X-118_block_1,2025-02-28 09:48:29.010000+00:00,2025-02-28 09:48:25.010000+00:00,2025-02-28 09:48:33.010000+00:00,1,0,0,not_walking,0.32165116
02548893X-118,02548893X-118_block_1,2025-02-28 09:48:30.010000+00:00,2025-02-28 09:48:26.010000+00:00,2025-02-28 09:48:34.010000+00:00,1,0,0,not_walking,0.29684016
02548893X-118,02548893X-118_block_1,2025-02-28 09:48:31.010000+00:00,2025-02-28 09:48:27.010000+00:00,2025-02-28 09:48:35.010000+00:00,1,0,0,not_walking,0.29378352
02548893X-118,02548893X-118_block_1,2025-02-28 09:48:32.010000+00:00,2025-02-28 09:48:28.010000+00:00,2025-02-28 09:48:36.010000+00:00,1,0,0,not_walking,0.24474685
02548893X-118,02548893X-118_block_1,2025-02-28 09:48:33.010000+00:00,2025-02-28 09:48:29.010000+00:00,2025-02-28 09:48:37.010000+00:00,1,0,0,not_walking,0.28143415
02548893X-118,02548893X-118_block_1,2025-02-28 09:48:34.010000+00:00,2025-02-28 09:48:30.010000+00:00,2025-02-28 09:48:38.010000+00:00,1,0,0,not_walking,0.3226247
02548893X-118,02548893X-118_block_1,2025-02-28 09:48:35.010000+00:00,2025-02-28 09:48:31.010000+00:00,2025-02-28 09:48:39.010000+00:00,1,0,0,not_walking,0.29468036
02548893X-118,02548893X-118_block_1,2025-02-28 09:48:36.010000+00:00,2025-02-28 09:48:32.010000+00:00,2025-02-28 09:48:40.010000+00:00,1,0,0,not_walking,0.308678
02548893X-118,02548893X-118_block_1,2025-02-28 09:48:37.010000+00:00,2025-02-28 09:48:33.010000+00:00,2025-02-28 09:48:41.010000+00:00,1,0,0,not_walking,0.29775462
02548893X-118,02548893X-118_block_1,2025-02-28 09:48:38.010000+00:00,2025-02-28 09:48:34.010000+00:00,2025-02-28 09:48:42.010000+00:00,1,0,0,not_walking,0.29011557
02548893X-118,02548893X-118_block_1,2025-02-28 09:48:39.010000+00:00,2025-02-28 09:48:35.010000+00:00,2025-02-28 09:48:43.010000+00:00,1,0,0,not_walking,0.30944577
02548893X-118,02548893X-118_block_1,2025-02-28 09:48:40.010000+00:00,2025-02-28 09:48:36.010000+00:00,2025-02-28 09:48:44.010000+00:00,1,0,0,not_walking,0.29273212
02548893X-118,02548893X-118_block_1,2025-02-28 09:48:41.010000+00:00,2025-02-28 09:48:37.010000+00:00,2025-02-28 09:48:45.010000+00:00,1,0,0,not_walking,0.2833657
02548893X-118,02548893X-118_block_1,2025-02-28 09:48:42.010000+00:00,2025-02-28 09:48:38.010000+00:00,2025-02-28 09:48:46.010000+00:00,1,0,0,not_walking,0.31038618
02548893X-118,02548893X-118_block_1,2025-02-28 09:48:43.010000+00:00,2025-02-28 09:48:39.010000+00:00,2025-02-28 09:48:47.010000+00:00,1,0,0,not_walking,0.28620002
02548893X-118,02548893X-118_block_1,2025-02-28 09:48:44.010000+00:00,2025-02-28 09:48:40.010000+00:00,2025-02-28 09:48:48.010000+00:00,1,0,0,not_walking,0.30187288
02548893X-118,02548893X-118_block_1,2025-02-28 09:48:45.010000+00:00,2025-02-28 09:48:41.010000+00:00,2025-02-28 09:48:49.010000+00:00,1,0,0,not_walking,0.2905777
02548893X-118,02548893X-118_block_1,2025-02-28 09:48:46.010000+00:00,2025-02-28 09:48:42.010000+00:00,2025-02-28 09:48:50.010000+00:00,1,0,0,not_walking,0.29567593
02548893X-118,02548893X-118_block_1,2025-02-28 09:48:47.010000+00:00,2025-02-28 09:48:43.010000+00:00,2025-02-28 09:48:51.010000+00:00,1,0,0,not_walking,0.29244602
02548893X-118,02548893X-118_block_1,2025-02-28 09:48:48.010000+00:00,2025-02-28 09:48:44.010000+00:00,2025-02-28 09:48:52.010000+00:00,1,0,0,not_walking,0.29527384
02548893X-118,02548893X-118_block_1,2025-02-28 09:48:49.010000+00:00,2025-02-28 09:48:45.010000+00:00,2025-02-28 09:48:53.010000+00:00,1,0,0,not_walking,0.2968459
02548893X-118,02548893X-118_block_1,2025-02-28 09:48:50.010000+00:00,2025-02-28 09:48:46.010000+00:00,2025-02-28 09:48:54.010000+00:00,1,0,0,not_walking,0.30941013
02548893X-118,02548893X-118_block_1,2025-02-28 09:48:51.010000+00:00,2025-02-28 09:48:47.010000+00:00,2025-02-28 09:48:55.010000+00:00,1,0,0,not_walking,0.3121045
02548893X-118,02548893X-118_block_1,2025-02-28 09:48:52.010000+00:00,2025-02-28 09:48:48.010000+00:00,2025-02-28 09:48:56.010000+00:00,1,0,0,not_walking,0.28657007
02548893X-118,02548893X-118_block_1,2025-02-28 09:48:53.010000+00:00,2025-02-28 09:48:49.010000+00:00,2025-02-28 09:48:57.010000+00:00,1,0,0,not_walking,0.2760606
02548893X-118,02548893X-118_block_1,2025-02-28 09:48:54.010000+00:00,2025-02-28 09:48:50.010000+00:00,2025-02-28 09:48:58.010000+00:00,1,0,0,not_walking,0.26842988
02548893X-118,02548893X-118_block_1,2025-02-28 09:48:55.010000+00:00,2025-02-28 09:48:51.010000+00:00,2025-02-28 09:48:59.010000+00:00,1,0,0,not_walking,0.26258904
02548893X-118,02548893X-118_block_1,2025-02-28 09:48:56.010000+00:00,2025-02-28 09:48:52.010000+00:00,2025-02-28 09:49:00.010000+00:00,1,0,0,not_walking,0.25975788
02548893X-118,02548893X-118_block_1,2025-02-28 09:48:57.010000+00:00,2025-02-28 09:48:53.010000+00:00,2025-02-28 09:49:01.010000+00:00,1,0,0,not_walking,0.2568661
02548893X-118,02548893X-118_block_1,2025-02-28 09:48:58.010000+00:00,2025-02-28 09:48:54.010000+00:00,2025-02-28 09:49:02.010000+00:00,1,0,0,not_walking,0.26050857
02548893X-118,02548893X-118_block_1,2025-02-28 09:48:59.010000+00:00,2025-02-28 09:48:55.010000+00:00,2025-02-28 09:49:03.010000+00:00,1,0,0,not_walking,0.26859698
02548893X-118,02548893X-118_block_1,2025-02-28 09:49:00.010000+00:00,2025-02-28 09:48:56.010000+00:00,2025-02-28 09:49:04.010000+00:00,1,0,0,not_walking,0.25865516
02548893X-118,02548893X-118_block_1,2025-02-28 09:49:01.010000+00:00,2025-02-28 09:48:57.010000+00:00,2025-02-28 09:49:05.010000+00:00,1,0,0,not_walking,0.26214668
02548893X-118,02548893X-118_block_1,2025-02-28 09:49:02.010000+00:00,2025-02-28 09:48:58.010000+00:00,2025-02-28 09:49:06.010000+00:00,1,0,0,not_walking,0.24637061
02548893X-118,02548893X-118_block_1,2025-02-28 09:49:03.010000+00:00,2025-02-28 09:48:59.010000+00:00,2025-02-28 09:49:07.010000+00:00,1,0,0,not_walking,0.25627387
02548893X-118,02548893X-118_block_1,2025-02-28 09:49:04.010000+00:00,2025-02-28 09:49:00.010000+00:00,2025-02-28 09:49:08.010000+00:00,1,0,0,not_walking,0.27556884
02548893X-118,02548893X-118_block_1,2025-02-28 09:49:05.010000+00:00,2025-02-28 09:49:01.010000+00:00,2025-02-28 09:49:09.010000+00:00,1,0,0,not_walking,0.25769386
02548893X-118,02548893X-118_block_1,2025-02-28 09:49:06.010000+00:00,2025-02-28 09:49:02.010000+00:00,2025-02-28 09:49:10.010000+00:00,1,0,0,not_walking,0.26506272
02548893X-118,02548893X-118_block_1,2025-02-28 09:49:07.010000+00:00,2025-02-28 09:49:03.010000+00:00,2025-02-28 09:49:11.010000+00:00,1,0,0,not_walking,0.26391974
02548893X-118,02548893X-118_block_1,2025-02-28 09:49:08.010000+00:00,2025-02-28 09:49:04.010000+00:00,2025-02-28 09:49:12.010000+00:00,1,0,0,not_walking,0.26449087
02548893X-118,02548893X-118_block_1,2025-02-28 09:49:09.010000+00:00,2025-02-28 09:49:05.010000+00:00,2025-02-28 09:49:13.010000+00:00,1,0,0,not_walking,0.2542027
02548893X-118,02548893X-118_block_1,2025-02-28 09:49:10.010000+00:00,2025-02-28 09:49:06.010000+00:00,2025-02-28 09:49:14.010000+00:00,1,0,0,not_walking,0.25082606
02548893X-118,02548893X-118_block_1,2025-02-28 09:49:11.010000+00:00,2025-02-28 09:49:07.010000+00:00,2025-02-28 09:49:15.010000+00:00,1,0,0,not_walking,0.2741001
02548893X-118,02548893X-118_block_1,2025-02-28 09:49:12.010000+00:00,2025-02-28 09:49:08.010000+00:00,2025-02-28 09:49:16.010000+00:00,1,0,0,not_walking,0.2974879
02548893X-118,02548893X-118_block_1,2025-02-28 09:49:13.010000+00:00,2025-02-28 09:49:09.010000+00:00,2025-02-28 09:49:17.010000+00:00,1,0,0,not_walking,0.2890532
02548893X-118,02548893X-118_block_1,2025-02-28 09:49:14.010000+00:00,2025-02-28 09:49:10.010000+00:00,2025-02-28 09:49:18.010000+00:00,1,0,0,not_walking,0.29214093
02548893X-118,02548893X-118_block_1,2025-02-28 09:49:15.010000+00:00,2025-02-28 09:49:11.010000+00:00,2025-02-28 09:49:19.010000+00:00,1,0,0,not_walking,0.27023888
02548893X-118,02548893X-118_block_1,2025-02-28 09:49:16.010000+00:00,2025-02-28 09:49:12.010000+00:00,2025-02-28 09:49:20.010000+00:00,1,0,0,not_walking,0.26630685
02548893X-118,02548893X-118_block_1,2025-02-28 09:49:17.010000+00:00,2025-02-28 09:49:13.010000+00:00,2025-02-28 09:49:21.010000+00:00,1,0,0,not_walking,0.2657678
02548893X-118,02548893X-118_block_1,2025-02-28 09:49:18.010000+00:00,2025-02-28 09:49:14.010000+00:00,2025-02-28 09:49:22.010000+00:00,1,0,0,not_walking,0.25907838
02548893X-118,02548893X-118_block_1,2025-02-28 09:49:19.010000+00:00,2025-02-28 09:49:15.010000+00:00,2025-02-28 09:49:23.010000+00:00,1,0,0,not_walking,0.24646804
02548893X-118,02548893X-118_block_1,2025-02-28 09:49:20.010000+00:00,2025-02-28 09:49:16.010000+00:00,2025-02-28 09:49:24.010000+00:00,1,0,0,not_walking,0.2619159
02548893X-118,02548893X-118_block_1,2025-02-28 09:49:21.010000+00:00,2025-02-28 09:49:17.010000+00:00,2025-02-28 09:49:25.010000+00:00,1,0,0,not_walking,0.2792613
02548893X-118,02548893X-118_block_1,2025-02-28 09:49:22.010000+00:00,2025-02-28 09:49:18.010000+00:00,2025-02-28 09:49:26.010000+00:00,1,0,0,not_walking,0.29453242
02548893X-118,02548893X-118_block_1,2025-02-28 09:49:23.010000+00:00,2025-02-28 09:49:19.010000+00:00,2025-02-28 09:49:27.010000+00:00,1,0,0,not_walking,0.31901148
02548893X-118,02548893X-118_block_1,2025-02-28 09:49:24.010000+00:00,2025-02-28 09:49:20.010000+00:00,2025-02-28 09:49:28.010000+00:00,1,0,0,not_walking,0.2825413
02548893X-118,02548893X-118_block_1,2025-02-28 09:49:25.010000+00:00,2025-02-28 09:49:21.010000+00:00,2025-02-28 09:49:29.010000+00:00,1,0,0,not_walking,0.29109296
02548893X-118,02548893X-118_block_1,2025-02-28 09:49:26.010000+00:00,2025-02-28 09:49:22.010000+00:00,2025-02-28 09:49:30.010000+00:00,1,0,0,not_walking,0.2972587
02548893X-118,02548893X-118_block_1,2025-02-28 09:49:27.010000+00:00,2025-02-28 09:49:23.010000+00:00,2025-02-28 09:49:31.010000+00:00,1,0,0,not_walking,0.29932627
02548893X-118,02548893X-118_block_1,2025-02-28 09:49:28.010000+00:00,2025-02-28 09:49:24.010000+00:00,2025-02-28 09:49:32.010000+00:00,1,0,0,not_walking,0.3580229
02548893X-118,02548893X-118_block_1,2025-02-28 09:49:29.010000+00:00,2025-02-28 09:49:25.010000+00:00,2025-02-28 09:49:33.010000+00:00,1,0,0,not_walking,0.4770753
02548893X-118,02548893X-118_block_1,2025-02-28 09:49:30.010000+00:00,2025-02-28 09:49:26.010000+00:00,2025-02-28 09:49:34.010000+00:00,1,0,1,walking,0.59297687
02548893X-118,02548893X-118_block_1,2025-02-28 09:49:31.010000+00:00,2025-02-28 09:49:27.010000+00:00,2025-02-28 09:49:35.010000+00:00,1,0,1,walking,0.5718131
02548893X-118,02548893X-118_block_1,2025-02-28 09:49:32.010000+00:00,2025-02-28 09:49:28.010000+00:00,2025-02-28 09:49:36.010000+00:00,1,0,0,not_walking,0.46212992
02548893X-118,02548893X-118_block_1,2025-02-28 09:49:33.010000+00:00,2025-02-28 09:49:29.010000+00:00,2025-02-28 09:49:37.010000+00:00,1,0,1,walking,0.6232151
02548893X-118,02548893X-118_block_1,2025-02-28 09:49:34.010000+00:00,2025-02-28 09:49:30.010000+00:00,2025-02-28 09:49:38.010000+00:00,1,0,0,not_walking,0.2834617
02548893X-118,02548893X-118_block_1,2025-02-28 09:49:35.010000+00:00,2025-02-28 09:49:31.010000+00:00,2025-02-28 09:49:39.010000+00:00,1,0,0,not_walking,0.39580944
02548893X-118,02548893X-118_block_1,2025-02-28 09:49:36.010000+00:00,2025-02-28 09:49:32.010000+00:00,2025-02-28 09:49:40.010000+00:00,1,0,0,not_walking,0.34249118
02548893X-118,02548893X-118_block_1,2025-02-28 09:49:37.010000+00:00,2025-02-28 09:49:33.010000+00:00,2025-02-28 09:49:41.010000+00:00,1,0,0,not_walking,0.3711817
02548893X-118,02548893X-118_block_1,2025-02-28 09:49:38.010000+00:00,2025-02-28 09:49:34.010000+00:00,2025-02-28 09:49:42.010000+00:00,1,0,0,not_walking,0.44025403
02548893X-118,02548893X-118_block_1,2025-02-28 09:49:39.010000+00:00,2025-02-28 09:49:35.010000+00:00,2025-02-28 09:49:43.010000+00:00,1,0,1,walking,0.51658225
02548893X-118,02548893X-118_block_1,2025-02-28 09:49:40.010000+00:00,2025-02-28 09:49:36.010000+00:00,2025-02-28 09:49:44.010000+00:00,1,0,1,walking,0.6437454
02548893X-118,02548893X-118_block_1,2025-02-28 09:49:41.010000+00:00,2025-02-28 09:49:37.010000+00:00,2025-02-28 09:49:45.010000+00:00,1,0,1,walking,0.61476684
02548893X-118,02548893X-118_block_1,2025-02-28 09:49:42.010000+00:00,2025-02-28 09:49:38.010000+00:00,2025-02-28 09:49:46.010000+00:00,1,0,0,not_walking,0.38469583
02548893X-118,02548893X-118_block_1,2025-02-28 09:49:43.010000+00:00,2025-02-28 09:49:39.010000+00:00,2025-02-28 09:49:47.010000+00:00,1,0,0,not_walking,0.45710793
02548893X-118,02548893X-118_block_1,2025-02-28 09:49:44.010000+00:00,2025-02-28 09:49:40.010000+00:00,2025-02-28 09:49:48.010000+00:00,1,0,0,not_walking,0.39371464
02548893X-118,02548893X-118_block_1,2025-02-28 09:49:45.010000+00:00,2025-02-28 09:49:41.010000+00:00,2025-02-28 09:49:49.010000+00:00,1,0,1,walking,0.59018666
02548893X-118,02548893X-118_block_1,2025-02-28 09:49:46.010000+00:00,2025-02-28 09:49:42.010000+00:00,2025-02-28 09:49:50.010000+00:00,1,0,1,walking,0.57387537
02548893X-118,02548893X-118_block_1,2025-02-28 09:49:47.010000+00:00,2025-02-28 09:49:43.010000+00:00,2025-02-28 09:49:51.010000+00:00,1,0,1,walking,0.64318305
02548893X-118,02548893X-118_block_1,2025-02-28 09:49:48.010000+00:00,2025-02-28 09:49:44.010000+00:00,2025-02-28 09:49:52.010000+00:00,1,0,1,walking,0.5893688
02548893X-118,02548893X-118_block_1,2025-02-28 09:49:49.010000+00:00,2025-02-28 09:49:45.010000+00:00,2025-02-28 09:49:53.010000+00:00,1,0,1,walking,0.73442423
02548893X-118,02548893X-118_block_1,2025-02-28 09:49:50.010000+00:00,2025-02-28 09:49:46.010000+00:00,2025-02-28 09:49:54.010000+00:00,1,0,1,walking,0.71037525
02548893X-118,02548893X-118_block_1,2025-02-28 09:49:51.010000+00:00,2025-02-28 09:49:47.010000+00:00,2025-02-28 09:49:55.010000+00:00,1,0,1,walking,0.8097231
02548893X-118,02548893X-118_block_1,2025-02-28 09:49:52.010000+00:00,2025-02-28 09:49:48.010000+00:00,2025-02-28 09:49:56.010000+00:00,1,0,1,walking,0.80595106
02548893X-118,02548893X-118_block_1,2025-02-28 09:49:53.010000+00:00,2025-02-28 09:49:49.010000+00:00,2025-02-28 09:49:57.010000+00:00,1,0,1,walking,0.7545904
02548893X-118,02548893X-118_block_1,2025-02-28 09:49:54.010000+00:00,2025-02-28 09:49:50.010000+00:00,2025-02-28 09:49:58.010000+00:00,1,0,1,walking,0.7054297
02548893X-118,02548893X-118_block_1,2025-02-28 09:49:55.010000+00:00,2025-02-28 09:49:51.010000+00:00,2025-02-28 09:49:59.010000+00:00,1,0,1,walking,0.7074209
02548893X-118,02548893X-118_block_1,2025-02-28 09:49:56.010000+00:00,2025-02-28 09:49:52.010000+00:00,2025-02-28 09:50:00.010000+00:00,1,0,1,walking,0.80935514
02548893X-118,02548893X-118_block_1,2025-02-28 09:49:57.010000+00:00,2025-02-28 09:49:53.010000+00:00,2025-02-28 09:50:01.010000+00:00,1,0,1,walking,0.8214527
02548893X-118,02548893X-118_block_1,2025-02-28 09:49:58.010000+00:00,2025-02-28 09:49:54.010000+00:00,2025-02-28 09:50:02.010000+00:00,1,0,1,walking,0.74003685
02548893X-118,02548893X-118_block_1,2025-02-28 09:49:59.010000+00:00,2025-02-28 09:49:55.010000+00:00,2025-02-28 09:50:03.010000+00:00,1,0,1,walking,0.73810357
02548893X-118,02548893X-118_block_1,2025-02-28 09:50:00.010000+00:00,2025-02-28 09:49:56.010000+00:00,2025-02-28 09:50:04.010000+00:00,1,0,1,walking,0.705005
02548893X-118,02548893X-118_block_1,2025-02-28 09:50:01.010000+00:00,2025-02-28 09:49:57.010000+00:00,2025-02-28 09:50:05.010000+00:00,1,0,1,walking,0.6990801
04845288Q-121,04845288Q-121_block_2,2025-03-01 11:32:22.010000+00:00,2025-03-01 11:32:18.010000+00:00,2025-03-01 11:32:26.010000+00:00,2,1,1,walking,0.5406877
04845288Q-121,04845288Q-121_block_2,2025-03-01 11:32:23.010000+00:00,2025-03-01 11:32:19.010000+00:00,2025-03-01 11:32:27.010000+00:00,2,1,1,walking,0.50254565
04845288Q-121,04845288Q-121_block_2,2025-03-01 11:32:24.010000+00:00,2025-03-01 11:32:20.010000+00:00,2025-03-01 11:32:28.010000+00:00,2,1,1,walking,0.7913936
04845288Q-121,04845288Q-121_block_2,2025-03-01 11:32:25.010000+00:00,2025-03-01 11:32:21.010000+00:00,2025-03-01 11:32:29.010000+00:00,2,1,1,walking,0.63872385
04845288Q-121,04845288Q-121_block_2,2025-03-01 11:32:26.010000+00:00,2025-03-01 11:32:22.010000+00:00,2025-03-01 11:32:30.010000+00:00,2,1,0,not_walking,0.49247986
04845288Q-121,04845288Q-121_block_2,2025-03-01 11:32:27.010000+00:00,2025-03-01 11:32:23.010000+00:00,2025-03-01 11:32:31.010000+00:00,2,1,1,walking,0.8400926
04845288Q-121,04845288Q-121_block_2,2025-03-01 11:32:28.010000+00:00,2025-03-01 11:32:24.010000+00:00,2025-03-01 11:32:32.010000+00:00,2,1,0,not_walking,0.38202
04845288Q-121,04845288Q-121_block_2,2025-03-01 11:32:29.010000+00:00,2025-03-01 11:32:25.010000+00:00,2025-03-01 11:32:33.010000+00:00,2,1,1,walking,0.6478725
04845288Q-121,04845288Q-121_block_2,2025-03-01 11:32:30.010000+00:00,2025-03-01 11:32:26.010000+00:00,2025-03-01 11:32:34.010000+00:00,2,0,1,walking,0.58479273
04845288Q-121,04845288Q-121_block_2,2025-03-01 11:32:31.010000+00:00,2025-03-01 11:32:27.010000+00:00,2025-03-01 11:32:35.010000+00:00,2,0,0,not_walking,0.44458726
04845288Q-121,04845288Q-121_block_2,2025-03-01 11:32:32.010000+00:00,2025-03-01 11:32:28.010000+00:00,2025-03-01 11:32:36.010000+00:00,2,0,1,walking,0.6247103
04845288Q-121,04845288Q-121_block_2,2025-03-01 11:32:33.010000+00:00,2025-03-01 11:32:29.010000+00:00,2025-03-01 11:32:37.010000+00:00,2,0,0,not_walking,0.4883245
04845288Q-121,04845288Q-121_block_2,2025-03-01 11:32:34.010000+00:00,2025-03-01 11:32:30.010000+00:00,2025-03-01 11:32:38.010000+00:00,2,0,1,walking,0.70541257
04845288Q-121,04845288Q-121_block_2,2025-03-01 11:32:35.010000+00:00,2025-03-01 11:32:31.010000+00:00,2025-03-01 11:32:39.010000+00:00,2,0,0,not_walking,0.29839653
04845288Q-121,04845288Q-121_block_2,2025-03-01 11:32:36.010000+00:00,2025-03-01 11:32:32.010000+00:00,2025-03-01 11:32:40.010000+00:00,2,0,1,walking,0.71880007
04845288Q-121,04845288Q-121_block_2,2025-03-01 11:32:37.010000+00:00,2025-03-01 11:32:33.010000+00:00,2025-03-01 11:32:41.010000+00:00,2,0,1,walking,0.50371325
04845288Q-121,04845288Q-121_block_2,2025-03-01 11:32:38.010000+00:00,2025-03-01 11:32:34.010000+00:00,2025-03-01 11:32:42.010000+00:00,2,0,1,walking,0.918958
04845288Q-121,04845288Q-121_block_2,2025-03-01 11:32:39.010000+00:00,2025-03-01 11:32:35.010000+00:00,2025-03-01 11:32:43.010000+00:00,2,0,1,walking,0.628829
04845288Q-121,04845288Q-121_block_2,2025-03-01 11:32:40.010000+00:00,2025-03-01 11:32:36.010000+00:00,2025-03-01 11:32:44.010000+00:00,2,0,1,walking,0.5955059
04845288Q-121,04845288Q-121_block_2,2025-03-01 11:32:41.010000+00:00,2025-03-01 11:32:37.010000+00:00,2025-03-01 11:32:45.010000+00:00,2,0,1,walking,0.5625686
04845288Q-121,04845288Q-121_block_2,2025-03-01 11:32:42.010000+00:00,2025-03-01 11:32:38.010000+00:00,2025-03-01 11:32:46.010000+00:00,2,1,1,walking,0.7014517
04845288Q-121,04845288Q-121_block_2,2025-03-01 11:32:43.010000+00:00,2025-03-01 11:32:39.010000+00:00,2025-03-01 11:32:47.010000+00:00,2,1,1,walking,0.6275668
04845288Q-121,04845288Q-121_block_2,2025-03-01 11:32:44.010000+00:00,2025-03-01 11:32:40.010000+00:00,2025-03-01 11:32:48.010000+00:00,2,1,1,walking,0.7619999
04845288Q-121,04845288Q-121_block_2,2025-03-01 11:32:45.010000+00:00,2025-03-01 11:32:41.010000+00:00,2025-03-01 11:32:49.010000+00:00,2,1,1,walking,0.67689353
04845288Q-121,04845288Q-121_block_2,2025-03-01 11:32:46.010000+00:00,2025-03-01 11:32:42.010000+00:00,2025-03-01 11:32:50.010000+00:00,2,1,1,walking,0.6642579
04845288Q-121,04845288Q-121_block_2,2025-03-01 11:32:47.010000+00:00,2025-03-01 11:32:43.010000+00:00,2025-03-01 11:32:51.010000+00:00,2,1,1,walking,0.5950009
04845288Q-121,04845288Q-121_block_2,2025-03-01 11:32:48.010000+00:00,2025-03-01 11:32:44.010000+00:00,2025-03-01 11:32:52.010000+00:00,2,1,0,not_walking,0.35754722
04845288Q-121,04845288Q-121_block_2,2025-03-01 11:32:49.010000+00:00,2025-03-01 11:32:45.010000+00:00,2025-03-01 11:32:53.010000+00:00,2,0,1,walking,0.8891822
04845288Q-121,04845288Q-121_block_2,2025-03-01 11:32:50.010000+00:00,2025-03-01 11:32:46.010000+00:00,2025-03-01 11:32:54.010000+00:00,2,0,1,walking,0.6153945
04845288Q-121,04845288Q-121_block_2,2025-03-01 11:32:51.010000+00:00,2025-03-01 11:32:47.010000+00:00,2025-03-01 11:32:55.010000+00:00,2,0,1,walking,0.8496953
04845288Q-121,04845288Q-121_block_2,2025-03-01 11:32:52.010000+00:00,2025-03-01 11:32:48.010000+00:00,2025-03-01 11:32:56.010000+00:00,2,0,0,not_walking,0.467173
04845288Q-121,04845288Q-121_block_2,2025-03-01 11:32:53.010000+00:00,2025-03-01 11:32:49.010000+00:00,2025-03-01 11:32:57.010000+00:00,2,0,1,walking,0.61683196
04845288Q-121,04845288Q-121_block_2,2025-03-01 11:32:54.010000+00:00,2025-03-01 11:32:50.010000+00:00,2025-03-01 11:32:58.010000+00:00,2,0,1,walking,0.6324687
04845288Q-121,04845288Q-121_block_2,2025-03-01 11:32:55.010000+00:00,2025-03-01 11:32:51.010000+00:00,2025-03-01 11:32:59.010000+00:00,2,0,1,walking,0.725769
04845288Q-121,04845288Q-121_block_2,2025-03-01 11:32:56.010000+00:00,2025-03-01 11:32:52.010000+00:00,2025-03-01 11:33:00.010000+00:00,2,0,1,walking,0.85853076
04845288Q-121,04845288Q-121_block_2,2025-03-01 11:32:57.010000+00:00,2025-03-01 11:32:53.010000+00:00,2025-03-01 11:33:01.010000+00:00,2,0,1,walking,0.62400556
04845288Q-121,04845288Q-121_block_2,2025-03-01 11:32:58.010000+00:00,2025-03-01 11:32:54.010000+00:00,2025-03-01 11:33:02.010000+00:00,2,0,1,walking,0.6383252
04845288Q-121,04845288Q-121_block_2,2025-03-01 11:32:59.010000+00:00,2025-03-01 11:32:55.010000+00:00,2025-03-01 11:33:03.010000+00:00,2,0,1,walking,0.7800498
04845288Q-121,04845288Q-121_block_2,2025-03-01 11:33:00.010000+00:00,2025-03-01 11:32:56.010000+00:00,2025-03-01 11:33:04.010000+00:00,2,0,1,walking,0.6969333
04845288Q-121,04845288Q-121_block_2,2025-03-01 11:33:01.010000+00:00,2025-03-01 11:32:57.010000+00:00,2025-03-01 11:33:09.010000+00:00,2,0,1,walking,0.5907135
04845288Q-121,04845288Q-121_block_2,2025-03-01 11:33:02.010000+00:00,2025-03-01 11:32:58.010000+00:00,2025-03-01 11:33:10.010000+00:00,2,0,1,walking,0.7661981
04845288Q-121,04845288Q-121_block_2,2025-03-01 11:33:03.010000+00:00,2025-03-01 11:32:59.010000+00:00,2025-03-01 11:33:11.010000+00:00,2,0,1,walking,0.5934734
04845288Q-121,04845288Q-121_block_2,2025-03-01 11:33:04.010000+00:00,2025-03-01 11:33:00.010000+00:00,2025-03-01 11:33:12.010000+00:00,2,0,1,walking,0.76033133
04845288Q-121,04845288Q-121_block_2,2025-03-01 11:33:09.010000+00:00,2025-03-01 11:33:01.010000+00:00,2025-03-01 11:33:13.010000+00:00,2,0,1,walking,0.62668526
04845288Q-121,04845288Q-121_block_2,2025-03-01 11:33:10.010000+00:00,2025-03-01 11:33:02.010000+00:00,2025-03-01 11:33:14.010000+00:00,2,0,1,walking,0.7980606
04845288Q-121,04845288Q-121_block_2,2025-03-01 11:33:11.010000+00:00,2025-03-01 11:33:03.010000+00:00,2025-03-01 11:33:15.010000+00:00,2,0,1,walking,0.67021894
04845288Q-121,04845288Q-121_block_2,2025-03-01 11:33:12.010000+00:00,2025-03-01 11:33:04.010000+00:00,2025-03-01 11:33:16.010000+00:00,2,0,1,walking,0.72641706
04845288Q-121,04845288Q-121_block_2,2025-03-01 11:33:13.010000+00:00,2025-03-01 11:33:09.010000+00:00,2025-03-01 11:33:17.010000+00:00,2,0,1,walking,0.6667166
04845288Q-121,04845288Q-121_block_2,2025-03-01 11:33:14.010000+00:00,2025-03-01 11:33:10.010000+00:00,2025-03-01 11:33:18.010000+00:00,2,0,1,walking,0.6323813
04845288Q-121,04845288Q-121_block_2,2025-03-01 11:33:15.010000+00:00,2025-03-01 11:33:11.010000+00:00,2025-03-01 11:33:19.010000+00:00,2,0,1,walking,0.6067415
04845288Q-121,04845288Q-121_block_2,2025-03-01 11:33:16.010000+00:00,2025-03-01 11:33:12.010000+00:00,2025-03-01 11:33:20.010000+00:00,2,0,1,walking,0.6693511
04845288Q-121,04845288Q-121_block_2,2025-03-01 11:33:17.010000+00:00,2025-03-01 11:33:13.010000+00:00,2025-03-01 11:33:21.010000+00:00,2,0,1,walking,0.5353092
04845288Q-121,04845288Q-121_block_2,2025-03-01 11:33:18.010000+00:00,2025-03-01 11:33:14.010000+00:00,2025-03-01 11:33:22.010000+00:00,2,0,1,walking,0.6601463
04845288Q-121,04845288Q-121_block_2,2025-03-01 11:33:19.010000+00:00,2025-03-01 11:33:15.010000+00:00,2025-03-01 11:33:23.010000+00:00,2,0,1,walking,0.7385918
04845288Q-121,04845288Q-121_block_2,2025-03-01 11:33:20.010000+00:00,2025-03-01 11:33:16.010000+00:00,2025-03-01 11:33:24.010000+00:00,2,0,1,walking,0.6046135
04845288Q-121,04845288Q-121_block_2,2025-03-01 11:33:21.010000+00:00,2025-03-01 11:33:17.010000+00:00,2025-03-01 11:33:25.010000+00:00,2,0,1,walking,0.54895145
04845288Q-121,04845288Q-121_block_2,2025-03-01 11:33:22.010000+00:00,2025-03-01 11:33:18.010000+00:00,2025-03-01 11:33:26.010000+00:00,2,0,1,walking,0.5260184
04845288Q-121,04845288Q-121_block_2,2025-03-01 11:33:23.010000+00:00,2025-03-01 11:33:19.010000+00:00,2025-03-01 11:33:27.010000+00:00,2,0,1,walking,0.5778784
04845288Q-121,04845288Q-121_block_2,2025-03-01 11:33:24.010000+00:00,2025-03-01 11:33:20.010000+00:00,2025-03-01 11:33:28.010000+00:00,2,0,1,walking,0.57832974
04845288Q-121,04845288Q-121_block_2,2025-03-01 11:33:25.010000+00:00,2025-03-01 11:33:21.010000+00:00,2025-03-01 11:33:29.010000+00:00,2,0,1,walking,0.84363157
04845288Q-121,04845288Q-121_block_2,2025-03-01 11:33:26.010000+00:00,2025-03-01 11:33:22.010000+00:00,2025-03-01 11:33:30.010000+00:00,2,0,1,walking,0.62144136
04845288Q-121,04845288Q-121_block_2,2025-03-01 11:33:27.010000+00:00,2025-03-01 11:33:23.010000+00:00,2025-03-01 11:33:31.010000+00:00,2,0,1,walking,0.65794575
04845288Q-121,04845288Q-121_block_2,2025-03-01 11:33:28.010000+00:00,2025-03-01 11:33:24.010000+00:00,2025-03-01 11:33:32.010000+00:00,2,0,1,walking,0.7636766
04845288Q-121,04845288Q-121_block_2,2025-03-01 11:33:29.010000+00:00,2025-03-01 11:33:25.010000+00:00,2025-03-01 11:33:33.010000+00:00,2,0,1,walking,0.65944546
04845288Q-121,04845288Q-121_block_2,2025-03-01 11:33:30.010000+00:00,2025-03-01 11:33:26.010000+00:00,2025-03-01 11:33:34.010000+00:00,2,0,1,walking,0.6132057
04845288Q-121,04845288Q-121_block_2,2025-03-01 11:33:31.010000+00:00,2025-03-01 11:33:27.010000+00:00,2025-03-01 11:33:35.010000+00:00,2,0,1,walking,0.6579514
04845288Q-121,04845288Q-121_block_2,2025-03-01 11:33:32.010000+00:00,2025-03-01 11:33:28.010000+00:00,2025-03-01 11:33:36.010000+00:00,2,0,1,walking,0.85775596
04845288Q-121,04845288Q-121_block_2,2025-03-01 11:33:33.010000+00:00,2025-03-01 11:33:29.010000+00:00,2025-03-01 11:33:37.010000+00:00,2,0,1,walking,0.5772116
04845288Q-121,04845288Q-121_block_2,2025-03-01 11:33:34.010000+00:00,2025-03-01 11:33:30.010000+00:00,2025-03-01 11:33:38.010000+00:00,2,0,1,walking,0.7065236
04845288Q-121,04845288Q-121_block_2,2025-03-01 11:33:35.010000+00:00,2025-03-01 11:33:31.010000+00:00,2025-03-01 11:33:39.010000+00:00,2,0,1,walking,0.7022852
04845288Q-121,04845288Q-121_block_2,2025-03-01 11:33:36.010000+00:00,2025-03-01 11:33:32.010000+00:00,2025-03-01 11:33:40.010000+00:00,2,0,1,walking,0.6451714
04845288Q-121,04845288Q-121_block_2,2025-03-01 11:33:37.010000+00:00,2025-03-01 11:33:33.010000+00:00,2025-03-01 11:33:41.010000+00:00,2,0,1,walking,0.6661062
04845288Q-121,04845288Q-121_block_2,2025-03-01 11:33:38.010000+00:00,2025-03-01 11:33:34.010000+00:00,2025-03-01 11:33:42.010000+00:00,2,0,1,walking,0.8008357
04845288Q-121,04845288Q-121_block_2,2025-03-01 11:33:39.010000+00:00,2025-03-01 11:33:35.010000+00:00,2025-03-01 11:33:43.010000+00:00,2,0,1,walking,0.6522778
04845288Q-121,04845288Q-121_block_2,2025-03-01 11:33:40.010000+00:00,2025-03-01 11:33:36.010000+00:00,2025-03-01 11:33:44.010000+00:00,2,0,1,walking,0.6407773
04845288Q-121,04845288Q-121_block_2,2025-03-01 11:33:41.010000+00:00,2025-03-01 11:33:37.010000+00:00,2025-03-01 11:33:45.010000+00:00,2,0,0,not_walking,0.46454495
04845288Q-121,04845288Q-121_block_2,2025-03-01 11:33:42.010000+00:00,2025-03-01 11:33:38.010000+00:00,2025-03-01 11:33:46.010000+00:00,2,0,1,walking,0.6760208
04845288Q-121,04845288Q-121_block_2,2025-03-01 11:33:43.010000+00:00,2025-03-01 11:33:39.010000+00:00,2025-03-01 11:33:47.010000+00:00,2,0,1,walking,0.5265228
04845288Q-121,04845288Q-121_block_2,2025-03-01 11:33:44.010000+00:00,2025-03-01 11:33:40.010000+00:00,2025-03-01 11:33:48.010000+00:00,2,0,0,not_walking,0.42966777
04845288Q-121,04845288Q-121_block_2,2025-03-01 11:33:45.010000+00:00,2025-03-01 11:33:41.010000+00:00,2025-03-01 11:33:49.010000+00:00,2,0,1,walking,0.75317
04845288Q-121,04845288Q-121_block_2,2025-03-01 11:33:46.010000+00:00,2025-03-01 11:33:42.010000+00:00,2025-03-01 11:33:50.010000+00:00,2,0,1,walking,0.67262995
04845288Q-121,04845288Q-121_block_2,2025-03-01 11:33:47.010000+00:00,2025-03-01 11:33:43.010000+00:00,2025-03-01 11:33:51.010000+00:00,2,0,1,walking,0.72827464
04845288Q-121,04845288Q-121_block_2,2025-03-01 11:33:48.010000+00:00,2025-03-01 11:33:44.010000+00:00,2025-03-01 11:33:52.010000+00:00,2,0,1,walking,0.6808505
04845288Q-121,04845288Q-121_block_2,2025-03-01 11:33:49.010000+00:00,2025-03-01 11:33:45.010000+00:00,2025-03-01 11:33:53.010000+00:00,2,0,1,walking,0.7644574
04845288Q-121,04845288Q-121_block_2,2025-03-01 11:33:50.010000+00:00,2025-03-01 11:33:46.010000+00:00,2025-03-01 11:33:54.010000+00:00,2,0,1,walking,0.66443765
04845288Q-121,04845288Q-121_block_2,2025-03-01 11:33:51.010000+00:00,2025-03-01 11:33:47.010000+00:00,2025-03-01 11:33:55.010000+00:00,2,0,1,walking,0.6460093
04845288Q-121,04845288Q-121_block_2,2025-03-01 11:33:52.010000+00:00,2025-03-01 11:33:48.010000+00:00,2025-03-01 11:33:56.010000+00:00,2,0,1,walking,0.79557097
04845288Q-121,04845288Q-121_block_2,2025-03-01 11:33:53.010000+00:00,2025-03-01 11:33:49.010000+00:00,2025-03-01 11:33:57.010000+00:00,2,0,1,walking,0.7682741
04845288Q-121,04845288Q-121_block_2,2025-03-01 11:33:54.010000+00:00,2025-03-01 11:33:50.010000+00:00,2025-03-01 11:33:58.010000+00:00,2,0,1,walking,0.897812
04845288Q-121,04845288Q-121_block_2,2025-03-01 11:33:55.010000+00:00,2025-03-01 11:33:51.010000+00:00,2025-03-01 11:33:59.010000+00:00,2,0,1,walking,0.7661077
04845288Q-121,04845288Q-121_block_2,2025-03-01 11:33:56.010000+00:00,2025-03-01 11:33:52.010000+00:00,2025-03-01 11:34:00.010000+00:00,2,0,1,walking,0.80332685
04845288Q-121,04845288Q-121_block_2,2025-03-01 11:33:57.010000+00:00,2025-03-01 11:33:53.010000+00:00,2025-03-01 11:34:01.010000+00:00,2,0,1,walking,0.79752475
04845288Q-121,04845288Q-121_block_2,2025-03-01 11:33:58.010000+00:00,2025-03-01 11:33:54.010000+00:00,2025-03-01 11:34:02.010000+00:00,2,0,1,walking,0.6965515
04845288Q-121,04845288Q-121_block_2,2025-03-01 11:33:59.010000+00:00,2025-03-01 11:33:55.010000+00:00,2025-03-01 11:34:03.010000+00:00,2,0,1,walking,0.819086
04845288Q-121,04845288Q-121_block_2,2025-03-01 11:34:00.010000+00:00,2025-03-01 11:33:56.010000+00:00,2025-03-01 11:34:04.010000+00:00,2,0,1,walking,0.6412993
04845288Q-121,04845288Q-121_block_2,2025-03-01 11:34:01.010000+00:00,2025-03-01 11:33:57.010000+00:00,2025-03-01 11:34:05.010000+00:00,2,0,1,walking,0.74102163
04845288Q-121,04845288Q-121_block_2,2025-03-01 11:34:02.010000+00:00,2025-03-01 11:33:58.010000+00:00,2025-03-01 11:34:06.010000+00:00,2,0,1,walking,0.82381475
04845288Q-121,04845288Q-121_block_2,2025-03-01 11:34:03.010000+00:00,2025-03-01 11:33:59.010000+00:00,2025-03-01 11:34:07.010000+00:00,2,0,1,walking,0.6103712
04845288Q-121,04845288Q-121_block_2,2025-03-01 11:34:04.010000+00:00,2025-03-01 11:34:00.010000+00:00,2025-03-01 11:34:08.010000+00:00,2,0,1,walking,0.70466155
04845288Q-121,04845288Q-121_block_2,2025-03-01 11:34:05.010000+00:00,2025-03-01 11:34:01.010000+00:00,2025-03-01 11:34:09.010000+00:00,2,0,1,walking,0.5321182
04845288Q-121,04845288Q-121_block_2,2025-03-01 11:34:06.010000+00:00,2025-03-01 11:34:02.010000+00:00,2025-03-01 11:34:10.010000+00:00,2,0,1,walking,0.6101641
04845288Q-121,04845288Q-121_block_2,2025-03-01 11:34:07.010000+00:00,2025-03-01 11:34:03.010000+00:00,2025-03-01 11:34:11.010000+00:00,2,0,1,walking,0.75397164
04845288Q-121,04845288Q-121_block_2,2025-03-01 11:34:08.010000+00:00,2025-03-01 11:34:04.010000+00:00,2025-03-01 11:34:12.010000+00:00,2,0,1,walking,0.6353842
04845288Q-121,04845288Q-121_block_2,2025-03-01 11:34:09.010000+00:00,2025-03-01 11:34:05.010000+00:00,2025-03-01 11:34:13.010000+00:00,2,0,0,not_walking,0.4683079
04845288Q-121,04845288Q-121_block_2,2025-03-01 11:34:10.010000+00:00,2025-03-01 11:34:06.010000+00:00,2025-03-01 11:34:14.010000+00:00,2,0,1,walking,0.6290799
04845288Q-121,04845288Q-121_block_2,2025-03-01 11:34:11.010000+00:00,2025-03-01 11:34:07.010000+00:00,2025-03-01 11:34:15.010000+00:00,2,0,1,walking,0.608065
04845288Q-121,04845288Q-121_block_2,2025-03-01 11:34:12.010000+00:00,2025-03-01 11:34:08.010000+00:00,2025-03-01 11:34:16.010000+00:00,2,0,1,walking,0.7136204
04845288Q-121,04845288Q-121_block_2,2025-03-01 11:34:13.010000+00:00,2025-03-01 11:34:09.010000+00:00,2025-03-01 11:34:17.010000+00:00,2,0,1,walking,0.5574953
04845288Q-121,04845288Q-121_block_2,2025-03-01 11:34:14.010000+00:00,2025-03-01 11:34:10.010000+00:00,2025-03-01 11:34:18.010000+00:00,2,0,1,walking,0.80992436
04845288Q-121,04845288Q-121_block_2,2025-03-01 11:34:15.010000+00:00,2025-03-01 11:34:11.010000+00:00,2025-03-01 11:34:19.010000+00:00,2,0,1,walking,0.8905848
04845288Q-121,04845288Q-121_block_2,2025-03-01 11:34:16.010000+00:00,2025-03-01 11:34:12.010000+00:00,2025-03-01 11:34:20.010000+00:00,2,0,1,walking,0.7687035
04845288Q-121,04845288Q-121_block_2,2025-03-01 11:34:17.010000+00:00,2025-03-01 11:34:13.010000+00:00,2025-03-01 11:34:21.010000+00:00,2,0,1,walking,0.8475026
04845288Q-121,04845288Q-121_block_2,2025-03-01 11:34:18.010000+00:00,2025-03-01 11:34:14.010000+00:00,2025-03-01 11:34:22.010000+00:00,2,0,1,walking,0.71884096
04845288Q-121,04845288Q-121_block_2,2025-03-01 11:34:19.010000+00:00,2025-03-01 11:34:15.010000+00:00,2025-03-01 11:34:23.010000+00:00,2,0,1,walking,0.64444566
04845288Q-121,04845288Q-121_block_2,2025-03-01 11:34:20.010000+00:00,2025-03-01 11:34:16.010000+00:00,2025-03-01 11:34:24.010000+00:00,2,0,1,walking,0.65199745
04845288Q-121,04845288Q-121_block_2,2025-03-01 11:34:21.010000+00:00,2025-03-01 11:34:17.010000+00:00,2025-03-01 11:34:25.010000+00:00,2,0,1,walking,0.5452639
04845288Q-121,04845288Q-121_block_2,2025-03-01 11:34:22.010000+00:00,2025-03-01 11:34:18.010000+00:00,2025-03-01 11:34:26.010000+00:00,2,0,1,walking,0.68672496
04845288Q-121,04845288Q-121_block_2,2025-03-01 11:34:23.010000+00:00,2025-03-01 11:34:19.010000+00:00,2025-03-01 11:34:27.010000+00:00,2,0,1,walking,0.5908589
04845288Q-121,04845288Q-121_block_2,2025-03-01 11:34:24.010000+00:00,2025-03-01 11:34:20.010000+00:00,2025-03-01 11:34:28.010000+00:00,2,0,1,walking,0.6866993
04845288Q-121,04845288Q-121_block_2,2025-03-01 11:34:25.010000+00:00,2025-03-01 11:34:21.010000+00:00,2025-03-01 11:34:29.010000+00:00,2,0,0,not_walking,0.48640293
04845288Q-121,04845288Q-121_block_2,2025-03-01 11:34:26.010000+00:00,2025-03-01 11:34:22.010000+00:00,2025-03-01 11:34:30.010000+00:00,2,0,1,walking,0.63721675
04845288Q-121,04845288Q-121_block_2,2025-03-01 11:34:27.010000+00:00,2025-03-01 11:34:23.010000+00:00,2025-03-01 11:34:31.010000+00:00,2,0,1,walking,0.6384144
04845288Q-121,04845288Q-121_block_2,2025-03-01 11:34:28.010000+00:00,2025-03-01 11:34:24.010000+00:00,2025-03-01 11:34:32.010000+00:00,2,0,1,walking,0.7089537
04845288Q-121,04845288Q-121_block_2,2025-03-01 11:34:29.010000+00:00,2025-03-01 11:34:25.010000+00:00,2025-03-01 11:34:33.010000+00:00,2,0,1,walking,0.55834734
04845288Q-121,04845288Q-121_block_2,2025-03-01 11:34:30.010000+00:00,2025-03-01 11:34:26.010000+00:00,2025-03-01 11:34:34.010000+00:00,2,0,1,walking,0.87440836
04845288Q-121,04845288Q-121_block_2,2025-03-01 11:34:31.010000+00:00,2025-03-01 11:34:27.010000+00:00,2025-03-01 11:34:35.010000+00:00,2,0,1,walking,0.8356531
04845288Q-121,04845288Q-121_block_2,2025-03-01 11:34:32.010000+00:00,2025-03-01 11:34:28.010000+00:00,2025-03-01 11:34:36.010000+00:00,2,0,1,walking,0.6719985
04845288Q-121,04845288Q-121_block_2,2025-03-01 11:34:33.010000+00:00,2025-03-01 11:34:29.010000+00:00,2025-03-01 11:34:37.010000+00:00,2,0,1,walking,0.8588917
04845288Q-121,04845288Q-121_block_2,2025-03-01 11:34:34.010000+00:00,2025-03-01 11:34:30.010000+00:00,2025-03-01 11:34:38.010000+00:00,2,0,1,walking,0.772388
04845288Q-121,04845288Q-121_block_2,2025-03-01 11:34:35.010000+00:00,2025-03-01 11:34:31.010000+00:00,2025-03-01 11:34:39.010000+00:00,2,0,1,walking,0.6039632
04845288Q-121,04845288Q-121_block_2,2025-03-01 11:34:36.010000+00:00,2025-03-01 11:34:32.010000+00:00,2025-03-01 11:34:40.010000+00:00,2,0,0,not_walking,0.44874084
04845288Q-121,04845288Q-121_block_2,2025-03-01 11:34:37.010000+00:00,2025-03-01 11:34:33.010000+00:00,2025-03-01 11:34:41.010000+00:00,2,0,0,not_walking,0.3807634
04845288Q-121,04845288Q-121_block_2,2025-03-01 11:34:38.010000+00:00,2025-03-01 11:34:34.010000+00:00,2025-03-01 11:34:42.010000+00:00,2,0,1,walking,0.6431633
04845288Q-121,04845288Q-121_block_2,2025-03-01 11:34:39.010000+00:00,2025-03-01 11:34:35.010000+00:00,2025-03-01 11:34:43.010000+00:00,2,0,0,not_walking,0.37751892
04845288Q-121,04845288Q-121_block_2,2025-03-01 11:34:40.010000+00:00,2025-03-01 11:34:36.010000+00:00,2025-03-01 11:34:44.010000+00:00,2,0,0,not_walking,0.4105683
04845288Q-121,04845288Q-121_block_2,2025-03-01 11:34:41.010000+00:00,2025-03-01 11:34:37.010000+00:00,2025-03-01 11:34:45.010000+00:00,2,0,1,walking,0.5192024
04845288Q-121,04845288Q-121_block_2,2025-03-01 11:34:42.010000+00:00,2025-03-01 11:34:38.010000+00:00,2025-03-01 11:34:46.010000+00:00,2,0,1,walking,0.69126093
04845288Q-121,04845288Q-121_block_2,2025-03-01 11:34:43.010000+00:00,2025-03-01 11:34:39.010000+00:00,2025-03-01 11:34:47.010000+00:00,2,0,1,walking,0.7452646
04845288Q-121,04845288Q-121_block_2,2025-03-01 11:34:44.010000+00:00,2025-03-01 11:34:40.010000+00:00,2025-03-01 11:34:48.010000+00:00,2,0,1,walking,0.7539926
04845288Q-121,04845288Q-121_block_2,2025-03-01 11:34:45.010000+00:00,2025-03-01 11:34:41.010000+00:00,2025-03-01 11:34:49.010000+00:00,2,0,1,walking,0.8435302
04845288Q-121,04845288Q-121_block_3,2025-03-01 11:35:03.010000+00:00,2025-03-01 11:34:59.010000+00:00,2025-03-01 11:35:07.010000+00:00,3,0,1,walking,0.5514593
04845288Q-121,04845288Q-121_block_3,2025-03-01 11:35:04.010000+00:00,2025-03-01 11:35:00.010000+00:00,2025-03-01 11:35:08.010000+00:00,3,0,1,walking,0.60871035
04845288Q-121,04845288Q-121_block_3,2025-03-01 11:35:05.010000+00:00,2025-03-01 11:35:01.010000+00:00,2025-03-01 11:35:09.010000+00:00,3,0,1,walking,0.5480176
04845288Q-121,04845288Q-121_block_3,2025-03-01 11:35:06.010000+00:00,2025-03-01 11:35:02.010000+00:00,2025-03-01 11:35:10.010000+00:00,3,0,1,walking,0.61585915
04845288Q-121,04845288Q-121_block_3,2025-03-01 11:35:07.010000+00:00,2025-03-01 11:35:03.010000+00:00,2025-03-01 11:35:11.010000+00:00,3,0,0,not_walking,0.25828618
04845288Q-121,04845288Q-121_block_3,2025-03-01 11:35:08.010000+00:00,2025-03-01 11:35:04.010000+00:00,2025-03-01 11:35:12.010000+00:00,3,0,0,not_walking,0.42862833
04845288Q-121,04845288Q-121_block_3,2025-03-01 11:35:09.010000+00:00,2025-03-01 11:35:05.010000+00:00,2025-03-01 11:35:13.010000+00:00,3,0,0,not_walking,0.38532877
04845288Q-121,04845288Q-121_block_3,2025-03-01 11:35:10.010000+00:00,2025-03-01 11:35:06.010000+00:00,2025-03-01 11:35:14.010000+00:00,3,0,1,walking,0.5285394
04845288Q-121,04845288Q-121_block_3,2025-03-01 11:35:11.010000+00:00,2025-03-01 11:35:07.010000+00:00,2025-03-01 11:35:15.010000+00:00,3,0,1,walking,0.604042
04845288Q-121,04845288Q-121_block_3,2025-03-01 11:35:12.010000+00:00,2025-03-01 11:35:08.010000+00:00,2025-03-01 11:35:16.010000+00:00,3,0,1,walking,0.5039553
04845288Q-121,04845288Q-121_block_3,2025-03-01 11:35:13.010000+00:00,2025-03-01 11:35:09.010000+00:00,2025-03-01 11:35:17.010000+00:00,3,0,0,not_walking,0.34411004
04845288Q-121,04845288Q-121_block_3,2025-03-01 11:35:14.010000+00:00,2025-03-01 11:35:10.010000+00:00,2025-03-01 11:35:18.010000+00:00,3,0,0,not_walking,0.40243113
04845288Q-121,04845288Q-121_block_3,2025-03-01 11:35:15.010000+00:00,2025-03-01 11:35:11.010000+00:00,2025-03-01 11:35:19.010000+00:00,3,0,0,not_walking,0.4274497
04845288Q-121,04845288Q-121_block_3,2025-03-01 11:35:16.010000+00:00,2025-03-01 11:35:12.010000+00:00,2025-03-01 11:35:20.010000+00:00,3,0,0,not_walking,0.22635947
04845288Q-121,04845288Q-121_block_3,2025-03-01 11:35:17.010000+00:00,2025-03-01 11:35:13.010000+00:00,2025-03-01 11:35:21.010000+00:00,3,0,0,not_walking,0.20207223
04845288Q-121,04845288Q-121_block_3,2025-03-01 11:35:18.010000+00:00,2025-03-01 11:35:14.010000+00:00,2025-03-01 11:35:22.010000+00:00,3,0,1,walking,0.5151071
04845288Q-121,04845288Q-121_block_3,2025-03-01 11:35:19.010000+00:00,2025-03-01 11:35:15.010000+00:00,2025-03-01 11:35:23.010000+00:00,3,0,0,not_walking,0.3038782
04845288Q-121,04845288Q-121_block_3,2025-03-01 11:35:20.010000+00:00,2025-03-01 11:35:16.010000+00:00,2025-03-01 11:35:24.010000+00:00,3,0,1,walking,0.5592798
04845288Q-121,04845288Q-121_block_3,2025-03-01 11:35:21.010000+00:00,2025-03-01 11:35:17.010000+00:00,2025-03-01 11:35:25.010000+00:00,3,0,0,not_walking,0.39004776
04845288Q-121,04845288Q-121_block_3,2025-03-01 11:35:22.010000+00:00,2025-03-01 11:35:18.010000+00:00,2025-03-01 11:35:26.010000+00:00,3,0,1,walking,0.54862094
04845288Q-121,04845288Q-121_block_3,2025-03-01 11:35:23.010000+00:00,2025-03-01 11:35:19.010000+00:00,2025-03-01 11:35:27.010000+00:00,3,0,1,walking,0.5026182
04845288Q-121,04845288Q-121_block_3,2025-03-01 11:35:24.010000+00:00,2025-03-01 11:35:20.010000+00:00,2025-03-01 11:35:28.010000+00:00,3,0,0,not_walking,0.40341967
04845288Q-121,04845288Q-121_block_3,2025-03-01 11:35:25.010000+00:00,2025-03-01 11:35:21.010000+00:00,2025-03-01 11:35:29.010000+00:00,3,0,0,not_walking,0.4265009
04845288Q-121,04845288Q-121_block_3,2025-03-01 11:35:26.010000+00:00,2025-03-01 11:35:22.010000+00:00,2025-03-01 11:35:30.010000+00:00,3,0,0,not_walking,0.3750771
04845288Q-121,04845288Q-121_block_3,2025-03-01 11:35:27.010000+00:00,2025-03-01 11:35:23.010000+00:00,2025-03-01 11:35:31.010000+00:00,3,0,0,not_walking,0.40532777
04845288Q-121,04845288Q-121_block_3,2025-03-01 11:35:28.010000+00:00,2025-03-01 11:35:24.010000+00:00,2025-03-01 11:35:33.010000+00:00,3,0,0,not_walking,0.3271756
04845288Q-121,04845288Q-121_block_3,2025-03-01 11:35:29.010000+00:00,2025-03-01 11:35:25.010000+00:00,2025-03-01 11:35:34.010000+00:00,3,0,1,walking,0.53347784
04845288Q-121,04845288Q-121_block_3,2025-03-01 11:35:30.010000+00:00,2025-03-01 11:35:26.010000+00:00,2025-03-01 11:35:35.010000+00:00,3,0,0,not_walking,0.36294445
04845288Q-121,04845288Q-121_block_3,2025-03-01 11:35:31.010000+00:00,2025-03-01 11:35:27.010000+00:00,2025-03-01 11:35:36.010000+00:00,3,0,0,not_walking,0.43665898
04845288Q-121,04845288Q-121_block_3,2025-03-01 11:35:33.010000+00:00,2025-03-01 11:35:28.010000+00:00,2025-03-01 11:35:37.010000+00:00,3,1,1,walking,0.67118347
04845288Q-121,04845288Q-121_block_3,2025-03-01 11:35:34.010000+00:00,2025-03-01 11:35:29.010000+00:00,2025-03-01 11:35:38.010000+00:00,3,1,0,not_walking,0.2903918
04845288Q-121,04845288Q-121_block_3,2025-03-01 11:35:35.010000+00:00,2025-03-01 11:35:30.010000+00:00,2025-03-01 11:35:39.010000+00:00,3,1,1,walking,0.5491786
04845288Q-121,04845288Q-121_block_3,2025-03-01 11:35:36.010000+00:00,2025-03-01 11:35:31.010000+00:00,2025-03-01 11:35:40.010000+00:00,3,1,1,walking,0.686114
04845288Q-121,04845288Q-121_block_3,2025-03-01 11:35:37.010000+00:00,2025-03-01 11:35:33.010000+00:00,2025-03-01 11:35:41.010000+00:00,3,1,1,walking,0.53527236
04845288Q-121,04845288Q-121_block_3,2025-03-01 11:35:38.010000+00:00,2025-03-01 11:35:34.010000+00:00,2025-03-01 11:35:42.010000+00:00,3,1,0,not_walking,0.4235282
04845288Q-121,04845288Q-121_block_3,2025-03-01 11:35:39.010000+00:00,2025-03-01 11:35:35.010000+00:00,2025-03-01 11:35:43.010000+00:00,3,1,0,not_walking,0.42808503
04845288Q-121,04845288Q-121_block_3,2025-03-01 11:35:40.010000+00:00,2025-03-01 11:35:36.010000+00:00,2025-03-01 11:35:45.010000+00:00,3,1,0,not_walking,0.4963557
04845288Q-121,04845288Q-121_block_3,2025-03-01 11:35:41.010000+00:00,2025-03-01 11:35:37.010000+00:00,2025-03-01 11:35:46.010000+00:00,3,1,0,not_walking,0.49530745
04845288Q-121,04845288Q-121_block_3,2025-03-01 11:35:42.010000+00:00,2025-03-01 11:35:38.010000+00:00,2025-03-01 11:35:47.010000+00:00,3,1,1,walking,0.5128732
04845288Q-121,04845288Q-121_block_3,2025-03-01 11:35:43.010000+00:00,2025-03-01 11:35:39.010000+00:00,2025-03-01 11:35:48.010000+00:00,3,1,0,not_walking,0.49620786
04845288Q-121,04845288Q-121_block_3,2025-03-01 11:35:45.010000+00:00,2025-03-01 11:35:40.010000+00:00,2025-03-01 11:35:49.010000+00:00,3,0,0,not_walking,0.30860618
04845288Q-121,04845288Q-121_block_3,2025-03-01 11:35:46.010000+00:00,2025-03-01 11:35:41.010000+00:00,2025-03-01 11:35:50.010000+00:00,3,0,0,not_walking,0.19484557
04845288Q-121,04845288Q-121_block_3,2025-03-01 11:35:47.010000+00:00,2025-03-01 11:35:42.010000+00:00,2025-03-01 11:35:51.010000+00:00,3,0,1,walking,0.66433316
04845288Q-121,04845288Q-121_block_3,2025-03-01 11:35:48.010000+00:00,2025-03-01 11:35:43.010000+00:00,2025-03-01 11:35:52.010000+00:00,3,0,1,walking,0.66042554
04845288Q-121,04845288Q-121_block_3,2025-03-01 11:35:49.010000+00:00,2025-03-01 11:35:45.010000+00:00,2025-03-01 11:35:53.010000+00:00,3,0,1,walking,0.5711766
04845288Q-121,04845288Q-121_block_3,2025-03-01 11:35:50.010000+00:00,2025-03-01 11:35:46.010000+00:00,2025-03-01 11:35:54.010000+00:00,3,0,1,walking,0.52139026
04845288Q-121,04845288Q-121_block_3,2025-03-01 11:35:51.010000+00:00,2025-03-01 11:35:47.010000+00:00,2025-03-01 11:35:55.010000+00:00,3,0,1,walking,0.5147815
04845288Q-121,04845288Q-121_block_3,2025-03-01 11:35:52.010000+00:00,2025-03-01 11:35:48.010000+00:00,2025-03-01 11:35:56.010000+00:00,3,0,1,walking,0.52892077
04845288Q-121,04845288Q-121_block_3,2025-03-01 11:35:53.010000+00:00,2025-03-01 11:35:49.010000+00:00,2025-03-01 11:35:57.010000+00:00,3,0,1,walking,0.61044055
04845288Q-121,04845288Q-121_block_3,2025-03-01 11:35:54.010000+00:00,2025-03-01 11:35:50.010000+00:00,2025-03-01 11:35:58.010000+00:00,3,0,1,walking,0.52062905
04845288Q-121,04845288Q-121_block_3,2025-03-01 11:35:55.010000+00:00,2025-03-01 11:35:51.010000+00:00,2025-03-01 11:35:59.010000+00:00,3,0,1,walking,0.5305265
04845288Q-121,04845288Q-121_block_3,2025-03-01 11:35:56.010000+00:00,2025-03-01 11:35:52.010000+00:00,2025-03-01 11:36:00.010000+00:00,3,0,1,walking,0.50221384
04845288Q-121,04845288Q-121_block_3,2025-03-01 11:35:57.010000+00:00,2025-03-01 11:35:53.010000+00:00,2025-03-01 11:36:01.010000+00:00,3,0,1,walking,0.6459869
04845288Q-121,04845288Q-121_block_3,2025-03-01 11:35:58.010000+00:00,2025-03-01 11:35:54.010000+00:00,2025-03-01 11:36:02.010000+00:00,3,0,1,walking,0.61647785
04845288Q-121,04845288Q-121_block_3,2025-03-01 11:35:59.010000+00:00,2025-03-01 11:35:55.010000+00:00,2025-03-01 11:36:03.010000+00:00,3,0,1,walking,0.5599857
04845288Q-121,04845288Q-121_block_3,2025-03-01 11:36:00.010000+00:00,2025-03-01 11:35:56.010000+00:00,2025-03-01 11:36:04.010000+00:00,3,0,1,walking,0.54104835
04845288Q-121,04845288Q-121_block_3,2025-03-01 11:36:01.010000+00:00,2025-03-01 11:35:57.010000+00:00,2025-03-01 11:36:05.010000+00:00,3,0,1,walking,0.558341
04845288Q-121,04845288Q-121_block_3,2025-03-01 11:36:02.010000+00:00,2025-03-01 11:35:58.010000+00:00,2025-03-01 11:36:06.010000+00:00,3,0,1,walking,0.5657144
04845288Q-121,04845288Q-121_block_3,2025-03-01 11:36:03.010000+00:00,2025-03-01 11:35:59.010000+00:00,2025-03-01 11:36:07.010000+00:00,3,0,1,walking,0.54465866
04845288Q-121,04845288Q-121_block_3,2025-03-01 11:36:04.010000+00:00,2025-03-01 11:36:00.010000+00:00,2025-03-01 11:36:08.010000+00:00,3,0,1,walking,0.5713364
04845288Q-121,04845288Q-121_block_3,2025-03-01 11:36:05.010000+00:00,2025-03-01 11:36:01.010000+00:00,2025-03-01 11:36:09.010000+00:00,3,0,1,walking,0.5954067
04845288Q-121,04845288Q-121_block_3,2025-03-01 11:36:06.010000+00:00,2025-03-01 11:36:02.010000+00:00,2025-03-01 11:36:10.010000+00:00,3,0,1,walking,0.568548
04845288Q-121,04845288Q-121_block_3,2025-03-01 11:36:07.010000+00:00,2025-03-01 11:36:03.010000+00:00,2025-03-01 11:36:11.010000+00:00,3,0,1,walking,0.600089
04845288Q-121,04845288Q-121_block_3,2025-03-01 11:36:08.010000+00:00,2025-03-01 11:36:04.010000+00:00,2025-03-01 11:36:12.010000+00:00,3,0,1,walking,0.5514261
04845288Q-121,04845288Q-121_block_3,2025-03-01 11:36:09.010000+00:00,2025-03-01 11:36:05.010000+00:00,2025-03-01 11:36:13.010000+00:00,3,0,1,walking,0.6237141
04845288Q-121,04845288Q-121_block_3,2025-03-01 11:36:10.010000+00:00,2025-03-01 11:36:06.010000+00:00,2025-03-01 11:36:14.010000+00:00,3,0,1,walking,0.6019468
04845288Q-121,04845288Q-121_block_3,2025-03-01 11:36:11.010000+00:00,2025-03-01 11:36:07.010000+00:00,2025-03-01 11:36:15.010000+00:00,3,0,1,walking,0.6166837
04845288Q-121,04845288Q-121_block_3,2025-03-01 11:36:12.010000+00:00,2025-03-01 11:36:08.010000+00:00,2025-03-01 11:36:16.010000+00:00,3,0,0,not_walking,0.3381017
04845288Q-121,04845288Q-121_block_3,2025-03-01 11:36:13.010000+00:00,2025-03-01 11:36:09.010000+00:00,2025-03-01 11:36:17.010000+00:00,3,0,0,not_walking,0.358441
04845288Q-121,04845288Q-121_block_3,2025-03-01 11:36:14.010000+00:00,2025-03-01 11:36:10.010000+00:00,2025-03-01 11:36:18.010000+00:00,3,0,0,not_walking,0.2087583
04845288Q-121,04845288Q-121_block_3,2025-03-01 11:36:15.010000+00:00,2025-03-01 11:36:11.010000+00:00,2025-03-01 11:36:19.010000+00:00,3,0,0,not_walking,0.45980427
04845288Q-121,04845288Q-121_block_3,2025-03-01 11:36:16.010000+00:00,2025-03-01 11:36:12.010000+00:00,2025-03-01 11:36:20.010000+00:00,3,0,1,walking,0.5453235
04845288Q-121,04845288Q-121_block_3,2025-03-01 11:36:17.010000+00:00,2025-03-01 11:36:13.010000+00:00,2025-03-01 11:36:21.010000+00:00,3,0,1,walking,0.57309586
04845288Q-121,04845288Q-121_block_3,2025-03-01 11:36:18.010000+00:00,2025-03-01 11:36:14.010000+00:00,2025-03-01 11:36:22.010000+00:00,3,0,1,walking,0.5743133
04845288Q-121,04845288Q-121_block_3,2025-03-01 11:36:19.010000+00:00,2025-03-01 11:36:15.010000+00:00,2025-03-01 11:36:23.010000+00:00,3,0,1,walking,0.5563645
04845288Q-121,04845288Q-121_block_3,2025-03-01 11:36:20.010000+00:00,2025-03-01 11:36:16.010000+00:00,2025-03-01 11:36:24.010000+00:00,3,0,1,walking,0.5528366
04845288Q-121,04845288Q-121_block_3,2025-03-01 11:36:21.010000+00:00,2025-03-01 11:36:17.010000+00:00,2025-03-01 11:36:25.010000+00:00,3,0,1,walking,0.57098716
04845288Q-121,04845288Q-121_block_3,2025-03-01 11:36:22.010000+00:00,2025-03-01 11:36:18.010000+00:00,2025-03-01 11:36:26.010000+00:00,3,0,1,walking,0.5306848
04845288Q-121,04845288Q-121_block_3,2025-03-01 11:36:23.010000+00:00,2025-03-01 11:36:19.010000+00:00,2025-03-01 11:36:27.010000+00:00,3,0,1,walking,0.5754862
04845288Q-121,04845288Q-121_block_3,2025-03-01 11:36:24.010000+00:00,2025-03-01 11:36:20.010000+00:00,2025-03-01 11:36:28.010000+00:00,3,0,1,walking,0.5688935
04845288Q-121,04845288Q-121_block_3,2025-03-01 11:36:25.010000+00:00,2025-03-01 11:36:21.010000+00:00,2025-03-01 11:36:29.010000+00:00,3,0,1,walking,0.5573117
04845288Q-121,04845288Q-121_block_3,2025-03-01 11:36:26.010000+00:00,2025-03-01 11:36:22.010000+00:00,2025-03-01 11:36:30.010000+00:00,3,0,1,walking,0.5206592
04845288Q-121,04845288Q-121_block_3,2025-03-01 11:36:27.010000+00:00,2025-03-01 11:36:23.010000+00:00,2025-03-01 11:36:31.010000+00:00,3,0,1,walking,0.5532277
04845288Q-121,04845288Q-121_block_3,2025-03-01 11:36:28.010000+00:00,2025-03-01 11:36:24.010000+00:00,2025-03-01 11:36:32.010000+00:00,3,0,1,walking,0.5703279
04845288Q-121,04845288Q-121_block_3,2025-03-01 11:36:29.010000+00:00,2025-03-01 11:36:25.010000+00:00,2025-03-01 11:36:33.010000+00:00,3,0,1,walking,0.54788566
04845288Q-121,04845288Q-121_block_3,2025-03-01 11:36:30.010000+00:00,2025-03-01 11:36:26.010000+00:00,2025-03-01 11:36:34.010000+00:00,3,0,1,walking,0.550052
04845288Q-121,04845288Q-121_block_3,2025-03-01 11:36:31.010000+00:00,2025-03-01 11:36:27.010000+00:00,2025-03-01 11:36:35.010000+00:00,3,0,1,walking,0.54218394
04845288Q-121,04845288Q-121_block_3,2025-03-01 11:36:32.010000+00:00,2025-03-01 11:36:28.010000+00:00,2025-03-01 11:36:36.010000+00:00,3,0,1,walking,0.5601362
04845288Q-121,04845288Q-121_block_3,2025-03-01 11:36:33.010000+00:00,2025-03-01 11:36:29.010000+00:00,2025-03-01 11:36:37.010000+00:00,3,0,1,walking,0.5530154
04845288Q-121,04845288Q-121_block_3,2025-03-01 11:36:34.010000+00:00,2025-03-01 11:36:30.010000+00:00,2025-03-01 11:36:38.010000+00:00,3,0,1,walking,0.5450989
04845288Q-121,04845288Q-121_block_3,2025-03-01 11:36:35.010000+00:00,2025-03-01 11:36:31.010000+00:00,2025-03-01 11:36:39.010000+00:00,3,0,1,walking,0.5374265
04845288Q-121,04845288Q-121_block_3,2025-03-01 11:36:36.010000+00:00,2025-03-01 11:36:32.010000+00:00,2025-03-01 11:36:40.010000+00:00,3,0,1,walking,0.5190312
04845288Q-121,04845288Q-121_block_3,2025-03-01 11:36:37.010000+00:00,2025-03-01 11:36:33.010000+00:00,2025-03-01 11:36:41.010000+00:00,3,0,1,walking,0.5433708
04845288Q-121,04845288Q-121_block_3,2025-03-01 11:36:38.010000+00:00,2025-03-01 11:36:34.010000+00:00,2025-03-01 11:36:42.010000+00:00,3,0,0,not_walking,0.48093006
04845288Q-121,04845288Q-121_block_3,2025-03-01 11:36:39.010000+00:00,2025-03-01 11:36:35.010000+00:00,2025-03-01 11:36:43.010000+00:00,3,0,1,walking,0.5304614
04845288Q-121,04845288Q-121_block_3,2025-03-01 11:36:40.010000+00:00,2025-03-01 11:36:36.010000+00:00,2025-03-01 11:36:44.010000+00:00,3,0,1,walking,0.5047681
04845288Q-121,04845288Q-121_block_3,2025-03-01 11:36:41.010000+00:00,2025-03-01 11:36:37.010000+00:00,2025-03-01 11:36:45.010000+00:00,3,0,1,walking,0.5451044
04845288Q-121,04845288Q-121_block_3,2025-03-01 11:36:42.010000+00:00,2025-03-01 11:36:38.010000+00:00,2025-03-01 11:36:46.010000+00:00,3,0,1,walking,0.52152294
04845288Q-121,04845288Q-121_block_3,2025-03-01 11:36:43.010000+00:00,2025-03-01 11:36:39.010000+00:00,2025-03-01 11:36:47.010000+00:00,3,0,0,not_walking,0.48832873
04845288Q-121,04845288Q-121_block_3,2025-03-01 11:36:44.010000+00:00,2025-03-01 11:36:40.010000+00:00,2025-03-01 11:36:48.010000+00:00,3,0,1,walking,0.5272618
04845288Q-121,04845288Q-121_block_3,2025-03-01 11:36:45.010000+00:00,2025-03-01 11:36:41.010000+00:00,2025-03-01 11:36:49.010000+00:00,3,0,1,walking,0.5084641
04845288Q-121,04845288Q-121_block_3,2025-03-01 11:36:46.010000+00:00,2025-03-01 11:36:42.010000+00:00,2025-03-01 11:36:50.010000+00:00,3,0,1,walking,0.5172457
04845288Q-121,04845288Q-121_block_3,2025-03-01 11:36:47.010000+00:00,2025-03-01 11:36:43.010000+00:00,2025-03-01 11:36:51.010000+00:00,3,0,1,walking,0.517825
04845288Q-121,04845288Q-121_block_3,2025-03-01 11:36:48.010000+00:00,2025-03-01 11:36:44.010000+00:00,2025-03-01 11:36:52.010000+00:00,3,0,1,walking,0.52287084
04845288Q-121,04845288Q-121_block_3,2025-03-01 11:36:49.010000+00:00,2025-03-01 11:36:45.010000+00:00,2025-03-01 11:36:53.010000+00:00,3,0,1,walking,0.53532976
04845288Q-121,04845288Q-121_block_3,2025-03-01 11:36:50.010000+00:00,2025-03-01 11:36:46.010000+00:00,2025-03-01 11:36:54.010000+00:00,3,0,1,walking,0.52669317
04845288Q-121,04845288Q-121_block_3,2025-03-01 11:36:51.010000+00:00,2025-03-01 11:36:47.010000+00:00,2025-03-01 11:36:55.010000+00:00,3,0,1,walking,0.51345736
04845288Q-121,04845288Q-121_block_3,2025-03-01 11:36:52.010000+00:00,2025-03-01 11:36:48.010000+00:00,2025-03-01 11:36:56.010000+00:00,3,0,1,walking,0.54314053
04845288Q-121,04845288Q-121_block_3,2025-03-01 11:36:53.010000+00:00,2025-03-01 11:36:49.010000+00:00,2025-03-01 11:36:57.010000+00:00,3,0,1,walking,0.5004273
04845288Q-121,04845288Q-121_block_3,2025-03-01 11:36:54.010000+00:00,2025-03-01 11:36:50.010000+00:00,2025-03-01 11:36:58.010000+00:00,3,0,1,walking,0.5438685
04845288Q-121,04845288Q-121_block_3,2025-03-01 11:36:55.010000+00:00,2025-03-01 11:36:51.010000+00:00,2025-03-01 11:36:59.010000+00:00,3,0,1,walking,0.5711318
04845288Q-121,04845288Q-121_block_3,2025-03-01 11:36:56.010000+00:00,2025-03-01 11:36:52.010000+00:00,2025-03-01 11:37:00.010000+00:00,3,0,1,walking,0.537883
04845288Q-121,04845288Q-121_block_3,2025-03-01 11:36:57.010000+00:00,2025-03-01 11:36:53.010000+00:00,2025-03-01 11:37:01.010000+00:00,3,0,1,walking,0.53361505
04845288Q-121,04845288Q-121_block_3,2025-03-01 11:36:58.010000+00:00,2025-03-01 11:36:54.010000+00:00,2025-03-01 11:37:02.010000+00:00,3,0,0,not_walking,0.4935727
04845288Q-121,04845288Q-121_block_3,2025-03-01 11:36:59.010000+00:00,2025-03-01 11:36:55.010000+00:00,2025-03-01 11:37:03.010000+00:00,3,0,1,walking,0.5437253
04845288Q-121,04845288Q-121_block_3,2025-03-01 11:37:00.010000+00:00,2025-03-01 11:36:56.010000+00:00,2025-03-01 11:37:04.010000+00:00,3,0,1,walking,0.54198617
04845288Q-121,04845288Q-121_block_3,2025-03-01 11:37:01.010000+00:00,2025-03-01 11:36:57.010000+00:00,2025-03-01 11:37:05.010000+00:00,3,0,1,walking,0.5316147
04845288Q-121,04845288Q-121_block_3,2025-03-01 11:37:02.010000+00:00,2025-03-01 11:36:58.010000+00:00,2025-03-01 11:37:06.010000+00:00,3,0,1,walking,0.53571594
04845288Q-121,04845288Q-121_block_3,2025-03-01 11:37:03.010000+00:00,2025-03-01 11:36:59.010000+00:00,2025-03-01 11:37:07.010000+00:00,3,0,1,walking,0.5453459
04845288Q-121,04845288Q-121_block_3,2025-03-01 11:37:04.010000+00:00,2025-03-01 11:37:00.010000+00:00,2025-03-01 11:37:08.010000+00:00,3,0,1,walking,0.5504008
04845288Q-121,04845288Q-121_block_3,2025-03-01 11:37:05.010000+00:00,2025-03-01 11:37:01.010000+00:00,2025-03-01 11:37:09.010000+00:00,3,0,1,walking,0.54402107
04845288Q-121,04845288Q-121_block_3,2025-03-01 11:37:06.010000+00:00,2025-03-01 11:37:02.010000+00:00,2025-03-01 11:37:10.010000+00:00,3,0,1,walking,0.5132748
04845288Q-121,04845288Q-121_block_3,2025-03-01 11:37:07.010000+00:00,2025-03-01 11:37:03.010000+00:00,2025-03-01 11:37:11.010000+00:00,3,0,1,walking,0.5409214
04845288Q-121,04845288Q-121_block_3,2025-03-01 11:37:08.010000+00:00,2025-03-01 11:37:04.010000+00:00,2025-03-01 11:37:12.010000+00:00,3,0,1,walking,0.5296209
04845288Q-121,04845288Q-121_block_3,2025-03-01 11:37:09.010000+00:00,2025-03-01 11:37:05.010000+00:00,2025-03-01 11:37:13.010000+00:00,3,0,1,walking,0.52272266
04845288Q-121,04845288Q-121_block_3,2025-03-01 11:37:10.010000+00:00,2025-03-01 11:37:06.010000+00:00,2025-03-01 11:37:14.010000+00:00,3,0,0,not_walking,0.49913815
04845288Q-121,04845288Q-121_block_3,2025-03-01 11:37:11.010000+00:00,2025-03-01 11:37:07.010000+00:00,2025-03-01 11:37:15.010000+00:00,3,0,1,walking,0.50073874
04845288Q-121,04845288Q-121_block_3,2025-03-01 11:37:12.010000+00:00,2025-03-01 11:37:08.010000+00:00,2025-03-01 11:37:16.010000+00:00,3,0,0,not_walking,0.4938129
04845288Q-121,04845288Q-121_block_3,2025-03-01 11:37:13.010000+00:00,2025-03-01 11:37:09.010000+00:00,2025-03-01 11:37:17.010000+00:00,3,0,1,walking,0.5231262
04845288Q-121,04845288Q-121_block_3,2025-03-01 11:37:14.010000+00:00,2025-03-01 11:37:10.010000+00:00,2025-03-01 11:37:18.010000+00:00,3,0,1,walking,0.50973314
04845288Q-121,04845288Q-121_block_3,2025-03-01 11:37:15.010000+00:00,2025-03-01 11:37:11.010000+00:00,2025-03-01 11:37:19.010000+00:00,3,0,0,not_walking,0.49131963
04845288Q-121,04845288Q-121_block_3,2025-03-01 11:37:16.010000+00:00,2025-03-01 11:37:12.010000+00:00,2025-03-01 11:37:20.010000+00:00,3,0,0,not_walking,0.48372075
04845288Q-121,04845288Q-121_block_3,2025-03-01 11:37:17.010000+00:00,2025-03-01 11:37:13.010000+00:00,2025-03-01 11:37:21.010000+00:00,3,0,1,walking,0.5253297
04845288Q-121,04845288Q-121_block_3,2025-03-01 11:37:18.010000+00:00,2025-03-01 11:37:14.010000+00:00,2025-03-01 11:37:22.010000+00:00,3,0,0,not_walking,0.49043632
04845288Q-121,04845288Q-121_block_3,2025-03-01 11:37:19.010000+00:00,2025-03-01 11:37:15.010000+00:00,2025-03-01 11:37:23.010000+00:00,3,0,1,walking,0.5173002
04845288Q-121,04845288Q-121_block_3,2025-03-01 11:37:20.010000+00:00,2025-03-01 11:37:16.010000+00:00,2025-03-01 11:37:24.010000+00:00,3,0,1,walking,0.5063759
04845288Q-121,04845288Q-121_block_3,2025-03-01 11:37:21.010000+00:00,2025-03-01 11:37:17.010000+00:00,2025-03-01 11:37:25.010000+00:00,3,0,0,not_walking,0.4929659
04845288Q-121,04845288Q-121_block_3,2025-03-01 11:37:22.010000+00:00,2025-03-01 11:37:18.010000+00:00,2025-03-01 11:37:26.010000+00:00,3,0,0,not_walking,0.4987169
04845288Q-121,04845288Q-121_block_3,2025-03-01 11:37:23.010000+00:00,2025-03-01 11:37:19.010000+00:00,2025-03-01 11:37:27.010000+00:00,3,0,0,not_walking,0.46955147
04845288Q-121,04845288Q-121_block_3,2025-03-01 11:37:24.010000+00:00,2025-03-01 11:37:20.010000+00:00,2025-03-01 11:37:28.010000+00:00,3,0,0,not_walking,0.48108327
04845288Q-121,04845288Q-121_block_3,2025-03-01 11:37:25.010000+00:00,2025-03-01 11:37:21.010000+00:00,2025-03-01 11:37:29.010000+00:00,3,0,1,walking,0.51158595
04845288Q-121,04845288Q-121_block_3,2025-03-01 11:37:26.010000+00:00,2025-03-01 11:37:22.010000+00:00,2025-03-01 11:37:30.010000+00:00,3,0,1,walking,0.50233746
04845288Q-121,04845288Q-121_block_3,2025-03-01 11:37:27.010000+00:00,2025-03-01 11:37:23.010000+00:00,2025-03-01 11:37:31.010000+00:00,3,0,0,not_walking,0.48352218
04845288Q-121,04845288Q-121_block_3,2025-03-01 11:37:28.010000+00:00,2025-03-01 11:37:24.010000+00:00,2025-03-01 11:37:32.010000+00:00,3,0,1,walking,0.50935185
04845288Q-121,04845288Q-121_block_3,2025-03-01 11:37:29.010000+00:00,2025-03-01 11:37:25.010000+00:00,2025-03-01 11:37:33.010000+00:00,3,0,0,not_walking,0.4861337
04845288Q-121,04845288Q-121_block_3,2025-03-01 11:37:30.010000+00:00,2025-03-01 11:37:26.010000+00:00,2025-03-01 11:37:34.010000+00:00,3,0,1,walking,0.53287745
04845288Q-121,04845288Q-121_block_3,2025-03-01 11:37:31.010000+00:00,2025-03-01 11:37:27.010000+00:00,2025-03-01 11:37:35.010000+00:00,3,0,1,walking,0.51030874
04845288Q-121,04845288Q-121_block_3,2025-03-01 11:37:32.010000+00:00,2025-03-01 11:37:28.010000+00:00,2025-03-01 11:37:36.010000+00:00,3,0,1,walking,0.50723946
04845288Q-121,04845288Q-121_block_3,2025-03-01 11:37:33.010000+00:00,2025-03-01 11:37:29.010000+00:00,2025-03-01 11:37:37.010000+00:00,3,0,1,walking,0.5018319
04845288Q-121,04845288Q-121_block_3,2025-03-01 11:37:34.010000+00:00,2025-03-01 11:37:30.010000+00:00,2025-03-01 11:37:38.010000+00:00,3,0,1,walking,0.54027367
04845288Q-121,04845288Q-121_block_3,2025-03-01 11:37:35.010000+00:00,2025-03-01 11:37:31.010000+00:00,2025-03-01 11:37:39.010000+00:00,3,0,1,walking,0.54312056
04845288Q-121,04845288Q-121_block_3,2025-03-01 11:37:36.010000+00:00,2025-03-01 11:37:32.010000+00:00,2025-03-01 11:37:40.010000+00:00,3,0,1,walking,0.5473775
04845288Q-121,04845288Q-121_block_3,2025-03-01 11:37:37.010000+00:00,2025-03-01 11:37:33.010000+00:00,2025-03-01 11:37:41.010000+00:00,3,0,1,walking,0.533401
04845288Q-121,04845288Q-121_block_3,2025-03-01 11:37:38.010000+00:00,2025-03-01 11:37:34.010000+00:00,2025-03-01 11:37:42.010000+00:00,3,0,1,walking,0.5463271
04845288Q-121,04845288Q-121_block_3,2025-03-01 11:37:39.010000+00:00,2025-03-01 11:37:35.010000+00:00,2025-03-01 11:37:43.010000+00:00,3,0,1,walking,0.5509526
04845288Q-121,04845288Q-121_block_3,2025-03-01 11:37:40.010000+00:00,2025-03-01 11:37:36.010000+00:00,2025-03-01 11:37:44.010000+00:00,3,0,1,walking,0.5471848
04845288Q-121,04845288Q-121_block_3,2025-03-01 11:37:41.010000+00:00,2025-03-01 11:37:37.010000+00:00,2025-03-01 11:37:45.010000+00:00,3,0,1,walking,0.5579066
04845288Q-121,04845288Q-121_block_3,2025-03-01 11:37:42.010000+00:00,2025-03-01 11:37:38.010000+00:00,2025-03-01 11:37:46.010000+00:00,3,0,1,walking,0.5318713
04845288Q-121,04845288Q-121_block_3,2025-03-01 11:37:43.010000+00:00,2025-03-01 11:37:39.010000+00:00,2025-03-01 11:37:47.010000+00:00,3,0,1,walking,0.58373654
04845288Q-121,04845288Q-121_block_3,2025-03-01 11:37:44.010000+00:00,2025-03-01 11:37:40.010000+00:00,2025-03-01 11:37:48.010000+00:00,3,0,1,walking,0.61538684
04845288Q-121,04845288Q-121_block_3,2025-03-01 11:37:45.010000+00:00,2025-03-01 11:37:41.010000+00:00,2025-03-01 11:37:49.010000+00:00,3,0,1,walking,0.566568
04845288Q-121,04845288Q-121_block_3,2025-03-01 11:37:46.010000+00:00,2025-03-01 11:37:42.010000+00:00,2025-03-01 11:37:50.010000+00:00,3,0,1,walking,0.5415314
04845288Q-121,04845288Q-121_block_3,2025-03-01 11:37:47.010000+00:00,2025-03-01 11:37:43.010000+00:00,2025-03-01 11:37:51.010000+00:00,3,0,1,walking,0.54070055
04845288Q-121,04845288Q-121_block_3,2025-03-01 11:37:48.010000+00:00,2025-03-01 11:37:44.010000+00:00,2025-03-01 11:37:52.010000+00:00,3,0,1,walking,0.5380858
04845288Q-121,04845288Q-121_block_3,2025-03-01 11:37:49.010000+00:00,2025-03-01 11:37:45.010000+00:00,2025-03-01 11:37:53.010000+00:00,3,0,1,walking,0.5223094
04845288Q-121,04845288Q-121_block_3,2025-03-01 11:37:50.010000+00:00,2025-03-01 11:37:46.010000+00:00,2025-03-01 11:37:54.010000+00:00,3,0,1,walking,0.5327569
04845288Q-121,04845288Q-121_block_3,2025-03-01 11:37:51.010000+00:00,2025-03-01 11:37:47.010000+00:00,2025-03-01 11:37:55.010000+00:00,3,0,1,walking,0.5001168
04845288Q-121,04845288Q-121_block_3,2025-03-01 11:37:52.010000+00:00,2025-03-01 11:37:48.010000+00:00,2025-03-01 11:37:56.010000+00:00,3,0,0,not_walking,0.49278167
04845288Q-121,04845288Q-121_block_3,2025-03-01 11:37:53.010000+00:00,2025-03-01 11:37:49.010000+00:00,2025-03-01 11:37:57.010000+00:00,3,0,1,walking,0.5297635
04845288Q-121,04845288Q-121_block_3,2025-03-01 11:37:54.010000+00:00,2025-03-01 11:37:50.010000+00:00,2025-03-01 11:37:58.010000+00:00,3,0,1,walking,0.5758974
04845288Q-121,04845288Q-121_block_3,2025-03-01 11:37:55.010000+00:00,2025-03-01 11:37:51.010000+00:00,2025-03-01 11:37:59.010000+00:00,3,0,1,walking,0.58733034
04845288Q-121,04845288Q-121_block_3,2025-03-01 11:37:56.010000+00:00,2025-03-01 11:37:52.010000+00:00,2025-03-01 11:38:00.010000+00:00,3,0,1,walking,0.60237956
04845288Q-121,04845288Q-121_block_3,2025-03-01 11:37:57.010000+00:00,2025-03-01 11:37:53.010000+00:00,2025-03-01 11:38:01.010000+00:00,3,0,1,walking,0.6372664
04845288Q-121,04845288Q-121_block_3,2025-03-01 11:37:58.010000+00:00,2025-03-01 11:37:54.010000+00:00,2025-03-01 11:38:02.010000+00:00,3,0,0,not_walking,0.4473593
04845288Q-121,04845288Q-121_block_3,2025-03-01 11:37:59.010000+00:00,2025-03-01 11:37:55.010000+00:00,2025-03-01 11:38:03.010000+00:00,3,0,0,not_walking,0.44181573
04845288Q-121,04845288Q-121_block_3,2025-03-01 11:38:00.010000+00:00,2025-03-01 11:37:56.010000+00:00,2025-03-01 11:38:04.010000+00:00,3,0,0,not_walking,0.327722
04845288Q-121,04845288Q-121_block_3,2025-03-01 11:38:01.010000+00:00,2025-03-01 11:37:57.010000+00:00,2025-03-01 11:38:05.010000+00:00,3,0,1,walking,0.6019106
04845288Q-121,04845288Q-121_block_3,2025-03-01 11:38:02.010000+00:00,2025-03-01 11:37:58.010000+00:00,2025-03-01 11:38:06.010000+00:00,3,0,1,walking,0.6924941
04845288Q-121,04845288Q-121_block_3,2025-03-01 11:38:03.010000+00:00,2025-03-01 11:37:59.010000+00:00,2025-03-01 11:38:07.010000+00:00,3,0,1,walking,0.6028747
04845288Q-121,04845288Q-121_block_3,2025-03-01 11:38:04.010000+00:00,2025-03-01 11:38:00.010000+00:00,2025-03-01 11:38:08.010000+00:00,3,0,1,walking,0.6415922
04845288Q-121,04845288Q-121_block_3,2025-03-01 11:38:05.010000+00:00,2025-03-01 11:38:01.010000+00:00,2025-03-01 11:38:09.010000+00:00,3,0,1,walking,0.5733212
04845288Q-121,04845288Q-121_block_3,2025-03-01 11:38:06.010000+00:00,2025-03-01 11:38:02.010000+00:00,2025-03-01 11:38:10.010000+00:00,3,0,1,walking,0.5368901
04845288Q-121,04845288Q-121_block_3,2025-03-01 11:38:07.010000+00:00,2025-03-01 11:38:03.010000+00:00,2025-03-01 11:38:11.010000+00:00,3,0,1,walking,0.5148285
04845288Q-121,04845288Q-121_block_3,2025-03-01 11:38:08.010000+00:00,2025-03-01 11:38:04.010000+00:00,2025-03-01 11:38:12.010000+00:00,3,0,1,walking,0.55453175
04845288Q-121,04845288Q-121_block_3,2025-03-01 11:38:09.010000+00:00,2025-03-01 11:38:05.010000+00:00,2025-03-01 11:38:13.010000+00:00,3,0,1,walking,0.5474909
04845288Q-121,04845288Q-121_block_3,2025-03-01 11:38:10.010000+00:00,2025-03-01 11:38:06.010000+00:00,2025-03-01 11:38:14.010000+00:00,3,0,1,walking,0.5515454
04845288Q-121,04845288Q-121_block_3,2025-03-01 11:38:11.010000+00:00,2025-03-01 11:38:07.010000+00:00,2025-03-01 11:38:15.010000+00:00,3,0,1,walking,0.5129973
04845288Q-121,04845288Q-121_block_3,2025-03-01 11:38:12.010000+00:00,2025-03-01 11:38:08.010000+00:00,2025-03-01 11:38:16.010000+00:00,3,0,1,walking,0.56540745
04845288Q-121,04845288Q-121_block_3,2025-03-01 11:38:13.010000+00:00,2025-03-01 11:38:09.010000+00:00,2025-03-01 11:38:17.010000+00:00,3,0,1,walking,0.544427
04845288Q-121,04845288Q-121_block_3,2025-03-01 11:38:14.010000+00:00,2025-03-01 11:38:10.010000+00:00,2025-03-01 11:38:18.010000+00:00,3,0,1,walking,0.51649886
04845288Q-121,04845288Q-121_block_3,2025-03-01 11:38:15.010000+00:00,2025-03-01 11:38:11.010000+00:00,2025-03-01 11:38:19.010000+00:00,3,0,1,walking,0.5104912
04845288Q-121,04845288Q-121_block_3,2025-03-01 11:38:16.010000+00:00,2025-03-01 11:38:12.010000+00:00,2025-03-01 11:38:20.010000+00:00,3,0,1,walking,0.5521549
04845288Q-121,04845288Q-121_block_3,2025-03-01 11:38:17.010000+00:00,2025-03-01 11:38:13.010000+00:00,2025-03-01 11:38:21.010000+00:00,3,0,1,walking,0.5659777
04845288Q-121,04845288Q-121_block_3,2025-03-01 11:38:18.010000+00:00,2025-03-01 11:38:14.010000+00:00,2025-03-01 11:38:22.010000+00:00,3,1,1,walking,0.56684995
04845288Q-121,04845288Q-121_block_3,2025-03-01 11:38:19.010000+00:00,2025-03-01 11:38:15.010000+00:00,2025-03-01 11:38:23.010000+00:00,3,1,1,walking,0.59361637
04845288Q-121,04845288Q-121_block_3,2025-03-01 11:38:20.010000+00:00,2025-03-01 11:38:16.010000+00:00,2025-03-01 11:38:24.010000+00:00,3,1,1,walking,0.52275443
04845288Q-121,04845288Q-121_block_3,2025-03-01 11:38:21.010000+00:00,2025-03-01 11:38:17.010000+00:00,2025-03-01 11:38:25.010000+00:00,3,1,1,walking,0.52875745
04845288Q-121,04845288Q-121_block_3,2025-03-01 11:38:22.010000+00:00,2025-03-01 11:38:18.010000+00:00,2025-03-01 11:38:26.010000+00:00,3,1,1,walking,0.5425326
04845288Q-121,04845288Q-121_block_3,2025-03-01 11:38:23.010000+00:00,2025-03-01 11:38:19.010000+00:00,2025-03-01 11:38:27.010000+00:00,3,1,1,walking,0.5108285
04845288Q-121,04845288Q-121_block_3,2025-03-01 11:38:24.010000+00:00,2025-03-01 11:38:20.010000+00:00,2025-03-01 11:38:28.010000+00:00,3,1,1,walking,0.56712306
04845288Q-121,04845288Q-121_block_3,2025-03-01 11:38:25.010000+00:00,2025-03-01 11:38:21.010000+00:00,2025-03-01 11:38:29.010000+00:00,3,1,1,walking,0.6241582
04845288Q-121,04845288Q-121_block_3,2025-03-01 11:38:26.010000+00:00,2025-03-01 11:38:22.010000+00:00,2025-03-01 11:38:30.010000+00:00,3,1,1,walking,0.5537631
04845288Q-121,04845288Q-121_block_3,2025-03-01 11:38:27.010000+00:00,2025-03-01 11:38:23.010000+00:00,2025-03-01 11:38:31.010000+00:00,3,1,1,walking,0.6005721
04845288Q-121,04845288Q-121_block_3,2025-03-01 11:38:28.010000+00:00,2025-03-01 11:38:24.010000+00:00,2025-03-01 11:38:32.010000+00:00,3,1,1,walking,0.555132
04845288Q-121,04845288Q-121_block_3,2025-03-01 11:38:29.010000+00:00,2025-03-01 11:38:25.010000+00:00,2025-03-01 11:38:33.010000+00:00,3,1,1,walking,0.62201965
04845288Q-121,04845288Q-121_block_3,2025-03-01 11:38:30.010000+00:00,2025-03-01 11:38:26.010000+00:00,2025-03-01 11:38:34.010000+00:00,3,1,1,walking,0.62195617
04845288Q-121,04845288Q-121_block_3,2025-03-01 11:38:31.010000+00:00,2025-03-01 11:38:27.010000+00:00,2025-03-01 11:38:35.010000+00:00,3,1,1,walking,0.5774482
04845288Q-121,04845288Q-121_block_3,2025-03-01 11:38:32.010000+00:00,2025-03-01 11:38:28.010000+00:00,2025-03-01 11:38:36.010000+00:00,3,1,1,walking,0.5670995
04845288Q-121,04845288Q-121_block_3,2025-03-01 11:38:33.010000+00:00,2025-03-01 11:38:29.010000+00:00,2025-03-01 11:38:37.010000+00:00,3,1,1,walking,0.5506762
04845288Q-121,04845288Q-121_block_3,2025-03-01 11:38:34.010000+00:00,2025-03-01 11:38:30.010000+00:00,2025-03-01 11:38:38.010000+00:00,3,1,1,walking,0.5039073
04845288Q-121,04845288Q-121_block_3,2025-03-01 11:38:35.010000+00:00,2025-03-01 11:38:31.010000+00:00,2025-03-01 11:38:39.010000+00:00,3,1,1,walking,0.5628673
04845288Q-121,04845288Q-121_block_3,2025-03-01 11:38:36.010000+00:00,2025-03-01 11:38:32.010000+00:00,2025-03-01 11:38:40.010000+00:00,3,1,1,walking,0.5742624
04845288Q-121,04845288Q-121_block_3,2025-03-01 11:38:37.010000+00:00,2025-03-01 11:38:33.010000+00:00,2025-03-01 11:38:41.010000+00:00,3,1,1,walking,0.61427295
04845288Q-121,04845288Q-121_block_3,2025-03-01 11:38:38.010000+00:00,2025-03-01 11:38:34.010000+00:00,2025-03-01 11:38:44.010000+00:00,3,1,1,walking,0.562738
04845288Q-121,04845288Q-121_block_3,2025-03-01 11:38:39.010000+00:00,2025-03-01 11:38:35.010000+00:00,2025-03-01 11:38:45.010000+00:00,3,1,1,walking,0.5527146
04845288Q-121,04845288Q-121_block_3,2025-03-01 11:38:40.010000+00:00,2025-03-01 11:38:36.010000+00:00,2025-03-01 11:38:46.010000+00:00,3,1,1,walking,0.5661983
04845288Q-121,04845288Q-121_block_3,2025-03-01 11:38:41.010000+00:00,2025-03-01 11:38:37.010000+00:00,2025-03-01 11:38:47.010000+00:00,3,1,1,walking,0.5366782
04845288Q-121,04845288Q-121_block_3,2025-03-01 11:38:44.010000+00:00,2025-03-01 11:38:38.010000+00:00,2025-03-01 11:38:48.010000+00:00,3,0,1,walking,0.58436626
04845288Q-121,04845288Q-121_block_3,2025-03-01 11:38:45.010000+00:00,2025-03-01 11:38:39.010000+00:00,2025-03-01 11:38:49.010000+00:00,3,0,1,walking,0.5821827
04845288Q-121,04845288Q-121_block_3,2025-03-01 11:38:46.010000+00:00,2025-03-01 11:38:40.010000+00:00,2025-03-01 11:38:50.010000+00:00,3,0,1,walking,0.5599444
04845288Q-121,04845288Q-121_block_3,2025-03-01 11:38:47.010000+00:00,2025-03-01 11:38:41.010000+00:00,2025-03-01 11:38:51.010000+00:00,3,0,1,walking,0.5223834
04845288Q-121,04845288Q-121_block_3,2025-03-01 11:38:48.010000+00:00,2025-03-01 11:38:44.010000+00:00,2025-03-01 11:38:52.010000+00:00,3,0,1,walking,0.5469479
04845288Q-121,04845288Q-121_block_3,2025-03-01 11:38:49.010000+00:00,2025-03-01 11:38:45.010000+00:00,2025-03-01 11:38:53.010000+00:00,3,0,1,walking,0.55199593
04845288Q-121,04845288Q-121_block_3,2025-03-01 11:38:50.010000+00:00,2025-03-01 11:38:46.010000+00:00,2025-03-01 11:38:54.010000+00:00,3,0,1,walking,0.5476857
04845288Q-121,04845288Q-121_block_3,2025-03-01 11:38:51.010000+00:00,2025-03-01 11:38:47.010000+00:00,2025-03-01 11:38:55.010000+00:00,3,0,1,walking,0.54809064
04845288Q-121,04845288Q-121_block_3,2025-03-01 11:38:52.010000+00:00,2025-03-01 11:38:48.010000+00:00,2025-03-01 11:38:56.010000+00:00,3,0,1,walking,0.51680297
04845288Q-121,04845288Q-121_block_3,2025-03-01 11:38:53.010000+00:00,2025-03-01 11:38:49.010000+00:00,2025-03-01 11:38:57.010000+00:00,3,0,1,walking,0.56832486
04845288Q-121,04845288Q-121_block_3,2025-03-01 11:38:54.010000+00:00,2025-03-01 11:38:50.010000+00:00,2025-03-01 11:38:58.010000+00:00,3,0,0,not_walking,0.4237809
04845288Q-121,04845288Q-121_block_3,2025-03-01 11:38:55.010000+00:00,2025-03-01 11:38:51.010000+00:00,2025-03-01 11:38:59.010000+00:00,3,0,1,walking,0.5469859
04845288Q-121,04845288Q-121_block_3,2025-03-01 11:38:56.010000+00:00,2025-03-01 11:38:52.010000+00:00,2025-03-01 11:39:00.010000+00:00,3,0,1,walking,0.58286375
04845288Q-121,04845288Q-121_block_3,2025-03-01 11:38:57.010000+00:00,2025-03-01 11:38:53.010000+00:00,2025-03-01 11:39:01.010000+00:00,3,0,1,walking,0.5526862
04845288Q-121,04845288Q-121_block_3,2025-03-01 11:38:58.010000+00:00,2025-03-01 11:38:54.010000+00:00,2025-03-01 11:39:02.010000+00:00,3,0,1,walking,0.56852525
04845288Q-121,04845288Q-121_block_3,2025-03-01 11:38:59.010000+00:00,2025-03-01 11:38:55.010000+00:00,2025-03-01 11:39:03.010000+00:00,3,0,1,walking,0.56404626
04845288Q-121,04845288Q-121_block_3,2025-03-01 11:39:00.010000+00:00,2025-03-01 11:38:56.010000+00:00,2025-03-01 11:39:04.010000+00:00,3,0,1,walking,0.53056896
04845288Q-121,04845288Q-121_block_3,2025-03-01 11:39:01.010000+00:00,2025-03-01 11:38:57.010000+00:00,2025-03-01 11:39:05.010000+00:00,3,0,1,walking,0.50201416
04845288Q-121,04845288Q-121_block_3,2025-03-01 11:39:02.010000+00:00,2025-03-01 11:38:58.010000+00:00,2025-03-01 11:39:06.010000+00:00,3,0,1,walking,0.5054721
04845288Q-121,04845288Q-121_block_3,2025-03-01 11:39:03.010000+00:00,2025-03-01 11:38:59.010000+00:00,2025-03-01 11:39:07.010000+00:00,3,0,1,walking,0.50071114
04845288Q-121,04845288Q-121_block_3,2025-03-01 11:39:04.010000+00:00,2025-03-01 11:39:00.010000+00:00,2025-03-01 11:39:08.010000+00:00,3,0,1,walking,0.50856465
04845288Q-121,04845288Q-121_block_3,2025-03-01 11:39:05.010000+00:00,2025-03-01 11:39:01.010000+00:00,2025-03-01 11:39:09.010000+00:00,3,0,1,walking,0.5330741
04845288Q-121,04845288Q-121_block_3,2025-03-01 11:39:06.010000+00:00,2025-03-01 11:39:02.010000+00:00,2025-03-01 11:39:10.010000+00:00,3,0,1,walking,0.54567915
04845288Q-121,04845288Q-121_block_3,2025-03-01 11:39:07.010000+00:00,2025-03-01 11:39:03.010000+00:00,2025-03-01 11:39:11.010000+00:00,3,0,1,walking,0.5684848
04845288Q-121,04845288Q-121_block_3,2025-03-01 11:39:08.010000+00:00,2025-03-01 11:39:04.010000+00:00,2025-03-01 11:39:12.010000+00:00,3,0,1,walking,0.5431179
04845288Q-121,04845288Q-121_block_3,2025-03-01 11:39:09.010000+00:00,2025-03-01 11:39:05.010000+00:00,2025-03-01 11:39:13.010000+00:00,3,0,1,walking,0.54367256
04845288Q-121,04845288Q-121_block_3,2025-03-01 11:39:10.010000+00:00,2025-03-01 11:39:06.010000+00:00,2025-03-01 11:39:14.010000+00:00,3,0,0,not_walking,0.49572492
04845288Q-121,04845288Q-121_block_3,2025-03-01 11:39:11.010000+00:00,2025-03-01 11:39:07.010000+00:00,2025-03-01 11:39:15.010000+00:00,3,0,0,not_walking,0.49723765
04845288Q-121,04845288Q-121_block_3,2025-03-01 11:39:12.010000+00:00,2025-03-01 11:39:08.010000+00:00,2025-03-01 11:39:16.010000+00:00,3,0,1,walking,0.53156877
04845288Q-121,04845288Q-121_block_3,2025-03-01 11:39:13.010000+00:00,2025-03-01 11:39:09.010000+00:00,2025-03-01 11:39:17.010000+00:00,3,0,1,walking,0.53321624
04845288Q-121,04845288Q-121_block_3,2025-03-01 11:39:14.010000+00:00,2025-03-01 11:39:10.010000+00:00,2025-03-01 11:39:18.010000+00:00,3,0,0,not_walking,0.48789698
04845288Q-121,04845288Q-121_block_3,2025-03-01 11:39:15.010000+00:00,2025-03-01 11:39:11.010000+00:00,2025-03-01 11:39:19.010000+00:00,3,0,1,walking,0.53151435
04845288Q-121,04845288Q-121_block_3,2025-03-01 11:39:16.010000+00:00,2025-03-01 11:39:12.010000+00:00,2025-03-01 11:39:20.010000+00:00,3,0,1,walking,0.5395775
04845288Q-121,04845288Q-121_block_3,2025-03-01 11:39:17.010000+00:00,2025-03-01 11:39:13.010000+00:00,2025-03-01 11:39:21.010000+00:00,3,0,1,walking,0.5480498
04845288Q-121,04845288Q-121_block_3,2025-03-01 11:39:18.010000+00:00,2025-03-01 11:39:14.010000+00:00,2025-03-01 11:39:22.010000+00:00,3,0,1,walking,0.55184674
04845288Q-121,04845288Q-121_block_3,2025-03-01 11:39:19.010000+00:00,2025-03-01 11:39:15.010000+00:00,2025-03-01 11:39:23.010000+00:00,3,0,1,walking,0.5385395
04845288Q-121,04845288Q-121_block_3,2025-03-01 11:39:20.010000+00:00,2025-03-01 11:39:16.010000+00:00,2025-03-01 11:39:24.010000+00:00,3,0,1,walking,0.5122288
04845288Q-121,04845288Q-121_block_3,2025-03-01 11:39:21.010000+00:00,2025-03-01 11:39:17.010000+00:00,2025-03-01 11:39:25.010000+00:00,3,0,1,walking,0.5190078
04845288Q-121,04845288Q-121_block_3,2025-03-01 11:39:22.010000+00:00,2025-03-01 11:39:18.010000+00:00,2025-03-01 11:39:26.010000+00:00,3,0,1,walking,0.5440169
04845288Q-121,04845288Q-121_block_3,2025-03-01 11:39:23.010000+00:00,2025-03-01 11:39:19.010000+00:00,2025-03-01 11:39:27.010000+00:00,3,1,1,walking,0.56603456
04845288Q-121,04845288Q-121_block_3,2025-03-01 11:39:24.010000+00:00,2025-03-01 11:39:20.010000+00:00,2025-03-01 11:39:28.010000+00:00,3,1,1,walking,0.5250573
04845288Q-121,04845288Q-121_block_3,2025-03-01 11:39:25.010000+00:00,2025-03-01 11:39:21.010000+00:00,2025-03-01 11:39:29.010000+00:00,3,1,1,walking,0.5427415
04845288Q-121,04845288Q-121_block_3,2025-03-01 11:39:26.010000+00:00,2025-03-01 11:39:22.010000+00:00,2025-03-01 11:39:30.010000+00:00,3,1,1,walking,0.5317263
04845288Q-121,04845288Q-121_block_3,2025-03-01 11:39:27.010000+00:00,2025-03-01 11:39:23.010000+00:00,2025-03-01 11:39:31.010000+00:00,3,1,1,walking,0.5262681
04845288Q-121,04845288Q-121_block_3,2025-03-01 11:39:28.010000+00:00,2025-03-01 11:39:24.010000+00:00,2025-03-01 11:39:32.010000+00:00,3,1,1,walking,0.5178668
04845288Q-121,04845288Q-121_block_3,2025-03-01 11:39:29.010000+00:00,2025-03-01 11:39:25.010000+00:00,2025-03-01 11:39:33.010000+00:00,3,1,1,walking,0.5092128
04845288Q-121,04845288Q-121_block_3,2025-03-01 11:39:30.010000+00:00,2025-03-01 11:39:26.010000+00:00,2025-03-01 11:39:34.010000+00:00,3,1,1,walking,0.5185475
04845288Q-121,04845288Q-121_block_3,2025-03-01 11:39:31.010000+00:00,2025-03-01 11:39:27.010000+00:00,2025-03-01 11:39:35.010000+00:00,3,1,1,walking,0.5518466
04845288Q-121,04845288Q-121_block_3,2025-03-01 11:39:32.010000+00:00,2025-03-01 11:39:28.010000+00:00,2025-03-01 11:39:36.010000+00:00,3,1,1,walking,0.52816963
04845288Q-121,04845288Q-121_block_3,2025-03-01 11:39:33.010000+00:00,2025-03-01 11:39:29.010000+00:00,2025-03-01 11:39:37.010000+00:00,3,1,1,walking,0.51775825
04845288Q-121,04845288Q-121_block_3,2025-03-01 11:39:34.010000+00:00,2025-03-01 11:39:30.010000+00:00,2025-03-01 11:39:38.010000+00:00,3,0,1,walking,0.5446148
04845288Q-121,04845288Q-121_block_3,2025-03-01 11:39:35.010000+00:00,2025-03-01 11:39:31.010000+00:00,2025-03-01 11:39:39.010000+00:00,3,0,1,walking,0.58114475
04845288Q-121,04845288Q-121_block_3,2025-03-01 11:39:36.010000+00:00,2025-03-01 11:39:32.010000+00:00,2025-03-01 11:39:40.010000+00:00,3,0,1,walking,0.55447274
04845288Q-121,04845288Q-121_block_3,2025-03-01 11:39:37.010000+00:00,2025-03-01 11:39:33.010000+00:00,2025-03-01 11:39:41.010000+00:00,3,0,1,walking,0.5490011
04845288Q-121,04845288Q-121_block_3,2025-03-01 11:39:38.010000+00:00,2025-03-01 11:39:34.010000+00:00,2025-03-01 11:39:42.010000+00:00,3,0,1,walking,0.5688353
04845288Q-121,04845288Q-121_block_3,2025-03-01 11:39:39.010000+00:00,2025-03-01 11:39:35.010000+00:00,2025-03-01 11:39:43.010000+00:00,3,0,1,walking,0.5565019
04845288Q-121,04845288Q-121_block_3,2025-03-01 11:39:40.010000+00:00,2025-03-01 11:39:36.010000+00:00,2025-03-01 11:39:44.010000+00:00,3,0,1,walking,0.56827503
04845288Q-121,04845288Q-121_block_4,2025-03-01 11:39:55.010000+00:00,2025-03-01 11:39:51.010000+00:00,2025-03-01 11:39:59.010000+00:00,4,0,0,not_walking,0.29257277
04845288Q-121,04845288Q-121_block_4,2025-03-01 11:39:56.010000+00:00,2025-03-01 11:39:52.010000+00:00,2025-03-01 11:40:04.010000+00:00,4,0,0,not_walking,0.29853028
04845288Q-121,04845288Q-121_block_4,2025-03-01 11:39:57.010000+00:00,2025-03-01 11:39:53.010000+00:00,2025-03-01 11:40:05.010000+00:00,4,0,0,not_walking,0.29047456
04845288Q-121,04845288Q-121_block_4,2025-03-01 11:39:58.010000+00:00,2025-03-01 11:39:54.010000+00:00,2025-03-01 11:40:06.010000+00:00,4,0,0,not_walking,0.27228975
04845288Q-121,04845288Q-121_block_4,2025-03-01 11:39:59.010000+00:00,2025-03-01 11:39:55.010000+00:00,2025-03-01 11:40:07.010000+00:00,4,0,0,not_walking,0.2898981
04845288Q-121,04845288Q-121_block_4,2025-03-01 11:40:04.010000+00:00,2025-03-01 11:39:56.010000+00:00,2025-03-01 11:40:08.010000+00:00,4,1,0,not_walking,0.29740205
04845288Q-121,04845288Q-121_block_4,2025-03-01 11:40:05.010000+00:00,2025-03-01 11:39:57.010000+00:00,2025-03-01 11:40:09.010000+00:00,4,1,0,not_walking,0.27266312
04845288Q-121,04845288Q-121_block_4,2025-03-01 11:40:06.010000+00:00,2025-03-01 11:39:58.010000+00:00,2025-03-01 11:40:10.010000+00:00,4,1,0,not_walking,0.26741582
04845288Q-121,04845288Q-121_block_4,2025-03-01 11:40:07.010000+00:00,2025-03-01 11:39:59.010000+00:00,2025-03-01 11:40:11.010000+00:00,4,1,0,not_walking,0.290995
04845288Q-121,04845288Q-121_block_4,2025-03-01 11:40:08.010000+00:00,2025-03-01 11:40:04.010000+00:00,2025-03-01 11:40:12.010000+00:00,4,1,0,not_walking,0.259866
04845288Q-121,04845288Q-121_block_4,2025-03-01 11:40:09.010000+00:00,2025-03-01 11:40:05.010000+00:00,2025-03-01 11:40:13.010000+00:00,4,1,0,not_walking,0.29716328
04845288Q-121,04845288Q-121_block_4,2025-03-01 11:40:10.010000+00:00,2025-03-01 11:40:06.010000+00:00,2025-03-01 11:40:14.010000+00:00,4,1,0,not_walking,0.29037985
04845288Q-121,04845288Q-121_block_4,2025-03-01 11:40:11.010000+00:00,2025-03-01 11:40:07.010000+00:00,2025-03-01 11:40:15.010000+00:00,4,1,0,not_walking,0.29027566
04845288Q-121,04845288Q-121_block_4,2025-03-01 11:40:12.010000+00:00,2025-03-01 11:40:08.010000+00:00,2025-03-01 11:40:16.010000+00:00,4,1,0,not_walking,0.3175771
04845288Q-121,04845288Q-121_block_4,2025-03-01 11:40:13.010000+00:00,2025-03-01 11:40:09.010000+00:00,2025-03-01 11:40:17.010000+00:00,4,1,0,not_walking,0.324758
04845288Q-121,04845288Q-121_block_4,2025-03-01 11:40:14.010000+00:00,2025-03-01 11:40:10.010000+00:00,2025-03-01 11:40:18.010000+00:00,4,1,0,not_walking,0.31759763
04845288Q-121,04845288Q-121_block_4,2025-03-01 11:40:15.010000+00:00,2025-03-01 11:40:11.010000+00:00,2025-03-01 11:40:19.010000+00:00,4,1,0,not_walking,0.30353758
04845288Q-121,04845288Q-121_block_4,2025-03-01 11:40:16.010000+00:00,2025-03-01 11:40:12.010000+00:00,2025-03-01 11:40:20.010000+00:00,4,1,0,not_walking,0.2972406
04845288Q-121,04845288Q-121_block_4,2025-03-01 11:40:17.010000+00:00,2025-03-01 11:40:13.010000+00:00,2025-03-01 11:40:21.010000+00:00,4,1,0,not_walking,0.26740104
04845288Q-121,04845288Q-121_block_4,2025-03-01 11:40:18.010000+00:00,2025-03-01 11:40:14.010000+00:00,2025-03-01 11:40:22.010000+00:00,4,1,0,not_walking,0.28006047
04845288Q-121,04845288Q-121_block_4,2025-03-01 11:40:19.010000+00:00,2025-03-01 11:40:15.010000+00:00,2025-03-01 11:40:23.010000+00:00,4,1,0,not_walking,0.2873015
04845288Q-121,04845288Q-121_block_4,2025-03-01 11:40:20.010000+00:00,2025-03-01 11:40:16.010000+00:00,2025-03-01 11:40:24.010000+00:00,4,1,0,not_walking,0.29796058
04845288Q-121,04845288Q-121_block_4,2025-03-01 11:40:21.010000+00:00,2025-03-01 11:40:17.010000+00:00,2025-03-01 11:40:25.010000+00:00,4,1,0,not_walking,0.29839516
04845288Q-121,04845288Q-121_block_4,2025-03-01 11:40:22.010000+00:00,2025-03-01 11:40:18.010000+00:00,2025-03-01 11:40:26.010000+00:00,4,1,0,not_walking,0.33334595
04845288Q-121,04845288Q-121_block_4,2025-03-01 11:40:23.010000+00:00,2025-03-01 11:40:19.010000+00:00,2025-03-01 11:40:27.010000+00:00,4,1,0,not_walking,0.3291994
04845288Q-121,04845288Q-121_block_4,2025-03-01 11:40:24.010000+00:00,2025-03-01 11:40:20.010000+00:00,2025-03-01 11:40:28.010000+00:00,4,1,0,not_walking,0.31939375
04845288Q-121,04845288Q-121_block_4,2025-03-01 11:40:25.010000+00:00,2025-03-01 11:40:21.010000+00:00,2025-03-01 11:40:29.010000+00:00,4,0,0,not_walking,0.29618728
04845288Q-121,04845288Q-121_block_4,2025-03-01 11:40:26.010000+00:00,2025-03-01 11:40:22.010000+00:00,2025-03-01 11:40:30.010000+00:00,4,0,0,not_walking,0.293115
04845288Q-121,04845288Q-121_block_4,2025-03-01 11:40:27.010000+00:00,2025-03-01 11:40:23.010000+00:00,2025-03-01 11:40:31.010000+00:00,4,0,0,not_walking,0.28932303
04845288Q-121,04845288Q-121_block_4,2025-03-01 11:40:28.010000+00:00,2025-03-01 11:40:24.010000+00:00,2025-03-01 11:40:32.010000+00:00,4,0,0,not_walking,0.3191455
04845288Q-121,04845288Q-121_block_4,2025-03-01 11:40:29.010000+00:00,2025-03-01 11:40:25.010000+00:00,2025-03-01 11:40:33.010000+00:00,4,0,0,not_walking,0.27907452
04845288Q-121,04845288Q-121_block_4,2025-03-01 11:40:30.010000+00:00,2025-03-01 11:40:26.010000+00:00,2025-03-01 11:40:34.010000+00:00,4,0,0,not_walking,0.283611
04845288Q-121,04845288Q-121_block_4,2025-03-01 11:40:31.010000+00:00,2025-03-01 11:40:27.010000+00:00,2025-03-01 11:40:35.010000+00:00,4,0,0,not_walking,0.2837471
04845288Q-121,04845288Q-121_block_4,2025-03-01 11:40:32.010000+00:00,2025-03-01 11:40:28.010000+00:00,2025-03-01 11:40:36.010000+00:00,4,0,0,not_walking,0.27703187
04845288Q-121,04845288Q-121_block_4,2025-03-01 11:40:33.010000+00:00,2025-03-01 11:40:29.010000+00:00,2025-03-01 11:40:37.010000+00:00,4,0,0,not_walking,0.2924957
04845288Q-121,04845288Q-121_block_4,2025-03-01 11:40:34.010000+00:00,2025-03-01 11:40:30.010000+00:00,2025-03-01 11:40:38.010000+00:00,4,0,0,not_walking,0.33429676
47046344M-104,47046344M-104_block_10,2024-10-15 07:43:32.010000+00:00,2024-10-15 07:43:28.010000+00:00,2024-10-15 07:43:36.010000+00:00,5,1,0,not_walking,0.24342172
47046344M-104,47046344M-104_block_10,2024-10-15 07:43:33.010000+00:00,2024-10-15 07:43:29.010000+00:00,2024-10-15 07:43:37.010000+00:00,5,1,1,walking,0.6398642
47046344M-104,47046344M-104_block_10,2024-10-15 07:43:34.010000+00:00,2024-10-15 07:43:30.010000+00:00,2024-10-15 07:43:38.010000+00:00,5,1,1,walking,0.72007287
47046344M-104,47046344M-104_block_10,2024-10-15 07:43:35.010000+00:00,2024-10-15 07:43:31.010000+00:00,2024-10-15 07:43:39.010000+00:00,5,1,1,walking,0.691774
47046344M-104,47046344M-104_block_10,2024-10-15 07:43:36.010000+00:00,2024-10-15 07:43:32.010000+00:00,2024-10-15 07:43:40.010000+00:00,5,1,0,not_walking,0.34816754
47046344M-104,47046344M-104_block_10,2024-10-15 07:43:37.010000+00:00,2024-10-15 07:43:33.010000+00:00,2024-10-15 07:43:41.010000+00:00,5,1,1,walking,0.51308507
47046344M-104,47046344M-104_block_10,2024-10-15 07:43:38.010000+00:00,2024-10-15 07:43:34.010000+00:00,2024-10-15 07:43:42.010000+00:00,5,1,1,walking,0.5569859
47046344M-104,47046344M-104_block_10,2024-10-15 07:43:39.010000+00:00,2024-10-15 07:43:35.010000+00:00,2024-10-15 07:43:43.010000+00:00,5,1,0,not_walking,0.38571233
47046344M-104,47046344M-104_block_10,2024-10-15 07:43:40.010000+00:00,2024-10-15 07:43:36.010000+00:00,2024-10-15 07:43:44.010000+00:00,5,1,0,not_walking,0.19786249
47046344M-104,47046344M-104_block_10,2024-10-15 07:43:41.010000+00:00,2024-10-15 07:43:37.010000+00:00,2024-10-15 07:43:45.010000+00:00,5,1,0,not_walking,0.4719353
47046344M-104,47046344M-104_block_10,2024-10-15 07:43:42.010000+00:00,2024-10-15 07:43:38.010000+00:00,2024-10-15 07:43:46.010000+00:00,5,1,0,not_walking,0.40631002
47046344M-104,47046344M-104_block_10,2024-10-15 07:43:43.010000+00:00,2024-10-15 07:43:39.010000+00:00,2024-10-15 07:43:47.010000+00:00,5,1,1,walking,0.62920916
47046344M-104,47046344M-104_block_10,2024-10-15 07:43:44.010000+00:00,2024-10-15 07:43:40.010000+00:00,2024-10-15 07:43:48.010000+00:00,5,1,1,walking,0.6415727
47046344M-104,47046344M-104_block_10,2024-10-15 07:43:45.010000+00:00,2024-10-15 07:43:41.010000+00:00,2024-10-15 07:43:49.010000+00:00,5,1,1,walking,0.5888524
47046344M-104,47046344M-104_block_10,2024-10-15 07:43:46.010000+00:00,2024-10-15 07:43:42.010000+00:00,2024-10-15 07:43:50.010000+00:00,5,1,0,not_walking,0.275305
47046344M-104,47046344M-104_block_10,2024-10-15 07:43:47.010000+00:00,2024-10-15 07:43:43.010000+00:00,2024-10-15 07:43:51.010000+00:00,5,1,0,not_walking,0.24027649
47046344M-104,47046344M-104_block_10,2024-10-15 07:43:48.010000+00:00,2024-10-15 07:43:44.010000+00:00,2024-10-15 07:43:52.010000+00:00,5,1,1,walking,0.5076024
47046344M-104,47046344M-104_block_10,2024-10-15 07:43:49.010000+00:00,2024-10-15 07:43:45.010000+00:00,2024-10-15 07:43:53.010000+00:00,5,1,0,not_walking,0.3712743
47046344M-104,47046344M-104_block_10,2024-10-15 07:43:50.010000+00:00,2024-10-15 07:43:46.010000+00:00,2024-10-15 07:43:54.010000+00:00,5,1,1,walking,0.55710846
47046344M-104,47046344M-104_block_10,2024-10-15 07:43:51.010000+00:00,2024-10-15 07:43:47.010000+00:00,2024-10-15 07:43:55.010000+00:00,5,1,0,not_walking,0.32071176
47046344M-104,47046344M-104_block_10,2024-10-15 07:43:52.010000+00:00,2024-10-15 07:43:48.010000+00:00,2024-10-15 07:43:56.010000+00:00,5,1,1,walking,0.521771
47046344M-104,47046344M-104_block_10,2024-10-15 07:43:53.010000+00:00,2024-10-15 07:43:49.010000+00:00,2024-10-15 07:43:57.010000+00:00,5,1,0,not_walking,0.39489946
47046344M-104,47046344M-104_block_10,2024-10-15 07:43:54.010000+00:00,2024-10-15 07:43:50.010000+00:00,2024-10-15 07:43:58.010000+00:00,5,1,0,not_walking,0.3817771
47046344M-104,47046344M-104_block_10,2024-10-15 07:43:55.010000+00:00,2024-10-15 07:43:51.010000+00:00,2024-10-15 07:43:59.010000+00:00,5,1,1,walking,0.608255
47046344M-104,47046344M-104_block_10,2024-10-15 07:43:56.010000+00:00,2024-10-15 07:43:52.010000+00:00,2024-10-15 07:44:00.010000+00:00,5,1,0,not_walking,0.40476355
47046344M-104,47046344M-104_block_10,2024-10-15 07:43:57.010000+00:00,2024-10-15 07:43:53.010000+00:00,2024-10-15 07:44:01.010000+00:00,5,1,1,walking,0.6674124
47046344M-104,47046344M-104_block_10,2024-10-15 07:43:58.010000+00:00,2024-10-15 07:43:54.010000+00:00,2024-10-15 07:44:02.010000+00:00,5,1,1,walking,0.73618585
47046344M-104,47046344M-104_block_10,2024-10-15 07:43:59.010000+00:00,2024-10-15 07:43:55.010000+00:00,2024-10-15 07:44:03.010000+00:00,5,1,0,not_walking,0.42760137
47046344M-104,47046344M-104_block_10,2024-10-15 07:44:00.010000+00:00,2024-10-15 07:43:56.010000+00:00,2024-10-15 07:44:04.010000+00:00,5,1,0,not_walking,0.44598338
47046344M-104,47046344M-104_block_10,2024-10-15 07:44:01.010000+00:00,2024-10-15 07:43:57.010000+00:00,2024-10-15 07:44:05.010000+00:00,5,1,1,walking,0.65279907
47046344M-104,47046344M-104_block_10,2024-10-15 07:44:02.010000+00:00,2024-10-15 07:43:58.010000+00:00,2024-10-15 07:44:06.010000+00:00,5,1,1,walking,0.6594183
47046344M-104,47046344M-104_block_10,2024-10-15 07:44:03.010000+00:00,2024-10-15 07:43:59.010000+00:00,2024-10-15 07:44:07.010000+00:00,5,1,1,walking,0.65430355
47046344M-104,47046344M-104_block_10,2024-10-15 07:44:04.010000+00:00,2024-10-15 07:44:00.010000+00:00,2024-10-15 07:44:08.010000+00:00,5,1,0,not_walking,0.3171845
47046344M-104,47046344M-104_block_10,2024-10-15 07:44:05.010000+00:00,2024-10-15 07:44:01.010000+00:00,2024-10-15 07:44:09.010000+00:00,5,1,0,not_walking,0.29890805
47046344M-104,47046344M-104_block_10,2024-10-15 07:44:06.010000+00:00,2024-10-15 07:44:02.010000+00:00,2024-10-15 07:44:10.010000+00:00,5,1,0,not_walking,0.38567746
47046344M-104,47046344M-104_block_10,2024-10-15 07:44:07.010000+00:00,2024-10-15 07:44:03.010000+00:00,2024-10-15 07:44:11.010000+00:00,5,1,0,not_walking,0.46030793
47046344M-104,47046344M-104_block_10,2024-10-15 07:44:08.010000+00:00,2024-10-15 07:44:04.010000+00:00,2024-10-15 07:44:13.010000+00:00,5,1,0,not_walking,0.39799798
47046344M-104,47046344M-104_block_10,2024-10-15 07:44:09.010000+00:00,2024-10-15 07:44:05.010000+00:00,2024-10-15 07:44:14.010000+00:00,5,1,0,not_walking,0.31200325
47046344M-104,47046344M-104_block_10,2024-10-15 07:44:10.010000+00:00,2024-10-15 07:44:06.010000+00:00,2024-10-15 07:44:15.010000+00:00,5,1,0,not_walking,0.39789855
47046344M-104,47046344M-104_block_10,2024-10-15 07:44:11.010000+00:00,2024-10-15 07:44:07.010000+00:00,2024-10-15 07:44:16.010000+00:00,5,1,1,walking,0.6701002
47046344M-104,47046344M-104_block_10,2024-10-15 07:44:13.010000+00:00,2024-10-15 07:44:08.010000+00:00,2024-10-15 07:44:17.010000+00:00,5,0,1,walking,0.7083773
47046344M-104,47046344M-104_block_10,2024-10-15 07:44:14.010000+00:00,2024-10-15 07:44:09.010000+00:00,2024-10-15 07:44:18.010000+00:00,5,0,1,walking,0.68736917
47046344M-104,47046344M-104_block_10,2024-10-15 07:44:15.010000+00:00,2024-10-15 07:44:10.010000+00:00,2024-10-15 07:44:19.010000+00:00,5,0,1,walking,0.7569867
47046344M-104,47046344M-104_block_10,2024-10-15 07:44:16.010000+00:00,2024-10-15 07:44:11.010000+00:00,2024-10-15 07:44:20.010000+00:00,5,0,1,walking,0.6938627
47046344M-104,47046344M-104_block_10,2024-10-15 07:44:17.010000+00:00,2024-10-15 07:44:13.010000+00:00,2024-10-15 07:44:21.010000+00:00,5,0,1,walking,0.71727955
47046344M-104,47046344M-104_block_10,2024-10-15 07:44:18.010000+00:00,2024-10-15 07:44:14.010000+00:00,2024-10-15 07:44:22.010000+00:00,5,0,1,walking,0.7512798
47046344M-104,47046344M-104_block_10,2024-10-15 07:44:19.010000+00:00,2024-10-15 07:44:15.010000+00:00,2024-10-15 07:44:23.010000+00:00,5,0,1,walking,0.73390543
47046344M-104,47046344M-104_block_10,2024-10-15 07:44:20.010000+00:00,2024-10-15 07:44:16.010000+00:00,2024-10-15 07:44:24.010000+00:00,5,0,1,walking,0.73372656
47046344M-104,47046344M-104_block_10,2024-10-15 07:44:21.010000+00:00,2024-10-15 07:44:17.010000+00:00,2024-10-15 07:44:25.010000+00:00,5,0,1,walking,0.8071821
47046344M-104,47046344M-104_block_10,2024-10-15 07:44:22.010000+00:00,2024-10-15 07:44:18.010000+00:00,2024-10-15 07:44:26.010000+00:00,5,0,1,walking,0.673842
47046344M-104,47046344M-104_block_10,2024-10-15 07:44:23.010000+00:00,2024-10-15 07:44:19.010000+00:00,2024-10-15 07:44:27.010000+00:00,5,0,1,walking,0.7460541
47046344M-104,47046344M-104_block_10,2024-10-15 07:44:24.010000+00:00,2024-10-15 07:44:20.010000+00:00,2024-10-15 07:44:28.010000+00:00,5,0,1,walking,0.7122327
47046344M-104,47046344M-104_block_10,2024-10-15 07:44:25.010000+00:00,2024-10-15 07:44:21.010000+00:00,2024-10-15 07:44:29.010000+00:00,5,0,1,walking,0.7354272
47046344M-104,47046344M-104_block_10,2024-10-15 07:44:26.010000+00:00,2024-10-15 07:44:22.010000+00:00,2024-10-15 07:44:30.010000+00:00,5,0,1,walking,0.75271744
47046344M-104,47046344M-104_block_10,2024-10-15 07:44:27.010000+00:00,2024-10-15 07:44:23.010000+00:00,2024-10-15 07:44:31.010000+00:00,5,0,1,walking,0.70412225
47046344M-104,47046344M-104_block_10,2024-10-15 07:44:28.010000+00:00,2024-10-15 07:44:24.010000+00:00,2024-10-15 07:44:32.010000+00:00,5,0,1,walking,0.7495998
47046344M-104,47046344M-104_block_10,2024-10-15 07:44:29.010000+00:00,2024-10-15 07:44:25.010000+00:00,2024-10-15 07:44:33.010000+00:00,5,0,1,walking,0.7567775
47046344M-104,47046344M-104_block_10,2024-10-15 07:44:30.010000+00:00,2024-10-15 07:44:26.010000+00:00,2024-10-15 07:44:34.010000+00:00,5,0,1,walking,0.7126246
47046344M-104,47046344M-104_block_10,2024-10-15 07:44:31.010000+00:00,2024-10-15 07:44:27.010000+00:00,2024-10-15 07:44:35.010000+00:00,5,0,1,walking,0.7090809
47046344M-104,47046344M-104_block_10,2024-10-15 07:44:32.010000+00:00,2024-10-15 07:44:28.010000+00:00,2024-10-15 07:44:36.010000+00:00,5,0,1,walking,0.7549442
47046344M-104,47046344M-104_block_10,2024-10-15 07:44:33.010000+00:00,2024-10-15 07:44:29.010000+00:00,2024-10-15 07:44:37.010000+00:00,5,0,1,walking,0.7467151
47046344M-104,47046344M-104_block_10,2024-10-15 07:44:34.010000+00:00,2024-10-15 07:44:30.010000+00:00,2024-10-15 07:44:38.010000+00:00,5,0,1,walking,0.7349807
47046344M-104,47046344M-104_block_10,2024-10-15 07:44:35.010000+00:00,2024-10-15 07:44:31.010000+00:00,2024-10-15 07:44:39.010000+00:00,5,0,1,walking,0.7589357
47046344M-104,47046344M-104_block_10,2024-10-15 07:44:36.010000+00:00,2024-10-15 07:44:32.010000+00:00,2024-10-15 07:44:40.010000+00:00,5,0,1,walking,0.7382026
47046344M-104,47046344M-104_block_10,2024-10-15 07:44:37.010000+00:00,2024-10-15 07:44:33.010000+00:00,2024-10-15 07:44:41.010000+00:00,5,0,1,walking,0.7378805
47046344M-104,47046344M-104_block_10,2024-10-15 07:44:38.010000+00:00,2024-10-15 07:44:34.010000+00:00,2024-10-15 07:44:42.010000+00:00,5,0,1,walking,0.77162594
47046344M-104,47046344M-104_block_10,2024-10-15 07:44:39.010000+00:00,2024-10-15 07:44:35.010000+00:00,2024-10-15 07:44:43.010000+00:00,5,0,1,walking,0.6686439
47046344M-104,47046344M-104_block_10,2024-10-15 07:44:40.010000+00:00,2024-10-15 07:44:36.010000+00:00,2024-10-15 07:44:44.010000+00:00,5,0,1,walking,0.74156356
47046344M-104,47046344M-104_block_10,2024-10-15 07:44:41.010000+00:00,2024-10-15 07:44:37.010000+00:00,2024-10-15 07:44:45.010000+00:00,5,0,1,walking,0.6655465
47046344M-104,47046344M-104_block_10,2024-10-15 07:44:42.010000+00:00,2024-10-15 07:44:38.010000+00:00,2024-10-15 07:44:46.010000+00:00,5,0,1,walking,0.54367244
47046344M-104,47046344M-104_block_10,2024-10-15 07:44:43.010000+00:00,2024-10-15 07:44:39.010000+00:00,2024-10-15 07:44:47.010000+00:00,5,0,1,walking,0.5131155
47046344M-104,47046344M-104_block_10,2024-10-15 07:44:44.010000+00:00,2024-10-15 07:44:40.010000+00:00,2024-10-15 07:44:48.010000+00:00,5,0,1,walking,0.50020856
47046344M-104,47046344M-104_block_10,2024-10-15 07:44:45.010000+00:00,2024-10-15 07:44:41.010000+00:00,2024-10-15 07:44:49.010000+00:00,5,0,1,walking,0.60355943
47046344M-104,47046344M-104_block_10,2024-10-15 07:44:46.010000+00:00,2024-10-15 07:44:42.010000+00:00,2024-10-15 07:44:50.010000+00:00,5,0,1,walking,0.69612354
47046344M-104,47046344M-104_block_10,2024-10-15 07:44:47.010000+00:00,2024-10-15 07:44:43.010000+00:00,2024-10-15 07:44:51.010000+00:00,5,0,1,walking,0.72035116
47046344M-104,47046344M-104_block_10,2024-10-15 07:44:48.010000+00:00,2024-10-15 07:44:44.010000+00:00,2024-10-15 07:44:52.010000+00:00,5,0,1,walking,0.7159078
47046344M-104,47046344M-104_block_10,2024-10-15 07:44:49.010000+00:00,2024-10-15 07:44:45.010000+00:00,2024-10-15 07:44:53.010000+00:00,5,0,1,walking,0.6876106
47046344M-104,47046344M-104_block_10,2024-10-15 07:44:50.010000+00:00,2024-10-15 07:44:46.010000+00:00,2024-10-15 07:44:54.010000+00:00,5,0,1,walking,0.73465985
47046344M-104,47046344M-104_block_10,2024-10-15 07:44:51.010000+00:00,2024-10-15 07:44:47.010000+00:00,2024-10-15 07:44:55.010000+00:00,5,0,1,walking,0.6814276
47046344M-104,47046344M-104_block_10,2024-10-15 07:44:52.010000+00:00,2024-10-15 07:44:48.010000+00:00,2024-10-15 07:44:56.010000+00:00,5,0,1,walking,0.6920795
47046344M-104,47046344M-104_block_10,2024-10-15 07:44:53.010000+00:00,2024-10-15 07:44:49.010000+00:00,2024-10-15 07:44:57.010000+00:00,5,0,1,walking,0.7335909
47046344M-104,47046344M-104_block_10,2024-10-15 07:44:54.010000+00:00,2024-10-15 07:44:50.010000+00:00,2024-10-15 07:44:58.010000+00:00,5,0,1,walking,0.73244137
47046344M-104,47046344M-104_block_10,2024-10-15 07:44:55.010000+00:00,2024-10-15 07:44:51.010000+00:00,2024-10-15 07:44:59.010000+00:00,5,0,1,walking,0.74276406
47046344M-104,47046344M-104_block_10,2024-10-15 07:44:56.010000+00:00,2024-10-15 07:44:52.010000+00:00,2024-10-15 07:45:00.010000+00:00,5,0,1,walking,0.6624462
47046344M-104,47046344M-104_block_10,2024-10-15 07:44:57.010000+00:00,2024-10-15 07:44:53.010000+00:00,2024-10-15 07:45:01.010000+00:00,5,0,1,walking,0.63172585
47046344M-104,47046344M-104_block_10,2024-10-15 07:44:58.010000+00:00,2024-10-15 07:44:54.010000+00:00,2024-10-15 07:45:02.010000+00:00,5,0,1,walking,0.7254953
47046344M-104,47046344M-104_block_10,2024-10-15 07:44:59.010000+00:00,2024-10-15 07:44:55.010000+00:00,2024-10-15 07:45:03.010000+00:00,5,0,1,walking,0.772327
47046344M-104,47046344M-104_block_10,2024-10-15 07:45:00.010000+00:00,2024-10-15 07:44:56.010000+00:00,2024-10-15 07:45:04.010000+00:00,5,0,1,walking,0.5793242
47046344M-104,47046344M-104_block_10,2024-10-15 07:45:01.010000+00:00,2024-10-15 07:44:57.010000+00:00,2024-10-15 07:45:05.010000+00:00,5,0,1,walking,0.69904226
47046344M-104,47046344M-104_block_10,2024-10-15 07:45:02.010000+00:00,2024-10-15 07:44:58.010000+00:00,2024-10-15 07:45:06.010000+00:00,5,0,1,walking,0.6876143
47046344M-104,47046344M-104_block_10,2024-10-15 07:45:03.010000+00:00,2024-10-15 07:44:59.010000+00:00,2024-10-15 07:45:07.010000+00:00,5,0,0,not_walking,0.27807832
47046344M-104,47046344M-104_block_10,2024-10-15 07:45:04.010000+00:00,2024-10-15 07:45:00.010000+00:00,2024-10-15 07:45:08.010000+00:00,5,0,0,not_walking,0.40035203
47046344M-104,47046344M-104_block_10,2024-10-15 07:45:05.010000+00:00,2024-10-15 07:45:01.010000+00:00,2024-10-15 07:45:09.010000+00:00,5,0,1,walking,0.5876722
47046344M-104,47046344M-104_block_10,2024-10-15 07:45:06.010000+00:00,2024-10-15 07:45:02.010000+00:00,2024-10-15 07:45:10.010000+00:00,5,0,1,walking,0.5228234
47046344M-104,47046344M-104_block_10,2024-10-15 07:45:07.010000+00:00,2024-10-15 07:45:03.010000+00:00,2024-10-15 07:45:11.010000+00:00,5,0,0,not_walking,0.30870587
47046344M-104,47046344M-104_block_10,2024-10-15 07:45:08.010000+00:00,2024-10-15 07:45:04.010000+00:00,2024-10-15 07:45:12.010000+00:00,5,0,0,not_walking,0.34178886
47046344M-104,47046344M-104_block_10,2024-10-15 07:45:09.010000+00:00,2024-10-15 07:45:05.010000+00:00,2024-10-15 07:45:13.010000+00:00,5,0,0,not_walking,0.3509089
47046344M-104,47046344M-104_block_10,2024-10-15 07:45:10.010000+00:00,2024-10-15 07:45:06.010000+00:00,2024-10-15 07:45:14.010000+00:00,5,0,1,walking,0.69229007
47046344M-104,47046344M-104_block_10,2024-10-15 07:45:11.010000+00:00,2024-10-15 07:45:07.010000+00:00,2024-10-15 07:45:15.010000+00:00,5,0,1,walking,0.71797985
47046344M-104,47046344M-104_block_10,2024-10-15 07:45:12.010000+00:00,2024-10-15 07:45:08.010000+00:00,2024-10-15 07:45:16.010000+00:00,5,0,1,walking,0.7733755
47046344M-104,47046344M-104_block_10,2024-10-15 07:45:13.010000+00:00,2024-10-15 07:45:09.010000+00:00,2024-10-15 07:45:17.010000+00:00,5,0,1,walking,0.7739116
47046344M-104,47046344M-104_block_10,2024-10-15 07:45:14.010000+00:00,2024-10-15 07:45:10.010000+00:00,2024-10-15 07:45:18.010000+00:00,5,0,1,walking,0.738872
47046344M-104,47046344M-104_block_10,2024-10-15 07:45:15.010000+00:00,2024-10-15 07:45:11.010000+00:00,2024-10-15 07:45:19.010000+00:00,5,0,1,walking,0.6783636
47046344M-104,47046344M-104_block_10,2024-10-15 07:45:16.010000+00:00,2024-10-15 07:45:12.010000+00:00,2024-10-15 07:45:20.010000+00:00,5,0,1,walking,0.66679186
47046344M-104,47046344M-104_block_10,2024-10-15 07:45:17.010000+00:00,2024-10-15 07:45:13.010000+00:00,2024-10-15 07:45:21.010000+00:00,5,0,1,walking,0.7547016
47046344M-104,47046344M-104_block_10,2024-10-15 07:45:18.010000+00:00,2024-10-15 07:45:14.010000+00:00,2024-10-15 07:45:22.010000+00:00,5,0,1,walking,0.7235736
47046344M-104,47046344M-104_block_10,2024-10-15 07:45:19.010000+00:00,2024-10-15 07:45:15.010000+00:00,2024-10-15 07:45:23.010000+00:00,5,0,1,walking,0.72581095
47046344M-104,47046344M-104_block_10,2024-10-15 07:45:20.010000+00:00,2024-10-15 07:45:16.010000+00:00,2024-10-15 07:45:25.010000+00:00,5,0,1,walking,0.7506379
47046344M-104,47046344M-104_block_10,2024-10-15 07:45:21.010000+00:00,2024-10-15 07:45:17.010000+00:00,2024-10-15 07:45:26.010000+00:00,5,0,1,walking,0.7474842
47046344M-104,47046344M-104_block_10,2024-10-15 07:45:22.010000+00:00,2024-10-15 07:45:18.010000+00:00,2024-10-15 07:45:27.010000+00:00,5,0,1,walking,0.7026069
47046344M-104,47046344M-104_block_10,2024-10-15 07:45:23.010000+00:00,2024-10-15 07:45:19.010000+00:00,2024-10-15 07:45:28.010000+00:00,5,0,1,walking,0.7356455
47046344M-104,47046344M-104_block_10,2024-10-15 07:45:25.010000+00:00,2024-10-15 07:45:20.010000+00:00,2024-10-15 07:45:29.010000+00:00,5,1,1,walking,0.72805244
47046344M-104,47046344M-104_block_10,2024-10-15 07:45:26.010000+00:00,2024-10-15 07:45:21.010000+00:00,2024-10-15 07:45:30.010000+00:00,5,1,1,walking,0.6956817
47046344M-104,47046344M-104_block_10,2024-10-15 07:45:27.010000+00:00,2024-10-15 07:45:22.010000+00:00,2024-10-15 07:45:31.010000+00:00,5,1,1,walking,0.6767211
47046344M-104,47046344M-104_block_10,2024-10-15 07:45:28.010000+00:00,2024-10-15 07:45:23.010000+00:00,2024-10-15 07:45:32.010000+00:00,5,1,1,walking,0.71551234
47046344M-104,47046344M-104_block_10,2024-10-15 07:45:29.010000+00:00,2024-10-15 07:45:25.010000+00:00,2024-10-15 07:45:33.010000+00:00,5,1,1,walking,0.7222254
47046344M-104,47046344M-104_block_10,2024-10-15 07:45:30.010000+00:00,2024-10-15 07:45:26.010000+00:00,2024-10-15 07:45:34.010000+00:00,5,1,1,walking,0.71398765
47046344M-104,47046344M-104_block_10,2024-10-15 07:45:31.010000+00:00,2024-10-15 07:45:27.010000+00:00,2024-10-15 07:45:35.010000+00:00,5,1,1,walking,0.71742964
47046344M-104,47046344M-104_block_10,2024-10-15 07:45:32.010000+00:00,2024-10-15 07:45:28.010000+00:00,2024-10-15 07:45:36.010000+00:00,5,1,1,walking,0.7229862
47046344M-104,47046344M-104_block_10,2024-10-15 07:45:33.010000+00:00,2024-10-15 07:45:29.010000+00:00,2024-10-15 07:45:37.010000+00:00,5,1,1,walking,0.6101933
47046344M-104,47046344M-104_block_10,2024-10-15 07:45:34.010000+00:00,2024-10-15 07:45:30.010000+00:00,2024-10-15 07:45:38.010000+00:00,5,1,1,walking,0.6291541
47046344M-104,47046344M-104_block_10,2024-10-15 07:45:35.010000+00:00,2024-10-15 07:45:31.010000+00:00,2024-10-15 07:45:39.010000+00:00,5,1,1,walking,0.57728535
47046344M-104,47046344M-104_block_10,2024-10-15 07:45:36.010000+00:00,2024-10-15 07:45:32.010000+00:00,2024-10-15 07:45:40.010000+00:00,5,1,1,walking,0.61803436
47046344M-104,47046344M-104_block_10,2024-10-15 07:45:37.010000+00:00,2024-10-15 07:45:33.010000+00:00,2024-10-15 07:45:41.010000+00:00,5,1,0,not_walking,0.48531505
47046344M-104,47046344M-104_block_10,2024-10-15 07:45:38.010000+00:00,2024-10-15 07:45:34.010000+00:00,2024-10-15 07:45:42.010000+00:00,5,1,0,not_walking,0.33352655
47046344M-104,47046344M-104_block_10,2024-10-15 07:45:39.010000+00:00,2024-10-15 07:45:35.010000+00:00,2024-10-15 07:45:43.010000+00:00,5,1,0,not_walking,0.27823645
47046344M-104,47046344M-104_block_10,2024-10-15 07:45:40.010000+00:00,2024-10-15 07:45:36.010000+00:00,2024-10-15 07:45:44.010000+00:00,5,1,0,not_walking,0.38455573
47046344M-104,47046344M-104_block_10,2024-10-15 07:45:41.010000+00:00,2024-10-15 07:45:37.010000+00:00,2024-10-15 07:45:45.010000+00:00,5,1,1,walking,0.59686303
47046344M-104,47046344M-104_block_10,2024-10-15 07:45:42.010000+00:00,2024-10-15 07:45:38.010000+00:00,2024-10-15 07:45:46.010000+00:00,5,1,1,walking,0.6915705
47046344M-104,47046344M-104_block_10,2024-10-15 07:45:43.010000+00:00,2024-10-15 07:45:39.010000+00:00,2024-10-15 07:45:47.010000+00:00,5,1,1,walking,0.6815216
47046344M-104,47046344M-104_block_10,2024-10-15 07:45:44.010000+00:00,2024-10-15 07:45:40.010000+00:00,2024-10-15 07:45:48.010000+00:00,5,1,1,walking,0.67555034
47046344M-104,47046344M-104_block_10,2024-10-15 07:45:45.010000+00:00,2024-10-15 07:45:41.010000+00:00,2024-10-15 07:45:49.010000+00:00,5,1,1,walking,0.72420233
47046344M-104,47046344M-104_block_10,2024-10-15 07:45:46.010000+00:00,2024-10-15 07:45:42.010000+00:00,2024-10-15 07:45:50.010000+00:00,5,1,1,walking,0.69740933
47046344M-104,47046344M-104_block_10,2024-10-15 07:45:47.010000+00:00,2024-10-15 07:45:43.010000+00:00,2024-10-15 07:45:51.010000+00:00,5,1,1,walking,0.737893
47046344M-104,47046344M-104_block_10,2024-10-15 07:45:48.010000+00:00,2024-10-15 07:45:44.010000+00:00,2024-10-15 07:45:52.010000+00:00,5,1,1,walking,0.7386631
47046344M-104,47046344M-104_block_10,2024-10-15 07:45:49.010000+00:00,2024-10-15 07:45:45.010000+00:00,2024-10-15 07:45:53.010000+00:00,5,1,1,walking,0.6863026
47046344M-104,47046344M-104_block_10,2024-10-15 07:45:50.010000+00:00,2024-10-15 07:45:46.010000+00:00,2024-10-15 07:45:54.010000+00:00,5,1,1,walking,0.6661705
47046344M-104,47046344M-104_block_10,2024-10-15 07:45:51.010000+00:00,2024-10-15 07:45:47.010000+00:00,2024-10-15 07:45:55.010000+00:00,5,1,1,walking,0.6710377
47046344M-104,47046344M-104_block_10,2024-10-15 07:45:52.010000+00:00,2024-10-15 07:45:48.010000+00:00,2024-10-15 07:45:56.010000+00:00,5,1,1,walking,0.6783082
47046344M-104,47046344M-104_block_10,2024-10-15 07:45:53.010000+00:00,2024-10-15 07:45:49.010000+00:00,2024-10-15 07:45:57.010000+00:00,5,1,1,walking,0.737289
47046344M-104,47046344M-104_block_10,2024-10-15 07:45:54.010000+00:00,2024-10-15 07:45:50.010000+00:00,2024-10-15 07:45:58.010000+00:00,5,1,1,walking,0.6670525
47046344M-104,47046344M-104_block_10,2024-10-15 07:45:55.010000+00:00,2024-10-15 07:45:51.010000+00:00,2024-10-15 07:45:59.010000+00:00,5,1,1,walking,0.5985034
47046344M-104,47046344M-104_block_10,2024-10-15 07:45:56.010000+00:00,2024-10-15 07:45:52.010000+00:00,2024-10-15 07:46:00.010000+00:00,5,1,1,walking,0.6482015
47046344M-104,47046344M-104_block_10,2024-10-15 07:45:57.010000+00:00,2024-10-15 07:45:53.010000+00:00,2024-10-15 07:46:01.010000+00:00,5,1,1,walking,0.7175516
47046344M-104,47046344M-104_block_10,2024-10-15 07:45:58.010000+00:00,2024-10-15 07:45:54.010000+00:00,2024-10-15 07:46:02.010000+00:00,5,1,1,walking,0.7034484
47046344M-104,47046344M-104_block_10,2024-10-15 07:45:59.010000+00:00,2024-10-15 07:45:55.010000+00:00,2024-10-15 07:46:03.010000+00:00,5,1,1,walking,0.6706583
47046344M-104,47046344M-104_block_10,2024-10-15 07:46:00.010000+00:00,2024-10-15 07:45:56.010000+00:00,2024-10-15 07:46:04.010000+00:00,5,1,1,walking,0.5584556
47046344M-104,47046344M-104_block_10,2024-10-15 07:46:01.010000+00:00,2024-10-15 07:45:57.010000+00:00,2024-10-15 07:46:05.010000+00:00,5,1,1,walking,0.5099818
47046344M-104,47046344M-104_block_10,2024-10-15 07:46:02.010000+00:00,2024-10-15 07:45:58.010000+00:00,2024-10-15 07:46:06.010000+00:00,5,1,0,not_walking,0.2851071
47046344M-104,47046344M-104_block_10,2024-10-15 07:46:03.010000+00:00,2024-10-15 07:45:59.010000+00:00,2024-10-15 07:46:07.010000+00:00,5,1,0,not_walking,0.4377524
47046344M-104,47046344M-104_block_10,2024-10-15 07:46:04.010000+00:00,2024-10-15 07:46:00.010000+00:00,2024-10-15 07:46:08.010000+00:00,5,1,0,not_walking,0.45447525
47046344M-104,47046344M-104_block_10,2024-10-15 07:46:05.010000+00:00,2024-10-15 07:46:01.010000+00:00,2024-10-15 07:46:09.010000+00:00,5,1,1,walking,0.68544084
47046344M-104,47046344M-104_block_10,2024-10-15 07:46:06.010000+00:00,2024-10-15 07:46:02.010000+00:00,2024-10-15 07:46:10.010000+00:00,5,1,0,not_walking,0.46423516
47046344M-104,47046344M-104_block_10,2024-10-15 07:46:07.010000+00:00,2024-10-15 07:46:03.010000+00:00,2024-10-15 07:46:11.010000+00:00,5,1,1,walking,0.6554639
47046344M-104,47046344M-104_block_10,2024-10-15 07:46:08.010000+00:00,2024-10-15 07:46:04.010000+00:00,2024-10-15 07:46:12.010000+00:00,5,1,1,walking,0.6949985
47046344M-104,47046344M-104_block_10,2024-10-15 07:46:09.010000+00:00,2024-10-15 07:46:05.010000+00:00,2024-10-15 07:46:13.010000+00:00,5,1,1,walking,0.7529049
47046344M-104,47046344M-104_block_10,2024-10-15 07:46:10.010000+00:00,2024-10-15 07:46:06.010000+00:00,2024-10-15 07:46:14.010000+00:00,5,1,1,walking,0.7030022
47046344M-104,47046344M-104_block_10,2024-10-15 07:46:11.010000+00:00,2024-10-15 07:46:07.010000+00:00,2024-10-15 07:46:15.010000+00:00,5,1,1,walking,0.6219238
47046344M-104,47046344M-104_block_10,2024-10-15 07:46:12.010000+00:00,2024-10-15 07:46:08.010000+00:00,2024-10-15 07:46:16.010000+00:00,5,1,1,walking,0.5121359
47046344M-104,47046344M-104_block_10,2024-10-15 07:46:13.010000+00:00,2024-10-15 07:46:09.010000+00:00,2024-10-15 07:46:17.010000+00:00,5,1,1,walking,0.5184633
47046344M-104,47046344M-104_block_10,2024-10-15 07:46:14.010000+00:00,2024-10-15 07:46:10.010000+00:00,2024-10-15 07:46:18.010000+00:00,5,1,0,not_walking,0.3600981
47046344M-104,47046344M-104_block_10,2024-10-15 07:46:15.010000+00:00,2024-10-15 07:46:11.010000+00:00,2024-10-15 07:46:19.010000+00:00,5,1,0,not_walking,0.36064628
47046344M-104,47046344M-104_block_10,2024-10-15 07:46:16.010000+00:00,2024-10-15 07:46:12.010000+00:00,2024-10-15 07:46:20.010000+00:00,5,1,1,walking,0.6384122
47046344M-104,47046344M-104_block_10,2024-10-15 07:46:17.010000+00:00,2024-10-15 07:46:13.010000+00:00,2024-10-15 07:46:21.010000+00:00,5,1,1,walking,0.744163
47046344M-104,47046344M-104_block_10,2024-10-15 07:46:18.010000+00:00,2024-10-15 07:46:14.010000+00:00,2024-10-15 07:46:22.010000+00:00,5,1,1,walking,0.707234
47046344M-104,47046344M-104_block_10,2024-10-15 07:46:19.010000+00:00,2024-10-15 07:46:15.010000+00:00,2024-10-15 07:46:23.010000+00:00,5,1,1,walking,0.74028754
47046344M-104,47046344M-104_block_10,2024-10-15 07:46:20.010000+00:00,2024-10-15 07:46:16.010000+00:00,2024-10-15 07:46:24.010000+00:00,5,1,1,walking,0.7113119
47046344M-104,47046344M-104_block_10,2024-10-15 07:46:21.010000+00:00,2024-10-15 07:46:17.010000+00:00,2024-10-15 07:46:25.010000+00:00,5,1,1,walking,0.56825465
47046344M-104,47046344M-104_block_10,2024-10-15 07:46:22.010000+00:00,2024-10-15 07:46:18.010000+00:00,2024-10-15 07:46:26.010000+00:00,5,1,1,walking,0.7015784
47046344M-104,47046344M-104_block_10,2024-10-15 07:46:23.010000+00:00,2024-10-15 07:46:19.010000+00:00,2024-10-15 07:46:27.010000+00:00,5,1,1,walking,0.63328993
47046344M-104,47046344M-104_block_10,2024-10-15 07:46:24.010000+00:00,2024-10-15 07:46:20.010000+00:00,2024-10-15 07:46:28.010000+00:00,5,1,1,walking,0.627706
47046344M-104,47046344M-104_block_10,2024-10-15 07:46:25.010000+00:00,2024-10-15 07:46:21.010000+00:00,2024-10-15 07:46:29.010000+00:00,5,1,1,walking,0.75825924
47046344M-104,47046344M-104_block_10,2024-10-15 07:46:26.010000+00:00,2024-10-15 07:46:22.010000+00:00,2024-10-15 07:46:30.010000+00:00,5,1,1,walking,0.73800296
47046344M-104,47046344M-104_block_10,2024-10-15 07:46:27.010000+00:00,2024-10-15 07:46:23.010000+00:00,2024-10-15 07:46:31.010000+00:00,5,1,1,walking,0.74642855
47046344M-104,47046344M-104_block_10,2024-10-15 07:46:28.010000+00:00,2024-10-15 07:46:24.010000+00:00,2024-10-15 07:46:32.010000+00:00,5,1,1,walking,0.7673162
47046344M-104,47046344M-104_block_10,2024-10-15 07:46:29.010000+00:00,2024-10-15 07:46:25.010000+00:00,2024-10-15 07:46:33.010000+00:00,5,1,1,walking,0.74916375
47046344M-104,47046344M-104_block_10,2024-10-15 07:46:30.010000+00:00,2024-10-15 07:46:26.010000+00:00,2024-10-15 07:46:34.010000+00:00,5,1,1,walking,0.5856319
47046344M-104,47046344M-104_block_10,2024-10-15 07:46:31.010000+00:00,2024-10-15 07:46:27.010000+00:00,2024-10-15 07:46:35.010000+00:00,5,1,1,walking,0.66703385
47046344M-104,47046344M-104_block_10,2024-10-15 07:46:32.010000+00:00,2024-10-15 07:46:28.010000+00:00,2024-10-15 07:46:36.010000+00:00,5,1,1,walking,0.6829782
47046344M-104,47046344M-104_block_10,2024-10-15 07:46:33.010000+00:00,2024-10-15 07:46:29.010000+00:00,2024-10-15 07:46:37.010000+00:00,5,1,1,walking,0.7505345
47046344M-104,47046344M-104_block_10,2024-10-15 07:46:34.010000+00:00,2024-10-15 07:46:30.010000+00:00,2024-10-15 07:46:38.010000+00:00,5,1,1,walking,0.66912544
47046344M-104,47046344M-104_block_10,2024-10-15 07:46:35.010000+00:00,2024-10-15 07:46:31.010000+00:00,2024-10-15 07:46:39.010000+00:00,5,1,1,walking,0.73333466
47046344M-104,47046344M-104_block_10,2024-10-15 07:46:36.010000+00:00,2024-10-15 07:46:32.010000+00:00,2024-10-15 07:46:40.010000+00:00,5,1,1,walking,0.75855136
47046344M-104,47046344M-104_block_10,2024-10-15 07:46:37.010000+00:00,2024-10-15 07:46:33.010000+00:00,2024-10-15 07:46:41.010000+00:00,5,1,1,walking,0.71451753
47046344M-104,47046344M-104_block_10,2024-10-15 07:46:38.010000+00:00,2024-10-15 07:46:34.010000+00:00,2024-10-15 07:46:42.010000+00:00,5,1,1,walking,0.6954493
47046344M-104,47046344M-104_block_10,2024-10-15 07:46:39.010000+00:00,2024-10-15 07:46:35.010000+00:00,2024-10-15 07:46:43.010000+00:00,5,1,1,walking,0.6692469
47046344M-104,47046344M-104_block_10,2024-10-15 07:46:40.010000+00:00,2024-10-15 07:46:36.010000+00:00,2024-10-15 07:46:44.010000+00:00,5,1,1,walking,0.7071527
47046344M-104,47046344M-104_block_10,2024-10-15 07:46:41.010000+00:00,2024-10-15 07:46:37.010000+00:00,2024-10-15 07:46:45.010000+00:00,5,1,1,walking,0.68952835
47046344M-104,47046344M-104_block_10,2024-10-15 07:46:42.010000+00:00,2024-10-15 07:46:38.010000+00:00,2024-10-15 07:46:46.010000+00:00,5,1,1,walking,0.69880724
47046344M-104,47046344M-104_block_11,2024-10-15 07:48:02.010000+00:00,2024-10-15 07:47:58.010000+00:00,2024-10-15 07:48:06.010000+00:00,6,1,1,walking,0.644922
47046344M-104,47046344M-104_block_11,2024-10-15 07:48:03.010000+00:00,2024-10-15 07:47:59.010000+00:00,2024-10-15 07:48:07.010000+00:00,6,1,1,walking,0.59322673
47046344M-104,47046344M-104_block_11,2024-10-15 07:48:04.010000+00:00,2024-10-15 07:48:00.010000+00:00,2024-10-15 07:48:08.010000+00:00,6,1,1,walking,0.61727005
47046344M-104,47046344M-104_block_11,2024-10-15 07:48:05.010000+00:00,2024-10-15 07:48:01.010000+00:00,2024-10-15 07:48:09.010000+00:00,6,1,1,walking,0.59778696
47046344M-104,47046344M-104_block_11,2024-10-15 07:48:06.010000+00:00,2024-10-15 07:48:02.010000+00:00,2024-10-15 07:48:10.010000+00:00,6,1,1,walking,0.8242992
47046344M-104,47046344M-104_block_11,2024-10-15 07:48:07.010000+00:00,2024-10-15 07:48:03.010000+00:00,2024-10-15 07:48:11.010000+00:00,6,1,1,walking,0.7017687
47046344M-104,47046344M-104_block_11,2024-10-15 07:48:08.010000+00:00,2024-10-15 07:48:04.010000+00:00,2024-10-15 07:48:12.010000+00:00,6,1,1,walking,0.6098871
47046344M-104,47046344M-104_block_11,2024-10-15 07:48:09.010000+00:00,2024-10-15 07:48:05.010000+00:00,2024-10-15 07:48:13.010000+00:00,6,1,1,walking,0.5033707
47046344M-104,47046344M-104_block_11,2024-10-15 07:48:10.010000+00:00,2024-10-15 07:48:06.010000+00:00,2024-10-15 07:48:14.010000+00:00,6,1,1,walking,0.6305876
47046344M-104,47046344M-104_block_11,2024-10-15 07:48:11.010000+00:00,2024-10-15 07:48:07.010000+00:00,2024-10-15 07:48:15.010000+00:00,6,1,1,walking,0.6322759
47046344M-104,47046344M-104_block_11,2024-10-15 07:48:12.010000+00:00,2024-10-15 07:48:08.010000+00:00,2024-10-15 07:48:16.010000+00:00,6,1,1,walking,0.67290664
47046344M-104,47046344M-104_block_11,2024-10-15 07:48:13.010000+00:00,2024-10-15 07:48:09.010000+00:00,2024-10-15 07:48:17.010000+00:00,6,1,1,walking,0.61480355
47046344M-104,47046344M-104_block_11,2024-10-15 07:48:14.010000+00:00,2024-10-15 07:48:10.010000+00:00,2024-10-15 07:48:18.010000+00:00,6,1,1,walking,0.6443579
47046344M-104,47046344M-104_block_11,2024-10-15 07:48:15.010000+00:00,2024-10-15 07:48:11.010000+00:00,2024-10-15 07:48:19.010000+00:00,6,1,1,walking,0.7691331
47046344M-104,47046344M-104_block_11,2024-10-15 07:48:16.010000+00:00,2024-10-15 07:48:12.010000+00:00,2024-10-15 07:48:20.010000+00:00,6,1,1,walking,0.7569428
47046344M-104,47046344M-104_block_11,2024-10-15 07:48:17.010000+00:00,2024-10-15 07:48:13.010000+00:00,2024-10-15 07:48:21.010000+00:00,6,1,1,walking,0.66590637
47046344M-104,47046344M-104_block_11,2024-10-15 07:48:18.010000+00:00,2024-10-15 07:48:14.010000+00:00,2024-10-15 07:48:22.010000+00:00,6,1,1,walking,0.5870518
47046344M-104,47046344M-104_block_11,2024-10-15 07:48:19.010000+00:00,2024-10-15 07:48:15.010000+00:00,2024-10-15 07:48:23.010000+00:00,6,1,1,walking,0.6824925
47046344M-104,47046344M-104_block_11,2024-10-15 07:48:20.010000+00:00,2024-10-15 07:48:16.010000+00:00,2024-10-15 07:48:24.010000+00:00,6,1,1,walking,0.8145724
47046344M-104,47046344M-104_block_11,2024-10-15 07:48:21.010000+00:00,2024-10-15 07:48:17.010000+00:00,2024-10-15 07:48:25.010000+00:00,6,1,1,walking,0.7156265
47046344M-104,47046344M-104_block_11,2024-10-15 07:48:22.010000+00:00,2024-10-15 07:48:18.010000+00:00,2024-10-15 07:48:26.010000+00:00,6,1,1,walking,0.7101393
47046344M-104,47046344M-104_block_11,2024-10-15 07:48:23.010000+00:00,2024-10-15 07:48:19.010000+00:00,2024-10-15 07:48:27.010000+00:00,6,1,1,walking,0.6696698
47046344M-104,47046344M-104_block_11,2024-10-15 07:48:24.010000+00:00,2024-10-15 07:48:20.010000+00:00,2024-10-15 07:48:28.010000+00:00,6,1,1,walking,0.6042285
47046344M-104,47046344M-104_block_11,2024-10-15 07:48:25.010000+00:00,2024-10-15 07:48:21.010000+00:00,2024-10-15 07:48:29.010000+00:00,6,1,1,walking,0.78013706
47046344M-104,47046344M-104_block_11,2024-10-15 07:48:26.010000+00:00,2024-10-15 07:48:22.010000+00:00,2024-10-15 07:48:30.010000+00:00,6,1,1,walking,0.8056364
47046344M-104,47046344M-104_block_11,2024-10-15 07:48:27.010000+00:00,2024-10-15 07:48:23.010000+00:00,2024-10-15 07:48:31.010000+00:00,6,1,1,walking,0.75629187
47046344M-104,47046344M-104_block_11,2024-10-15 07:48:28.010000+00:00,2024-10-15 07:48:24.010000+00:00,2024-10-15 07:48:32.010000+00:00,6,1,1,walking,0.6269478
47046344M-104,47046344M-104_block_11,2024-10-15 07:48:29.010000+00:00,2024-10-15 07:48:25.010000+00:00,2024-10-15 07:48:33.010000+00:00,6,1,1,walking,0.61879635
47046344M-104,47046344M-104_block_11,2024-10-15 07:48:30.010000+00:00,2024-10-15 07:48:26.010000+00:00,2024-10-15 07:48:34.010000+00:00,6,1,1,walking,0.6187217
47046344M-104,47046344M-104_block_11,2024-10-15 07:48:31.010000+00:00,2024-10-15 07:48:27.010000+00:00,2024-10-15 07:48:35.010000+00:00,6,1,1,walking,0.60148144
47046344M-104,47046344M-104_block_11,2024-10-15 07:48:32.010000+00:00,2024-10-15 07:48:28.010000+00:00,2024-10-15 07:48:36.010000+00:00,6,1,1,walking,0.68802655
47046344M-104,47046344M-104_block_11,2024-10-15 07:48:33.010000+00:00,2024-10-15 07:48:29.010000+00:00,2024-10-15 07:48:37.010000+00:00,6,1,1,walking,0.72528595
47046344M-104,47046344M-104_block_11,2024-10-15 07:48:34.010000+00:00,2024-10-15 07:48:30.010000+00:00,2024-10-15 07:48:38.010000+00:00,6,1,1,walking,0.83619016
47046344M-104,47046344M-104_block_11,2024-10-15 07:48:35.010000+00:00,2024-10-15 07:48:31.010000+00:00,2024-10-15 07:48:39.010000+00:00,6,1,1,walking,0.79258114
47046344M-104,47046344M-104_block_11,2024-10-15 07:48:36.010000+00:00,2024-10-15 07:48:32.010000+00:00,2024-10-15 07:48:40.010000+00:00,6,1,1,walking,0.83675563
47046344M-104,47046344M-104_block_11,2024-10-15 07:48:37.010000+00:00,2024-10-15 07:48:33.010000+00:00,2024-10-15 07:48:41.010000+00:00,6,1,1,walking,0.61819947
47046344M-104,47046344M-104_block_11,2024-10-15 07:48:38.010000+00:00,2024-10-15 07:48:34.010000+00:00,2024-10-15 07:48:42.010000+00:00,6,1,1,walking,0.62475806
47046344M-104,47046344M-104_block_5,2024-10-15 07:29:03.010000+00:00,2024-10-15 07:28:59.010000+00:00,2024-10-15 07:29:07.010000+00:00,7,0,1,walking,0.70013
47046344M-104,47046344M-104_block_5,2024-10-15 07:29:04.010000+00:00,2024-10-15 07:29:00.010000+00:00,2024-10-15 07:29:08.010000+00:00,7,0,1,walking,0.6633436
47046344M-104,47046344M-104_block_5,2024-10-15 07:29:05.010000+00:00,2024-10-15 07:29:01.010000+00:00,2024-10-15 07:29:09.010000+00:00,7,0,1,walking,0.5781698
47046344M-104,47046344M-104_block_5,2024-10-15 07:29:06.010000+00:00,2024-10-15 07:29:02.010000+00:00,2024-10-15 07:29:10.010000+00:00,7,0,1,walking,0.61100024
47046344M-104,47046344M-104_block_5,2024-10-15 07:29:07.010000+00:00,2024-10-15 07:29:03.010000+00:00,2024-10-15 07:29:11.010000+00:00,7,0,1,walking,0.6942835
47046344M-104,47046344M-104_block_5,2024-10-15 07:29:08.010000+00:00,2024-10-15 07:29:04.010000+00:00,2024-10-15 07:29:12.010000+00:00,7,0,1,walking,0.54065984
47046344M-104,47046344M-104_block_5,2024-10-15 07:29:09.010000+00:00,2024-10-15 07:29:05.010000+00:00,2024-10-15 07:29:13.010000+00:00,7,0,1,walking,0.54711735
47046344M-104,47046344M-104_block_5,2024-10-15 07:29:10.010000+00:00,2024-10-15 07:29:06.010000+00:00,2024-10-15 07:29:14.010000+00:00,7,0,1,walking,0.6357848
47046344M-104,47046344M-104_block_5,2024-10-15 07:29:11.010000+00:00,2024-10-15 07:29:07.010000+00:00,2024-10-15 07:29:15.010000+00:00,7,0,1,walking,0.69295967
47046344M-104,47046344M-104_block_5,2024-10-15 07:29:12.010000+00:00,2024-10-15 07:29:08.010000+00:00,2024-10-15 07:29:16.010000+00:00,7,0,1,walking,0.636744
47046344M-104,47046344M-104_block_5,2024-10-15 07:29:13.010000+00:00,2024-10-15 07:29:09.010000+00:00,2024-10-15 07:29:17.010000+00:00,7,0,1,walking,0.70454836
47046344M-104,47046344M-104_block_5,2024-10-15 07:29:14.010000+00:00,2024-10-15 07:29:10.010000+00:00,2024-10-15 07:29:18.010000+00:00,7,0,1,walking,0.7097012
47046344M-104,47046344M-104_block_5,2024-10-15 07:29:15.010000+00:00,2024-10-15 07:29:11.010000+00:00,2024-10-15 07:29:19.010000+00:00,7,0,1,walking,0.66989326
47046344M-104,47046344M-104_block_5,2024-10-15 07:29:16.010000+00:00,2024-10-15 07:29:12.010000+00:00,2024-10-15 07:29:20.010000+00:00,7,0,1,walking,0.7016924
47046344M-104,47046344M-104_block_5,2024-10-15 07:29:17.010000+00:00,2024-10-15 07:29:13.010000+00:00,2024-10-15 07:29:21.010000+00:00,7,0,1,walking,0.71090597
47046344M-104,47046344M-104_block_5,2024-10-15 07:29:18.010000+00:00,2024-10-15 07:29:14.010000+00:00,2024-10-15 07:29:22.010000+00:00,7,0,1,walking,0.6786545
47046344M-104,47046344M-104_block_5,2024-10-15 07:29:19.010000+00:00,2024-10-15 07:29:15.010000+00:00,2024-10-15 07:29:23.010000+00:00,7,0,1,walking,0.65942734
47046344M-104,47046344M-104_block_5,2024-10-15 07:29:20.010000+00:00,2024-10-15 07:29:16.010000+00:00,2024-10-15 07:29:24.010000+00:00,7,0,1,walking,0.6453203
47046344M-104,47046344M-104_block_5,2024-10-15 07:29:21.010000+00:00,2024-10-15 07:29:17.010000+00:00,2024-10-15 07:29:25.010000+00:00,7,0,1,walking,0.60860455
47046344M-104,47046344M-104_block_5,2024-10-15 07:29:22.010000+00:00,2024-10-15 07:29:18.010000+00:00,2024-10-15 07:29:26.010000+00:00,7,0,1,walking,0.6426687
47046344M-104,47046344M-104_block_5,2024-10-15 07:29:23.010000+00:00,2024-10-15 07:29:19.010000+00:00,2024-10-15 07:29:27.010000+00:00,7,0,1,walking,0.59228563
47046344M-104,47046344M-104_block_5,2024-10-15 07:29:24.010000+00:00,2024-10-15 07:29:20.010000+00:00,2024-10-15 07:29:28.010000+00:00,7,0,1,walking,0.6207042
47046344M-104,47046344M-104_block_5,2024-10-15 07:29:25.010000+00:00,2024-10-15 07:29:21.010000+00:00,2024-10-15 07:29:29.010000+00:00,7,0,1,walking,0.581002
47046344M-104,47046344M-104_block_5,2024-10-15 07:29:26.010000+00:00,2024-10-15 07:29:22.010000+00:00,2024-10-15 07:29:30.010000+00:00,7,0,1,walking,0.5640423
47046344M-104,47046344M-104_block_5,2024-10-15 07:29:27.010000+00:00,2024-10-15 07:29:23.010000+00:00,2024-10-15 07:29:31.010000+00:00,7,0,1,walking,0.5425323
47046344M-104,47046344M-104_block_5,2024-10-15 07:29:28.010000+00:00,2024-10-15 07:29:24.010000+00:00,2024-10-15 07:29:32.010000+00:00,7,0,1,walking,0.62809855
47046344M-104,47046344M-104_block_5,2024-10-15 07:29:29.010000+00:00,2024-10-15 07:29:25.010000+00:00,2024-10-15 07:29:33.010000+00:00,7,0,1,walking,0.68318766
47046344M-104,47046344M-104_block_5,2024-10-15 07:29:30.010000+00:00,2024-10-15 07:29:26.010000+00:00,2024-10-15 07:29:34.010000+00:00,7,0,1,walking,0.5989237
47046344M-104,47046344M-104_block_5,2024-10-15 07:29:31.010000+00:00,2024-10-15 07:29:27.010000+00:00,2024-10-15 07:29:35.010000+00:00,7,0,1,walking,0.5646101
47046344M-104,47046344M-104_block_5,2024-10-15 07:29:32.010000+00:00,2024-10-15 07:29:28.010000+00:00,2024-10-15 07:29:36.010000+00:00,7,0,1,walking,0.6100423
47046344M-104,47046344M-104_block_5,2024-10-15 07:29:33.010000+00:00,2024-10-15 07:29:29.010000+00:00,2024-10-15 07:29:37.010000+00:00,7,0,1,walking,0.628558
47046344M-104,47046344M-104_block_5,2024-10-15 07:29:34.010000+00:00,2024-10-15 07:29:30.010000+00:00,2024-10-15 07:29:38.010000+00:00,7,0,1,walking,0.6248635
47046344M-104,47046344M-104_block_5,2024-10-15 07:29:35.010000+00:00,2024-10-15 07:29:31.010000+00:00,2024-10-15 07:29:39.010000+00:00,7,0,1,walking,0.6406899
47046344M-104,47046344M-104_block_5,2024-10-15 07:29:36.010000+00:00,2024-10-15 07:29:32.010000+00:00,2024-10-15 07:29:40.010000+00:00,7,0,1,walking,0.60090655
47046344M-104,47046344M-104_block_5,2024-10-15 07:29:37.010000+00:00,2024-10-15 07:29:33.010000+00:00,2024-10-15 07:29:41.010000+00:00,7,0,1,walking,0.5317823
47046344M-104,47046344M-104_block_5,2024-10-15 07:29:38.010000+00:00,2024-10-15 07:29:34.010000+00:00,2024-10-15 07:29:42.010000+00:00,7,0,1,walking,0.61488897
47046344M-104,47046344M-104_block_5,2024-10-15 07:29:39.010000+00:00,2024-10-15 07:29:35.010000+00:00,2024-10-15 07:29:43.010000+00:00,7,0,1,walking,0.66198975
47046344M-104,47046344M-104_block_5,2024-10-15 07:29:40.010000+00:00,2024-10-15 07:29:36.010000+00:00,2024-10-15 07:29:44.010000+00:00,7,0,1,walking,0.6843816
47046344M-104,47046344M-104_block_5,2024-10-15 07:29:41.010000+00:00,2024-10-15 07:29:37.010000+00:00,2024-10-15 07:29:45.010000+00:00,7,0,1,walking,0.73507303
47046344M-104,47046344M-104_block_5,2024-10-15 07:29:42.010000+00:00,2024-10-15 07:29:38.010000+00:00,2024-10-15 07:29:46.010000+00:00,7,0,1,walking,0.7374265
47046344M-104,47046344M-104_block_5,2024-10-15 07:29:43.010000+00:00,2024-10-15 07:29:39.010000+00:00,2024-10-15 07:29:47.010000+00:00,7,0,1,walking,0.80290985
47046344M-104,47046344M-104_block_5,2024-10-15 07:29:44.010000+00:00,2024-10-15 07:29:40.010000+00:00,2024-10-15 07:29:48.010000+00:00,7,0,1,walking,0.7600336
47046344M-104,47046344M-104_block_5,2024-10-15 07:29:45.010000+00:00,2024-10-15 07:29:41.010000+00:00,2024-10-15 07:29:49.010000+00:00,7,0,1,walking,0.7715051
47046344M-104,47046344M-104_block_5,2024-10-15 07:29:46.010000+00:00,2024-10-15 07:29:42.010000+00:00,2024-10-15 07:29:50.010000+00:00,7,0,1,walking,0.78439915
47046344M-104,47046344M-104_block_5,2024-10-15 07:29:47.010000+00:00,2024-10-15 07:29:43.010000+00:00,2024-10-15 07:29:51.010000+00:00,7,0,1,walking,0.78999877
47046344M-104,47046344M-104_block_5,2024-10-15 07:29:48.010000+00:00,2024-10-15 07:29:44.010000+00:00,2024-10-15 07:29:52.010000+00:00,7,0,1,walking,0.7973129
47046344M-104,47046344M-104_block_5,2024-10-15 07:29:49.010000+00:00,2024-10-15 07:29:45.010000+00:00,2024-10-15 07:29:53.010000+00:00,7,0,1,walking,0.78849643
47046344M-104,47046344M-104_block_5,2024-10-15 07:29:50.010000+00:00,2024-10-15 07:29:46.010000+00:00,2024-10-15 07:29:54.010000+00:00,7,0,1,walking,0.7422843
47046344M-104,47046344M-104_block_5,2024-10-15 07:29:51.010000+00:00,2024-10-15 07:29:47.010000+00:00,2024-10-15 07:29:55.010000+00:00,7,0,1,walking,0.77646613
47046344M-104,47046344M-104_block_5,2024-10-15 07:29:52.010000+00:00,2024-10-15 07:29:48.010000+00:00,2024-10-15 07:29:56.010000+00:00,7,0,1,walking,0.8168149
47046344M-104,47046344M-104_block_5,2024-10-15 07:29:53.010000+00:00,2024-10-15 07:29:49.010000+00:00,2024-10-15 07:29:57.010000+00:00,7,0,1,walking,0.7959852
47046344M-104,47046344M-104_block_5,2024-10-15 07:29:54.010000+00:00,2024-10-15 07:29:50.010000+00:00,2024-10-15 07:29:58.010000+00:00,7,0,1,walking,0.7611715
47046344M-104,47046344M-104_block_5,2024-10-15 07:29:55.010000+00:00,2024-10-15 07:29:51.010000+00:00,2024-10-15 07:29:59.010000+00:00,7,0,1,walking,0.7219971
47046344M-104,47046344M-104_block_5,2024-10-15 07:29:56.010000+00:00,2024-10-15 07:29:52.010000+00:00,2024-10-15 07:30:02.010000+00:00,7,0,0,not_walking,0.44828856
47046344M-104,47046344M-104_block_5,2024-10-15 07:29:57.010000+00:00,2024-10-15 07:29:53.010000+00:00,2024-10-15 07:30:03.010000+00:00,7,0,1,walking,0.52084005
47046344M-104,47046344M-104_block_5,2024-10-15 07:29:58.010000+00:00,2024-10-15 07:29:54.010000+00:00,2024-10-15 07:30:04.010000+00:00,7,0,0,not_walking,0.3976994
47046344M-104,47046344M-104_block_5,2024-10-15 07:29:59.010000+00:00,2024-10-15 07:29:55.010000+00:00,2024-10-15 07:30:05.010000+00:00,7,0,0,not_walking,0.39031976
47046344M-104,47046344M-104_block_5,2024-10-15 07:30:02.010000+00:00,2024-10-15 07:29:56.010000+00:00,2024-10-15 07:30:06.010000+00:00,7,1,1,walking,0.6465553
47046344M-104,47046344M-104_block_5,2024-10-15 07:30:03.010000+00:00,2024-10-15 07:29:57.010000+00:00,2024-10-15 07:30:07.010000+00:00,7,1,1,walking,0.60315436
47046344M-104,47046344M-104_block_5,2024-10-15 07:30:04.010000+00:00,2024-10-15 07:29:58.010000+00:00,2024-10-15 07:30:08.010000+00:00,7,1,1,walking,0.70372736
47046344M-104,47046344M-104_block_5,2024-10-15 07:30:05.010000+00:00,2024-10-15 07:29:59.010000+00:00,2024-10-15 07:30:09.010000+00:00,7,1,1,walking,0.6339732
47046344M-104,47046344M-104_block_5,2024-10-15 07:30:06.010000+00:00,2024-10-15 07:30:02.010000+00:00,2024-10-15 07:30:10.010000+00:00,7,1,1,walking,0.7065861
47046344M-104,47046344M-104_block_5,2024-10-15 07:30:07.010000+00:00,2024-10-15 07:30:03.010000+00:00,2024-10-15 07:30:11.010000+00:00,7,1,1,walking,0.70880884
47046344M-104,47046344M-104_block_5,2024-10-15 07:30:08.010000+00:00,2024-10-15 07:30:04.010000+00:00,2024-10-15 07:30:12.010000+00:00,7,1,1,walking,0.6125988
47046344M-104,47046344M-104_block_5,2024-10-15 07:30:09.010000+00:00,2024-10-15 07:30:05.010000+00:00,2024-10-15 07:30:13.010000+00:00,7,1,0,not_walking,0.48172042
47046344M-104,47046344M-104_block_5,2024-10-15 07:30:10.010000+00:00,2024-10-15 07:30:06.010000+00:00,2024-10-15 07:30:14.010000+00:00,7,1,1,walking,0.5960427
47046344M-104,47046344M-104_block_5,2024-10-15 07:30:11.010000+00:00,2024-10-15 07:30:07.010000+00:00,2024-10-15 07:30:15.010000+00:00,7,1,1,walking,0.5347361
47046344M-104,47046344M-104_block_5,2024-10-15 07:30:12.010000+00:00,2024-10-15 07:30:08.010000+00:00,2024-10-15 07:30:16.010000+00:00,7,1,1,walking,0.6859445
47046344M-104,47046344M-104_block_5,2024-10-15 07:30:13.010000+00:00,2024-10-15 07:30:09.010000+00:00,2024-10-15 07:30:17.010000+00:00,7,1,1,walking,0.72961
47046344M-104,47046344M-104_block_5,2024-10-15 07:30:14.010000+00:00,2024-10-15 07:30:10.010000+00:00,2024-10-15 07:30:18.010000+00:00,7,1,1,walking,0.6393937
47046344M-104,47046344M-104_block_5,2024-10-15 07:30:15.010000+00:00,2024-10-15 07:30:11.010000+00:00,2024-10-15 07:30:19.010000+00:00,7,1,1,walking,0.7097044
47046344M-104,47046344M-104_block_5,2024-10-15 07:30:16.010000+00:00,2024-10-15 07:30:12.010000+00:00,2024-10-15 07:30:20.010000+00:00,7,0,1,walking,0.6143261
47046344M-104,47046344M-104_block_5,2024-10-15 07:30:17.010000+00:00,2024-10-15 07:30:13.010000+00:00,2024-10-15 07:30:21.010000+00:00,7,0,1,walking,0.5827713
47046344M-104,47046344M-104_block_5,2024-10-15 07:30:18.010000+00:00,2024-10-15 07:30:14.010000+00:00,2024-10-15 07:30:22.010000+00:00,7,0,1,walking,0.616569
47046344M-104,47046344M-104_block_5,2024-10-15 07:30:19.010000+00:00,2024-10-15 07:30:15.010000+00:00,2024-10-15 07:30:23.010000+00:00,7,0,1,walking,0.5910917
47046344M-104,47046344M-104_block_5,2024-10-15 07:30:20.010000+00:00,2024-10-15 07:30:16.010000+00:00,2024-10-15 07:30:24.010000+00:00,7,0,1,walking,0.6450637
47046344M-104,47046344M-104_block_5,2024-10-15 07:30:21.010000+00:00,2024-10-15 07:30:17.010000+00:00,2024-10-15 07:30:25.010000+00:00,7,0,1,walking,0.58126116
47046344M-104,47046344M-104_block_5,2024-10-15 07:30:22.010000+00:00,2024-10-15 07:30:18.010000+00:00,2024-10-15 07:30:26.010000+00:00,7,0,1,walking,0.52181923
47046344M-104,47046344M-104_block_5,2024-10-15 07:30:23.010000+00:00,2024-10-15 07:30:19.010000+00:00,2024-10-15 07:30:27.010000+00:00,7,0,1,walking,0.5596128
47046344M-104,47046344M-104_block_5,2024-10-15 07:30:24.010000+00:00,2024-10-15 07:30:20.010000+00:00,2024-10-15 07:30:28.010000+00:00,7,0,1,walking,0.63883704
47046344M-104,47046344M-104_block_5,2024-10-15 07:30:25.010000+00:00,2024-10-15 07:30:21.010000+00:00,2024-10-15 07:30:29.010000+00:00,7,0,1,walking,0.5285723
47046344M-104,47046344M-104_block_5,2024-10-15 07:30:26.010000+00:00,2024-10-15 07:30:22.010000+00:00,2024-10-15 07:30:30.010000+00:00,7,0,1,walking,0.50750697
47046344M-104,47046344M-104_block_5,2024-10-15 07:30:27.010000+00:00,2024-10-15 07:30:23.010000+00:00,2024-10-15 07:30:31.010000+00:00,7,0,1,walking,0.5389187
47046344M-104,47046344M-104_block_5,2024-10-15 07:30:28.010000+00:00,2024-10-15 07:30:24.010000+00:00,2024-10-15 07:30:32.010000+00:00,7,0,0,not_walking,0.48284206
47046344M-104,47046344M-104_block_5,2024-10-15 07:30:29.010000+00:00,2024-10-15 07:30:25.010000+00:00,2024-10-15 07:30:33.010000+00:00,7,0,1,walking,0.53870267
47046344M-104,47046344M-104_block_5,2024-10-15 07:30:30.010000+00:00,2024-10-15 07:30:26.010000+00:00,2024-10-15 07:30:34.010000+00:00,7,0,1,walking,0.5328866
47046344M-104,47046344M-104_block_5,2024-10-15 07:30:31.010000+00:00,2024-10-15 07:30:27.010000+00:00,2024-10-15 07:30:35.010000+00:00,7,0,0,not_walking,0.4946051
47046344M-104,47046344M-104_block_5,2024-10-15 07:30:32.010000+00:00,2024-10-15 07:30:28.010000+00:00,2024-10-15 07:30:36.010000+00:00,7,0,0,not_walking,0.4913181
47046344M-104,47046344M-104_block_5,2024-10-15 07:30:33.010000+00:00,2024-10-15 07:30:29.010000+00:00,2024-10-15 07:30:37.010000+00:00,7,0,0,not_walking,0.4608896
47046344M-104,47046344M-104_block_5,2024-10-15 07:30:34.010000+00:00,2024-10-15 07:30:30.010000+00:00,2024-10-15 07:30:38.010000+00:00,7,0,0,not_walking,0.4838001
47046344M-104,47046344M-104_block_5,2024-10-15 07:30:35.010000+00:00,2024-10-15 07:30:31.010000+00:00,2024-10-15 07:30:39.010000+00:00,7,0,1,walking,0.53602225
47046344M-104,47046344M-104_block_5,2024-10-15 07:30:36.010000+00:00,2024-10-15 07:30:32.010000+00:00,2024-10-15 07:30:40.010000+00:00,7,0,0,not_walking,0.49598575
47046344M-104,47046344M-104_block_5,2024-10-15 07:30:37.010000+00:00,2024-10-15 07:30:33.010000+00:00,2024-10-15 07:30:41.010000+00:00,7,0,1,walking,0.58253455
47046344M-104,47046344M-104_block_5,2024-10-15 07:30:38.010000+00:00,2024-10-15 07:30:34.010000+00:00,2024-10-15 07:30:42.010000+00:00,7,0,1,walking,0.5554775
47046344M-104,47046344M-104_block_5,2024-10-15 07:30:39.010000+00:00,2024-10-15 07:30:35.010000+00:00,2024-10-15 07:30:43.010000+00:00,7,0,1,walking,0.57087255
47046344M-104,47046344M-104_block_5,2024-10-15 07:30:40.010000+00:00,2024-10-15 07:30:36.010000+00:00,2024-10-15 07:30:44.010000+00:00,7,0,1,walking,0.50280553
47046344M-104,47046344M-104_block_5,2024-10-15 07:30:41.010000+00:00,2024-10-15 07:30:37.010000+00:00,2024-10-15 07:30:45.010000+00:00,7,0,1,walking,0.58576
47046344M-104,47046344M-104_block_5,2024-10-15 07:30:42.010000+00:00,2024-10-15 07:30:38.010000+00:00,2024-10-15 07:30:46.010000+00:00,7,0,1,walking,0.51935875
47046344M-104,47046344M-104_block_5,2024-10-15 07:30:43.010000+00:00,2024-10-15 07:30:39.010000+00:00,2024-10-15 07:30:47.010000+00:00,7,0,1,walking,0.5752981
47046344M-104,47046344M-104_block_5,2024-10-15 07:30:44.010000+00:00,2024-10-15 07:30:40.010000+00:00,2024-10-15 07:30:48.010000+00:00,7,0,1,walking,0.5467566
47046344M-104,47046344M-104_block_5,2024-10-15 07:30:45.010000+00:00,2024-10-15 07:30:41.010000+00:00,2024-10-15 07:30:49.010000+00:00,7,0,1,walking,0.5516686
47046344M-104,47046344M-104_block_5,2024-10-15 07:30:46.010000+00:00,2024-10-15 07:30:42.010000+00:00,2024-10-15 07:30:50.010000+00:00,7,0,0,not_walking,0.48470378
47046344M-104,47046344M-104_block_5,2024-10-15 07:30:47.010000+00:00,2024-10-15 07:30:43.010000+00:00,2024-10-15 07:30:51.010000+00:00,7,0,1,walking,0.5299705
47046344M-104,47046344M-104_block_5,2024-10-15 07:30:48.010000+00:00,2024-10-15 07:30:44.010000+00:00,2024-10-15 07:30:52.010000+00:00,7,0,1,walking,0.516811
47046344M-104,47046344M-104_block_5,2024-10-15 07:30:49.010000+00:00,2024-10-15 07:30:45.010000+00:00,2024-10-15 07:30:53.010000+00:00,7,0,1,walking,0.546482
47046344M-104,47046344M-104_block_5,2024-10-15 07:30:50.010000+00:00,2024-10-15 07:30:46.010000+00:00,2024-10-15 07:30:54.010000+00:00,7,0,1,walking,0.5364073
47046344M-104,47046344M-104_block_5,2024-10-15 07:30:51.010000+00:00,2024-10-15 07:30:47.010000+00:00,2024-10-15 07:30:55.010000+00:00,7,0,1,walking,0.5456459
47046344M-104,47046344M-104_block_5,2024-10-15 07:30:52.010000+00:00,2024-10-15 07:30:48.010000+00:00,2024-10-15 07:30:56.010000+00:00,7,0,0,not_walking,0.49733943
47046344M-104,47046344M-104_block_5,2024-10-15 07:30:53.010000+00:00,2024-10-15 07:30:49.010000+00:00,2024-10-15 07:30:57.010000+00:00,7,0,0,not_walking,0.48929536
47046344M-104,47046344M-104_block_5,2024-10-15 07:30:54.010000+00:00,2024-10-15 07:30:50.010000+00:00,2024-10-15 07:30:58.010000+00:00,7,0,0,not_walking,0.47604558
47046344M-104,47046344M-104_block_5,2024-10-15 07:30:55.010000+00:00,2024-10-15 07:30:51.010000+00:00,2024-10-15 07:30:59.010000+00:00,7,0,1,walking,0.53152853
47046344M-104,47046344M-104_block_5,2024-10-15 07:30:56.010000+00:00,2024-10-15 07:30:52.010000+00:00,2024-10-15 07:31:00.010000+00:00,7,0,1,walking,0.5301136
47046344M-104,47046344M-104_block_5,2024-10-15 07:30:57.010000+00:00,2024-10-15 07:30:53.010000+00:00,2024-10-15 07:31:01.010000+00:00,7,0,0,not_walking,0.46540716
47046344M-104,47046344M-104_block_5,2024-10-15 07:30:58.010000+00:00,2024-10-15 07:30:54.010000+00:00,2024-10-15 07:31:02.010000+00:00,7,0,1,walking,0.5725419
47046344M-104,47046344M-104_block_5,2024-10-15 07:30:59.010000+00:00,2024-10-15 07:30:55.010000+00:00,2024-10-15 07:31:03.010000+00:00,7,0,1,walking,0.60152847
47046344M-104,47046344M-104_block_5,2024-10-15 07:31:00.010000+00:00,2024-10-15 07:30:56.010000+00:00,2024-10-15 07:31:04.010000+00:00,7,0,0,not_walking,0.4635521
47046344M-104,47046344M-104_block_5,2024-10-15 07:31:01.010000+00:00,2024-10-15 07:30:57.010000+00:00,2024-10-15 07:31:05.010000+00:00,7,0,1,walking,0.5825939
47046344M-104,47046344M-104_block_5,2024-10-15 07:31:02.010000+00:00,2024-10-15 07:30:58.010000+00:00,2024-10-15 07:31:06.010000+00:00,7,0,1,walking,0.5647183
47046344M-104,47046344M-104_block_5,2024-10-15 07:31:03.010000+00:00,2024-10-15 07:30:59.010000+00:00,2024-10-15 07:31:07.010000+00:00,7,0,1,walking,0.6128436
47046344M-104,47046344M-104_block_5,2024-10-15 07:31:04.010000+00:00,2024-10-15 07:31:00.010000+00:00,2024-10-15 07:31:08.010000+00:00,7,0,1,walking,0.5083806
47046344M-104,47046344M-104_block_5,2024-10-15 07:31:05.010000+00:00,2024-10-15 07:31:01.010000+00:00,2024-10-15 07:31:09.010000+00:00,7,0,1,walking,0.622731
47046344M-104,47046344M-104_block_5,2024-10-15 07:31:06.010000+00:00,2024-10-15 07:31:02.010000+00:00,2024-10-15 07:31:10.010000+00:00,7,0,1,walking,0.52371424
47046344M-104,47046344M-104_block_5,2024-10-15 07:31:07.010000+00:00,2024-10-15 07:31:03.010000+00:00,2024-10-15 07:31:11.010000+00:00,7,0,1,walking,0.57243925
47046344M-104,47046344M-104_block_5,2024-10-15 07:31:08.010000+00:00,2024-10-15 07:31:04.010000+00:00,2024-10-15 07:31:12.010000+00:00,7,0,1,walking,0.6864638
47046344M-104,47046344M-104_block_5,2024-10-15 07:31:09.010000+00:00,2024-10-15 07:31:05.010000+00:00,2024-10-15 07:31:13.010000+00:00,7,0,1,walking,0.6871811
47046344M-104,47046344M-104_block_5,2024-10-15 07:31:10.010000+00:00,2024-10-15 07:31:06.010000+00:00,2024-10-15 07:31:14.010000+00:00,7,0,1,walking,0.7837672
47046344M-104,47046344M-104_block_5,2024-10-15 07:31:11.010000+00:00,2024-10-15 07:31:07.010000+00:00,2024-10-15 07:31:15.010000+00:00,7,0,1,walking,0.7463639
47046344M-104,47046344M-104_block_5,2024-10-15 07:31:12.010000+00:00,2024-10-15 07:31:08.010000+00:00,2024-10-15 07:31:16.010000+00:00,7,0,1,walking,0.80865824
47046344M-104,47046344M-104_block_5,2024-10-15 07:31:13.010000+00:00,2024-10-15 07:31:09.010000+00:00,2024-10-15 07:31:17.010000+00:00,7,0,1,walking,0.79699576
47046344M-104,47046344M-104_block_5,2024-10-15 07:31:14.010000+00:00,2024-10-15 07:31:10.010000+00:00,2024-10-15 07:31:18.010000+00:00,7,0,1,walking,0.76251316
47046344M-104,47046344M-104_block_5,2024-10-15 07:31:15.010000+00:00,2024-10-15 07:31:11.010000+00:00,2024-10-15 07:31:19.010000+00:00,7,0,1,walking,0.8040003
47046344M-104,47046344M-104_block_5,2024-10-15 07:31:16.010000+00:00,2024-10-15 07:31:12.010000+00:00,2024-10-15 07:31:20.010000+00:00,7,0,1,walking,0.7794364
47046344M-104,47046344M-104_block_5,2024-10-15 07:31:17.010000+00:00,2024-10-15 07:31:13.010000+00:00,2024-10-15 07:31:21.010000+00:00,7,0,1,walking,0.81156605
47046344M-104,47046344M-104_block_5,2024-10-15 07:31:18.010000+00:00,2024-10-15 07:31:14.010000+00:00,2024-10-15 07:31:22.010000+00:00,7,0,1,walking,0.8195504
47046344M-104,47046344M-104_block_5,2024-10-15 07:31:19.010000+00:00,2024-10-15 07:31:15.010000+00:00,2024-10-15 07:31:23.010000+00:00,7,0,1,walking,0.8080082
47046344M-104,47046344M-104_block_5,2024-10-15 07:31:20.010000+00:00,2024-10-15 07:31:16.010000+00:00,2024-10-15 07:31:24.010000+00:00,7,0,1,walking,0.81196415
47046344M-104,47046344M-104_block_5,2024-10-15 07:31:21.010000+00:00,2024-10-15 07:31:17.010000+00:00,2024-10-15 07:31:25.010000+00:00,7,0,1,walking,0.7615682
47046344M-104,47046344M-104_block_5,2024-10-15 07:31:22.010000+00:00,2024-10-15 07:31:18.010000+00:00,2024-10-15 07:31:26.010000+00:00,7,0,1,walking,0.77628165
47046344M-104,47046344M-104_block_5,2024-10-15 07:31:23.010000+00:00,2024-10-15 07:31:19.010000+00:00,2024-10-15 07:31:27.010000+00:00,7,0,1,walking,0.76733464
47046344M-104,47046344M-104_block_5,2024-10-15 07:31:24.010000+00:00,2024-10-15 07:31:20.010000+00:00,2024-10-15 07:31:28.010000+00:00,7,0,1,walking,0.8152809
47046344M-104,47046344M-104_block_5,2024-10-15 07:31:25.010000+00:00,2024-10-15 07:31:21.010000+00:00,2024-10-15 07:31:29.010000+00:00,7,0,1,walking,0.7386333
47046344M-104,47046344M-104_block_5,2024-10-15 07:31:26.010000+00:00,2024-10-15 07:31:22.010000+00:00,2024-10-15 07:31:30.010000+00:00,7,0,1,walking,0.74010456
47046344M-104,47046344M-104_block_5,2024-10-15 07:31:27.010000+00:00,2024-10-15 07:31:23.010000+00:00,2024-10-15 07:31:31.010000+00:00,7,0,1,walking,0.70099336
47046344M-104,47046344M-104_block_5,2024-10-15 07:31:28.010000+00:00,2024-10-15 07:31:24.010000+00:00,2024-10-15 07:31:32.010000+00:00,7,0,1,walking,0.7361556
47046344M-104,47046344M-104_block_5,2024-10-15 07:31:29.010000+00:00,2024-10-15 07:31:25.010000+00:00,2024-10-15 07:31:33.010000+00:00,7,0,1,walking,0.78487116
47046344M-104,47046344M-104_block_5,2024-10-15 07:31:30.010000+00:00,2024-10-15 07:31:26.010000+00:00,2024-10-15 07:31:34.010000+00:00,7,0,1,walking,0.76661205
47046344M-104,47046344M-104_block_5,2024-10-15 07:31:31.010000+00:00,2024-10-15 07:31:27.010000+00:00,2024-10-15 07:31:35.010000+00:00,7,0,1,walking,0.71504384
47046344M-104,47046344M-104_block_5,2024-10-15 07:31:32.010000+00:00,2024-10-15 07:31:28.010000+00:00,2024-10-15 07:31:36.010000+00:00,7,0,1,walking,0.7607311
47046344M-104,47046344M-104_block_5,2024-10-15 07:31:33.010000+00:00,2024-10-15 07:31:29.010000+00:00,2024-10-15 07:31:37.010000+00:00,7,0,1,walking,0.71234286
47046344M-104,47046344M-104_block_5,2024-10-15 07:31:34.010000+00:00,2024-10-15 07:31:30.010000+00:00,2024-10-15 07:31:38.010000+00:00,7,0,1,walking,0.7405965
47046344M-104,47046344M-104_block_5,2024-10-15 07:31:35.010000+00:00,2024-10-15 07:31:31.010000+00:00,2024-10-15 07:31:39.010000+00:00,7,0,1,walking,0.75722134
47046344M-104,47046344M-104_block_5,2024-10-15 07:31:36.010000+00:00,2024-10-15 07:31:32.010000+00:00,2024-10-15 07:31:40.010000+00:00,7,0,1,walking,0.72830576
47046344M-104,47046344M-104_block_5,2024-10-15 07:31:37.010000+00:00,2024-10-15 07:31:33.010000+00:00,2024-10-15 07:31:41.010000+00:00,7,0,1,walking,0.72924876
47046344M-104,47046344M-104_block_5,2024-10-15 07:31:38.010000+00:00,2024-10-15 07:31:34.010000+00:00,2024-10-15 07:31:42.010000+00:00,7,0,1,walking,0.72719115
47046344M-104,47046344M-104_block_5,2024-10-15 07:31:39.010000+00:00,2024-10-15 07:31:35.010000+00:00,2024-10-15 07:31:43.010000+00:00,7,0,1,walking,0.701088
47046344M-104,47046344M-104_block_5,2024-10-15 07:31:40.010000+00:00,2024-10-15 07:31:36.010000+00:00,2024-10-15 07:31:44.010000+00:00,7,0,1,walking,0.7251619
47046344M-104,47046344M-104_block_5,2024-10-15 07:31:41.010000+00:00,2024-10-15 07:31:37.010000+00:00,2024-10-15 07:31:45.010000+00:00,7,0,1,walking,0.76087064
47046344M-104,47046344M-104_block_5,2024-10-15 07:31:42.010000+00:00,2024-10-15 07:31:38.010000+00:00,2024-10-15 07:31:46.010000+00:00,7,0,1,walking,0.7219073
47046344M-104,47046344M-104_block_5,2024-10-15 07:31:43.010000+00:00,2024-10-15 07:31:39.010000+00:00,2024-10-15 07:31:47.010000+00:00,7,0,1,walking,0.74969935
47046344M-104,47046344M-104_block_5,2024-10-15 07:31:44.010000+00:00,2024-10-15 07:31:40.010000+00:00,2024-10-15 07:31:48.010000+00:00,7,0,1,walking,0.70043534
47046344M-104,47046344M-104_block_5,2024-10-15 07:31:45.010000+00:00,2024-10-15 07:31:41.010000+00:00,2024-10-15 07:31:49.010000+00:00,7,0,1,walking,0.7380979
47046344M-104,47046344M-104_block_5,2024-10-15 07:31:46.010000+00:00,2024-10-15 07:31:42.010000+00:00,2024-10-15 07:31:50.010000+00:00,7,0,1,walking,0.64959705
47046344M-104,47046344M-104_block_5,2024-10-15 07:31:47.010000+00:00,2024-10-15 07:31:43.010000+00:00,2024-10-15 07:31:54.020000+00:00,7,0,1,walking,0.74990225
47046344M-104,47046344M-104_block_5,2024-10-15 07:31:48.010000+00:00,2024-10-15 07:31:44.010000+00:00,2024-10-15 07:31:55.020000+00:00,7,0,1,walking,0.6123135
47046344M-104,47046344M-104_block_5,2024-10-15 07:31:49.010000+00:00,2024-10-15 07:31:45.010000+00:00,2024-10-15 07:31:56.020000+00:00,7,0,1,walking,0.6481904
47046344M-104,47046344M-104_block_5,2024-10-15 07:31:50.010000+00:00,2024-10-15 07:31:46.010000+00:00,2024-10-15 07:31:57.020000+00:00,7,0,1,walking,0.5713865
47046344M-104,47046344M-104_block_5,2024-10-15 07:31:54.020000+00:00,2024-10-15 07:31:47.010000+00:00,2024-10-15 07:31:58.020000+00:00,7,1,1,walking,0.5735651
47046344M-104,47046344M-104_block_5,2024-10-15 07:31:55.020000+00:00,2024-10-15 07:31:48.010000+00:00,2024-10-15 07:31:59.020000+00:00,7,1,1,walking,0.56865877
47046344M-104,47046344M-104_block_5,2024-10-15 07:31:56.020000+00:00,2024-10-15 07:31:49.010000+00:00,2024-10-15 07:32:00.020000+00:00,7,1,1,walking,0.6438221
47046344M-104,47046344M-104_block_5,2024-10-15 07:31:57.020000+00:00,2024-10-15 07:31:50.010000+00:00,2024-10-15 07:32:01.020000+00:00,7,1,1,walking,0.62371814
47046344M-104,47046344M-104_block_5,2024-10-15 07:31:58.020000+00:00,2024-10-15 07:31:54.020000+00:00,2024-10-15 07:32:02.020000+00:00,7,1,1,walking,0.7525559
47046344M-104,47046344M-104_block_5,2024-10-15 07:31:59.020000+00:00,2024-10-15 07:31:55.020000+00:00,2024-10-15 07:32:03.020000+00:00,7,1,1,walking,0.6358509
47046344M-104,47046344M-104_block_5,2024-10-15 07:32:00.020000+00:00,2024-10-15 07:31:56.020000+00:00,2024-10-15 07:32:04.020000+00:00,7,1,1,walking,0.69020146
47046344M-104,47046344M-104_block_5,2024-10-15 07:32:01.020000+00:00,2024-10-15 07:31:57.020000+00:00,2024-10-15 07:32:05.020000+00:00,7,1,1,walking,0.73246807
47046344M-104,47046344M-104_block_5,2024-10-15 07:32:02.020000+00:00,2024-10-15 07:31:58.020000+00:00,2024-10-15 07:32:06.020000+00:00,7,1,1,walking,0.6768254
47046344M-104,47046344M-104_block_5,2024-10-15 07:32:03.020000+00:00,2024-10-15 07:31:59.020000+00:00,2024-10-15 07:32:07.020000+00:00,7,1,1,walking,0.63554657
47046344M-104,47046344M-104_block_5,2024-10-15 07:32:04.020000+00:00,2024-10-15 07:32:00.020000+00:00,2024-10-15 07:32:08.020000+00:00,7,1,1,walking,0.6194838
47046344M-104,47046344M-104_block_5,2024-10-15 07:32:05.020000+00:00,2024-10-15 07:32:01.020000+00:00,2024-10-15 07:32:09.020000+00:00,7,1,1,walking,0.6609942
47046344M-104,47046344M-104_block_5,2024-10-15 07:32:06.020000+00:00,2024-10-15 07:32:02.020000+00:00,2024-10-15 07:32:10.020000+00:00,7,1,1,walking,0.6459436
47046344M-104,47046344M-104_block_5,2024-10-15 07:32:07.020000+00:00,2024-10-15 07:32:03.020000+00:00,2024-10-15 07:32:11.020000+00:00,7,1,1,walking,0.63304543
47046344M-104,47046344M-104_block_5,2024-10-15 07:32:08.020000+00:00,2024-10-15 07:32:04.020000+00:00,2024-10-15 07:32:12.020000+00:00,7,1,1,walking,0.5732072
47046344M-104,47046344M-104_block_5,2024-10-15 07:32:09.020000+00:00,2024-10-15 07:32:05.020000+00:00,2024-10-15 07:32:13.020000+00:00,7,1,1,walking,0.5638284
47046344M-104,47046344M-104_block_5,2024-10-15 07:32:10.020000+00:00,2024-10-15 07:32:06.020000+00:00,2024-10-15 07:32:14.020000+00:00,7,1,1,walking,0.6271123
47046344M-104,47046344M-104_block_5,2024-10-15 07:32:11.020000+00:00,2024-10-15 07:32:07.020000+00:00,2024-10-15 07:32:15.020000+00:00,7,1,1,walking,0.6978688
47046344M-104,47046344M-104_block_5,2024-10-15 07:32:12.020000+00:00,2024-10-15 07:32:08.020000+00:00,2024-10-15 07:32:16.020000+00:00,7,1,1,walking,0.60770184
47046344M-104,47046344M-104_block_5,2024-10-15 07:32:13.020000+00:00,2024-10-15 07:32:09.020000+00:00,2024-10-15 07:32:17.020000+00:00,7,1,1,walking,0.68032783
47046344M-104,47046344M-104_block_5,2024-10-15 07:32:14.020000+00:00,2024-10-15 07:32:10.020000+00:00,2024-10-15 07:32:18.020000+00:00,7,1,1,walking,0.65774167
47046344M-104,47046344M-104_block_5,2024-10-15 07:32:15.020000+00:00,2024-10-15 07:32:11.020000+00:00,2024-10-15 07:32:19.020000+00:00,7,1,1,walking,0.7295193
47046344M-104,47046344M-104_block_5,2024-10-15 07:32:16.020000+00:00,2024-10-15 07:32:12.020000+00:00,2024-10-15 07:32:20.020000+00:00,7,1,1,walking,0.6625754
47046344M-104,47046344M-104_block_5,2024-10-15 07:32:17.020000+00:00,2024-10-15 07:32:13.020000+00:00,2024-10-15 07:32:21.020000+00:00,7,1,1,walking,0.6978028
47046344M-104,47046344M-104_block_5,2024-10-15 07:32:18.020000+00:00,2024-10-15 07:32:14.020000+00:00,2024-10-15 07:32:22.020000+00:00,7,1,1,walking,0.73523515
47046344M-104,47046344M-104_block_5,2024-10-15 07:32:19.020000+00:00,2024-10-15 07:32:15.020000+00:00,2024-10-15 07:32:23.020000+00:00,7,1,1,walking,0.67340124
47046344M-104,47046344M-104_block_5,2024-10-15 07:32:20.020000+00:00,2024-10-15 07:32:16.020000+00:00,2024-10-15 07:32:24.020000+00:00,7,1,1,walking,0.69815826
47046344M-104,47046344M-104_block_5,2024-10-15 07:32:21.020000+00:00,2024-10-15 07:32:17.020000+00:00,2024-10-15 07:32:25.020000+00:00,7,1,1,walking,0.76116055
47046344M-104,47046344M-104_block_5,2024-10-15 07:32:22.020000+00:00,2024-10-15 07:32:18.020000+00:00,2024-10-15 07:32:26.020000+00:00,7,1,1,walking,0.79975724
47046344M-104,47046344M-104_block_5,2024-10-15 07:32:23.020000+00:00,2024-10-15 07:32:19.020000+00:00,2024-10-15 07:32:27.020000+00:00,7,1,1,walking,0.80151194
47046344M-104,47046344M-104_block_5,2024-10-15 07:32:24.020000+00:00,2024-10-15 07:32:20.020000+00:00,2024-10-15 07:32:28.020000+00:00,7,1,1,walking,0.8248191
47046344M-104,47046344M-104_block_6,2024-10-15 07:33:43.020000+00:00,2024-10-15 07:33:39.020000+00:00,2024-10-15 07:33:47.020000+00:00,8,1,1,walking,0.5850048
47046344M-104,47046344M-104_block_6,2024-10-15 07:33:44.020000+00:00,2024-10-15 07:33:40.020000+00:00,2024-10-15 07:33:48.020000+00:00,8,1,1,walking,0.53201747
47046344M-104,47046344M-104_block_6,2024-10-15 07:33:45.020000+00:00,2024-10-15 07:33:41.020000+00:00,2024-10-15 07:33:49.020000+00:00,8,1,1,walking,0.59164053
47046344M-104,47046344M-104_block_6,2024-10-15 07:33:46.020000+00:00,2024-10-15 07:33:42.020000+00:00,2024-10-15 07:33:50.020000+00:00,8,1,1,walking,0.51249796
47046344M-104,47046344M-104_block_6,2024-10-15 07:33:47.020000+00:00,2024-10-15 07:33:43.020000+00:00,2024-10-15 07:33:51.020000+00:00,8,1,1,walking,0.56129485
47046344M-104,47046344M-104_block_6,2024-10-15 07:33:48.020000+00:00,2024-10-15 07:33:44.020000+00:00,2024-10-15 07:33:52.020000+00:00,8,1,0,not_walking,0.42467904
47046344M-104,47046344M-104_block_6,2024-10-15 07:33:49.020000+00:00,2024-10-15 07:33:45.020000+00:00,2024-10-15 07:33:53.020000+00:00,8,1,0,not_walking,0.36690423
47046344M-104,47046344M-104_block_6,2024-10-15 07:33:50.020000+00:00,2024-10-15 07:33:46.020000+00:00,2024-10-15 07:33:54.020000+00:00,8,1,1,walking,0.53724915
47046344M-104,47046344M-104_block_6,2024-10-15 07:33:51.020000+00:00,2024-10-15 07:33:47.020000+00:00,2024-10-15 07:33:55.020000+00:00,8,1,0,not_walking,0.37579766
47046344M-104,47046344M-104_block_6,2024-10-15 07:33:52.020000+00:00,2024-10-15 07:33:48.020000+00:00,2024-10-15 07:33:56.020000+00:00,8,1,1,walking,0.55703795
47046344M-104,47046344M-104_block_6,2024-10-15 07:33:53.020000+00:00,2024-10-15 07:33:49.020000+00:00,2024-10-15 07:33:57.020000+00:00,8,1,1,walking,0.5833487
47046344M-104,47046344M-104_block_6,2024-10-15 07:33:54.020000+00:00,2024-10-15 07:33:50.020000+00:00,2024-10-15 07:33:58.020000+00:00,8,1,1,walking,0.59194785
47046344M-104,47046344M-104_block_6,2024-10-15 07:33:55.020000+00:00,2024-10-15 07:33:51.020000+00:00,2024-10-15 07:33:59.020000+00:00,8,1,1,walking,0.6258248
47046344M-104,47046344M-104_block_6,2024-10-15 07:33:56.020000+00:00,2024-10-15 07:33:52.020000+00:00,2024-10-15 07:34:00.020000+00:00,8,1,1,walking,0.58065647
47046344M-104,47046344M-104_block_6,2024-10-15 07:33:57.020000+00:00,2024-10-15 07:33:53.020000+00:00,2024-10-15 07:34:01.020000+00:00,8,1,1,walking,0.5490779
47046344M-104,47046344M-104_block_6,2024-10-15 07:33:58.020000+00:00,2024-10-15 07:33:54.020000+00:00,2024-10-15 07:34:02.020000+00:00,8,1,1,walking,0.7335727
47046344M-104,47046344M-104_block_6,2024-10-15 07:33:59.020000+00:00,2024-10-15 07:33:55.020000+00:00,2024-10-15 07:34:03.020000+00:00,8,1,1,walking,0.6283982
47046344M-104,47046344M-104_block_6,2024-10-15 07:34:00.020000+00:00,2024-10-15 07:33:56.020000+00:00,2024-10-15 07:34:04.020000+00:00,8,1,1,walking,0.70528024
47046344M-104,47046344M-104_block_6,2024-10-15 07:34:01.020000+00:00,2024-10-15 07:33:57.020000+00:00,2024-10-15 07:34:05.020000+00:00,8,1,1,walking,0.56121445
47046344M-104,47046344M-104_block_6,2024-10-15 07:34:02.020000+00:00,2024-10-15 07:33:58.020000+00:00,2024-10-15 07:34:06.020000+00:00,8,1,0,not_walking,0.35026896
47046344M-104,47046344M-104_block_6,2024-10-15 07:34:03.020000+00:00,2024-10-15 07:33:59.020000+00:00,2024-10-15 07:34:07.020000+00:00,8,1,1,walking,0.5925883
47046344M-104,47046344M-104_block_6,2024-10-15 07:34:04.020000+00:00,2024-10-15 07:34:00.020000+00:00,2024-10-15 07:34:08.020000+00:00,8,1,1,walking,0.72168016
47046344M-104,47046344M-104_block_6,2024-10-15 07:34:05.020000+00:00,2024-10-15 07:34:01.020000+00:00,2024-10-15 07:34:09.020000+00:00,8,1,0,not_walking,0.2021872
47046344M-104,47046344M-104_block_6,2024-10-15 07:34:06.020000+00:00,2024-10-15 07:34:02.020000+00:00,2024-10-15 07:34:10.020000+00:00,8,1,0,not_walking,0.23093306
47046344M-104,47046344M-104_block_6,2024-10-15 07:34:07.020000+00:00,2024-10-15 07:34:03.020000+00:00,2024-10-15 07:34:11.020000+00:00,8,1,0,not_walking,0.42405573
47046344M-104,47046344M-104_block_6,2024-10-15 07:34:08.020000+00:00,2024-10-15 07:34:04.020000+00:00,2024-10-15 07:34:12.020000+00:00,8,1,0,not_walking,0.41587442
47046344M-104,47046344M-104_block_6,2024-10-15 07:34:09.020000+00:00,2024-10-15 07:34:05.020000+00:00,2024-10-15 07:34:13.020000+00:00,8,1,0,not_walking,0.42904538
47046344M-104,47046344M-104_block_6,2024-10-15 07:34:10.020000+00:00,2024-10-15 07:34:06.020000+00:00,2024-10-15 07:34:14.020000+00:00,8,1,0,not_walking,0.31055757
47046344M-104,47046344M-104_block_6,2024-10-15 07:34:11.020000+00:00,2024-10-15 07:34:07.020000+00:00,2024-10-15 07:34:15.020000+00:00,8,1,0,not_walking,0.35229117
47046344M-104,47046344M-104_block_6,2024-10-15 07:34:12.020000+00:00,2024-10-15 07:34:08.020000+00:00,2024-10-15 07:34:16.020000+00:00,8,1,0,not_walking,0.33485135
47046344M-104,47046344M-104_block_6,2024-10-15 07:34:13.020000+00:00,2024-10-15 07:34:09.020000+00:00,2024-10-15 07:34:17.020000+00:00,8,1,0,not_walking,0.4551238
47046344M-104,47046344M-104_block_6,2024-10-15 07:34:14.020000+00:00,2024-10-15 07:34:10.020000+00:00,2024-10-15 07:34:18.020000+00:00,8,1,0,not_walking,0.3195759
47046344M-104,47046344M-104_block_6,2024-10-15 07:34:15.020000+00:00,2024-10-15 07:34:11.020000+00:00,2024-10-15 07:34:19.020000+00:00,8,1,1,walking,0.5002438
47046344M-104,47046344M-104_block_6,2024-10-15 07:34:16.020000+00:00,2024-10-15 07:34:12.020000+00:00,2024-10-15 07:34:20.020000+00:00,8,1,0,not_walking,0.4551758
47046344M-104,47046344M-104_block_6,2024-10-15 07:34:17.020000+00:00,2024-10-15 07:34:13.020000+00:00,2024-10-15 07:34:21.020000+00:00,8,1,1,walking,0.5830818
47046344M-104,47046344M-104_block_6,2024-10-15 07:34:18.020000+00:00,2024-10-15 07:34:14.020000+00:00,2024-10-15 07:34:22.020000+00:00,8,1,1,walking,0.5041373
47046344M-104,47046344M-104_block_6,2024-10-15 07:34:19.020000+00:00,2024-10-15 07:34:15.020000+00:00,2024-10-15 07:34:23.020000+00:00,8,1,0,not_walking,0.47958577
47046344M-104,47046344M-104_block_6,2024-10-15 07:34:20.020000+00:00,2024-10-15 07:34:16.020000+00:00,2024-10-15 07:34:24.020000+00:00,8,1,0,not_walking,0.39886877
47046344M-104,47046344M-104_block_6,2024-10-15 07:34:21.020000+00:00,2024-10-15 07:34:17.020000+00:00,2024-10-15 07:34:25.020000+00:00,8,1,1,walking,0.55106425
47046344M-104,47046344M-104_block_6,2024-10-15 07:34:22.020000+00:00,2024-10-15 07:34:18.020000+00:00,2024-10-15 07:34:26.020000+00:00,8,1,0,not_walking,0.41125616
47046344M-104,47046344M-104_block_6,2024-10-15 07:34:23.020000+00:00,2024-10-15 07:34:19.020000+00:00,2024-10-15 07:34:27.020000+00:00,8,1,0,not_walking,0.3976007
47046344M-104,47046344M-104_block_6,2024-10-15 07:34:24.020000+00:00,2024-10-15 07:34:20.020000+00:00,2024-10-15 07:34:28.020000+00:00,8,1,0,not_walking,0.48053387
47046344M-104,47046344M-104_block_6,2024-10-15 07:34:25.020000+00:00,2024-10-15 07:34:21.020000+00:00,2024-10-15 07:34:29.020000+00:00,8,1,0,not_walking,0.362522
47046344M-104,47046344M-104_block_6,2024-10-15 07:34:26.020000+00:00,2024-10-15 07:34:22.020000+00:00,2024-10-15 07:34:30.020000+00:00,8,1,0,not_walking,0.47171924
47046344M-104,47046344M-104_block_6,2024-10-15 07:34:27.020000+00:00,2024-10-15 07:34:23.020000+00:00,2024-10-15 07:34:31.020000+00:00,8,1,0,not_walking,0.33599305
47046344M-104,47046344M-104_block_6,2024-10-15 07:34:28.020000+00:00,2024-10-15 07:34:24.020000+00:00,2024-10-15 07:34:32.020000+00:00,8,1,0,not_walking,0.44304466
47046344M-104,47046344M-104_block_6,2024-10-15 07:34:29.020000+00:00,2024-10-15 07:34:25.020000+00:00,2024-10-15 07:34:33.020000+00:00,8,1,0,not_walking,0.41080186
47046344M-104,47046344M-104_block_6,2024-10-15 07:34:30.020000+00:00,2024-10-15 07:34:26.020000+00:00,2024-10-15 07:34:34.020000+00:00,8,1,1,walking,0.58198756
47046344M-104,47046344M-104_block_6,2024-10-15 07:34:31.020000+00:00,2024-10-15 07:34:27.020000+00:00,2024-10-15 07:34:35.020000+00:00,8,1,0,not_walking,0.44159013
47046344M-104,47046344M-104_block_6,2024-10-15 07:34:32.020000+00:00,2024-10-15 07:34:28.020000+00:00,2024-10-15 07:34:36.020000+00:00,8,1,0,not_walking,0.48774487
47046344M-104,47046344M-104_block_6,2024-10-15 07:34:33.020000+00:00,2024-10-15 07:34:29.020000+00:00,2024-10-15 07:34:37.020000+00:00,8,1,1,walking,0.505692
47046344M-104,47046344M-104_block_6,2024-10-15 07:34:34.020000+00:00,2024-10-15 07:34:30.020000+00:00,2024-10-15 07:34:38.020000+00:00,8,1,0,not_walking,0.42070493
47046344M-104,47046344M-104_block_6,2024-10-15 07:34:35.020000+00:00,2024-10-15 07:34:31.020000+00:00,2024-10-15 07:34:39.020000+00:00,8,1,1,walking,0.5064462
47046344M-104,47046344M-104_block_6,2024-10-15 07:34:36.020000+00:00,2024-10-15 07:34:32.020000+00:00,2024-10-15 07:34:40.020000+00:00,8,1,1,walking,0.5055073
47046344M-104,47046344M-104_block_6,2024-10-15 07:34:37.020000+00:00,2024-10-15 07:34:33.020000+00:00,2024-10-15 07:34:41.020000+00:00,8,1,0,not_walking,0.35676613
47046344M-104,47046344M-104_block_6,2024-10-15 07:34:38.020000+00:00,2024-10-15 07:34:34.020000+00:00,2024-10-15 07:34:42.020000+00:00,8,1,0,not_walking,0.43895784
47046344M-104,47046344M-104_block_6,2024-10-15 07:34:39.020000+00:00,2024-10-15 07:34:35.020000+00:00,2024-10-15 07:34:43.020000+00:00,8,1,1,walking,0.51108694
47046344M-104,47046344M-104_block_6,2024-10-15 07:34:40.020000+00:00,2024-10-15 07:34:36.020000+00:00,2024-10-15 07:34:44.020000+00:00,8,1,0,not_walking,0.44308925
47046344M-104,47046344M-104_block_6,2024-10-15 07:34:41.020000+00:00,2024-10-15 07:34:37.020000+00:00,2024-10-15 07:34:45.020000+00:00,8,1,1,walking,0.77230203
47046344M-104,47046344M-104_block_6,2024-10-15 07:34:42.020000+00:00,2024-10-15 07:34:38.020000+00:00,2024-10-15 07:34:46.020000+00:00,8,1,1,walking,0.511788
47046344M-104,47046344M-104_block_6,2024-10-15 07:34:43.020000+00:00,2024-10-15 07:34:39.020000+00:00,2024-10-15 07:34:47.020000+00:00,8,1,1,walking,0.8916781
47046344M-104,47046344M-104_block_6,2024-10-15 07:34:44.020000+00:00,2024-10-15 07:34:40.020000+00:00,2024-10-15 07:34:48.020000+00:00,8,1,0,not_walking,0.45585647
47046344M-104,47046344M-104_block_6,2024-10-15 07:34:45.020000+00:00,2024-10-15 07:34:41.020000+00:00,2024-10-15 07:34:49.020000+00:00,8,1,0,not_walking,0.45017162
47046344M-104,47046344M-104_block_6,2024-10-15 07:34:46.020000+00:00,2024-10-15 07:34:42.020000+00:00,2024-10-15 07:34:50.020000+00:00,8,1,1,walking,0.56419677
47046344M-104,47046344M-104_block_6,2024-10-15 07:34:47.020000+00:00,2024-10-15 07:34:43.020000+00:00,2024-10-15 07:34:51.020000+00:00,8,1,1,walking,0.6616529
47046344M-104,47046344M-104_block_6,2024-10-15 07:34:48.020000+00:00,2024-10-15 07:34:44.020000+00:00,2024-10-15 07:34:52.020000+00:00,8,1,0,not_walking,0.4699912
47046344M-104,47046344M-104_block_6,2024-10-15 07:34:49.020000+00:00,2024-10-15 07:34:45.020000+00:00,2024-10-15 07:34:53.020000+00:00,8,1,1,walking,0.7365733
47046344M-104,47046344M-104_block_6,2024-10-15 07:34:50.020000+00:00,2024-10-15 07:34:46.020000+00:00,2024-10-15 07:34:54.020000+00:00,8,1,1,walking,0.6658991
47046344M-104,47046344M-104_block_6,2024-10-15 07:34:51.020000+00:00,2024-10-15 07:34:47.020000+00:00,2024-10-15 07:34:55.020000+00:00,8,1,1,walking,0.6055181
47046344M-104,47046344M-104_block_6,2024-10-15 07:34:52.020000+00:00,2024-10-15 07:34:48.020000+00:00,2024-10-15 07:34:56.020000+00:00,8,1,1,walking,0.6128698
47046344M-104,47046344M-104_block_6,2024-10-15 07:34:53.020000+00:00,2024-10-15 07:34:49.020000+00:00,2024-10-15 07:34:57.020000+00:00,8,1,1,walking,0.6585822
47046344M-104,47046344M-104_block_6,2024-10-15 07:34:54.020000+00:00,2024-10-15 07:34:50.020000+00:00,2024-10-15 07:34:58.020000+00:00,8,1,1,walking,0.69282484
47046344M-104,47046344M-104_block_6,2024-10-15 07:34:55.020000+00:00,2024-10-15 07:34:51.020000+00:00,2024-10-15 07:34:59.020000+00:00,8,1,1,walking,0.611206
47046344M-104,47046344M-104_block_6,2024-10-15 07:34:56.020000+00:00,2024-10-15 07:34:52.020000+00:00,2024-10-15 07:35:00.020000+00:00,8,1,1,walking,0.6055147
47046344M-104,47046344M-104_block_6,2024-10-15 07:34:57.020000+00:00,2024-10-15 07:34:53.020000+00:00,2024-10-15 07:35:01.020000+00:00,8,1,0,not_walking,0.48949158
47046344M-104,47046344M-104_block_6,2024-10-15 07:34:58.020000+00:00,2024-10-15 07:34:54.020000+00:00,2024-10-15 07:35:02.020000+00:00,8,1,1,walking,0.591693
47046344M-104,47046344M-104_block_6,2024-10-15 07:34:59.020000+00:00,2024-10-15 07:34:55.020000+00:00,2024-10-15 07:35:03.020000+00:00,8,1,1,walking,0.5720886
47046344M-104,47046344M-104_block_6,2024-10-15 07:35:00.020000+00:00,2024-10-15 07:34:56.020000+00:00,2024-10-15 07:35:04.020000+00:00,8,1,1,walking,0.6115222
47046344M-104,47046344M-104_block_6,2024-10-15 07:35:01.020000+00:00,2024-10-15 07:34:57.020000+00:00,2024-10-15 07:35:05.020000+00:00,8,1,1,walking,0.73668146
47046344M-104,47046344M-104_block_6,2024-10-15 07:35:02.020000+00:00,2024-10-15 07:34:58.020000+00:00,2024-10-15 07:35:06.020000+00:00,8,1,1,walking,0.6365551
47046344M-104,47046344M-104_block_6,2024-10-15 07:35:03.020000+00:00,2024-10-15 07:34:59.020000+00:00,2024-10-15 07:35:07.020000+00:00,8,1,1,walking,0.7155309
47046344M-104,47046344M-104_block_6,2024-10-15 07:35:04.020000+00:00,2024-10-15 07:35:00.020000+00:00,2024-10-15 07:35:08.020000+00:00,8,1,1,walking,0.87349
47046344M-104,47046344M-104_block_6,2024-10-15 07:35:05.020000+00:00,2024-10-15 07:35:01.020000+00:00,2024-10-15 07:35:09.020000+00:00,8,1,1,walking,0.6650708
47046344M-104,47046344M-104_block_6,2024-10-15 07:35:06.020000+00:00,2024-10-15 07:35:02.020000+00:00,2024-10-15 07:35:10.020000+00:00,8,1,1,walking,0.6491346
47046344M-104,47046344M-104_block_6,2024-10-15 07:35:07.020000+00:00,2024-10-15 07:35:03.020000+00:00,2024-10-15 07:35:11.020000+00:00,8,1,1,walking,0.7189466
47046344M-104,47046344M-104_block_6,2024-10-15 07:35:08.020000+00:00,2024-10-15 07:35:04.020000+00:00,2024-10-15 07:35:12.020000+00:00,8,1,1,walking,0.6688794
47046344M-104,47046344M-104_block_6,2024-10-15 07:35:09.020000+00:00,2024-10-15 07:35:05.020000+00:00,2024-10-15 07:35:13.020000+00:00,8,1,1,walking,0.7909276
47046344M-104,47046344M-104_block_6,2024-10-15 07:35:10.020000+00:00,2024-10-15 07:35:06.020000+00:00,2024-10-15 07:35:14.020000+00:00,8,1,1,walking,0.85628814
47046344M-104,47046344M-104_block_6,2024-10-15 07:35:11.020000+00:00,2024-10-15 07:35:07.020000+00:00,2024-10-15 07:35:15.020000+00:00,8,1,1,walking,0.8306704
47046344M-104,47046344M-104_block_6,2024-10-15 07:35:12.020000+00:00,2024-10-15 07:35:08.020000+00:00,2024-10-15 07:35:16.020000+00:00,8,1,1,walking,0.7980744
47046344M-104,47046344M-104_block_6,2024-10-15 07:35:13.020000+00:00,2024-10-15 07:35:09.020000+00:00,2024-10-15 07:35:17.020000+00:00,8,1,1,walking,0.7793209
47046344M-104,47046344M-104_block_6,2024-10-15 07:35:14.020000+00:00,2024-10-15 07:35:10.020000+00:00,2024-10-15 07:35:18.020000+00:00,8,1,1,walking,0.70378023
47046344M-104,47046344M-104_block_6,2024-10-15 07:35:15.020000+00:00,2024-10-15 07:35:11.020000+00:00,2024-10-15 07:35:19.020000+00:00,8,1,1,walking,0.72055155
47046344M-104,47046344M-104_block_6,2024-10-15 07:35:16.020000+00:00,2024-10-15 07:35:12.020000+00:00,2024-10-15 07:35:20.020000+00:00,8,1,1,walking,0.6832636
47046344M-104,47046344M-104_block_6,2024-10-15 07:35:17.020000+00:00,2024-10-15 07:35:13.020000+00:00,2024-10-15 07:35:21.020000+00:00,8,1,1,walking,0.63822603
47046344M-104,47046344M-104_block_6,2024-10-15 07:35:18.020000+00:00,2024-10-15 07:35:14.020000+00:00,2024-10-15 07:35:22.020000+00:00,8,1,1,walking,0.59483624
47046344M-104,47046344M-104_block_6,2024-10-15 07:35:19.020000+00:00,2024-10-15 07:35:15.020000+00:00,2024-10-15 07:35:23.020000+00:00,8,1,1,walking,0.6006947
47046344M-104,47046344M-104_block_6,2024-10-15 07:35:20.020000+00:00,2024-10-15 07:35:16.020000+00:00,2024-10-15 07:35:24.020000+00:00,8,1,1,walking,0.72173357
47046344M-104,47046344M-104_block_6,2024-10-15 07:35:21.020000+00:00,2024-10-15 07:35:17.020000+00:00,2024-10-15 07:35:25.020000+00:00,8,1,0,not_walking,0.43582457
47046344M-104,47046344M-104_block_6,2024-10-15 07:35:22.020000+00:00,2024-10-15 07:35:18.020000+00:00,2024-10-15 07:35:26.020000+00:00,8,1,1,walking,0.5814083
47046344M-104,47046344M-104_block_6,2024-10-15 07:35:23.020000+00:00,2024-10-15 07:35:19.020000+00:00,2024-10-15 07:35:27.020000+00:00,8,1,1,walking,0.7744801
47046344M-104,47046344M-104_block_6,2024-10-15 07:35:24.020000+00:00,2024-10-15 07:35:20.020000+00:00,2024-10-15 07:35:28.020000+00:00,8,1,1,walking,0.5272285
47046344M-104,47046344M-104_block_7,2024-10-15 07:37:23.010000+00:00,2024-10-15 07:37:19.010000+00:00,2024-10-15 07:37:27.010000+00:00,9,1,1,walking,0.5287867
47046344M-104,47046344M-104_block_7,2024-10-15 07:37:24.010000+00:00,2024-10-15 07:37:20.010000+00:00,2024-10-15 07:37:28.010000+00:00,9,1,1,walking,0.533819
47046344M-104,47046344M-104_block_7,2024-10-15 07:37:25.010000+00:00,2024-10-15 07:37:21.010000+00:00,2024-10-15 07:37:29.010000+00:00,9,1,1,walking,0.5465014
47046344M-104,47046344M-104_block_7,2024-10-15 07:37:26.010000+00:00,2024-10-15 07:37:22.010000+00:00,2024-10-15 07:37:30.010000+00:00,9,1,1,walking,0.51491994
47046344M-104,47046344M-104_block_7,2024-10-15 07:37:27.010000+00:00,2024-10-15 07:37:23.010000+00:00,2024-10-15 07:37:31.010000+00:00,9,1,1,walking,0.6923075
47046344M-104,47046344M-104_block_7,2024-10-15 07:37:28.010000+00:00,2024-10-15 07:37:24.010000+00:00,2024-10-15 07:37:32.010000+00:00,9,1,1,walking,0.7154522
47046344M-104,47046344M-104_block_7,2024-10-15 07:37:29.010000+00:00,2024-10-15 07:37:25.010000+00:00,2024-10-15 07:37:33.010000+00:00,9,1,1,walking,0.7054542
47046344M-104,47046344M-104_block_7,2024-10-15 07:37:30.010000+00:00,2024-10-15 07:37:26.010000+00:00,2024-10-15 07:37:34.010000+00:00,9,1,1,walking,0.78018343
47046344M-104,47046344M-104_block_7,2024-10-15 07:37:31.010000+00:00,2024-10-15 07:37:27.010000+00:00,2024-10-15 07:37:35.010000+00:00,9,1,1,walking,0.6800256
47046344M-104,47046344M-104_block_7,2024-10-15 07:37:32.010000+00:00,2024-10-15 07:37:28.010000+00:00,2024-10-15 07:37:36.010000+00:00,9,1,1,walking,0.8399943
47046344M-104,47046344M-104_block_7,2024-10-15 07:37:33.010000+00:00,2024-10-15 07:37:29.010000+00:00,2024-10-15 07:37:37.010000+00:00,9,1,1,walking,0.6539991
47046344M-104,47046344M-104_block_7,2024-10-15 07:37:34.010000+00:00,2024-10-15 07:37:30.010000+00:00,2024-10-15 07:37:38.010000+00:00,9,1,1,walking,0.5311566
47046344M-104,47046344M-104_block_7,2024-10-15 07:37:35.010000+00:00,2024-10-15 07:37:31.010000+00:00,2024-10-15 07:37:39.010000+00:00,9,1,1,walking,0.5476834
47046344M-104,47046344M-104_block_7,2024-10-15 07:37:36.010000+00:00,2024-10-15 07:37:32.010000+00:00,2024-10-15 07:37:40.010000+00:00,9,1,1,walking,0.69541293
47046344M-104,47046344M-104_block_7,2024-10-15 07:37:37.010000+00:00,2024-10-15 07:37:33.010000+00:00,2024-10-15 07:37:41.010000+00:00,9,1,1,walking,0.5198016
47046344M-104,47046344M-104_block_7,2024-10-15 07:37:38.010000+00:00,2024-10-15 07:37:34.010000+00:00,2024-10-15 07:37:42.010000+00:00,9,1,1,walking,0.582349
47046344M-104,47046344M-104_block_7,2024-10-15 07:37:39.010000+00:00,2024-10-15 07:37:35.010000+00:00,2024-10-15 07:37:43.010000+00:00,9,1,1,walking,0.5301488
47046344M-104,47046344M-104_block_7,2024-10-15 07:37:40.010000+00:00,2024-10-15 07:37:36.010000+00:00,2024-10-15 07:37:44.010000+00:00,9,1,0,not_walking,0.48987165
47046344M-104,47046344M-104_block_7,2024-10-15 07:37:41.010000+00:00,2024-10-15 07:37:37.010000+00:00,2024-10-15 07:37:45.010000+00:00,9,1,1,walking,0.5805202
47046344M-104,47046344M-104_block_7,2024-10-15 07:37:42.010000+00:00,2024-10-15 07:37:38.010000+00:00,2024-10-15 07:37:46.010000+00:00,9,1,1,walking,0.57909316
47046344M-104,47046344M-104_block_7,2024-10-15 07:37:43.010000+00:00,2024-10-15 07:37:39.010000+00:00,2024-10-15 07:37:47.010000+00:00,9,1,0,not_walking,0.40394312
47046344M-104,47046344M-104_block_7,2024-10-15 07:37:44.010000+00:00,2024-10-15 07:37:40.010000+00:00,2024-10-15 07:37:48.010000+00:00,9,1,1,walking,0.5337759
47046344M-104,47046344M-104_block_7,2024-10-15 07:37:45.010000+00:00,2024-10-15 07:37:41.010000+00:00,2024-10-15 07:37:49.010000+00:00,9,1,1,walking,0.50367945
47046344M-104,47046344M-104_block_7,2024-10-15 07:37:46.010000+00:00,2024-10-15 07:37:42.010000+00:00,2024-10-15 07:37:50.010000+00:00,9,1,1,walking,0.5459425
47046344M-104,47046344M-104_block_7,2024-10-15 07:37:47.010000+00:00,2024-10-15 07:37:43.010000+00:00,2024-10-15 07:37:51.010000+00:00,9,1,1,walking,0.5511221
47046344M-104,47046344M-104_block_7,2024-10-15 07:37:48.010000+00:00,2024-10-15 07:37:44.010000+00:00,2024-10-15 07:37:52.010000+00:00,9,1,1,walking,0.5400382
47046344M-104,47046344M-104_block_7,2024-10-15 07:37:49.010000+00:00,2024-10-15 07:37:45.010000+00:00,2024-10-15 07:37:53.010000+00:00,9,1,1,walking,0.56764627
47046344M-104,47046344M-104_block_7,2024-10-15 07:37:50.010000+00:00,2024-10-15 07:37:46.010000+00:00,2024-10-15 07:37:54.010000+00:00,9,1,1,walking,0.5679619
47046344M-104,47046344M-104_block_7,2024-10-15 07:37:51.010000+00:00,2024-10-15 07:37:47.010000+00:00,2024-10-15 07:37:55.010000+00:00,9,1,1,walking,0.6128384
47046344M-104,47046344M-104_block_7,2024-10-15 07:37:52.010000+00:00,2024-10-15 07:37:48.010000+00:00,2024-10-15 07:37:56.010000+00:00,9,1,1,walking,0.5513457
47046344M-104,47046344M-104_block_7,2024-10-15 07:37:53.010000+00:00,2024-10-15 07:37:49.010000+00:00,2024-10-15 07:37:57.010000+00:00,9,1,1,walking,0.5597175
47046344M-104,47046344M-104_block_7,2024-10-15 07:37:54.010000+00:00,2024-10-15 07:37:50.010000+00:00,2024-10-15 07:37:58.010000+00:00,9,1,1,walking,0.53003615
47046344M-104,47046344M-104_block_7,2024-10-15 07:37:55.010000+00:00,2024-10-15 07:37:51.010000+00:00,2024-10-15 07:37:59.010000+00:00,9,1,1,walking,0.5849191
47046344M-104,47046344M-104_block_7,2024-10-15 07:37:56.010000+00:00,2024-10-15 07:37:52.010000+00:00,2024-10-15 07:38:00.010000+00:00,9,1,0,not_walking,0.49138933
47046344M-104,47046344M-104_block_7,2024-10-15 07:37:57.010000+00:00,2024-10-15 07:37:53.010000+00:00,2024-10-15 07:38:01.010000+00:00,9,1,1,walking,0.7084773
47046344M-104,47046344M-104_block_7,2024-10-15 07:37:58.010000+00:00,2024-10-15 07:37:54.010000+00:00,2024-10-15 07:38:02.010000+00:00,9,1,1,walking,0.576814
47046344M-104,47046344M-104_block_7,2024-10-15 07:37:59.010000+00:00,2024-10-15 07:37:55.010000+00:00,2024-10-15 07:38:03.010000+00:00,9,1,1,walking,0.6534099
47046344M-104,47046344M-104_block_7,2024-10-15 07:38:00.010000+00:00,2024-10-15 07:37:56.010000+00:00,2024-10-15 07:38:04.010000+00:00,9,1,1,walking,0.66519177
47046344M-104,47046344M-104_block_7,2024-10-15 07:38:01.010000+00:00,2024-10-15 07:37:57.010000+00:00,2024-10-15 07:38:05.010000+00:00,9,1,1,walking,0.61618704
47046344M-104,47046344M-104_block_7,2024-10-15 07:38:02.010000+00:00,2024-10-15 07:37:58.010000+00:00,2024-10-15 07:38:06.010000+00:00,9,1,1,walking,0.5595395
47046344M-104,47046344M-104_block_7,2024-10-15 07:38:03.010000+00:00,2024-10-15 07:37:59.010000+00:00,2024-10-15 07:38:07.010000+00:00,9,1,1,walking,0.50267416
47046344M-104,47046344M-104_block_7,2024-10-15 07:38:04.010000+00:00,2024-10-15 07:38:00.010000+00:00,2024-10-15 07:38:08.010000+00:00,9,1,0,not_walking,0.48720425
47046344M-104,47046344M-104_block_7,2024-10-15 07:38:05.010000+00:00,2024-10-15 07:38:01.010000+00:00,2024-10-15 07:38:09.010000+00:00,9,1,1,walking,0.51584464
47046344M-104,47046344M-104_block_7,2024-10-15 07:38:06.010000+00:00,2024-10-15 07:38:02.010000+00:00,2024-10-15 07:38:11.010000+00:00,9,1,1,walking,0.5822638
47046344M-104,47046344M-104_block_7,2024-10-15 07:38:07.010000+00:00,2024-10-15 07:38:03.010000+00:00,2024-10-15 07:38:12.010000+00:00,9,1,1,walking,0.5066266
47046344M-104,47046344M-104_block_7,2024-10-15 07:38:08.010000+00:00,2024-10-15 07:38:04.010000+00:00,2024-10-15 07:38:13.010000+00:00,9,1,1,walking,0.5742518
47046344M-104,47046344M-104_block_7,2024-10-15 07:38:09.010000+00:00,2024-10-15 07:38:05.010000+00:00,2024-10-15 07:38:14.010000+00:00,9,1,1,walking,0.5976867
47046344M-104,47046344M-104_block_7,2024-10-15 07:38:11.010000+00:00,2024-10-15 07:38:06.010000+00:00,2024-10-15 07:38:15.010000+00:00,9,0,1,walking,0.5692416
47046344M-104,47046344M-104_block_7,2024-10-15 07:38:12.010000+00:00,2024-10-15 07:38:07.010000+00:00,2024-10-15 07:38:16.010000+00:00,9,0,1,walking,0.6952369
47046344M-104,47046344M-104_block_7,2024-10-15 07:38:13.010000+00:00,2024-10-15 07:38:08.010000+00:00,2024-10-15 07:38:17.010000+00:00,9,0,1,walking,0.6733233
47046344M-104,47046344M-104_block_7,2024-10-15 07:38:14.010000+00:00,2024-10-15 07:38:09.010000+00:00,2024-10-15 07:38:18.010000+00:00,9,0,1,walking,0.5548298
47046344M-104,47046344M-104_block_7,2024-10-15 07:38:15.010000+00:00,2024-10-15 07:38:11.010000+00:00,2024-10-15 07:38:19.010000+00:00,9,0,1,walking,0.6325407
47046344M-104,47046344M-104_block_7,2024-10-15 07:38:16.010000+00:00,2024-10-15 07:38:12.010000+00:00,2024-10-15 07:38:20.010000+00:00,9,0,1,walking,0.57561237
47046344M-104,47046344M-104_block_7,2024-10-15 07:38:17.010000+00:00,2024-10-15 07:38:13.010000+00:00,2024-10-15 07:38:21.010000+00:00,9,0,1,walking,0.631215
47046344M-104,47046344M-104_block_7,2024-10-15 07:38:18.010000+00:00,2024-10-15 07:38:14.010000+00:00,2024-10-15 07:38:22.010000+00:00,9,0,1,walking,0.7047679
47046344M-104,47046344M-104_block_7,2024-10-15 07:38:19.010000+00:00,2024-10-15 07:38:15.010000+00:00,2024-10-15 07:38:23.010000+00:00,9,0,1,walking,0.62832993
47046344M-104,47046344M-104_block_7,2024-10-15 07:38:20.010000+00:00,2024-10-15 07:38:16.010000+00:00,2024-10-15 07:38:25.010000+00:00,9,0,1,walking,0.60903645
47046344M-104,47046344M-104_block_7,2024-10-15 07:38:21.010000+00:00,2024-10-15 07:38:17.010000+00:00,2024-10-15 07:38:26.010000+00:00,9,0,1,walking,0.6168447
47046344M-104,47046344M-104_block_7,2024-10-15 07:38:22.010000+00:00,2024-10-15 07:38:18.010000+00:00,2024-10-15 07:38:27.010000+00:00,9,0,1,walking,0.626556
47046344M-104,47046344M-104_block_7,2024-10-15 07:38:23.010000+00:00,2024-10-15 07:38:19.010000+00:00,2024-10-15 07:38:28.010000+00:00,9,0,1,walking,0.64549464
47046344M-104,47046344M-104_block_7,2024-10-15 07:38:25.010000+00:00,2024-10-15 07:38:20.010000+00:00,2024-10-15 07:38:29.010000+00:00,9,0,1,walking,0.5651467
47046344M-104,47046344M-104_block_7,2024-10-15 07:38:26.010000+00:00,2024-10-15 07:38:21.010000+00:00,2024-10-15 07:38:30.010000+00:00,9,0,1,walking,0.70304614
47046344M-104,47046344M-104_block_7,2024-10-15 07:38:27.010000+00:00,2024-10-15 07:38:22.010000+00:00,2024-10-15 07:38:31.010000+00:00,9,0,1,walking,0.6867538
47046344M-104,47046344M-104_block_7,2024-10-15 07:38:28.010000+00:00,2024-10-15 07:38:23.010000+00:00,2024-10-15 07:38:32.010000+00:00,9,0,1,walking,0.5937698
47046344M-104,47046344M-104_block_7,2024-10-15 07:38:29.010000+00:00,2024-10-15 07:38:25.010000+00:00,2024-10-15 07:38:33.010000+00:00,9,0,1,walking,0.710826
47046344M-104,47046344M-104_block_7,2024-10-15 07:38:30.010000+00:00,2024-10-15 07:38:26.010000+00:00,2024-10-15 07:38:34.010000+00:00,9,0,1,walking,0.73797685
47046344M-104,47046344M-104_block_7,2024-10-15 07:38:31.010000+00:00,2024-10-15 07:38:27.010000+00:00,2024-10-15 07:38:35.010000+00:00,9,0,1,walking,0.6248548
47046344M-104,47046344M-104_block_7,2024-10-15 07:38:32.010000+00:00,2024-10-15 07:38:28.010000+00:00,2024-10-15 07:38:36.010000+00:00,9,1,1,walking,0.653073
47046344M-104,47046344M-104_block_7,2024-10-15 07:38:33.010000+00:00,2024-10-15 07:38:29.010000+00:00,2024-10-15 07:38:37.010000+00:00,9,1,1,walking,0.7464964
47046344M-104,47046344M-104_block_7,2024-10-15 07:38:34.010000+00:00,2024-10-15 07:38:30.010000+00:00,2024-10-15 07:38:38.010000+00:00,9,1,1,walking,0.7351127
47046344M-104,47046344M-104_block_7,2024-10-15 07:38:35.010000+00:00,2024-10-15 07:38:31.010000+00:00,2024-10-15 07:38:39.010000+00:00,9,1,1,walking,0.61053634
47046344M-104,47046344M-104_block_7,2024-10-15 07:38:36.010000+00:00,2024-10-15 07:38:32.010000+00:00,2024-10-15 07:38:40.010000+00:00,9,1,1,walking,0.7181008
47046344M-104,47046344M-104_block_7,2024-10-15 07:38:37.010000+00:00,2024-10-15 07:38:33.010000+00:00,2024-10-15 07:38:41.010000+00:00,9,1,1,walking,0.5833316
47046344M-104,47046344M-104_block_7,2024-10-15 07:38:38.010000+00:00,2024-10-15 07:38:34.010000+00:00,2024-10-15 07:38:42.010000+00:00,9,1,1,walking,0.5854967
47046344M-104,47046344M-104_block_7,2024-10-15 07:38:39.010000+00:00,2024-10-15 07:38:35.010000+00:00,2024-10-15 07:38:43.010000+00:00,9,1,1,walking,0.5130676
47046344M-104,47046344M-104_block_7,2024-10-15 07:38:40.010000+00:00,2024-10-15 07:38:36.010000+00:00,2024-10-15 07:38:44.010000+00:00,9,1,1,walking,0.5524708
47046344M-104,47046344M-104_block_7,2024-10-15 07:38:41.010000+00:00,2024-10-15 07:38:37.010000+00:00,2024-10-15 07:38:45.010000+00:00,9,1,1,walking,0.6700958
47046344M-104,47046344M-104_block_7,2024-10-15 07:38:42.010000+00:00,2024-10-15 07:38:38.010000+00:00,2024-10-15 07:38:46.010000+00:00,9,1,1,walking,0.61848074
47046344M-104,47046344M-104_block_7,2024-10-15 07:38:43.010000+00:00,2024-10-15 07:38:39.010000+00:00,2024-10-15 07:38:47.010000+00:00,9,1,1,walking,0.6631752
47046344M-104,47046344M-104_block_8,2024-10-15 07:39:03.010000+00:00,2024-10-15 07:38:59.010000+00:00,2024-10-15 07:39:07.010000+00:00,10,0,1,walking,0.6466536
47046344M-104,47046344M-104_block_8,2024-10-15 07:39:04.010000+00:00,2024-10-15 07:39:00.010000+00:00,2024-10-15 07:39:08.010000+00:00,10,0,1,walking,0.6558105
47046344M-104,47046344M-104_block_8,2024-10-15 07:39:05.010000+00:00,2024-10-15 07:39:01.010000+00:00,2024-10-15 07:39:09.010000+00:00,10,0,1,walking,0.66938317
47046344M-104,47046344M-104_block_8,2024-10-15 07:39:06.010000+00:00,2024-10-15 07:39:02.010000+00:00,2024-10-15 07:39:10.010000+00:00,10,0,1,walking,0.6913001
47046344M-104,47046344M-104_block_8,2024-10-15 07:39:07.010000+00:00,2024-10-15 07:39:03.010000+00:00,2024-10-15 07:39:11.010000+00:00,10,0,1,walking,0.5853976
47046344M-104,47046344M-104_block_9,2024-10-15 07:39:30.010000+00:00,2024-10-15 07:39:26.010000+00:00,2024-10-15 07:39:34.010000+00:00,11,1,0,not_walking,0.37982428
47046344M-104,47046344M-104_block_9,2024-10-15 07:39:31.010000+00:00,2024-10-15 07:39:27.010000+00:00,2024-10-15 07:39:35.010000+00:00,11,1,1,walking,0.62200326
47046344M-104,47046344M-104_block_9,2024-10-15 07:39:32.010000+00:00,2024-10-15 07:39:28.010000+00:00,2024-10-15 07:39:36.010000+00:00,11,1,0,not_walking,0.3691403
47046344M-104,47046344M-104_block_9,2024-10-15 07:39:33.010000+00:00,2024-10-15 07:39:29.010000+00:00,2024-10-15 07:39:37.010000+00:00,11,1,0,not_walking,0.40958795
47046344M-104,47046344M-104_block_9,2024-10-15 07:39:34.010000+00:00,2024-10-15 07:39:30.010000+00:00,2024-10-15 07:39:38.010000+00:00,11,1,1,walking,0.53149784
47046344M-104,47046344M-104_block_9,2024-10-15 07:39:35.010000+00:00,2024-10-15 07:39:31.010000+00:00,2024-10-15 07:39:39.010000+00:00,11,1,0,not_walking,0.4045992
47046344M-104,47046344M-104_block_9,2024-10-15 07:39:36.010000+00:00,2024-10-15 07:39:32.010000+00:00,2024-10-15 07:39:40.010000+00:00,11,1,1,walking,0.5281891
47046344M-104,47046344M-104_block_9,2024-10-15 07:39:37.010000+00:00,2024-10-15 07:39:33.010000+00:00,2024-10-15 07:39:41.010000+00:00,11,1,0,not_walking,0.4594817
47046344M-104,47046344M-104_block_9,2024-10-15 07:39:38.010000+00:00,2024-10-15 07:39:34.010000+00:00,2024-10-15 07:39:42.010000+00:00,11,1,0,not_walking,0.26434472
47046344M-104,47046344M-104_block_9,2024-10-15 07:39:39.010000+00:00,2024-10-15 07:39:35.010000+00:00,2024-10-15 07:39:43.010000+00:00,11,1,0,not_walking,0.22670564
47046344M-104,47046344M-104_block_9,2024-10-15 07:39:40.010000+00:00,2024-10-15 07:39:36.010000+00:00,2024-10-15 07:39:44.010000+00:00,11,1,0,not_walking,0.31538305
47046344M-104,47046344M-104_block_9,2024-10-15 07:39:41.010000+00:00,2024-10-15 07:39:37.010000+00:00,2024-10-15 07:39:45.010000+00:00,11,1,0,not_walking,0.40651128
47046344M-104,47046344M-104_block_9,2024-10-15 07:39:42.010000+00:00,2024-10-15 07:39:38.010000+00:00,2024-10-15 07:39:46.010000+00:00,11,1,1,walking,0.5324344
47046344M-104,47046344M-104_block_9,2024-10-15 07:39:43.010000+00:00,2024-10-15 07:39:39.010000+00:00,2024-10-15 07:39:47.010000+00:00,11,1,0,not_walking,0.3002977
47046344M-104,47046344M-104_block_9,2024-10-15 07:39:44.010000+00:00,2024-10-15 07:39:40.010000+00:00,2024-10-15 07:39:48.010000+00:00,11,1,0,not_walking,0.4237306
47046344M-104,47046344M-104_block_9,2024-10-15 07:39:45.010000+00:00,2024-10-15 07:39:41.010000+00:00,2024-10-15 07:39:49.010000+00:00,11,1,0,not_walking,0.47786957
47046344M-104,47046344M-104_block_9,2024-10-15 07:39:46.010000+00:00,2024-10-15 07:39:42.010000+00:00,2024-10-15 07:39:50.010000+00:00,11,1,1,walking,0.5781826
47046344M-104,47046344M-104_block_9,2024-10-15 07:39:47.010000+00:00,2024-10-15 07:39:43.010000+00:00,2024-10-15 07:39:51.010000+00:00,11,1,0,not_walking,0.29658258
47046344M-104,47046344M-104_block_9,2024-10-15 07:39:48.010000+00:00,2024-10-15 07:39:44.010000+00:00,2024-10-15 07:39:52.010000+00:00,11,1,1,walking,0.52829754
47046344M-104,47046344M-104_block_9,2024-10-15 07:39:49.010000+00:00,2024-10-15 07:39:45.010000+00:00,2024-10-15 07:39:53.010000+00:00,11,1,1,walking,0.57837373
47046344M-104,47046344M-104_block_9,2024-10-15 07:39:50.010000+00:00,2024-10-15 07:39:46.010000+00:00,2024-10-15 07:39:54.010000+00:00,11,1,0,not_walking,0.41449538
47046344M-104,47046344M-104_block_9,2024-10-15 07:39:51.010000+00:00,2024-10-15 07:39:47.010000+00:00,2024-10-15 07:39:55.010000+00:00,11,1,0,not_walking,0.3730471
47046344M-104,47046344M-104_block_9,2024-10-15 07:39:52.010000+00:00,2024-10-15 07:39:48.010000+00:00,2024-10-15 07:39:56.010000+00:00,11,1,0,not_walking,0.44365385
47046344M-104,47046344M-104_block_9,2024-10-15 07:39:53.010000+00:00,2024-10-15 07:39:49.010000+00:00,2024-10-15 07:39:57.010000+00:00,11,1,1,walking,0.65943515
47046344M-104,47046344M-104_block_9,2024-10-15 07:39:54.010000+00:00,2024-10-15 07:39:50.010000+00:00,2024-10-15 07:39:58.010000+00:00,11,1,0,not_walking,0.39292902
47046344M-104,47046344M-104_block_9,2024-10-15 07:39:55.010000+00:00,2024-10-15 07:39:51.010000+00:00,2024-10-15 07:39:59.010000+00:00,11,1,1,walking,0.6530517
47046344M-104,47046344M-104_block_9,2024-10-15 07:39:56.010000+00:00,2024-10-15 07:39:52.010000+00:00,2024-10-15 07:40:00.010000+00:00,11,1,1,walking,0.56723946
47046344M-104,47046344M-104_block_9,2024-10-15 07:39:57.010000+00:00,2024-10-15 07:39:53.010000+00:00,2024-10-15 07:40:01.010000+00:00,11,1,1,walking,0.6291146
47046344M-104,47046344M-104_block_9,2024-10-15 07:39:58.010000+00:00,2024-10-15 07:39:54.010000+00:00,2024-10-15 07:40:02.010000+00:00,11,1,1,walking,0.67961407
47046344M-104,47046344M-104_block_9,2024-10-15 07:39:59.010000+00:00,2024-10-15 07:39:55.010000+00:00,2024-10-15 07:40:03.010000+00:00,11,1,1,walking,0.558483
47046344M-104,47046344M-104_block_9,2024-10-15 07:40:00.010000+00:00,2024-10-15 07:39:56.010000+00:00,2024-10-15 07:40:04.010000+00:00,11,1,1,walking,0.57324666
47046344M-104,47046344M-104_block_9,2024-10-15 07:40:01.010000+00:00,2024-10-15 07:39:57.010000+00:00,2024-10-15 07:40:05.010000+00:00,11,1,1,walking,0.6850585
47046344M-104,47046344M-104_block_9,2024-10-15 07:40:02.010000+00:00,2024-10-15 07:39:58.010000+00:00,2024-10-15 07:40:06.010000+00:00,11,1,1,walking,0.6196214
47046344M-104,47046344M-104_block_9,2024-10-15 07:40:03.010000+00:00,2024-10-15 07:39:59.010000+00:00,2024-10-15 07:40:07.010000+00:00,11,1,1,walking,0.5896587
47046344M-104,47046344M-104_block_9,2024-10-15 07:40:04.010000+00:00,2024-10-15 07:40:00.010000+00:00,2024-10-15 07:40:08.010000+00:00,11,1,1,walking,0.73208034
47046344M-104,47046344M-104_block_9,2024-10-15 07:40:05.010000+00:00,2024-10-15 07:40:01.010000+00:00,2024-10-15 07:40:09.010000+00:00,11,1,1,walking,0.68543035
