reference,group,center_time,sequence_start_time,sequence_end_time,target,true_label,prediction,prediction_label,walking_probability
02548893X-118,02548893X-118_block_1,2025-02-28 09:48:14.010000+00:00,2025-02-28 09:48:08.010000+00:00,2025-02-28 09:48:21.010000+00:00,0,not_walking,1,walking,0.90457386
02548893X-118,02548893X-118_block_1,2025-02-28 09:48:18.010000+00:00,2025-02-28 09:48:11.010000+00:00,2025-02-28 09:48:22.010000+00:00,0,not_walking,1,walking,0.8954179
02548893X-118,02548893X-118_block_1,2025-02-28 09:48:19.010000+00:00,2025-02-28 09:48:12.010000+00:00,2025-02-28 09:48:26.010000+00:00,0,not_walking,1,walking,0.9050689
02548893X-118,02548893X-118_block_1,2025-02-28 09:48:20.010000+00:00,2025-02-28 09:48:13.010000+00:00,2025-02-28 09:48:27.010000+00:00,0,not_walking,1,walking,0.90312016
02548893X-118,02548893X-118_block_1,2025-02-28 09:48:21.010000+00:00,2025-02-28 09:48:14.010000+00:00,2025-02-28 09:48:28.010000+00:00,0,not_walking,1,walking,0.9119659
02548893X-118,02548893X-118_block_1,2025-02-28 09:48:22.010000+00:00,2025-02-28 09:48:18.010000+00:00,2025-02-28 09:48:29.010000+00:00,0,not_walking,1,walking,0.85045344
02548893X-118,02548893X-118_block_1,2025-02-28 09:48:26.010000+00:00,2025-02-28 09:48:19.010000+00:00,2025-02-28 09:48:30.010000+00:00,0,not_walking,1,walking,0.90223813
02548893X-118,02548893X-118_block_1,2025-02-28 09:48:27.010000+00:00,2025-02-28 09:48:20.010000+00:00,2025-02-28 09:48:33.010000+00:00,0,not_walking,1,walking,0.89909786
02548893X-118,02548893X-118_block_1,2025-02-28 09:48:28.010000+00:00,2025-02-28 09:48:21.010000+00:00,2025-02-28 09:48:36.010000+00:00,0,not_walking,1,walking,0.9012914
02548893X-118,02548893X-118_block_1,2025-02-28 09:48:29.010000+00:00,2025-02-28 09:48:22.010000+00:00,2025-02-28 09:48:37.010000+00:00,0,not_walking,1,walking,0.88172895
02548893X-118,02548893X-118_block_1,2025-02-28 09:48:30.010000+00:00,2025-02-28 09:48:26.010000+00:00,2025-02-28 09:48:40.010000+00:00,0,not_walking,1,walking,0.87971485
02548893X-118,02548893X-118_block_1,2025-02-28 09:48:33.010000+00:00,2025-02-28 09:48:27.010000+00:00,2025-02-28 09:48:43.010000+00:00,1,walking,1,walking,0.8998364
02548893X-118,02548893X-118_block_1,2025-02-28 09:48:36.010000+00:00,2025-02-28 09:48:28.010000+00:00,2025-02-28 09:48:48.010000+00:00,0,not_walking,1,walking,0.8638089
02548893X-118,02548893X-118_block_1,2025-02-28 09:48:37.010000+00:00,2025-02-28 09:48:29.010000+00:00,2025-02-28 09:48:49.010000+00:00,0,not_walking,1,walking,0.8485037
02548893X-118,02548893X-118_block_2,2025-02-28 09:49:00.010000+00:00,2025-02-28 09:48:56.010000+00:00,2025-02-28 09:49:04.010000+00:00,0,not_walking,1,walking,0.9072836
02548893X-118,02548893X-118_block_2,2025-02-28 09:49:01.010000+00:00,2025-02-28 09:48:57.010000+00:00,2025-02-28 09:49:05.010000+00:00,0,not_walking,1,walking,0.90220547
02548893X-118,02548893X-118_block_2,2025-02-28 09:49:02.010000+00:00,2025-02-28 09:48:58.010000+00:00,2025-02-28 09:49:06.010000+00:00,0,not_walking,1,walking,0.895456
02548893X-118,02548893X-118_block_2,2025-02-28 09:49:03.010000+00:00,2025-02-28 09:48:59.010000+00:00,2025-02-28 09:49:09.010000+00:00,0,not_walking,1,walking,0.90001416
02548893X-118,02548893X-118_block_2,2025-02-28 09:49:04.010000+00:00,2025-02-28 09:49:00.010000+00:00,2025-02-28 09:49:12.010000+00:00,0,not_walking,1,walking,0.86796284
02548893X-118,02548893X-118_block_2,2025-02-28 09:49:05.010000+00:00,2025-02-28 09:49:01.010000+00:00,2025-02-28 09:49:13.010000+00:00,0,not_walking,1,walking,0.88560677
02548893X-118,02548893X-118_block_2,2025-02-28 09:49:06.010000+00:00,2025-02-28 09:49:02.010000+00:00,2025-02-28 09:49:14.010000+00:00,0,not_walking,1,walking,0.89680374
02548893X-118,02548893X-118_block_2,2025-02-28 09:49:09.010000+00:00,2025-02-28 09:49:03.010000+00:00,2025-02-28 09:49:15.010000+00:00,1,walking,1,walking,0.90205187
02548893X-118,02548893X-118_block_2,2025-02-28 09:49:12.010000+00:00,2025-02-28 09:49:04.010000+00:00,2025-02-28 09:49:16.010000+00:00,0,not_walking,1,walking,0.89316344
02548893X-118,02548893X-118_block_2,2025-02-28 09:49:13.010000+00:00,2025-02-28 09:49:05.010000+00:00,2025-02-28 09:49:17.010000+00:00,0,not_walking,1,walking,0.9053856
02548893X-118,02548893X-118_block_3,2025-02-28 09:49:31.010000+00:00,2025-02-28 09:49:25.010000+00:00,2025-02-28 09:49:35.010000+00:00,0,not_walking,1,walking,0.6839534
02548893X-118,02548893X-118_block_3,2025-02-28 09:49:32.010000+00:00,2025-02-28 09:49:26.010000+00:00,2025-02-28 09:49:36.010000+00:00,0,not_walking,1,walking,0.8051878
02548893X-118,02548893X-118_block_3,2025-02-28 09:49:33.010000+00:00,2025-02-28 09:49:27.010000+00:00,2025-02-28 09:49:37.010000+00:00,0,not_walking,0,not_walking,0.28044772
02548893X-118,02548893X-118_block_3,2025-02-28 09:49:34.010000+00:00,2025-02-28 09:49:30.010000+00:00,2025-02-28 09:49:38.010000+00:00,0,not_walking,0,not_walking,0.44944128
02548893X-118,02548893X-118_block_3,2025-02-28 09:49:35.010000+00:00,2025-02-28 09:49:31.010000+00:00,2025-02-28 09:49:39.010000+00:00,0,not_walking,0,not_walking,0.4038817
02548893X-118,02548893X-118_block_3,2025-02-28 09:49:36.010000+00:00,2025-02-28 09:49:32.010000+00:00,2025-02-28 09:49:40.010000+00:00,0,not_walking,0,not_walking,0.34561437
02548893X-118,02548893X-118_block_3,2025-02-28 09:49:37.010000+00:00,2025-02-28 09:49:33.010000+00:00,2025-02-28 09:49:41.010000+00:00,0,not_walking,0,not_walking,0.41379791
02548893X-118,02548893X-118_block_3,2025-02-28 09:49:38.010000+00:00,2025-02-28 09:49:34.010000+00:00,2025-02-28 09:49:42.010000+00:00,0,not_walking,0,not_walking,0.47586405
02548893X-118,02548893X-118_block_3,2025-02-28 09:49:39.010000+00:00,2025-02-28 09:49:35.010000+00:00,2025-02-28 09:49:43.010000+00:00,0,not_walking,0,not_walking,0.3196288
02548893X-118,02548893X-118_block_3,2025-02-28 09:49:40.010000+00:00,2025-02-28 09:49:36.010000+00:00,2025-02-28 09:49:44.010000+00:00,0,not_walking,0,not_walking,0.43682802
02548893X-118,02548893X-118_block_3,2025-02-28 09:49:41.010000+00:00,2025-02-28 09:49:37.010000+00:00,2025-02-28 09:49:45.010000+00:00,0,not_walking,1,walking,0.5542751
02548893X-118,02548893X-118_block_3,2025-02-28 09:49:42.010000+00:00,2025-02-28 09:49:38.010000+00:00,2025-02-28 09:49:46.010000+00:00,0,not_walking,0,not_walking,0.33423057
02548893X-118,02548893X-118_block_3,2025-02-28 09:49:43.010000+00:00,2025-02-28 09:49:39.010000+00:00,2025-02-28 09:49:47.010000+00:00,0,not_walking,0,not_walking,0.38364258
02548893X-118,02548893X-118_block_3,2025-02-28 09:49:44.010000+00:00,2025-02-28 09:49:40.010000+00:00,2025-02-28 09:49:48.010000+00:00,0,not_walking,0,not_walking,0.3630229
02548893X-118,02548893X-118_block_3,2025-02-28 09:49:45.010000+00:00,2025-02-28 09:49:41.010000+00:00,2025-02-28 09:49:49.010000+00:00,0,not_walking,0,not_walking,0.4744255
02548893X-118,02548893X-118_block_3,2025-02-28 09:49:46.010000+00:00,2025-02-28 09:49:42.010000+00:00,2025-02-28 09:49:50.010000+00:00,0,not_walking,0,not_walking,0.1642244
02548893X-118,02548893X-118_block_3,2025-02-28 09:49:47.010000+00:00,2025-02-28 09:49:43.010000+00:00,2025-02-28 09:49:51.010000+00:00,0,not_walking,0,not_walking,0.15699588
02548893X-118,02548893X-118_block_3,2025-02-28 09:49:48.010000+00:00,2025-02-28 09:49:44.010000+00:00,2025-02-28 09:49:52.010000+00:00,0,not_walking,0,not_walking,0.19567415
02548893X-118,02548893X-118_block_3,2025-02-28 09:49:49.010000+00:00,2025-02-28 09:49:45.010000+00:00,2025-02-28 09:49:53.010000+00:00,0,not_walking,0,not_walking,0.119965024
02548893X-118,02548893X-118_block_3,2025-02-28 09:49:50.010000+00:00,2025-02-28 09:49:46.010000+00:00,2025-02-28 09:49:54.010000+00:00,0,not_walking,0,not_walking,0.14318503
02548893X-118,02548893X-118_block_3,2025-02-28 09:49:51.010000+00:00,2025-02-28 09:49:47.010000+00:00,2025-02-28 09:49:55.010000+00:00,0,not_walking,0,not_walking,0.062224776
02548893X-118,02548893X-118_block_3,2025-02-28 09:49:52.010000+00:00,2025-02-28 09:49:48.010000+00:00,2025-02-28 09:49:56.010000+00:00,0,not_walking,0,not_walking,0.113361865
02548893X-118,02548893X-118_block_3,2025-02-28 09:49:53.010000+00:00,2025-02-28 09:49:49.010000+00:00,2025-02-28 09:49:57.010000+00:00,0,not_walking,0,not_walking,0.10198349
02548893X-118,02548893X-118_block_3,2025-02-28 09:49:54.010000+00:00,2025-02-28 09:49:50.010000+00:00,2025-02-28 09:49:58.010000+00:00,0,not_walking,0,not_walking,0.12579504
02548893X-118,02548893X-118_block_3,2025-02-28 09:49:55.010000+00:00,2025-02-28 09:49:51.010000+00:00,2025-02-28 09:49:59.010000+00:00,0,not_walking,0,not_walking,0.12739725
02548893X-118,02548893X-118_block_3,2025-02-28 09:49:56.010000+00:00,2025-02-28 09:49:52.010000+00:00,2025-02-28 09:50:00.010000+00:00,0,not_walking,0,not_walking,0.08279213
02548893X-118,02548893X-118_block_3,2025-02-28 09:49:57.010000+00:00,2025-02-28 09:49:53.010000+00:00,2025-02-28 09:50:01.010000+00:00,0,not_walking,0,not_walking,0.08594241
02548893X-118,02548893X-118_block_3,2025-02-28 09:49:58.010000+00:00,2025-02-28 09:49:54.010000+00:00,2025-02-28 09:50:02.010000+00:00,0,not_walking,0,not_walking,0.09173572
02548893X-118,02548893X-118_block_3,2025-02-28 09:49:59.010000+00:00,2025-02-28 09:49:55.010000+00:00,2025-02-28 09:50:03.010000+00:00,0,not_walking,0,not_walking,0.08533911
02548893X-118,02548893X-118_block_3,2025-02-28 09:50:00.010000+00:00,2025-02-28 09:49:56.010000+00:00,2025-02-28 09:50:04.010000+00:00,0,not_walking,0,not_walking,0.16906847
02548893X-118,02548893X-118_block_3,2025-02-28 09:50:01.010000+00:00,2025-02-28 09:49:57.010000+00:00,2025-02-28 09:50:05.010000+00:00,0,not_walking,0,not_walking,0.08798933
05447093A-110,05447093A-110_block_7,2024-05-09 08:27:03.690000+00:00,2024-05-09 08:26:59.690000+00:00,2024-05-09 08:27:07.690000+00:00,0,not_walking,1,walking,0.59150606
05447093A-110,05447093A-110_block_7,2024-05-09 08:27:04.690000+00:00,2024-05-09 08:27:00.690000+00:00,2024-05-09 08:27:08.690000+00:00,0,not_walking,1,walking,0.7641244
05447093A-110,05447093A-110_block_7,2024-05-09 08:27:05.690000+00:00,2024-05-09 08:27:01.690000+00:00,2024-05-09 08:27:09.690000+00:00,0,not_walking,1,walking,0.53691375
05447093A-110,05447093A-110_block_7,2024-05-09 08:27:06.690000+00:00,2024-05-09 08:27:02.690000+00:00,2024-05-09 08:27:10.690000+00:00,0,not_walking,1,walking,0.7621263
05447093A-110,05447093A-110_block_7,2024-05-09 08:27:07.690000+00:00,2024-05-09 08:27:03.690000+00:00,2024-05-09 08:27:11.690000+00:00,0,not_walking,1,walking,0.65612334
05447093A-110,05447093A-110_block_7,2024-05-09 08:27:08.690000+00:00,2024-05-09 08:27:04.690000+00:00,2024-05-09 08:27:12.690000+00:00,0,not_walking,1,walking,0.65018797
05447093A-110,05447093A-110_block_7,2024-05-09 08:27:09.690000+00:00,2024-05-09 08:27:05.690000+00:00,2024-05-09 08:27:13.690000+00:00,0,not_walking,1,walking,0.7082987
05447093A-110,05447093A-110_block_7,2024-05-09 08:27:10.690000+00:00,2024-05-09 08:27:06.690000+00:00,2024-05-09 08:27:14.690000+00:00,0,not_walking,1,walking,0.7633902
05447093A-110,05447093A-110_block_7,2024-05-09 08:27:11.690000+00:00,2024-05-09 08:27:07.690000+00:00,2024-05-09 08:27:15.690000+00:00,0,not_walking,1,walking,0.6890411
05447093A-110,05447093A-110_block_7,2024-05-09 08:27:12.690000+00:00,2024-05-09 08:27:08.690000+00:00,2024-05-09 08:27:16.690000+00:00,0,not_walking,1,walking,0.850885
05447093A-110,05447093A-110_block_7,2024-05-09 08:27:13.690000+00:00,2024-05-09 08:27:09.690000+00:00,2024-05-09 08:27:17.690000+00:00,0,not_walking,1,walking,0.84287506
05447093A-110,05447093A-110_block_7,2024-05-09 08:27:14.690000+00:00,2024-05-09 08:27:10.690000+00:00,2024-05-09 08:27:18.690000+00:00,0,not_walking,1,walking,0.8014329
05447093A-110,05447093A-110_block_7,2024-05-09 08:27:15.690000+00:00,2024-05-09 08:27:11.690000+00:00,2024-05-09 08:27:19.690000+00:00,0,not_walking,1,walking,0.8267354
05447093A-110,05447093A-110_block_7,2024-05-09 08:27:16.690000+00:00,2024-05-09 08:27:12.690000+00:00,2024-05-09 08:27:20.690000+00:00,0,not_walking,1,walking,0.79236805
05447093A-110,05447093A-110_block_7,2024-05-09 08:27:17.690000+00:00,2024-05-09 08:27:13.690000+00:00,2024-05-09 08:27:21.690000+00:00,0,not_walking,1,walking,0.8146305
05447093A-110,05447093A-110_block_7,2024-05-09 08:27:18.690000+00:00,2024-05-09 08:27:14.690000+00:00,2024-05-09 08:27:22.690000+00:00,0,not_walking,1,walking,0.7125282
05447093A-110,05447093A-110_block_7,2024-05-09 08:27:19.690000+00:00,2024-05-09 08:27:15.690000+00:00,2024-05-09 08:27:23.690000+00:00,0,not_walking,1,walking,0.7348138
05447093A-110,05447093A-110_block_7,2024-05-09 08:27:20.690000+00:00,2024-05-09 08:27:16.690000+00:00,2024-05-09 08:27:24.690000+00:00,0,not_walking,1,walking,0.64740574
05447093A-110,05447093A-110_block_7,2024-05-09 08:27:21.690000+00:00,2024-05-09 08:27:17.690000+00:00,2024-05-09 08:27:25.690000+00:00,0,not_walking,1,walking,0.6850346
05447093A-110,05447093A-110_block_7,2024-05-09 08:27:22.690000+00:00,2024-05-09 08:27:18.690000+00:00,2024-05-09 08:27:26.690000+00:00,0,not_walking,0,not_walking,0.40440935
05447093A-110,05447093A-110_block_7,2024-05-09 08:27:23.690000+00:00,2024-05-09 08:27:19.690000+00:00,2024-05-09 08:27:27.690000+00:00,0,not_walking,0,not_walking,0.47688606
05447093A-110,05447093A-110_block_7,2024-05-09 08:27:24.690000+00:00,2024-05-09 08:27:20.690000+00:00,2024-05-09 08:27:28.690000+00:00,0,not_walking,0,not_walking,0.37522244
05447093A-110,05447093A-110_block_7,2024-05-09 08:27:25.690000+00:00,2024-05-09 08:27:21.690000+00:00,2024-05-09 08:27:29.690000+00:00,0,not_walking,1,walking,0.6328268
05447093A-110,05447093A-110_block_7,2024-05-09 08:27:26.690000+00:00,2024-05-09 08:27:22.690000+00:00,2024-05-09 08:27:30.690000+00:00,0,not_walking,0,not_walking,0.45885906
05447093A-110,05447093A-110_block_7,2024-05-09 08:27:27.690000+00:00,2024-05-09 08:27:23.690000+00:00,2024-05-09 08:27:31.690000+00:00,0,not_walking,1,walking,0.5609765
05447093A-110,05447093A-110_block_7,2024-05-09 08:27:28.690000+00:00,2024-05-09 08:27:24.690000+00:00,2024-05-09 08:27:32.690000+00:00,0,not_walking,0,not_walking,0.34358957
05447093A-110,05447093A-110_block_7,2024-05-09 08:27:29.690000+00:00,2024-05-09 08:27:25.690000+00:00,2024-05-09 08:27:33.690000+00:00,0,not_walking,0,not_walking,0.43171635
05447093A-110,05447093A-110_block_7,2024-05-09 08:27:30.690000+00:00,2024-05-09 08:27:26.690000+00:00,2024-05-09 08:27:34.690000+00:00,0,not_walking,0,not_walking,0.27812055
05447093A-110,05447093A-110_block_7,2024-05-09 08:27:31.690000+00:00,2024-05-09 08:27:27.690000+00:00,2024-05-09 08:27:35.690000+00:00,0,not_walking,0,not_walking,0.4616946
05447093A-110,05447093A-110_block_7,2024-05-09 08:27:32.690000+00:00,2024-05-09 08:27:28.690000+00:00,2024-05-09 08:27:36.690000+00:00,0,not_walking,0,not_walking,0.22440241
05447093A-110,05447093A-110_block_7,2024-05-09 08:27:33.690000+00:00,2024-05-09 08:27:29.690000+00:00,2024-05-09 08:27:37.690000+00:00,0,not_walking,0,not_walking,0.25008318
05447093A-110,05447093A-110_block_7,2024-05-09 08:27:34.690000+00:00,2024-05-09 08:27:30.690000+00:00,2024-05-09 08:27:38.690000+00:00,0,not_walking,0,not_walking,0.3484862
05447093A-110,05447093A-110_block_7,2024-05-09 08:27:35.690000+00:00,2024-05-09 08:27:31.690000+00:00,2024-05-09 08:27:39.690000+00:00,0,not_walking,0,not_walking,0.23489892
05447093A-110,05447093A-110_block_7,2024-05-09 08:27:36.690000+00:00,2024-05-09 08:27:32.690000+00:00,2024-05-09 08:27:40.690000+00:00,0,not_walking,0,not_walking,0.29653394
05447093A-110,05447093A-110_block_7,2024-05-09 08:27:37.690000+00:00,2024-05-09 08:27:33.690000+00:00,2024-05-09 08:27:41.690000+00:00,0,not_walking,0,not_walking,0.230592
05447093A-110,05447093A-110_block_7,2024-05-09 08:27:38.690000+00:00,2024-05-09 08:27:34.690000+00:00,2024-05-09 08:27:42.690000+00:00,0,not_walking,0,not_walking,0.22231005
05447093A-110,05447093A-110_block_7,2024-05-09 08:27:39.690000+00:00,2024-05-09 08:27:35.690000+00:00,2024-05-09 08:27:43.690000+00:00,0,not_walking,0,not_walking,0.18326019
05447093A-110,05447093A-110_block_7,2024-05-09 08:27:40.690000+00:00,2024-05-09 08:27:36.690000+00:00,2024-05-09 08:27:44.690000+00:00,0,not_walking,0,not_walking,0.21695913
05447093A-110,05447093A-110_block_7,2024-05-09 08:27:41.690000+00:00,2024-05-09 08:27:37.690000+00:00,2024-05-09 08:27:45.690000+00:00,0,not_walking,0,not_walking,0.16420253
05447093A-110,05447093A-110_block_7,2024-05-09 08:27:42.690000+00:00,2024-05-09 08:27:38.690000+00:00,2024-05-09 08:27:46.690000+00:00,0,not_walking,0,not_walking,0.1789088
05447093A-110,05447093A-110_block_7,2024-05-09 08:27:43.690000+00:00,2024-05-09 08:27:39.690000+00:00,2024-05-09 08:27:47.690000+00:00,0,not_walking,0,not_walking,0.26523092
05447093A-110,05447093A-110_block_7,2024-05-09 08:27:44.690000+00:00,2024-05-09 08:27:40.690000+00:00,2024-05-09 08:27:48.690000+00:00,0,not_walking,0,not_walking,0.25816822
05447093A-110,05447093A-110_block_7,2024-05-09 08:27:45.690000+00:00,2024-05-09 08:27:41.690000+00:00,2024-05-09 08:27:49.690000+00:00,0,not_walking,0,not_walking,0.26332954
05447093A-110,05447093A-110_block_7,2024-05-09 08:27:46.690000+00:00,2024-05-09 08:27:42.690000+00:00,2024-05-09 08:27:50.690000+00:00,0,not_walking,0,not_walking,0.3083115
05447093A-110,05447093A-110_block_7,2024-05-09 08:27:47.690000+00:00,2024-05-09 08:27:43.690000+00:00,2024-05-09 08:27:51.690000+00:00,0,not_walking,1,walking,0.68436193
05447093A-110,05447093A-110_block_7,2024-05-09 08:27:48.690000+00:00,2024-05-09 08:27:44.690000+00:00,2024-05-09 08:27:52.690000+00:00,0,not_walking,0,not_walking,0.48055324
05447093A-110,05447093A-110_block_7,2024-05-09 08:27:49.690000+00:00,2024-05-09 08:27:45.690000+00:00,2024-05-09 08:27:53.690000+00:00,0,not_walking,1,walking,0.55858207
05447093A-110,05447093A-110_block_7,2024-05-09 08:27:50.690000+00:00,2024-05-09 08:27:46.690000+00:00,2024-05-09 08:27:54.690000+00:00,0,not_walking,1,walking,0.65038866
05447093A-110,05447093A-110_block_7,2024-05-09 08:27:51.690000+00:00,2024-05-09 08:27:47.690000+00:00,2024-05-09 08:27:55.690000+00:00,0,not_walking,1,walking,0.5894502
05447093A-110,05447093A-110_block_7,2024-05-09 08:27:52.690000+00:00,2024-05-09 08:27:48.690000+00:00,2024-05-09 08:27:56.690000+00:00,0,not_walking,0,not_walking,0.45400098
05447093A-110,05447093A-110_block_7,2024-05-09 08:27:53.690000+00:00,2024-05-09 08:27:49.690000+00:00,2024-05-09 08:27:57.690000+00:00,0,not_walking,1,walking,0.50436044
05447093A-110,05447093A-110_block_7,2024-05-09 08:27:54.690000+00:00,2024-05-09 08:27:50.690000+00:00,2024-05-09 08:27:58.690000+00:00,0,not_walking,0,not_walking,0.3342057
05447093A-110,05447093A-110_block_7,2024-05-09 08:27:55.690000+00:00,2024-05-09 08:27:51.690000+00:00,2024-05-09 08:27:59.690000+00:00,0,not_walking,0,not_walking,0.4294918
05447093A-110,05447093A-110_block_7,2024-05-09 08:27:56.690000+00:00,2024-05-09 08:27:52.690000+00:00,2024-05-09 08:28:00.690000+00:00,0,not_walking,0,not_walking,0.4438886
05447093A-110,05447093A-110_block_7,2024-05-09 08:27:57.690000+00:00,2024-05-09 08:27:53.690000+00:00,2024-05-09 08:28:01.690000+00:00,0,not_walking,1,walking,0.50894773
05447093A-110,05447093A-110_block_7,2024-05-09 08:27:58.690000+00:00,2024-05-09 08:27:54.690000+00:00,2024-05-09 08:28:02.690000+00:00,0,not_walking,0,not_walking,0.49644822
05447093A-110,05447093A-110_block_7,2024-05-09 08:27:59.690000+00:00,2024-05-09 08:27:55.690000+00:00,2024-05-09 08:28:03.690000+00:00,0,not_walking,1,walking,0.50395507
05447093A-110,05447093A-110_block_7,2024-05-09 08:28:00.690000+00:00,2024-05-09 08:27:56.690000+00:00,2024-05-09 08:28:04.690000+00:00,0,not_walking,1,walking,0.5955923
05447093A-110,05447093A-110_block_7,2024-05-09 08:28:01.690000+00:00,2024-05-09 08:27:57.690000+00:00,2024-05-09 08:28:05.690000+00:00,0,not_walking,1,walking,0.5078153
05447093A-110,05447093A-110_block_7,2024-05-09 08:28:02.690000+00:00,2024-05-09 08:27:58.690000+00:00,2024-05-09 08:28:06.690000+00:00,0,not_walking,1,walking,0.5238029
05447093A-110,05447093A-110_block_7,2024-05-09 08:28:03.690000+00:00,2024-05-09 08:27:59.690000+00:00,2024-05-09 08:28:07.690000+00:00,0,not_walking,1,walking,0.634656
05447093A-110,05447093A-110_block_7,2024-05-09 08:28:04.690000+00:00,2024-05-09 08:28:00.690000+00:00,2024-05-09 08:28:08.690000+00:00,0,not_walking,1,walking,0.65831
05447093A-110,05447093A-110_block_7,2024-05-09 08:28:05.690000+00:00,2024-05-09 08:28:01.690000+00:00,2024-05-09 08:28:09.690000+00:00,0,not_walking,0,not_walking,0.4329193
05447093A-110,05447093A-110_block_7,2024-05-09 08:28:06.690000+00:00,2024-05-09 08:28:02.690000+00:00,2024-05-09 08:28:10.690000+00:00,0,not_walking,0,not_walking,0.46190125
05447093A-110,05447093A-110_block_7,2024-05-09 08:28:07.690000+00:00,2024-05-09 08:28:03.690000+00:00,2024-05-09 08:28:11.690000+00:00,0,not_walking,0,not_walking,0.4457597
05447093A-110,05447093A-110_block_7,2024-05-09 08:28:08.690000+00:00,2024-05-09 08:28:04.690000+00:00,2024-05-09 08:28:12.690000+00:00,0,not_walking,1,walking,0.5179593
05447093A-110,05447093A-110_block_7,2024-05-09 08:28:09.690000+00:00,2024-05-09 08:28:05.690000+00:00,2024-05-09 08:28:13.690000+00:00,0,not_walking,1,walking,0.52687776
05447093A-110,05447093A-110_block_7,2024-05-09 08:28:10.690000+00:00,2024-05-09 08:28:06.690000+00:00,2024-05-09 08:28:14.690000+00:00,0,not_walking,0,not_walking,0.47617087
05447093A-110,05447093A-110_block_7,2024-05-09 08:28:11.690000+00:00,2024-05-09 08:28:07.690000+00:00,2024-05-09 08:28:15.690000+00:00,0,not_walking,1,walking,0.5250729
05447093A-110,05447093A-110_block_7,2024-05-09 08:28:12.690000+00:00,2024-05-09 08:28:08.690000+00:00,2024-05-09 08:28:16.690000+00:00,0,not_walking,0,not_walking,0.47645682
05447093A-110,05447093A-110_block_7,2024-05-09 08:28:13.690000+00:00,2024-05-09 08:28:09.690000+00:00,2024-05-09 08:28:17.690000+00:00,0,not_walking,1,walking,0.6309676
05447093A-110,05447093A-110_block_7,2024-05-09 08:28:14.690000+00:00,2024-05-09 08:28:10.690000+00:00,2024-05-09 08:28:18.690000+00:00,0,not_walking,1,walking,0.68397313
05447093A-110,05447093A-110_block_7,2024-05-09 08:28:15.690000+00:00,2024-05-09 08:28:11.690000+00:00,2024-05-09 08:28:19.690000+00:00,0,not_walking,1,walking,0.5883872
05447093A-110,05447093A-110_block_7,2024-05-09 08:28:16.690000+00:00,2024-05-09 08:28:12.690000+00:00,2024-05-09 08:28:20.690000+00:00,0,not_walking,1,walking,0.7518721
05447093A-110,05447093A-110_block_7,2024-05-09 08:28:17.690000+00:00,2024-05-09 08:28:13.690000+00:00,2024-05-09 08:28:21.690000+00:00,0,not_walking,1,walking,0.8233654
05447093A-110,05447093A-110_block_7,2024-05-09 08:28:18.690000+00:00,2024-05-09 08:28:14.690000+00:00,2024-05-09 08:28:22.690000+00:00,0,not_walking,1,walking,0.72800386
05447093A-110,05447093A-110_block_7,2024-05-09 08:28:19.690000+00:00,2024-05-09 08:28:15.690000+00:00,2024-05-09 08:28:23.690000+00:00,0,not_walking,1,walking,0.67584276
05447093A-110,05447093A-110_block_7,2024-05-09 08:28:20.690000+00:00,2024-05-09 08:28:16.690000+00:00,2024-05-09 08:28:24.690000+00:00,0,not_walking,1,walking,0.7453092
05447093A-110,05447093A-110_block_7,2024-05-09 08:28:21.690000+00:00,2024-05-09 08:28:17.690000+00:00,2024-05-09 08:28:25.690000+00:00,0,not_walking,1,walking,0.7787529
05447093A-110,05447093A-110_block_7,2024-05-09 08:28:22.690000+00:00,2024-05-09 08:28:18.690000+00:00,2024-05-09 08:28:26.690000+00:00,0,not_walking,1,walking,0.8504265
05447093A-110,05447093A-110_block_7,2024-05-09 08:28:23.690000+00:00,2024-05-09 08:28:19.690000+00:00,2024-05-09 08:28:27.690000+00:00,0,not_walking,1,walking,0.68399256
05447093A-110,05447093A-110_block_7,2024-05-09 08:28:24.690000+00:00,2024-05-09 08:28:20.690000+00:00,2024-05-09 08:28:28.690000+00:00,0,not_walking,1,walking,0.8468604
05447093A-110,05447093A-110_block_7,2024-05-09 08:28:25.690000+00:00,2024-05-09 08:28:21.690000+00:00,2024-05-09 08:28:29.690000+00:00,0,not_walking,1,walking,0.8276036
05447093A-110,05447093A-110_block_7,2024-05-09 08:28:26.690000+00:00,2024-05-09 08:28:22.690000+00:00,2024-05-09 08:28:30.690000+00:00,0,not_walking,1,walking,0.72597164
05447093A-110,05447093A-110_block_7,2024-05-09 08:28:27.690000+00:00,2024-05-09 08:28:23.690000+00:00,2024-05-09 08:28:31.690000+00:00,0,not_walking,1,walking,0.7898297
05447093A-110,05447093A-110_block_7,2024-05-09 08:28:28.690000+00:00,2024-05-09 08:28:24.690000+00:00,2024-05-09 08:28:32.690000+00:00,0,not_walking,1,walking,0.7823692
05447093A-110,05447093A-110_block_7,2024-05-09 08:28:29.690000+00:00,2024-05-09 08:28:25.690000+00:00,2024-05-09 08:28:33.690000+00:00,0,not_walking,1,walking,0.81485385
05447093A-110,05447093A-110_block_7,2024-05-09 08:28:30.690000+00:00,2024-05-09 08:28:26.690000+00:00,2024-05-09 08:28:34.690000+00:00,0,not_walking,1,walking,0.83408195
05447093A-110,05447093A-110_block_7,2024-05-09 08:28:31.690000+00:00,2024-05-09 08:28:27.690000+00:00,2024-05-09 08:28:35.690000+00:00,0,not_walking,1,walking,0.8221483
05447093A-110,05447093A-110_block_7,2024-05-09 08:28:32.690000+00:00,2024-05-09 08:28:28.690000+00:00,2024-05-09 08:28:36.690000+00:00,0,not_walking,1,walking,0.6923096
05447093A-110,05447093A-110_block_7,2024-05-09 08:28:33.690000+00:00,2024-05-09 08:28:29.690000+00:00,2024-05-09 08:28:37.690000+00:00,0,not_walking,0,not_walking,0.28817147
05447093A-110,05447093A-110_block_7,2024-05-09 08:28:34.690000+00:00,2024-05-09 08:28:30.690000+00:00,2024-05-09 08:28:38.690000+00:00,0,not_walking,1,walking,0.6066823
05447093A-110,05447093A-110_block_7,2024-05-09 08:28:35.690000+00:00,2024-05-09 08:28:31.690000+00:00,2024-05-09 08:28:39.690000+00:00,0,not_walking,1,walking,0.73179215
05447093A-110,05447093A-110_block_7,2024-05-09 08:28:36.690000+00:00,2024-05-09 08:28:32.690000+00:00,2024-05-09 08:28:40.690000+00:00,0,not_walking,1,walking,0.5535839
05447093A-110,05447093A-110_block_7,2024-05-09 08:28:37.690000+00:00,2024-05-09 08:28:33.690000+00:00,2024-05-09 08:28:41.690000+00:00,0,not_walking,0,not_walking,0.41404548
05447093A-110,05447093A-110_block_7,2024-05-09 08:28:38.690000+00:00,2024-05-09 08:28:34.690000+00:00,2024-05-09 08:28:42.690000+00:00,0,not_walking,1,walking,0.5918078
05447093A-110,05447093A-110_block_7,2024-05-09 08:28:39.690000+00:00,2024-05-09 08:28:35.690000+00:00,2024-05-09 08:28:43.690000+00:00,0,not_walking,0,not_walking,0.24412277
05447093A-110,05447093A-110_block_7,2024-05-09 08:28:40.690000+00:00,2024-05-09 08:28:36.690000+00:00,2024-05-09 08:28:44.690000+00:00,0,not_walking,1,walking,0.52482146
05447093A-110,05447093A-110_block_7,2024-05-09 08:28:41.690000+00:00,2024-05-09 08:28:37.690000+00:00,2024-05-09 08:28:45.690000+00:00,0,not_walking,0,not_walking,0.39914778
05447093A-110,05447093A-110_block_7,2024-05-09 08:28:42.690000+00:00,2024-05-09 08:28:38.690000+00:00,2024-05-09 08:28:46.690000+00:00,0,not_walking,0,not_walking,0.3493099
05447093A-110,05447093A-110_block_7,2024-05-09 08:28:43.690000+00:00,2024-05-09 08:28:39.690000+00:00,2024-05-09 08:28:47.690000+00:00,0,not_walking,0,not_walking,0.25577274
05447093A-110,05447093A-110_block_7,2024-05-09 08:28:44.690000+00:00,2024-05-09 08:28:40.690000+00:00,2024-05-09 08:28:48.690000+00:00,0,not_walking,0,not_walking,0.19855417
05447093A-110,05447093A-110_block_7,2024-05-09 08:28:45.690000+00:00,2024-05-09 08:28:41.690000+00:00,2024-05-09 08:28:49.690000+00:00,0,not_walking,0,not_walking,0.23448028
05447093A-110,05447093A-110_block_7,2024-05-09 08:28:46.690000+00:00,2024-05-09 08:28:42.690000+00:00,2024-05-09 08:28:50.690000+00:00,0,not_walking,0,not_walking,0.31174672
05447093A-110,05447093A-110_block_7,2024-05-09 08:28:47.690000+00:00,2024-05-09 08:28:43.690000+00:00,2024-05-09 08:28:51.690000+00:00,0,not_walking,0,not_walking,0.4371047
05447093A-110,05447093A-110_block_7,2024-05-09 08:28:48.690000+00:00,2024-05-09 08:28:44.690000+00:00,2024-05-09 08:28:52.690000+00:00,0,not_walking,0,not_walking,0.3633739
05447093A-110,05447093A-110_block_7,2024-05-09 08:28:49.690000+00:00,2024-05-09 08:28:45.690000+00:00,2024-05-09 08:28:53.690000+00:00,0,not_walking,0,not_walking,0.3441717
05447093A-110,05447093A-110_block_7,2024-05-09 08:28:50.690000+00:00,2024-05-09 08:28:46.690000+00:00,2024-05-09 08:28:54.690000+00:00,0,not_walking,0,not_walking,0.4396139
05447093A-110,05447093A-110_block_7,2024-05-09 08:28:51.690000+00:00,2024-05-09 08:28:47.690000+00:00,2024-05-09 08:28:55.690000+00:00,0,not_walking,0,not_walking,0.46423745
05447093A-110,05447093A-110_block_7,2024-05-09 08:28:52.690000+00:00,2024-05-09 08:28:48.690000+00:00,2024-05-09 08:28:56.690000+00:00,0,not_walking,0,not_walking,0.3996869
05447093A-110,05447093A-110_block_7,2024-05-09 08:28:53.690000+00:00,2024-05-09 08:28:49.690000+00:00,2024-05-09 08:28:57.690000+00:00,0,not_walking,0,not_walking,0.26550138
05447093A-110,05447093A-110_block_7,2024-05-09 08:28:54.690000+00:00,2024-05-09 08:28:50.690000+00:00,2024-05-09 08:28:58.690000+00:00,0,not_walking,0,not_walking,0.361447
05447093A-110,05447093A-110_block_7,2024-05-09 08:28:55.690000+00:00,2024-05-09 08:28:51.690000+00:00,2024-05-09 08:28:59.690000+00:00,0,not_walking,0,not_walking,0.33704308
05447093A-110,05447093A-110_block_7,2024-05-09 08:28:56.690000+00:00,2024-05-09 08:28:52.690000+00:00,2024-05-09 08:29:00.690000+00:00,0,not_walking,0,not_walking,0.3976806
05447093A-110,05447093A-110_block_7,2024-05-09 08:28:57.690000+00:00,2024-05-09 08:28:53.690000+00:00,2024-05-09 08:29:01.690000+00:00,0,not_walking,0,not_walking,0.38773617
05447093A-110,05447093A-110_block_7,2024-05-09 08:28:58.690000+00:00,2024-05-09 08:28:54.690000+00:00,2024-05-09 08:29:02.690000+00:00,0,not_walking,1,walking,0.56974375
05447093A-110,05447093A-110_block_7,2024-05-09 08:28:59.690000+00:00,2024-05-09 08:28:55.690000+00:00,2024-05-09 08:29:03.690000+00:00,0,not_walking,1,walking,0.54520506
05447093A-110,05447093A-110_block_7,2024-05-09 08:29:00.690000+00:00,2024-05-09 08:28:56.690000+00:00,2024-05-09 08:29:04.690000+00:00,0,not_walking,1,walking,0.54990333
05447093A-110,05447093A-110_block_7,2024-05-09 08:29:01.690000+00:00,2024-05-09 08:28:57.690000+00:00,2024-05-09 08:29:05.690000+00:00,0,not_walking,0,not_walking,0.4820031
05447093A-110,05447093A-110_block_7,2024-05-09 08:29:02.690000+00:00,2024-05-09 08:28:58.690000+00:00,2024-05-09 08:29:06.690000+00:00,0,not_walking,0,not_walking,0.4183177
05447093A-110,05447093A-110_block_7,2024-05-09 08:29:03.690000+00:00,2024-05-09 08:28:59.690000+00:00,2024-05-09 08:29:07.690000+00:00,0,not_walking,0,not_walking,0.39589584
05447093A-110,05447093A-110_block_7,2024-05-09 08:29:04.690000+00:00,2024-05-09 08:29:00.690000+00:00,2024-05-09 08:29:08.690000+00:00,0,not_walking,1,walking,0.5399139
05447093A-110,05447093A-110_block_7,2024-05-09 08:29:05.690000+00:00,2024-05-09 08:29:01.690000+00:00,2024-05-09 08:29:09.690000+00:00,0,not_walking,0,not_walking,0.2881213
05447093A-110,05447093A-110_block_7,2024-05-09 08:29:06.690000+00:00,2024-05-09 08:29:02.690000+00:00,2024-05-09 08:29:10.690000+00:00,0,not_walking,1,walking,0.5023046
05447093A-110,05447093A-110_block_7,2024-05-09 08:29:07.690000+00:00,2024-05-09 08:29:03.690000+00:00,2024-05-09 08:29:11.690000+00:00,0,not_walking,1,walking,0.51873887
05447093A-110,05447093A-110_block_7,2024-05-09 08:29:08.690000+00:00,2024-05-09 08:29:04.690000+00:00,2024-05-09 08:29:12.690000+00:00,0,not_walking,0,not_walking,0.4933384
05447093A-110,05447093A-110_block_7,2024-05-09 08:29:09.690000+00:00,2024-05-09 08:29:05.690000+00:00,2024-05-09 08:29:13.690000+00:00,0,not_walking,0,not_walking,0.37547904
05447093A-110,05447093A-110_block_7,2024-05-09 08:29:10.690000+00:00,2024-05-09 08:29:06.690000+00:00,2024-05-09 08:29:14.690000+00:00,0,not_walking,0,not_walking,0.37863693
05447093A-110,05447093A-110_block_7,2024-05-09 08:29:11.690000+00:00,2024-05-09 08:29:07.690000+00:00,2024-05-09 08:29:15.690000+00:00,0,not_walking,0,not_walking,0.36849213
05447093A-110,05447093A-110_block_7,2024-05-09 08:29:12.690000+00:00,2024-05-09 08:29:08.690000+00:00,2024-05-09 08:29:16.690000+00:00,0,not_walking,0,not_walking,0.49034294
05447093A-110,05447093A-110_block_7,2024-05-09 08:29:13.690000+00:00,2024-05-09 08:29:09.690000+00:00,2024-05-09 08:29:17.690000+00:00,0,not_walking,0,not_walking,0.40582117
05447093A-110,05447093A-110_block_7,2024-05-09 08:29:14.690000+00:00,2024-05-09 08:29:10.690000+00:00,2024-05-09 08:29:18.690000+00:00,0,not_walking,0,not_walking,0.37982896
05447093A-110,05447093A-110_block_7,2024-05-09 08:29:15.690000+00:00,2024-05-09 08:29:11.690000+00:00,2024-05-09 08:29:19.690000+00:00,0,not_walking,0,not_walking,0.38517663
05447093A-110,05447093A-110_block_7,2024-05-09 08:29:16.690000+00:00,2024-05-09 08:29:12.690000+00:00,2024-05-09 08:29:20.690000+00:00,0,not_walking,0,not_walking,0.41157067
05447093A-110,05447093A-110_block_7,2024-05-09 08:29:17.690000+00:00,2024-05-09 08:29:13.690000+00:00,2024-05-09 08:29:21.690000+00:00,0,not_walking,0,not_walking,0.38034987
05447093A-110,05447093A-110_block_7,2024-05-09 08:29:18.690000+00:00,2024-05-09 08:29:14.690000+00:00,2024-05-09 08:29:22.690000+00:00,0,not_walking,0,not_walking,0.2889172
05447093A-110,05447093A-110_block_7,2024-05-09 08:29:19.690000+00:00,2024-05-09 08:29:15.690000+00:00,2024-05-09 08:29:23.690000+00:00,0,not_walking,0,not_walking,0.42225274
05447093A-110,05447093A-110_block_7,2024-05-09 08:29:20.690000+00:00,2024-05-09 08:29:16.690000+00:00,2024-05-09 08:29:24.690000+00:00,0,not_walking,0,not_walking,0.23124607
05447093A-110,05447093A-110_block_7,2024-05-09 08:29:21.690000+00:00,2024-05-09 08:29:17.690000+00:00,2024-05-09 08:29:25.690000+00:00,0,not_walking,0,not_walking,0.26397374
05447093A-110,05447093A-110_block_7,2024-05-09 08:29:22.690000+00:00,2024-05-09 08:29:18.690000+00:00,2024-05-09 08:29:26.690000+00:00,0,not_walking,0,not_walking,0.42213786
05447093A-110,05447093A-110_block_7,2024-05-09 08:29:23.690000+00:00,2024-05-09 08:29:19.690000+00:00,2024-05-09 08:29:27.690000+00:00,0,not_walking,0,not_walking,0.20361106
05447093A-110,05447093A-110_block_7,2024-05-09 08:29:24.690000+00:00,2024-05-09 08:29:20.690000+00:00,2024-05-09 08:29:28.690000+00:00,0,not_walking,0,not_walking,0.3797175
05447093A-110,05447093A-110_block_7,2024-05-09 08:29:25.690000+00:00,2024-05-09 08:29:21.690000+00:00,2024-05-09 08:29:29.690000+00:00,0,not_walking,0,not_walking,0.4299097
05447093A-110,05447093A-110_block_7,2024-05-09 08:29:26.690000+00:00,2024-05-09 08:29:22.690000+00:00,2024-05-09 08:29:30.690000+00:00,0,not_walking,0,not_walking,0.38652202
05447093A-110,05447093A-110_block_7,2024-05-09 08:29:27.690000+00:00,2024-05-09 08:29:23.690000+00:00,2024-05-09 08:29:31.690000+00:00,0,not_walking,0,not_walking,0.38525584
05447093A-110,05447093A-110_block_7,2024-05-09 08:29:28.690000+00:00,2024-05-09 08:29:24.690000+00:00,2024-05-09 08:29:32.690000+00:00,0,not_walking,0,not_walking,0.3870029
05447093A-110,05447093A-110_block_7,2024-05-09 08:29:29.690000+00:00,2024-05-09 08:29:25.690000+00:00,2024-05-09 08:29:33.690000+00:00,0,not_walking,1,walking,0.50908786
05447093A-110,05447093A-110_block_7,2024-05-09 08:29:30.690000+00:00,2024-05-09 08:29:26.690000+00:00,2024-05-09 08:29:34.690000+00:00,0,not_walking,0,not_walking,0.40323287
05447093A-110,05447093A-110_block_7,2024-05-09 08:29:31.690000+00:00,2024-05-09 08:29:27.690000+00:00,2024-05-09 08:29:35.690000+00:00,0,not_walking,0,not_walking,0.33801034
05447093A-110,05447093A-110_block_7,2024-05-09 08:29:32.690000+00:00,2024-05-09 08:29:28.690000+00:00,2024-05-09 08:29:36.690000+00:00,0,not_walking,0,not_walking,0.43168643
05447093A-110,05447093A-110_block_7,2024-05-09 08:29:33.690000+00:00,2024-05-09 08:29:29.690000+00:00,2024-05-09 08:29:37.690000+00:00,0,not_walking,0,not_walking,0.42408147
05447093A-110,05447093A-110_block_7,2024-05-09 08:29:34.690000+00:00,2024-05-09 08:29:30.690000+00:00,2024-05-09 08:29:38.690000+00:00,0,not_walking,1,walking,0.5192412
05447093A-110,05447093A-110_block_7,2024-05-09 08:29:35.690000+00:00,2024-05-09 08:29:31.690000+00:00,2024-05-09 08:29:39.690000+00:00,0,not_walking,0,not_walking,0.33615592
05447093A-110,05447093A-110_block_7,2024-05-09 08:29:36.690000+00:00,2024-05-09 08:29:32.690000+00:00,2024-05-09 08:29:40.690000+00:00,0,not_walking,0,not_walking,0.42110848
05447093A-110,05447093A-110_block_7,2024-05-09 08:29:37.690000+00:00,2024-05-09 08:29:33.690000+00:00,2024-05-09 08:29:41.690000+00:00,0,not_walking,0,not_walking,0.44569883
05447093A-110,05447093A-110_block_7,2024-05-09 08:29:38.690000+00:00,2024-05-09 08:29:34.690000+00:00,2024-05-09 08:29:42.690000+00:00,0,not_walking,0,not_walking,0.405865
05447093A-110,05447093A-110_block_7,2024-05-09 08:29:39.690000+00:00,2024-05-09 08:29:35.690000+00:00,2024-05-09 08:29:43.690000+00:00,0,not_walking,0,not_walking,0.47266743
05447093A-110,05447093A-110_block_7,2024-05-09 08:29:40.690000+00:00,2024-05-09 08:29:36.690000+00:00,2024-05-09 08:29:44.690000+00:00,0,not_walking,0,not_walking,0.4476623
05447093A-110,05447093A-110_block_7,2024-05-09 08:29:41.690000+00:00,2024-05-09 08:29:37.690000+00:00,2024-05-09 08:29:45.690000+00:00,0,not_walking,1,walking,0.5317799
05447093A-110,05447093A-110_block_7,2024-05-09 08:29:42.690000+00:00,2024-05-09 08:29:38.690000+00:00,2024-05-09 08:29:46.690000+00:00,0,not_walking,0,not_walking,0.37013805
05447093A-110,05447093A-110_block_7,2024-05-09 08:29:43.690000+00:00,2024-05-09 08:29:39.690000+00:00,2024-05-09 08:29:47.690000+00:00,0,not_walking,0,not_walking,0.4893045
05447093A-110,05447093A-110_block_7,2024-05-09 08:29:44.690000+00:00,2024-05-09 08:29:40.690000+00:00,2024-05-09 08:29:48.690000+00:00,0,not_walking,1,walking,0.57958585
05447093A-110,05447093A-110_block_7,2024-05-09 08:29:45.690000+00:00,2024-05-09 08:29:41.690000+00:00,2024-05-09 08:29:49.690000+00:00,0,not_walking,0,not_walking,0.4618536
05447093A-110,05447093A-110_block_7,2024-05-09 08:29:46.690000+00:00,2024-05-09 08:29:42.690000+00:00,2024-05-09 08:29:50.690000+00:00,0,not_walking,0,not_walking,0.41828892
05447093A-110,05447093A-110_block_7,2024-05-09 08:29:47.690000+00:00,2024-05-09 08:29:43.690000+00:00,2024-05-09 08:29:51.690000+00:00,0,not_walking,1,walking,0.5363672
05447093A-110,05447093A-110_block_7,2024-05-09 08:29:48.690000+00:00,2024-05-09 08:29:44.690000+00:00,2024-05-09 08:29:52.690000+00:00,0,not_walking,0,not_walking,0.4591244
05447093A-110,05447093A-110_block_7,2024-05-09 08:29:49.690000+00:00,2024-05-09 08:29:45.690000+00:00,2024-05-09 08:29:53.690000+00:00,0,not_walking,0,not_walking,0.43900245
05447093A-110,05447093A-110_block_7,2024-05-09 08:29:50.690000+00:00,2024-05-09 08:29:46.690000+00:00,2024-05-09 08:29:54.690000+00:00,0,not_walking,0,not_walking,0.34555003
05447093A-110,05447093A-110_block_7,2024-05-09 08:29:51.690000+00:00,2024-05-09 08:29:47.690000+00:00,2024-05-09 08:29:55.690000+00:00,0,not_walking,1,walking,0.51437217
05447093A-110,05447093A-110_block_7,2024-05-09 08:29:52.690000+00:00,2024-05-09 08:29:48.690000+00:00,2024-05-09 08:29:56.690000+00:00,0,not_walking,0,not_walking,0.41246954
05447093A-110,05447093A-110_block_7,2024-05-09 08:29:53.690000+00:00,2024-05-09 08:29:49.690000+00:00,2024-05-09 08:29:57.690000+00:00,0,not_walking,0,not_walking,0.37529278
05447093A-110,05447093A-110_block_7,2024-05-09 08:29:54.690000+00:00,2024-05-09 08:29:50.690000+00:00,2024-05-09 08:29:58.690000+00:00,0,not_walking,0,not_walking,0.3976864
05447093A-110,05447093A-110_block_7,2024-05-09 08:29:55.690000+00:00,2024-05-09 08:29:51.690000+00:00,2024-05-09 08:29:59.690000+00:00,0,not_walking,0,not_walking,0.46668854
05447093A-110,05447093A-110_block_7,2024-05-09 08:29:56.690000+00:00,2024-05-09 08:29:52.690000+00:00,2024-05-09 08:30:00.690000+00:00,0,not_walking,0,not_walking,0.40144247
05447093A-110,05447093A-110_block_7,2024-05-09 08:29:57.690000+00:00,2024-05-09 08:29:53.690000+00:00,2024-05-09 08:30:01.690000+00:00,0,not_walking,0,not_walking,0.30173773
05447093A-110,05447093A-110_block_7,2024-05-09 08:29:58.690000+00:00,2024-05-09 08:29:54.690000+00:00,2024-05-09 08:30:02.690000+00:00,0,not_walking,0,not_walking,0.32741472
05447093A-110,05447093A-110_block_7,2024-05-09 08:29:59.690000+00:00,2024-05-09 08:29:55.690000+00:00,2024-05-09 08:30:03.690000+00:00,0,not_walking,0,not_walking,0.32946253
05447093A-110,05447093A-110_block_7,2024-05-09 08:30:00.690000+00:00,2024-05-09 08:29:56.690000+00:00,2024-05-09 08:30:04.690000+00:00,0,not_walking,0,not_walking,0.2530043
05447093A-110,05447093A-110_block_7,2024-05-09 08:30:01.690000+00:00,2024-05-09 08:29:57.690000+00:00,2024-05-09 08:30:05.690000+00:00,0,not_walking,0,not_walking,0.27083495
05447093A-110,05447093A-110_block_7,2024-05-09 08:30:02.690000+00:00,2024-05-09 08:29:58.690000+00:00,2024-05-09 08:30:06.690000+00:00,0,not_walking,0,not_walking,0.2424002
05447093A-110,05447093A-110_block_7,2024-05-09 08:30:03.690000+00:00,2024-05-09 08:29:59.690000+00:00,2024-05-09 08:30:07.690000+00:00,0,not_walking,0,not_walking,0.1994412
05447093A-110,05447093A-110_block_7,2024-05-09 08:30:04.690000+00:00,2024-05-09 08:30:00.690000+00:00,2024-05-09 08:30:08.690000+00:00,0,not_walking,0,not_walking,0.25642464
05447093A-110,05447093A-110_block_7,2024-05-09 08:30:05.690000+00:00,2024-05-09 08:30:01.690000+00:00,2024-05-09 08:30:09.690000+00:00,0,not_walking,0,not_walking,0.2185857
05447093A-110,05447093A-110_block_7,2024-05-09 08:30:06.690000+00:00,2024-05-09 08:30:02.690000+00:00,2024-05-09 08:30:10.690000+00:00,0,not_walking,0,not_walking,0.19771314
05447093A-110,05447093A-110_block_7,2024-05-09 08:30:07.690000+00:00,2024-05-09 08:30:03.690000+00:00,2024-05-09 08:30:11.690000+00:00,0,not_walking,0,not_walking,0.29908252
05447093A-110,05447093A-110_block_7,2024-05-09 08:30:08.690000+00:00,2024-05-09 08:30:04.690000+00:00,2024-05-09 08:30:12.690000+00:00,0,not_walking,0,not_walking,0.36457306
05447093A-110,05447093A-110_block_7,2024-05-09 08:30:09.690000+00:00,2024-05-09 08:30:05.690000+00:00,2024-05-09 08:30:13.690000+00:00,0,not_walking,0,not_walking,0.28944373
05447093A-110,05447093A-110_block_7,2024-05-09 08:30:10.690000+00:00,2024-05-09 08:30:06.690000+00:00,2024-05-09 08:30:14.690000+00:00,0,not_walking,0,not_walking,0.17871258
05447093A-110,05447093A-110_block_7,2024-05-09 08:30:11.690000+00:00,2024-05-09 08:30:07.690000+00:00,2024-05-09 08:30:15.690000+00:00,0,not_walking,0,not_walking,0.32405937
05447093A-110,05447093A-110_block_7,2024-05-09 08:30:12.690000+00:00,2024-05-09 08:30:08.690000+00:00,2024-05-09 08:30:16.690000+00:00,0,not_walking,0,not_walking,0.33748397
05447093A-110,05447093A-110_block_7,2024-05-09 08:30:13.690000+00:00,2024-05-09 08:30:09.690000+00:00,2024-05-09 08:30:17.690000+00:00,0,not_walking,0,not_walking,0.28532416
05447093A-110,05447093A-110_block_7,2024-05-09 08:30:14.690000+00:00,2024-05-09 08:30:10.690000+00:00,2024-05-09 08:30:18.690000+00:00,0,not_walking,0,not_walking,0.36149716
05447093A-110,05447093A-110_block_7,2024-05-09 08:30:15.690000+00:00,2024-05-09 08:30:11.690000+00:00,2024-05-09 08:30:19.690000+00:00,0,not_walking,0,not_walking,0.29020643
05447093A-110,05447093A-110_block_7,2024-05-09 08:30:16.690000+00:00,2024-05-09 08:30:12.690000+00:00,2024-05-09 08:30:20.690000+00:00,0,not_walking,0,not_walking,0.18622237
05447093A-110,05447093A-110_block_7,2024-05-09 08:30:17.690000+00:00,2024-05-09 08:30:13.690000+00:00,2024-05-09 08:30:21.690000+00:00,0,not_walking,0,not_walking,0.29206964
05447093A-110,05447093A-110_block_7,2024-05-09 08:30:18.690000+00:00,2024-05-09 08:30:14.690000+00:00,2024-05-09 08:30:22.690000+00:00,0,not_walking,0,not_walking,0.34340647
05447093A-110,05447093A-110_block_7,2024-05-09 08:30:19.690000+00:00,2024-05-09 08:30:15.690000+00:00,2024-05-09 08:30:23.690000+00:00,0,not_walking,0,not_walking,0.3506706
05447093A-110,05447093A-110_block_7,2024-05-09 08:30:20.690000+00:00,2024-05-09 08:30:16.690000+00:00,2024-05-09 08:30:24.690000+00:00,0,not_walking,0,not_walking,0.30620915
05447093A-110,05447093A-110_block_7,2024-05-09 08:30:21.690000+00:00,2024-05-09 08:30:17.690000+00:00,2024-05-09 08:30:25.690000+00:00,0,not_walking,0,not_walking,0.28418797
05447093A-110,05447093A-110_block_7,2024-05-09 08:30:22.690000+00:00,2024-05-09 08:30:18.690000+00:00,2024-05-09 08:30:26.690000+00:00,0,not_walking,0,not_walking,0.2940323
05447093A-110,05447093A-110_block_7,2024-05-09 08:30:23.690000+00:00,2024-05-09 08:30:19.690000+00:00,2024-05-09 08:30:27.690000+00:00,0,not_walking,0,not_walking,0.27414033
05447093A-110,05447093A-110_block_7,2024-05-09 08:30:24.690000+00:00,2024-05-09 08:30:20.690000+00:00,2024-05-09 08:30:28.690000+00:00,0,not_walking,0,not_walking,0.29705307
05447093A-110,05447093A-110_block_7,2024-05-09 08:30:25.690000+00:00,2024-05-09 08:30:21.690000+00:00,2024-05-09 08:30:29.690000+00:00,0,not_walking,0,not_walking,0.33361354
05447093A-110,05447093A-110_block_7,2024-05-09 08:30:26.690000+00:00,2024-05-09 08:30:22.690000+00:00,2024-05-09 08:30:30.690000+00:00,0,not_walking,0,not_walking,0.20065115
05447093A-110,05447093A-110_block_7,2024-05-09 08:30:27.690000+00:00,2024-05-09 08:30:23.690000+00:00,2024-05-09 08:30:31.690000+00:00,0,not_walking,0,not_walking,0.29044828
05447093A-110,05447093A-110_block_7,2024-05-09 08:30:28.690000+00:00,2024-05-09 08:30:24.690000+00:00,2024-05-09 08:30:32.690000+00:00,0,not_walking,0,not_walking,0.4658863
05447093A-110,05447093A-110_block_7,2024-05-09 08:30:29.690000+00:00,2024-05-09 08:30:25.690000+00:00,2024-05-09 08:30:33.690000+00:00,0,not_walking,0,not_walking,0.3945326
05447093A-110,05447093A-110_block_7,2024-05-09 08:30:30.690000+00:00,2024-05-09 08:30:26.690000+00:00,2024-05-09 08:30:34.690000+00:00,0,not_walking,0,not_walking,0.26838496
05447093A-110,05447093A-110_block_7,2024-05-09 08:30:31.690000+00:00,2024-05-09 08:30:27.690000+00:00,2024-05-09 08:30:35.690000+00:00,0,not_walking,0,not_walking,0.4120797
05447093A-110,05447093A-110_block_7,2024-05-09 08:30:32.690000+00:00,2024-05-09 08:30:28.690000+00:00,2024-05-09 08:30:36.690000+00:00,0,not_walking,0,not_walking,0.26926145
05447093A-110,05447093A-110_block_7,2024-05-09 08:30:33.690000+00:00,2024-05-09 08:30:29.690000+00:00,2024-05-09 08:30:37.690000+00:00,0,not_walking,0,not_walking,0.48898003
05447093A-110,05447093A-110_block_7,2024-05-09 08:30:34.690000+00:00,2024-05-09 08:30:30.690000+00:00,2024-05-09 08:30:38.690000+00:00,0,not_walking,0,not_walking,0.48574394
05447093A-110,05447093A-110_block_7,2024-05-09 08:30:35.690000+00:00,2024-05-09 08:30:31.690000+00:00,2024-05-09 08:30:39.690000+00:00,0,not_walking,1,walking,0.5362524
05447093A-110,05447093A-110_block_7,2024-05-09 08:30:36.690000+00:00,2024-05-09 08:30:32.690000+00:00,2024-05-09 08:30:40.690000+00:00,0,not_walking,1,walking,0.51346886
05447093A-110,05447093A-110_block_7,2024-05-09 08:30:37.690000+00:00,2024-05-09 08:30:33.690000+00:00,2024-05-09 08:30:41.690000+00:00,0,not_walking,1,walking,0.52883303
05447093A-110,05447093A-110_block_7,2024-05-09 08:30:38.690000+00:00,2024-05-09 08:30:34.690000+00:00,2024-05-09 08:30:42.690000+00:00,0,not_walking,0,not_walking,0.4509743
05447093A-110,05447093A-110_block_7,2024-05-09 08:30:39.690000+00:00,2024-05-09 08:30:35.690000+00:00,2024-05-09 08:30:43.690000+00:00,0,not_walking,0,not_walking,0.46762392
05447093A-110,05447093A-110_block_7,2024-05-09 08:30:40.690000+00:00,2024-05-09 08:30:36.690000+00:00,2024-05-09 08:30:44.690000+00:00,0,not_walking,0,not_walking,0.42757216
05447093A-110,05447093A-110_block_7,2024-05-09 08:30:41.690000+00:00,2024-05-09 08:30:37.690000+00:00,2024-05-09 08:30:45.690000+00:00,0,not_walking,0,not_walking,0.41156796
05447093A-110,05447093A-110_block_7,2024-05-09 08:30:42.690000+00:00,2024-05-09 08:30:38.690000+00:00,2024-05-09 08:30:46.690000+00:00,0,not_walking,0,not_walking,0.44368976
05447093A-110,05447093A-110_block_7,2024-05-09 08:30:43.690000+00:00,2024-05-09 08:30:39.690000+00:00,2024-05-09 08:30:47.690000+00:00,0,not_walking,0,not_walking,0.37509635
05447093A-110,05447093A-110_block_7,2024-05-09 08:30:44.690000+00:00,2024-05-09 08:30:40.690000+00:00,2024-05-09 08:30:48.690000+00:00,0,not_walking,0,not_walking,0.31399846
05447093A-110,05447093A-110_block_7,2024-05-09 08:30:45.690000+00:00,2024-05-09 08:30:41.690000+00:00,2024-05-09 08:30:49.690000+00:00,0,not_walking,0,not_walking,0.43661246
05447093A-110,05447093A-110_block_7,2024-05-09 08:30:46.690000+00:00,2024-05-09 08:30:42.690000+00:00,2024-05-09 08:30:50.690000+00:00,0,not_walking,1,walking,0.5261867
05447093A-110,05447093A-110_block_7,2024-05-09 08:30:47.690000+00:00,2024-05-09 08:30:43.690000+00:00,2024-05-09 08:30:51.690000+00:00,0,not_walking,0,not_walking,0.31102988
05447093A-110,05447093A-110_block_7,2024-05-09 08:30:48.690000+00:00,2024-05-09 08:30:44.690000+00:00,2024-05-09 08:30:52.690000+00:00,0,not_walking,0,not_walking,0.33966264
05447093A-110,05447093A-110_block_7,2024-05-09 08:30:49.690000+00:00,2024-05-09 08:30:45.690000+00:00,2024-05-09 08:30:53.690000+00:00,0,not_walking,0,not_walking,0.44059736
05447093A-110,05447093A-110_block_7,2024-05-09 08:30:50.690000+00:00,2024-05-09 08:30:46.690000+00:00,2024-05-09 08:30:54.690000+00:00,0,not_walking,0,not_walking,0.49743107
05447093A-110,05447093A-110_block_7,2024-05-09 08:30:51.690000+00:00,2024-05-09 08:30:47.690000+00:00,2024-05-09 08:30:55.690000+00:00,0,not_walking,0,not_walking,0.386892
05447093A-110,05447093A-110_block_7,2024-05-09 08:30:52.690000+00:00,2024-05-09 08:30:48.690000+00:00,2024-05-09 08:30:56.690000+00:00,0,not_walking,0,not_walking,0.4293777
05447093A-110,05447093A-110_block_7,2024-05-09 08:30:53.690000+00:00,2024-05-09 08:30:49.690000+00:00,2024-05-09 08:30:57.690000+00:00,0,not_walking,1,walking,0.5429163
05447093A-110,05447093A-110_block_7,2024-05-09 08:30:54.690000+00:00,2024-05-09 08:30:50.690000+00:00,2024-05-09 08:30:58.690000+00:00,0,not_walking,1,walking,0.5340826
05447093A-110,05447093A-110_block_7,2024-05-09 08:30:55.690000+00:00,2024-05-09 08:30:51.690000+00:00,2024-05-09 08:30:59.690000+00:00,0,not_walking,1,walking,0.54589504
05447093A-110,05447093A-110_block_7,2024-05-09 08:30:56.690000+00:00,2024-05-09 08:30:52.690000+00:00,2024-05-09 08:31:00.690000+00:00,0,not_walking,0,not_walking,0.43403578
05447093A-110,05447093A-110_block_7,2024-05-09 08:30:57.690000+00:00,2024-05-09 08:30:53.690000+00:00,2024-05-09 08:31:01.690000+00:00,0,not_walking,1,walking,0.57868975
05447093A-110,05447093A-110_block_7,2024-05-09 08:30:58.690000+00:00,2024-05-09 08:30:54.690000+00:00,2024-05-09 08:31:02.690000+00:00,0,not_walking,0,not_walking,0.42457584
05447093A-110,05447093A-110_block_7,2024-05-09 08:30:59.690000+00:00,2024-05-09 08:30:55.690000+00:00,2024-05-09 08:31:03.690000+00:00,0,not_walking,0,not_walking,0.45757052
05447093A-110,05447093A-110_block_7,2024-05-09 08:31:00.690000+00:00,2024-05-09 08:30:56.690000+00:00,2024-05-09 08:31:04.690000+00:00,0,not_walking,1,walking,0.5767853
05447093A-110,05447093A-110_block_7,2024-05-09 08:31:01.690000+00:00,2024-05-09 08:30:57.690000+00:00,2024-05-09 08:31:05.690000+00:00,0,not_walking,1,walking,0.5005216
05447093A-110,05447093A-110_block_7,2024-05-09 08:31:02.690000+00:00,2024-05-09 08:30:58.690000+00:00,2024-05-09 08:31:06.690000+00:00,0,not_walking,0,not_walking,0.3897605
05447093A-110,05447093A-110_block_7,2024-05-09 08:31:03.690000+00:00,2024-05-09 08:30:59.690000+00:00,2024-05-09 08:31:07.690000+00:00,0,not_walking,0,not_walking,0.38585636
05447093A-110,05447093A-110_block_7,2024-05-09 08:31:04.690000+00:00,2024-05-09 08:31:00.690000+00:00,2024-05-09 08:31:08.690000+00:00,0,not_walking,0,not_walking,0.35553926
05447093A-110,05447093A-110_block_7,2024-05-09 08:31:05.690000+00:00,2024-05-09 08:31:01.690000+00:00,2024-05-09 08:31:09.690000+00:00,0,not_walking,0,not_walking,0.41002786
05447093A-110,05447093A-110_block_7,2024-05-09 08:31:06.690000+00:00,2024-05-09 08:31:02.690000+00:00,2024-05-09 08:31:10.690000+00:00,0,not_walking,0,not_walking,0.43413422
05447093A-110,05447093A-110_block_7,2024-05-09 08:31:07.690000+00:00,2024-05-09 08:31:03.690000+00:00,2024-05-09 08:31:11.690000+00:00,0,not_walking,0,not_walking,0.48489738
05447093A-110,05447093A-110_block_7,2024-05-09 08:31:08.690000+00:00,2024-05-09 08:31:04.690000+00:00,2024-05-09 08:31:12.690000+00:00,0,not_walking,1,walking,0.5069675
05447093A-110,05447093A-110_block_7,2024-05-09 08:31:09.690000+00:00,2024-05-09 08:31:05.690000+00:00,2024-05-09 08:31:13.690000+00:00,0,not_walking,1,walking,0.5352143
05447093A-110,05447093A-110_block_7,2024-05-09 08:31:10.690000+00:00,2024-05-09 08:31:06.690000+00:00,2024-05-09 08:31:14.690000+00:00,0,not_walking,1,walking,0.5431686
05447093A-110,05447093A-110_block_7,2024-05-09 08:31:11.690000+00:00,2024-05-09 08:31:07.690000+00:00,2024-05-09 08:31:15.690000+00:00,0,not_walking,1,walking,0.58151865
05447093A-110,05447093A-110_block_7,2024-05-09 08:31:12.690000+00:00,2024-05-09 08:31:08.690000+00:00,2024-05-09 08:31:16.690000+00:00,0,not_walking,0,not_walking,0.47852436
05447093A-110,05447093A-110_block_7,2024-05-09 08:31:13.690000+00:00,2024-05-09 08:31:09.690000+00:00,2024-05-09 08:31:17.690000+00:00,0,not_walking,0,not_walking,0.299849
05447093A-110,05447093A-110_block_7,2024-05-09 08:31:14.690000+00:00,2024-05-09 08:31:10.690000+00:00,2024-05-09 08:31:18.690000+00:00,0,not_walking,0,not_walking,0.42770946
05447093A-110,05447093A-110_block_7,2024-05-09 08:31:15.690000+00:00,2024-05-09 08:31:11.690000+00:00,2024-05-09 08:31:19.690000+00:00,0,not_walking,0,not_walking,0.35268617
05447093A-110,05447093A-110_block_7,2024-05-09 08:31:16.690000+00:00,2024-05-09 08:31:12.690000+00:00,2024-05-09 08:31:20.690000+00:00,0,not_walking,0,not_walking,0.47503585
05447093A-110,05447093A-110_block_7,2024-05-09 08:31:17.690000+00:00,2024-05-09 08:31:13.690000+00:00,2024-05-09 08:31:21.690000+00:00,0,not_walking,0,not_walking,0.4266783
05447093A-110,05447093A-110_block_7,2024-05-09 08:31:18.690000+00:00,2024-05-09 08:31:14.690000+00:00,2024-05-09 08:31:22.690000+00:00,0,not_walking,0,not_walking,0.44232604
05447093A-110,05447093A-110_block_7,2024-05-09 08:31:19.690000+00:00,2024-05-09 08:31:15.690000+00:00,2024-05-09 08:31:23.690000+00:00,0,not_walking,0,not_walking,0.38972437
05447093A-110,05447093A-110_block_7,2024-05-09 08:31:20.690000+00:00,2024-05-09 08:31:16.690000+00:00,2024-05-09 08:31:24.690000+00:00,0,not_walking,0,not_walking,0.24068558
05447093A-110,05447093A-110_block_7,2024-05-09 08:31:21.690000+00:00,2024-05-09 08:31:17.690000+00:00,2024-05-09 08:31:25.690000+00:00,0,not_walking,0,not_walking,0.39172482
05447093A-110,05447093A-110_block_7,2024-05-09 08:31:22.690000+00:00,2024-05-09 08:31:18.690000+00:00,2024-05-09 08:31:26.690000+00:00,0,not_walking,0,not_walking,0.3258214
05447093A-110,05447093A-110_block_7,2024-05-09 08:31:23.690000+00:00,2024-05-09 08:31:19.690000+00:00,2024-05-09 08:31:27.690000+00:00,0,not_walking,0,not_walking,0.4508082
05447093A-110,05447093A-110_block_7,2024-05-09 08:31:24.690000+00:00,2024-05-09 08:31:20.690000+00:00,2024-05-09 08:31:28.690000+00:00,0,not_walking,0,not_walking,0.37105563
05447093A-110,05447093A-110_block_7,2024-05-09 08:31:25.690000+00:00,2024-05-09 08:31:21.690000+00:00,2024-05-09 08:31:29.690000+00:00,0,not_walking,0,not_walking,0.4053688
05447093A-110,05447093A-110_block_7,2024-05-09 08:31:26.690000+00:00,2024-05-09 08:31:22.690000+00:00,2024-05-09 08:31:30.690000+00:00,0,not_walking,0,not_walking,0.46111017
05447093A-110,05447093A-110_block_7,2024-05-09 08:31:27.690000+00:00,2024-05-09 08:31:23.690000+00:00,2024-05-09 08:31:31.690000+00:00,0,not_walking,0,not_walking,0.35453433
05447093A-110,05447093A-110_block_7,2024-05-09 08:31:28.690000+00:00,2024-05-09 08:31:24.690000+00:00,2024-05-09 08:31:32.690000+00:00,0,not_walking,1,walking,0.5323069
05447093A-110,05447093A-110_block_7,2024-05-09 08:31:29.690000+00:00,2024-05-09 08:31:25.690000+00:00,2024-05-09 08:31:33.690000+00:00,0,not_walking,0,not_walking,0.27467245
05447093A-110,05447093A-110_block_7,2024-05-09 08:31:30.690000+00:00,2024-05-09 08:31:26.690000+00:00,2024-05-09 08:31:34.690000+00:00,0,not_walking,1,walking,0.53929144
05447093A-110,05447093A-110_block_7,2024-05-09 08:31:31.690000+00:00,2024-05-09 08:31:27.690000+00:00,2024-05-09 08:31:35.690000+00:00,0,not_walking,0,not_walking,0.40490237
05447093A-110,05447093A-110_block_7,2024-05-09 08:31:32.690000+00:00,2024-05-09 08:31:28.690000+00:00,2024-05-09 08:31:36.690000+00:00,0,not_walking,0,not_walking,0.39275458
05447093A-110,05447093A-110_block_7,2024-05-09 08:31:33.690000+00:00,2024-05-09 08:31:29.690000+00:00,2024-05-09 08:31:37.690000+00:00,0,not_walking,0,not_walking,0.23995446
05447093A-110,05447093A-110_block_7,2024-05-09 08:31:34.690000+00:00,2024-05-09 08:31:30.690000+00:00,2024-05-09 08:31:38.690000+00:00,0,not_walking,0,not_walking,0.37183073
05447093A-110,05447093A-110_block_7,2024-05-09 08:31:35.690000+00:00,2024-05-09 08:31:31.690000+00:00,2024-05-09 08:31:39.690000+00:00,0,not_walking,0,not_walking,0.42226222
05447093A-110,05447093A-110_block_7,2024-05-09 08:31:36.690000+00:00,2024-05-09 08:31:32.690000+00:00,2024-05-09 08:31:40.690000+00:00,0,not_walking,0,not_walking,0.39623204
05447093A-110,05447093A-110_block_7,2024-05-09 08:31:37.690000+00:00,2024-05-09 08:31:33.690000+00:00,2024-05-09 08:31:41.690000+00:00,0,not_walking,0,not_walking,0.36133006
05447093A-110,05447093A-110_block_7,2024-05-09 08:31:38.690000+00:00,2024-05-09 08:31:34.690000+00:00,2024-05-09 08:31:42.690000+00:00,0,not_walking,0,not_walking,0.44856587
05447093A-110,05447093A-110_block_7,2024-05-09 08:31:39.690000+00:00,2024-05-09 08:31:35.690000+00:00,2024-05-09 08:31:43.690000+00:00,0,not_walking,0,not_walking,0.3492904
05447093A-110,05447093A-110_block_7,2024-05-09 08:31:40.690000+00:00,2024-05-09 08:31:36.690000+00:00,2024-05-09 08:31:44.690000+00:00,0,not_walking,0,not_walking,0.37187013
05447093A-110,05447093A-110_block_7,2024-05-09 08:31:41.690000+00:00,2024-05-09 08:31:37.690000+00:00,2024-05-09 08:31:45.690000+00:00,0,not_walking,0,not_walking,0.28453743
05447093A-110,05447093A-110_block_7,2024-05-09 08:31:42.690000+00:00,2024-05-09 08:31:38.690000+00:00,2024-05-09 08:31:46.690000+00:00,0,not_walking,0,not_walking,0.3878879
05447093A-110,05447093A-110_block_7,2024-05-09 08:31:43.690000+00:00,2024-05-09 08:31:39.690000+00:00,2024-05-09 08:31:47.690000+00:00,0,not_walking,0,not_walking,0.2680174
05447093A-110,05447093A-110_block_7,2024-05-09 08:31:44.690000+00:00,2024-05-09 08:31:40.690000+00:00,2024-05-09 08:31:48.690000+00:00,0,not_walking,0,not_walking,0.31929752
05447093A-110,05447093A-110_block_7,2024-05-09 08:31:45.690000+00:00,2024-05-09 08:31:41.690000+00:00,2024-05-09 08:31:49.690000+00:00,0,not_walking,0,not_walking,0.3783715
05447093A-110,05447093A-110_block_7,2024-05-09 08:31:46.690000+00:00,2024-05-09 08:31:42.690000+00:00,2024-05-09 08:31:50.690000+00:00,0,not_walking,0,not_walking,0.4281536
05447093A-110,05447093A-110_block_7,2024-05-09 08:31:47.690000+00:00,2024-05-09 08:31:43.690000+00:00,2024-05-09 08:31:51.690000+00:00,0,not_walking,0,not_walking,0.24884486
05447093A-110,05447093A-110_block_7,2024-05-09 08:31:48.690000+00:00,2024-05-09 08:31:44.690000+00:00,2024-05-09 08:31:52.690000+00:00,0,not_walking,0,not_walking,0.29906502
05447093A-110,05447093A-110_block_7,2024-05-09 08:31:49.690000+00:00,2024-05-09 08:31:45.690000+00:00,2024-05-09 08:31:53.690000+00:00,0,not_walking,0,not_walking,0.29166016
05447093A-110,05447093A-110_block_7,2024-05-09 08:31:50.690000+00:00,2024-05-09 08:31:46.690000+00:00,2024-05-09 08:31:54.690000+00:00,0,not_walking,0,not_walking,0.38646555
05447093A-110,05447093A-110_block_7,2024-05-09 08:31:51.690000+00:00,2024-05-09 08:31:47.690000+00:00,2024-05-09 08:31:55.690000+00:00,0,not_walking,0,not_walking,0.3632602
05447093A-110,05447093A-110_block_7,2024-05-09 08:31:52.690000+00:00,2024-05-09 08:31:48.690000+00:00,2024-05-09 08:31:56.690000+00:00,0,not_walking,0,not_walking,0.26184615
05447093A-110,05447093A-110_block_7,2024-05-09 08:31:53.690000+00:00,2024-05-09 08:31:49.690000+00:00,2024-05-09 08:31:57.690000+00:00,0,not_walking,0,not_walking,0.4214661
05447093A-110,05447093A-110_block_7,2024-05-09 08:31:54.690000+00:00,2024-05-09 08:31:50.690000+00:00,2024-05-09 08:31:58.690000+00:00,0,not_walking,0,not_walking,0.36442187
05447093A-110,05447093A-110_block_7,2024-05-09 08:31:55.690000+00:00,2024-05-09 08:31:51.690000+00:00,2024-05-09 08:31:59.690000+00:00,0,not_walking,0,not_walking,0.26001534
05447093A-110,05447093A-110_block_7,2024-05-09 08:31:56.690000+00:00,2024-05-09 08:31:52.690000+00:00,2024-05-09 08:32:00.690000+00:00,0,not_walking,0,not_walking,0.2820446
05447093A-110,05447093A-110_block_7,2024-05-09 08:31:57.690000+00:00,2024-05-09 08:31:53.690000+00:00,2024-05-09 08:32:01.690000+00:00,0,not_walking,0,not_walking,0.39167333
05447093A-110,05447093A-110_block_7,2024-05-09 08:31:58.690000+00:00,2024-05-09 08:31:54.690000+00:00,2024-05-09 08:32:02.690000+00:00,0,not_walking,0,not_walking,0.4805449
05447093A-110,05447093A-110_block_7,2024-05-09 08:31:59.690000+00:00,2024-05-09 08:31:55.690000+00:00,2024-05-09 08:32:03.690000+00:00,0,not_walking,0,not_walking,0.26344028
05447093A-110,05447093A-110_block_7,2024-05-09 08:32:00.690000+00:00,2024-05-09 08:31:56.690000+00:00,2024-05-09 08:32:04.690000+00:00,0,not_walking,0,not_walking,0.46367514
05447093A-110,05447093A-110_block_7,2024-05-09 08:32:01.690000+00:00,2024-05-09 08:31:57.690000+00:00,2024-05-09 08:32:05.690000+00:00,0,not_walking,0,not_walking,0.3700733
05447093A-110,05447093A-110_block_7,2024-05-09 08:32:02.690000+00:00,2024-05-09 08:31:58.690000+00:00,2024-05-09 08:32:06.690000+00:00,0,not_walking,0,not_walking,0.38614693
05447093A-110,05447093A-110_block_7,2024-05-09 08:32:03.690000+00:00,2024-05-09 08:31:59.690000+00:00,2024-05-09 08:32:07.690000+00:00,0,not_walking,0,not_walking,0.3815471
05447093A-110,05447093A-110_block_7,2024-05-09 08:32:04.690000+00:00,2024-05-09 08:32:00.690000+00:00,2024-05-09 08:32:08.690000+00:00,0,not_walking,0,not_walking,0.3904931
05447093A-110,05447093A-110_block_7,2024-05-09 08:32:05.690000+00:00,2024-05-09 08:32:01.690000+00:00,2024-05-09 08:32:09.690000+00:00,0,not_walking,0,not_walking,0.2794719
05447093A-110,05447093A-110_block_7,2024-05-09 08:32:06.690000+00:00,2024-05-09 08:32:02.690000+00:00,2024-05-09 08:32:10.690000+00:00,0,not_walking,0,not_walking,0.38894638
05447093A-110,05447093A-110_block_7,2024-05-09 08:32:07.690000+00:00,2024-05-09 08:32:03.690000+00:00,2024-05-09 08:32:11.690000+00:00,0,not_walking,0,not_walking,0.31345752
05447093A-110,05447093A-110_block_7,2024-05-09 08:32:08.690000+00:00,2024-05-09 08:32:04.690000+00:00,2024-05-09 08:32:12.690000+00:00,0,not_walking,0,not_walking,0.36666316
05447093A-110,05447093A-110_block_7,2024-05-09 08:32:09.690000+00:00,2024-05-09 08:32:05.690000+00:00,2024-05-09 08:32:13.690000+00:00,0,not_walking,0,not_walking,0.39216158
05447093A-110,05447093A-110_block_7,2024-05-09 08:32:10.690000+00:00,2024-05-09 08:32:06.690000+00:00,2024-05-09 08:32:14.690000+00:00,0,not_walking,0,not_walking,0.30741605
05447093A-110,05447093A-110_block_7,2024-05-09 08:32:11.690000+00:00,2024-05-09 08:32:07.690000+00:00,2024-05-09 08:32:15.690000+00:00,0,not_walking,0,not_walking,0.40198657
05447093A-110,05447093A-110_block_7,2024-05-09 08:32:12.690000+00:00,2024-05-09 08:32:08.690000+00:00,2024-05-09 08:32:16.690000+00:00,0,not_walking,0,not_walking,0.22577769
05447093A-110,05447093A-110_block_7,2024-05-09 08:32:13.690000+00:00,2024-05-09 08:32:09.690000+00:00,2024-05-09 08:32:17.690000+00:00,0,not_walking,0,not_walking,0.31230268
05447093A-110,05447093A-110_block_7,2024-05-09 08:32:14.690000+00:00,2024-05-09 08:32:10.690000+00:00,2024-05-09 08:32:18.690000+00:00,0,not_walking,0,not_walking,0.4825929
05447093A-110,05447093A-110_block_7,2024-05-09 08:32:15.690000+00:00,2024-05-09 08:32:11.690000+00:00,2024-05-09 08:32:19.690000+00:00,0,not_walking,1,walking,0.50824714
05447093A-110,05447093A-110_block_7,2024-05-09 08:32:16.690000+00:00,2024-05-09 08:32:12.690000+00:00,2024-05-09 08:32:20.690000+00:00,0,not_walking,0,not_walking,0.42254388
05447093A-110,05447093A-110_block_7,2024-05-09 08:32:17.690000+00:00,2024-05-09 08:32:13.690000+00:00,2024-05-09 08:32:21.690000+00:00,0,not_walking,1,walking,0.5724524
05447093A-110,05447093A-110_block_7,2024-05-09 08:32:18.690000+00:00,2024-05-09 08:32:14.690000+00:00,2024-05-09 08:32:22.690000+00:00,0,not_walking,0,not_walking,0.38069624
05447093A-110,05447093A-110_block_7,2024-05-09 08:32:19.690000+00:00,2024-05-09 08:32:15.690000+00:00,2024-05-09 08:32:23.690000+00:00,0,not_walking,1,walking,0.5647953
05447093A-110,05447093A-110_block_7,2024-05-09 08:32:20.690000+00:00,2024-05-09 08:32:16.690000+00:00,2024-05-09 08:32:24.690000+00:00,0,not_walking,1,walking,0.5290023
05447093A-110,05447093A-110_block_7,2024-05-09 08:32:21.690000+00:00,2024-05-09 08:32:17.690000+00:00,2024-05-09 08:32:25.690000+00:00,0,not_walking,1,walking,0.67744327
05447093A-110,05447093A-110_block_7,2024-05-09 08:32:22.690000+00:00,2024-05-09 08:32:18.690000+00:00,2024-05-09 08:32:26.690000+00:00,0,not_walking,1,walking,0.6951122
05447093A-110,05447093A-110_block_7,2024-05-09 08:32:23.690000+00:00,2024-05-09 08:32:19.690000+00:00,2024-05-09 08:32:27.690000+00:00,0,not_walking,1,walking,0.67030466
05447093A-110,05447093A-110_block_7,2024-05-09 08:32:24.690000+00:00,2024-05-09 08:32:20.690000+00:00,2024-05-09 08:32:28.690000+00:00,0,not_walking,1,walking,0.7854324
05447093A-110,05447093A-110_block_7,2024-05-09 08:32:25.690000+00:00,2024-05-09 08:32:21.690000+00:00,2024-05-09 08:32:29.690000+00:00,0,not_walking,1,walking,0.6486449
05447093A-110,05447093A-110_block_7,2024-05-09 08:32:26.690000+00:00,2024-05-09 08:32:22.690000+00:00,2024-05-09 08:32:30.690000+00:00,0,not_walking,1,walking,0.8089147
05447093A-110,05447093A-110_block_7,2024-05-09 08:32:27.690000+00:00,2024-05-09 08:32:23.690000+00:00,2024-05-09 08:32:31.690000+00:00,0,not_walking,1,walking,0.77789825
05447093A-110,05447093A-110_block_7,2024-05-09 08:32:28.690000+00:00,2024-05-09 08:32:24.690000+00:00,2024-05-09 08:32:32.690000+00:00,0,not_walking,1,walking,0.72144425
05447093A-110,05447093A-110_block_7,2024-05-09 08:32:29.690000+00:00,2024-05-09 08:32:25.690000+00:00,2024-05-09 08:32:33.690000+00:00,0,not_walking,1,walking,0.7220677
05447093A-110,05447093A-110_block_7,2024-05-09 08:32:30.690000+00:00,2024-05-09 08:32:26.690000+00:00,2024-05-09 08:32:34.690000+00:00,0,not_walking,1,walking,0.7972624
05447093A-110,05447093A-110_block_7,2024-05-09 08:32:31.690000+00:00,2024-05-09 08:32:27.690000+00:00,2024-05-09 08:32:35.690000+00:00,0,not_walking,1,walking,0.75773525
05447093A-110,05447093A-110_block_7,2024-05-09 08:32:32.690000+00:00,2024-05-09 08:32:28.690000+00:00,2024-05-09 08:32:36.690000+00:00,0,not_walking,1,walking,0.6174287
05447093A-110,05447093A-110_block_7,2024-05-09 08:32:33.690000+00:00,2024-05-09 08:32:29.690000+00:00,2024-05-09 08:32:37.690000+00:00,0,not_walking,0,not_walking,0.4995007
05447093A-110,05447093A-110_block_7,2024-05-09 08:32:34.690000+00:00,2024-05-09 08:32:30.690000+00:00,2024-05-09 08:32:38.690000+00:00,0,not_walking,0,not_walking,0.4693591
05447093A-110,05447093A-110_block_7,2024-05-09 08:32:35.690000+00:00,2024-05-09 08:32:31.690000+00:00,2024-05-09 08:32:39.690000+00:00,0,not_walking,0,not_walking,0.37212518
05447093A-110,05447093A-110_block_7,2024-05-09 08:32:36.690000+00:00,2024-05-09 08:32:32.690000+00:00,2024-05-09 08:32:40.690000+00:00,0,not_walking,0,not_walking,0.454544
05447093A-110,05447093A-110_block_7,2024-05-09 08:32:37.690000+00:00,2024-05-09 08:32:33.690000+00:00,2024-05-09 08:32:41.690000+00:00,0,not_walking,0,not_walking,0.4987852
05447093A-110,05447093A-110_block_7,2024-05-09 08:32:38.690000+00:00,2024-05-09 08:32:34.690000+00:00,2024-05-09 08:32:42.690000+00:00,0,not_walking,0,not_walking,0.39821514
05447093A-110,05447093A-110_block_7,2024-05-09 08:32:39.690000+00:00,2024-05-09 08:32:35.690000+00:00,2024-05-09 08:32:43.690000+00:00,0,not_walking,1,walking,0.61303604
05447093A-110,05447093A-110_block_7,2024-05-09 08:32:40.690000+00:00,2024-05-09 08:32:36.690000+00:00,2024-05-09 08:32:44.690000+00:00,0,not_walking,1,walking,0.6343654
05447093A-110,05447093A-110_block_7,2024-05-09 08:32:41.690000+00:00,2024-05-09 08:32:37.690000+00:00,2024-05-09 08:32:45.690000+00:00,0,not_walking,1,walking,0.8058236
05447093A-110,05447093A-110_block_7,2024-05-09 08:32:42.690000+00:00,2024-05-09 08:32:38.690000+00:00,2024-05-09 08:32:46.690000+00:00,0,not_walking,1,walking,0.6125614
05447093A-110,05447093A-110_block_7,2024-05-09 08:32:43.690000+00:00,2024-05-09 08:32:39.690000+00:00,2024-05-09 08:32:47.690000+00:00,0,not_walking,1,walking,0.62030715
05447093A-110,05447093A-110_block_7,2024-05-09 08:32:44.690000+00:00,2024-05-09 08:32:40.690000+00:00,2024-05-09 08:32:48.690000+00:00,0,not_walking,0,not_walking,0.49033082
05447093A-110,05447093A-110_block_7,2024-05-09 08:32:45.690000+00:00,2024-05-09 08:32:41.690000+00:00,2024-05-09 08:32:49.690000+00:00,0,not_walking,1,walking,0.5964865
05447093A-110,05447093A-110_block_7,2024-05-09 08:32:46.690000+00:00,2024-05-09 08:32:42.690000+00:00,2024-05-09 08:32:50.690000+00:00,0,not_walking,0,not_walking,0.4886564
05447093A-110,05447093A-110_block_7,2024-05-09 08:32:47.690000+00:00,2024-05-09 08:32:43.690000+00:00,2024-05-09 08:32:51.690000+00:00,0,not_walking,1,walking,0.5239504
05447093A-110,05447093A-110_block_7,2024-05-09 08:32:48.690000+00:00,2024-05-09 08:32:44.690000+00:00,2024-05-09 08:32:52.690000+00:00,0,not_walking,0,not_walking,0.47089583
05447093A-110,05447093A-110_block_7,2024-05-09 08:32:49.690000+00:00,2024-05-09 08:32:45.690000+00:00,2024-05-09 08:32:53.690000+00:00,0,not_walking,0,not_walking,0.4179849
05447093A-110,05447093A-110_block_7,2024-05-09 08:32:50.690000+00:00,2024-05-09 08:32:46.690000+00:00,2024-05-09 08:32:54.690000+00:00,0,not_walking,0,not_walking,0.30654538
05447093A-110,05447093A-110_block_7,2024-05-09 08:32:51.690000+00:00,2024-05-09 08:32:47.690000+00:00,2024-05-09 08:32:55.690000+00:00,0,not_walking,0,not_walking,0.42090863
05447093A-110,05447093A-110_block_7,2024-05-09 08:32:52.690000+00:00,2024-05-09 08:32:48.690000+00:00,2024-05-09 08:32:56.690000+00:00,0,not_walking,0,not_walking,0.47355115
05447093A-110,05447093A-110_block_7,2024-05-09 08:32:53.690000+00:00,2024-05-09 08:32:49.690000+00:00,2024-05-09 08:32:57.690000+00:00,0,not_walking,1,walking,0.6694209
05447093A-110,05447093A-110_block_7,2024-05-09 08:32:54.690000+00:00,2024-05-09 08:32:50.690000+00:00,2024-05-09 08:32:58.690000+00:00,0,not_walking,0,not_walking,0.4722775
05447093A-110,05447093A-110_block_7,2024-05-09 08:32:55.690000+00:00,2024-05-09 08:32:51.690000+00:00,2024-05-09 08:32:59.690000+00:00,0,not_walking,0,not_walking,0.4577104
05447093A-110,05447093A-110_block_7,2024-05-09 08:32:56.690000+00:00,2024-05-09 08:32:52.690000+00:00,2024-05-09 08:33:00.690000+00:00,0,not_walking,0,not_walking,0.34724864
05447093A-110,05447093A-110_block_7,2024-05-09 08:32:57.690000+00:00,2024-05-09 08:32:53.690000+00:00,2024-05-09 08:33:01.690000+00:00,0,not_walking,0,not_walking,0.453629
05447093A-110,05447093A-110_block_7,2024-05-09 08:32:58.690000+00:00,2024-05-09 08:32:54.690000+00:00,2024-05-09 08:33:02.690000+00:00,0,not_walking,0,not_walking,0.35854763
05447093A-110,05447093A-110_block_7,2024-05-09 08:32:59.690000+00:00,2024-05-09 08:32:55.690000+00:00,2024-05-09 08:33:03.690000+00:00,0,not_walking,0,not_walking,0.44458798
05447093A-110,05447093A-110_block_7,2024-05-09 08:33:00.690000+00:00,2024-05-09 08:32:56.690000+00:00,2024-05-09 08:33:04.690000+00:00,0,not_walking,0,not_walking,0.4533071
05447093A-110,05447093A-110_block_7,2024-05-09 08:33:01.690000+00:00,2024-05-09 08:32:57.690000+00:00,2024-05-09 08:33:05.690000+00:00,0,not_walking,0,not_walking,0.4071007
05447093A-110,05447093A-110_block_7,2024-05-09 08:33:02.690000+00:00,2024-05-09 08:32:58.690000+00:00,2024-05-09 08:33:06.690000+00:00,0,not_walking,0,not_walking,0.41827747
05447093A-110,05447093A-110_block_7,2024-05-09 08:33:03.690000+00:00,2024-05-09 08:32:59.690000+00:00,2024-05-09 08:33:07.690000+00:00,0,not_walking,0,not_walking,0.32837668
05447093A-110,05447093A-110_block_7,2024-05-09 08:33:04.690000+00:00,2024-05-09 08:33:00.690000+00:00,2024-05-09 08:33:08.690000+00:00,0,not_walking,0,not_walking,0.25473967
05447093A-110,05447093A-110_block_7,2024-05-09 08:33:05.690000+00:00,2024-05-09 08:33:01.690000+00:00,2024-05-09 08:33:09.690000+00:00,0,not_walking,1,walking,0.5229441
05447093A-110,05447093A-110_block_7,2024-05-09 08:33:06.690000+00:00,2024-05-09 08:33:02.690000+00:00,2024-05-09 08:33:10.690000+00:00,0,not_walking,0,not_walking,0.45425993
05447093A-110,05447093A-110_block_7,2024-05-09 08:33:07.690000+00:00,2024-05-09 08:33:03.690000+00:00,2024-05-09 08:33:11.690000+00:00,0,not_walking,0,not_walking,0.49258876
05447093A-110,05447093A-110_block_7,2024-05-09 08:33:08.690000+00:00,2024-05-09 08:33:04.690000+00:00,2024-05-09 08:33:12.690000+00:00,0,not_walking,0,not_walking,0.31939793
05447093A-110,05447093A-110_block_7,2024-05-09 08:33:09.690000+00:00,2024-05-09 08:33:05.690000+00:00,2024-05-09 08:33:13.690000+00:00,0,not_walking,0,not_walking,0.29230246
05447093A-110,05447093A-110_block_7,2024-05-09 08:33:10.690000+00:00,2024-05-09 08:33:06.690000+00:00,2024-05-09 08:33:14.690000+00:00,0,not_walking,0,not_walking,0.42114303
05447093A-110,05447093A-110_block_7,2024-05-09 08:33:11.690000+00:00,2024-05-09 08:33:07.690000+00:00,2024-05-09 08:33:15.690000+00:00,0,not_walking,0,not_walking,0.3140022
05447093A-110,05447093A-110_block_7,2024-05-09 08:33:12.690000+00:00,2024-05-09 08:33:08.690000+00:00,2024-05-09 08:33:16.690000+00:00,0,not_walking,0,not_walking,0.4827428
05447093A-110,05447093A-110_block_7,2024-05-09 08:33:13.690000+00:00,2024-05-09 08:33:09.690000+00:00,2024-05-09 08:33:17.690000+00:00,0,not_walking,0,not_walking,0.4017491
05447093A-110,05447093A-110_block_7,2024-05-09 08:33:14.690000+00:00,2024-05-09 08:33:10.690000+00:00,2024-05-09 08:33:18.690000+00:00,0,not_walking,1,walking,0.51353407
05447093A-110,05447093A-110_block_7,2024-05-09 08:33:15.690000+00:00,2024-05-09 08:33:11.690000+00:00,2024-05-09 08:33:19.690000+00:00,0,not_walking,0,not_walking,0.34571773
05447093A-110,05447093A-110_block_7,2024-05-09 08:33:16.690000+00:00,2024-05-09 08:33:12.690000+00:00,2024-05-09 08:33:20.690000+00:00,0,not_walking,1,walking,0.50738585
05447093A-110,05447093A-110_block_7,2024-05-09 08:33:17.690000+00:00,2024-05-09 08:33:13.690000+00:00,2024-05-09 08:33:21.690000+00:00,0,not_walking,1,walking,0.534674
05447093A-110,05447093A-110_block_7,2024-05-09 08:33:18.690000+00:00,2024-05-09 08:33:14.690000+00:00,2024-05-09 08:33:22.690000+00:00,0,not_walking,1,walking,0.5879702
05447093A-110,05447093A-110_block_7,2024-05-09 08:33:19.690000+00:00,2024-05-09 08:33:15.690000+00:00,2024-05-09 08:33:23.690000+00:00,0,not_walking,0,not_walking,0.4828803
05447093A-110,05447093A-110_block_7,2024-05-09 08:33:20.690000+00:00,2024-05-09 08:33:16.690000+00:00,2024-05-09 08:33:24.690000+00:00,0,not_walking,1,walking,0.5703676
05447093A-110,05447093A-110_block_7,2024-05-09 08:33:21.690000+00:00,2024-05-09 08:33:17.690000+00:00,2024-05-09 08:33:25.690000+00:00,0,not_walking,1,walking,0.6024686
05447093A-110,05447093A-110_block_7,2024-05-09 08:33:22.690000+00:00,2024-05-09 08:33:18.690000+00:00,2024-05-09 08:33:26.690000+00:00,0,not_walking,1,walking,0.5617032
05447093A-110,05447093A-110_block_7,2024-05-09 08:33:23.690000+00:00,2024-05-09 08:33:19.690000+00:00,2024-05-09 08:33:27.690000+00:00,0,not_walking,0,not_walking,0.46025014
05447093A-110,05447093A-110_block_7,2024-05-09 08:33:24.690000+00:00,2024-05-09 08:33:20.690000+00:00,2024-05-09 08:33:28.690000+00:00,0,not_walking,1,walking,0.5155936
05447093A-110,05447093A-110_block_7,2024-05-09 08:33:25.690000+00:00,2024-05-09 08:33:21.690000+00:00,2024-05-09 08:33:29.690000+00:00,0,not_walking,0,not_walking,0.32700092
05447093A-110,05447093A-110_block_7,2024-05-09 08:33:26.690000+00:00,2024-05-09 08:33:22.690000+00:00,2024-05-09 08:33:30.690000+00:00,0,not_walking,0,not_walking,0.46190208
05447093A-110,05447093A-110_block_7,2024-05-09 08:33:27.690000+00:00,2024-05-09 08:33:23.690000+00:00,2024-05-09 08:33:31.690000+00:00,0,not_walking,0,not_walking,0.40571734
05447093A-110,05447093A-110_block_7,2024-05-09 08:33:28.690000+00:00,2024-05-09 08:33:24.690000+00:00,2024-05-09 08:33:32.690000+00:00,0,not_walking,1,walking,0.5592
05447093A-110,05447093A-110_block_7,2024-05-09 08:33:29.690000+00:00,2024-05-09 08:33:25.690000+00:00,2024-05-09 08:33:33.690000+00:00,0,not_walking,0,not_walking,0.48233828
05447093A-110,05447093A-110_block_7,2024-05-09 08:33:30.690000+00:00,2024-05-09 08:33:26.690000+00:00,2024-05-09 08:33:34.690000+00:00,0,not_walking,0,not_walking,0.41102153
05447093A-110,05447093A-110_block_7,2024-05-09 08:33:31.690000+00:00,2024-05-09 08:33:27.690000+00:00,2024-05-09 08:33:35.690000+00:00,0,not_walking,0,not_walking,0.4974585
05447093A-110,05447093A-110_block_7,2024-05-09 08:33:32.690000+00:00,2024-05-09 08:33:28.690000+00:00,2024-05-09 08:33:36.690000+00:00,0,not_walking,0,not_walking,0.39172742
05447093A-110,05447093A-110_block_7,2024-05-09 08:33:33.690000+00:00,2024-05-09 08:33:29.690000+00:00,2024-05-09 08:33:37.690000+00:00,0,not_walking,0,not_walking,0.4644536
05447093A-110,05447093A-110_block_7,2024-05-09 08:33:34.690000+00:00,2024-05-09 08:33:30.690000+00:00,2024-05-09 08:33:38.690000+00:00,0,not_walking,0,not_walking,0.4884861
05447093A-110,05447093A-110_block_7,2024-05-09 08:33:35.690000+00:00,2024-05-09 08:33:31.690000+00:00,2024-05-09 08:33:39.690000+00:00,0,not_walking,0,not_walking,0.49326062
05447093A-110,05447093A-110_block_7,2024-05-09 08:33:36.690000+00:00,2024-05-09 08:33:32.690000+00:00,2024-05-09 08:33:40.690000+00:00,0,not_walking,1,walking,0.546043
05447093A-110,05447093A-110_block_7,2024-05-09 08:33:37.690000+00:00,2024-05-09 08:33:33.690000+00:00,2024-05-09 08:33:41.690000+00:00,0,not_walking,0,not_walking,0.46616647
05447093A-110,05447093A-110_block_7,2024-05-09 08:33:38.690000+00:00,2024-05-09 08:33:34.690000+00:00,2024-05-09 08:33:42.690000+00:00,0,not_walking,1,walking,0.5014039
05447093A-110,05447093A-110_block_7,2024-05-09 08:33:39.690000+00:00,2024-05-09 08:33:35.690000+00:00,2024-05-09 08:33:43.690000+00:00,0,not_walking,0,not_walking,0.38537103
05447093A-110,05447093A-110_block_7,2024-05-09 08:33:40.690000+00:00,2024-05-09 08:33:36.690000+00:00,2024-05-09 08:33:44.690000+00:00,0,not_walking,0,not_walking,0.3517234
05447093A-110,05447093A-110_block_7,2024-05-09 08:33:41.690000+00:00,2024-05-09 08:33:37.690000+00:00,2024-05-09 08:33:45.690000+00:00,0,not_walking,0,not_walking,0.29847232
05447093A-110,05447093A-110_block_7,2024-05-09 08:33:42.690000+00:00,2024-05-09 08:33:38.690000+00:00,2024-05-09 08:33:46.690000+00:00,0,not_walking,0,not_walking,0.31481123
05447093A-110,05447093A-110_block_7,2024-05-09 08:33:43.690000+00:00,2024-05-09 08:33:39.690000+00:00,2024-05-09 08:33:47.690000+00:00,0,not_walking,0,not_walking,0.419656
05447093A-110,05447093A-110_block_7,2024-05-09 08:33:44.690000+00:00,2024-05-09 08:33:40.690000+00:00,2024-05-09 08:33:48.690000+00:00,0,not_walking,0,not_walking,0.4372283
05447093A-110,05447093A-110_block_7,2024-05-09 08:33:45.690000+00:00,2024-05-09 08:33:41.690000+00:00,2024-05-09 08:33:49.690000+00:00,0,not_walking,0,not_walking,0.46246776
05447093A-110,05447093A-110_block_7,2024-05-09 08:33:46.690000+00:00,2024-05-09 08:33:42.690000+00:00,2024-05-09 08:33:50.690000+00:00,0,not_walking,0,not_walking,0.31350264
05447093A-110,05447093A-110_block_7,2024-05-09 08:33:47.690000+00:00,2024-05-09 08:33:43.690000+00:00,2024-05-09 08:33:51.690000+00:00,0,not_walking,0,not_walking,0.41155118
05447093A-110,05447093A-110_block_7,2024-05-09 08:33:48.690000+00:00,2024-05-09 08:33:44.690000+00:00,2024-05-09 08:33:52.690000+00:00,0,not_walking,0,not_walking,0.3849707
05447093A-110,05447093A-110_block_7,2024-05-09 08:33:49.690000+00:00,2024-05-09 08:33:45.690000+00:00,2024-05-09 08:33:53.690000+00:00,0,not_walking,0,not_walking,0.41113624
05447093A-110,05447093A-110_block_7,2024-05-09 08:33:50.690000+00:00,2024-05-09 08:33:46.690000+00:00,2024-05-09 08:33:54.690000+00:00,0,not_walking,0,not_walking,0.38503772
05447093A-110,05447093A-110_block_7,2024-05-09 08:33:51.690000+00:00,2024-05-09 08:33:47.690000+00:00,2024-05-09 08:33:55.690000+00:00,0,not_walking,0,not_walking,0.2697508
05447093A-110,05447093A-110_block_7,2024-05-09 08:33:52.690000+00:00,2024-05-09 08:33:48.690000+00:00,2024-05-09 08:33:56.690000+00:00,0,not_walking,0,not_walking,0.31695697
05447093A-110,05447093A-110_block_7,2024-05-09 08:33:53.690000+00:00,2024-05-09 08:33:49.690000+00:00,2024-05-09 08:33:57.690000+00:00,0,not_walking,0,not_walking,0.2800569
05447093A-110,05447093A-110_block_7,2024-05-09 08:33:54.690000+00:00,2024-05-09 08:33:50.690000+00:00,2024-05-09 08:33:58.690000+00:00,0,not_walking,0,not_walking,0.3154371
05447093A-110,05447093A-110_block_8,2024-05-09 09:44:05+00:00,2024-05-09 09:44:01+00:00,2024-05-09 09:44:09+00:00,0,not_walking,0,not_walking,0.29732016
05447093A-110,05447093A-110_block_8,2024-05-09 09:44:06+00:00,2024-05-09 09:44:02+00:00,2024-05-09 09:44:10+00:00,0,not_walking,0,not_walking,0.15903713
05447093A-110,05447093A-110_block_8,2024-05-09 09:44:07+00:00,2024-05-09 09:44:03+00:00,2024-05-09 09:44:11+00:00,0,not_walking,0,not_walking,0.29266164
05447093A-110,05447093A-110_block_8,2024-05-09 09:44:08+00:00,2024-05-09 09:44:04+00:00,2024-05-09 09:44:12+00:00,0,not_walking,0,not_walking,0.37957528
05447093A-110,05447093A-110_block_9,2024-05-09 09:44:23+00:00,2024-05-09 09:44:19+00:00,2024-05-09 09:44:27+00:00,0,not_walking,0,not_walking,0.3384619
05447093A-110,05447093A-110_block_9,2024-05-09 09:44:24+00:00,2024-05-09 09:44:20+00:00,2024-05-09 09:44:28+00:00,0,not_walking,0,not_walking,0.4431612
05447093A-110,05447093A-110_block_9,2024-05-09 09:44:25+00:00,2024-05-09 09:44:21+00:00,2024-05-09 09:44:29+00:00,0,not_walking,0,not_walking,0.4935875
05447093A-110,05447093A-110_block_9,2024-05-09 09:44:26+00:00,2024-05-09 09:44:22+00:00,2024-05-09 09:44:30+00:00,0,not_walking,0,not_walking,0.37937388
05447093A-110,05447093A-110_block_9,2024-05-09 09:44:27+00:00,2024-05-09 09:44:23+00:00,2024-05-09 09:44:31+00:00,0,not_walking,0,not_walking,0.38632002
05447093A-110,05447093A-110_block_9,2024-05-09 09:44:28+00:00,2024-05-09 09:44:24+00:00,2024-05-09 09:44:32+00:00,0,not_walking,0,not_walking,0.4537766
05447093A-110,05447093A-110_block_9,2024-05-09 09:44:29+00:00,2024-05-09 09:44:25+00:00,2024-05-09 09:44:33+00:00,0,not_walking,0,not_walking,0.4088977
05447093A-110,05447093A-110_block_9,2024-05-09 09:44:30+00:00,2024-05-09 09:44:26+00:00,2024-05-09 09:44:34+00:00,0,not_walking,0,not_walking,0.35923958
05447093A-110,05447093A-110_block_9,2024-05-09 09:44:31+00:00,2024-05-09 09:44:27+00:00,2024-05-09 09:44:35+00:00,0,not_walking,0,not_walking,0.3532403
05447093A-110,05447093A-110_block_9,2024-05-09 09:44:32+00:00,2024-05-09 09:44:28+00:00,2024-05-09 09:44:36+00:00,0,not_walking,0,not_walking,0.43241233
05447093A-110,05447093A-110_block_9,2024-05-09 09:44:33+00:00,2024-05-09 09:44:29+00:00,2024-05-09 09:44:37+00:00,0,not_walking,0,not_walking,0.46692705
05447093A-110,05447093A-110_block_9,2024-05-09 09:44:34+00:00,2024-05-09 09:44:30+00:00,2024-05-09 09:44:38+00:00,0,not_walking,1,walking,0.521349
05447093A-110,05447093A-110_block_9,2024-05-09 09:44:35+00:00,2024-05-09 09:44:31+00:00,2024-05-09 09:44:39+00:00,0,not_walking,0,not_walking,0.26369184
05447093A-110,05447093A-110_block_9,2024-05-09 09:44:36+00:00,2024-05-09 09:44:32+00:00,2024-05-09 09:44:40+00:00,0,not_walking,0,not_walking,0.32626522
05447093A-110,05447093A-110_block_9,2024-05-09 09:44:37+00:00,2024-05-09 09:44:33+00:00,2024-05-09 09:44:41+00:00,0,not_walking,1,walking,0.6520651
05447093A-110,05447093A-110_block_9,2024-05-09 09:44:38+00:00,2024-05-09 09:44:34+00:00,2024-05-09 09:44:42+00:00,0,not_walking,0,not_walking,0.38681966
05447093A-110,05447093A-110_block_9,2024-05-09 09:44:39+00:00,2024-05-09 09:44:35+00:00,2024-05-09 09:44:43+00:00,0,not_walking,1,walking,0.5294815
05447093A-110,05447093A-110_block_9,2024-05-09 09:44:40+00:00,2024-05-09 09:44:36+00:00,2024-05-09 09:44:44+00:00,0,not_walking,0,not_walking,0.38523626
05447093A-110,05447093A-110_block_9,2024-05-09 09:44:41+00:00,2024-05-09 09:44:37+00:00,2024-05-09 09:44:45+00:00,0,not_walking,0,not_walking,0.41308585
05447093A-110,05447093A-110_block_9,2024-05-09 09:44:42+00:00,2024-05-09 09:44:38+00:00,2024-05-09 09:44:46+00:00,0,not_walking,0,not_walking,0.33537677
05447093A-110,05447093A-110_block_9,2024-05-09 09:44:43+00:00,2024-05-09 09:44:39+00:00,2024-05-09 09:44:47+00:00,0,not_walking,0,not_walking,0.4465705
05447093A-110,05447093A-110_block_9,2024-05-09 09:44:44+00:00,2024-05-09 09:44:40+00:00,2024-05-09 09:44:48+00:00,0,not_walking,0,not_walking,0.2574917
05447093A-110,05447093A-110_block_9,2024-05-09 09:44:45+00:00,2024-05-09 09:44:41+00:00,2024-05-09 09:44:49+00:00,0,not_walking,0,not_walking,0.39808494
05447093A-110,05447093A-110_block_9,2024-05-09 09:44:46+00:00,2024-05-09 09:44:42+00:00,2024-05-09 09:44:50+00:00,0,not_walking,0,not_walking,0.3184178
05447093A-110,05447093A-110_block_9,2024-05-09 09:44:47+00:00,2024-05-09 09:44:43+00:00,2024-05-09 09:44:51+00:00,0,not_walking,0,not_walking,0.25431925
05447093A-110,05447093A-110_block_9,2024-05-09 09:44:48+00:00,2024-05-09 09:44:44+00:00,2024-05-09 09:44:52+00:00,0,not_walking,0,not_walking,0.23817103
05447093A-110,05447093A-110_block_9,2024-05-09 09:44:49+00:00,2024-05-09 09:44:45+00:00,2024-05-09 09:44:53+00:00,0,not_walking,0,not_walking,0.24792553
05447093A-110,05447093A-110_block_9,2024-05-09 09:44:50+00:00,2024-05-09 09:44:46+00:00,2024-05-09 09:44:54+00:00,0,not_walking,0,not_walking,0.2643266
05447093A-110,05447093A-110_block_9,2024-05-09 09:44:51+00:00,2024-05-09 09:44:47+00:00,2024-05-09 09:44:55+00:00,0,not_walking,0,not_walking,0.21118167
05447093A-110,05447093A-110_block_10,2024-05-09 09:57:50+00:00,2024-05-09 09:57:46+00:00,2024-05-09 09:57:54+00:00,1,walking,1,walking,0.83307874
05447093A-110,05447093A-110_block_10,2024-05-09 09:57:51+00:00,2024-05-09 09:57:47+00:00,2024-05-09 09:57:55+00:00,1,walking,1,walking,0.88600457
05447093A-110,05447093A-110_block_10,2024-05-09 09:57:52+00:00,2024-05-09 09:57:48+00:00,2024-05-09 09:57:56+00:00,1,walking,1,walking,0.8391331
05447093A-110,05447093A-110_block_10,2024-05-09 09:57:53+00:00,2024-05-09 09:57:49+00:00,2024-05-09 09:57:57+00:00,1,walking,1,walking,0.84714395
05447093A-110,05447093A-110_block_10,2024-05-09 09:57:54+00:00,2024-05-09 09:57:50+00:00,2024-05-09 09:57:58+00:00,1,walking,1,walking,0.85079247
05447093A-110,05447093A-110_block_10,2024-05-09 09:57:55+00:00,2024-05-09 09:57:51+00:00,2024-05-09 09:57:59+00:00,1,walking,1,walking,0.7348992
05447093A-110,05447093A-110_block_11,2024-05-09 10:19:31.010000+00:00,2024-05-09 10:19:27.010000+00:00,2024-05-09 10:19:35.010000+00:00,1,walking,1,walking,0.6218252
05447093A-110,05447093A-110_block_11,2024-05-09 10:19:32.010000+00:00,2024-05-09 10:19:28.010000+00:00,2024-05-09 10:19:36.010000+00:00,1,walking,0,not_walking,0.49102896
05447093A-110,05447093A-110_block_11,2024-05-09 10:19:33.010000+00:00,2024-05-09 10:19:29.010000+00:00,2024-05-09 10:19:37.010000+00:00,1,walking,1,walking,0.7078768
05447093A-110,05447093A-110_block_11,2024-05-09 10:19:34.010000+00:00,2024-05-09 10:19:30.010000+00:00,2024-05-09 10:19:38.010000+00:00,1,walking,1,walking,0.7283473
05447093A-110,05447093A-110_block_11,2024-05-09 10:19:35.010000+00:00,2024-05-09 10:19:31.010000+00:00,2024-05-09 10:19:39.010000+00:00,1,walking,1,walking,0.72726566
05447093A-110,05447093A-110_block_11,2024-05-09 10:19:36.010000+00:00,2024-05-09 10:19:32.010000+00:00,2024-05-09 10:19:40.010000+00:00,1,walking,0,not_walking,0.4660168
05447093A-110,05447093A-110_block_11,2024-05-09 10:19:37.010000+00:00,2024-05-09 10:19:33.010000+00:00,2024-05-09 10:19:41.010000+00:00,1,walking,1,walking,0.7478817
05447093A-110,05447093A-110_block_11,2024-05-09 10:19:38.010000+00:00,2024-05-09 10:19:34.010000+00:00,2024-05-09 10:19:42.010000+00:00,1,walking,1,walking,0.58913296
05447093A-110,05447093A-110_block_11,2024-05-09 10:19:39.010000+00:00,2024-05-09 10:19:35.010000+00:00,2024-05-09 10:19:43.010000+00:00,1,walking,1,walking,0.58658093
05447093A-110,05447093A-110_block_11,2024-05-09 10:19:40.010000+00:00,2024-05-09 10:19:36.010000+00:00,2024-05-09 10:19:44.010000+00:00,1,walking,1,walking,0.7280649
05447093A-110,05447093A-110_block_11,2024-05-09 10:19:41.010000+00:00,2024-05-09 10:19:37.010000+00:00,2024-05-09 10:19:45.010000+00:00,1,walking,0,not_walking,0.49008548
05447093A-110,05447093A-110_block_11,2024-05-09 10:19:42.010000+00:00,2024-05-09 10:19:38.010000+00:00,2024-05-09 10:19:46.010000+00:00,1,walking,1,walking,0.5576741
05447093A-110,05447093A-110_block_11,2024-05-09 10:19:43.010000+00:00,2024-05-09 10:19:39.010000+00:00,2024-05-09 10:19:47.010000+00:00,1,walking,1,walking,0.79240257
05447093A-110,05447093A-110_block_11,2024-05-09 10:19:44.010000+00:00,2024-05-09 10:19:40.010000+00:00,2024-05-09 10:19:48.010000+00:00,1,walking,1,walking,0.80182606
05447093A-110,05447093A-110_block_11,2024-05-09 10:19:45.010000+00:00,2024-05-09 10:19:41.010000+00:00,2024-05-09 10:19:49.010000+00:00,1,walking,1,walking,0.70556074
05447093A-110,05447093A-110_block_11,2024-05-09 10:19:46.010000+00:00,2024-05-09 10:19:42.010000+00:00,2024-05-09 10:19:50.010000+00:00,1,walking,1,walking,0.79470176
05447093A-110,05447093A-110_block_11,2024-05-09 10:19:47.010000+00:00,2024-05-09 10:19:43.010000+00:00,2024-05-09 10:19:51.010000+00:00,1,walking,1,walking,0.8425943
05447093A-110,05447093A-110_block_11,2024-05-09 10:19:48.010000+00:00,2024-05-09 10:19:44.010000+00:00,2024-05-09 10:19:52.010000+00:00,1,walking,1,walking,0.6855241
05447093A-110,05447093A-110_block_11,2024-05-09 10:19:49.010000+00:00,2024-05-09 10:19:45.010000+00:00,2024-05-09 10:19:53.010000+00:00,1,walking,1,walking,0.6136032
05447093A-110,05447093A-110_block_11,2024-05-09 10:19:50.010000+00:00,2024-05-09 10:19:46.010000+00:00,2024-05-09 10:19:54.010000+00:00,1,walking,1,walking,0.8396863
05447093A-110,05447093A-110_block_11,2024-05-09 10:19:51.010000+00:00,2024-05-09 10:19:47.010000+00:00,2024-05-09 10:19:55.010000+00:00,1,walking,1,walking,0.83947504
05447093A-110,05447093A-110_block_11,2024-05-09 10:19:52.010000+00:00,2024-05-09 10:19:48.010000+00:00,2024-05-09 10:19:56.010000+00:00,1,walking,1,walking,0.73461664
05447093A-110,05447093A-110_block_11,2024-05-09 10:19:53.010000+00:00,2024-05-09 10:19:49.010000+00:00,2024-05-09 10:19:57.010000+00:00,1,walking,1,walking,0.7044466
05447093A-110,05447093A-110_block_11,2024-05-09 10:19:54.010000+00:00,2024-05-09 10:19:50.010000+00:00,2024-05-09 10:19:58.010000+00:00,1,walking,1,walking,0.8174624
47046344M-104,47046344M-104_block_16,2024-10-15 07:29:03.010000+00:00,2024-10-15 07:28:59.010000+00:00,2024-10-15 07:29:07.010000+00:00,0,not_walking,1,walking,0.537335
47046344M-104,47046344M-104_block_16,2024-10-15 07:29:04.010000+00:00,2024-10-15 07:29:00.010000+00:00,2024-10-15 07:29:08.010000+00:00,0,not_walking,1,walking,0.60956836
47046344M-104,47046344M-104_block_16,2024-10-15 07:29:05.010000+00:00,2024-10-15 07:29:01.010000+00:00,2024-10-15 07:29:09.010000+00:00,0,not_walking,1,walking,0.56610596
47046344M-104,47046344M-104_block_16,2024-10-15 07:29:06.010000+00:00,2024-10-15 07:29:02.010000+00:00,2024-10-15 07:29:10.010000+00:00,0,not_walking,1,walking,0.6401127
47046344M-104,47046344M-104_block_16,2024-10-15 07:29:07.010000+00:00,2024-10-15 07:29:03.010000+00:00,2024-10-15 07:29:11.010000+00:00,0,not_walking,0,not_walking,0.42586738
47046344M-104,47046344M-104_block_16,2024-10-15 07:29:08.010000+00:00,2024-10-15 07:29:04.010000+00:00,2024-10-15 07:29:12.010000+00:00,0,not_walking,1,walking,0.6572536
47046344M-104,47046344M-104_block_16,2024-10-15 07:29:09.010000+00:00,2024-10-15 07:29:05.010000+00:00,2024-10-15 07:29:13.010000+00:00,0,not_walking,1,walking,0.59792536
47046344M-104,47046344M-104_block_16,2024-10-15 07:29:10.010000+00:00,2024-10-15 07:29:06.010000+00:00,2024-10-15 07:29:14.010000+00:00,0,not_walking,1,walking,0.56045824
47046344M-104,47046344M-104_block_16,2024-10-15 07:29:11.010000+00:00,2024-10-15 07:29:07.010000+00:00,2024-10-15 07:29:15.010000+00:00,0,not_walking,0,not_walking,0.48582605
47046344M-104,47046344M-104_block_16,2024-10-15 07:29:12.010000+00:00,2024-10-15 07:29:08.010000+00:00,2024-10-15 07:29:16.010000+00:00,0,not_walking,1,walking,0.66611475
47046344M-104,47046344M-104_block_16,2024-10-15 07:29:13.010000+00:00,2024-10-15 07:29:09.010000+00:00,2024-10-15 07:29:17.010000+00:00,0,not_walking,1,walking,0.51760995
47046344M-104,47046344M-104_block_16,2024-10-15 07:29:14.010000+00:00,2024-10-15 07:29:10.010000+00:00,2024-10-15 07:29:18.010000+00:00,0,not_walking,1,walking,0.6702963
47046344M-104,47046344M-104_block_16,2024-10-15 07:29:15.010000+00:00,2024-10-15 07:29:11.010000+00:00,2024-10-15 07:29:19.010000+00:00,0,not_walking,1,walking,0.58991355
47046344M-104,47046344M-104_block_16,2024-10-15 07:29:16.010000+00:00,2024-10-15 07:29:12.010000+00:00,2024-10-15 07:29:20.010000+00:00,0,not_walking,1,walking,0.62685674
47046344M-104,47046344M-104_block_16,2024-10-15 07:29:17.010000+00:00,2024-10-15 07:29:13.010000+00:00,2024-10-15 07:29:21.010000+00:00,0,not_walking,1,walking,0.63129693
47046344M-104,47046344M-104_block_16,2024-10-15 07:29:18.010000+00:00,2024-10-15 07:29:14.010000+00:00,2024-10-15 07:29:22.010000+00:00,0,not_walking,1,walking,0.56672484
47046344M-104,47046344M-104_block_16,2024-10-15 07:29:19.010000+00:00,2024-10-15 07:29:15.010000+00:00,2024-10-15 07:29:23.010000+00:00,0,not_walking,1,walking,0.54725206
47046344M-104,47046344M-104_block_16,2024-10-15 07:29:20.010000+00:00,2024-10-15 07:29:16.010000+00:00,2024-10-15 07:29:24.010000+00:00,0,not_walking,1,walking,0.65137357
47046344M-104,47046344M-104_block_16,2024-10-15 07:29:21.010000+00:00,2024-10-15 07:29:17.010000+00:00,2024-10-15 07:29:25.010000+00:00,0,not_walking,1,walking,0.55446017
47046344M-104,47046344M-104_block_16,2024-10-15 07:29:22.010000+00:00,2024-10-15 07:29:18.010000+00:00,2024-10-15 07:29:26.010000+00:00,0,not_walking,1,walking,0.6217458
47046344M-104,47046344M-104_block_16,2024-10-15 07:29:23.010000+00:00,2024-10-15 07:29:19.010000+00:00,2024-10-15 07:29:27.010000+00:00,0,not_walking,1,walking,0.60506094
47046344M-104,47046344M-104_block_16,2024-10-15 07:29:24.010000+00:00,2024-10-15 07:29:20.010000+00:00,2024-10-15 07:29:28.010000+00:00,0,not_walking,1,walking,0.6394769
47046344M-104,47046344M-104_block_16,2024-10-15 07:29:25.010000+00:00,2024-10-15 07:29:21.010000+00:00,2024-10-15 07:29:29.010000+00:00,0,not_walking,1,walking,0.5981614
47046344M-104,47046344M-104_block_16,2024-10-15 07:29:26.010000+00:00,2024-10-15 07:29:22.010000+00:00,2024-10-15 07:29:30.010000+00:00,0,not_walking,1,walking,0.6604399
47046344M-104,47046344M-104_block_16,2024-10-15 07:29:27.010000+00:00,2024-10-15 07:29:23.010000+00:00,2024-10-15 07:29:31.010000+00:00,0,not_walking,1,walking,0.6300492
47046344M-104,47046344M-104_block_16,2024-10-15 07:29:28.010000+00:00,2024-10-15 07:29:24.010000+00:00,2024-10-15 07:29:32.010000+00:00,0,not_walking,1,walking,0.5729605
47046344M-104,47046344M-104_block_16,2024-10-15 07:29:29.010000+00:00,2024-10-15 07:29:25.010000+00:00,2024-10-15 07:29:33.010000+00:00,0,not_walking,1,walking,0.5654475
47046344M-104,47046344M-104_block_16,2024-10-15 07:29:30.010000+00:00,2024-10-15 07:29:26.010000+00:00,2024-10-15 07:29:34.010000+00:00,0,not_walking,1,walking,0.61833215
47046344M-104,47046344M-104_block_16,2024-10-15 07:29:31.010000+00:00,2024-10-15 07:29:27.010000+00:00,2024-10-15 07:29:35.010000+00:00,0,not_walking,1,walking,0.58674127
47046344M-104,47046344M-104_block_16,2024-10-15 07:29:32.010000+00:00,2024-10-15 07:29:28.010000+00:00,2024-10-15 07:29:36.010000+00:00,0,not_walking,1,walking,0.6054056
47046344M-104,47046344M-104_block_16,2024-10-15 07:29:33.010000+00:00,2024-10-15 07:29:29.010000+00:00,2024-10-15 07:29:37.010000+00:00,0,not_walking,1,walking,0.6115498
47046344M-104,47046344M-104_block_16,2024-10-15 07:29:34.010000+00:00,2024-10-15 07:29:30.010000+00:00,2024-10-15 07:29:38.010000+00:00,0,not_walking,1,walking,0.6464538
47046344M-104,47046344M-104_block_16,2024-10-15 07:29:35.010000+00:00,2024-10-15 07:29:31.010000+00:00,2024-10-15 07:29:39.010000+00:00,0,not_walking,1,walking,0.62301844
47046344M-104,47046344M-104_block_16,2024-10-15 07:29:36.010000+00:00,2024-10-15 07:29:32.010000+00:00,2024-10-15 07:29:40.010000+00:00,0,not_walking,1,walking,0.66008294
47046344M-104,47046344M-104_block_16,2024-10-15 07:29:37.010000+00:00,2024-10-15 07:29:33.010000+00:00,2024-10-15 07:29:41.010000+00:00,0,not_walking,1,walking,0.66077536
47046344M-104,47046344M-104_block_16,2024-10-15 07:29:38.010000+00:00,2024-10-15 07:29:34.010000+00:00,2024-10-15 07:29:42.010000+00:00,0,not_walking,1,walking,0.54961336
47046344M-104,47046344M-104_block_16,2024-10-15 07:29:39.010000+00:00,2024-10-15 07:29:35.010000+00:00,2024-10-15 07:29:43.010000+00:00,0,not_walking,1,walking,0.5967257
47046344M-104,47046344M-104_block_16,2024-10-15 07:29:40.010000+00:00,2024-10-15 07:29:36.010000+00:00,2024-10-15 07:29:44.010000+00:00,0,not_walking,1,walking,0.6439509
47046344M-104,47046344M-104_block_16,2024-10-15 07:29:41.010000+00:00,2024-10-15 07:29:37.010000+00:00,2024-10-15 07:29:45.010000+00:00,0,not_walking,1,walking,0.60921556
47046344M-104,47046344M-104_block_16,2024-10-15 07:29:42.010000+00:00,2024-10-15 07:29:38.010000+00:00,2024-10-15 07:29:46.010000+00:00,0,not_walking,1,walking,0.51766837
47046344M-104,47046344M-104_block_16,2024-10-15 07:29:43.010000+00:00,2024-10-15 07:29:39.010000+00:00,2024-10-15 07:29:47.010000+00:00,0,not_walking,1,walking,0.6064875
47046344M-104,47046344M-104_block_16,2024-10-15 07:29:44.010000+00:00,2024-10-15 07:29:40.010000+00:00,2024-10-15 07:29:48.010000+00:00,0,not_walking,0,not_walking,0.4672108
47046344M-104,47046344M-104_block_16,2024-10-15 07:29:45.010000+00:00,2024-10-15 07:29:41.010000+00:00,2024-10-15 07:29:49.010000+00:00,0,not_walking,1,walking,0.56414795
47046344M-104,47046344M-104_block_16,2024-10-15 07:29:46.010000+00:00,2024-10-15 07:29:42.010000+00:00,2024-10-15 07:29:50.010000+00:00,0,not_walking,0,not_walking,0.47901797
47046344M-104,47046344M-104_block_16,2024-10-15 07:29:47.010000+00:00,2024-10-15 07:29:43.010000+00:00,2024-10-15 07:29:51.010000+00:00,0,not_walking,0,not_walking,0.4831309
47046344M-104,47046344M-104_block_16,2024-10-15 07:29:48.010000+00:00,2024-10-15 07:29:44.010000+00:00,2024-10-15 07:29:52.010000+00:00,0,not_walking,1,walking,0.52331334
47046344M-104,47046344M-104_block_16,2024-10-15 07:29:49.010000+00:00,2024-10-15 07:29:45.010000+00:00,2024-10-15 07:29:53.010000+00:00,0,not_walking,1,walking,0.5442766
47046344M-104,47046344M-104_block_16,2024-10-15 07:29:50.010000+00:00,2024-10-15 07:29:46.010000+00:00,2024-10-15 07:29:54.010000+00:00,0,not_walking,0,not_walking,0.41474336
47046344M-104,47046344M-104_block_16,2024-10-15 07:29:51.010000+00:00,2024-10-15 07:29:47.010000+00:00,2024-10-15 07:29:55.010000+00:00,0,not_walking,1,walking,0.5331182
47046344M-104,47046344M-104_block_16,2024-10-15 07:29:52.010000+00:00,2024-10-15 07:29:48.010000+00:00,2024-10-15 07:29:56.010000+00:00,0,not_walking,0,not_walking,0.41012028
47046344M-104,47046344M-104_block_16,2024-10-15 07:29:53.010000+00:00,2024-10-15 07:29:49.010000+00:00,2024-10-15 07:29:57.010000+00:00,0,not_walking,1,walking,0.5813161
47046344M-104,47046344M-104_block_16,2024-10-15 07:29:54.010000+00:00,2024-10-15 07:29:50.010000+00:00,2024-10-15 07:29:58.010000+00:00,0,not_walking,0,not_walking,0.46969855
47046344M-104,47046344M-104_block_16,2024-10-15 07:29:55.010000+00:00,2024-10-15 07:29:51.010000+00:00,2024-10-15 07:30:03.010000+00:00,0,not_walking,0,not_walking,0.41746235
47046344M-104,47046344M-104_block_16,2024-10-15 07:29:56.010000+00:00,2024-10-15 07:29:52.010000+00:00,2024-10-15 07:30:04.010000+00:00,0,not_walking,1,walking,0.7334216
47046344M-104,47046344M-104_block_16,2024-10-15 07:29:57.010000+00:00,2024-10-15 07:29:53.010000+00:00,2024-10-15 07:30:05.010000+00:00,0,not_walking,0,not_walking,0.48942855
47046344M-104,47046344M-104_block_16,2024-10-15 07:29:58.010000+00:00,2024-10-15 07:29:54.010000+00:00,2024-10-15 07:30:06.010000+00:00,0,not_walking,1,walking,0.507656
47046344M-104,47046344M-104_block_16,2024-10-15 07:30:03.010000+00:00,2024-10-15 07:29:55.010000+00:00,2024-10-15 07:30:07.010000+00:00,1,walking,0,not_walking,0.44847172
47046344M-104,47046344M-104_block_16,2024-10-15 07:30:04.010000+00:00,2024-10-15 07:29:56.010000+00:00,2024-10-15 07:30:08.010000+00:00,1,walking,1,walking,0.5221757
47046344M-104,47046344M-104_block_16,2024-10-15 07:30:05.010000+00:00,2024-10-15 07:29:57.010000+00:00,2024-10-15 07:30:09.010000+00:00,1,walking,0,not_walking,0.49941993
47046344M-104,47046344M-104_block_16,2024-10-15 07:30:06.010000+00:00,2024-10-15 07:29:58.010000+00:00,2024-10-15 07:30:10.010000+00:00,1,walking,0,not_walking,0.4431701
47046344M-104,47046344M-104_block_16,2024-10-15 07:30:07.010000+00:00,2024-10-15 07:30:03.010000+00:00,2024-10-15 07:30:11.010000+00:00,1,walking,1,walking,0.50895417
47046344M-104,47046344M-104_block_16,2024-10-15 07:30:08.010000+00:00,2024-10-15 07:30:04.010000+00:00,2024-10-15 07:30:12.010000+00:00,1,walking,1,walking,0.6265697
47046344M-104,47046344M-104_block_16,2024-10-15 07:30:09.010000+00:00,2024-10-15 07:30:05.010000+00:00,2024-10-15 07:30:13.010000+00:00,1,walking,1,walking,0.64496887
47046344M-104,47046344M-104_block_16,2024-10-15 07:30:10.010000+00:00,2024-10-15 07:30:06.010000+00:00,2024-10-15 07:30:14.010000+00:00,1,walking,1,walking,0.6637968
47046344M-104,47046344M-104_block_16,2024-10-15 07:30:11.010000+00:00,2024-10-15 07:30:07.010000+00:00,2024-10-15 07:30:17.010000+00:00,1,walking,1,walking,0.7307924
47046344M-104,47046344M-104_block_16,2024-10-15 07:30:12.010000+00:00,2024-10-15 07:30:08.010000+00:00,2024-10-15 07:30:18.010000+00:00,1,walking,1,walking,0.6265468
47046344M-104,47046344M-104_block_16,2024-10-15 07:30:13.010000+00:00,2024-10-15 07:30:09.010000+00:00,2024-10-15 07:30:19.010000+00:00,1,walking,1,walking,0.50812674
47046344M-104,47046344M-104_block_16,2024-10-15 07:30:14.010000+00:00,2024-10-15 07:30:10.010000+00:00,2024-10-15 07:30:20.010000+00:00,1,walking,1,walking,0.5402311
47046344M-104,47046344M-104_block_16,2024-10-15 07:30:17.010000+00:00,2024-10-15 07:30:11.010000+00:00,2024-10-15 07:30:21.010000+00:00,0,not_walking,1,walking,0.70958686
47046344M-104,47046344M-104_block_16,2024-10-15 07:30:18.010000+00:00,2024-10-15 07:30:12.010000+00:00,2024-10-15 07:30:22.010000+00:00,0,not_walking,1,walking,0.67849237
47046344M-104,47046344M-104_block_16,2024-10-15 07:30:19.010000+00:00,2024-10-15 07:30:13.010000+00:00,2024-10-15 07:30:23.010000+00:00,0,not_walking,1,walking,0.68001294
47046344M-104,47046344M-104_block_16,2024-10-15 07:30:20.010000+00:00,2024-10-15 07:30:14.010000+00:00,2024-10-15 07:30:24.010000+00:00,0,not_walking,1,walking,0.59379864
47046344M-104,47046344M-104_block_16,2024-10-15 07:30:21.010000+00:00,2024-10-15 07:30:17.010000+00:00,2024-10-15 07:30:25.010000+00:00,0,not_walking,1,walking,0.6084933
47046344M-104,47046344M-104_block_16,2024-10-15 07:30:22.010000+00:00,2024-10-15 07:30:18.010000+00:00,2024-10-15 07:30:26.010000+00:00,0,not_walking,1,walking,0.6370846
47046344M-104,47046344M-104_block_16,2024-10-15 07:30:23.010000+00:00,2024-10-15 07:30:19.010000+00:00,2024-10-15 07:30:27.010000+00:00,0,not_walking,1,walking,0.66077024
47046344M-104,47046344M-104_block_16,2024-10-15 07:30:24.010000+00:00,2024-10-15 07:30:20.010000+00:00,2024-10-15 07:30:28.010000+00:00,0,not_walking,1,walking,0.58563775
47046344M-104,47046344M-104_block_16,2024-10-15 07:30:25.010000+00:00,2024-10-15 07:30:21.010000+00:00,2024-10-15 07:30:29.010000+00:00,0,not_walking,1,walking,0.73342276
47046344M-104,47046344M-104_block_16,2024-10-15 07:30:26.010000+00:00,2024-10-15 07:30:22.010000+00:00,2024-10-15 07:30:30.010000+00:00,0,not_walking,1,walking,0.6880739
47046344M-104,47046344M-104_block_16,2024-10-15 07:30:27.010000+00:00,2024-10-15 07:30:23.010000+00:00,2024-10-15 07:30:31.010000+00:00,0,not_walking,1,walking,0.6683146
47046344M-104,47046344M-104_block_16,2024-10-15 07:30:28.010000+00:00,2024-10-15 07:30:24.010000+00:00,2024-10-15 07:30:32.010000+00:00,0,not_walking,1,walking,0.67017734
47046344M-104,47046344M-104_block_16,2024-10-15 07:30:29.010000+00:00,2024-10-15 07:30:25.010000+00:00,2024-10-15 07:30:33.010000+00:00,0,not_walking,1,walking,0.66783637
47046344M-104,47046344M-104_block_16,2024-10-15 07:30:30.010000+00:00,2024-10-15 07:30:26.010000+00:00,2024-10-15 07:30:34.010000+00:00,0,not_walking,1,walking,0.6530902
47046344M-104,47046344M-104_block_16,2024-10-15 07:30:31.010000+00:00,2024-10-15 07:30:27.010000+00:00,2024-10-15 07:30:35.010000+00:00,0,not_walking,1,walking,0.7087443
47046344M-104,47046344M-104_block_16,2024-10-15 07:30:32.010000+00:00,2024-10-15 07:30:28.010000+00:00,2024-10-15 07:30:36.010000+00:00,0,not_walking,1,walking,0.67075413
47046344M-104,47046344M-104_block_16,2024-10-15 07:30:33.010000+00:00,2024-10-15 07:30:29.010000+00:00,2024-10-15 07:30:37.010000+00:00,0,not_walking,1,walking,0.6606814
47046344M-104,47046344M-104_block_16,2024-10-15 07:30:34.010000+00:00,2024-10-15 07:30:30.010000+00:00,2024-10-15 07:30:38.010000+00:00,0,not_walking,1,walking,0.694719
47046344M-104,47046344M-104_block_16,2024-10-15 07:30:35.010000+00:00,2024-10-15 07:30:31.010000+00:00,2024-10-15 07:30:39.010000+00:00,0,not_walking,1,walking,0.7085372
47046344M-104,47046344M-104_block_16,2024-10-15 07:30:36.010000+00:00,2024-10-15 07:30:32.010000+00:00,2024-10-15 07:30:40.010000+00:00,0,not_walking,1,walking,0.675463
47046344M-104,47046344M-104_block_16,2024-10-15 07:30:37.010000+00:00,2024-10-15 07:30:33.010000+00:00,2024-10-15 07:30:41.010000+00:00,0,not_walking,1,walking,0.60414267
47046344M-104,47046344M-104_block_16,2024-10-15 07:30:38.010000+00:00,2024-10-15 07:30:34.010000+00:00,2024-10-15 07:30:42.010000+00:00,0,not_walking,1,walking,0.65845937
47046344M-104,47046344M-104_block_16,2024-10-15 07:30:39.010000+00:00,2024-10-15 07:30:35.010000+00:00,2024-10-15 07:30:43.010000+00:00,0,not_walking,1,walking,0.6508136
47046344M-104,47046344M-104_block_16,2024-10-15 07:30:40.010000+00:00,2024-10-15 07:30:36.010000+00:00,2024-10-15 07:30:44.010000+00:00,0,not_walking,1,walking,0.6481446
47046344M-104,47046344M-104_block_16,2024-10-15 07:30:41.010000+00:00,2024-10-15 07:30:37.010000+00:00,2024-10-15 07:30:45.010000+00:00,0,not_walking,0,not_walking,0.46462688
47046344M-104,47046344M-104_block_16,2024-10-15 07:30:42.010000+00:00,2024-10-15 07:30:38.010000+00:00,2024-10-15 07:30:46.010000+00:00,0,not_walking,1,walking,0.6631903
47046344M-104,47046344M-104_block_16,2024-10-15 07:30:43.010000+00:00,2024-10-15 07:30:39.010000+00:00,2024-10-15 07:30:47.010000+00:00,0,not_walking,1,walking,0.64100045
47046344M-104,47046344M-104_block_16,2024-10-15 07:30:44.010000+00:00,2024-10-15 07:30:40.010000+00:00,2024-10-15 07:30:48.010000+00:00,0,not_walking,1,walking,0.5695845
47046344M-104,47046344M-104_block_16,2024-10-15 07:30:45.010000+00:00,2024-10-15 07:30:41.010000+00:00,2024-10-15 07:30:49.010000+00:00,0,not_walking,1,walking,0.6285503
47046344M-104,47046344M-104_block_16,2024-10-15 07:30:46.010000+00:00,2024-10-15 07:30:42.010000+00:00,2024-10-15 07:30:50.010000+00:00,0,not_walking,1,walking,0.6792616
47046344M-104,47046344M-104_block_16,2024-10-15 07:30:47.010000+00:00,2024-10-15 07:30:43.010000+00:00,2024-10-15 07:30:51.010000+00:00,0,not_walking,1,walking,0.6113468
47046344M-104,47046344M-104_block_16,2024-10-15 07:30:48.010000+00:00,2024-10-15 07:30:44.010000+00:00,2024-10-15 07:30:52.010000+00:00,0,not_walking,1,walking,0.6927226
47046344M-104,47046344M-104_block_16,2024-10-15 07:30:49.010000+00:00,2024-10-15 07:30:45.010000+00:00,2024-10-15 07:30:53.010000+00:00,0,not_walking,1,walking,0.64145964
47046344M-104,47046344M-104_block_16,2024-10-15 07:30:50.010000+00:00,2024-10-15 07:30:46.010000+00:00,2024-10-15 07:30:54.010000+00:00,0,not_walking,1,walking,0.6932545
47046344M-104,47046344M-104_block_16,2024-10-15 07:30:51.010000+00:00,2024-10-15 07:30:47.010000+00:00,2024-10-15 07:30:55.010000+00:00,0,not_walking,1,walking,0.5508919
47046344M-104,47046344M-104_block_16,2024-10-15 07:30:52.010000+00:00,2024-10-15 07:30:48.010000+00:00,2024-10-15 07:30:56.010000+00:00,0,not_walking,1,walking,0.6858096
47046344M-104,47046344M-104_block_16,2024-10-15 07:30:53.010000+00:00,2024-10-15 07:30:49.010000+00:00,2024-10-15 07:30:57.010000+00:00,0,not_walking,1,walking,0.71083885
47046344M-104,47046344M-104_block_16,2024-10-15 07:30:54.010000+00:00,2024-10-15 07:30:50.010000+00:00,2024-10-15 07:30:58.010000+00:00,0,not_walking,1,walking,0.7237912
47046344M-104,47046344M-104_block_16,2024-10-15 07:30:55.010000+00:00,2024-10-15 07:30:51.010000+00:00,2024-10-15 07:30:59.010000+00:00,0,not_walking,1,walking,0.66848093
47046344M-104,47046344M-104_block_16,2024-10-15 07:30:56.010000+00:00,2024-10-15 07:30:52.010000+00:00,2024-10-15 07:31:00.010000+00:00,0,not_walking,1,walking,0.67102575
47046344M-104,47046344M-104_block_16,2024-10-15 07:30:57.010000+00:00,2024-10-15 07:30:53.010000+00:00,2024-10-15 07:31:01.010000+00:00,0,not_walking,1,walking,0.678659
47046344M-104,47046344M-104_block_16,2024-10-15 07:30:58.010000+00:00,2024-10-15 07:30:54.010000+00:00,2024-10-15 07:31:02.010000+00:00,0,not_walking,1,walking,0.6506706
47046344M-104,47046344M-104_block_16,2024-10-15 07:30:59.010000+00:00,2024-10-15 07:30:55.010000+00:00,2024-10-15 07:31:03.010000+00:00,0,not_walking,1,walking,0.6718878
47046344M-104,47046344M-104_block_16,2024-10-15 07:31:00.010000+00:00,2024-10-15 07:30:56.010000+00:00,2024-10-15 07:31:04.010000+00:00,0,not_walking,1,walking,0.6457645
47046344M-104,47046344M-104_block_16,2024-10-15 07:31:01.010000+00:00,2024-10-15 07:30:57.010000+00:00,2024-10-15 07:31:05.010000+00:00,0,not_walking,1,walking,0.63181055
47046344M-104,47046344M-104_block_16,2024-10-15 07:31:02.010000+00:00,2024-10-15 07:30:58.010000+00:00,2024-10-15 07:31:06.010000+00:00,0,not_walking,1,walking,0.543646
47046344M-104,47046344M-104_block_16,2024-10-15 07:31:03.010000+00:00,2024-10-15 07:30:59.010000+00:00,2024-10-15 07:31:07.010000+00:00,0,not_walking,0,not_walking,0.43455225
47046344M-104,47046344M-104_block_16,2024-10-15 07:31:04.010000+00:00,2024-10-15 07:31:00.010000+00:00,2024-10-15 07:31:08.010000+00:00,0,not_walking,1,walking,0.8068714
47046344M-104,47046344M-104_block_16,2024-10-15 07:31:05.010000+00:00,2024-10-15 07:31:01.010000+00:00,2024-10-15 07:31:09.010000+00:00,0,not_walking,1,walking,0.66045564
47046344M-104,47046344M-104_block_16,2024-10-15 07:31:06.010000+00:00,2024-10-15 07:31:02.010000+00:00,2024-10-15 07:31:10.010000+00:00,0,not_walking,0,not_walking,0.41716585
47046344M-104,47046344M-104_block_16,2024-10-15 07:31:07.010000+00:00,2024-10-15 07:31:03.010000+00:00,2024-10-15 07:31:11.010000+00:00,0,not_walking,1,walking,0.51485616
47046344M-104,47046344M-104_block_16,2024-10-15 07:31:08.010000+00:00,2024-10-15 07:31:04.010000+00:00,2024-10-15 07:31:12.010000+00:00,0,not_walking,1,walking,0.6041332
47046344M-104,47046344M-104_block_16,2024-10-15 07:31:09.010000+00:00,2024-10-15 07:31:05.010000+00:00,2024-10-15 07:31:13.010000+00:00,0,not_walking,0,not_walking,0.49952635
47046344M-104,47046344M-104_block_16,2024-10-15 07:31:10.010000+00:00,2024-10-15 07:31:06.010000+00:00,2024-10-15 07:31:14.010000+00:00,0,not_walking,0,not_walking,0.4213756
47046344M-104,47046344M-104_block_16,2024-10-15 07:31:11.010000+00:00,2024-10-15 07:31:07.010000+00:00,2024-10-15 07:31:15.010000+00:00,0,not_walking,0,not_walking,0.48711056
47046344M-104,47046344M-104_block_16,2024-10-15 07:31:12.010000+00:00,2024-10-15 07:31:08.010000+00:00,2024-10-15 07:31:16.010000+00:00,0,not_walking,1,walking,0.57052994
47046344M-104,47046344M-104_block_16,2024-10-15 07:31:13.010000+00:00,2024-10-15 07:31:09.010000+00:00,2024-10-15 07:31:17.010000+00:00,0,not_walking,0,not_walking,0.4506508
47046344M-104,47046344M-104_block_16,2024-10-15 07:31:14.010000+00:00,2024-10-15 07:31:10.010000+00:00,2024-10-15 07:31:18.010000+00:00,0,not_walking,0,not_walking,0.43940124
47046344M-104,47046344M-104_block_16,2024-10-15 07:31:15.010000+00:00,2024-10-15 07:31:11.010000+00:00,2024-10-15 07:31:19.010000+00:00,0,not_walking,0,not_walking,0.45853382
47046344M-104,47046344M-104_block_16,2024-10-15 07:31:16.010000+00:00,2024-10-15 07:31:12.010000+00:00,2024-10-15 07:31:20.010000+00:00,0,not_walking,0,not_walking,0.43639642
47046344M-104,47046344M-104_block_16,2024-10-15 07:31:17.010000+00:00,2024-10-15 07:31:13.010000+00:00,2024-10-15 07:31:21.010000+00:00,0,not_walking,0,not_walking,0.4045399
47046344M-104,47046344M-104_block_16,2024-10-15 07:31:18.010000+00:00,2024-10-15 07:31:14.010000+00:00,2024-10-15 07:31:22.010000+00:00,0,not_walking,0,not_walking,0.4348222
47046344M-104,47046344M-104_block_16,2024-10-15 07:31:19.010000+00:00,2024-10-15 07:31:15.010000+00:00,2024-10-15 07:31:23.010000+00:00,0,not_walking,0,not_walking,0.46622428
47046344M-104,47046344M-104_block_16,2024-10-15 07:31:20.010000+00:00,2024-10-15 07:31:16.010000+00:00,2024-10-15 07:31:24.010000+00:00,0,not_walking,0,not_walking,0.47873482
47046344M-104,47046344M-104_block_16,2024-10-15 07:31:21.010000+00:00,2024-10-15 07:31:17.010000+00:00,2024-10-15 07:31:25.010000+00:00,0,not_walking,0,not_walking,0.398973
47046344M-104,47046344M-104_block_16,2024-10-15 07:31:22.010000+00:00,2024-10-15 07:31:18.010000+00:00,2024-10-15 07:31:26.010000+00:00,0,not_walking,0,not_walking,0.42061114
47046344M-104,47046344M-104_block_16,2024-10-15 07:31:23.010000+00:00,2024-10-15 07:31:19.010000+00:00,2024-10-15 07:31:27.010000+00:00,0,not_walking,1,walking,0.54361886
47046344M-104,47046344M-104_block_16,2024-10-15 07:31:24.010000+00:00,2024-10-15 07:31:20.010000+00:00,2024-10-15 07:31:28.010000+00:00,0,not_walking,0,not_walking,0.48714092
47046344M-104,47046344M-104_block_16,2024-10-15 07:31:25.010000+00:00,2024-10-15 07:31:21.010000+00:00,2024-10-15 07:31:29.010000+00:00,0,not_walking,0,not_walking,0.4472968
47046344M-104,47046344M-104_block_16,2024-10-15 07:31:26.010000+00:00,2024-10-15 07:31:22.010000+00:00,2024-10-15 07:31:30.010000+00:00,0,not_walking,0,not_walking,0.4640654
47046344M-104,47046344M-104_block_16,2024-10-15 07:31:27.010000+00:00,2024-10-15 07:31:23.010000+00:00,2024-10-15 07:31:31.010000+00:00,0,not_walking,1,walking,0.5035033
47046344M-104,47046344M-104_block_16,2024-10-15 07:31:28.010000+00:00,2024-10-15 07:31:24.010000+00:00,2024-10-15 07:31:32.010000+00:00,0,not_walking,1,walking,0.5365536
47046344M-104,47046344M-104_block_16,2024-10-15 07:31:29.010000+00:00,2024-10-15 07:31:25.010000+00:00,2024-10-15 07:31:33.010000+00:00,0,not_walking,1,walking,0.5107928
47046344M-104,47046344M-104_block_16,2024-10-15 07:31:30.010000+00:00,2024-10-15 07:31:26.010000+00:00,2024-10-15 07:31:34.010000+00:00,0,not_walking,1,walking,0.63533443
47046344M-104,47046344M-104_block_16,2024-10-15 07:31:31.010000+00:00,2024-10-15 07:31:27.010000+00:00,2024-10-15 07:31:35.010000+00:00,0,not_walking,1,walking,0.57358545
47046344M-104,47046344M-104_block_16,2024-10-15 07:31:32.010000+00:00,2024-10-15 07:31:28.010000+00:00,2024-10-15 07:31:36.010000+00:00,0,not_walking,1,walking,0.6268287
47046344M-104,47046344M-104_block_16,2024-10-15 07:31:33.010000+00:00,2024-10-15 07:31:29.010000+00:00,2024-10-15 07:31:37.010000+00:00,0,not_walking,1,walking,0.5683934
47046344M-104,47046344M-104_block_16,2024-10-15 07:31:34.010000+00:00,2024-10-15 07:31:30.010000+00:00,2024-10-15 07:31:38.010000+00:00,0,not_walking,1,walking,0.6547188
47046344M-104,47046344M-104_block_16,2024-10-15 07:31:35.010000+00:00,2024-10-15 07:31:31.010000+00:00,2024-10-15 07:31:39.010000+00:00,0,not_walking,1,walking,0.6354044
47046344M-104,47046344M-104_block_16,2024-10-15 07:31:36.010000+00:00,2024-10-15 07:31:32.010000+00:00,2024-10-15 07:31:40.010000+00:00,0,not_walking,1,walking,0.62433827
47046344M-104,47046344M-104_block_16,2024-10-15 07:31:37.010000+00:00,2024-10-15 07:31:33.010000+00:00,2024-10-15 07:31:41.010000+00:00,0,not_walking,1,walking,0.59055394
47046344M-104,47046344M-104_block_16,2024-10-15 07:31:38.010000+00:00,2024-10-15 07:31:34.010000+00:00,2024-10-15 07:31:42.010000+00:00,0,not_walking,1,walking,0.6290391
47046344M-104,47046344M-104_block_16,2024-10-15 07:31:39.010000+00:00,2024-10-15 07:31:35.010000+00:00,2024-10-15 07:31:43.010000+00:00,0,not_walking,1,walking,0.59312207
47046344M-104,47046344M-104_block_16,2024-10-15 07:31:40.010000+00:00,2024-10-15 07:31:36.010000+00:00,2024-10-15 07:31:44.010000+00:00,0,not_walking,1,walking,0.6379203
47046344M-104,47046344M-104_block_16,2024-10-15 07:31:41.010000+00:00,2024-10-15 07:31:37.010000+00:00,2024-10-15 07:31:45.010000+00:00,0,not_walking,1,walking,0.6510091
47046344M-104,47046344M-104_block_16,2024-10-15 07:31:42.010000+00:00,2024-10-15 07:31:38.010000+00:00,2024-10-15 07:31:46.010000+00:00,0,not_walking,1,walking,0.6149118
47046344M-104,47046344M-104_block_16,2024-10-15 07:31:43.010000+00:00,2024-10-15 07:31:39.010000+00:00,2024-10-15 07:31:47.010000+00:00,0,not_walking,1,walking,0.5628789
47046344M-104,47046344M-104_block_16,2024-10-15 07:31:44.010000+00:00,2024-10-15 07:31:40.010000+00:00,2024-10-15 07:31:48.010000+00:00,0,not_walking,1,walking,0.6067958
47046344M-104,47046344M-104_block_16,2024-10-15 07:31:45.010000+00:00,2024-10-15 07:31:41.010000+00:00,2024-10-15 07:31:49.010000+00:00,0,not_walking,1,walking,0.5605896
47046344M-104,47046344M-104_block_17,2024-10-15 07:31:59.020000+00:00,2024-10-15 07:31:55.020000+00:00,2024-10-15 07:32:03.020000+00:00,1,walking,1,walking,0.55468524
47046344M-104,47046344M-104_block_17,2024-10-15 07:32:00.020000+00:00,2024-10-15 07:31:56.020000+00:00,2024-10-15 07:32:04.020000+00:00,1,walking,1,walking,0.58936405
47046344M-104,47046344M-104_block_17,2024-10-15 07:32:01.020000+00:00,2024-10-15 07:31:57.020000+00:00,2024-10-15 07:32:05.020000+00:00,1,walking,1,walking,0.5028666
47046344M-104,47046344M-104_block_17,2024-10-15 07:32:02.020000+00:00,2024-10-15 07:31:58.020000+00:00,2024-10-15 07:32:06.020000+00:00,1,walking,1,walking,0.53874284
47046344M-104,47046344M-104_block_17,2024-10-15 07:32:03.020000+00:00,2024-10-15 07:31:59.020000+00:00,2024-10-15 07:32:07.020000+00:00,1,walking,1,walking,0.5427558
47046344M-104,47046344M-104_block_17,2024-10-15 07:32:04.020000+00:00,2024-10-15 07:32:00.020000+00:00,2024-10-15 07:32:08.020000+00:00,1,walking,1,walking,0.5663665
47046344M-104,47046344M-104_block_17,2024-10-15 07:32:05.020000+00:00,2024-10-15 07:32:01.020000+00:00,2024-10-15 07:32:09.020000+00:00,1,walking,1,walking,0.5801301
47046344M-104,47046344M-104_block_17,2024-10-15 07:32:06.020000+00:00,2024-10-15 07:32:02.020000+00:00,2024-10-15 07:32:10.020000+00:00,1,walking,0,not_walking,0.4593536
47046344M-104,47046344M-104_block_17,2024-10-15 07:32:07.020000+00:00,2024-10-15 07:32:03.020000+00:00,2024-10-15 07:32:11.020000+00:00,1,walking,1,walking,0.54927063
47046344M-104,47046344M-104_block_17,2024-10-15 07:32:08.020000+00:00,2024-10-15 07:32:04.020000+00:00,2024-10-15 07:32:12.020000+00:00,1,walking,1,walking,0.56291443
47046344M-104,47046344M-104_block_17,2024-10-15 07:32:09.020000+00:00,2024-10-15 07:32:05.020000+00:00,2024-10-15 07:32:13.020000+00:00,1,walking,1,walking,0.6076477
47046344M-104,47046344M-104_block_17,2024-10-15 07:32:10.020000+00:00,2024-10-15 07:32:06.020000+00:00,2024-10-15 07:32:14.020000+00:00,1,walking,1,walking,0.52813077
47046344M-104,47046344M-104_block_17,2024-10-15 07:32:11.020000+00:00,2024-10-15 07:32:07.020000+00:00,2024-10-15 07:32:15.020000+00:00,1,walking,0,not_walking,0.45800808
47046344M-104,47046344M-104_block_17,2024-10-15 07:32:12.020000+00:00,2024-10-15 07:32:08.020000+00:00,2024-10-15 07:32:16.020000+00:00,1,walking,1,walking,0.5164563
47046344M-104,47046344M-104_block_17,2024-10-15 07:32:13.020000+00:00,2024-10-15 07:32:09.020000+00:00,2024-10-15 07:32:17.020000+00:00,1,walking,1,walking,0.5614843
47046344M-104,47046344M-104_block_17,2024-10-15 07:32:14.020000+00:00,2024-10-15 07:32:10.020000+00:00,2024-10-15 07:32:18.020000+00:00,1,walking,1,walking,0.526581
47046344M-104,47046344M-104_block_17,2024-10-15 07:32:15.020000+00:00,2024-10-15 07:32:11.020000+00:00,2024-10-15 07:32:19.020000+00:00,1,walking,1,walking,0.5136558
47046344M-104,47046344M-104_block_17,2024-10-15 07:32:16.020000+00:00,2024-10-15 07:32:12.020000+00:00,2024-10-15 07:32:20.020000+00:00,1,walking,1,walking,0.5884014
47046344M-104,47046344M-104_block_17,2024-10-15 07:32:17.020000+00:00,2024-10-15 07:32:13.020000+00:00,2024-10-15 07:32:21.020000+00:00,1,walking,1,walking,0.5857842
47046344M-104,47046344M-104_block_17,2024-10-15 07:32:18.020000+00:00,2024-10-15 07:32:14.020000+00:00,2024-10-15 07:32:22.020000+00:00,1,walking,1,walking,0.57607436
47046344M-104,47046344M-104_block_17,2024-10-15 07:32:19.020000+00:00,2024-10-15 07:32:15.020000+00:00,2024-10-15 07:32:23.020000+00:00,1,walking,0,not_walking,0.4986344
47046344M-104,47046344M-104_block_17,2024-10-15 07:32:20.020000+00:00,2024-10-15 07:32:16.020000+00:00,2024-10-15 07:32:24.020000+00:00,1,walking,0,not_walking,0.4944116
47046344M-104,47046344M-104_block_17,2024-10-15 07:32:21.020000+00:00,2024-10-15 07:32:17.020000+00:00,2024-10-15 07:32:25.020000+00:00,1,walking,0,not_walking,0.3923359
47046344M-104,47046344M-104_block_17,2024-10-15 07:32:22.020000+00:00,2024-10-15 07:32:18.020000+00:00,2024-10-15 07:32:26.020000+00:00,1,walking,0,not_walking,0.42926455
47046344M-104,47046344M-104_block_17,2024-10-15 07:32:23.020000+00:00,2024-10-15 07:32:19.020000+00:00,2024-10-15 07:32:27.020000+00:00,1,walking,0,not_walking,0.4642695
47046344M-104,47046344M-104_block_17,2024-10-15 07:32:24.020000+00:00,2024-10-15 07:32:20.020000+00:00,2024-10-15 07:32:28.020000+00:00,1,walking,1,walking,0.5761824
47046344M-104,47046344M-104_block_18,2024-10-15 07:33:43.020000+00:00,2024-10-15 07:33:39.020000+00:00,2024-10-15 07:33:47.020000+00:00,1,walking,1,walking,0.51348764
47046344M-104,47046344M-104_block_18,2024-10-15 07:33:44.020000+00:00,2024-10-15 07:33:40.020000+00:00,2024-10-15 07:33:48.020000+00:00,1,walking,0,not_walking,0.3892105
47046344M-104,47046344M-104_block_18,2024-10-15 07:33:45.020000+00:00,2024-10-15 07:33:41.020000+00:00,2024-10-15 07:33:49.020000+00:00,1,walking,0,not_walking,0.4915807
47046344M-104,47046344M-104_block_18,2024-10-15 07:33:46.020000+00:00,2024-10-15 07:33:42.020000+00:00,2024-10-15 07:33:50.020000+00:00,1,walking,1,walking,0.50605685
47046344M-104,47046344M-104_block_18,2024-10-15 07:33:47.020000+00:00,2024-10-15 07:33:43.020000+00:00,2024-10-15 07:33:51.020000+00:00,1,walking,1,walking,0.54363346
47046344M-104,47046344M-104_block_18,2024-10-15 07:33:48.020000+00:00,2024-10-15 07:33:44.020000+00:00,2024-10-15 07:33:52.020000+00:00,1,walking,0,not_walking,0.38009524
47046344M-104,47046344M-104_block_18,2024-10-15 07:33:49.020000+00:00,2024-10-15 07:33:45.020000+00:00,2024-10-15 07:33:53.020000+00:00,1,walking,0,not_walking,0.46214736
47046344M-104,47046344M-104_block_18,2024-10-15 07:33:50.020000+00:00,2024-10-15 07:33:46.020000+00:00,2024-10-15 07:33:54.020000+00:00,1,walking,0,not_walking,0.44158396
47046344M-104,47046344M-104_block_18,2024-10-15 07:33:51.020000+00:00,2024-10-15 07:33:47.020000+00:00,2024-10-15 07:33:55.020000+00:00,1,walking,0,not_walking,0.4751133
47046344M-104,47046344M-104_block_18,2024-10-15 07:33:52.020000+00:00,2024-10-15 07:33:48.020000+00:00,2024-10-15 07:33:56.020000+00:00,1,walking,0,not_walking,0.49259517
47046344M-104,47046344M-104_block_18,2024-10-15 07:33:53.020000+00:00,2024-10-15 07:33:49.020000+00:00,2024-10-15 07:33:57.020000+00:00,1,walking,1,walking,0.55614376
47046344M-104,47046344M-104_block_18,2024-10-15 07:33:54.020000+00:00,2024-10-15 07:33:50.020000+00:00,2024-10-15 07:33:58.020000+00:00,1,walking,1,walking,0.5236784
47046344M-104,47046344M-104_block_18,2024-10-15 07:33:55.020000+00:00,2024-10-15 07:33:51.020000+00:00,2024-10-15 07:33:59.020000+00:00,1,walking,0,not_walking,0.4723944
47046344M-104,47046344M-104_block_18,2024-10-15 07:33:56.020000+00:00,2024-10-15 07:33:52.020000+00:00,2024-10-15 07:34:00.020000+00:00,1,walking,1,walking,0.59081286
47046344M-104,47046344M-104_block_18,2024-10-15 07:33:57.020000+00:00,2024-10-15 07:33:53.020000+00:00,2024-10-15 07:34:01.020000+00:00,1,walking,0,not_walking,0.44554767
47046344M-104,47046344M-104_block_18,2024-10-15 07:33:58.020000+00:00,2024-10-15 07:33:54.020000+00:00,2024-10-15 07:34:02.020000+00:00,1,walking,1,walking,0.55719495
47046344M-104,47046344M-104_block_18,2024-10-15 07:33:59.020000+00:00,2024-10-15 07:33:55.020000+00:00,2024-10-15 07:34:03.020000+00:00,1,walking,0,not_walking,0.46710315
47046344M-104,47046344M-104_block_18,2024-10-15 07:34:00.020000+00:00,2024-10-15 07:33:56.020000+00:00,2024-10-15 07:34:04.020000+00:00,1,walking,1,walking,0.577886
47046344M-104,47046344M-104_block_18,2024-10-15 07:34:01.020000+00:00,2024-10-15 07:33:57.020000+00:00,2024-10-15 07:34:05.020000+00:00,1,walking,1,walking,0.5634179
47046344M-104,47046344M-104_block_18,2024-10-15 07:34:02.020000+00:00,2024-10-15 07:33:58.020000+00:00,2024-10-15 07:34:06.020000+00:00,1,walking,0,not_walking,0.4233999
47046344M-104,47046344M-104_block_18,2024-10-15 07:34:03.020000+00:00,2024-10-15 07:33:59.020000+00:00,2024-10-15 07:34:07.020000+00:00,1,walking,1,walking,0.7362385
47046344M-104,47046344M-104_block_18,2024-10-15 07:34:04.020000+00:00,2024-10-15 07:34:00.020000+00:00,2024-10-15 07:34:08.020000+00:00,1,walking,1,walking,0.66714317
47046344M-104,47046344M-104_block_18,2024-10-15 07:34:05.020000+00:00,2024-10-15 07:34:01.020000+00:00,2024-10-15 07:34:09.020000+00:00,1,walking,1,walking,0.55930924
47046344M-104,47046344M-104_block_18,2024-10-15 07:34:06.020000+00:00,2024-10-15 07:34:02.020000+00:00,2024-10-15 07:34:10.020000+00:00,1,walking,1,walking,0.5375809
47046344M-104,47046344M-104_block_18,2024-10-15 07:34:07.020000+00:00,2024-10-15 07:34:03.020000+00:00,2024-10-15 07:34:11.020000+00:00,1,walking,0,not_walking,0.4737842
47046344M-104,47046344M-104_block_18,2024-10-15 07:34:08.020000+00:00,2024-10-15 07:34:04.020000+00:00,2024-10-15 07:34:12.020000+00:00,1,walking,0,not_walking,0.3799694
47046344M-104,47046344M-104_block_18,2024-10-15 07:34:09.020000+00:00,2024-10-15 07:34:05.020000+00:00,2024-10-15 07:34:13.020000+00:00,1,walking,0,not_walking,0.43182376
47046344M-104,47046344M-104_block_18,2024-10-15 07:34:10.020000+00:00,2024-10-15 07:34:06.020000+00:00,2024-10-15 07:34:14.020000+00:00,1,walking,0,not_walking,0.39358112
47046344M-104,47046344M-104_block_18,2024-10-15 07:34:11.020000+00:00,2024-10-15 07:34:07.020000+00:00,2024-10-15 07:34:15.020000+00:00,1,walking,0,not_walking,0.44224334
47046344M-104,47046344M-104_block_18,2024-10-15 07:34:12.020000+00:00,2024-10-15 07:34:08.020000+00:00,2024-10-15 07:34:16.020000+00:00,1,walking,0,not_walking,0.44062877
47046344M-104,47046344M-104_block_18,2024-10-15 07:34:13.020000+00:00,2024-10-15 07:34:09.020000+00:00,2024-10-15 07:34:17.020000+00:00,1,walking,0,not_walking,0.3691772
47046344M-104,47046344M-104_block_18,2024-10-15 07:34:14.020000+00:00,2024-10-15 07:34:10.020000+00:00,2024-10-15 07:34:18.020000+00:00,1,walking,0,not_walking,0.45949942
47046344M-104,47046344M-104_block_18,2024-10-15 07:34:15.020000+00:00,2024-10-15 07:34:11.020000+00:00,2024-10-15 07:34:19.020000+00:00,1,walking,0,not_walking,0.4028129
47046344M-104,47046344M-104_block_18,2024-10-15 07:34:16.020000+00:00,2024-10-15 07:34:12.020000+00:00,2024-10-15 07:34:20.020000+00:00,1,walking,1,walking,0.5017568
47046344M-104,47046344M-104_block_18,2024-10-15 07:34:17.020000+00:00,2024-10-15 07:34:13.020000+00:00,2024-10-15 07:34:21.020000+00:00,1,walking,0,not_walking,0.46525773
47046344M-104,47046344M-104_block_18,2024-10-15 07:34:18.020000+00:00,2024-10-15 07:34:14.020000+00:00,2024-10-15 07:34:22.020000+00:00,1,walking,1,walking,0.59216666
47046344M-104,47046344M-104_block_18,2024-10-15 07:34:19.020000+00:00,2024-10-15 07:34:15.020000+00:00,2024-10-15 07:34:23.020000+00:00,1,walking,0,not_walking,0.467889
47046344M-104,47046344M-104_block_18,2024-10-15 07:34:20.020000+00:00,2024-10-15 07:34:16.020000+00:00,2024-10-15 07:34:24.020000+00:00,1,walking,0,not_walking,0.4887341
47046344M-104,47046344M-104_block_18,2024-10-15 07:34:21.020000+00:00,2024-10-15 07:34:17.020000+00:00,2024-10-15 07:34:25.020000+00:00,1,walking,1,walking,0.56851333
47046344M-104,47046344M-104_block_18,2024-10-15 07:34:22.020000+00:00,2024-10-15 07:34:18.020000+00:00,2024-10-15 07:34:26.020000+00:00,1,walking,1,walking,0.52057594
47046344M-104,47046344M-104_block_18,2024-10-15 07:34:23.020000+00:00,2024-10-15 07:34:19.020000+00:00,2024-10-15 07:34:27.020000+00:00,1,walking,1,walking,0.5054597
47046344M-104,47046344M-104_block_18,2024-10-15 07:34:24.020000+00:00,2024-10-15 07:34:20.020000+00:00,2024-10-15 07:34:28.020000+00:00,1,walking,1,walking,0.5443644
47046344M-104,47046344M-104_block_18,2024-10-15 07:34:25.020000+00:00,2024-10-15 07:34:21.020000+00:00,2024-10-15 07:34:29.020000+00:00,1,walking,1,walking,0.52951074
47046344M-104,47046344M-104_block_18,2024-10-15 07:34:26.020000+00:00,2024-10-15 07:34:22.020000+00:00,2024-10-15 07:34:30.020000+00:00,1,walking,1,walking,0.60398805
47046344M-104,47046344M-104_block_18,2024-10-15 07:34:27.020000+00:00,2024-10-15 07:34:23.020000+00:00,2024-10-15 07:34:31.020000+00:00,1,walking,1,walking,0.63306946
47046344M-104,47046344M-104_block_18,2024-10-15 07:34:28.020000+00:00,2024-10-15 07:34:24.020000+00:00,2024-10-15 07:34:32.020000+00:00,1,walking,0,not_walking,0.47412694
47046344M-104,47046344M-104_block_18,2024-10-15 07:34:29.020000+00:00,2024-10-15 07:34:25.020000+00:00,2024-10-15 07:34:33.020000+00:00,1,walking,0,not_walking,0.4477376
47046344M-104,47046344M-104_block_18,2024-10-15 07:34:30.020000+00:00,2024-10-15 07:34:26.020000+00:00,2024-10-15 07:34:34.020000+00:00,1,walking,1,walking,0.5968312
47046344M-104,47046344M-104_block_18,2024-10-15 07:34:31.020000+00:00,2024-10-15 07:34:27.020000+00:00,2024-10-15 07:34:35.020000+00:00,1,walking,0,not_walking,0.37909168
47046344M-104,47046344M-104_block_18,2024-10-15 07:34:32.020000+00:00,2024-10-15 07:34:28.020000+00:00,2024-10-15 07:34:36.020000+00:00,1,walking,0,not_walking,0.44611385
47046344M-104,47046344M-104_block_18,2024-10-15 07:34:33.020000+00:00,2024-10-15 07:34:29.020000+00:00,2024-10-15 07:34:37.020000+00:00,1,walking,1,walking,0.6240302
47046344M-104,47046344M-104_block_18,2024-10-15 07:34:34.020000+00:00,2024-10-15 07:34:30.020000+00:00,2024-10-15 07:34:38.020000+00:00,1,walking,1,walking,0.60662436
47046344M-104,47046344M-104_block_18,2024-10-15 07:34:35.020000+00:00,2024-10-15 07:34:31.020000+00:00,2024-10-15 07:34:39.020000+00:00,1,walking,0,not_walking,0.47937557
47046344M-104,47046344M-104_block_18,2024-10-15 07:34:36.020000+00:00,2024-10-15 07:34:32.020000+00:00,2024-10-15 07:34:40.020000+00:00,1,walking,1,walking,0.5007716
47046344M-104,47046344M-104_block_18,2024-10-15 07:34:37.020000+00:00,2024-10-15 07:34:33.020000+00:00,2024-10-15 07:34:41.020000+00:00,1,walking,1,walking,0.5846201
47046344M-104,47046344M-104_block_18,2024-10-15 07:34:38.020000+00:00,2024-10-15 07:34:34.020000+00:00,2024-10-15 07:34:42.020000+00:00,1,walking,1,walking,0.5823278
47046344M-104,47046344M-104_block_18,2024-10-15 07:34:39.020000+00:00,2024-10-15 07:34:35.020000+00:00,2024-10-15 07:34:43.020000+00:00,1,walking,0,not_walking,0.45087418
47046344M-104,47046344M-104_block_18,2024-10-15 07:34:40.020000+00:00,2024-10-15 07:34:36.020000+00:00,2024-10-15 07:34:44.020000+00:00,1,walking,1,walking,0.7537927
47046344M-104,47046344M-104_block_18,2024-10-15 07:34:41.020000+00:00,2024-10-15 07:34:37.020000+00:00,2024-10-15 07:34:45.020000+00:00,1,walking,1,walking,0.58244854
47046344M-104,47046344M-104_block_18,2024-10-15 07:34:42.020000+00:00,2024-10-15 07:34:38.020000+00:00,2024-10-15 07:34:46.020000+00:00,1,walking,1,walking,0.7513866
47046344M-104,47046344M-104_block_18,2024-10-15 07:34:43.020000+00:00,2024-10-15 07:34:39.020000+00:00,2024-10-15 07:34:47.020000+00:00,1,walking,1,walking,0.7342222
47046344M-104,47046344M-104_block_18,2024-10-15 07:34:44.020000+00:00,2024-10-15 07:34:40.020000+00:00,2024-10-15 07:34:48.020000+00:00,1,walking,1,walking,0.5162063
47046344M-104,47046344M-104_block_18,2024-10-15 07:34:45.020000+00:00,2024-10-15 07:34:41.020000+00:00,2024-10-15 07:34:49.020000+00:00,1,walking,0,not_walking,0.24237216
47046344M-104,47046344M-104_block_18,2024-10-15 07:34:46.020000+00:00,2024-10-15 07:34:42.020000+00:00,2024-10-15 07:34:50.020000+00:00,1,walking,1,walking,0.5256812
47046344M-104,47046344M-104_block_18,2024-10-15 07:34:47.020000+00:00,2024-10-15 07:34:43.020000+00:00,2024-10-15 07:34:51.020000+00:00,1,walking,1,walking,0.5223515
47046344M-104,47046344M-104_block_18,2024-10-15 07:34:48.020000+00:00,2024-10-15 07:34:44.020000+00:00,2024-10-15 07:34:52.020000+00:00,1,walking,1,walking,0.5322901
47046344M-104,47046344M-104_block_18,2024-10-15 07:34:49.020000+00:00,2024-10-15 07:34:45.020000+00:00,2024-10-15 07:34:53.020000+00:00,1,walking,0,not_walking,0.4756693
47046344M-104,47046344M-104_block_18,2024-10-15 07:34:50.020000+00:00,2024-10-15 07:34:46.020000+00:00,2024-10-15 07:34:54.020000+00:00,1,walking,0,not_walking,0.47949123
47046344M-104,47046344M-104_block_18,2024-10-15 07:34:51.020000+00:00,2024-10-15 07:34:47.020000+00:00,2024-10-15 07:34:55.020000+00:00,1,walking,1,walking,0.60247564
47046344M-104,47046344M-104_block_18,2024-10-15 07:34:52.020000+00:00,2024-10-15 07:34:48.020000+00:00,2024-10-15 07:34:56.020000+00:00,1,walking,0,not_walking,0.43620032
47046344M-104,47046344M-104_block_18,2024-10-15 07:34:53.020000+00:00,2024-10-15 07:34:49.020000+00:00,2024-10-15 07:34:57.020000+00:00,1,walking,0,not_walking,0.4670647
47046344M-104,47046344M-104_block_18,2024-10-15 07:34:54.020000+00:00,2024-10-15 07:34:50.020000+00:00,2024-10-15 07:34:58.020000+00:00,1,walking,1,walking,0.5620617
47046344M-104,47046344M-104_block_18,2024-10-15 07:34:55.020000+00:00,2024-10-15 07:34:51.020000+00:00,2024-10-15 07:34:59.020000+00:00,1,walking,1,walking,0.63186604
47046344M-104,47046344M-104_block_18,2024-10-15 07:34:56.020000+00:00,2024-10-15 07:34:52.020000+00:00,2024-10-15 07:35:00.020000+00:00,1,walking,1,walking,0.55436224
47046344M-104,47046344M-104_block_18,2024-10-15 07:34:57.020000+00:00,2024-10-15 07:34:53.020000+00:00,2024-10-15 07:35:01.020000+00:00,1,walking,1,walking,0.6114318
47046344M-104,47046344M-104_block_18,2024-10-15 07:34:58.020000+00:00,2024-10-15 07:34:54.020000+00:00,2024-10-15 07:35:02.020000+00:00,1,walking,0,not_walking,0.40513715
47046344M-104,47046344M-104_block_18,2024-10-15 07:34:59.020000+00:00,2024-10-15 07:34:55.020000+00:00,2024-10-15 07:35:03.020000+00:00,1,walking,1,walking,0.69924986
47046344M-104,47046344M-104_block_18,2024-10-15 07:35:00.020000+00:00,2024-10-15 07:34:56.020000+00:00,2024-10-15 07:35:04.020000+00:00,1,walking,1,walking,0.5051999
47046344M-104,47046344M-104_block_18,2024-10-15 07:35:01.020000+00:00,2024-10-15 07:34:57.020000+00:00,2024-10-15 07:35:05.020000+00:00,1,walking,1,walking,0.56891
47046344M-104,47046344M-104_block_18,2024-10-15 07:35:02.020000+00:00,2024-10-15 07:34:58.020000+00:00,2024-10-15 07:35:06.020000+00:00,1,walking,0,not_walking,0.3409437
47046344M-104,47046344M-104_block_18,2024-10-15 07:35:03.020000+00:00,2024-10-15 07:34:59.020000+00:00,2024-10-15 07:35:07.020000+00:00,1,walking,0,not_walking,0.42007294
47046344M-104,47046344M-104_block_18,2024-10-15 07:35:04.020000+00:00,2024-10-15 07:35:00.020000+00:00,2024-10-15 07:35:08.020000+00:00,1,walking,0,not_walking,0.29714236
47046344M-104,47046344M-104_block_18,2024-10-15 07:35:05.020000+00:00,2024-10-15 07:35:01.020000+00:00,2024-10-15 07:35:09.020000+00:00,1,walking,0,not_walking,0.3237988
47046344M-104,47046344M-104_block_18,2024-10-15 07:35:06.020000+00:00,2024-10-15 07:35:02.020000+00:00,2024-10-15 07:35:10.020000+00:00,1,walking,0,not_walking,0.41871512
47046344M-104,47046344M-104_block_18,2024-10-15 07:35:07.020000+00:00,2024-10-15 07:35:03.020000+00:00,2024-10-15 07:35:11.020000+00:00,1,walking,0,not_walking,0.432762
47046344M-104,47046344M-104_block_18,2024-10-15 07:35:08.020000+00:00,2024-10-15 07:35:04.020000+00:00,2024-10-15 07:35:12.020000+00:00,1,walking,0,not_walking,0.25347343
47046344M-104,47046344M-104_block_18,2024-10-15 07:35:09.020000+00:00,2024-10-15 07:35:05.020000+00:00,2024-10-15 07:35:13.020000+00:00,1,walking,0,not_walking,0.33861426
47046344M-104,47046344M-104_block_18,2024-10-15 07:35:10.020000+00:00,2024-10-15 07:35:06.020000+00:00,2024-10-15 07:35:14.020000+00:00,1,walking,0,not_walking,0.20818321
47046344M-104,47046344M-104_block_18,2024-10-15 07:35:11.020000+00:00,2024-10-15 07:35:07.020000+00:00,2024-10-15 07:35:15.020000+00:00,1,walking,0,not_walking,0.48404792
47046344M-104,47046344M-104_block_18,2024-10-15 07:35:12.020000+00:00,2024-10-15 07:35:08.020000+00:00,2024-10-15 07:35:16.020000+00:00,1,walking,0,not_walking,0.30442643
47046344M-104,47046344M-104_block_18,2024-10-15 07:35:13.020000+00:00,2024-10-15 07:35:09.020000+00:00,2024-10-15 07:35:17.020000+00:00,1,walking,0,not_walking,0.26363584
47046344M-104,47046344M-104_block_18,2024-10-15 07:35:14.020000+00:00,2024-10-15 07:35:10.020000+00:00,2024-10-15 07:35:18.020000+00:00,1,walking,0,not_walking,0.2536215
47046344M-104,47046344M-104_block_18,2024-10-15 07:35:15.020000+00:00,2024-10-15 07:35:11.020000+00:00,2024-10-15 07:35:19.020000+00:00,1,walking,0,not_walking,0.3109788
47046344M-104,47046344M-104_block_18,2024-10-15 07:35:16.020000+00:00,2024-10-15 07:35:12.020000+00:00,2024-10-15 07:35:20.020000+00:00,1,walking,0,not_walking,0.24575597
47046344M-104,47046344M-104_block_18,2024-10-15 07:35:17.020000+00:00,2024-10-15 07:35:13.020000+00:00,2024-10-15 07:35:21.020000+00:00,1,walking,0,not_walking,0.15748392
47046344M-104,47046344M-104_block_18,2024-10-15 07:35:18.020000+00:00,2024-10-15 07:35:14.020000+00:00,2024-10-15 07:35:22.020000+00:00,1,walking,0,not_walking,0.119805664
47046344M-104,47046344M-104_block_18,2024-10-15 07:35:19.020000+00:00,2024-10-15 07:35:15.020000+00:00,2024-10-15 07:35:23.020000+00:00,1,walking,0,not_walking,0.2140552
47046344M-104,47046344M-104_block_18,2024-10-15 07:35:20.020000+00:00,2024-10-15 07:35:16.020000+00:00,2024-10-15 07:35:24.020000+00:00,1,walking,0,not_walking,0.272149
47046344M-104,47046344M-104_block_18,2024-10-15 07:35:21.020000+00:00,2024-10-15 07:35:17.020000+00:00,2024-10-15 07:35:25.020000+00:00,1,walking,0,not_walking,0.23746976
47046344M-104,47046344M-104_block_18,2024-10-15 07:35:22.020000+00:00,2024-10-15 07:35:18.020000+00:00,2024-10-15 07:35:26.020000+00:00,1,walking,0,not_walking,0.35706526
47046344M-104,47046344M-104_block_18,2024-10-15 07:35:23.020000+00:00,2024-10-15 07:35:19.020000+00:00,2024-10-15 07:35:27.020000+00:00,1,walking,0,not_walking,0.405328
47046344M-104,47046344M-104_block_18,2024-10-15 07:35:24.020000+00:00,2024-10-15 07:35:20.020000+00:00,2024-10-15 07:35:28.020000+00:00,1,walking,0,not_walking,0.35506216
47046344M-104,47046344M-104_block_19,2024-10-15 07:37:23.010000+00:00,2024-10-15 07:37:19.010000+00:00,2024-10-15 07:37:29.010000+00:00,0,not_walking,0,not_walking,0.14736007
47046344M-104,47046344M-104_block_20,2024-10-15 07:37:39.010000+00:00,2024-10-15 07:37:35.010000+00:00,2024-10-15 07:37:46.010000+00:00,0,not_walking,0,not_walking,0.08270815
47046344M-104,47046344M-104_block_20,2024-10-15 07:37:40.010000+00:00,2024-10-15 07:37:36.010000+00:00,2024-10-15 07:37:47.010000+00:00,0,not_walking,0,not_walking,0.10560726
47046344M-104,47046344M-104_block_20,2024-10-15 07:37:44.010000+00:00,2024-10-15 07:37:37.010000+00:00,2024-10-15 07:37:48.010000+00:00,0,not_walking,0,not_walking,0.10657508
47046344M-104,47046344M-104_block_20,2024-10-15 07:37:45.010000+00:00,2024-10-15 07:37:38.010000+00:00,2024-10-15 07:37:53.010000+00:00,0,not_walking,0,not_walking,0.10667487
47046344M-104,47046344M-104_block_20,2024-10-15 07:37:46.010000+00:00,2024-10-15 07:37:39.010000+00:00,2024-10-15 07:37:54.010000+00:00,0,not_walking,0,not_walking,0.09346789
47046344M-104,47046344M-104_block_20,2024-10-15 07:37:47.010000+00:00,2024-10-15 07:37:40.010000+00:00,2024-10-15 07:37:55.010000+00:00,0,not_walking,0,not_walking,0.10454832
47046344M-104,47046344M-104_block_21,2024-10-15 07:38:12.010000+00:00,2024-10-15 07:38:04.010000+00:00,2024-10-15 07:38:16.010000+00:00,0,not_walking,0,not_walking,0.091293655
47046344M-104,47046344M-104_block_21,2024-10-15 07:38:13.010000+00:00,2024-10-15 07:38:05.010000+00:00,2024-10-15 07:38:17.010000+00:00,0,not_walking,0,not_walking,0.101060875
47046344M-104,47046344M-104_block_21,2024-10-15 07:38:14.010000+00:00,2024-10-15 07:38:06.010000+00:00,2024-10-15 07:38:18.010000+00:00,0,not_walking,0,not_walking,0.0648905
47046344M-104,47046344M-104_block_21,2024-10-15 07:38:15.010000+00:00,2024-10-15 07:38:07.010000+00:00,2024-10-15 07:38:19.010000+00:00,0,not_walking,0,not_walking,0.0700951
47046344M-104,47046344M-104_block_21,2024-10-15 07:38:16.010000+00:00,2024-10-15 07:38:12.010000+00:00,2024-10-15 07:38:20.010000+00:00,0,not_walking,0,not_walking,0.068063974
47046344M-104,47046344M-104_block_21,2024-10-15 07:38:17.010000+00:00,2024-10-15 07:38:13.010000+00:00,2024-10-15 07:38:21.010000+00:00,0,not_walking,0,not_walking,0.09221743
47046344M-104,47046344M-104_block_21,2024-10-15 07:38:18.010000+00:00,2024-10-15 07:38:14.010000+00:00,2024-10-15 07:38:22.010000+00:00,0,not_walking,0,not_walking,0.08653103
47046344M-104,47046344M-104_block_21,2024-10-15 07:38:19.010000+00:00,2024-10-15 07:38:15.010000+00:00,2024-10-15 07:38:23.010000+00:00,0,not_walking,0,not_walking,0.08546993
47046344M-104,47046344M-104_block_21,2024-10-15 07:38:20.010000+00:00,2024-10-15 07:38:16.010000+00:00,2024-10-15 07:38:25.010000+00:00,0,not_walking,0,not_walking,0.07223934
47046344M-104,47046344M-104_block_21,2024-10-15 07:38:21.010000+00:00,2024-10-15 07:38:17.010000+00:00,2024-10-15 07:38:26.010000+00:00,0,not_walking,0,not_walking,0.10986809
47046344M-104,47046344M-104_block_21,2024-10-15 07:38:22.010000+00:00,2024-10-15 07:38:18.010000+00:00,2024-10-15 07:38:27.010000+00:00,0,not_walking,0,not_walking,0.12043868
47046344M-104,47046344M-104_block_21,2024-10-15 07:38:23.010000+00:00,2024-10-15 07:38:19.010000+00:00,2024-10-15 07:38:28.010000+00:00,0,not_walking,0,not_walking,0.102084994
47046344M-104,47046344M-104_block_21,2024-10-15 07:38:25.010000+00:00,2024-10-15 07:38:20.010000+00:00,2024-10-15 07:38:29.010000+00:00,0,not_walking,0,not_walking,0.08449753
47046344M-104,47046344M-104_block_21,2024-10-15 07:38:26.010000+00:00,2024-10-15 07:38:21.010000+00:00,2024-10-15 07:38:30.010000+00:00,0,not_walking,0,not_walking,0.14155185
47046344M-104,47046344M-104_block_21,2024-10-15 07:38:27.010000+00:00,2024-10-15 07:38:22.010000+00:00,2024-10-15 07:38:33.010000+00:00,0,not_walking,0,not_walking,0.18891774
47046344M-104,47046344M-104_block_21,2024-10-15 07:38:28.010000+00:00,2024-10-15 07:38:23.010000+00:00,2024-10-15 07:38:34.010000+00:00,0,not_walking,0,not_walking,0.108142935
47046344M-104,47046344M-104_block_21,2024-10-15 07:38:29.010000+00:00,2024-10-15 07:38:25.010000+00:00,2024-10-15 07:38:35.010000+00:00,0,not_walking,0,not_walking,0.12210413
47046344M-104,47046344M-104_block_21,2024-10-15 07:38:30.010000+00:00,2024-10-15 07:38:26.010000+00:00,2024-10-15 07:38:36.010000+00:00,0,not_walking,0,not_walking,0.1504213
47046344M-104,47046344M-104_block_21,2024-10-15 07:38:33.010000+00:00,2024-10-15 07:38:27.010000+00:00,2024-10-15 07:38:37.010000+00:00,1,walking,0,not_walking,0.23380011
47046344M-104,47046344M-104_block_21,2024-10-15 07:38:34.010000+00:00,2024-10-15 07:38:28.010000+00:00,2024-10-15 07:38:38.010000+00:00,1,walking,0,not_walking,0.1309813
47046344M-104,47046344M-104_block_21,2024-10-15 07:38:35.010000+00:00,2024-10-15 07:38:29.010000+00:00,2024-10-15 07:38:39.010000+00:00,1,walking,0,not_walking,0.09952524
47046344M-104,47046344M-104_block_21,2024-10-15 07:38:36.010000+00:00,2024-10-15 07:38:30.010000+00:00,2024-10-15 07:38:40.010000+00:00,1,walking,0,not_walking,0.13027592
47046344M-104,47046344M-104_block_21,2024-10-15 07:38:37.010000+00:00,2024-10-15 07:38:33.010000+00:00,2024-10-15 07:38:41.010000+00:00,1,walking,0,not_walking,0.11924539
47046344M-104,47046344M-104_block_21,2024-10-15 07:38:38.010000+00:00,2024-10-15 07:38:34.010000+00:00,2024-10-15 07:38:42.010000+00:00,1,walking,0,not_walking,0.111448385
47046344M-104,47046344M-104_block_21,2024-10-15 07:38:39.010000+00:00,2024-10-15 07:38:35.010000+00:00,2024-10-15 07:38:43.010000+00:00,1,walking,0,not_walking,0.14761202
47046344M-104,47046344M-104_block_21,2024-10-15 07:38:40.010000+00:00,2024-10-15 07:38:36.010000+00:00,2024-10-15 07:38:44.010000+00:00,1,walking,0,not_walking,0.13373847
47046344M-104,47046344M-104_block_21,2024-10-15 07:38:41.010000+00:00,2024-10-15 07:38:37.010000+00:00,2024-10-15 07:38:45.010000+00:00,1,walking,0,not_walking,0.19185859
47046344M-104,47046344M-104_block_21,2024-10-15 07:38:42.010000+00:00,2024-10-15 07:38:38.010000+00:00,2024-10-15 07:38:46.010000+00:00,1,walking,0,not_walking,0.20790672
47046344M-104,47046344M-104_block_21,2024-10-15 07:38:43.010000+00:00,2024-10-15 07:38:39.010000+00:00,2024-10-15 07:38:47.010000+00:00,1,walking,0,not_walking,0.298565
47046344M-104,47046344M-104_block_22,2024-10-15 07:39:03.010000+00:00,2024-10-15 07:38:59.010000+00:00,2024-10-15 07:39:07.010000+00:00,0,not_walking,0,not_walking,0.26472995
47046344M-104,47046344M-104_block_22,2024-10-15 07:39:04.010000+00:00,2024-10-15 07:39:00.010000+00:00,2024-10-15 07:39:08.010000+00:00,0,not_walking,0,not_walking,0.21505284
47046344M-104,47046344M-104_block_22,2024-10-15 07:39:05.010000+00:00,2024-10-15 07:39:01.010000+00:00,2024-10-15 07:39:09.010000+00:00,0,not_walking,0,not_walking,0.25382796
47046344M-104,47046344M-104_block_22,2024-10-15 07:39:06.010000+00:00,2024-10-15 07:39:02.010000+00:00,2024-10-15 07:39:10.010000+00:00,0,not_walking,0,not_walking,0.26969337
47046344M-104,47046344M-104_block_22,2024-10-15 07:39:07.010000+00:00,2024-10-15 07:39:03.010000+00:00,2024-10-15 07:39:11.010000+00:00,0,not_walking,0,not_walking,0.20882522
47046344M-104,47046344M-104_block_23,2024-10-15 07:39:30.010000+00:00,2024-10-15 07:39:26.010000+00:00,2024-10-15 07:39:34.010000+00:00,1,walking,1,walking,0.7884135
47046344M-104,47046344M-104_block_23,2024-10-15 07:39:31.010000+00:00,2024-10-15 07:39:27.010000+00:00,2024-10-15 07:39:35.010000+00:00,1,walking,1,walking,0.70096123
47046344M-104,47046344M-104_block_23,2024-10-15 07:39:32.010000+00:00,2024-10-15 07:39:28.010000+00:00,2024-10-15 07:39:36.010000+00:00,1,walking,1,walking,0.53599393
47046344M-104,47046344M-104_block_23,2024-10-15 07:39:33.010000+00:00,2024-10-15 07:39:29.010000+00:00,2024-10-15 07:39:37.010000+00:00,1,walking,1,walking,0.83972496
47046344M-104,47046344M-104_block_23,2024-10-15 07:39:34.010000+00:00,2024-10-15 07:39:30.010000+00:00,2024-10-15 07:39:38.010000+00:00,1,walking,1,walking,0.82616657
47046344M-104,47046344M-104_block_23,2024-10-15 07:39:35.010000+00:00,2024-10-15 07:39:31.010000+00:00,2024-10-15 07:39:39.010000+00:00,1,walking,1,walking,0.7461175
47046344M-104,47046344M-104_block_23,2024-10-15 07:39:36.010000+00:00,2024-10-15 07:39:32.010000+00:00,2024-10-15 07:39:40.010000+00:00,1,walking,1,walking,0.7940849
47046344M-104,47046344M-104_block_23,2024-10-15 07:39:37.010000+00:00,2024-10-15 07:39:33.010000+00:00,2024-10-15 07:39:41.010000+00:00,1,walking,1,walking,0.72885275
47046344M-104,47046344M-104_block_23,2024-10-15 07:39:38.010000+00:00,2024-10-15 07:39:34.010000+00:00,2024-10-15 07:39:42.010000+00:00,1,walking,1,walking,0.76328796
47046344M-104,47046344M-104_block_23,2024-10-15 07:39:39.010000+00:00,2024-10-15 07:39:35.010000+00:00,2024-10-15 07:39:43.010000+00:00,1,walking,1,walking,0.62048984
47046344M-104,47046344M-104_block_23,2024-10-15 07:39:40.010000+00:00,2024-10-15 07:39:36.010000+00:00,2024-10-15 07:39:44.010000+00:00,1,walking,1,walking,0.7518447
47046344M-104,47046344M-104_block_23,2024-10-15 07:39:41.010000+00:00,2024-10-15 07:39:37.010000+00:00,2024-10-15 07:39:45.010000+00:00,1,walking,1,walking,0.80171525
47046344M-104,47046344M-104_block_23,2024-10-15 07:39:42.010000+00:00,2024-10-15 07:39:38.010000+00:00,2024-10-15 07:39:46.010000+00:00,1,walking,1,walking,0.66312855
47046344M-104,47046344M-104_block_23,2024-10-15 07:39:43.010000+00:00,2024-10-15 07:39:39.010000+00:00,2024-10-15 07:39:47.010000+00:00,1,walking,1,walking,0.67486453
47046344M-104,47046344M-104_block_23,2024-10-15 07:39:44.010000+00:00,2024-10-15 07:39:40.010000+00:00,2024-10-15 07:39:48.010000+00:00,1,walking,0,not_walking,0.44357404
47046344M-104,47046344M-104_block_23,2024-10-15 07:39:45.010000+00:00,2024-10-15 07:39:41.010000+00:00,2024-10-15 07:39:49.010000+00:00,1,walking,1,walking,0.5550733
47046344M-104,47046344M-104_block_23,2024-10-15 07:39:46.010000+00:00,2024-10-15 07:39:42.010000+00:00,2024-10-15 07:39:50.010000+00:00,1,walking,1,walking,0.5031373
47046344M-104,47046344M-104_block_23,2024-10-15 07:39:47.010000+00:00,2024-10-15 07:39:43.010000+00:00,2024-10-15 07:39:51.010000+00:00,1,walking,1,walking,0.68687737
47046344M-104,47046344M-104_block_23,2024-10-15 07:39:48.010000+00:00,2024-10-15 07:39:44.010000+00:00,2024-10-15 07:39:52.010000+00:00,1,walking,1,walking,0.6077319
47046344M-104,47046344M-104_block_23,2024-10-15 07:39:49.010000+00:00,2024-10-15 07:39:45.010000+00:00,2024-10-15 07:39:53.010000+00:00,1,walking,1,walking,0.6728312
47046344M-104,47046344M-104_block_23,2024-10-15 07:39:50.010000+00:00,2024-10-15 07:39:46.010000+00:00,2024-10-15 07:39:54.010000+00:00,1,walking,1,walking,0.7615595
47046344M-104,47046344M-104_block_23,2024-10-15 07:39:51.010000+00:00,2024-10-15 07:39:47.010000+00:00,2024-10-15 07:39:55.010000+00:00,1,walking,1,walking,0.77419394
47046344M-104,47046344M-104_block_23,2024-10-15 07:39:52.010000+00:00,2024-10-15 07:39:48.010000+00:00,2024-10-15 07:39:56.010000+00:00,1,walking,1,walking,0.7282914
47046344M-104,47046344M-104_block_23,2024-10-15 07:39:53.010000+00:00,2024-10-15 07:39:49.010000+00:00,2024-10-15 07:39:57.010000+00:00,1,walking,1,walking,0.84133035
47046344M-104,47046344M-104_block_23,2024-10-15 07:39:54.010000+00:00,2024-10-15 07:39:50.010000+00:00,2024-10-15 07:39:58.010000+00:00,1,walking,1,walking,0.61251646
47046344M-104,47046344M-104_block_23,2024-10-15 07:39:55.010000+00:00,2024-10-15 07:39:51.010000+00:00,2024-10-15 07:39:59.010000+00:00,1,walking,1,walking,0.7211319
47046344M-104,47046344M-104_block_23,2024-10-15 07:39:56.010000+00:00,2024-10-15 07:39:52.010000+00:00,2024-10-15 07:40:00.010000+00:00,1,walking,1,walking,0.8263646
47046344M-104,47046344M-104_block_23,2024-10-15 07:39:57.010000+00:00,2024-10-15 07:39:53.010000+00:00,2024-10-15 07:40:01.010000+00:00,1,walking,0,not_walking,0.4780232
47046344M-104,47046344M-104_block_23,2024-10-15 07:39:58.010000+00:00,2024-10-15 07:39:54.010000+00:00,2024-10-15 07:40:02.010000+00:00,1,walking,1,walking,0.53419995
47046344M-104,47046344M-104_block_23,2024-10-15 07:39:59.010000+00:00,2024-10-15 07:39:55.010000+00:00,2024-10-15 07:40:03.010000+00:00,1,walking,0,not_walking,0.43077663
47046344M-104,47046344M-104_block_23,2024-10-15 07:40:00.010000+00:00,2024-10-15 07:39:56.010000+00:00,2024-10-15 07:40:04.010000+00:00,1,walking,0,not_walking,0.41116804
47046344M-104,47046344M-104_block_23,2024-10-15 07:40:01.010000+00:00,2024-10-15 07:39:57.010000+00:00,2024-10-15 07:40:05.010000+00:00,1,walking,0,not_walking,0.3733903
47046344M-104,47046344M-104_block_23,2024-10-15 07:40:02.010000+00:00,2024-10-15 07:39:58.010000+00:00,2024-10-15 07:40:06.010000+00:00,1,walking,0,not_walking,0.39885655
47046344M-104,47046344M-104_block_23,2024-10-15 07:40:03.010000+00:00,2024-10-15 07:39:59.010000+00:00,2024-10-15 07:40:07.010000+00:00,1,walking,0,not_walking,0.41872627
47046344M-104,47046344M-104_block_23,2024-10-15 07:40:04.010000+00:00,2024-10-15 07:40:00.010000+00:00,2024-10-15 07:40:08.010000+00:00,1,walking,0,not_walking,0.33709997
47046344M-104,47046344M-104_block_23,2024-10-15 07:40:05.010000+00:00,2024-10-15 07:40:01.010000+00:00,2024-10-15 07:40:09.010000+00:00,1,walking,0,not_walking,0.36725426
47046344M-104,47046344M-104_block_24,2024-10-15 07:43:32.010000+00:00,2024-10-15 07:43:28.010000+00:00,2024-10-15 07:43:36.010000+00:00,1,walking,0,not_walking,0.46808532
47046344M-104,47046344M-104_block_24,2024-10-15 07:43:33.010000+00:00,2024-10-15 07:43:29.010000+00:00,2024-10-15 07:43:37.010000+00:00,1,walking,0,not_walking,0.14557287
47046344M-104,47046344M-104_block_24,2024-10-15 07:43:34.010000+00:00,2024-10-15 07:43:30.010000+00:00,2024-10-15 07:43:38.010000+00:00,1,walking,0,not_walking,0.25623053
47046344M-104,47046344M-104_block_24,2024-10-15 07:43:35.010000+00:00,2024-10-15 07:43:31.010000+00:00,2024-10-15 07:43:39.010000+00:00,1,walking,0,not_walking,0.28669113
47046344M-104,47046344M-104_block_24,2024-10-15 07:43:36.010000+00:00,2024-10-15 07:43:32.010000+00:00,2024-10-15 07:43:40.010000+00:00,1,walking,1,walking,0.6313968
47046344M-104,47046344M-104_block_24,2024-10-15 07:43:37.010000+00:00,2024-10-15 07:43:33.010000+00:00,2024-10-15 07:43:41.010000+00:00,1,walking,0,not_walking,0.23702268
47046344M-104,47046344M-104_block_24,2024-10-15 07:43:38.010000+00:00,2024-10-15 07:43:34.010000+00:00,2024-10-15 07:43:42.010000+00:00,1,walking,0,not_walking,0.4586178
47046344M-104,47046344M-104_block_24,2024-10-15 07:43:39.010000+00:00,2024-10-15 07:43:35.010000+00:00,2024-10-15 07:43:43.010000+00:00,1,walking,1,walking,0.6148545
47046344M-104,47046344M-104_block_24,2024-10-15 07:43:40.010000+00:00,2024-10-15 07:43:36.010000+00:00,2024-10-15 07:43:44.010000+00:00,1,walking,1,walking,0.5855243
47046344M-104,47046344M-104_block_24,2024-10-15 07:43:41.010000+00:00,2024-10-15 07:43:37.010000+00:00,2024-10-15 07:43:45.010000+00:00,1,walking,0,not_walking,0.3338108
47046344M-104,47046344M-104_block_24,2024-10-15 07:43:42.010000+00:00,2024-10-15 07:43:38.010000+00:00,2024-10-15 07:43:46.010000+00:00,1,walking,1,walking,0.69570524
47046344M-104,47046344M-104_block_24,2024-10-15 07:43:43.010000+00:00,2024-10-15 07:43:39.010000+00:00,2024-10-15 07:43:47.010000+00:00,1,walking,1,walking,0.668117
47046344M-104,47046344M-104_block_24,2024-10-15 07:43:44.010000+00:00,2024-10-15 07:43:40.010000+00:00,2024-10-15 07:43:48.010000+00:00,1,walking,1,walking,0.6170134
47046344M-104,47046344M-104_block_24,2024-10-15 07:43:45.010000+00:00,2024-10-15 07:43:41.010000+00:00,2024-10-15 07:43:49.010000+00:00,1,walking,1,walking,0.61932874
47046344M-104,47046344M-104_block_24,2024-10-15 07:43:46.010000+00:00,2024-10-15 07:43:42.010000+00:00,2024-10-15 07:43:50.010000+00:00,1,walking,1,walking,0.80192095
47046344M-104,47046344M-104_block_24,2024-10-15 07:43:47.010000+00:00,2024-10-15 07:43:43.010000+00:00,2024-10-15 07:43:51.010000+00:00,1,walking,1,walking,0.6940172
47046344M-104,47046344M-104_block_24,2024-10-15 07:43:48.010000+00:00,2024-10-15 07:43:44.010000+00:00,2024-10-15 07:43:52.010000+00:00,1,walking,0,not_walking,0.3602926
47046344M-104,47046344M-104_block_24,2024-10-15 07:43:49.010000+00:00,2024-10-15 07:43:45.010000+00:00,2024-10-15 07:43:53.010000+00:00,1,walking,1,walking,0.5812438
47046344M-104,47046344M-104_block_24,2024-10-15 07:43:50.010000+00:00,2024-10-15 07:43:46.010000+00:00,2024-10-15 07:43:54.010000+00:00,1,walking,1,walking,0.55283177
47046344M-104,47046344M-104_block_24,2024-10-15 07:43:51.010000+00:00,2024-10-15 07:43:47.010000+00:00,2024-10-15 07:43:55.010000+00:00,1,walking,1,walking,0.62578773
47046344M-104,47046344M-104_block_24,2024-10-15 07:43:52.010000+00:00,2024-10-15 07:43:48.010000+00:00,2024-10-15 07:43:56.010000+00:00,1,walking,1,walking,0.53222924
47046344M-104,47046344M-104_block_24,2024-10-15 07:43:53.010000+00:00,2024-10-15 07:43:49.010000+00:00,2024-10-15 07:43:57.010000+00:00,1,walking,0,not_walking,0.48688018
47046344M-104,47046344M-104_block_24,2024-10-15 07:43:54.010000+00:00,2024-10-15 07:43:50.010000+00:00,2024-10-15 07:43:58.010000+00:00,1,walking,0,not_walking,0.4603772
47046344M-104,47046344M-104_block_24,2024-10-15 07:43:55.010000+00:00,2024-10-15 07:43:51.010000+00:00,2024-10-15 07:43:59.010000+00:00,1,walking,1,walking,0.51246053
47046344M-104,47046344M-104_block_24,2024-10-15 07:43:56.010000+00:00,2024-10-15 07:43:52.010000+00:00,2024-10-15 07:44:00.010000+00:00,1,walking,0,not_walking,0.4157053
47046344M-104,47046344M-104_block_24,2024-10-15 07:43:57.010000+00:00,2024-10-15 07:43:53.010000+00:00,2024-10-15 07:44:01.010000+00:00,1,walking,0,not_walking,0.3367031
47046344M-104,47046344M-104_block_24,2024-10-15 07:43:58.010000+00:00,2024-10-15 07:43:54.010000+00:00,2024-10-15 07:44:02.010000+00:00,1,walking,0,not_walking,0.29819512
47046344M-104,47046344M-104_block_24,2024-10-15 07:43:59.010000+00:00,2024-10-15 07:43:55.010000+00:00,2024-10-15 07:44:03.010000+00:00,1,walking,0,not_walking,0.4078008
47046344M-104,47046344M-104_block_24,2024-10-15 07:44:00.010000+00:00,2024-10-15 07:43:56.010000+00:00,2024-10-15 07:44:04.010000+00:00,1,walking,0,not_walking,0.3211863
47046344M-104,47046344M-104_block_24,2024-10-15 07:44:01.010000+00:00,2024-10-15 07:43:57.010000+00:00,2024-10-15 07:44:05.010000+00:00,1,walking,0,not_walking,0.22699279
47046344M-104,47046344M-104_block_24,2024-10-15 07:44:02.010000+00:00,2024-10-15 07:43:58.010000+00:00,2024-10-15 07:44:06.010000+00:00,1,walking,0,not_walking,0.20043515
47046344M-104,47046344M-104_block_24,2024-10-15 07:44:03.010000+00:00,2024-10-15 07:43:59.010000+00:00,2024-10-15 07:44:07.010000+00:00,1,walking,0,not_walking,0.37330088
47046344M-104,47046344M-104_block_24,2024-10-15 07:44:04.010000+00:00,2024-10-15 07:44:00.010000+00:00,2024-10-15 07:44:08.010000+00:00,1,walking,0,not_walking,0.3975108
47046344M-104,47046344M-104_block_24,2024-10-15 07:44:05.010000+00:00,2024-10-15 07:44:01.010000+00:00,2024-10-15 07:44:09.010000+00:00,1,walking,0,not_walking,0.29310033
47046344M-104,47046344M-104_block_24,2024-10-15 07:44:06.010000+00:00,2024-10-15 07:44:02.010000+00:00,2024-10-15 07:44:10.010000+00:00,1,walking,1,walking,0.6518671
47046344M-104,47046344M-104_block_24,2024-10-15 07:44:07.010000+00:00,2024-10-15 07:44:03.010000+00:00,2024-10-15 07:44:14.010000+00:00,1,walking,0,not_walking,0.40931717
47046344M-104,47046344M-104_block_24,2024-10-15 07:44:08.010000+00:00,2024-10-15 07:44:04.010000+00:00,2024-10-15 07:44:15.010000+00:00,1,walking,0,not_walking,0.4407217
47046344M-104,47046344M-104_block_24,2024-10-15 07:44:09.010000+00:00,2024-10-15 07:44:05.010000+00:00,2024-10-15 07:44:16.010000+00:00,1,walking,0,not_walking,0.2671177
47046344M-104,47046344M-104_block_24,2024-10-15 07:44:10.010000+00:00,2024-10-15 07:44:06.010000+00:00,2024-10-15 07:44:17.010000+00:00,1,walking,1,walking,0.5114998
47046344M-104,47046344M-104_block_24,2024-10-15 07:44:14.010000+00:00,2024-10-15 07:44:07.010000+00:00,2024-10-15 07:44:18.010000+00:00,0,not_walking,0,not_walking,0.2707456
47046344M-104,47046344M-104_block_24,2024-10-15 07:44:15.010000+00:00,2024-10-15 07:44:08.010000+00:00,2024-10-15 07:44:19.010000+00:00,0,not_walking,0,not_walking,0.25534928
47046344M-104,47046344M-104_block_24,2024-10-15 07:44:16.010000+00:00,2024-10-15 07:44:09.010000+00:00,2024-10-15 07:44:20.010000+00:00,0,not_walking,0,not_walking,0.2594297
47046344M-104,47046344M-104_block_24,2024-10-15 07:44:17.010000+00:00,2024-10-15 07:44:10.010000+00:00,2024-10-15 07:44:21.010000+00:00,0,not_walking,0,not_walking,0.2264557
47046344M-104,47046344M-104_block_24,2024-10-15 07:44:18.010000+00:00,2024-10-15 07:44:14.010000+00:00,2024-10-15 07:44:22.010000+00:00,0,not_walking,0,not_walking,0.2150865
47046344M-104,47046344M-104_block_24,2024-10-15 07:44:19.010000+00:00,2024-10-15 07:44:15.010000+00:00,2024-10-15 07:44:23.010000+00:00,0,not_walking,0,not_walking,0.20927592
47046344M-104,47046344M-104_block_24,2024-10-15 07:44:20.010000+00:00,2024-10-15 07:44:16.010000+00:00,2024-10-15 07:44:24.010000+00:00,0,not_walking,0,not_walking,0.20568444
47046344M-104,47046344M-104_block_24,2024-10-15 07:44:21.010000+00:00,2024-10-15 07:44:17.010000+00:00,2024-10-15 07:44:25.010000+00:00,0,not_walking,0,not_walking,0.3805015
47046344M-104,47046344M-104_block_24,2024-10-15 07:44:22.010000+00:00,2024-10-15 07:44:18.010000+00:00,2024-10-15 07:44:26.010000+00:00,0,not_walking,0,not_walking,0.24092749
47046344M-104,47046344M-104_block_24,2024-10-15 07:44:23.010000+00:00,2024-10-15 07:44:19.010000+00:00,2024-10-15 07:44:27.010000+00:00,0,not_walking,0,not_walking,0.25294954
47046344M-104,47046344M-104_block_24,2024-10-15 07:44:24.010000+00:00,2024-10-15 07:44:20.010000+00:00,2024-10-15 07:44:28.010000+00:00,0,not_walking,0,not_walking,0.2767145
47046344M-104,47046344M-104_block_24,2024-10-15 07:44:25.010000+00:00,2024-10-15 07:44:21.010000+00:00,2024-10-15 07:44:29.010000+00:00,0,not_walking,0,not_walking,0.26202556
47046344M-104,47046344M-104_block_24,2024-10-15 07:44:26.010000+00:00,2024-10-15 07:44:22.010000+00:00,2024-10-15 07:44:30.010000+00:00,0,not_walking,0,not_walking,0.20758846
47046344M-104,47046344M-104_block_24,2024-10-15 07:44:27.010000+00:00,2024-10-15 07:44:23.010000+00:00,2024-10-15 07:44:31.010000+00:00,0,not_walking,0,not_walking,0.4306108
47046344M-104,47046344M-104_block_24,2024-10-15 07:44:28.010000+00:00,2024-10-15 07:44:24.010000+00:00,2024-10-15 07:44:32.010000+00:00,0,not_walking,0,not_walking,0.18715122
47046344M-104,47046344M-104_block_24,2024-10-15 07:44:29.010000+00:00,2024-10-15 07:44:25.010000+00:00,2024-10-15 07:44:33.010000+00:00,0,not_walking,0,not_walking,0.22799413
47046344M-104,47046344M-104_block_24,2024-10-15 07:44:30.010000+00:00,2024-10-15 07:44:26.010000+00:00,2024-10-15 07:44:34.010000+00:00,0,not_walking,0,not_walking,0.23908731
47046344M-104,47046344M-104_block_24,2024-10-15 07:44:31.010000+00:00,2024-10-15 07:44:27.010000+00:00,2024-10-15 07:44:35.010000+00:00,0,not_walking,0,not_walking,0.20440407
47046344M-104,47046344M-104_block_24,2024-10-15 07:44:32.010000+00:00,2024-10-15 07:44:28.010000+00:00,2024-10-15 07:44:36.010000+00:00,0,not_walking,0,not_walking,0.13198386
47046344M-104,47046344M-104_block_24,2024-10-15 07:44:33.010000+00:00,2024-10-15 07:44:29.010000+00:00,2024-10-15 07:44:37.010000+00:00,0,not_walking,0,not_walking,0.19401313
47046344M-104,47046344M-104_block_24,2024-10-15 07:44:34.010000+00:00,2024-10-15 07:44:30.010000+00:00,2024-10-15 07:44:38.010000+00:00,0,not_walking,0,not_walking,0.17033023
47046344M-104,47046344M-104_block_24,2024-10-15 07:44:35.010000+00:00,2024-10-15 07:44:31.010000+00:00,2024-10-15 07:44:39.010000+00:00,0,not_walking,0,not_walking,0.2946374
47046344M-104,47046344M-104_block_24,2024-10-15 07:44:36.010000+00:00,2024-10-15 07:44:32.010000+00:00,2024-10-15 07:44:40.010000+00:00,0,not_walking,0,not_walking,0.17461586
47046344M-104,47046344M-104_block_24,2024-10-15 07:44:37.010000+00:00,2024-10-15 07:44:33.010000+00:00,2024-10-15 07:44:41.010000+00:00,0,not_walking,0,not_walking,0.22018099
47046344M-104,47046344M-104_block_24,2024-10-15 07:44:38.010000+00:00,2024-10-15 07:44:34.010000+00:00,2024-10-15 07:44:42.010000+00:00,0,not_walking,0,not_walking,0.27908835
47046344M-104,47046344M-104_block_24,2024-10-15 07:44:39.010000+00:00,2024-10-15 07:44:35.010000+00:00,2024-10-15 07:44:43.010000+00:00,0,not_walking,0,not_walking,0.2604128
47046344M-104,47046344M-104_block_24,2024-10-15 07:44:40.010000+00:00,2024-10-15 07:44:36.010000+00:00,2024-10-15 07:44:44.010000+00:00,0,not_walking,0,not_walking,0.13132295
47046344M-104,47046344M-104_block_24,2024-10-15 07:44:41.010000+00:00,2024-10-15 07:44:37.010000+00:00,2024-10-15 07:44:45.010000+00:00,0,not_walking,0,not_walking,0.23038593
47046344M-104,47046344M-104_block_24,2024-10-15 07:44:42.010000+00:00,2024-10-15 07:44:38.010000+00:00,2024-10-15 07:44:46.010000+00:00,0,not_walking,0,not_walking,0.24337709
47046344M-104,47046344M-104_block_24,2024-10-15 07:44:43.010000+00:00,2024-10-15 07:44:39.010000+00:00,2024-10-15 07:44:47.010000+00:00,0,not_walking,0,not_walking,0.2584698
47046344M-104,47046344M-104_block_24,2024-10-15 07:44:44.010000+00:00,2024-10-15 07:44:40.010000+00:00,2024-10-15 07:44:48.010000+00:00,0,not_walking,0,not_walking,0.25169992
47046344M-104,47046344M-104_block_24,2024-10-15 07:44:45.010000+00:00,2024-10-15 07:44:41.010000+00:00,2024-10-15 07:44:49.010000+00:00,0,not_walking,0,not_walking,0.20690688
47046344M-104,47046344M-104_block_24,2024-10-15 07:44:46.010000+00:00,2024-10-15 07:44:42.010000+00:00,2024-10-15 07:44:50.010000+00:00,0,not_walking,0,not_walking,0.24478169
47046344M-104,47046344M-104_block_24,2024-10-15 07:44:47.010000+00:00,2024-10-15 07:44:43.010000+00:00,2024-10-15 07:44:51.010000+00:00,0,not_walking,0,not_walking,0.18748502
47046344M-104,47046344M-104_block_24,2024-10-15 07:44:48.010000+00:00,2024-10-15 07:44:44.010000+00:00,2024-10-15 07:44:52.010000+00:00,0,not_walking,0,not_walking,0.31679186
47046344M-104,47046344M-104_block_24,2024-10-15 07:44:49.010000+00:00,2024-10-15 07:44:45.010000+00:00,2024-10-15 07:44:53.010000+00:00,0,not_walking,0,not_walking,0.27732137
47046344M-104,47046344M-104_block_24,2024-10-15 07:44:50.010000+00:00,2024-10-15 07:44:46.010000+00:00,2024-10-15 07:44:54.010000+00:00,0,not_walking,0,not_walking,0.12577711
47046344M-104,47046344M-104_block_24,2024-10-15 07:44:51.010000+00:00,2024-10-15 07:44:47.010000+00:00,2024-10-15 07:44:55.010000+00:00,0,not_walking,0,not_walking,0.2838944
47046344M-104,47046344M-104_block_24,2024-10-15 07:44:52.010000+00:00,2024-10-15 07:44:48.010000+00:00,2024-10-15 07:44:56.010000+00:00,0,not_walking,0,not_walking,0.25046077
47046344M-104,47046344M-104_block_24,2024-10-15 07:44:53.010000+00:00,2024-10-15 07:44:49.010000+00:00,2024-10-15 07:44:57.010000+00:00,0,not_walking,0,not_walking,0.100657634
47046344M-104,47046344M-104_block_24,2024-10-15 07:44:54.010000+00:00,2024-10-15 07:44:50.010000+00:00,2024-10-15 07:44:58.010000+00:00,0,not_walking,0,not_walking,0.16213202
47046344M-104,47046344M-104_block_24,2024-10-15 07:44:55.010000+00:00,2024-10-15 07:44:51.010000+00:00,2024-10-15 07:44:59.010000+00:00,0,not_walking,0,not_walking,0.12251556
47046344M-104,47046344M-104_block_24,2024-10-15 07:44:56.010000+00:00,2024-10-15 07:44:52.010000+00:00,2024-10-15 07:45:00.010000+00:00,0,not_walking,0,not_walking,0.17707756
47046344M-104,47046344M-104_block_24,2024-10-15 07:44:57.010000+00:00,2024-10-15 07:44:53.010000+00:00,2024-10-15 07:45:01.010000+00:00,0,not_walking,0,not_walking,0.21475936
47046344M-104,47046344M-104_block_24,2024-10-15 07:44:58.010000+00:00,2024-10-15 07:44:54.010000+00:00,2024-10-15 07:45:02.010000+00:00,0,not_walking,0,not_walking,0.25045627
47046344M-104,47046344M-104_block_24,2024-10-15 07:44:59.010000+00:00,2024-10-15 07:44:55.010000+00:00,2024-10-15 07:45:03.010000+00:00,0,not_walking,0,not_walking,0.40358314
47046344M-104,47046344M-104_block_24,2024-10-15 07:45:00.010000+00:00,2024-10-15 07:44:56.010000+00:00,2024-10-15 07:45:04.010000+00:00,0,not_walking,0,not_walking,0.38319853
47046344M-104,47046344M-104_block_24,2024-10-15 07:45:01.010000+00:00,2024-10-15 07:44:57.010000+00:00,2024-10-15 07:45:05.010000+00:00,0,not_walking,0,not_walking,0.2602708
47046344M-104,47046344M-104_block_24,2024-10-15 07:45:02.010000+00:00,2024-10-15 07:44:58.010000+00:00,2024-10-15 07:45:06.010000+00:00,0,not_walking,0,not_walking,0.3638105
47046344M-104,47046344M-104_block_24,2024-10-15 07:45:03.010000+00:00,2024-10-15 07:44:59.010000+00:00,2024-10-15 07:45:07.010000+00:00,0,not_walking,0,not_walking,0.41770566
47046344M-104,47046344M-104_block_24,2024-10-15 07:45:04.010000+00:00,2024-10-15 07:45:00.010000+00:00,2024-10-15 07:45:08.010000+00:00,0,not_walking,0,not_walking,0.29772452
47046344M-104,47046344M-104_block_24,2024-10-15 07:45:05.010000+00:00,2024-10-15 07:45:01.010000+00:00,2024-10-15 07:45:09.010000+00:00,0,not_walking,1,walking,0.52676433
47046344M-104,47046344M-104_block_24,2024-10-15 07:45:06.010000+00:00,2024-10-15 07:45:02.010000+00:00,2024-10-15 07:45:10.010000+00:00,0,not_walking,0,not_walking,0.31557682
47046344M-104,47046344M-104_block_24,2024-10-15 07:45:07.010000+00:00,2024-10-15 07:45:03.010000+00:00,2024-10-15 07:45:11.010000+00:00,0,not_walking,0,not_walking,0.39903972
47046344M-104,47046344M-104_block_24,2024-10-15 07:45:08.010000+00:00,2024-10-15 07:45:04.010000+00:00,2024-10-15 07:45:12.010000+00:00,0,not_walking,0,not_walking,0.41936168
47046344M-104,47046344M-104_block_24,2024-10-15 07:45:09.010000+00:00,2024-10-15 07:45:05.010000+00:00,2024-10-15 07:45:13.010000+00:00,0,not_walking,1,walking,0.55442566
47046344M-104,47046344M-104_block_24,2024-10-15 07:45:10.010000+00:00,2024-10-15 07:45:06.010000+00:00,2024-10-15 07:45:14.010000+00:00,0,not_walking,0,not_walking,0.27490973
47046344M-104,47046344M-104_block_24,2024-10-15 07:45:11.010000+00:00,2024-10-15 07:45:07.010000+00:00,2024-10-15 07:45:15.010000+00:00,0,not_walking,0,not_walking,0.389327
47046344M-104,47046344M-104_block_24,2024-10-15 07:45:12.010000+00:00,2024-10-15 07:45:08.010000+00:00,2024-10-15 07:45:16.010000+00:00,0,not_walking,0,not_walking,0.20430356
47046344M-104,47046344M-104_block_24,2024-10-15 07:45:13.010000+00:00,2024-10-15 07:45:09.010000+00:00,2024-10-15 07:45:17.010000+00:00,0,not_walking,0,not_walking,0.20375772
47046344M-104,47046344M-104_block_24,2024-10-15 07:45:14.010000+00:00,2024-10-15 07:45:10.010000+00:00,2024-10-15 07:45:18.010000+00:00,0,not_walking,0,not_walking,0.1882284
47046344M-104,47046344M-104_block_24,2024-10-15 07:45:15.010000+00:00,2024-10-15 07:45:11.010000+00:00,2024-10-15 07:45:19.010000+00:00,0,not_walking,0,not_walking,0.13635601
47046344M-104,47046344M-104_block_24,2024-10-15 07:45:16.010000+00:00,2024-10-15 07:45:12.010000+00:00,2024-10-15 07:45:20.010000+00:00,0,not_walking,0,not_walking,0.23419759
47046344M-104,47046344M-104_block_24,2024-10-15 07:45:17.010000+00:00,2024-10-15 07:45:13.010000+00:00,2024-10-15 07:45:21.010000+00:00,0,not_walking,0,not_walking,0.1974495
47046344M-104,47046344M-104_block_24,2024-10-15 07:45:18.010000+00:00,2024-10-15 07:45:14.010000+00:00,2024-10-15 07:45:22.010000+00:00,0,not_walking,0,not_walking,0.16510928
47046344M-104,47046344M-104_block_24,2024-10-15 07:45:19.010000+00:00,2024-10-15 07:45:15.010000+00:00,2024-10-15 07:45:26.010000+00:00,0,not_walking,0,not_walking,0.20576829
47046344M-104,47046344M-104_block_24,2024-10-15 07:45:20.010000+00:00,2024-10-15 07:45:16.010000+00:00,2024-10-15 07:45:27.010000+00:00,0,not_walking,0,not_walking,0.23380844
47046344M-104,47046344M-104_block_24,2024-10-15 07:45:21.010000+00:00,2024-10-15 07:45:17.010000+00:00,2024-10-15 07:45:28.010000+00:00,0,not_walking,0,not_walking,0.121950716
47046344M-104,47046344M-104_block_24,2024-10-15 07:45:22.010000+00:00,2024-10-15 07:45:18.010000+00:00,2024-10-15 07:45:29.010000+00:00,0,not_walking,0,not_walking,0.15946399
47046344M-104,47046344M-104_block_24,2024-10-15 07:45:26.010000+00:00,2024-10-15 07:45:19.010000+00:00,2024-10-15 07:45:30.010000+00:00,1,walking,0,not_walking,0.3034674
47046344M-104,47046344M-104_block_24,2024-10-15 07:45:27.010000+00:00,2024-10-15 07:45:20.010000+00:00,2024-10-15 07:45:31.010000+00:00,1,walking,0,not_walking,0.27233806
47046344M-104,47046344M-104_block_24,2024-10-15 07:45:28.010000+00:00,2024-10-15 07:45:21.010000+00:00,2024-10-15 07:45:32.010000+00:00,1,walking,0,not_walking,0.1151459
47046344M-104,47046344M-104_block_24,2024-10-15 07:45:29.010000+00:00,2024-10-15 07:45:22.010000+00:00,2024-10-15 07:45:33.010000+00:00,1,walking,0,not_walking,0.2059357
47046344M-104,47046344M-104_block_24,2024-10-15 07:45:30.010000+00:00,2024-10-15 07:45:26.010000+00:00,2024-10-15 07:45:34.010000+00:00,1,walking,0,not_walking,0.2018447
47046344M-104,47046344M-104_block_24,2024-10-15 07:45:31.010000+00:00,2024-10-15 07:45:27.010000+00:00,2024-10-15 07:45:35.010000+00:00,1,walking,0,not_walking,0.2473511
47046344M-104,47046344M-104_block_24,2024-10-15 07:45:32.010000+00:00,2024-10-15 07:45:28.010000+00:00,2024-10-15 07:45:36.010000+00:00,1,walking,0,not_walking,0.22975758
47046344M-104,47046344M-104_block_24,2024-10-15 07:45:33.010000+00:00,2024-10-15 07:45:29.010000+00:00,2024-10-15 07:45:37.010000+00:00,1,walking,0,not_walking,0.3008692
47046344M-104,47046344M-104_block_24,2024-10-15 07:45:34.010000+00:00,2024-10-15 07:45:30.010000+00:00,2024-10-15 07:45:38.010000+00:00,1,walking,0,not_walking,0.32720527
47046344M-104,47046344M-104_block_24,2024-10-15 07:45:35.010000+00:00,2024-10-15 07:45:31.010000+00:00,2024-10-15 07:45:39.010000+00:00,1,walking,0,not_walking,0.35768193
47046344M-104,47046344M-104_block_24,2024-10-15 07:45:36.010000+00:00,2024-10-15 07:45:32.010000+00:00,2024-10-15 07:45:40.010000+00:00,1,walking,0,not_walking,0.38654575
47046344M-104,47046344M-104_block_24,2024-10-15 07:45:37.010000+00:00,2024-10-15 07:45:33.010000+00:00,2024-10-15 07:45:41.010000+00:00,1,walking,0,not_walking,0.35693142
47046344M-104,47046344M-104_block_24,2024-10-15 07:45:38.010000+00:00,2024-10-15 07:45:34.010000+00:00,2024-10-15 07:45:42.010000+00:00,1,walking,0,not_walking,0.36572114
47046344M-104,47046344M-104_block_24,2024-10-15 07:45:39.010000+00:00,2024-10-15 07:45:35.010000+00:00,2024-10-15 07:45:43.010000+00:00,1,walking,0,not_walking,0.41051883
47046344M-104,47046344M-104_block_24,2024-10-15 07:45:40.010000+00:00,2024-10-15 07:45:36.010000+00:00,2024-10-15 07:45:44.010000+00:00,1,walking,0,not_walking,0.28487417
47046344M-104,47046344M-104_block_24,2024-10-15 07:45:41.010000+00:00,2024-10-15 07:45:37.010000+00:00,2024-10-15 07:45:45.010000+00:00,1,walking,0,not_walking,0.22802341
47046344M-104,47046344M-104_block_24,2024-10-15 07:45:42.010000+00:00,2024-10-15 07:45:38.010000+00:00,2024-10-15 07:45:46.010000+00:00,1,walking,0,not_walking,0.3179121
47046344M-104,47046344M-104_block_24,2024-10-15 07:45:43.010000+00:00,2024-10-15 07:45:39.010000+00:00,2024-10-15 07:45:47.010000+00:00,1,walking,0,not_walking,0.3213445
47046344M-104,47046344M-104_block_24,2024-10-15 07:45:44.010000+00:00,2024-10-15 07:45:40.010000+00:00,2024-10-15 07:45:48.010000+00:00,1,walking,0,not_walking,0.3617393
47046344M-104,47046344M-104_block_24,2024-10-15 07:45:45.010000+00:00,2024-10-15 07:45:41.010000+00:00,2024-10-15 07:45:49.010000+00:00,1,walking,0,not_walking,0.21961077
47046344M-104,47046344M-104_block_24,2024-10-15 07:45:46.010000+00:00,2024-10-15 07:45:42.010000+00:00,2024-10-15 07:45:50.010000+00:00,1,walking,0,not_walking,0.32425895
47046344M-104,47046344M-104_block_24,2024-10-15 07:45:47.010000+00:00,2024-10-15 07:45:43.010000+00:00,2024-10-15 07:45:51.010000+00:00,1,walking,0,not_walking,0.10006606
47046344M-104,47046344M-104_block_24,2024-10-15 07:45:48.010000+00:00,2024-10-15 07:45:44.010000+00:00,2024-10-15 07:45:52.010000+00:00,1,walking,0,not_walking,0.09742571
47046344M-104,47046344M-104_block_24,2024-10-15 07:45:49.010000+00:00,2024-10-15 07:45:45.010000+00:00,2024-10-15 07:45:53.010000+00:00,1,walking,0,not_walking,0.099409
47046344M-104,47046344M-104_block_24,2024-10-15 07:45:50.010000+00:00,2024-10-15 07:45:46.010000+00:00,2024-10-15 07:45:54.010000+00:00,1,walking,0,not_walking,0.19464374
47046344M-104,47046344M-104_block_24,2024-10-15 07:45:51.010000+00:00,2024-10-15 07:45:47.010000+00:00,2024-10-15 07:45:55.010000+00:00,1,walking,0,not_walking,0.113338515
47046344M-104,47046344M-104_block_24,2024-10-15 07:45:52.010000+00:00,2024-10-15 07:45:48.010000+00:00,2024-10-15 07:45:56.010000+00:00,1,walking,0,not_walking,0.13950948
47046344M-104,47046344M-104_block_24,2024-10-15 07:45:53.010000+00:00,2024-10-15 07:45:49.010000+00:00,2024-10-15 07:45:57.010000+00:00,1,walking,0,not_walking,0.07483889
47046344M-104,47046344M-104_block_24,2024-10-15 07:45:54.010000+00:00,2024-10-15 07:45:50.010000+00:00,2024-10-15 07:45:58.010000+00:00,1,walking,0,not_walking,0.14279115
47046344M-104,47046344M-104_block_24,2024-10-15 07:45:55.010000+00:00,2024-10-15 07:45:51.010000+00:00,2024-10-15 07:45:59.010000+00:00,1,walking,0,not_walking,0.17271365
47046344M-104,47046344M-104_block_24,2024-10-15 07:45:56.010000+00:00,2024-10-15 07:45:52.010000+00:00,2024-10-15 07:46:00.010000+00:00,1,walking,0,not_walking,0.13126753
47046344M-104,47046344M-104_block_24,2024-10-15 07:45:57.010000+00:00,2024-10-15 07:45:53.010000+00:00,2024-10-15 07:46:01.010000+00:00,1,walking,0,not_walking,0.09780894
47046344M-104,47046344M-104_block_24,2024-10-15 07:45:58.010000+00:00,2024-10-15 07:45:54.010000+00:00,2024-10-15 07:46:02.010000+00:00,1,walking,0,not_walking,0.20774123
47046344M-104,47046344M-104_block_24,2024-10-15 07:45:59.010000+00:00,2024-10-15 07:45:55.010000+00:00,2024-10-15 07:46:03.010000+00:00,1,walking,0,not_walking,0.30173865
47046344M-104,47046344M-104_block_24,2024-10-15 07:46:00.010000+00:00,2024-10-15 07:45:56.010000+00:00,2024-10-15 07:46:04.010000+00:00,1,walking,1,walking,0.6016782
47046344M-104,47046344M-104_block_24,2024-10-15 07:46:01.010000+00:00,2024-10-15 07:45:57.010000+00:00,2024-10-15 07:46:05.010000+00:00,1,walking,0,not_walking,0.30256864
47046344M-104,47046344M-104_block_24,2024-10-15 07:46:02.010000+00:00,2024-10-15 07:45:58.010000+00:00,2024-10-15 07:46:06.010000+00:00,1,walking,1,walking,0.58094484
47046344M-104,47046344M-104_block_24,2024-10-15 07:46:03.010000+00:00,2024-10-15 07:45:59.010000+00:00,2024-10-15 07:46:07.010000+00:00,1,walking,0,not_walking,0.22750747
47046344M-104,47046344M-104_block_24,2024-10-15 07:46:04.010000+00:00,2024-10-15 07:46:00.010000+00:00,2024-10-15 07:46:08.010000+00:00,1,walking,0,not_walking,0.33085957
47046344M-104,47046344M-104_block_24,2024-10-15 07:46:05.010000+00:00,2024-10-15 07:46:01.010000+00:00,2024-10-15 07:46:09.010000+00:00,1,walking,0,not_walking,0.36179966
47046344M-104,47046344M-104_block_24,2024-10-15 07:46:06.010000+00:00,2024-10-15 07:46:02.010000+00:00,2024-10-15 07:46:10.010000+00:00,1,walking,0,not_walking,0.45592937
47046344M-104,47046344M-104_block_24,2024-10-15 07:46:07.010000+00:00,2024-10-15 07:46:03.010000+00:00,2024-10-15 07:46:11.010000+00:00,1,walking,1,walking,0.51677996
47046344M-104,47046344M-104_block_24,2024-10-15 07:46:08.010000+00:00,2024-10-15 07:46:04.010000+00:00,2024-10-15 07:46:12.010000+00:00,1,walking,0,not_walking,0.42547566
47046344M-104,47046344M-104_block_24,2024-10-15 07:46:09.010000+00:00,2024-10-15 07:46:05.010000+00:00,2024-10-15 07:46:13.010000+00:00,1,walking,0,not_walking,0.36437604
47046344M-104,47046344M-104_block_24,2024-10-15 07:46:10.010000+00:00,2024-10-15 07:46:06.010000+00:00,2024-10-15 07:46:14.010000+00:00,1,walking,0,not_walking,0.4443091
47046344M-104,47046344M-104_block_24,2024-10-15 07:46:11.010000+00:00,2024-10-15 07:46:07.010000+00:00,2024-10-15 07:46:15.010000+00:00,1,walking,1,walking,0.6932699
47046344M-104,47046344M-104_block_24,2024-10-15 07:46:12.010000+00:00,2024-10-15 07:46:08.010000+00:00,2024-10-15 07:46:16.010000+00:00,1,walking,0,not_walking,0.46779913
47046344M-104,47046344M-104_block_24,2024-10-15 07:46:13.010000+00:00,2024-10-15 07:46:09.010000+00:00,2024-10-15 07:46:17.010000+00:00,1,walking,0,not_walking,0.40850803
47046344M-104,47046344M-104_block_24,2024-10-15 07:46:14.010000+00:00,2024-10-15 07:46:10.010000+00:00,2024-10-15 07:46:18.010000+00:00,1,walking,1,walking,0.50821584
47046344M-104,47046344M-104_block_24,2024-10-15 07:46:15.010000+00:00,2024-10-15 07:46:11.010000+00:00,2024-10-15 07:46:19.010000+00:00,1,walking,0,not_walking,0.24100623
47046344M-104,47046344M-104_block_24,2024-10-15 07:46:16.010000+00:00,2024-10-15 07:46:12.010000+00:00,2024-10-15 07:46:20.010000+00:00,1,walking,0,not_walking,0.2134709
47046344M-104,47046344M-104_block_24,2024-10-15 07:46:17.010000+00:00,2024-10-15 07:46:13.010000+00:00,2024-10-15 07:46:21.010000+00:00,1,walking,0,not_walking,0.27704337
47046344M-104,47046344M-104_block_24,2024-10-15 07:46:18.010000+00:00,2024-10-15 07:46:14.010000+00:00,2024-10-15 07:46:22.010000+00:00,1,walking,0,not_walking,0.25828576
47046344M-104,47046344M-104_block_24,2024-10-15 07:46:19.010000+00:00,2024-10-15 07:46:15.010000+00:00,2024-10-15 07:46:23.010000+00:00,1,walking,0,not_walking,0.17535906
47046344M-104,47046344M-104_block_24,2024-10-15 07:46:20.010000+00:00,2024-10-15 07:46:16.010000+00:00,2024-10-15 07:46:24.010000+00:00,1,walking,0,not_walking,0.1984129
47046344M-104,47046344M-104_block_24,2024-10-15 07:46:21.010000+00:00,2024-10-15 07:46:17.010000+00:00,2024-10-15 07:46:25.010000+00:00,1,walking,0,not_walking,0.18231988
47046344M-104,47046344M-104_block_24,2024-10-15 07:46:22.010000+00:00,2024-10-15 07:46:18.010000+00:00,2024-10-15 07:46:26.010000+00:00,1,walking,0,not_walking,0.2745055
47046344M-104,47046344M-104_block_24,2024-10-15 07:46:23.010000+00:00,2024-10-15 07:46:19.010000+00:00,2024-10-15 07:46:27.010000+00:00,1,walking,0,not_walking,0.27136365
47046344M-104,47046344M-104_block_24,2024-10-15 07:46:24.010000+00:00,2024-10-15 07:46:20.010000+00:00,2024-10-15 07:46:28.010000+00:00,1,walking,0,not_walking,0.3807122
47046344M-104,47046344M-104_block_24,2024-10-15 07:46:25.010000+00:00,2024-10-15 07:46:21.010000+00:00,2024-10-15 07:46:29.010000+00:00,1,walking,0,not_walking,0.4802836
47046344M-104,47046344M-104_block_24,2024-10-15 07:46:26.010000+00:00,2024-10-15 07:46:22.010000+00:00,2024-10-15 07:46:30.010000+00:00,1,walking,0,not_walking,0.3165751
47046344M-104,47046344M-104_block_24,2024-10-15 07:46:27.010000+00:00,2024-10-15 07:46:23.010000+00:00,2024-10-15 07:46:31.010000+00:00,1,walking,0,not_walking,0.2768145
47046344M-104,47046344M-104_block_24,2024-10-15 07:46:28.010000+00:00,2024-10-15 07:46:24.010000+00:00,2024-10-15 07:46:32.010000+00:00,1,walking,0,not_walking,0.3632468
47046344M-104,47046344M-104_block_24,2024-10-15 07:46:29.010000+00:00,2024-10-15 07:46:25.010000+00:00,2024-10-15 07:46:33.010000+00:00,1,walking,0,not_walking,0.2542342
47046344M-104,47046344M-104_block_24,2024-10-15 07:46:30.010000+00:00,2024-10-15 07:46:26.010000+00:00,2024-10-15 07:46:34.010000+00:00,1,walking,0,not_walking,0.18123598
47046344M-104,47046344M-104_block_24,2024-10-15 07:46:31.010000+00:00,2024-10-15 07:46:27.010000+00:00,2024-10-15 07:46:35.010000+00:00,1,walking,0,not_walking,0.2221494
47046344M-104,47046344M-104_block_24,2024-10-15 07:46:32.010000+00:00,2024-10-15 07:46:28.010000+00:00,2024-10-15 07:46:36.010000+00:00,1,walking,0,not_walking,0.28140172
47046344M-104,47046344M-104_block_24,2024-10-15 07:46:33.010000+00:00,2024-10-15 07:46:29.010000+00:00,2024-10-15 07:46:37.010000+00:00,1,walking,0,not_walking,0.2971262
47046344M-104,47046344M-104_block_24,2024-10-15 07:46:34.010000+00:00,2024-10-15 07:46:30.010000+00:00,2024-10-15 07:46:38.010000+00:00,1,walking,0,not_walking,0.29007766
47046344M-104,47046344M-104_block_24,2024-10-15 07:46:35.010000+00:00,2024-10-15 07:46:31.010000+00:00,2024-10-15 07:46:39.010000+00:00,1,walking,0,not_walking,0.25766087
47046344M-104,47046344M-104_block_24,2024-10-15 07:46:36.010000+00:00,2024-10-15 07:46:32.010000+00:00,2024-10-15 07:46:40.010000+00:00,1,walking,0,not_walking,0.20114724
47046344M-104,47046344M-104_block_24,2024-10-15 07:46:37.010000+00:00,2024-10-15 07:46:33.010000+00:00,2024-10-15 07:46:41.010000+00:00,1,walking,0,not_walking,0.23154677
47046344M-104,47046344M-104_block_24,2024-10-15 07:46:38.010000+00:00,2024-10-15 07:46:34.010000+00:00,2024-10-15 07:46:42.010000+00:00,1,walking,0,not_walking,0.21087833
47046344M-104,47046344M-104_block_24,2024-10-15 07:46:39.010000+00:00,2024-10-15 07:46:35.010000+00:00,2024-10-15 07:46:43.010000+00:00,1,walking,0,not_walking,0.2180856
47046344M-104,47046344M-104_block_24,2024-10-15 07:46:40.010000+00:00,2024-10-15 07:46:36.010000+00:00,2024-10-15 07:46:44.010000+00:00,1,walking,0,not_walking,0.1576282
47046344M-104,47046344M-104_block_24,2024-10-15 07:46:41.010000+00:00,2024-10-15 07:46:37.010000+00:00,2024-10-15 07:46:45.010000+00:00,1,walking,0,not_walking,0.17850634
47046344M-104,47046344M-104_block_24,2024-10-15 07:46:42.010000+00:00,2024-10-15 07:46:38.010000+00:00,2024-10-15 07:46:46.010000+00:00,1,walking,0,not_walking,0.16938351
47046344M-104,47046344M-104_block_25,2024-10-15 07:48:02.010000+00:00,2024-10-15 07:47:58.010000+00:00,2024-10-15 07:48:06.010000+00:00,1,walking,0,not_walking,0.455265
47046344M-104,47046344M-104_block_25,2024-10-15 07:48:03.010000+00:00,2024-10-15 07:47:59.010000+00:00,2024-10-15 07:48:07.010000+00:00,1,walking,0,not_walking,0.30481356
47046344M-104,47046344M-104_block_25,2024-10-15 07:48:04.010000+00:00,2024-10-15 07:48:00.010000+00:00,2024-10-15 07:48:08.010000+00:00,1,walking,0,not_walking,0.28059748
47046344M-104,47046344M-104_block_25,2024-10-15 07:48:05.010000+00:00,2024-10-15 07:48:01.010000+00:00,2024-10-15 07:48:09.010000+00:00,1,walking,0,not_walking,0.21215653
47046344M-104,47046344M-104_block_25,2024-10-15 07:48:06.010000+00:00,2024-10-15 07:48:02.010000+00:00,2024-10-15 07:48:10.010000+00:00,1,walking,0,not_walking,0.13806738
47046344M-104,47046344M-104_block_25,2024-10-15 07:48:07.010000+00:00,2024-10-15 07:48:03.010000+00:00,2024-10-15 07:48:11.010000+00:00,1,walking,0,not_walking,0.13218813
47046344M-104,47046344M-104_block_25,2024-10-15 07:48:08.010000+00:00,2024-10-15 07:48:04.010000+00:00,2024-10-15 07:48:12.010000+00:00,1,walking,0,not_walking,0.18107228
47046344M-104,47046344M-104_block_25,2024-10-15 07:48:09.010000+00:00,2024-10-15 07:48:05.010000+00:00,2024-10-15 07:48:13.010000+00:00,1,walking,0,not_walking,0.21285489
47046344M-104,47046344M-104_block_25,2024-10-15 07:48:10.010000+00:00,2024-10-15 07:48:06.010000+00:00,2024-10-15 07:48:14.010000+00:00,1,walking,0,not_walking,0.14346333
47046344M-104,47046344M-104_block_25,2024-10-15 07:48:11.010000+00:00,2024-10-15 07:48:07.010000+00:00,2024-10-15 07:48:15.010000+00:00,1,walking,0,not_walking,0.15235202
47046344M-104,47046344M-104_block_25,2024-10-15 07:48:12.010000+00:00,2024-10-15 07:48:08.010000+00:00,2024-10-15 07:48:16.010000+00:00,1,walking,0,not_walking,0.13596578
47046344M-104,47046344M-104_block_25,2024-10-15 07:48:13.010000+00:00,2024-10-15 07:48:09.010000+00:00,2024-10-15 07:48:17.010000+00:00,1,walking,0,not_walking,0.12206104
47046344M-104,47046344M-104_block_25,2024-10-15 07:48:14.010000+00:00,2024-10-15 07:48:10.010000+00:00,2024-10-15 07:48:18.010000+00:00,1,walking,0,not_walking,0.173732
47046344M-104,47046344M-104_block_25,2024-10-15 07:48:15.010000+00:00,2024-10-15 07:48:11.010000+00:00,2024-10-15 07:48:19.010000+00:00,1,walking,0,not_walking,0.19304344
47046344M-104,47046344M-104_block_25,2024-10-15 07:48:16.010000+00:00,2024-10-15 07:48:12.010000+00:00,2024-10-15 07:48:20.010000+00:00,1,walking,0,not_walking,0.1828559
47046344M-104,47046344M-104_block_25,2024-10-15 07:48:17.010000+00:00,2024-10-15 07:48:13.010000+00:00,2024-10-15 07:48:21.010000+00:00,1,walking,0,not_walking,0.32641053
47046344M-104,47046344M-104_block_25,2024-10-15 07:48:18.010000+00:00,2024-10-15 07:48:14.010000+00:00,2024-10-15 07:48:22.010000+00:00,1,walking,0,not_walking,0.39039367
47046344M-104,47046344M-104_block_25,2024-10-15 07:48:19.010000+00:00,2024-10-15 07:48:15.010000+00:00,2024-10-15 07:48:23.010000+00:00,1,walking,0,not_walking,0.38322893
47046344M-104,47046344M-104_block_25,2024-10-15 07:48:20.010000+00:00,2024-10-15 07:48:16.010000+00:00,2024-10-15 07:48:24.010000+00:00,1,walking,1,walking,0.5700566
47046344M-104,47046344M-104_block_25,2024-10-15 07:48:21.010000+00:00,2024-10-15 07:48:17.010000+00:00,2024-10-15 07:48:25.010000+00:00,1,walking,1,walking,0.6756436
47046344M-104,47046344M-104_block_25,2024-10-15 07:48:22.010000+00:00,2024-10-15 07:48:18.010000+00:00,2024-10-15 07:48:26.010000+00:00,1,walking,1,walking,0.61010873
47046344M-104,47046344M-104_block_25,2024-10-15 07:48:23.010000+00:00,2024-10-15 07:48:19.010000+00:00,2024-10-15 07:48:27.010000+00:00,1,walking,1,walking,0.60829085
47046344M-104,47046344M-104_block_25,2024-10-15 07:48:24.010000+00:00,2024-10-15 07:48:20.010000+00:00,2024-10-15 07:48:28.010000+00:00,1,walking,1,walking,0.67251146
47046344M-104,47046344M-104_block_25,2024-10-15 07:48:25.010000+00:00,2024-10-15 07:48:21.010000+00:00,2024-10-15 07:48:29.010000+00:00,1,walking,1,walking,0.64940023
47046344M-104,47046344M-104_block_25,2024-10-15 07:48:26.010000+00:00,2024-10-15 07:48:22.010000+00:00,2024-10-15 07:48:30.010000+00:00,1,walking,1,walking,0.62596095
47046344M-104,47046344M-104_block_25,2024-10-15 07:48:27.010000+00:00,2024-10-15 07:48:23.010000+00:00,2024-10-15 07:48:31.010000+00:00,1,walking,0,not_walking,0.46520376
47046344M-104,47046344M-104_block_25,2024-10-15 07:48:28.010000+00:00,2024-10-15 07:48:24.010000+00:00,2024-10-15 07:48:32.010000+00:00,1,walking,0,not_walking,0.33350474
47046344M-104,47046344M-104_block_25,2024-10-15 07:48:29.010000+00:00,2024-10-15 07:48:25.010000+00:00,2024-10-15 07:48:33.010000+00:00,1,walking,0,not_walking,0.4174212
47046344M-104,47046344M-104_block_25,2024-10-15 07:48:30.010000+00:00,2024-10-15 07:48:26.010000+00:00,2024-10-15 07:48:34.010000+00:00,1,walking,0,not_walking,0.2273517
47046344M-104,47046344M-104_block_25,2024-10-15 07:48:31.010000+00:00,2024-10-15 07:48:27.010000+00:00,2024-10-15 07:48:35.010000+00:00,1,walking,0,not_walking,0.22029592
47046344M-104,47046344M-104_block_25,2024-10-15 07:48:32.010000+00:00,2024-10-15 07:48:28.010000+00:00,2024-10-15 07:48:36.010000+00:00,1,walking,0,not_walking,0.40053928
47046344M-104,47046344M-104_block_25,2024-10-15 07:48:33.010000+00:00,2024-10-15 07:48:29.010000+00:00,2024-10-15 07:48:37.010000+00:00,1,walking,1,walking,0.532409
47046344M-104,47046344M-104_block_25,2024-10-15 07:48:34.010000+00:00,2024-10-15 07:48:30.010000+00:00,2024-10-15 07:48:38.010000+00:00,1,walking,0,not_walking,0.27309054
47046344M-104,47046344M-104_block_25,2024-10-15 07:48:35.010000+00:00,2024-10-15 07:48:31.010000+00:00,2024-10-15 07:48:39.010000+00:00,1,walking,1,walking,0.6461392
47046344M-104,47046344M-104_block_25,2024-10-15 07:48:36.010000+00:00,2024-10-15 07:48:32.010000+00:00,2024-10-15 07:48:40.010000+00:00,1,walking,1,walking,0.51484585
47046344M-104,47046344M-104_block_25,2024-10-15 07:48:37.010000+00:00,2024-10-15 07:48:33.010000+00:00,2024-10-15 07:48:41.010000+00:00,1,walking,1,walking,0.5159327
47046344M-104,47046344M-104_block_25,2024-10-15 07:48:38.010000+00:00,2024-10-15 07:48:34.010000+00:00,2024-10-15 07:48:42.010000+00:00,1,walking,0,not_walking,0.43678203
