reference,time_center,sequence_start_time,sequence_end_time,prediction,prediction_label,walking_probability,true_label,expected_content,seen_patient,segment_from_time,segment_until_time,prediction_file,stitched_segment_order,stitched_row,stitched_time_s,stitched_prediction,stitched_prediction_label
05447093A-110,2024-05-09 10:26:51.020000+00:00,2024-05-09T10:26:47.020000+00:00,2024-05-09T10:26:55.020000+00:00,0,not_walking,0.009057763,not_walking,not_walking,False,2024-05-09 10:26:46,2024-05-09 10:34:00,salidas_test/transformer_sequence_predictions/05447093A_110_20240509_102646_20240509_103400_transformer_predictions.csv,0,0,0,0,not_walking
05447093A-110,2024-05-09 10:26:52.020000+00:00,2024-05-09T10:26:48.020000+00:00,2024-05-09T10:26:56.020000+00:00,0,not_walking,0.0058449125,not_walking,not_walking,False,2024-05-09 10:26:46,2024-05-09 10:34:00,salidas_test/transformer_sequence_predictions/05447093A_110_20240509_102646_20240509_103400_transformer_predictions.csv,0,1,1,0,not_walking
05447093A-110,2024-05-09 10:26:53.020000+00:00,2024-05-09T10:26:49.020000+00:00,2024-05-09T10:26:57.020000+00:00,0,not_walking,0.012994845,not_walking,not_walking,False,2024-05-09 10:26:46,2024-05-09 10:34:00,salidas_test/transformer_sequence_predictions/05447093A_110_20240509_102646_20240509_103400_transformer_predictions.csv,0,2,2,0,not_walking
05447093A-110,2024-05-09 10:26:54.020000+00:00,2024-05-09T10:26:50.020000+00:00,2024-05-09T10:26:58.020000+00:00,0,not_walking,0.0063518495,not_walking,not_walking,False,2024-05-09 10:26:46,2024-05-09 10:34:00,salidas_test/transformer_sequence_predictions/05447093A_110_20240509_102646_20240509_103400_transformer_predictions.csv,0,3,3,0,not_walking
05447093A-110,2024-05-09 10:26:55.020000+00:00,2024-05-09T10:26:51.020000+00:00,2024-05-09T10:26:59.020000+00:00,0,not_walking,0.0051672063,not_walking,not_walking,False,2024-05-09 10:26:46,2024-05-09 10:34:00,salidas_test/transformer_sequence_predictions/05447093A_110_20240509_102646_20240509_103400_transformer_predictions.csv,0,4,4,0,not_walking
05447093A-110,2024-05-09 10:26:56.020000+00:00,2024-05-09T10:26:52.020000+00:00,2024-05-09T10:27:00.020000+00:00,0,not_walking,0.01702922,not_walking,not_walking,False,2024-05-09 10:26:46,2024-05-09 10:34:00,salidas_test/transformer_sequence_predictions/05447093A_110_20240509_102646_20240509_103400_transformer_predictions.csv,0,5,5,0,not_walking
05447093A-110,2024-05-09 10:26:57.020000+00:00,2024-05-09T10:26:53.020000+00:00,2024-05-09T10:27:01.020000+00:00,0,not_walking,0.019745799,not_walking,not_walking,False,2024-05-09 10:26:46,2024-05-09 10:34:00,salidas_test/transformer_sequence_predictions/05447093A_110_20240509_102646_20240509_103400_transformer_predictions.csv,0,6,6,0,not_walking
05447093A-110,2024-05-09 10:26:58.020000+00:00,2024-05-09T10:26:54.020000+00:00,2024-05-09T10:27:02.020000+00:00,0,not_walking,0.018548755,not_walking,not_walking,False,2024-05-09 10:26:46,2024-05-09 10:34:00,salidas_test/transformer_sequence_predictions/05447093A_110_20240509_102646_20240509_103400_transformer_predictions.csv,0,7,7,0,not_walking
05447093A-110,2024-05-09 10:26:59.020000+00:00,2024-05-09T10:26:55.020000+00:00,2024-05-09T10:27:03.020000+00:00,0,not_walking,0.04169169,not_walking,not_walking,False,2024-05-09 10:26:46,2024-05-09 10:34:00,salidas_test/transformer_sequence_predictions/05447093A_110_20240509_102646_20240509_103400_transformer_predictions.csv,0,8,8,0,not_walking
05447093A-110,2024-05-09 10:27:00.020000+00:00,2024-05-09T10:26:56.020000+00:00,2024-05-09T10:27:04.020000+00:00,0,not_walking,0.026591381,not_walking,not_walking,False,2024-05-09 10:26:46,2024-05-09 10:34:00,salidas_test/transformer_sequence_predictions/05447093A_110_20240509_102646_20240509_103400_transformer_predictions.csv,0,9,9,0,not_walking
05447093A-110,2024-05-09 10:27:01.020000+00:00,2024-05-09T10:26:57.020000+00:00,2024-05-09T10:27:05.020000+00:00,0,not_walking,0.041260384,not_walking,not_walking,False,2024-05-09 10:26:46,2024-05-09 10:34:00,salidas_test/transformer_sequence_predictions/05447093A_110_20240509_102646_20240509_103400_transformer_predictions.csv,0,10,10,0,not_walking
05447093A-110,2024-05-09 10:27:02.020000+00:00,2024-05-09T10:26:58.020000+00:00,2024-05-09T10:27:06.020000+00:00,0,not_walking,0.04925669,not_walking,not_walking,False,2024-05-09 10:26:46,2024-05-09 10:34:00,salidas_test/transformer_sequence_predictions/05447093A_110_20240509_102646_20240509_103400_transformer_predictions.csv,0,11,11,0,not_walking
05447093A-110,2024-05-09 10:27:03.020000+00:00,2024-05-09T10:26:59.020000+00:00,2024-05-09T10:27:07.020000+00:00,0,not_walking,0.107659794,not_walking,not_walking,False,2024-05-09 10:26:46,2024-05-09 10:34:00,salidas_test/transformer_sequence_predictions/05447093A_110_20240509_102646_20240509_103400_transformer_predictions.csv,0,12,12,0,not_walking
05447093A-110,2024-05-09 10:27:04.020000+00:00,2024-05-09T10:27:00.020000+00:00,2024-05-09T10:27:08.020000+00:00,0,not_walking,0.045395583,not_walking,not_walking,False,2024-05-09 10:26:46,2024-05-09 10:34:00,salidas_test/transformer_sequence_predictions/05447093A_110_20240509_102646_20240509_103400_transformer_predictions.csv,0,13,13,0,not_walking
05447093A-110,2024-05-09 10:27:05.020000+00:00,2024-05-09T10:27:01.020000+00:00,2024-05-09T10:27:09.020000+00:00,0,not_walking,0.073475584,not_walking,not_walking,False,2024-05-09 10:26:46,2024-05-09 10:34:00,salidas_test/transformer_sequence_predictions/05447093A_110_20240509_102646_20240509_103400_transformer_predictions.csv,0,14,14,0,not_walking
05447093A-110,2024-05-09 10:27:06.020000+00:00,2024-05-09T10:27:02.020000+00:00,2024-05-09T10:27:10.020000+00:00,0,not_walking,0.08354188,not_walking,not_walking,False,2024-05-09 10:26:46,2024-05-09 10:34:00,salidas_test/transformer_sequence_predictions/05447093A_110_20240509_102646_20240509_103400_transformer_predictions.csv,0,15,15,0,not_walking
05447093A-110,2024-05-09 10:27:07.020000+00:00,2024-05-09T10:27:03.020000+00:00,2024-05-09T10:27:11.020000+00:00,0,not_walking,0.12640002,not_walking,not_walking,False,2024-05-09 10:26:46,2024-05-09 10:34:00,salidas_test/transformer_sequence_predictions/05447093A_110_20240509_102646_20240509_103400_transformer_predictions.csv,0,16,16,0,not_walking
05447093A-110,2024-05-09 10:27:08.020000+00:00,2024-05-09T10:27:04.020000+00:00,2024-05-09T10:27:12.020000+00:00,0,not_walking,0.20957197,not_walking,not_walking,False,2024-05-09 10:26:46,2024-05-09 10:34:00,salidas_test/transformer_sequence_predictions/05447093A_110_20240509_102646_20240509_103400_transformer_predictions.csv,0,17,17,0,not_walking
05447093A-110,2024-05-09 10:27:09.020000+00:00,2024-05-09T10:27:05.020000+00:00,2024-05-09T10:27:13.020000+00:00,0,not_walking,0.31706697,not_walking,not_walking,False,2024-05-09 10:26:46,2024-05-09 10:34:00,salidas_test/transformer_sequence_predictions/05447093A_110_20240509_102646_20240509_103400_transformer_predictions.csv,0,18,18,0,not_walking
05447093A-110,2024-05-09 10:27:10.020000+00:00,2024-05-09T10:27:06.020000+00:00,2024-05-09T10:27:14.020000+00:00,0,not_walking,0.28802085,not_walking,not_walking,False,2024-05-09 10:26:46,2024-05-09 10:34:00,salidas_test/transformer_sequence_predictions/05447093A_110_20240509_102646_20240509_103400_transformer_predictions.csv,0,19,19,0,not_walking
05447093A-110,2024-05-09 10:27:11.020000+00:00,2024-05-09T10:27:07.020000+00:00,2024-05-09T10:27:15.020000+00:00,0,not_walking,0.11231473,not_walking,not_walking,False,2024-05-09 10:26:46,2024-05-09 10:34:00,salidas_test/transformer_sequence_predictions/05447093A_110_20240509_102646_20240509_103400_transformer_predictions.csv,0,20,20,0,not_walking
05447093A-110,2024-05-09 10:27:12.020000+00:00,2024-05-09T10:27:08.020000+00:00,2024-05-09T10:27:16.020000+00:00,0,not_walking,0.38252407,not_walking,not_walking,False,2024-05-09 10:26:46,2024-05-09 10:34:00,salidas_test/transformer_sequence_predictions/05447093A_110_20240509_102646_20240509_103400_transformer_predictions.csv,0,21,21,0,not_walking
05447093A-110,2024-05-09 10:27:13.020000+00:00,2024-05-09T10:27:09.020000+00:00,2024-05-09T10:27:17.020000+00:00,0,not_walking,0.31834775,not_walking,not_walking,False,2024-05-09 10:26:46,2024-05-09 10:34:00,salidas_test/transformer_sequence_predictions/05447093A_110_20240509_102646_20240509_103400_transformer_predictions.csv,0,22,22,0,not_walking
05447093A-110,2024-05-09 10:27:14.020000+00:00,2024-05-09T10:27:10.020000+00:00,2024-05-09T10:27:18.020000+00:00,0,not_walking,0.25230968,not_walking,not_walking,False,2024-05-09 10:26:46,2024-05-09 10:34:00,salidas_test/transformer_sequence_predictions/05447093A_110_20240509_102646_20240509_103400_transformer_predictions.csv,0,23,23,0,not_walking
05447093A-110,2024-05-09 10:27:15.020000+00:00,2024-05-09T10:27:11.020000+00:00,2024-05-09T10:27:19.020000+00:00,0,not_walking,0.14411858,not_walking,not_walking,False,2024-05-09 10:26:46,2024-05-09 10:34:00,salidas_test/transformer_sequence_predictions/05447093A_110_20240509_102646_20240509_103400_transformer_predictions.csv,0,24,24,0,not_walking
05447093A-110,2024-05-09 10:27:16.020000+00:00,2024-05-09T10:27:12.020000+00:00,2024-05-09T10:27:20.020000+00:00,0,not_walking,0.12961322,not_walking,not_walking,False,2024-05-09 10:26:46,2024-05-09 10:34:00,salidas_test/transformer_sequence_predictions/05447093A_110_20240509_102646_20240509_103400_transformer_predictions.csv,0,25,25,0,not_walking
05447093A-110,2024-05-09 10:27:17.020000+00:00,2024-05-09T10:27:13.020000+00:00,2024-05-09T10:27:21.020000+00:00,0,not_walking,0.03476248,not_walking,not_walking,False,2024-05-09 10:26:46,2024-05-09 10:34:00,salidas_test/transformer_sequence_predictions/05447093A_110_20240509_102646_20240509_103400_transformer_predictions.csv,0,26,26,0,not_walking
05447093A-110,2024-05-09 10:27:18.020000+00:00,2024-05-09T10:27:14.020000+00:00,2024-05-09T10:27:22.020000+00:00,0,not_walking,0.067051575,not_walking,not_walking,False,2024-05-09 10:26:46,2024-05-09 10:34:00,salidas_test/transformer_sequence_predictions/05447093A_110_20240509_102646_20240509_103400_transformer_predictions.csv,0,27,27,0,not_walking
05447093A-110,2024-05-09 10:27:19.020000+00:00,2024-05-09T10:27:15.020000+00:00,2024-05-09T10:27:23.020000+00:00,0,not_walking,0.06398445,not_walking,not_walking,False,2024-05-09 10:26:46,2024-05-09 10:34:00,salidas_test/transformer_sequence_predictions/05447093A_110_20240509_102646_20240509_103400_transformer_predictions.csv,0,28,28,0,not_walking
05447093A-110,2024-05-09 10:27:20.020000+00:00,2024-05-09T10:27:16.020000+00:00,2024-05-09T10:27:24.020000+00:00,0,not_walking,0.023029638,not_walking,not_walking,False,2024-05-09 10:26:46,2024-05-09 10:34:00,salidas_test/transformer_sequence_predictions/05447093A_110_20240509_102646_20240509_103400_transformer_predictions.csv,0,29,29,0,not_walking
05447093A-110,2024-05-09 10:27:21.020000+00:00,2024-05-09T10:27:17.020000+00:00,2024-05-09T10:27:25.020000+00:00,0,not_walking,0.16332607,not_walking,not_walking,False,2024-05-09 10:26:46,2024-05-09 10:34:00,salidas_test/transformer_sequence_predictions/05447093A_110_20240509_102646_20240509_103400_transformer_predictions.csv,0,30,30,0,not_walking
05447093A-110,2024-05-09 10:27:22.020000+00:00,2024-05-09T10:27:18.020000+00:00,2024-05-09T10:27:26.020000+00:00,0,not_walking,0.16376315,not_walking,not_walking,False,2024-05-09 10:26:46,2024-05-09 10:34:00,salidas_test/transformer_sequence_predictions/05447093A_110_20240509_102646_20240509_103400_transformer_predictions.csv,0,31,31,0,not_walking
05447093A-110,2024-05-09 10:27:23.020000+00:00,2024-05-09T10:27:19.020000+00:00,2024-05-09T10:27:27.020000+00:00,0,not_walking,0.18473989,not_walking,not_walking,False,2024-05-09 10:26:46,2024-05-09 10:34:00,salidas_test/transformer_sequence_predictions/05447093A_110_20240509_102646_20240509_103400_transformer_predictions.csv,0,32,32,0,not_walking
05447093A-110,2024-05-09 10:27:24.020000+00:00,2024-05-09T10:27:20.020000+00:00,2024-05-09T10:27:28.020000+00:00,1,walking,0.94231534,not_walking,not_walking,False,2024-05-09 10:26:46,2024-05-09 10:34:00,salidas_test/transformer_sequence_predictions/05447093A_110_20240509_102646_20240509_103400_transformer_predictions.csv,0,33,33,0,not_walking
05447093A-110,2024-05-09 10:27:25.020000+00:00,2024-05-09T10:27:21.020000+00:00,2024-05-09T10:27:29.020000+00:00,1,walking,0.5025102,not_walking,not_walking,False,2024-05-09 10:26:46,2024-05-09 10:34:00,salidas_test/transformer_sequence_predictions/05447093A_110_20240509_102646_20240509_103400_transformer_predictions.csv,0,34,34,0,not_walking
05447093A-110,2024-05-09 10:27:26.020000+00:00,2024-05-09T10:27:22.020000+00:00,2024-05-09T10:27:30.020000+00:00,1,walking,0.53591275,not_walking,not_walking,False,2024-05-09 10:26:46,2024-05-09 10:34:00,salidas_test/transformer_sequence_predictions/05447093A_110_20240509_102646_20240509_103400_transformer_predictions.csv,0,35,35,0,not_walking
05447093A-110,2024-05-09 10:27:27.020000+00:00,2024-05-09T10:27:23.020000+00:00,2024-05-09T10:27:31.020000+00:00,0,not_walking,0.27581388,not_walking,not_walking,False,2024-05-09 10:26:46,2024-05-09 10:34:00,salidas_test/transformer_sequence_predictions/05447093A_110_20240509_102646_20240509_103400_transformer_predictions.csv,0,36,36,0,not_walking
05447093A-110,2024-05-09 10:27:28.020000+00:00,2024-05-09T10:27:24.020000+00:00,2024-05-09T10:27:32.020000+00:00,0,not_walking,0.13933994,not_walking,not_walking,False,2024-05-09 10:26:46,2024-05-09 10:34:00,salidas_test/transformer_sequence_predictions/05447093A_110_20240509_102646_20240509_103400_transformer_predictions.csv,0,37,37,0,not_walking
05447093A-110,2024-05-09 10:27:29.020000+00:00,2024-05-09T10:27:25.020000+00:00,2024-05-09T10:27:33.020000+00:00,0,not_walking,0.110352896,not_walking,not_walking,False,2024-05-09 10:26:46,2024-05-09 10:34:00,salidas_test/transformer_sequence_predictions/05447093A_110_20240509_102646_20240509_103400_transformer_predictions.csv,0,38,38,0,not_walking
05447093A-110,2024-05-09 10:27:30.020000+00:00,2024-05-09T10:27:26.020000+00:00,2024-05-09T10:27:34.020000+00:00,0,not_walking,0.116995685,not_walking,not_walking,False,2024-05-09 10:26:46,2024-05-09 10:34:00,salidas_test/transformer_sequence_predictions/05447093A_110_20240509_102646_20240509_103400_transformer_predictions.csv,0,39,39,0,not_walking
05447093A-110,2024-05-09 10:27:31.020000+00:00,2024-05-09T10:27:27.020000+00:00,2024-05-09T10:27:35.020000+00:00,0,not_walking,0.19002669,not_walking,not_walking,False,2024-05-09 10:26:46,2024-05-09 10:34:00,salidas_test/transformer_sequence_predictions/05447093A_110_20240509_102646_20240509_103400_transformer_predictions.csv,0,40,40,0,not_walking
05447093A-110,2024-05-09 10:27:32.020000+00:00,2024-05-09T10:27:28.020000+00:00,2024-05-09T10:27:36.020000+00:00,0,not_walking,0.06838866,not_walking,not_walking,False,2024-05-09 10:26:46,2024-05-09 10:34:00,salidas_test/transformer_sequence_predictions/05447093A_110_20240509_102646_20240509_103400_transformer_predictions.csv,0,41,41,0,not_walking
05447093A-110,2024-05-09 10:27:33.020000+00:00,2024-05-09T10:27:29.020000+00:00,2024-05-09T10:27:37.020000+00:00,0,not_walking,0.036793627,not_walking,not_walking,False,2024-05-09 10:26:46,2024-05-09 10:34:00,salidas_test/transformer_sequence_predictions/05447093A_110_20240509_102646_20240509_103400_transformer_predictions.csv,0,42,42,0,not_walking
05447093A-110,2024-05-09 10:27:34.020000+00:00,2024-05-09T10:27:30.020000+00:00,2024-05-09T10:27:38.020000+00:00,0,not_walking,0.089606196,not_walking,not_walking,False,2024-05-09 10:26:46,2024-05-09 10:34:00,salidas_test/transformer_sequence_predictions/05447093A_110_20240509_102646_20240509_103400_transformer_predictions.csv,0,43,43,0,not_walking
05447093A-110,2024-05-09 10:27:35.020000+00:00,2024-05-09T10:27:31.020000+00:00,2024-05-09T10:27:39.020000+00:00,0,not_walking,0.05012404,not_walking,not_walking,False,2024-05-09 10:26:46,2024-05-09 10:34:00,salidas_test/transformer_sequence_predictions/05447093A_110_20240509_102646_20240509_103400_transformer_predictions.csv,0,44,44,0,not_walking
05447093A-110,2024-05-09 10:27:36.020000+00:00,2024-05-09T10:27:32.020000+00:00,2024-05-09T10:27:40.020000+00:00,0,not_walking,0.13397571,not_walking,not_walking,False,2024-05-09 10:26:46,2024-05-09 10:34:00,salidas_test/transformer_sequence_predictions/05447093A_110_20240509_102646_20240509_103400_transformer_predictions.csv,0,45,45,0,not_walking
05447093A-110,2024-05-09 10:27:37.020000+00:00,2024-05-09T10:27:33.020000+00:00,2024-05-09T10:27:41.020000+00:00,0,not_walking,0.30574897,not_walking,not_walking,False,2024-05-09 10:26:46,2024-05-09 10:34:00,salidas_test/transformer_sequence_predictions/05447093A_110_20240509_102646_20240509_103400_transformer_predictions.csv,0,46,46,0,not_walking
05447093A-110,2024-05-09 10:27:38.020000+00:00,2024-05-09T10:27:34.020000+00:00,2024-05-09T10:27:42.020000+00:00,1,walking,0.8515797,not_walking,not_walking,False,2024-05-09 10:26:46,2024-05-09 10:34:00,salidas_test/transformer_sequence_predictions/05447093A_110_20240509_102646_20240509_103400_transformer_predictions.csv,0,47,47,0,not_walking
05447093A-110,2024-05-09 10:27:39.020000+00:00,2024-05-09T10:27:35.020000+00:00,2024-05-09T10:27:43.020000+00:00,0,not_walking,0.23757611,not_walking,not_walking,False,2024-05-09 10:26:46,2024-05-09 10:34:00,salidas_test/transformer_sequence_predictions/05447093A_110_20240509_102646_20240509_103400_transformer_predictions.csv,0,48,48,0,not_walking
05447093A-110,2024-05-09 10:27:40.020000+00:00,2024-05-09T10:27:36.020000+00:00,2024-05-09T10:27:44.020000+00:00,1,walking,0.9141009,not_walking,not_walking,False,2024-05-09 10:26:46,2024-05-09 10:34:00,salidas_test/transformer_sequence_predictions/05447093A_110_20240509_102646_20240509_103400_transformer_predictions.csv,0,49,49,0,not_walking
05447093A-110,2024-05-09 10:27:41.020000+00:00,2024-05-09T10:27:37.020000+00:00,2024-05-09T10:27:45.020000+00:00,1,walking,0.6852845,not_walking,not_walking,False,2024-05-09 10:26:46,2024-05-09 10:34:00,salidas_test/transformer_sequence_predictions/05447093A_110_20240509_102646_20240509_103400_transformer_predictions.csv,0,50,50,0,not_walking
05447093A-110,2024-05-09 10:27:42.020000+00:00,2024-05-09T10:27:38.020000+00:00,2024-05-09T10:27:46.020000+00:00,1,walking,0.7507948,not_walking,not_walking,False,2024-05-09 10:26:46,2024-05-09 10:34:00,salidas_test/transformer_sequence_predictions/05447093A_110_20240509_102646_20240509_103400_transformer_predictions.csv,0,51,51,0,not_walking
05447093A-110,2024-05-09 10:27:43.020000+00:00,2024-05-09T10:27:39.020000+00:00,2024-05-09T10:27:47.020000+00:00,1,walking,0.8563492,not_walking,not_walking,False,2024-05-09 10:26:46,2024-05-09 10:34:00,salidas_test/transformer_sequence_predictions/05447093A_110_20240509_102646_20240509_103400_transformer_predictions.csv,0,52,52,0,not_walking
05447093A-110,2024-05-09 10:27:44.020000+00:00,2024-05-09T10:27:40.020000+00:00,2024-05-09T10:27:48.020000+00:00,1,walking,0.99226564,not_walking,not_walking,False,2024-05-09 10:26:46,2024-05-09 10:34:00,salidas_test/transformer_sequence_predictions/05447093A_110_20240509_102646_20240509_103400_transformer_predictions.csv,0,53,53,0,not_walking
05447093A-110,2024-05-09 10:27:45.020000+00:00,2024-05-09T10:27:41.020000+00:00,2024-05-09T10:27:49.020000+00:00,1,walking,0.9086021,not_walking,not_walking,False,2024-05-09 10:26:46,2024-05-09 10:34:00,salidas_test/transformer_sequence_predictions/05447093A_110_20240509_102646_20240509_103400_transformer_predictions.csv,0,54,54,0,not_walking
05447093A-110,2024-05-09 10:27:46.020000+00:00,2024-05-09T10:27:42.020000+00:00,2024-05-09T10:27:50.020000+00:00,0,not_walking,0.2914331,not_walking,not_walking,False,2024-05-09 10:26:46,2024-05-09 10:34:00,salidas_test/transformer_sequence_predictions/05447093A_110_20240509_102646_20240509_103400_transformer_predictions.csv,0,55,55,0,not_walking
05447093A-110,2024-05-09 10:27:47.020000+00:00,2024-05-09T10:27:43.020000+00:00,2024-05-09T10:27:51.020000+00:00,0,not_walking,0.07720547,not_walking,not_walking,False,2024-05-09 10:26:46,2024-05-09 10:34:00,salidas_test/transformer_sequence_predictions/05447093A_110_20240509_102646_20240509_103400_transformer_predictions.csv,0,56,56,0,not_walking
05447093A-110,2024-05-09 10:27:48.020000+00:00,2024-05-09T10:27:44.020000+00:00,2024-05-09T10:27:52.020000+00:00,0,not_walking,0.11311377,not_walking,not_walking,False,2024-05-09 10:26:46,2024-05-09 10:34:00,salidas_test/transformer_sequence_predictions/05447093A_110_20240509_102646_20240509_103400_transformer_predictions.csv,0,57,57,0,not_walking
05447093A-110,2024-05-09 10:27:49.020000+00:00,2024-05-09T10:27:45.020000+00:00,2024-05-09T10:27:53.020000+00:00,0,not_walking,0.25754553,not_walking,not_walking,False,2024-05-09 10:26:46,2024-05-09 10:34:00,salidas_test/transformer_sequence_predictions/05447093A_110_20240509_102646_20240509_103400_transformer_predictions.csv,0,58,58,0,not_walking
05447093A-110,2024-05-09 10:27:50.020000+00:00,2024-05-09T10:27:46.020000+00:00,2024-05-09T10:27:54.020000+00:00,0,not_walking,0.06786362,not_walking,not_walking,False,2024-05-09 10:26:46,2024-05-09 10:34:00,salidas_test/transformer_sequence_predictions/05447093A_110_20240509_102646_20240509_103400_transformer_predictions.csv,0,59,59,0,not_walking
05447093A-110,2024-05-09 10:27:51.020000+00:00,2024-05-09T10:27:47.020000+00:00,2024-05-09T10:27:55.020000+00:00,0,not_walking,0.15592113,not_walking,not_walking,False,2024-05-09 10:26:46,2024-05-09 10:34:00,salidas_test/transformer_sequence_predictions/05447093A_110_20240509_102646_20240509_103400_transformer_predictions.csv,0,60,60,0,not_walking
05447093A-110,2024-05-09 10:27:52.020000+00:00,2024-05-09T10:27:48.020000+00:00,2024-05-09T10:27:56.020000+00:00,0,not_walking,0.12266705,not_walking,not_walking,False,2024-05-09 10:26:46,2024-05-09 10:34:00,salidas_test/transformer_sequence_predictions/05447093A_110_20240509_102646_20240509_103400_transformer_predictions.csv,0,61,61,0,not_walking
05447093A-110,2024-05-09 10:27:53.020000+00:00,2024-05-09T10:27:49.020000+00:00,2024-05-09T10:27:57.020000+00:00,0,not_walking,0.3261741,not_walking,not_walking,False,2024-05-09 10:26:46,2024-05-09 10:34:00,salidas_test/transformer_sequence_predictions/05447093A_110_20240509_102646_20240509_103400_transformer_predictions.csv,0,62,62,0,not_walking
05447093A-110,2024-05-09 10:27:54.020000+00:00,2024-05-09T10:27:50.020000+00:00,2024-05-09T10:27:58.020000+00:00,1,walking,0.96961033,not_walking,not_walking,False,2024-05-09 10:26:46,2024-05-09 10:34:00,salidas_test/transformer_sequence_predictions/05447093A_110_20240509_102646_20240509_103400_transformer_predictions.csv,0,63,63,1,walking
05447093A-110,2024-05-09 10:27:55.020000+00:00,2024-05-09T10:27:51.020000+00:00,2024-05-09T10:27:59.020000+00:00,1,walking,0.9713426,not_walking,not_walking,False,2024-05-09 10:26:46,2024-05-09 10:34:00,salidas_test/transformer_sequence_predictions/05447093A_110_20240509_102646_20240509_103400_transformer_predictions.csv,0,64,64,1,walking
05447093A-110,2024-05-09 10:27:56.020000+00:00,2024-05-09T10:27:52.020000+00:00,2024-05-09T10:28:00.020000+00:00,1,walking,0.98383754,not_walking,not_walking,False,2024-05-09 10:26:46,2024-05-09 10:34:00,salidas_test/transformer_sequence_predictions/05447093A_110_20240509_102646_20240509_103400_transformer_predictions.csv,0,65,65,1,walking
05447093A-110,2024-05-09 10:27:57.020000+00:00,2024-05-09T10:27:53.020000+00:00,2024-05-09T10:28:01.020000+00:00,1,walking,0.97840756,not_walking,not_walking,False,2024-05-09 10:26:46,2024-05-09 10:34:00,salidas_test/transformer_sequence_predictions/05447093A_110_20240509_102646_20240509_103400_transformer_predictions.csv,0,66,66,1,walking
05447093A-110,2024-05-09 10:27:58.020000+00:00,2024-05-09T10:27:54.020000+00:00,2024-05-09T10:28:02.020000+00:00,1,walking,0.995689,not_walking,not_walking,False,2024-05-09 10:26:46,2024-05-09 10:34:00,salidas_test/transformer_sequence_predictions/05447093A_110_20240509_102646_20240509_103400_transformer_predictions.csv,0,67,67,1,walking
05447093A-110,2024-05-09 10:27:59.020000+00:00,2024-05-09T10:27:55.020000+00:00,2024-05-09T10:28:03.020000+00:00,1,walking,0.9660048,not_walking,not_walking,False,2024-05-09 10:26:46,2024-05-09 10:34:00,salidas_test/transformer_sequence_predictions/05447093A_110_20240509_102646_20240509_103400_transformer_predictions.csv,0,68,68,1,walking
05447093A-110,2024-05-09 10:28:00.020000+00:00,2024-05-09T10:27:56.020000+00:00,2024-05-09T10:28:04.020000+00:00,1,walking,0.95126426,not_walking,not_walking,False,2024-05-09 10:26:46,2024-05-09 10:34:00,salidas_test/transformer_sequence_predictions/05447093A_110_20240509_102646_20240509_103400_transformer_predictions.csv,0,69,69,1,walking
05447093A-110,2024-05-09 10:28:01.020000+00:00,2024-05-09T10:27:57.020000+00:00,2024-05-09T10:28:05.020000+00:00,1,walking,0.9793214,not_walking,not_walking,False,2024-05-09 10:26:46,2024-05-09 10:34:00,salidas_test/transformer_sequence_predictions/05447093A_110_20240509_102646_20240509_103400_transformer_predictions.csv,0,70,70,1,walking
05447093A-110,2024-05-09 10:28:02.020000+00:00,2024-05-09T10:27:58.020000+00:00,2024-05-09T10:28:06.020000+00:00,1,walking,0.95162827,not_walking,not_walking,False,2024-05-09 10:26:46,2024-05-09 10:34:00,salidas_test/transformer_sequence_predictions/05447093A_110_20240509_102646_20240509_103400_transformer_predictions.csv,0,71,71,1,walking
05447093A-110,2024-05-09 10:28:03.020000+00:00,2024-05-09T10:27:59.020000+00:00,2024-05-09T10:28:07.020000+00:00,1,walking,0.8917728,not_walking,not_walking,False,2024-05-09 10:26:46,2024-05-09 10:34:00,salidas_test/transformer_sequence_predictions/05447093A_110_20240509_102646_20240509_103400_transformer_predictions.csv,0,72,72,1,walking
05447093A-110,2024-05-09 10:28:04.020000+00:00,2024-05-09T10:28:00.020000+00:00,2024-05-09T10:28:08.020000+00:00,1,walking,0.9611147,not_walking,not_walking,False,2024-05-09 10:26:46,2024-05-09 10:34:00,salidas_test/transformer_sequence_predictions/05447093A_110_20240509_102646_20240509_103400_transformer_predictions.csv,0,73,73,1,walking
05447093A-110,2024-05-09 10:28:05.020000+00:00,2024-05-09T10:28:01.020000+00:00,2024-05-09T10:28:09.020000+00:00,1,walking,0.8450493,not_walking,not_walking,False,2024-05-09 10:26:46,2024-05-09 10:34:00,salidas_test/transformer_sequence_predictions/05447093A_110_20240509_102646_20240509_103400_transformer_predictions.csv,0,74,74,1,walking
05447093A-110,2024-05-09 10:28:06.020000+00:00,2024-05-09T10:28:02.020000+00:00,2024-05-09T10:28:10.020000+00:00,1,walking,0.95635515,not_walking,not_walking,False,2024-05-09 10:26:46,2024-05-09 10:34:00,salidas_test/transformer_sequence_predictions/05447093A_110_20240509_102646_20240509_103400_transformer_predictions.csv,0,75,75,1,walking
05447093A-110,2024-05-09 10:28:07.020000+00:00,2024-05-09T10:28:03.020000+00:00,2024-05-09T10:28:11.020000+00:00,1,walking,0.97819394,not_walking,not_walking,False,2024-05-09 10:26:46,2024-05-09 10:34:00,salidas_test/transformer_sequence_predictions/05447093A_110_20240509_102646_20240509_103400_transformer_predictions.csv,0,76,76,1,walking
05447093A-110,2024-05-09 10:28:08.020000+00:00,2024-05-09T10:28:04.020000+00:00,2024-05-09T10:28:12.020000+00:00,1,walking,0.9617117,not_walking,not_walking,False,2024-05-09 10:26:46,2024-05-09 10:34:00,salidas_test/transformer_sequence_predictions/05447093A_110_20240509_102646_20240509_103400_transformer_predictions.csv,0,77,77,1,walking
05447093A-110,2024-05-09 10:28:09.020000+00:00,2024-05-09T10:28:05.020000+00:00,2024-05-09T10:28:13.020000+00:00,1,walking,0.98925334,not_walking,not_walking,False,2024-05-09 10:26:46,2024-05-09 10:34:00,salidas_test/transformer_sequence_predictions/05447093A_110_20240509_102646_20240509_103400_transformer_predictions.csv,0,78,78,1,walking
05447093A-110,2024-05-09 10:28:10.020000+00:00,2024-05-09T10:28:06.020000+00:00,2024-05-09T10:28:14.020000+00:00,1,walking,0.97512895,not_walking,not_walking,False,2024-05-09 10:26:46,2024-05-09 10:34:00,salidas_test/transformer_sequence_predictions/05447093A_110_20240509_102646_20240509_103400_transformer_predictions.csv,0,79,79,1,walking
05447093A-110,2024-05-09 10:28:11.020000+00:00,2024-05-09T10:28:07.020000+00:00,2024-05-09T10:28:15.020000+00:00,1,walking,0.9660692,not_walking,not_walking,False,2024-05-09 10:26:46,2024-05-09 10:34:00,salidas_test/transformer_sequence_predictions/05447093A_110_20240509_102646_20240509_103400_transformer_predictions.csv,0,80,80,1,walking
05447093A-110,2024-05-09 10:28:12.020000+00:00,2024-05-09T10:28:08.020000+00:00,2024-05-09T10:28:16.020000+00:00,1,walking,0.9116947,not_walking,not_walking,False,2024-05-09 10:26:46,2024-05-09 10:34:00,salidas_test/transformer_sequence_predictions/05447093A_110_20240509_102646_20240509_103400_transformer_predictions.csv,0,81,81,1,walking
05447093A-110,2024-05-09 10:28:13.020000+00:00,2024-05-09T10:28:09.020000+00:00,2024-05-09T10:28:17.020000+00:00,1,walking,0.99447143,not_walking,not_walking,False,2024-05-09 10:26:46,2024-05-09 10:34:00,salidas_test/transformer_sequence_predictions/05447093A_110_20240509_102646_20240509_103400_transformer_predictions.csv,0,82,82,1,walking
05447093A-110,2024-05-09 10:28:14.020000+00:00,2024-05-09T10:28:10.020000+00:00,2024-05-09T10:28:18.020000+00:00,1,walking,0.99551857,not_walking,not_walking,False,2024-05-09 10:26:46,2024-05-09 10:34:00,salidas_test/transformer_sequence_predictions/05447093A_110_20240509_102646_20240509_103400_transformer_predictions.csv,0,83,83,1,walking
05447093A-110,2024-05-09 10:28:15.020000+00:00,2024-05-09T10:28:11.020000+00:00,2024-05-09T10:28:19.020000+00:00,1,walking,0.99612623,not_walking,not_walking,False,2024-05-09 10:26:46,2024-05-09 10:34:00,salidas_test/transformer_sequence_predictions/05447093A_110_20240509_102646_20240509_103400_transformer_predictions.csv,0,84,84,1,walking
05447093A-110,2024-05-09 10:28:16.020000+00:00,2024-05-09T10:28:12.020000+00:00,2024-05-09T10:28:20.020000+00:00,1,walking,0.9955114,not_walking,not_walking,False,2024-05-09 10:26:46,2024-05-09 10:34:00,salidas_test/transformer_sequence_predictions/05447093A_110_20240509_102646_20240509_103400_transformer_predictions.csv,0,85,85,1,walking
05447093A-110,2024-05-09 10:28:17.020000+00:00,2024-05-09T10:28:13.020000+00:00,2024-05-09T10:28:21.020000+00:00,1,walking,0.9936585,not_walking,not_walking,False,2024-05-09 10:26:46,2024-05-09 10:34:00,salidas_test/transformer_sequence_predictions/05447093A_110_20240509_102646_20240509_103400_transformer_predictions.csv,0,86,86,1,walking
05447093A-110,2024-05-09 10:28:18.020000+00:00,2024-05-09T10:28:14.020000+00:00,2024-05-09T10:28:22.020000+00:00,1,walking,0.9962443,not_walking,not_walking,False,2024-05-09 10:26:46,2024-05-09 10:34:00,salidas_test/transformer_sequence_predictions/05447093A_110_20240509_102646_20240509_103400_transformer_predictions.csv,0,87,87,1,walking
05447093A-110,2024-05-09 10:28:19.020000+00:00,2024-05-09T10:28:15.020000+00:00,2024-05-09T10:28:23.020000+00:00,1,walking,0.9956577,not_walking,not_walking,False,2024-05-09 10:26:46,2024-05-09 10:34:00,salidas_test/transformer_sequence_predictions/05447093A_110_20240509_102646_20240509_103400_transformer_predictions.csv,0,88,88,1,walking
05447093A-110,2024-05-09 10:28:20.020000+00:00,2024-05-09T10:28:16.020000+00:00,2024-05-09T10:28:24.020000+00:00,1,walking,0.9957634,not_walking,not_walking,False,2024-05-09 10:26:46,2024-05-09 10:34:00,salidas_test/transformer_sequence_predictions/05447093A_110_20240509_102646_20240509_103400_transformer_predictions.csv,0,89,89,1,walking
05447093A-110,2024-05-09 10:28:21.020000+00:00,2024-05-09T10:28:17.020000+00:00,2024-05-09T10:28:25.020000+00:00,1,walking,0.9950658,not_walking,not_walking,False,2024-05-09 10:26:46,2024-05-09 10:34:00,salidas_test/transformer_sequence_predictions/05447093A_110_20240509_102646_20240509_103400_transformer_predictions.csv,0,90,90,1,walking
05447093A-110,2024-05-09 10:28:22.020000+00:00,2024-05-09T10:28:18.020000+00:00,2024-05-09T10:28:26.020000+00:00,1,walking,0.9922805,not_walking,not_walking,False,2024-05-09 10:26:46,2024-05-09 10:34:00,salidas_test/transformer_sequence_predictions/05447093A_110_20240509_102646_20240509_103400_transformer_predictions.csv,0,91,91,1,walking
05447093A-110,2024-05-09 10:28:23.020000+00:00,2024-05-09T10:28:19.020000+00:00,2024-05-09T10:28:27.020000+00:00,1,walking,0.7502936,not_walking,not_walking,False,2024-05-09 10:26:46,2024-05-09 10:34:00,salidas_test/transformer_sequence_predictions/05447093A_110_20240509_102646_20240509_103400_transformer_predictions.csv,0,92,92,1,walking
05447093A-110,2024-05-09 10:28:24.020000+00:00,2024-05-09T10:28:20.020000+00:00,2024-05-09T10:28:28.020000+00:00,0,not_walking,0.16262193,not_walking,not_walking,False,2024-05-09 10:26:46,2024-05-09 10:34:00,salidas_test/transformer_sequence_predictions/05447093A_110_20240509_102646_20240509_103400_transformer_predictions.csv,0,93,93,0,not_walking
05447093A-110,2024-05-09 10:28:25.020000+00:00,2024-05-09T10:28:21.020000+00:00,2024-05-09T10:28:29.020000+00:00,1,walking,0.66007406,not_walking,not_walking,False,2024-05-09 10:26:46,2024-05-09 10:34:00,salidas_test/transformer_sequence_predictions/05447093A_110_20240509_102646_20240509_103400_transformer_predictions.csv,0,94,94,0,not_walking
05447093A-110,2024-05-09 10:28:26.020000+00:00,2024-05-09T10:28:22.020000+00:00,2024-05-09T10:28:30.020000+00:00,1,walking,0.9282749,not_walking,not_walking,False,2024-05-09 10:26:46,2024-05-09 10:34:00,salidas_test/transformer_sequence_predictions/05447093A_110_20240509_102646_20240509_103400_transformer_predictions.csv,0,95,95,0,not_walking
05447093A-110,2024-05-09 10:28:27.020000+00:00,2024-05-09T10:28:23.020000+00:00,2024-05-09T10:28:31.020000+00:00,1,walking,0.64442766,not_walking,not_walking,False,2024-05-09 10:26:46,2024-05-09 10:34:00,salidas_test/transformer_sequence_predictions/05447093A_110_20240509_102646_20240509_103400_transformer_predictions.csv,0,96,96,0,not_walking
05447093A-110,2024-05-09 10:28:28.020000+00:00,2024-05-09T10:28:24.020000+00:00,2024-05-09T10:28:32.020000+00:00,0,not_walking,0.2602222,not_walking,not_walking,False,2024-05-09 10:26:46,2024-05-09 10:34:00,salidas_test/transformer_sequence_predictions/05447093A_110_20240509_102646_20240509_103400_transformer_predictions.csv,0,97,97,0,not_walking
05447093A-110,2024-05-09 10:28:29.020000+00:00,2024-05-09T10:28:25.020000+00:00,2024-05-09T10:28:33.020000+00:00,1,walking,0.802893,not_walking,not_walking,False,2024-05-09 10:26:46,2024-05-09 10:34:00,salidas_test/transformer_sequence_predictions/05447093A_110_20240509_102646_20240509_103400_transformer_predictions.csv,0,98,98,0,not_walking
05447093A-110,2024-05-09 10:28:30.020000+00:00,2024-05-09T10:28:26.020000+00:00,2024-05-09T10:28:34.020000+00:00,1,walking,0.8531802,not_walking,not_walking,False,2024-05-09 10:26:46,2024-05-09 10:34:00,salidas_test/transformer_sequence_predictions/05447093A_110_20240509_102646_20240509_103400_transformer_predictions.csv,0,99,99,0,not_walking
05447093A-110,2024-05-09 10:28:31.020000+00:00,2024-05-09T10:28:27.020000+00:00,2024-05-09T10:28:35.020000+00:00,1,walking,0.98736805,not_walking,not_walking,False,2024-05-09 10:26:46,2024-05-09 10:34:00,salidas_test/transformer_sequence_predictions/05447093A_110_20240509_102646_20240509_103400_transformer_predictions.csv,0,100,100,0,not_walking
05447093A-110,2024-05-09 10:28:32.020000+00:00,2024-05-09T10:28:28.020000+00:00,2024-05-09T10:28:36.020000+00:00,1,walking,0.9919897,not_walking,not_walking,False,2024-05-09 10:26:46,2024-05-09 10:34:00,salidas_test/transformer_sequence_predictions/05447093A_110_20240509_102646_20240509_103400_transformer_predictions.csv,0,101,101,0,not_walking
05447093A-110,2024-05-09 10:28:33.020000+00:00,2024-05-09T10:28:29.020000+00:00,2024-05-09T10:28:37.020000+00:00,1,walking,0.85798985,not_walking,not_walking,False,2024-05-09 10:26:46,2024-05-09 10:34:00,salidas_test/transformer_sequence_predictions/05447093A_110_20240509_102646_20240509_103400_transformer_predictions.csv,0,102,102,0,not_walking
05447093A-110,2024-05-09 10:28:34.020000+00:00,2024-05-09T10:28:30.020000+00:00,2024-05-09T10:28:38.020000+00:00,1,walking,0.50241673,not_walking,not_walking,False,2024-05-09 10:26:46,2024-05-09 10:34:00,salidas_test/transformer_sequence_predictions/05447093A_110_20240509_102646_20240509_103400_transformer_predictions.csv,0,103,103,0,not_walking
05447093A-110,2024-05-09 10:28:35.020000+00:00,2024-05-09T10:28:31.020000+00:00,2024-05-09T10:28:39.020000+00:00,0,not_walking,0.1355559,not_walking,not_walking,False,2024-05-09 10:26:46,2024-05-09 10:34:00,salidas_test/transformer_sequence_predictions/05447093A_110_20240509_102646_20240509_103400_transformer_predictions.csv,0,104,104,0,not_walking
05447093A-110,2024-05-09 10:28:36.020000+00:00,2024-05-09T10:28:32.020000+00:00,2024-05-09T10:28:40.020000+00:00,0,not_walking,0.076563865,not_walking,not_walking,False,2024-05-09 10:26:46,2024-05-09 10:34:00,salidas_test/transformer_sequence_predictions/05447093A_110_20240509_102646_20240509_103400_transformer_predictions.csv,0,105,105,0,not_walking
05447093A-110,2024-05-09 10:28:37.020000+00:00,2024-05-09T10:28:33.020000+00:00,2024-05-09T10:28:41.020000+00:00,0,not_walking,0.04916221,not_walking,not_walking,False,2024-05-09 10:26:46,2024-05-09 10:34:00,salidas_test/transformer_sequence_predictions/05447093A_110_20240509_102646_20240509_103400_transformer_predictions.csv,0,106,106,0,not_walking
05447093A-110,2024-05-09 10:28:38.020000+00:00,2024-05-09T10:28:34.020000+00:00,2024-05-09T10:28:42.020000+00:00,0,not_walking,0.016416669,not_walking,not_walking,False,2024-05-09 10:26:46,2024-05-09 10:34:00,salidas_test/transformer_sequence_predictions/05447093A_110_20240509_102646_20240509_103400_transformer_predictions.csv,0,107,107,0,not_walking
05447093A-110,2024-05-09 10:28:39.020000+00:00,2024-05-09T10:28:35.020000+00:00,2024-05-09T10:28:43.020000+00:00,0,not_walking,0.006971591,not_walking,not_walking,False,2024-05-09 10:26:46,2024-05-09 10:34:00,salidas_test/transformer_sequence_predictions/05447093A_110_20240509_102646_20240509_103400_transformer_predictions.csv,0,108,108,0,not_walking
05447093A-110,2024-05-09 10:28:40.020000+00:00,2024-05-09T10:28:36.020000+00:00,2024-05-09T10:28:44.020000+00:00,0,not_walking,0.008336204,not_walking,not_walking,False,2024-05-09 10:26:46,2024-05-09 10:34:00,salidas_test/transformer_sequence_predictions/05447093A_110_20240509_102646_20240509_103400_transformer_predictions.csv,0,109,109,0,not_walking
05447093A-110,2024-05-09 10:28:41.020000+00:00,2024-05-09T10:28:37.020000+00:00,2024-05-09T10:28:45.020000+00:00,0,not_walking,0.04018193,not_walking,not_walking,False,2024-05-09 10:26:46,2024-05-09 10:34:00,salidas_test/transformer_sequence_predictions/05447093A_110_20240509_102646_20240509_103400_transformer_predictions.csv,0,110,110,0,not_walking
05447093A-110,2024-05-09 10:28:42.020000+00:00,2024-05-09T10:28:38.020000+00:00,2024-05-09T10:28:46.020000+00:00,0,not_walking,0.0704368,not_walking,not_walking,False,2024-05-09 10:26:46,2024-05-09 10:34:00,salidas_test/transformer_sequence_predictions/05447093A_110_20240509_102646_20240509_103400_transformer_predictions.csv,0,111,111,0,not_walking
05447093A-110,2024-05-09 10:28:43.020000+00:00,2024-05-09T10:28:39.020000+00:00,2024-05-09T10:28:47.020000+00:00,0,not_walking,0.12702203,not_walking,not_walking,False,2024-05-09 10:26:46,2024-05-09 10:34:00,salidas_test/transformer_sequence_predictions/05447093A_110_20240509_102646_20240509_103400_transformer_predictions.csv,0,112,112,0,not_walking
05447093A-110,2024-05-09 10:28:44.020000+00:00,2024-05-09T10:28:40.020000+00:00,2024-05-09T10:28:48.020000+00:00,0,not_walking,0.10853103,not_walking,not_walking,False,2024-05-09 10:26:46,2024-05-09 10:34:00,salidas_test/transformer_sequence_predictions/05447093A_110_20240509_102646_20240509_103400_transformer_predictions.csv,0,113,113,0,not_walking
05447093A-110,2024-05-09 10:28:45.020000+00:00,2024-05-09T10:28:41.020000+00:00,2024-05-09T10:28:49.020000+00:00,0,not_walking,0.14890632,not_walking,not_walking,False,2024-05-09 10:26:46,2024-05-09 10:34:00,salidas_test/transformer_sequence_predictions/05447093A_110_20240509_102646_20240509_103400_transformer_predictions.csv,0,114,114,0,not_walking
05447093A-110,2024-05-09 10:28:46.020000+00:00,2024-05-09T10:28:42.020000+00:00,2024-05-09T10:28:50.020000+00:00,0,not_walking,0.13479246,not_walking,not_walking,False,2024-05-09 10:26:46,2024-05-09 10:34:00,salidas_test/transformer_sequence_predictions/05447093A_110_20240509_102646_20240509_103400_transformer_predictions.csv,0,115,115,0,not_walking
05447093A-110,2024-05-09 10:28:47.020000+00:00,2024-05-09T10:28:43.020000+00:00,2024-05-09T10:28:51.020000+00:00,0,not_walking,0.09605322,not_walking,not_walking,False,2024-05-09 10:26:46,2024-05-09 10:34:00,salidas_test/transformer_sequence_predictions/05447093A_110_20240509_102646_20240509_103400_transformer_predictions.csv,0,116,116,0,not_walking
05447093A-110,2024-05-09 10:28:48.020000+00:00,2024-05-09T10:28:44.020000+00:00,2024-05-09T10:28:52.020000+00:00,0,not_walking,0.28468272,not_walking,not_walking,False,2024-05-09 10:26:46,2024-05-09 10:34:00,salidas_test/transformer_sequence_predictions/05447093A_110_20240509_102646_20240509_103400_transformer_predictions.csv,0,117,117,0,not_walking
05447093A-110,2024-05-09 10:28:49.020000+00:00,2024-05-09T10:28:45.020000+00:00,2024-05-09T10:28:53.020000+00:00,0,not_walking,0.25445262,not_walking,not_walking,False,2024-05-09 10:26:46,2024-05-09 10:34:00,salidas_test/transformer_sequence_predictions/05447093A_110_20240509_102646_20240509_103400_transformer_predictions.csv,0,118,118,0,not_walking
05447093A-110,2024-05-09 10:28:50.020000+00:00,2024-05-09T10:28:46.020000+00:00,2024-05-09T10:28:54.020000+00:00,0,not_walking,0.3202829,not_walking,not_walking,False,2024-05-09 10:26:46,2024-05-09 10:34:00,salidas_test/transformer_sequence_predictions/05447093A_110_20240509_102646_20240509_103400_transformer_predictions.csv,0,119,119,0,not_walking
05447093A-110,2024-05-09 10:28:51.020000+00:00,2024-05-09T10:28:47.020000+00:00,2024-05-09T10:28:55.020000+00:00,0,not_walking,0.395257,not_walking,not_walking,False,2024-05-09 10:26:46,2024-05-09 10:34:00,salidas_test/transformer_sequence_predictions/05447093A_110_20240509_102646_20240509_103400_transformer_predictions.csv,0,120,120,0,not_walking
05447093A-110,2024-05-09 10:28:52.020000+00:00,2024-05-09T10:28:48.020000+00:00,2024-05-09T10:28:56.020000+00:00,1,walking,0.48501524,not_walking,not_walking,False,2024-05-09 10:26:46,2024-05-09 10:34:00,salidas_test/transformer_sequence_predictions/05447093A_110_20240509_102646_20240509_103400_transformer_predictions.csv,0,121,121,1,walking
05447093A-110,2024-05-09 10:28:53.020000+00:00,2024-05-09T10:28:49.020000+00:00,2024-05-09T10:28:57.020000+00:00,1,walking,0.49880844,not_walking,not_walking,False,2024-05-09 10:26:46,2024-05-09 10:34:00,salidas_test/transformer_sequence_predictions/05447093A_110_20240509_102646_20240509_103400_transformer_predictions.csv,0,122,122,1,walking
05447093A-110,2024-05-09 10:28:54.020000+00:00,2024-05-09T10:28:50.020000+00:00,2024-05-09T10:28:58.020000+00:00,1,walking,0.58148056,not_walking,not_walking,False,2024-05-09 10:26:46,2024-05-09 10:34:00,salidas_test/transformer_sequence_predictions/05447093A_110_20240509_102646_20240509_103400_transformer_predictions.csv,0,123,123,1,walking
05447093A-110,2024-05-09 10:28:55.020000+00:00,2024-05-09T10:28:51.020000+00:00,2024-05-09T10:28:59.020000+00:00,1,walking,0.66509974,not_walking,not_walking,False,2024-05-09 10:26:46,2024-05-09 10:34:00,salidas_test/transformer_sequence_predictions/05447093A_110_20240509_102646_20240509_103400_transformer_predictions.csv,0,124,124,1,walking
05447093A-110,2024-05-09 10:28:56.020000+00:00,2024-05-09T10:28:52.020000+00:00,2024-05-09T10:29:00.020000+00:00,1,walking,0.9696904,not_walking,not_walking,False,2024-05-09 10:26:46,2024-05-09 10:34:00,salidas_test/transformer_sequence_predictions/05447093A_110_20240509_102646_20240509_103400_transformer_predictions.csv,0,125,125,1,walking
05447093A-110,2024-05-09 10:28:57.020000+00:00,2024-05-09T10:28:53.020000+00:00,2024-05-09T10:29:01.020000+00:00,1,walking,0.87088346,not_walking,not_walking,False,2024-05-09 10:26:46,2024-05-09 10:34:00,salidas_test/transformer_sequence_predictions/05447093A_110_20240509_102646_20240509_103400_transformer_predictions.csv,0,126,126,1,walking
05447093A-110,2024-05-09 10:28:58.020000+00:00,2024-05-09T10:28:54.020000+00:00,2024-05-09T10:29:02.020000+00:00,1,walking,0.9285208,not_walking,not_walking,False,2024-05-09 10:26:46,2024-05-09 10:34:00,salidas_test/transformer_sequence_predictions/05447093A_110_20240509_102646_20240509_103400_transformer_predictions.csv,0,127,127,1,walking
05447093A-110,2024-05-09 10:28:59.020000+00:00,2024-05-09T10:28:55.020000+00:00,2024-05-09T10:29:03.020000+00:00,1,walking,0.9778415,not_walking,not_walking,False,2024-05-09 10:26:46,2024-05-09 10:34:00,salidas_test/transformer_sequence_predictions/05447093A_110_20240509_102646_20240509_103400_transformer_predictions.csv,0,128,128,1,walking
05447093A-110,2024-05-09 10:29:00.020000+00:00,2024-05-09T10:28:56.020000+00:00,2024-05-09T10:29:04.020000+00:00,1,walking,0.99440813,not_walking,not_walking,False,2024-05-09 10:26:46,2024-05-09 10:34:00,salidas_test/transformer_sequence_predictions/05447093A_110_20240509_102646_20240509_103400_transformer_predictions.csv,0,129,129,1,walking
05447093A-110,2024-05-09 10:29:01.020000+00:00,2024-05-09T10:28:57.020000+00:00,2024-05-09T10:29:05.020000+00:00,1,walking,0.98497087,not_walking,not_walking,False,2024-05-09 10:26:46,2024-05-09 10:34:00,salidas_test/transformer_sequence_predictions/05447093A_110_20240509_102646_20240509_103400_transformer_predictions.csv,0,130,130,1,walking
05447093A-110,2024-05-09 10:29:02.020000+00:00,2024-05-09T10:28:58.020000+00:00,2024-05-09T10:29:06.020000+00:00,1,walking,0.9927452,not_walking,not_walking,False,2024-05-09 10:26:46,2024-05-09 10:34:00,salidas_test/transformer_sequence_predictions/05447093A_110_20240509_102646_20240509_103400_transformer_predictions.csv,0,131,131,1,walking
05447093A-110,2024-05-09 10:29:03.020000+00:00,2024-05-09T10:28:59.020000+00:00,2024-05-09T10:29:07.020000+00:00,1,walking,0.9946405,not_walking,not_walking,False,2024-05-09 10:26:46,2024-05-09 10:34:00,salidas_test/transformer_sequence_predictions/05447093A_110_20240509_102646_20240509_103400_transformer_predictions.csv,0,132,132,1,walking
05447093A-110,2024-05-09 10:29:04.020000+00:00,2024-05-09T10:29:00.020000+00:00,2024-05-09T10:29:08.020000+00:00,1,walking,0.98518467,not_walking,not_walking,False,2024-05-09 10:26:46,2024-05-09 10:34:00,salidas_test/transformer_sequence_predictions/05447093A_110_20240509_102646_20240509_103400_transformer_predictions.csv,0,133,133,1,walking
05447093A-110,2024-05-09 10:29:05.020000+00:00,2024-05-09T10:29:01.020000+00:00,2024-05-09T10:29:09.020000+00:00,1,walking,0.9888925,not_walking,not_walking,False,2024-05-09 10:26:46,2024-05-09 10:34:00,salidas_test/transformer_sequence_predictions/05447093A_110_20240509_102646_20240509_103400_transformer_predictions.csv,0,134,134,1,walking
05447093A-110,2024-05-09 10:29:06.020000+00:00,2024-05-09T10:29:02.020000+00:00,2024-05-09T10:29:10.020000+00:00,1,walking,0.7581423,not_walking,not_walking,False,2024-05-09 10:26:46,2024-05-09 10:34:00,salidas_test/transformer_sequence_predictions/05447093A_110_20240509_102646_20240509_103400_transformer_predictions.csv,0,135,135,1,walking
05447093A-110,2024-05-09 10:29:07.020000+00:00,2024-05-09T10:29:03.020000+00:00,2024-05-09T10:29:11.020000+00:00,1,walking,0.8503586,not_walking,not_walking,False,2024-05-09 10:26:46,2024-05-09 10:34:00,salidas_test/transformer_sequence_predictions/05447093A_110_20240509_102646_20240509_103400_transformer_predictions.csv,0,136,136,1,walking
05447093A-110,2024-05-09 10:29:08.020000+00:00,2024-05-09T10:29:04.020000+00:00,2024-05-09T10:29:12.020000+00:00,1,walking,0.8336048,not_walking,not_walking,False,2024-05-09 10:26:46,2024-05-09 10:34:00,salidas_test/transformer_sequence_predictions/05447093A_110_20240509_102646_20240509_103400_transformer_predictions.csv,0,137,137,1,walking
05447093A-110,2024-05-09 10:29:09.020000+00:00,2024-05-09T10:29:05.020000+00:00,2024-05-09T10:29:13.020000+00:00,1,walking,0.89698255,not_walking,not_walking,False,2024-05-09 10:26:46,2024-05-09 10:34:00,salidas_test/transformer_sequence_predictions/05447093A_110_20240509_102646_20240509_103400_transformer_predictions.csv,0,138,138,1,walking
05447093A-110,2024-05-09 10:29:10.020000+00:00,2024-05-09T10:29:06.020000+00:00,2024-05-09T10:29:14.020000+00:00,1,walking,0.84727585,not_walking,not_walking,False,2024-05-09 10:26:46,2024-05-09 10:34:00,salidas_test/transformer_sequence_predictions/05447093A_110_20240509_102646_20240509_103400_transformer_predictions.csv,0,139,139,1,walking
05447093A-110,2024-05-09 10:29:11.020000+00:00,2024-05-09T10:29:07.020000+00:00,2024-05-09T10:29:15.020000+00:00,0,not_walking,0.30458397,not_walking,not_walking,False,2024-05-09 10:26:46,2024-05-09 10:34:00,salidas_test/transformer_sequence_predictions/05447093A_110_20240509_102646_20240509_103400_transformer_predictions.csv,0,140,140,0,not_walking
05447093A-110,2024-05-09 10:29:12.020000+00:00,2024-05-09T10:29:08.020000+00:00,2024-05-09T10:29:16.020000+00:00,0,not_walking,0.35360768,not_walking,not_walking,False,2024-05-09 10:26:46,2024-05-09 10:34:00,salidas_test/transformer_sequence_predictions/05447093A_110_20240509_102646_20240509_103400_transformer_predictions.csv,0,141,141,0,not_walking
05447093A-110,2024-05-09 10:29:13.020000+00:00,2024-05-09T10:29:09.020000+00:00,2024-05-09T10:29:17.020000+00:00,0,not_walking,0.32670277,not_walking,not_walking,False,2024-05-09 10:26:46,2024-05-09 10:34:00,salidas_test/transformer_sequence_predictions/05447093A_110_20240509_102646_20240509_103400_transformer_predictions.csv,0,142,142,0,not_walking
05447093A-110,2024-05-09 10:29:14.020000+00:00,2024-05-09T10:29:10.020000+00:00,2024-05-09T10:29:18.020000+00:00,0,not_walking,0.11300666,not_walking,not_walking,False,2024-05-09 10:26:46,2024-05-09 10:34:00,salidas_test/transformer_sequence_predictions/05447093A_110_20240509_102646_20240509_103400_transformer_predictions.csv,0,143,143,0,not_walking
05447093A-110,2024-05-09 10:29:15.020000+00:00,2024-05-09T10:29:11.020000+00:00,2024-05-09T10:29:19.020000+00:00,0,not_walking,0.35930857,not_walking,not_walking,False,2024-05-09 10:26:46,2024-05-09 10:34:00,salidas_test/transformer_sequence_predictions/05447093A_110_20240509_102646_20240509_103400_transformer_predictions.csv,0,144,144,0,not_walking
05447093A-110,2024-05-09 10:29:16.020000+00:00,2024-05-09T10:29:12.020000+00:00,2024-05-09T10:29:20.020000+00:00,0,not_walking,0.111386366,not_walking,not_walking,False,2024-05-09 10:26:46,2024-05-09 10:34:00,salidas_test/transformer_sequence_predictions/05447093A_110_20240509_102646_20240509_103400_transformer_predictions.csv,0,145,145,0,not_walking
05447093A-110,2024-05-09 10:29:17.020000+00:00,2024-05-09T10:29:13.020000+00:00,2024-05-09T10:29:21.020000+00:00,0,not_walking,0.23405907,not_walking,not_walking,False,2024-05-09 10:26:46,2024-05-09 10:34:00,salidas_test/transformer_sequence_predictions/05447093A_110_20240509_102646_20240509_103400_transformer_predictions.csv,0,146,146,0,not_walking
05447093A-110,2024-05-09 10:29:18.020000+00:00,2024-05-09T10:29:14.020000+00:00,2024-05-09T10:29:22.020000+00:00,0,not_walking,0.04051804,not_walking,not_walking,False,2024-05-09 10:26:46,2024-05-09 10:34:00,salidas_test/transformer_sequence_predictions/05447093A_110_20240509_102646_20240509_103400_transformer_predictions.csv,0,147,147,0,not_walking
05447093A-110,2024-05-09 10:29:19.020000+00:00,2024-05-09T10:29:15.020000+00:00,2024-05-09T10:29:23.020000+00:00,0,not_walking,0.20589395,not_walking,not_walking,False,2024-05-09 10:26:46,2024-05-09 10:34:00,salidas_test/transformer_sequence_predictions/05447093A_110_20240509_102646_20240509_103400_transformer_predictions.csv,0,148,148,0,not_walking
05447093A-110,2024-05-09 10:29:20.020000+00:00,2024-05-09T10:29:16.020000+00:00,2024-05-09T10:29:24.020000+00:00,0,not_walking,0.37622878,not_walking,not_walking,False,2024-05-09 10:26:46,2024-05-09 10:34:00,salidas_test/transformer_sequence_predictions/05447093A_110_20240509_102646_20240509_103400_transformer_predictions.csv,0,149,149,0,not_walking
05447093A-110,2024-05-09 10:29:21.020000+00:00,2024-05-09T10:29:17.020000+00:00,2024-05-09T10:29:25.020000+00:00,1,walking,0.9581721,not_walking,not_walking,False,2024-05-09 10:26:46,2024-05-09 10:34:00,salidas_test/transformer_sequence_predictions/05447093A_110_20240509_102646_20240509_103400_transformer_predictions.csv,0,150,150,1,walking
05447093A-110,2024-05-09 10:29:22.020000+00:00,2024-05-09T10:29:18.020000+00:00,2024-05-09T10:29:26.020000+00:00,1,walking,0.7552396,not_walking,not_walking,False,2024-05-09 10:26:46,2024-05-09 10:34:00,salidas_test/transformer_sequence_predictions/05447093A_110_20240509_102646_20240509_103400_transformer_predictions.csv,0,151,151,1,walking
05447093A-110,2024-05-09 10:29:23.020000+00:00,2024-05-09T10:29:19.020000+00:00,2024-05-09T10:29:27.020000+00:00,1,walking,0.64736795,not_walking,not_walking,False,2024-05-09 10:26:46,2024-05-09 10:34:00,salidas_test/transformer_sequence_predictions/05447093A_110_20240509_102646_20240509_103400_transformer_predictions.csv,0,152,152,1,walking
05447093A-110,2024-05-09 10:29:24.020000+00:00,2024-05-09T10:29:20.020000+00:00,2024-05-09T10:29:28.020000+00:00,1,walking,0.97583836,not_walking,not_walking,False,2024-05-09 10:26:46,2024-05-09 10:34:00,salidas_test/transformer_sequence_predictions/05447093A_110_20240509_102646_20240509_103400_transformer_predictions.csv,0,153,153,1,walking
05447093A-110,2024-05-09 10:29:25.020000+00:00,2024-05-09T10:29:21.020000+00:00,2024-05-09T10:29:29.020000+00:00,1,walking,0.9926212,not_walking,not_walking,False,2024-05-09 10:26:46,2024-05-09 10:34:00,salidas_test/transformer_sequence_predictions/05447093A_110_20240509_102646_20240509_103400_transformer_predictions.csv,0,154,154,1,walking
05447093A-110,2024-05-09 10:29:26.020000+00:00,2024-05-09T10:29:22.020000+00:00,2024-05-09T10:29:30.020000+00:00,1,walking,0.99297404,not_walking,not_walking,False,2024-05-09 10:26:46,2024-05-09 10:34:00,salidas_test/transformer_sequence_predictions/05447093A_110_20240509_102646_20240509_103400_transformer_predictions.csv,0,155,155,1,walking
05447093A-110,2024-05-09 10:29:27.020000+00:00,2024-05-09T10:29:23.020000+00:00,2024-05-09T10:29:31.020000+00:00,1,walking,0.9922833,not_walking,not_walking,False,2024-05-09 10:26:46,2024-05-09 10:34:00,salidas_test/transformer_sequence_predictions/05447093A_110_20240509_102646_20240509_103400_transformer_predictions.csv,0,156,156,1,walking
05447093A-110,2024-05-09 10:29:28.020000+00:00,2024-05-09T10:29:24.020000+00:00,2024-05-09T10:29:32.020000+00:00,1,walking,0.99353164,not_walking,not_walking,False,2024-05-09 10:26:46,2024-05-09 10:34:00,salidas_test/transformer_sequence_predictions/05447093A_110_20240509_102646_20240509_103400_transformer_predictions.csv,0,157,157,1,walking
05447093A-110,2024-05-09 10:29:29.020000+00:00,2024-05-09T10:29:25.020000+00:00,2024-05-09T10:29:33.020000+00:00,1,walking,0.99573344,not_walking,not_walking,False,2024-05-09 10:26:46,2024-05-09 10:34:00,salidas_test/transformer_sequence_predictions/05447093A_110_20240509_102646_20240509_103400_transformer_predictions.csv,0,158,158,1,walking
05447093A-110,2024-05-09 10:29:30.020000+00:00,2024-05-09T10:29:26.020000+00:00,2024-05-09T10:29:34.020000+00:00,1,walking,0.9952852,not_walking,not_walking,False,2024-05-09 10:26:46,2024-05-09 10:34:00,salidas_test/transformer_sequence_predictions/05447093A_110_20240509_102646_20240509_103400_transformer_predictions.csv,0,159,159,1,walking
05447093A-110,2024-05-09 10:29:31.020000+00:00,2024-05-09T10:29:27.020000+00:00,2024-05-09T10:29:35.020000+00:00,1,walking,0.99130917,not_walking,not_walking,False,2024-05-09 10:26:46,2024-05-09 10:34:00,salidas_test/transformer_sequence_predictions/05447093A_110_20240509_102646_20240509_103400_transformer_predictions.csv,0,160,160,1,walking
05447093A-110,2024-05-09 10:29:32.020000+00:00,2024-05-09T10:29:28.020000+00:00,2024-05-09T10:29:36.020000+00:00,1,walking,0.9892866,not_walking,not_walking,False,2024-05-09 10:26:46,2024-05-09 10:34:00,salidas_test/transformer_sequence_predictions/05447093A_110_20240509_102646_20240509_103400_transformer_predictions.csv,0,161,161,1,walking
05447093A-110,2024-05-09 10:29:33.020000+00:00,2024-05-09T10:29:29.020000+00:00,2024-05-09T10:29:37.020000+00:00,0,not_walking,0.41523132,not_walking,not_walking,False,2024-05-09 10:26:46,2024-05-09 10:34:00,salidas_test/transformer_sequence_predictions/05447093A_110_20240509_102646_20240509_103400_transformer_predictions.csv,0,162,162,0,not_walking
05447093A-110,2024-05-09 10:29:34.020000+00:00,2024-05-09T10:29:30.020000+00:00,2024-05-09T10:29:38.020000+00:00,0,not_walking,0.045791093,not_walking,not_walking,False,2024-05-09 10:26:46,2024-05-09 10:34:00,salidas_test/transformer_sequence_predictions/05447093A_110_20240509_102646_20240509_103400_transformer_predictions.csv,0,163,163,0,not_walking
05447093A-110,2024-05-09 10:29:35.020000+00:00,2024-05-09T10:29:31.020000+00:00,2024-05-09T10:29:39.020000+00:00,0,not_walking,0.010116755,not_walking,not_walking,False,2024-05-09 10:26:46,2024-05-09 10:34:00,salidas_test/transformer_sequence_predictions/05447093A_110_20240509_102646_20240509_103400_transformer_predictions.csv,0,164,164,0,not_walking
05447093A-110,2024-05-09 10:29:36.020000+00:00,2024-05-09T10:29:32.020000+00:00,2024-05-09T10:29:40.020000+00:00,0,not_walking,0.027651576,not_walking,not_walking,False,2024-05-09 10:26:46,2024-05-09 10:34:00,salidas_test/transformer_sequence_predictions/05447093A_110_20240509_102646_20240509_103400_transformer_predictions.csv,0,165,165,0,not_walking
05447093A-110,2024-05-09 10:29:37.020000+00:00,2024-05-09T10:29:33.020000+00:00,2024-05-09T10:29:41.020000+00:00,0,not_walking,0.008409041,not_walking,not_walking,False,2024-05-09 10:26:46,2024-05-09 10:34:00,salidas_test/transformer_sequence_predictions/05447093A_110_20240509_102646_20240509_103400_transformer_predictions.csv,0,166,166,0,not_walking
05447093A-110,2024-05-09 10:29:38.020000+00:00,2024-05-09T10:29:34.020000+00:00,2024-05-09T10:29:42.020000+00:00,0,not_walking,0.0049338024,not_walking,not_walking,False,2024-05-09 10:26:46,2024-05-09 10:34:00,salidas_test/transformer_sequence_predictions/05447093A_110_20240509_102646_20240509_103400_transformer_predictions.csv,0,167,167,0,not_walking
05447093A-110,2024-05-09 10:29:39.020000+00:00,2024-05-09T10:29:35.020000+00:00,2024-05-09T10:29:43.020000+00:00,0,not_walking,0.011743761,not_walking,not_walking,False,2024-05-09 10:26:46,2024-05-09 10:34:00,salidas_test/transformer_sequence_predictions/05447093A_110_20240509_102646_20240509_103400_transformer_predictions.csv,0,168,168,0,not_walking
05447093A-110,2024-05-09 10:29:40.020000+00:00,2024-05-09T10:29:36.020000+00:00,2024-05-09T10:29:44.020000+00:00,0,not_walking,0.0070619024,not_walking,not_walking,False,2024-05-09 10:26:46,2024-05-09 10:34:00,salidas_test/transformer_sequence_predictions/05447093A_110_20240509_102646_20240509_103400_transformer_predictions.csv,0,169,169,0,not_walking
05447093A-110,2024-05-09 10:29:41.020000+00:00,2024-05-09T10:29:37.020000+00:00,2024-05-09T10:29:45.020000+00:00,0,not_walking,0.00342099,not_walking,not_walking,False,2024-05-09 10:26:46,2024-05-09 10:34:00,salidas_test/transformer_sequence_predictions/05447093A_110_20240509_102646_20240509_103400_transformer_predictions.csv,0,170,170,0,not_walking
05447093A-110,2024-05-09 10:29:42.020000+00:00,2024-05-09T10:29:38.020000+00:00,2024-05-09T10:29:46.020000+00:00,0,not_walking,0.004829396,not_walking,not_walking,False,2024-05-09 10:26:46,2024-05-09 10:34:00,salidas_test/transformer_sequence_predictions/05447093A_110_20240509_102646_20240509_103400_transformer_predictions.csv,0,171,171,0,not_walking
05447093A-110,2024-05-09 10:29:43.020000+00:00,2024-05-09T10:29:39.020000+00:00,2024-05-09T10:29:47.020000+00:00,0,not_walking,0.0054750456,not_walking,not_walking,False,2024-05-09 10:26:46,2024-05-09 10:34:00,salidas_test/transformer_sequence_predictions/05447093A_110_20240509_102646_20240509_103400_transformer_predictions.csv,0,172,172,0,not_walking
05447093A-110,2024-05-09 10:29:44.020000+00:00,2024-05-09T10:29:40.020000+00:00,2024-05-09T10:29:48.020000+00:00,0,not_walking,0.0114550255,not_walking,not_walking,False,2024-05-09 10:26:46,2024-05-09 10:34:00,salidas_test/transformer_sequence_predictions/05447093A_110_20240509_102646_20240509_103400_transformer_predictions.csv,0,173,173,0,not_walking
05447093A-110,2024-05-09 10:29:45.020000+00:00,2024-05-09T10:29:41.020000+00:00,2024-05-09T10:29:49.020000+00:00,0,not_walking,0.010920297,not_walking,not_walking,False,2024-05-09 10:26:46,2024-05-09 10:34:00,salidas_test/transformer_sequence_predictions/05447093A_110_20240509_102646_20240509_103400_transformer_predictions.csv,0,174,174,0,not_walking
05447093A-110,2024-05-09 10:29:46.020000+00:00,2024-05-09T10:29:42.020000+00:00,2024-05-09T10:29:50.020000+00:00,0,not_walking,0.003964055,not_walking,not_walking,False,2024-05-09 10:26:46,2024-05-09 10:34:00,salidas_test/transformer_sequence_predictions/05447093A_110_20240509_102646_20240509_103400_transformer_predictions.csv,0,175,175,0,not_walking
05447093A-110,2024-05-09 10:29:47.020000+00:00,2024-05-09T10:29:43.020000+00:00,2024-05-09T10:29:51.020000+00:00,0,not_walking,0.0040102554,not_walking,not_walking,False,2024-05-09 10:26:46,2024-05-09 10:34:00,salidas_test/transformer_sequence_predictions/05447093A_110_20240509_102646_20240509_103400_transformer_predictions.csv,0,176,176,0,not_walking
05447093A-110,2024-05-09 10:29:48.020000+00:00,2024-05-09T10:29:44.020000+00:00,2024-05-09T10:29:52.020000+00:00,0,not_walking,0.003337229,not_walking,not_walking,False,2024-05-09 10:26:46,2024-05-09 10:34:00,salidas_test/transformer_sequence_predictions/05447093A_110_20240509_102646_20240509_103400_transformer_predictions.csv,0,177,177,0,not_walking
05447093A-110,2024-05-09 10:29:49.020000+00:00,2024-05-09T10:29:45.020000+00:00,2024-05-09T10:29:53.020000+00:00,0,not_walking,0.0043697613,not_walking,not_walking,False,2024-05-09 10:26:46,2024-05-09 10:34:00,salidas_test/transformer_sequence_predictions/05447093A_110_20240509_102646_20240509_103400_transformer_predictions.csv,0,178,178,0,not_walking
05447093A-110,2024-05-09 10:29:50.020000+00:00,2024-05-09T10:29:46.020000+00:00,2024-05-09T10:29:54.020000+00:00,0,not_walking,0.0036605422,not_walking,not_walking,False,2024-05-09 10:26:46,2024-05-09 10:34:00,salidas_test/transformer_sequence_predictions/05447093A_110_20240509_102646_20240509_103400_transformer_predictions.csv,0,179,179,0,not_walking
05447093A-110,2024-05-09 10:29:51.020000+00:00,2024-05-09T10:29:47.020000+00:00,2024-05-09T10:29:55.020000+00:00,0,not_walking,0.004852239,not_walking,not_walking,False,2024-05-09 10:26:46,2024-05-09 10:34:00,salidas_test/transformer_sequence_predictions/05447093A_110_20240509_102646_20240509_103400_transformer_predictions.csv,0,180,180,0,not_walking
05447093A-110,2024-05-09 10:29:52.020000+00:00,2024-05-09T10:29:48.020000+00:00,2024-05-09T10:29:56.020000+00:00,0,not_walking,0.0036415067,not_walking,not_walking,False,2024-05-09 10:26:46,2024-05-09 10:34:00,salidas_test/transformer_sequence_predictions/05447093A_110_20240509_102646_20240509_103400_transformer_predictions.csv,0,181,181,0,not_walking
05447093A-110,2024-05-09 10:29:53.020000+00:00,2024-05-09T10:29:49.020000+00:00,2024-05-09T10:29:57.020000+00:00,0,not_walking,0.003987192,not_walking,not_walking,False,2024-05-09 10:26:46,2024-05-09 10:34:00,salidas_test/transformer_sequence_predictions/05447093A_110_20240509_102646_20240509_103400_transformer_predictions.csv,0,182,182,0,not_walking
05447093A-110,2024-05-09 10:29:54.020000+00:00,2024-05-09T10:29:50.020000+00:00,2024-05-09T10:29:58.020000+00:00,0,not_walking,0.030310063,not_walking,not_walking,False,2024-05-09 10:26:46,2024-05-09 10:34:00,salidas_test/transformer_sequence_predictions/05447093A_110_20240509_102646_20240509_103400_transformer_predictions.csv,0,183,183,0,not_walking
05447093A-110,2024-05-09 10:29:55.020000+00:00,2024-05-09T10:29:51.020000+00:00,2024-05-09T10:29:59.020000+00:00,0,not_walking,0.013958073,not_walking,not_walking,False,2024-05-09 10:26:46,2024-05-09 10:34:00,salidas_test/transformer_sequence_predictions/05447093A_110_20240509_102646_20240509_103400_transformer_predictions.csv,0,184,184,0,not_walking
05447093A-110,2024-05-09 10:29:56.020000+00:00,2024-05-09T10:29:52.020000+00:00,2024-05-09T10:30:00.020000+00:00,0,not_walking,0.0046776473,not_walking,not_walking,False,2024-05-09 10:26:46,2024-05-09 10:34:00,salidas_test/transformer_sequence_predictions/05447093A_110_20240509_102646_20240509_103400_transformer_predictions.csv,0,185,185,0,not_walking
05447093A-110,2024-05-09 10:29:57.020000+00:00,2024-05-09T10:29:53.020000+00:00,2024-05-09T10:30:01.020000+00:00,0,not_walking,0.005844516,not_walking,not_walking,False,2024-05-09 10:26:46,2024-05-09 10:34:00,salidas_test/transformer_sequence_predictions/05447093A_110_20240509_102646_20240509_103400_transformer_predictions.csv,0,186,186,0,not_walking
05447093A-110,2024-05-09 10:29:58.020000+00:00,2024-05-09T10:29:54.020000+00:00,2024-05-09T10:30:02.020000+00:00,0,not_walking,0.00961071,not_walking,not_walking,False,2024-05-09 10:26:46,2024-05-09 10:34:00,salidas_test/transformer_sequence_predictions/05447093A_110_20240509_102646_20240509_103400_transformer_predictions.csv,0,187,187,0,not_walking
05447093A-110,2024-05-09 10:29:59.020000+00:00,2024-05-09T10:29:55.020000+00:00,2024-05-09T10:30:03.020000+00:00,0,not_walking,0.003629285,not_walking,not_walking,False,2024-05-09 10:26:46,2024-05-09 10:34:00,salidas_test/transformer_sequence_predictions/05447093A_110_20240509_102646_20240509_103400_transformer_predictions.csv,0,188,188,0,not_walking
05447093A-110,2024-05-09 10:30:00.020000+00:00,2024-05-09T10:29:56.020000+00:00,2024-05-09T10:30:04.020000+00:00,0,not_walking,0.005802711,not_walking,not_walking,False,2024-05-09 10:26:46,2024-05-09 10:34:00,salidas_test/transformer_sequence_predictions/05447093A_110_20240509_102646_20240509_103400_transformer_predictions.csv,0,189,189,0,not_walking
05447093A-110,2024-05-09 10:30:01.020000+00:00,2024-05-09T10:29:57.020000+00:00,2024-05-09T10:30:05.020000+00:00,0,not_walking,0.00559654,not_walking,not_walking,False,2024-05-09 10:26:46,2024-05-09 10:34:00,salidas_test/transformer_sequence_predictions/05447093A_110_20240509_102646_20240509_103400_transformer_predictions.csv,0,190,190,0,not_walking
05447093A-110,2024-05-09 10:30:02.020000+00:00,2024-05-09T10:29:58.020000+00:00,2024-05-09T10:30:06.020000+00:00,0,not_walking,0.009674309,not_walking,not_walking,False,2024-05-09 10:26:46,2024-05-09 10:34:00,salidas_test/transformer_sequence_predictions/05447093A_110_20240509_102646_20240509_103400_transformer_predictions.csv,0,191,191,0,not_walking
05447093A-110,2024-05-09 10:30:03.020000+00:00,2024-05-09T10:29:59.020000+00:00,2024-05-09T10:30:07.020000+00:00,0,not_walking,0.0058599412,not_walking,not_walking,False,2024-05-09 10:26:46,2024-05-09 10:34:00,salidas_test/transformer_sequence_predictions/05447093A_110_20240509_102646_20240509_103400_transformer_predictions.csv,0,192,192,0,not_walking
05447093A-110,2024-05-09 10:30:04.020000+00:00,2024-05-09T10:30:00.020000+00:00,2024-05-09T10:30:08.020000+00:00,0,not_walking,0.0037289432,not_walking,not_walking,False,2024-05-09 10:26:46,2024-05-09 10:34:00,salidas_test/transformer_sequence_predictions/05447093A_110_20240509_102646_20240509_103400_transformer_predictions.csv,0,193,193,0,not_walking
05447093A-110,2024-05-09 10:30:05.020000+00:00,2024-05-09T10:30:01.020000+00:00,2024-05-09T10:30:09.020000+00:00,0,not_walking,0.0027239472,not_walking,not_walking,False,2024-05-09 10:26:46,2024-05-09 10:34:00,salidas_test/transformer_sequence_predictions/05447093A_110_20240509_102646_20240509_103400_transformer_predictions.csv,0,194,194,0,not_walking
05447093A-110,2024-05-09 10:30:06.020000+00:00,2024-05-09T10:30:02.020000+00:00,2024-05-09T10:30:10.020000+00:00,0,not_walking,0.006199785,not_walking,not_walking,False,2024-05-09 10:26:46,2024-05-09 10:34:00,salidas_test/transformer_sequence_predictions/05447093A_110_20240509_102646_20240509_103400_transformer_predictions.csv,0,195,195,0,not_walking
05447093A-110,2024-05-09 10:30:07.020000+00:00,2024-05-09T10:30:03.020000+00:00,2024-05-09T10:30:11.020000+00:00,0,not_walking,0.0065906085,not_walking,not_walking,False,2024-05-09 10:26:46,2024-05-09 10:34:00,salidas_test/transformer_sequence_predictions/05447093A_110_20240509_102646_20240509_103400_transformer_predictions.csv,0,196,196,0,not_walking
05447093A-110,2024-05-09 10:30:08.020000+00:00,2024-05-09T10:30:04.020000+00:00,2024-05-09T10:30:12.020000+00:00,0,not_walking,0.020565579,not_walking,not_walking,False,2024-05-09 10:26:46,2024-05-09 10:34:00,salidas_test/transformer_sequence_predictions/05447093A_110_20240509_102646_20240509_103400_transformer_predictions.csv,0,197,197,0,not_walking
05447093A-110,2024-05-09 10:30:09.020000+00:00,2024-05-09T10:30:05.020000+00:00,2024-05-09T10:30:13.020000+00:00,0,not_walking,0.018826118,not_walking,not_walking,False,2024-05-09 10:26:46,2024-05-09 10:34:00,salidas_test/transformer_sequence_predictions/05447093A_110_20240509_102646_20240509_103400_transformer_predictions.csv,0,198,198,0,not_walking
05447093A-110,2024-05-09 10:30:10.020000+00:00,2024-05-09T10:30:06.020000+00:00,2024-05-09T10:30:14.020000+00:00,0,not_walking,0.0053166337,not_walking,not_walking,False,2024-05-09 10:26:46,2024-05-09 10:34:00,salidas_test/transformer_sequence_predictions/05447093A_110_20240509_102646_20240509_103400_transformer_predictions.csv,0,199,199,0,not_walking
05447093A-110,2024-05-09 10:30:11.020000+00:00,2024-05-09T10:30:07.020000+00:00,2024-05-09T10:30:15.020000+00:00,0,not_walking,0.004917641,not_walking,not_walking,False,2024-05-09 10:26:46,2024-05-09 10:34:00,salidas_test/transformer_sequence_predictions/05447093A_110_20240509_102646_20240509_103400_transformer_predictions.csv,0,200,200,0,not_walking
05447093A-110,2024-05-09 10:30:12.020000+00:00,2024-05-09T10:30:08.020000+00:00,2024-05-09T10:30:16.020000+00:00,0,not_walking,0.0091471905,not_walking,not_walking,False,2024-05-09 10:26:46,2024-05-09 10:34:00,salidas_test/transformer_sequence_predictions/05447093A_110_20240509_102646_20240509_103400_transformer_predictions.csv,0,201,201,0,not_walking
05447093A-110,2024-05-09 10:30:13.020000+00:00,2024-05-09T10:30:09.020000+00:00,2024-05-09T10:30:17.020000+00:00,0,not_walking,0.004447697,not_walking,not_walking,False,2024-05-09 10:26:46,2024-05-09 10:34:00,salidas_test/transformer_sequence_predictions/05447093A_110_20240509_102646_20240509_103400_transformer_predictions.csv,0,202,202,0,not_walking
05447093A-110,2024-05-09 10:30:14.020000+00:00,2024-05-09T10:30:10.020000+00:00,2024-05-09T10:30:18.020000+00:00,0,not_walking,0.05917098,not_walking,not_walking,False,2024-05-09 10:26:46,2024-05-09 10:34:00,salidas_test/transformer_sequence_predictions/05447093A_110_20240509_102646_20240509_103400_transformer_predictions.csv,0,203,203,0,not_walking
05447093A-110,2024-05-09 10:30:15.020000+00:00,2024-05-09T10:30:11.020000+00:00,2024-05-09T10:30:19.020000+00:00,0,not_walking,0.005630385,not_walking,not_walking,False,2024-05-09 10:26:46,2024-05-09 10:34:00,salidas_test/transformer_sequence_predictions/05447093A_110_20240509_102646_20240509_103400_transformer_predictions.csv,0,204,204,0,not_walking
05447093A-110,2024-05-09 10:30:16.020000+00:00,2024-05-09T10:30:12.020000+00:00,2024-05-09T10:30:20.020000+00:00,0,not_walking,0.006231035,not_walking,not_walking,False,2024-05-09 10:26:46,2024-05-09 10:34:00,salidas_test/transformer_sequence_predictions/05447093A_110_20240509_102646_20240509_103400_transformer_predictions.csv,0,205,205,0,not_walking
05447093A-110,2024-05-09 10:30:17.020000+00:00,2024-05-09T10:30:13.020000+00:00,2024-05-09T10:30:21.020000+00:00,0,not_walking,0.009439142,not_walking,not_walking,False,2024-05-09 10:26:46,2024-05-09 10:34:00,salidas_test/transformer_sequence_predictions/05447093A_110_20240509_102646_20240509_103400_transformer_predictions.csv,0,206,206,0,not_walking
05447093A-110,2024-05-09 10:30:18.020000+00:00,2024-05-09T10:30:14.020000+00:00,2024-05-09T10:30:22.020000+00:00,0,not_walking,0.017019754,not_walking,not_walking,False,2024-05-09 10:26:46,2024-05-09 10:34:00,salidas_test/transformer_sequence_predictions/05447093A_110_20240509_102646_20240509_103400_transformer_predictions.csv,0,207,207,0,not_walking
05447093A-110,2024-05-09 10:30:19.020000+00:00,2024-05-09T10:30:15.020000+00:00,2024-05-09T10:30:23.020000+00:00,0,not_walking,0.005728519,not_walking,not_walking,False,2024-05-09 10:26:46,2024-05-09 10:34:00,salidas_test/transformer_sequence_predictions/05447093A_110_20240509_102646_20240509_103400_transformer_predictions.csv,0,208,208,0,not_walking
05447093A-110,2024-05-09 10:30:20.020000+00:00,2024-05-09T10:30:16.020000+00:00,2024-05-09T10:30:24.020000+00:00,0,not_walking,0.013600791,not_walking,not_walking,False,2024-05-09 10:26:46,2024-05-09 10:34:00,salidas_test/transformer_sequence_predictions/05447093A_110_20240509_102646_20240509_103400_transformer_predictions.csv,0,209,209,0,not_walking
05447093A-110,2024-05-09 10:30:21.020000+00:00,2024-05-09T10:30:17.020000+00:00,2024-05-09T10:30:25.020000+00:00,0,not_walking,0.0052138474,not_walking,not_walking,False,2024-05-09 10:26:46,2024-05-09 10:34:00,salidas_test/transformer_sequence_predictions/05447093A_110_20240509_102646_20240509_103400_transformer_predictions.csv,0,210,210,0,not_walking
05447093A-110,2024-05-09 10:30:22.020000+00:00,2024-05-09T10:30:18.020000+00:00,2024-05-09T10:30:26.020000+00:00,0,not_walking,0.019781766,not_walking,not_walking,False,2024-05-09 10:26:46,2024-05-09 10:34:00,salidas_test/transformer_sequence_predictions/05447093A_110_20240509_102646_20240509_103400_transformer_predictions.csv,0,211,211,0,not_walking
05447093A-110,2024-05-09 10:30:23.020000+00:00,2024-05-09T10:30:19.020000+00:00,2024-05-09T10:30:27.020000+00:00,0,not_walking,0.004414476,not_walking,not_walking,False,2024-05-09 10:26:46,2024-05-09 10:34:00,salidas_test/transformer_sequence_predictions/05447093A_110_20240509_102646_20240509_103400_transformer_predictions.csv,0,212,212,0,not_walking
05447093A-110,2024-05-09 10:30:24.020000+00:00,2024-05-09T10:30:20.020000+00:00,2024-05-09T10:30:28.020000+00:00,0,not_walking,0.02027802,not_walking,not_walking,False,2024-05-09 10:26:46,2024-05-09 10:34:00,salidas_test/transformer_sequence_predictions/05447093A_110_20240509_102646_20240509_103400_transformer_predictions.csv,0,213,213,0,not_walking
05447093A-110,2024-05-09 10:30:25.020000+00:00,2024-05-09T10:30:21.020000+00:00,2024-05-09T10:30:29.020000+00:00,0,not_walking,0.004684152,not_walking,not_walking,False,2024-05-09 10:26:46,2024-05-09 10:34:00,salidas_test/transformer_sequence_predictions/05447093A_110_20240509_102646_20240509_103400_transformer_predictions.csv,0,214,214,0,not_walking
05447093A-110,2024-05-09 10:30:26.020000+00:00,2024-05-09T10:30:22.020000+00:00,2024-05-09T10:30:30.020000+00:00,0,not_walking,0.012482909,not_walking,not_walking,False,2024-05-09 10:26:46,2024-05-09 10:34:00,salidas_test/transformer_sequence_predictions/05447093A_110_20240509_102646_20240509_103400_transformer_predictions.csv,0,215,215,0,not_walking
05447093A-110,2024-05-09 10:30:27.020000+00:00,2024-05-09T10:30:23.020000+00:00,2024-05-09T10:30:31.020000+00:00,0,not_walking,0.027183004,not_walking,not_walking,False,2024-05-09 10:26:46,2024-05-09 10:34:00,salidas_test/transformer_sequence_predictions/05447093A_110_20240509_102646_20240509_103400_transformer_predictions.csv,0,216,216,0,not_walking
05447093A-110,2024-05-09 10:30:28.020000+00:00,2024-05-09T10:30:24.020000+00:00,2024-05-09T10:30:32.020000+00:00,0,not_walking,0.035398208,not_walking,not_walking,False,2024-05-09 10:26:46,2024-05-09 10:34:00,salidas_test/transformer_sequence_predictions/05447093A_110_20240509_102646_20240509_103400_transformer_predictions.csv,0,217,217,0,not_walking
05447093A-110,2024-05-09 10:30:29.020000+00:00,2024-05-09T10:30:25.020000+00:00,2024-05-09T10:30:33.020000+00:00,0,not_walking,0.011482932,not_walking,not_walking,False,2024-05-09 10:26:46,2024-05-09 10:34:00,salidas_test/transformer_sequence_predictions/05447093A_110_20240509_102646_20240509_103400_transformer_predictions.csv,0,218,218,0,not_walking
05447093A-110,2024-05-09 10:30:30.020000+00:00,2024-05-09T10:30:26.020000+00:00,2024-05-09T10:30:34.020000+00:00,0,not_walking,0.021214088,not_walking,not_walking,False,2024-05-09 10:26:46,2024-05-09 10:34:00,salidas_test/transformer_sequence_predictions/05447093A_110_20240509_102646_20240509_103400_transformer_predictions.csv,0,219,219,0,not_walking
05447093A-110,2024-05-09 10:30:31.020000+00:00,2024-05-09T10:30:27.020000+00:00,2024-05-09T10:30:35.020000+00:00,0,not_walking,0.0040434697,not_walking,not_walking,False,2024-05-09 10:26:46,2024-05-09 10:34:00,salidas_test/transformer_sequence_predictions/05447093A_110_20240509_102646_20240509_103400_transformer_predictions.csv,0,220,220,0,not_walking
05447093A-110,2024-05-09 10:30:32.020000+00:00,2024-05-09T10:30:28.020000+00:00,2024-05-09T10:30:36.020000+00:00,0,not_walking,0.005203764,not_walking,not_walking,False,2024-05-09 10:26:46,2024-05-09 10:34:00,salidas_test/transformer_sequence_predictions/05447093A_110_20240509_102646_20240509_103400_transformer_predictions.csv,0,221,221,0,not_walking
05447093A-110,2024-05-09 10:30:33.020000+00:00,2024-05-09T10:30:29.020000+00:00,2024-05-09T10:30:37.020000+00:00,0,not_walking,0.0054827835,not_walking,not_walking,False,2024-05-09 10:26:46,2024-05-09 10:34:00,salidas_test/transformer_sequence_predictions/05447093A_110_20240509_102646_20240509_103400_transformer_predictions.csv,0,222,222,0,not_walking
05447093A-110,2024-05-09 10:30:34.020000+00:00,2024-05-09T10:30:30.020000+00:00,2024-05-09T10:30:38.020000+00:00,0,not_walking,0.004121239,not_walking,not_walking,False,2024-05-09 10:26:46,2024-05-09 10:34:00,salidas_test/transformer_sequence_predictions/05447093A_110_20240509_102646_20240509_103400_transformer_predictions.csv,0,223,223,0,not_walking
05447093A-110,2024-05-09 10:30:35.020000+00:00,2024-05-09T10:30:31.020000+00:00,2024-05-09T10:30:39.020000+00:00,0,not_walking,0.033754792,not_walking,not_walking,False,2024-05-09 10:26:46,2024-05-09 10:34:00,salidas_test/transformer_sequence_predictions/05447093A_110_20240509_102646_20240509_103400_transformer_predictions.csv,0,224,224,0,not_walking
05447093A-110,2024-05-09 10:30:36.020000+00:00,2024-05-09T10:30:32.020000+00:00,2024-05-09T10:30:40.020000+00:00,0,not_walking,0.0057858583,not_walking,not_walking,False,2024-05-09 10:26:46,2024-05-09 10:34:00,salidas_test/transformer_sequence_predictions/05447093A_110_20240509_102646_20240509_103400_transformer_predictions.csv,0,225,225,0,not_walking
05447093A-110,2024-05-09 10:30:37.020000+00:00,2024-05-09T10:30:33.020000+00:00,2024-05-09T10:30:41.020000+00:00,0,not_walking,0.016107416,not_walking,not_walking,False,2024-05-09 10:26:46,2024-05-09 10:34:00,salidas_test/transformer_sequence_predictions/05447093A_110_20240509_102646_20240509_103400_transformer_predictions.csv,0,226,226,0,not_walking
05447093A-110,2024-05-09 10:30:38.020000+00:00,2024-05-09T10:30:34.020000+00:00,2024-05-09T10:30:42.020000+00:00,0,not_walking,0.009496117,not_walking,not_walking,False,2024-05-09 10:26:46,2024-05-09 10:34:00,salidas_test/transformer_sequence_predictions/05447093A_110_20240509_102646_20240509_103400_transformer_predictions.csv,0,227,227,0,not_walking
05447093A-110,2024-05-09 10:30:39.020000+00:00,2024-05-09T10:30:35.020000+00:00,2024-05-09T10:30:43.020000+00:00,0,not_walking,0.0052051833,not_walking,not_walking,False,2024-05-09 10:26:46,2024-05-09 10:34:00,salidas_test/transformer_sequence_predictions/05447093A_110_20240509_102646_20240509_103400_transformer_predictions.csv,0,228,228,0,not_walking
05447093A-110,2024-05-09 10:30:40.020000+00:00,2024-05-09T10:30:36.020000+00:00,2024-05-09T10:30:44.020000+00:00,0,not_walking,0.032533567,not_walking,not_walking,False,2024-05-09 10:26:46,2024-05-09 10:34:00,salidas_test/transformer_sequence_predictions/05447093A_110_20240509_102646_20240509_103400_transformer_predictions.csv,0,229,229,0,not_walking
05447093A-110,2024-05-09 10:30:41.020000+00:00,2024-05-09T10:30:37.020000+00:00,2024-05-09T10:30:45.020000+00:00,0,not_walking,0.057171747,not_walking,not_walking,False,2024-05-09 10:26:46,2024-05-09 10:34:00,salidas_test/transformer_sequence_predictions/05447093A_110_20240509_102646_20240509_103400_transformer_predictions.csv,0,230,230,0,not_walking
05447093A-110,2024-05-09 10:30:42.020000+00:00,2024-05-09T10:30:38.020000+00:00,2024-05-09T10:30:46.020000+00:00,0,not_walking,0.08061139,not_walking,not_walking,False,2024-05-09 10:26:46,2024-05-09 10:34:00,salidas_test/transformer_sequence_predictions/05447093A_110_20240509_102646_20240509_103400_transformer_predictions.csv,0,231,231,0,not_walking
05447093A-110,2024-05-09 10:30:43.020000+00:00,2024-05-09T10:30:39.020000+00:00,2024-05-09T10:30:47.020000+00:00,0,not_walking,0.043578196,not_walking,not_walking,False,2024-05-09 10:26:46,2024-05-09 10:34:00,salidas_test/transformer_sequence_predictions/05447093A_110_20240509_102646_20240509_103400_transformer_predictions.csv,0,232,232,0,not_walking
05447093A-110,2024-05-09 10:30:44.020000+00:00,2024-05-09T10:30:40.020000+00:00,2024-05-09T10:30:48.020000+00:00,0,not_walking,0.03562383,not_walking,not_walking,False,2024-05-09 10:26:46,2024-05-09 10:34:00,salidas_test/transformer_sequence_predictions/05447093A_110_20240509_102646_20240509_103400_transformer_predictions.csv,0,233,233,0,not_walking
05447093A-110,2024-05-09 10:30:45.020000+00:00,2024-05-09T10:30:41.020000+00:00,2024-05-09T10:30:49.020000+00:00,0,not_walking,0.10836317,not_walking,not_walking,False,2024-05-09 10:26:46,2024-05-09 10:34:00,salidas_test/transformer_sequence_predictions/05447093A_110_20240509_102646_20240509_103400_transformer_predictions.csv,0,234,234,0,not_walking
05447093A-110,2024-05-09 10:30:46.020000+00:00,2024-05-09T10:30:42.020000+00:00,2024-05-09T10:30:50.020000+00:00,0,not_walking,0.053515527,not_walking,not_walking,False,2024-05-09 10:26:46,2024-05-09 10:34:00,salidas_test/transformer_sequence_predictions/05447093A_110_20240509_102646_20240509_103400_transformer_predictions.csv,0,235,235,0,not_walking
05447093A-110,2024-05-09 10:30:47.020000+00:00,2024-05-09T10:30:43.020000+00:00,2024-05-09T10:30:51.020000+00:00,0,not_walking,0.37732822,not_walking,not_walking,False,2024-05-09 10:26:46,2024-05-09 10:34:00,salidas_test/transformer_sequence_predictions/05447093A_110_20240509_102646_20240509_103400_transformer_predictions.csv,0,236,236,0,not_walking
05447093A-110,2024-05-09 10:30:48.020000+00:00,2024-05-09T10:30:44.020000+00:00,2024-05-09T10:30:52.020000+00:00,1,walking,0.985466,not_walking,not_walking,False,2024-05-09 10:26:46,2024-05-09 10:34:00,salidas_test/transformer_sequence_predictions/05447093A_110_20240509_102646_20240509_103400_transformer_predictions.csv,0,237,237,0,not_walking
05447093A-110,2024-05-09 10:30:49.020000+00:00,2024-05-09T10:30:45.020000+00:00,2024-05-09T10:30:53.020000+00:00,0,not_walking,0.3619356,not_walking,not_walking,False,2024-05-09 10:26:46,2024-05-09 10:34:00,salidas_test/transformer_sequence_predictions/05447093A_110_20240509_102646_20240509_103400_transformer_predictions.csv,0,238,238,0,not_walking
05447093A-110,2024-05-09 10:30:50.020000+00:00,2024-05-09T10:30:46.020000+00:00,2024-05-09T10:30:54.020000+00:00,1,walking,0.8612203,not_walking,not_walking,False,2024-05-09 10:26:46,2024-05-09 10:34:00,salidas_test/transformer_sequence_predictions/05447093A_110_20240509_102646_20240509_103400_transformer_predictions.csv,0,239,239,0,not_walking
05447093A-110,2024-05-09 10:30:51.020000+00:00,2024-05-09T10:30:47.020000+00:00,2024-05-09T10:30:55.020000+00:00,0,not_walking,0.39755508,not_walking,not_walking,False,2024-05-09 10:26:46,2024-05-09 10:34:00,salidas_test/transformer_sequence_predictions/05447093A_110_20240509_102646_20240509_103400_transformer_predictions.csv,0,240,240,0,not_walking
05447093A-110,2024-05-09 10:30:52.020000+00:00,2024-05-09T10:30:48.020000+00:00,2024-05-09T10:30:56.020000+00:00,1,walking,0.8722694,not_walking,not_walking,False,2024-05-09 10:26:46,2024-05-09 10:34:00,salidas_test/transformer_sequence_predictions/05447093A_110_20240509_102646_20240509_103400_transformer_predictions.csv,0,241,241,1,walking
05447093A-110,2024-05-09 10:30:53.020000+00:00,2024-05-09T10:30:49.020000+00:00,2024-05-09T10:30:57.020000+00:00,1,walking,0.7634042,not_walking,not_walking,False,2024-05-09 10:26:46,2024-05-09 10:34:00,salidas_test/transformer_sequence_predictions/05447093A_110_20240509_102646_20240509_103400_transformer_predictions.csv,0,242,242,1,walking
05447093A-110,2024-05-09 10:30:54.020000+00:00,2024-05-09T10:30:50.020000+00:00,2024-05-09T10:30:58.020000+00:00,1,walking,0.92169553,not_walking,not_walking,False,2024-05-09 10:26:46,2024-05-09 10:34:00,salidas_test/transformer_sequence_predictions/05447093A_110_20240509_102646_20240509_103400_transformer_predictions.csv,0,243,243,1,walking
05447093A-110,2024-05-09 10:30:55.020000+00:00,2024-05-09T10:30:51.020000+00:00,2024-05-09T10:30:59.020000+00:00,1,walking,0.96041405,not_walking,not_walking,False,2024-05-09 10:26:46,2024-05-09 10:34:00,salidas_test/transformer_sequence_predictions/05447093A_110_20240509_102646_20240509_103400_transformer_predictions.csv,0,244,244,1,walking
05447093A-110,2024-05-09 10:30:56.020000+00:00,2024-05-09T10:30:52.020000+00:00,2024-05-09T10:31:00.020000+00:00,1,walking,0.88356763,not_walking,not_walking,False,2024-05-09 10:26:46,2024-05-09 10:34:00,salidas_test/transformer_sequence_predictions/05447093A_110_20240509_102646_20240509_103400_transformer_predictions.csv,0,245,245,1,walking
05447093A-110,2024-05-09 10:30:57.020000+00:00,2024-05-09T10:30:53.020000+00:00,2024-05-09T10:31:01.020000+00:00,1,walking,0.7631191,not_walking,not_walking,False,2024-05-09 10:26:46,2024-05-09 10:34:00,salidas_test/transformer_sequence_predictions/05447093A_110_20240509_102646_20240509_103400_transformer_predictions.csv,0,246,246,1,walking
05447093A-110,2024-05-09 10:30:58.020000+00:00,2024-05-09T10:30:54.020000+00:00,2024-05-09T10:31:02.020000+00:00,1,walking,0.9419916,not_walking,not_walking,False,2024-05-09 10:26:46,2024-05-09 10:34:00,salidas_test/transformer_sequence_predictions/05447093A_110_20240509_102646_20240509_103400_transformer_predictions.csv,0,247,247,1,walking
05447093A-110,2024-05-09 10:30:59.020000+00:00,2024-05-09T10:30:55.020000+00:00,2024-05-09T10:31:03.020000+00:00,1,walking,0.86881304,not_walking,not_walking,False,2024-05-09 10:26:46,2024-05-09 10:34:00,salidas_test/transformer_sequence_predictions/05447093A_110_20240509_102646_20240509_103400_transformer_predictions.csv,0,248,248,1,walking
05447093A-110,2024-05-09 10:31:00.020000+00:00,2024-05-09T10:30:56.020000+00:00,2024-05-09T10:31:04.020000+00:00,1,walking,0.5724909,not_walking,not_walking,False,2024-05-09 10:26:46,2024-05-09 10:34:00,salidas_test/transformer_sequence_predictions/05447093A_110_20240509_102646_20240509_103400_transformer_predictions.csv,0,249,249,1,walking
05447093A-110,2024-05-09 10:31:01.020000+00:00,2024-05-09T10:30:57.020000+00:00,2024-05-09T10:31:05.020000+00:00,0,not_walking,0.419413,not_walking,not_walking,False,2024-05-09 10:26:46,2024-05-09 10:34:00,salidas_test/transformer_sequence_predictions/05447093A_110_20240509_102646_20240509_103400_transformer_predictions.csv,0,250,250,0,not_walking
05447093A-110,2024-05-09 10:31:02.020000+00:00,2024-05-09T10:30:58.020000+00:00,2024-05-09T10:31:06.020000+00:00,1,walking,0.7040273,not_walking,not_walking,False,2024-05-09 10:26:46,2024-05-09 10:34:00,salidas_test/transformer_sequence_predictions/05447093A_110_20240509_102646_20240509_103400_transformer_predictions.csv,0,251,251,1,walking
05447093A-110,2024-05-09 10:31:03.020000+00:00,2024-05-09T10:30:59.020000+00:00,2024-05-09T10:31:07.020000+00:00,1,walking,0.604297,not_walking,not_walking,False,2024-05-09 10:26:46,2024-05-09 10:34:00,salidas_test/transformer_sequence_predictions/05447093A_110_20240509_102646_20240509_103400_transformer_predictions.csv,0,252,252,1,walking
05447093A-110,2024-05-09 10:31:04.020000+00:00,2024-05-09T10:31:00.020000+00:00,2024-05-09T10:31:08.020000+00:00,1,walking,0.9190721,not_walking,not_walking,False,2024-05-09 10:26:46,2024-05-09 10:34:00,salidas_test/transformer_sequence_predictions/05447093A_110_20240509_102646_20240509_103400_transformer_predictions.csv,0,253,253,1,walking
05447093A-110,2024-05-09 10:31:05.020000+00:00,2024-05-09T10:31:01.020000+00:00,2024-05-09T10:31:09.020000+00:00,1,walking,0.96172434,not_walking,not_walking,False,2024-05-09 10:26:46,2024-05-09 10:34:00,salidas_test/transformer_sequence_predictions/05447093A_110_20240509_102646_20240509_103400_transformer_predictions.csv,0,254,254,1,walking
05447093A-110,2024-05-09 10:31:06.020000+00:00,2024-05-09T10:31:02.020000+00:00,2024-05-09T10:31:10.020000+00:00,1,walking,0.98617804,not_walking,not_walking,False,2024-05-09 10:26:46,2024-05-09 10:34:00,salidas_test/transformer_sequence_predictions/05447093A_110_20240509_102646_20240509_103400_transformer_predictions.csv,0,255,255,1,walking
05447093A-110,2024-05-09 10:31:07.020000+00:00,2024-05-09T10:31:03.020000+00:00,2024-05-09T10:31:11.020000+00:00,1,walking,0.9891939,not_walking,not_walking,False,2024-05-09 10:26:46,2024-05-09 10:34:00,salidas_test/transformer_sequence_predictions/05447093A_110_20240509_102646_20240509_103400_transformer_predictions.csv,0,256,256,1,walking
05447093A-110,2024-05-09 10:31:08.020000+00:00,2024-05-09T10:31:04.020000+00:00,2024-05-09T10:31:12.020000+00:00,1,walking,0.9961577,not_walking,not_walking,False,2024-05-09 10:26:46,2024-05-09 10:34:00,salidas_test/transformer_sequence_predictions/05447093A_110_20240509_102646_20240509_103400_transformer_predictions.csv,0,257,257,1,walking
05447093A-110,2024-05-09 10:31:09.020000+00:00,2024-05-09T10:31:05.020000+00:00,2024-05-09T10:31:13.020000+00:00,1,walking,0.9953525,not_walking,not_walking,False,2024-05-09 10:26:46,2024-05-09 10:34:00,salidas_test/transformer_sequence_predictions/05447093A_110_20240509_102646_20240509_103400_transformer_predictions.csv,0,258,258,1,walking
05447093A-110,2024-05-09 10:31:10.020000+00:00,2024-05-09T10:31:06.020000+00:00,2024-05-09T10:31:14.020000+00:00,1,walking,0.9965785,not_walking,not_walking,False,2024-05-09 10:26:46,2024-05-09 10:34:00,salidas_test/transformer_sequence_predictions/05447093A_110_20240509_102646_20240509_103400_transformer_predictions.csv,0,259,259,1,walking
05447093A-110,2024-05-09 10:31:11.020000+00:00,2024-05-09T10:31:07.020000+00:00,2024-05-09T10:31:15.020000+00:00,1,walking,0.9905956,not_walking,not_walking,False,2024-05-09 10:26:46,2024-05-09 10:34:00,salidas_test/transformer_sequence_predictions/05447093A_110_20240509_102646_20240509_103400_transformer_predictions.csv,0,260,260,1,walking
05447093A-110,2024-05-09 10:31:12.020000+00:00,2024-05-09T10:31:08.020000+00:00,2024-05-09T10:31:16.020000+00:00,1,walking,0.99181974,not_walking,not_walking,False,2024-05-09 10:26:46,2024-05-09 10:34:00,salidas_test/transformer_sequence_predictions/05447093A_110_20240509_102646_20240509_103400_transformer_predictions.csv,0,261,261,1,walking
05447093A-110,2024-05-09 10:31:13.020000+00:00,2024-05-09T10:31:09.020000+00:00,2024-05-09T10:31:17.020000+00:00,1,walking,0.99582374,not_walking,not_walking,False,2024-05-09 10:26:46,2024-05-09 10:34:00,salidas_test/transformer_sequence_predictions/05447093A_110_20240509_102646_20240509_103400_transformer_predictions.csv,0,262,262,1,walking
05447093A-110,2024-05-09 10:31:14.020000+00:00,2024-05-09T10:31:10.020000+00:00,2024-05-09T10:31:18.020000+00:00,1,walking,0.9966497,not_walking,not_walking,False,2024-05-09 10:26:46,2024-05-09 10:34:00,salidas_test/transformer_sequence_predictions/05447093A_110_20240509_102646_20240509_103400_transformer_predictions.csv,0,263,263,1,walking
05447093A-110,2024-05-09 10:31:15.020000+00:00,2024-05-09T10:31:11.020000+00:00,2024-05-09T10:31:19.020000+00:00,1,walking,0.9968913,not_walking,not_walking,False,2024-05-09 10:26:46,2024-05-09 10:34:00,salidas_test/transformer_sequence_predictions/05447093A_110_20240509_102646_20240509_103400_transformer_predictions.csv,0,264,264,1,walking
05447093A-110,2024-05-09 10:31:16.020000+00:00,2024-05-09T10:31:12.020000+00:00,2024-05-09T10:31:20.020000+00:00,1,walking,0.9953739,not_walking,not_walking,False,2024-05-09 10:26:46,2024-05-09 10:34:00,salidas_test/transformer_sequence_predictions/05447093A_110_20240509_102646_20240509_103400_transformer_predictions.csv,0,265,265,1,walking
05447093A-110,2024-05-09 10:31:17.020000+00:00,2024-05-09T10:31:13.020000+00:00,2024-05-09T10:31:21.020000+00:00,1,walking,0.9937057,not_walking,not_walking,False,2024-05-09 10:26:46,2024-05-09 10:34:00,salidas_test/transformer_sequence_predictions/05447093A_110_20240509_102646_20240509_103400_transformer_predictions.csv,0,266,266,1,walking
05447093A-110,2024-05-09 10:31:18.020000+00:00,2024-05-09T10:31:14.020000+00:00,2024-05-09T10:31:22.020000+00:00,1,walking,0.9927376,not_walking,not_walking,False,2024-05-09 10:26:46,2024-05-09 10:34:00,salidas_test/transformer_sequence_predictions/05447093A_110_20240509_102646_20240509_103400_transformer_predictions.csv,0,267,267,1,walking
05447093A-110,2024-05-09 10:31:19.020000+00:00,2024-05-09T10:31:15.020000+00:00,2024-05-09T10:31:23.020000+00:00,1,walking,0.9957919,not_walking,not_walking,False,2024-05-09 10:26:46,2024-05-09 10:34:00,salidas_test/transformer_sequence_predictions/05447093A_110_20240509_102646_20240509_103400_transformer_predictions.csv,0,268,268,1,walking
05447093A-110,2024-05-09 10:31:20.020000+00:00,2024-05-09T10:31:16.020000+00:00,2024-05-09T10:31:24.020000+00:00,1,walking,0.9963102,not_walking,not_walking,False,2024-05-09 10:26:46,2024-05-09 10:34:00,salidas_test/transformer_sequence_predictions/05447093A_110_20240509_102646_20240509_103400_transformer_predictions.csv,0,269,269,1,walking
05447093A-110,2024-05-09 10:31:21.020000+00:00,2024-05-09T10:31:17.020000+00:00,2024-05-09T10:31:25.020000+00:00,1,walking,0.99682873,not_walking,not_walking,False,2024-05-09 10:26:46,2024-05-09 10:34:00,salidas_test/transformer_sequence_predictions/05447093A_110_20240509_102646_20240509_103400_transformer_predictions.csv,0,270,270,1,walking
05447093A-110,2024-05-09 10:31:22.020000+00:00,2024-05-09T10:31:18.020000+00:00,2024-05-09T10:31:26.020000+00:00,1,walking,0.99644935,not_walking,not_walking,False,2024-05-09 10:26:46,2024-05-09 10:34:00,salidas_test/transformer_sequence_predictions/05447093A_110_20240509_102646_20240509_103400_transformer_predictions.csv,0,271,271,1,walking
05447093A-110,2024-05-09 10:31:23.020000+00:00,2024-05-09T10:31:19.020000+00:00,2024-05-09T10:31:27.020000+00:00,1,walking,0.99585956,not_walking,not_walking,False,2024-05-09 10:26:46,2024-05-09 10:34:00,salidas_test/transformer_sequence_predictions/05447093A_110_20240509_102646_20240509_103400_transformer_predictions.csv,0,272,272,1,walking
05447093A-110,2024-05-09 10:31:24.020000+00:00,2024-05-09T10:31:20.020000+00:00,2024-05-09T10:31:28.020000+00:00,1,walking,0.99565387,not_walking,not_walking,False,2024-05-09 10:26:46,2024-05-09 10:34:00,salidas_test/transformer_sequence_predictions/05447093A_110_20240509_102646_20240509_103400_transformer_predictions.csv,0,273,273,1,walking
05447093A-110,2024-05-09 10:31:25.020000+00:00,2024-05-09T10:31:21.020000+00:00,2024-05-09T10:31:29.020000+00:00,1,walking,0.9970765,not_walking,not_walking,False,2024-05-09 10:26:46,2024-05-09 10:34:00,salidas_test/transformer_sequence_predictions/05447093A_110_20240509_102646_20240509_103400_transformer_predictions.csv,0,274,274,1,walking
05447093A-110,2024-05-09 10:31:26.020000+00:00,2024-05-09T10:31:22.020000+00:00,2024-05-09T10:31:30.020000+00:00,1,walking,0.9964306,not_walking,not_walking,False,2024-05-09 10:26:46,2024-05-09 10:34:00,salidas_test/transformer_sequence_predictions/05447093A_110_20240509_102646_20240509_103400_transformer_predictions.csv,0,275,275,1,walking
05447093A-110,2024-05-09 10:31:27.020000+00:00,2024-05-09T10:31:23.020000+00:00,2024-05-09T10:31:31.020000+00:00,1,walking,0.9961222,not_walking,not_walking,False,2024-05-09 10:26:46,2024-05-09 10:34:00,salidas_test/transformer_sequence_predictions/05447093A_110_20240509_102646_20240509_103400_transformer_predictions.csv,0,276,276,1,walking
05447093A-110,2024-05-09 10:31:28.020000+00:00,2024-05-09T10:31:24.020000+00:00,2024-05-09T10:31:32.020000+00:00,1,walking,0.99434847,not_walking,not_walking,False,2024-05-09 10:26:46,2024-05-09 10:34:00,salidas_test/transformer_sequence_predictions/05447093A_110_20240509_102646_20240509_103400_transformer_predictions.csv,0,277,277,1,walking
05447093A-110,2024-05-09 10:31:29.020000+00:00,2024-05-09T10:31:25.020000+00:00,2024-05-09T10:31:33.020000+00:00,1,walking,0.9913093,not_walking,not_walking,False,2024-05-09 10:26:46,2024-05-09 10:34:00,salidas_test/transformer_sequence_predictions/05447093A_110_20240509_102646_20240509_103400_transformer_predictions.csv,0,278,278,1,walking
05447093A-110,2024-05-09 10:31:30.020000+00:00,2024-05-09T10:31:26.020000+00:00,2024-05-09T10:31:34.020000+00:00,1,walking,0.98354566,not_walking,not_walking,False,2024-05-09 10:26:46,2024-05-09 10:34:00,salidas_test/transformer_sequence_predictions/05447093A_110_20240509_102646_20240509_103400_transformer_predictions.csv,0,279,279,1,walking
05447093A-110,2024-05-09 10:31:31.020000+00:00,2024-05-09T10:31:27.020000+00:00,2024-05-09T10:31:35.020000+00:00,1,walking,0.99371946,not_walking,not_walking,False,2024-05-09 10:26:46,2024-05-09 10:34:00,salidas_test/transformer_sequence_predictions/05447093A_110_20240509_102646_20240509_103400_transformer_predictions.csv,0,280,280,1,walking
05447093A-110,2024-05-09 10:31:32.020000+00:00,2024-05-09T10:31:28.020000+00:00,2024-05-09T10:31:36.020000+00:00,1,walking,0.99011934,not_walking,not_walking,False,2024-05-09 10:26:46,2024-05-09 10:34:00,salidas_test/transformer_sequence_predictions/05447093A_110_20240509_102646_20240509_103400_transformer_predictions.csv,0,281,281,1,walking
05447093A-110,2024-05-09 10:31:33.020000+00:00,2024-05-09T10:31:29.020000+00:00,2024-05-09T10:31:37.020000+00:00,1,walking,0.9955728,not_walking,not_walking,False,2024-05-09 10:26:46,2024-05-09 10:34:00,salidas_test/transformer_sequence_predictions/05447093A_110_20240509_102646_20240509_103400_transformer_predictions.csv,0,282,282,1,walking
05447093A-110,2024-05-09 10:31:34.020000+00:00,2024-05-09T10:31:30.020000+00:00,2024-05-09T10:31:38.020000+00:00,1,walking,0.9943144,not_walking,not_walking,False,2024-05-09 10:26:46,2024-05-09 10:34:00,salidas_test/transformer_sequence_predictions/05447093A_110_20240509_102646_20240509_103400_transformer_predictions.csv,0,283,283,1,walking
05447093A-110,2024-05-09 10:31:35.020000+00:00,2024-05-09T10:31:31.020000+00:00,2024-05-09T10:31:39.020000+00:00,1,walking,0.99606895,not_walking,not_walking,False,2024-05-09 10:26:46,2024-05-09 10:34:00,salidas_test/transformer_sequence_predictions/05447093A_110_20240509_102646_20240509_103400_transformer_predictions.csv,0,284,284,1,walking
05447093A-110,2024-05-09 10:31:36.020000+00:00,2024-05-09T10:31:32.020000+00:00,2024-05-09T10:31:40.020000+00:00,1,walking,0.9939612,not_walking,not_walking,False,2024-05-09 10:26:46,2024-05-09 10:34:00,salidas_test/transformer_sequence_predictions/05447093A_110_20240509_102646_20240509_103400_transformer_predictions.csv,0,285,285,1,walking
05447093A-110,2024-05-09 10:31:37.020000+00:00,2024-05-09T10:31:33.020000+00:00,2024-05-09T10:31:41.020000+00:00,1,walking,0.96810895,not_walking,not_walking,False,2024-05-09 10:26:46,2024-05-09 10:34:00,salidas_test/transformer_sequence_predictions/05447093A_110_20240509_102646_20240509_103400_transformer_predictions.csv,0,286,286,1,walking
05447093A-110,2024-05-09 10:31:38.020000+00:00,2024-05-09T10:31:34.020000+00:00,2024-05-09T10:31:42.020000+00:00,1,walking,0.99221593,not_walking,not_walking,False,2024-05-09 10:26:46,2024-05-09 10:34:00,salidas_test/transformer_sequence_predictions/05447093A_110_20240509_102646_20240509_103400_transformer_predictions.csv,0,287,287,1,walking
05447093A-110,2024-05-09 10:31:39.020000+00:00,2024-05-09T10:31:35.020000+00:00,2024-05-09T10:31:43.020000+00:00,1,walking,0.99669063,not_walking,not_walking,False,2024-05-09 10:26:46,2024-05-09 10:34:00,salidas_test/transformer_sequence_predictions/05447093A_110_20240509_102646_20240509_103400_transformer_predictions.csv,0,288,288,1,walking
05447093A-110,2024-05-09 10:31:40.020000+00:00,2024-05-09T10:31:36.020000+00:00,2024-05-09T10:31:44.020000+00:00,1,walking,0.9966164,not_walking,not_walking,False,2024-05-09 10:26:46,2024-05-09 10:34:00,salidas_test/transformer_sequence_predictions/05447093A_110_20240509_102646_20240509_103400_transformer_predictions.csv,0,289,289,1,walking
05447093A-110,2024-05-09 10:31:41.020000+00:00,2024-05-09T10:31:37.020000+00:00,2024-05-09T10:31:45.020000+00:00,1,walking,0.99317306,not_walking,not_walking,False,2024-05-09 10:26:46,2024-05-09 10:34:00,salidas_test/transformer_sequence_predictions/05447093A_110_20240509_102646_20240509_103400_transformer_predictions.csv,0,290,290,1,walking
05447093A-110,2024-05-09 10:31:42.020000+00:00,2024-05-09T10:31:38.020000+00:00,2024-05-09T10:31:46.020000+00:00,1,walking,0.9872334,not_walking,not_walking,False,2024-05-09 10:26:46,2024-05-09 10:34:00,salidas_test/transformer_sequence_predictions/05447093A_110_20240509_102646_20240509_103400_transformer_predictions.csv,0,291,291,1,walking
05447093A-110,2024-05-09 10:31:43.020000+00:00,2024-05-09T10:31:39.020000+00:00,2024-05-09T10:31:47.020000+00:00,1,walking,0.9927038,not_walking,not_walking,False,2024-05-09 10:26:46,2024-05-09 10:34:00,salidas_test/transformer_sequence_predictions/05447093A_110_20240509_102646_20240509_103400_transformer_predictions.csv,0,292,292,1,walking
05447093A-110,2024-05-09 10:31:44.020000+00:00,2024-05-09T10:31:40.020000+00:00,2024-05-09T10:31:48.020000+00:00,1,walking,0.9937032,not_walking,not_walking,False,2024-05-09 10:26:46,2024-05-09 10:34:00,salidas_test/transformer_sequence_predictions/05447093A_110_20240509_102646_20240509_103400_transformer_predictions.csv,0,293,293,1,walking
05447093A-110,2024-05-09 10:31:45.020000+00:00,2024-05-09T10:31:41.020000+00:00,2024-05-09T10:31:49.020000+00:00,1,walking,0.98771393,not_walking,not_walking,False,2024-05-09 10:26:46,2024-05-09 10:34:00,salidas_test/transformer_sequence_predictions/05447093A_110_20240509_102646_20240509_103400_transformer_predictions.csv,0,294,294,1,walking
05447093A-110,2024-05-09 10:31:46.020000+00:00,2024-05-09T10:31:42.020000+00:00,2024-05-09T10:31:50.020000+00:00,1,walking,0.99433583,not_walking,not_walking,False,2024-05-09 10:26:46,2024-05-09 10:34:00,salidas_test/transformer_sequence_predictions/05447093A_110_20240509_102646_20240509_103400_transformer_predictions.csv,0,295,295,1,walking
05447093A-110,2024-05-09 10:31:47.020000+00:00,2024-05-09T10:31:43.020000+00:00,2024-05-09T10:31:51.020000+00:00,1,walking,0.9954203,not_walking,not_walking,False,2024-05-09 10:26:46,2024-05-09 10:34:00,salidas_test/transformer_sequence_predictions/05447093A_110_20240509_102646_20240509_103400_transformer_predictions.csv,0,296,296,1,walking
05447093A-110,2024-05-09 10:31:48.020000+00:00,2024-05-09T10:31:44.020000+00:00,2024-05-09T10:31:52.020000+00:00,1,walking,0.9772291,not_walking,not_walking,False,2024-05-09 10:26:46,2024-05-09 10:34:00,salidas_test/transformer_sequence_predictions/05447093A_110_20240509_102646_20240509_103400_transformer_predictions.csv,0,297,297,1,walking
05447093A-110,2024-05-09 10:31:49.020000+00:00,2024-05-09T10:31:45.020000+00:00,2024-05-09T10:31:53.020000+00:00,1,walking,0.99655044,not_walking,not_walking,False,2024-05-09 10:26:46,2024-05-09 10:34:00,salidas_test/transformer_sequence_predictions/05447093A_110_20240509_102646_20240509_103400_transformer_predictions.csv,0,298,298,1,walking
05447093A-110,2024-05-09 10:31:50.020000+00:00,2024-05-09T10:31:46.020000+00:00,2024-05-09T10:31:54.020000+00:00,1,walking,0.99684554,not_walking,not_walking,False,2024-05-09 10:26:46,2024-05-09 10:34:00,salidas_test/transformer_sequence_predictions/05447093A_110_20240509_102646_20240509_103400_transformer_predictions.csv,0,299,299,1,walking
05447093A-110,2024-05-09 10:31:51.020000+00:00,2024-05-09T10:31:47.020000+00:00,2024-05-09T10:31:55.020000+00:00,1,walking,0.99698645,not_walking,not_walking,False,2024-05-09 10:26:46,2024-05-09 10:34:00,salidas_test/transformer_sequence_predictions/05447093A_110_20240509_102646_20240509_103400_transformer_predictions.csv,0,300,300,1,walking
05447093A-110,2024-05-09 10:31:52.020000+00:00,2024-05-09T10:31:48.020000+00:00,2024-05-09T10:31:56.020000+00:00,1,walking,0.9965042,not_walking,not_walking,False,2024-05-09 10:26:46,2024-05-09 10:34:00,salidas_test/transformer_sequence_predictions/05447093A_110_20240509_102646_20240509_103400_transformer_predictions.csv,0,301,301,1,walking
05447093A-110,2024-05-09 10:31:53.020000+00:00,2024-05-09T10:31:49.020000+00:00,2024-05-09T10:31:57.020000+00:00,1,walking,0.9959947,not_walking,not_walking,False,2024-05-09 10:26:46,2024-05-09 10:34:00,salidas_test/transformer_sequence_predictions/05447093A_110_20240509_102646_20240509_103400_transformer_predictions.csv,0,302,302,1,walking
05447093A-110,2024-05-09 10:31:54.020000+00:00,2024-05-09T10:31:50.020000+00:00,2024-05-09T10:31:58.020000+00:00,1,walking,0.99589527,not_walking,not_walking,False,2024-05-09 10:26:46,2024-05-09 10:34:00,salidas_test/transformer_sequence_predictions/05447093A_110_20240509_102646_20240509_103400_transformer_predictions.csv,0,303,303,1,walking
05447093A-110,2024-05-09 10:31:55.020000+00:00,2024-05-09T10:31:51.020000+00:00,2024-05-09T10:31:59.020000+00:00,1,walking,0.9941584,not_walking,not_walking,False,2024-05-09 10:26:46,2024-05-09 10:34:00,salidas_test/transformer_sequence_predictions/05447093A_110_20240509_102646_20240509_103400_transformer_predictions.csv,0,304,304,1,walking
05447093A-110,2024-05-09 10:31:56.020000+00:00,2024-05-09T10:31:52.020000+00:00,2024-05-09T10:32:00.020000+00:00,1,walking,0.9770446,not_walking,not_walking,False,2024-05-09 10:26:46,2024-05-09 10:34:00,salidas_test/transformer_sequence_predictions/05447093A_110_20240509_102646_20240509_103400_transformer_predictions.csv,0,305,305,1,walking
05447093A-110,2024-05-09 10:31:57.020000+00:00,2024-05-09T10:31:53.020000+00:00,2024-05-09T10:32:01.020000+00:00,1,walking,0.76894695,not_walking,not_walking,False,2024-05-09 10:26:46,2024-05-09 10:34:00,salidas_test/transformer_sequence_predictions/05447093A_110_20240509_102646_20240509_103400_transformer_predictions.csv,0,306,306,1,walking
05447093A-110,2024-05-09 10:31:58.020000+00:00,2024-05-09T10:31:54.020000+00:00,2024-05-09T10:32:02.020000+00:00,1,walking,0.47940898,not_walking,not_walking,False,2024-05-09 10:26:46,2024-05-09 10:34:00,salidas_test/transformer_sequence_predictions/05447093A_110_20240509_102646_20240509_103400_transformer_predictions.csv,0,307,307,1,walking
05447093A-110,2024-05-09 10:31:59.020000+00:00,2024-05-09T10:31:55.020000+00:00,2024-05-09T10:32:03.020000+00:00,1,walking,0.98659027,not_walking,not_walking,False,2024-05-09 10:26:46,2024-05-09 10:34:00,salidas_test/transformer_sequence_predictions/05447093A_110_20240509_102646_20240509_103400_transformer_predictions.csv,0,308,308,1,walking
05447093A-110,2024-05-09 10:32:00.020000+00:00,2024-05-09T10:31:56.020000+00:00,2024-05-09T10:32:04.020000+00:00,1,walking,0.9941591,not_walking,not_walking,False,2024-05-09 10:26:46,2024-05-09 10:34:00,salidas_test/transformer_sequence_predictions/05447093A_110_20240509_102646_20240509_103400_transformer_predictions.csv,0,309,309,1,walking
05447093A-110,2024-05-09 10:32:01.020000+00:00,2024-05-09T10:31:57.020000+00:00,2024-05-09T10:32:05.020000+00:00,1,walking,0.9954129,not_walking,not_walking,False,2024-05-09 10:26:46,2024-05-09 10:34:00,salidas_test/transformer_sequence_predictions/05447093A_110_20240509_102646_20240509_103400_transformer_predictions.csv,0,310,310,1,walking
05447093A-110,2024-05-09 10:32:02.020000+00:00,2024-05-09T10:31:58.020000+00:00,2024-05-09T10:32:06.020000+00:00,1,walking,0.99239564,not_walking,not_walking,False,2024-05-09 10:26:46,2024-05-09 10:34:00,salidas_test/transformer_sequence_predictions/05447093A_110_20240509_102646_20240509_103400_transformer_predictions.csv,0,311,311,1,walking
05447093A-110,2024-05-09 10:32:03.020000+00:00,2024-05-09T10:31:59.020000+00:00,2024-05-09T10:32:07.020000+00:00,1,walking,0.98432434,not_walking,not_walking,False,2024-05-09 10:26:46,2024-05-09 10:34:00,salidas_test/transformer_sequence_predictions/05447093A_110_20240509_102646_20240509_103400_transformer_predictions.csv,0,312,312,1,walking
05447093A-110,2024-05-09 10:32:04.020000+00:00,2024-05-09T10:32:00.020000+00:00,2024-05-09T10:32:08.020000+00:00,1,walking,0.9446604,not_walking,not_walking,False,2024-05-09 10:26:46,2024-05-09 10:34:00,salidas_test/transformer_sequence_predictions/05447093A_110_20240509_102646_20240509_103400_transformer_predictions.csv,0,313,313,1,walking
05447093A-110,2024-05-09 10:32:05.020000+00:00,2024-05-09T10:32:01.020000+00:00,2024-05-09T10:32:09.020000+00:00,1,walking,0.99511826,not_walking,not_walking,False,2024-05-09 10:26:46,2024-05-09 10:34:00,salidas_test/transformer_sequence_predictions/05447093A_110_20240509_102646_20240509_103400_transformer_predictions.csv,0,314,314,1,walking
05447093A-110,2024-05-09 10:32:06.020000+00:00,2024-05-09T10:32:02.020000+00:00,2024-05-09T10:32:10.020000+00:00,1,walking,0.99530774,not_walking,not_walking,False,2024-05-09 10:26:46,2024-05-09 10:34:00,salidas_test/transformer_sequence_predictions/05447093A_110_20240509_102646_20240509_103400_transformer_predictions.csv,0,315,315,1,walking
05447093A-110,2024-05-09 10:32:07.020000+00:00,2024-05-09T10:32:03.020000+00:00,2024-05-09T10:32:11.020000+00:00,1,walking,0.9956369,not_walking,not_walking,False,2024-05-09 10:26:46,2024-05-09 10:34:00,salidas_test/transformer_sequence_predictions/05447093A_110_20240509_102646_20240509_103400_transformer_predictions.csv,0,316,316,1,walking
05447093A-110,2024-05-09 10:32:08.020000+00:00,2024-05-09T10:32:04.020000+00:00,2024-05-09T10:32:12.020000+00:00,1,walking,0.99273115,not_walking,not_walking,False,2024-05-09 10:26:46,2024-05-09 10:34:00,salidas_test/transformer_sequence_predictions/05447093A_110_20240509_102646_20240509_103400_transformer_predictions.csv,0,317,317,1,walking
05447093A-110,2024-05-09 10:32:09.020000+00:00,2024-05-09T10:32:05.020000+00:00,2024-05-09T10:32:13.020000+00:00,1,walking,0.94454414,not_walking,not_walking,False,2024-05-09 10:26:46,2024-05-09 10:34:00,salidas_test/transformer_sequence_predictions/05447093A_110_20240509_102646_20240509_103400_transformer_predictions.csv,0,318,318,1,walking
05447093A-110,2024-05-09 10:32:10.020000+00:00,2024-05-09T10:32:06.020000+00:00,2024-05-09T10:32:14.020000+00:00,1,walking,0.9888149,not_walking,not_walking,False,2024-05-09 10:26:46,2024-05-09 10:34:00,salidas_test/transformer_sequence_predictions/05447093A_110_20240509_102646_20240509_103400_transformer_predictions.csv,0,319,319,1,walking
05447093A-110,2024-05-09 10:32:11.020000+00:00,2024-05-09T10:32:07.020000+00:00,2024-05-09T10:32:15.020000+00:00,1,walking,0.98915327,not_walking,not_walking,False,2024-05-09 10:26:46,2024-05-09 10:34:00,salidas_test/transformer_sequence_predictions/05447093A_110_20240509_102646_20240509_103400_transformer_predictions.csv,0,320,320,1,walking
05447093A-110,2024-05-09 10:32:12.020000+00:00,2024-05-09T10:32:08.020000+00:00,2024-05-09T10:32:16.020000+00:00,1,walking,0.99383885,not_walking,not_walking,False,2024-05-09 10:26:46,2024-05-09 10:34:00,salidas_test/transformer_sequence_predictions/05447093A_110_20240509_102646_20240509_103400_transformer_predictions.csv,0,321,321,1,walking
05447093A-110,2024-05-09 10:32:13.020000+00:00,2024-05-09T10:32:09.020000+00:00,2024-05-09T10:32:17.020000+00:00,1,walking,0.4543079,not_walking,not_walking,False,2024-05-09 10:26:46,2024-05-09 10:34:00,salidas_test/transformer_sequence_predictions/05447093A_110_20240509_102646_20240509_103400_transformer_predictions.csv,0,322,322,1,walking
05447093A-110,2024-05-09 10:32:14.020000+00:00,2024-05-09T10:32:10.020000+00:00,2024-05-09T10:32:18.020000+00:00,0,not_walking,0.3678473,not_walking,not_walking,False,2024-05-09 10:26:46,2024-05-09 10:34:00,salidas_test/transformer_sequence_predictions/05447093A_110_20240509_102646_20240509_103400_transformer_predictions.csv,0,323,323,0,not_walking
05447093A-110,2024-05-09 10:32:15.020000+00:00,2024-05-09T10:32:11.020000+00:00,2024-05-09T10:32:19.020000+00:00,1,walking,0.7670525,not_walking,not_walking,False,2024-05-09 10:26:46,2024-05-09 10:34:00,salidas_test/transformer_sequence_predictions/05447093A_110_20240509_102646_20240509_103400_transformer_predictions.csv,0,324,324,1,walking
05447093A-110,2024-05-09 10:32:16.020000+00:00,2024-05-09T10:32:12.020000+00:00,2024-05-09T10:32:20.020000+00:00,1,walking,0.9876731,not_walking,not_walking,False,2024-05-09 10:26:46,2024-05-09 10:34:00,salidas_test/transformer_sequence_predictions/05447093A_110_20240509_102646_20240509_103400_transformer_predictions.csv,0,325,325,1,walking
05447093A-110,2024-05-09 10:32:17.020000+00:00,2024-05-09T10:32:13.020000+00:00,2024-05-09T10:32:21.020000+00:00,1,walking,0.9935622,not_walking,not_walking,False,2024-05-09 10:26:46,2024-05-09 10:34:00,salidas_test/transformer_sequence_predictions/05447093A_110_20240509_102646_20240509_103400_transformer_predictions.csv,0,326,326,1,walking
05447093A-110,2024-05-09 10:32:18.020000+00:00,2024-05-09T10:32:14.020000+00:00,2024-05-09T10:32:22.020000+00:00,1,walking,0.918158,not_walking,not_walking,False,2024-05-09 10:26:46,2024-05-09 10:34:00,salidas_test/transformer_sequence_predictions/05447093A_110_20240509_102646_20240509_103400_transformer_predictions.csv,0,327,327,1,walking
05447093A-110,2024-05-09 10:32:19.020000+00:00,2024-05-09T10:32:15.020000+00:00,2024-05-09T10:32:23.020000+00:00,1,walking,0.994701,not_walking,not_walking,False,2024-05-09 10:26:46,2024-05-09 10:34:00,salidas_test/transformer_sequence_predictions/05447093A_110_20240509_102646_20240509_103400_transformer_predictions.csv,0,328,328,1,walking
05447093A-110,2024-05-09 10:32:20.020000+00:00,2024-05-09T10:32:16.020000+00:00,2024-05-09T10:32:24.020000+00:00,1,walking,0.6360866,not_walking,not_walking,False,2024-05-09 10:26:46,2024-05-09 10:34:00,salidas_test/transformer_sequence_predictions/05447093A_110_20240509_102646_20240509_103400_transformer_predictions.csv,0,329,329,1,walking
05447093A-110,2024-05-09 10:32:21.020000+00:00,2024-05-09T10:32:17.020000+00:00,2024-05-09T10:32:25.020000+00:00,1,walking,0.6189715,not_walking,not_walking,False,2024-05-09 10:26:46,2024-05-09 10:34:00,salidas_test/transformer_sequence_predictions/05447093A_110_20240509_102646_20240509_103400_transformer_predictions.csv,0,330,330,1,walking
05447093A-110,2024-05-09 10:32:22.020000+00:00,2024-05-09T10:32:18.020000+00:00,2024-05-09T10:32:26.020000+00:00,1,walking,0.99600023,not_walking,not_walking,False,2024-05-09 10:26:46,2024-05-09 10:34:00,salidas_test/transformer_sequence_predictions/05447093A_110_20240509_102646_20240509_103400_transformer_predictions.csv,0,331,331,1,walking
05447093A-110,2024-05-09 10:32:23.020000+00:00,2024-05-09T10:32:19.020000+00:00,2024-05-09T10:32:27.020000+00:00,1,walking,0.99514425,not_walking,not_walking,False,2024-05-09 10:26:46,2024-05-09 10:34:00,salidas_test/transformer_sequence_predictions/05447093A_110_20240509_102646_20240509_103400_transformer_predictions.csv,0,332,332,1,walking
05447093A-110,2024-05-09 10:32:24.020000+00:00,2024-05-09T10:32:20.020000+00:00,2024-05-09T10:32:28.020000+00:00,1,walking,0.9956594,not_walking,not_walking,False,2024-05-09 10:26:46,2024-05-09 10:34:00,salidas_test/transformer_sequence_predictions/05447093A_110_20240509_102646_20240509_103400_transformer_predictions.csv,0,333,333,1,walking
05447093A-110,2024-05-09 10:32:25.020000+00:00,2024-05-09T10:32:21.020000+00:00,2024-05-09T10:32:29.020000+00:00,1,walking,0.99685466,not_walking,not_walking,False,2024-05-09 10:26:46,2024-05-09 10:34:00,salidas_test/transformer_sequence_predictions/05447093A_110_20240509_102646_20240509_103400_transformer_predictions.csv,0,334,334,1,walking
05447093A-110,2024-05-09 10:32:26.020000+00:00,2024-05-09T10:32:22.020000+00:00,2024-05-09T10:32:30.020000+00:00,1,walking,0.99574935,not_walking,not_walking,False,2024-05-09 10:26:46,2024-05-09 10:34:00,salidas_test/transformer_sequence_predictions/05447093A_110_20240509_102646_20240509_103400_transformer_predictions.csv,0,335,335,1,walking
05447093A-110,2024-05-09 10:32:27.020000+00:00,2024-05-09T10:32:23.020000+00:00,2024-05-09T10:32:31.020000+00:00,1,walking,0.9917464,not_walking,not_walking,False,2024-05-09 10:26:46,2024-05-09 10:34:00,salidas_test/transformer_sequence_predictions/05447093A_110_20240509_102646_20240509_103400_transformer_predictions.csv,0,336,336,1,walking
05447093A-110,2024-05-09 10:32:28.020000+00:00,2024-05-09T10:32:24.020000+00:00,2024-05-09T10:32:32.020000+00:00,1,walking,0.99534565,not_walking,not_walking,False,2024-05-09 10:26:46,2024-05-09 10:34:00,salidas_test/transformer_sequence_predictions/05447093A_110_20240509_102646_20240509_103400_transformer_predictions.csv,0,337,337,1,walking
05447093A-110,2024-05-09 10:32:29.020000+00:00,2024-05-09T10:32:25.020000+00:00,2024-05-09T10:32:33.020000+00:00,1,walking,0.9964695,not_walking,not_walking,False,2024-05-09 10:26:46,2024-05-09 10:34:00,salidas_test/transformer_sequence_predictions/05447093A_110_20240509_102646_20240509_103400_transformer_predictions.csv,0,338,338,1,walking
05447093A-110,2024-05-09 10:32:30.020000+00:00,2024-05-09T10:32:26.020000+00:00,2024-05-09T10:32:34.020000+00:00,1,walking,0.9954091,not_walking,not_walking,False,2024-05-09 10:26:46,2024-05-09 10:34:00,salidas_test/transformer_sequence_predictions/05447093A_110_20240509_102646_20240509_103400_transformer_predictions.csv,0,339,339,1,walking
05447093A-110,2024-05-09 10:32:31.020000+00:00,2024-05-09T10:32:27.020000+00:00,2024-05-09T10:32:35.020000+00:00,1,walking,0.9963477,not_walking,not_walking,False,2024-05-09 10:26:46,2024-05-09 10:34:00,salidas_test/transformer_sequence_predictions/05447093A_110_20240509_102646_20240509_103400_transformer_predictions.csv,0,340,340,1,walking
05447093A-110,2024-05-09 10:32:32.020000+00:00,2024-05-09T10:32:28.020000+00:00,2024-05-09T10:32:36.020000+00:00,1,walking,0.99619293,not_walking,not_walking,False,2024-05-09 10:26:46,2024-05-09 10:34:00,salidas_test/transformer_sequence_predictions/05447093A_110_20240509_102646_20240509_103400_transformer_predictions.csv,0,341,341,1,walking
05447093A-110,2024-05-09 10:32:33.020000+00:00,2024-05-09T10:32:29.020000+00:00,2024-05-09T10:32:37.020000+00:00,1,walking,0.99603134,not_walking,not_walking,False,2024-05-09 10:26:46,2024-05-09 10:34:00,salidas_test/transformer_sequence_predictions/05447093A_110_20240509_102646_20240509_103400_transformer_predictions.csv,0,342,342,1,walking
05447093A-110,2024-05-09 10:32:34.020000+00:00,2024-05-09T10:32:30.020000+00:00,2024-05-09T10:32:38.020000+00:00,1,walking,0.99656206,not_walking,not_walking,False,2024-05-09 10:26:46,2024-05-09 10:34:00,salidas_test/transformer_sequence_predictions/05447093A_110_20240509_102646_20240509_103400_transformer_predictions.csv,0,343,343,1,walking
05447093A-110,2024-05-09 10:32:35.020000+00:00,2024-05-09T10:32:31.020000+00:00,2024-05-09T10:32:39.020000+00:00,1,walking,0.9961055,not_walking,not_walking,False,2024-05-09 10:26:46,2024-05-09 10:34:00,salidas_test/transformer_sequence_predictions/05447093A_110_20240509_102646_20240509_103400_transformer_predictions.csv,0,344,344,1,walking
05447093A-110,2024-05-09 10:32:36.020000+00:00,2024-05-09T10:32:32.020000+00:00,2024-05-09T10:32:40.020000+00:00,1,walking,0.9964341,not_walking,not_walking,False,2024-05-09 10:26:46,2024-05-09 10:34:00,salidas_test/transformer_sequence_predictions/05447093A_110_20240509_102646_20240509_103400_transformer_predictions.csv,0,345,345,1,walking
05447093A-110,2024-05-09 10:32:37.020000+00:00,2024-05-09T10:32:33.020000+00:00,2024-05-09T10:32:41.020000+00:00,1,walking,0.9961079,not_walking,not_walking,False,2024-05-09 10:26:46,2024-05-09 10:34:00,salidas_test/transformer_sequence_predictions/05447093A_110_20240509_102646_20240509_103400_transformer_predictions.csv,0,346,346,1,walking
05447093A-110,2024-05-09 10:32:38.020000+00:00,2024-05-09T10:32:34.020000+00:00,2024-05-09T10:32:42.020000+00:00,1,walking,0.99487805,not_walking,not_walking,False,2024-05-09 10:26:46,2024-05-09 10:34:00,salidas_test/transformer_sequence_predictions/05447093A_110_20240509_102646_20240509_103400_transformer_predictions.csv,0,347,347,1,walking
05447093A-110,2024-05-09 10:32:39.020000+00:00,2024-05-09T10:32:35.020000+00:00,2024-05-09T10:32:43.020000+00:00,1,walking,0.99370533,not_walking,not_walking,False,2024-05-09 10:26:46,2024-05-09 10:34:00,salidas_test/transformer_sequence_predictions/05447093A_110_20240509_102646_20240509_103400_transformer_predictions.csv,0,348,348,1,walking
05447093A-110,2024-05-09 10:32:40.020000+00:00,2024-05-09T10:32:36.020000+00:00,2024-05-09T10:32:44.020000+00:00,1,walking,0.99606824,not_walking,not_walking,False,2024-05-09 10:26:46,2024-05-09 10:34:00,salidas_test/transformer_sequence_predictions/05447093A_110_20240509_102646_20240509_103400_transformer_predictions.csv,0,349,349,1,walking
05447093A-110,2024-05-09 10:32:41.020000+00:00,2024-05-09T10:32:37.020000+00:00,2024-05-09T10:32:45.020000+00:00,1,walking,0.9885831,not_walking,not_walking,False,2024-05-09 10:26:46,2024-05-09 10:34:00,salidas_test/transformer_sequence_predictions/05447093A_110_20240509_102646_20240509_103400_transformer_predictions.csv,0,350,350,1,walking
05447093A-110,2024-05-09 10:32:42.020000+00:00,2024-05-09T10:32:38.020000+00:00,2024-05-09T10:32:46.020000+00:00,1,walking,0.9910103,not_walking,not_walking,False,2024-05-09 10:26:46,2024-05-09 10:34:00,salidas_test/transformer_sequence_predictions/05447093A_110_20240509_102646_20240509_103400_transformer_predictions.csv,0,351,351,1,walking
05447093A-110,2024-05-09 10:32:43.020000+00:00,2024-05-09T10:32:39.020000+00:00,2024-05-09T10:32:47.020000+00:00,1,walking,0.9925962,not_walking,not_walking,False,2024-05-09 10:26:46,2024-05-09 10:34:00,salidas_test/transformer_sequence_predictions/05447093A_110_20240509_102646_20240509_103400_transformer_predictions.csv,0,352,352,1,walking
05447093A-110,2024-05-09 10:32:44.020000+00:00,2024-05-09T10:32:40.020000+00:00,2024-05-09T10:32:48.020000+00:00,1,walking,0.99402255,not_walking,not_walking,False,2024-05-09 10:26:46,2024-05-09 10:34:00,salidas_test/transformer_sequence_predictions/05447093A_110_20240509_102646_20240509_103400_transformer_predictions.csv,0,353,353,1,walking
05447093A-110,2024-05-09 10:32:45.020000+00:00,2024-05-09T10:32:41.020000+00:00,2024-05-09T10:32:49.020000+00:00,1,walking,0.9953219,not_walking,not_walking,False,2024-05-09 10:26:46,2024-05-09 10:34:00,salidas_test/transformer_sequence_predictions/05447093A_110_20240509_102646_20240509_103400_transformer_predictions.csv,0,354,354,1,walking
05447093A-110,2024-05-09 10:32:46.020000+00:00,2024-05-09T10:32:42.020000+00:00,2024-05-09T10:32:50.020000+00:00,1,walking,0.9963445,not_walking,not_walking,False,2024-05-09 10:26:46,2024-05-09 10:34:00,salidas_test/transformer_sequence_predictions/05447093A_110_20240509_102646_20240509_103400_transformer_predictions.csv,0,355,355,1,walking
05447093A-110,2024-05-09 10:32:47.020000+00:00,2024-05-09T10:32:43.020000+00:00,2024-05-09T10:32:51.020000+00:00,1,walking,0.9958936,not_walking,not_walking,False,2024-05-09 10:26:46,2024-05-09 10:34:00,salidas_test/transformer_sequence_predictions/05447093A_110_20240509_102646_20240509_103400_transformer_predictions.csv,0,356,356,1,walking
05447093A-110,2024-05-09 10:32:48.020000+00:00,2024-05-09T10:32:44.020000+00:00,2024-05-09T10:32:52.020000+00:00,1,walking,0.9734288,not_walking,not_walking,False,2024-05-09 10:26:46,2024-05-09 10:34:00,salidas_test/transformer_sequence_predictions/05447093A_110_20240509_102646_20240509_103400_transformer_predictions.csv,0,357,357,1,walking
05447093A-110,2024-05-09 10:32:49.020000+00:00,2024-05-09T10:32:45.020000+00:00,2024-05-09T10:32:53.020000+00:00,1,walking,0.96516424,not_walking,not_walking,False,2024-05-09 10:26:46,2024-05-09 10:34:00,salidas_test/transformer_sequence_predictions/05447093A_110_20240509_102646_20240509_103400_transformer_predictions.csv,0,358,358,1,walking
05447093A-110,2024-05-09 10:32:50.020000+00:00,2024-05-09T10:32:46.020000+00:00,2024-05-09T10:32:54.020000+00:00,1,walking,0.9726567,not_walking,not_walking,False,2024-05-09 10:26:46,2024-05-09 10:34:00,salidas_test/transformer_sequence_predictions/05447093A_110_20240509_102646_20240509_103400_transformer_predictions.csv,0,359,359,1,walking
05447093A-110,2024-05-09 10:32:51.020000+00:00,2024-05-09T10:32:47.020000+00:00,2024-05-09T10:32:55.020000+00:00,1,walking,0.9907795,not_walking,not_walking,False,2024-05-09 10:26:46,2024-05-09 10:34:00,salidas_test/transformer_sequence_predictions/05447093A_110_20240509_102646_20240509_103400_transformer_predictions.csv,0,360,360,1,walking
05447093A-110,2024-05-09 10:32:52.020000+00:00,2024-05-09T10:32:48.020000+00:00,2024-05-09T10:32:56.020000+00:00,1,walking,0.99656916,not_walking,not_walking,False,2024-05-09 10:26:46,2024-05-09 10:34:00,salidas_test/transformer_sequence_predictions/05447093A_110_20240509_102646_20240509_103400_transformer_predictions.csv,0,361,361,1,walking
05447093A-110,2024-05-09 10:32:53.020000+00:00,2024-05-09T10:32:49.020000+00:00,2024-05-09T10:32:57.020000+00:00,1,walking,0.9752725,not_walking,not_walking,False,2024-05-09 10:26:46,2024-05-09 10:34:00,salidas_test/transformer_sequence_predictions/05447093A_110_20240509_102646_20240509_103400_transformer_predictions.csv,0,362,362,1,walking
05447093A-110,2024-05-09 10:32:54.020000+00:00,2024-05-09T10:32:50.020000+00:00,2024-05-09T10:32:58.020000+00:00,1,walking,0.98651123,not_walking,not_walking,False,2024-05-09 10:26:46,2024-05-09 10:34:00,salidas_test/transformer_sequence_predictions/05447093A_110_20240509_102646_20240509_103400_transformer_predictions.csv,0,363,363,1,walking
05447093A-110,2024-05-09 10:32:55.020000+00:00,2024-05-09T10:32:51.020000+00:00,2024-05-09T10:32:59.020000+00:00,1,walking,0.993338,not_walking,not_walking,False,2024-05-09 10:26:46,2024-05-09 10:34:00,salidas_test/transformer_sequence_predictions/05447093A_110_20240509_102646_20240509_103400_transformer_predictions.csv,0,364,364,1,walking
05447093A-110,2024-05-09 10:32:56.020000+00:00,2024-05-09T10:32:52.020000+00:00,2024-05-09T10:33:00.020000+00:00,1,walking,0.99529016,not_walking,not_walking,False,2024-05-09 10:26:46,2024-05-09 10:34:00,salidas_test/transformer_sequence_predictions/05447093A_110_20240509_102646_20240509_103400_transformer_predictions.csv,0,365,365,1,walking
05447093A-110,2024-05-09 10:32:57.020000+00:00,2024-05-09T10:32:53.020000+00:00,2024-05-09T10:33:01.020000+00:00,1,walking,0.9920751,not_walking,not_walking,False,2024-05-09 10:26:46,2024-05-09 10:34:00,salidas_test/transformer_sequence_predictions/05447093A_110_20240509_102646_20240509_103400_transformer_predictions.csv,0,366,366,1,walking
05447093A-110,2024-05-09 10:32:58.020000+00:00,2024-05-09T10:32:54.020000+00:00,2024-05-09T10:33:02.020000+00:00,1,walking,0.99418795,not_walking,not_walking,False,2024-05-09 10:26:46,2024-05-09 10:34:00,salidas_test/transformer_sequence_predictions/05447093A_110_20240509_102646_20240509_103400_transformer_predictions.csv,0,367,367,1,walking
05447093A-110,2024-05-09 10:32:59.020000+00:00,2024-05-09T10:32:55.020000+00:00,2024-05-09T10:33:03.020000+00:00,1,walking,0.99413306,not_walking,not_walking,False,2024-05-09 10:26:46,2024-05-09 10:34:00,salidas_test/transformer_sequence_predictions/05447093A_110_20240509_102646_20240509_103400_transformer_predictions.csv,0,368,368,1,walking
05447093A-110,2024-05-09 10:33:00.020000+00:00,2024-05-09T10:32:56.020000+00:00,2024-05-09T10:33:04.020000+00:00,1,walking,0.99520326,not_walking,not_walking,False,2024-05-09 10:26:46,2024-05-09 10:34:00,salidas_test/transformer_sequence_predictions/05447093A_110_20240509_102646_20240509_103400_transformer_predictions.csv,0,369,369,1,walking
05447093A-110,2024-05-09 10:33:01.020000+00:00,2024-05-09T10:32:57.020000+00:00,2024-05-09T10:33:05.020000+00:00,1,walking,0.99649847,not_walking,not_walking,False,2024-05-09 10:26:46,2024-05-09 10:34:00,salidas_test/transformer_sequence_predictions/05447093A_110_20240509_102646_20240509_103400_transformer_predictions.csv,0,370,370,1,walking
05447093A-110,2024-05-09 10:33:02.020000+00:00,2024-05-09T10:32:58.020000+00:00,2024-05-09T10:33:06.020000+00:00,1,walking,0.996736,not_walking,not_walking,False,2024-05-09 10:26:46,2024-05-09 10:34:00,salidas_test/transformer_sequence_predictions/05447093A_110_20240509_102646_20240509_103400_transformer_predictions.csv,0,371,371,1,walking
05447093A-110,2024-05-09 10:33:03.020000+00:00,2024-05-09T10:32:59.020000+00:00,2024-05-09T10:33:07.020000+00:00,1,walking,0.992459,not_walking,not_walking,False,2024-05-09 10:26:46,2024-05-09 10:34:00,salidas_test/transformer_sequence_predictions/05447093A_110_20240509_102646_20240509_103400_transformer_predictions.csv,0,372,372,1,walking
05447093A-110,2024-05-09 10:33:04.020000+00:00,2024-05-09T10:33:00.020000+00:00,2024-05-09T10:33:08.020000+00:00,1,walking,0.9938975,not_walking,not_walking,False,2024-05-09 10:26:46,2024-05-09 10:34:00,salidas_test/transformer_sequence_predictions/05447093A_110_20240509_102646_20240509_103400_transformer_predictions.csv,0,373,373,1,walking
05447093A-110,2024-05-09 10:33:05.020000+00:00,2024-05-09T10:33:01.020000+00:00,2024-05-09T10:33:09.020000+00:00,1,walking,0.99439806,not_walking,not_walking,False,2024-05-09 10:26:46,2024-05-09 10:34:00,salidas_test/transformer_sequence_predictions/05447093A_110_20240509_102646_20240509_103400_transformer_predictions.csv,0,374,374,1,walking
05447093A-110,2024-05-09 10:33:06.020000+00:00,2024-05-09T10:33:02.020000+00:00,2024-05-09T10:33:10.020000+00:00,1,walking,0.99048597,not_walking,not_walking,False,2024-05-09 10:26:46,2024-05-09 10:34:00,salidas_test/transformer_sequence_predictions/05447093A_110_20240509_102646_20240509_103400_transformer_predictions.csv,0,375,375,1,walking
05447093A-110,2024-05-09 10:33:07.020000+00:00,2024-05-09T10:33:03.020000+00:00,2024-05-09T10:33:11.020000+00:00,1,walking,0.99652714,not_walking,not_walking,False,2024-05-09 10:26:46,2024-05-09 10:34:00,salidas_test/transformer_sequence_predictions/05447093A_110_20240509_102646_20240509_103400_transformer_predictions.csv,0,376,376,1,walking
05447093A-110,2024-05-09 10:33:08.020000+00:00,2024-05-09T10:33:04.020000+00:00,2024-05-09T10:33:12.020000+00:00,1,walking,0.9831519,not_walking,not_walking,False,2024-05-09 10:26:46,2024-05-09 10:34:00,salidas_test/transformer_sequence_predictions/05447093A_110_20240509_102646_20240509_103400_transformer_predictions.csv,0,377,377,1,walking
05447093A-110,2024-05-09 10:33:09.020000+00:00,2024-05-09T10:33:05.020000+00:00,2024-05-09T10:33:13.020000+00:00,1,walking,0.9936073,not_walking,not_walking,False,2024-05-09 10:26:46,2024-05-09 10:34:00,salidas_test/transformer_sequence_predictions/05447093A_110_20240509_102646_20240509_103400_transformer_predictions.csv,0,378,378,1,walking
05447093A-110,2024-05-09 10:33:10.020000+00:00,2024-05-09T10:33:06.020000+00:00,2024-05-09T10:33:14.020000+00:00,1,walking,0.9954224,not_walking,not_walking,False,2024-05-09 10:26:46,2024-05-09 10:34:00,salidas_test/transformer_sequence_predictions/05447093A_110_20240509_102646_20240509_103400_transformer_predictions.csv,0,379,379,1,walking
05447093A-110,2024-05-09 10:33:11.020000+00:00,2024-05-09T10:33:07.020000+00:00,2024-05-09T10:33:15.020000+00:00,1,walking,0.98265,not_walking,not_walking,False,2024-05-09 10:26:46,2024-05-09 10:34:00,salidas_test/transformer_sequence_predictions/05447093A_110_20240509_102646_20240509_103400_transformer_predictions.csv,0,380,380,1,walking
05447093A-110,2024-05-09 10:33:12.020000+00:00,2024-05-09T10:33:08.020000+00:00,2024-05-09T10:33:16.020000+00:00,1,walking,0.99640876,not_walking,not_walking,False,2024-05-09 10:26:46,2024-05-09 10:34:00,salidas_test/transformer_sequence_predictions/05447093A_110_20240509_102646_20240509_103400_transformer_predictions.csv,0,381,381,1,walking
05447093A-110,2024-05-09 10:33:13.020000+00:00,2024-05-09T10:33:09.020000+00:00,2024-05-09T10:33:17.020000+00:00,1,walking,0.9967374,not_walking,not_walking,False,2024-05-09 10:26:46,2024-05-09 10:34:00,salidas_test/transformer_sequence_predictions/05447093A_110_20240509_102646_20240509_103400_transformer_predictions.csv,0,382,382,1,walking
05447093A-110,2024-05-09 10:33:14.020000+00:00,2024-05-09T10:33:10.020000+00:00,2024-05-09T10:33:18.020000+00:00,1,walking,0.99611485,not_walking,not_walking,False,2024-05-09 10:26:46,2024-05-09 10:34:00,salidas_test/transformer_sequence_predictions/05447093A_110_20240509_102646_20240509_103400_transformer_predictions.csv,0,383,383,1,walking
05447093A-110,2024-05-09 10:33:15.020000+00:00,2024-05-09T10:33:11.020000+00:00,2024-05-09T10:33:19.020000+00:00,1,walking,0.9785936,not_walking,not_walking,False,2024-05-09 10:26:46,2024-05-09 10:34:00,salidas_test/transformer_sequence_predictions/05447093A_110_20240509_102646_20240509_103400_transformer_predictions.csv,0,384,384,1,walking
05447093A-110,2024-05-09 10:33:16.020000+00:00,2024-05-09T10:33:12.020000+00:00,2024-05-09T10:33:20.020000+00:00,1,walking,0.98221576,not_walking,not_walking,False,2024-05-09 10:26:46,2024-05-09 10:34:00,salidas_test/transformer_sequence_predictions/05447093A_110_20240509_102646_20240509_103400_transformer_predictions.csv,0,385,385,1,walking
05447093A-110,2024-05-09 10:33:17.020000+00:00,2024-05-09T10:33:13.020000+00:00,2024-05-09T10:33:21.020000+00:00,1,walking,0.9503377,not_walking,not_walking,False,2024-05-09 10:26:46,2024-05-09 10:34:00,salidas_test/transformer_sequence_predictions/05447093A_110_20240509_102646_20240509_103400_transformer_predictions.csv,0,386,386,1,walking
05447093A-110,2024-05-09 10:33:18.020000+00:00,2024-05-09T10:33:14.020000+00:00,2024-05-09T10:33:22.020000+00:00,1,walking,0.9073234,not_walking,not_walking,False,2024-05-09 10:26:46,2024-05-09 10:34:00,salidas_test/transformer_sequence_predictions/05447093A_110_20240509_102646_20240509_103400_transformer_predictions.csv,0,387,387,1,walking
05447093A-110,2024-05-09 10:33:19.020000+00:00,2024-05-09T10:33:15.020000+00:00,2024-05-09T10:33:23.020000+00:00,1,walking,0.9960217,not_walking,not_walking,False,2024-05-09 10:26:46,2024-05-09 10:34:00,salidas_test/transformer_sequence_predictions/05447093A_110_20240509_102646_20240509_103400_transformer_predictions.csv,0,388,388,1,walking
05447093A-110,2024-05-09 10:33:20.020000+00:00,2024-05-09T10:33:16.020000+00:00,2024-05-09T10:33:24.020000+00:00,1,walking,0.9952011,not_walking,not_walking,False,2024-05-09 10:26:46,2024-05-09 10:34:00,salidas_test/transformer_sequence_predictions/05447093A_110_20240509_102646_20240509_103400_transformer_predictions.csv,0,389,389,1,walking
05447093A-110,2024-05-09 10:33:21.020000+00:00,2024-05-09T10:33:17.020000+00:00,2024-05-09T10:33:25.020000+00:00,1,walking,0.9959266,not_walking,not_walking,False,2024-05-09 10:26:46,2024-05-09 10:34:00,salidas_test/transformer_sequence_predictions/05447093A_110_20240509_102646_20240509_103400_transformer_predictions.csv,0,390,390,1,walking
05447093A-110,2024-05-09 10:33:22.020000+00:00,2024-05-09T10:33:18.020000+00:00,2024-05-09T10:33:26.020000+00:00,1,walking,0.981218,not_walking,not_walking,False,2024-05-09 10:26:46,2024-05-09 10:34:00,salidas_test/transformer_sequence_predictions/05447093A_110_20240509_102646_20240509_103400_transformer_predictions.csv,0,391,391,1,walking
05447093A-110,2024-05-09 10:33:23.020000+00:00,2024-05-09T10:33:19.020000+00:00,2024-05-09T10:33:27.020000+00:00,1,walking,0.9851362,not_walking,not_walking,False,2024-05-09 10:26:46,2024-05-09 10:34:00,salidas_test/transformer_sequence_predictions/05447093A_110_20240509_102646_20240509_103400_transformer_predictions.csv,0,392,392,1,walking
05447093A-110,2024-05-09 10:33:24.020000+00:00,2024-05-09T10:33:20.020000+00:00,2024-05-09T10:33:28.020000+00:00,1,walking,0.9861341,not_walking,not_walking,False,2024-05-09 10:26:46,2024-05-09 10:34:00,salidas_test/transformer_sequence_predictions/05447093A_110_20240509_102646_20240509_103400_transformer_predictions.csv,0,393,393,1,walking
05447093A-110,2024-05-09 10:33:25.020000+00:00,2024-05-09T10:33:21.020000+00:00,2024-05-09T10:33:29.020000+00:00,1,walking,0.9927033,not_walking,not_walking,False,2024-05-09 10:26:46,2024-05-09 10:34:00,salidas_test/transformer_sequence_predictions/05447093A_110_20240509_102646_20240509_103400_transformer_predictions.csv,0,394,394,1,walking
05447093A-110,2024-05-09 10:33:26.020000+00:00,2024-05-09T10:33:22.020000+00:00,2024-05-09T10:33:30.020000+00:00,1,walking,0.99632925,not_walking,not_walking,False,2024-05-09 10:26:46,2024-05-09 10:34:00,salidas_test/transformer_sequence_predictions/05447093A_110_20240509_102646_20240509_103400_transformer_predictions.csv,0,395,395,1,walking
05447093A-110,2024-05-09 10:33:27.020000+00:00,2024-05-09T10:33:23.020000+00:00,2024-05-09T10:33:31.020000+00:00,1,walking,0.9961224,not_walking,not_walking,False,2024-05-09 10:26:46,2024-05-09 10:34:00,salidas_test/transformer_sequence_predictions/05447093A_110_20240509_102646_20240509_103400_transformer_predictions.csv,0,396,396,1,walking
05447093A-110,2024-05-09 10:33:28.020000+00:00,2024-05-09T10:33:24.020000+00:00,2024-05-09T10:33:32.020000+00:00,1,walking,0.9963834,not_walking,not_walking,False,2024-05-09 10:26:46,2024-05-09 10:34:00,salidas_test/transformer_sequence_predictions/05447093A_110_20240509_102646_20240509_103400_transformer_predictions.csv,0,397,397,1,walking
05447093A-110,2024-05-09 10:33:29.020000+00:00,2024-05-09T10:33:25.020000+00:00,2024-05-09T10:33:33.020000+00:00,1,walking,0.9963266,not_walking,not_walking,False,2024-05-09 10:26:46,2024-05-09 10:34:00,salidas_test/transformer_sequence_predictions/05447093A_110_20240509_102646_20240509_103400_transformer_predictions.csv,0,398,398,1,walking
05447093A-110,2024-05-09 10:33:30.020000+00:00,2024-05-09T10:33:26.020000+00:00,2024-05-09T10:33:34.020000+00:00,1,walking,0.99308914,not_walking,not_walking,False,2024-05-09 10:26:46,2024-05-09 10:34:00,salidas_test/transformer_sequence_predictions/05447093A_110_20240509_102646_20240509_103400_transformer_predictions.csv,0,399,399,1,walking
05447093A-110,2024-05-09 10:33:31.020000+00:00,2024-05-09T10:33:27.020000+00:00,2024-05-09T10:33:35.020000+00:00,1,walking,0.9959372,not_walking,not_walking,False,2024-05-09 10:26:46,2024-05-09 10:34:00,salidas_test/transformer_sequence_predictions/05447093A_110_20240509_102646_20240509_103400_transformer_predictions.csv,0,400,400,1,walking
05447093A-110,2024-05-09 10:33:32.020000+00:00,2024-05-09T10:33:28.020000+00:00,2024-05-09T10:33:36.020000+00:00,1,walking,0.9964767,not_walking,not_walking,False,2024-05-09 10:26:46,2024-05-09 10:34:00,salidas_test/transformer_sequence_predictions/05447093A_110_20240509_102646_20240509_103400_transformer_predictions.csv,0,401,401,1,walking
05447093A-110,2024-05-09 10:33:33.020000+00:00,2024-05-09T10:33:29.020000+00:00,2024-05-09T10:33:37.020000+00:00,1,walking,0.9933113,not_walking,not_walking,False,2024-05-09 10:26:46,2024-05-09 10:34:00,salidas_test/transformer_sequence_predictions/05447093A_110_20240509_102646_20240509_103400_transformer_predictions.csv,0,402,402,1,walking
05447093A-110,2024-05-09 10:33:34.020000+00:00,2024-05-09T10:33:30.020000+00:00,2024-05-09T10:33:38.020000+00:00,1,walking,0.99561834,not_walking,not_walking,False,2024-05-09 10:26:46,2024-05-09 10:34:00,salidas_test/transformer_sequence_predictions/05447093A_110_20240509_102646_20240509_103400_transformer_predictions.csv,0,403,403,1,walking
05447093A-110,2024-05-09 10:33:35.020000+00:00,2024-05-09T10:33:31.020000+00:00,2024-05-09T10:33:39.020000+00:00,1,walking,0.96825546,not_walking,not_walking,False,2024-05-09 10:26:46,2024-05-09 10:34:00,salidas_test/transformer_sequence_predictions/05447093A_110_20240509_102646_20240509_103400_transformer_predictions.csv,0,404,404,1,walking
05447093A-110,2024-05-09 10:33:36.020000+00:00,2024-05-09T10:33:32.020000+00:00,2024-05-09T10:33:40.020000+00:00,1,walking,0.9814935,not_walking,not_walking,False,2024-05-09 10:26:46,2024-05-09 10:34:00,salidas_test/transformer_sequence_predictions/05447093A_110_20240509_102646_20240509_103400_transformer_predictions.csv,0,405,405,1,walking
05447093A-110,2024-05-09 10:33:37.020000+00:00,2024-05-09T10:33:33.020000+00:00,2024-05-09T10:33:41.020000+00:00,1,walking,0.99635553,not_walking,not_walking,False,2024-05-09 10:26:46,2024-05-09 10:34:00,salidas_test/transformer_sequence_predictions/05447093A_110_20240509_102646_20240509_103400_transformer_predictions.csv,0,406,406,1,walking
05447093A-110,2024-05-09 10:33:38.020000+00:00,2024-05-09T10:33:34.020000+00:00,2024-05-09T10:33:42.020000+00:00,1,walking,0.96441114,not_walking,not_walking,False,2024-05-09 10:26:46,2024-05-09 10:34:00,salidas_test/transformer_sequence_predictions/05447093A_110_20240509_102646_20240509_103400_transformer_predictions.csv,0,407,407,1,walking
05447093A-110,2024-05-09 10:33:39.020000+00:00,2024-05-09T10:33:35.020000+00:00,2024-05-09T10:33:43.020000+00:00,1,walking,0.9968567,not_walking,not_walking,False,2024-05-09 10:26:46,2024-05-09 10:34:00,salidas_test/transformer_sequence_predictions/05447093A_110_20240509_102646_20240509_103400_transformer_predictions.csv,0,408,408,1,walking
05447093A-110,2024-05-09 10:33:40.020000+00:00,2024-05-09T10:33:36.020000+00:00,2024-05-09T10:33:44.020000+00:00,1,walking,0.9601768,not_walking,not_walking,False,2024-05-09 10:26:46,2024-05-09 10:34:00,salidas_test/transformer_sequence_predictions/05447093A_110_20240509_102646_20240509_103400_transformer_predictions.csv,0,409,409,1,walking
05447093A-110,2024-05-09 10:33:41.020000+00:00,2024-05-09T10:33:37.020000+00:00,2024-05-09T10:33:45.020000+00:00,1,walking,0.9779574,not_walking,not_walking,False,2024-05-09 10:26:46,2024-05-09 10:34:00,salidas_test/transformer_sequence_predictions/05447093A_110_20240509_102646_20240509_103400_transformer_predictions.csv,0,410,410,1,walking
05447093A-110,2024-05-09 10:33:42.020000+00:00,2024-05-09T10:33:38.020000+00:00,2024-05-09T10:33:46.020000+00:00,1,walking,0.9760532,not_walking,not_walking,False,2024-05-09 10:26:46,2024-05-09 10:34:00,salidas_test/transformer_sequence_predictions/05447093A_110_20240509_102646_20240509_103400_transformer_predictions.csv,0,411,411,1,walking
05447093A-110,2024-05-09 10:33:43.020000+00:00,2024-05-09T10:33:39.020000+00:00,2024-05-09T10:33:47.020000+00:00,1,walking,0.98139864,not_walking,not_walking,False,2024-05-09 10:26:46,2024-05-09 10:34:00,salidas_test/transformer_sequence_predictions/05447093A_110_20240509_102646_20240509_103400_transformer_predictions.csv,0,412,412,1,walking
05447093A-110,2024-05-09 10:33:44.020000+00:00,2024-05-09T10:33:40.020000+00:00,2024-05-09T10:33:48.020000+00:00,1,walking,0.9961204,not_walking,not_walking,False,2024-05-09 10:26:46,2024-05-09 10:34:00,salidas_test/transformer_sequence_predictions/05447093A_110_20240509_102646_20240509_103400_transformer_predictions.csv,0,413,413,1,walking
05447093A-110,2024-05-09 10:33:45.020000+00:00,2024-05-09T10:33:41.020000+00:00,2024-05-09T10:33:49.020000+00:00,1,walking,0.99677294,not_walking,not_walking,False,2024-05-09 10:26:46,2024-05-09 10:34:00,salidas_test/transformer_sequence_predictions/05447093A_110_20240509_102646_20240509_103400_transformer_predictions.csv,0,414,414,1,walking
05447093A-110,2024-05-09 10:33:46.020000+00:00,2024-05-09T10:33:42.020000+00:00,2024-05-09T10:33:50.020000+00:00,1,walking,0.9963566,not_walking,not_walking,False,2024-05-09 10:26:46,2024-05-09 10:34:00,salidas_test/transformer_sequence_predictions/05447093A_110_20240509_102646_20240509_103400_transformer_predictions.csv,0,415,415,1,walking
05447093A-110,2024-05-09 10:33:47.020000+00:00,2024-05-09T10:33:43.020000+00:00,2024-05-09T10:33:51.020000+00:00,1,walking,0.9969439,not_walking,not_walking,False,2024-05-09 10:26:46,2024-05-09 10:34:00,salidas_test/transformer_sequence_predictions/05447093A_110_20240509_102646_20240509_103400_transformer_predictions.csv,0,416,416,1,walking
05447093A-110,2024-05-09 10:33:48.020000+00:00,2024-05-09T10:33:44.020000+00:00,2024-05-09T10:33:52.020000+00:00,1,walking,0.99627954,not_walking,not_walking,False,2024-05-09 10:26:46,2024-05-09 10:34:00,salidas_test/transformer_sequence_predictions/05447093A_110_20240509_102646_20240509_103400_transformer_predictions.csv,0,417,417,1,walking
05447093A-110,2024-05-09 10:33:49.020000+00:00,2024-05-09T10:33:45.020000+00:00,2024-05-09T10:33:53.020000+00:00,1,walking,0.9964702,not_walking,not_walking,False,2024-05-09 10:26:46,2024-05-09 10:34:00,salidas_test/transformer_sequence_predictions/05447093A_110_20240509_102646_20240509_103400_transformer_predictions.csv,0,418,418,1,walking
05447093A-110,2024-05-09 10:33:50.020000+00:00,2024-05-09T10:33:46.020000+00:00,2024-05-09T10:33:54.020000+00:00,1,walking,0.9904805,not_walking,not_walking,False,2024-05-09 10:26:46,2024-05-09 10:34:00,salidas_test/transformer_sequence_predictions/05447093A_110_20240509_102646_20240509_103400_transformer_predictions.csv,0,419,419,1,walking
05447093A-110,2024-05-09 10:33:51.020000+00:00,2024-05-09T10:33:47.020000+00:00,2024-05-09T10:33:55.020000+00:00,1,walking,0.9946002,not_walking,not_walking,False,2024-05-09 10:26:46,2024-05-09 10:34:00,salidas_test/transformer_sequence_predictions/05447093A_110_20240509_102646_20240509_103400_transformer_predictions.csv,0,420,420,1,walking
05447093A-110,2024-05-09 10:33:52.020000+00:00,2024-05-09T10:33:48.020000+00:00,2024-05-09T10:33:56.020000+00:00,1,walking,0.9942873,not_walking,not_walking,False,2024-05-09 10:26:46,2024-05-09 10:34:00,salidas_test/transformer_sequence_predictions/05447093A_110_20240509_102646_20240509_103400_transformer_predictions.csv,0,421,421,1,walking
05447093A-110,2024-05-09 10:33:53.020000+00:00,2024-05-09T10:33:49.020000+00:00,2024-05-09T10:33:57.020000+00:00,1,walking,0.99484587,not_walking,not_walking,False,2024-05-09 10:26:46,2024-05-09 10:34:00,salidas_test/transformer_sequence_predictions/05447093A_110_20240509_102646_20240509_103400_transformer_predictions.csv,0,422,422,1,walking
05447093A-110,2024-05-09 10:33:54.020000+00:00,2024-05-09T10:33:50.020000+00:00,2024-05-09T10:33:58.020000+00:00,1,walking,0.9969494,not_walking,not_walking,False,2024-05-09 10:26:46,2024-05-09 10:34:00,salidas_test/transformer_sequence_predictions/05447093A_110_20240509_102646_20240509_103400_transformer_predictions.csv,0,423,423,1,walking
