reference,time_center,sequence_start_time,sequence_end_time,prediction,prediction_label,walking_probability,true_label,expected_content,seen_patient,segment_from_time,segment_until_time,prediction_file,stitched_segment_order,stitched_row,stitched_time_s,stitched_prediction,stitched_prediction_label
05447093A-110,2024-05-09 10:26:51.020000+00:00,2024-05-09T10:26:47.020000+00:00,2024-05-09T10:26:55.020000+00:00,1,walking,0.7453482,not_walking,not_walking,False,2024-05-09 10:26:46,2024-05-09 10:34:00,salidas_test/transformer_sequence_predictions/05447093A_110_20240509_102646_20240509_103400_transformer_predictions.csv,0,0,0,1,walking
05447093A-110,2024-05-09 10:26:52.020000+00:00,2024-05-09T10:26:48.020000+00:00,2024-05-09T10:26:56.020000+00:00,1,walking,0.857982,not_walking,not_walking,False,2024-05-09 10:26:46,2024-05-09 10:34:00,salidas_test/transformer_sequence_predictions/05447093A_110_20240509_102646_20240509_103400_transformer_predictions.csv,0,1,1,1,walking
05447093A-110,2024-05-09 10:26:53.020000+00:00,2024-05-09T10:26:49.020000+00:00,2024-05-09T10:26:57.020000+00:00,1,walking,0.68857485,not_walking,not_walking,False,2024-05-09 10:26:46,2024-05-09 10:34:00,salidas_test/transformer_sequence_predictions/05447093A_110_20240509_102646_20240509_103400_transformer_predictions.csv,0,2,2,1,walking
05447093A-110,2024-05-09 10:26:54.020000+00:00,2024-05-09T10:26:50.020000+00:00,2024-05-09T10:26:58.020000+00:00,1,walking,0.8053946,not_walking,not_walking,False,2024-05-09 10:26:46,2024-05-09 10:34:00,salidas_test/transformer_sequence_predictions/05447093A_110_20240509_102646_20240509_103400_transformer_predictions.csv,0,3,3,1,walking
05447093A-110,2024-05-09 10:26:55.020000+00:00,2024-05-09T10:26:51.020000+00:00,2024-05-09T10:26:59.020000+00:00,1,walking,0.744251,not_walking,not_walking,False,2024-05-09 10:26:46,2024-05-09 10:34:00,salidas_test/transformer_sequence_predictions/05447093A_110_20240509_102646_20240509_103400_transformer_predictions.csv,0,4,4,1,walking
05447093A-110,2024-05-09 10:26:56.020000+00:00,2024-05-09T10:26:52.020000+00:00,2024-05-09T10:27:00.020000+00:00,1,walking,0.7576862,not_walking,not_walking,False,2024-05-09 10:26:46,2024-05-09 10:34:00,salidas_test/transformer_sequence_predictions/05447093A_110_20240509_102646_20240509_103400_transformer_predictions.csv,0,5,5,1,walking
05447093A-110,2024-05-09 10:26:57.020000+00:00,2024-05-09T10:26:53.020000+00:00,2024-05-09T10:27:01.020000+00:00,1,walking,0.724731,not_walking,not_walking,False,2024-05-09 10:26:46,2024-05-09 10:34:00,salidas_test/transformer_sequence_predictions/05447093A_110_20240509_102646_20240509_103400_transformer_predictions.csv,0,6,6,1,walking
05447093A-110,2024-05-09 10:26:58.020000+00:00,2024-05-09T10:26:54.020000+00:00,2024-05-09T10:27:02.020000+00:00,1,walking,0.6465599,not_walking,not_walking,False,2024-05-09 10:26:46,2024-05-09 10:34:00,salidas_test/transformer_sequence_predictions/05447093A_110_20240509_102646_20240509_103400_transformer_predictions.csv,0,7,7,1,walking
05447093A-110,2024-05-09 10:26:59.020000+00:00,2024-05-09T10:26:55.020000+00:00,2024-05-09T10:27:03.020000+00:00,1,walking,0.80174834,not_walking,not_walking,False,2024-05-09 10:26:46,2024-05-09 10:34:00,salidas_test/transformer_sequence_predictions/05447093A_110_20240509_102646_20240509_103400_transformer_predictions.csv,0,8,8,1,walking
05447093A-110,2024-05-09 10:27:00.020000+00:00,2024-05-09T10:26:56.020000+00:00,2024-05-09T10:27:04.020000+00:00,1,walking,0.59605503,not_walking,not_walking,False,2024-05-09 10:26:46,2024-05-09 10:34:00,salidas_test/transformer_sequence_predictions/05447093A_110_20240509_102646_20240509_103400_transformer_predictions.csv,0,9,9,1,walking
05447093A-110,2024-05-09 10:27:01.020000+00:00,2024-05-09T10:26:57.020000+00:00,2024-05-09T10:27:05.020000+00:00,1,walking,0.5646141,not_walking,not_walking,False,2024-05-09 10:26:46,2024-05-09 10:34:00,salidas_test/transformer_sequence_predictions/05447093A_110_20240509_102646_20240509_103400_transformer_predictions.csv,0,10,10,1,walking
05447093A-110,2024-05-09 10:27:02.020000+00:00,2024-05-09T10:26:58.020000+00:00,2024-05-09T10:27:06.020000+00:00,1,walking,0.57338387,not_walking,not_walking,False,2024-05-09 10:26:46,2024-05-09 10:34:00,salidas_test/transformer_sequence_predictions/05447093A_110_20240509_102646_20240509_103400_transformer_predictions.csv,0,11,11,1,walking
05447093A-110,2024-05-09 10:27:03.020000+00:00,2024-05-09T10:26:59.020000+00:00,2024-05-09T10:27:07.020000+00:00,0,not_walking,0.25170317,not_walking,not_walking,False,2024-05-09 10:26:46,2024-05-09 10:34:00,salidas_test/transformer_sequence_predictions/05447093A_110_20240509_102646_20240509_103400_transformer_predictions.csv,0,12,12,0,not_walking
05447093A-110,2024-05-09 10:27:04.020000+00:00,2024-05-09T10:27:00.020000+00:00,2024-05-09T10:27:08.020000+00:00,0,not_walking,0.17312235,not_walking,not_walking,False,2024-05-09 10:26:46,2024-05-09 10:34:00,salidas_test/transformer_sequence_predictions/05447093A_110_20240509_102646_20240509_103400_transformer_predictions.csv,0,13,13,0,not_walking
05447093A-110,2024-05-09 10:27:05.020000+00:00,2024-05-09T10:27:01.020000+00:00,2024-05-09T10:27:09.020000+00:00,0,not_walking,0.2000018,not_walking,not_walking,False,2024-05-09 10:26:46,2024-05-09 10:34:00,salidas_test/transformer_sequence_predictions/05447093A_110_20240509_102646_20240509_103400_transformer_predictions.csv,0,14,14,0,not_walking
05447093A-110,2024-05-09 10:27:06.020000+00:00,2024-05-09T10:27:02.020000+00:00,2024-05-09T10:27:10.020000+00:00,0,not_walking,0.14141001,not_walking,not_walking,False,2024-05-09 10:26:46,2024-05-09 10:34:00,salidas_test/transformer_sequence_predictions/05447093A_110_20240509_102646_20240509_103400_transformer_predictions.csv,0,15,15,0,not_walking
05447093A-110,2024-05-09 10:27:07.020000+00:00,2024-05-09T10:27:03.020000+00:00,2024-05-09T10:27:11.020000+00:00,0,not_walking,0.1324574,not_walking,not_walking,False,2024-05-09 10:26:46,2024-05-09 10:34:00,salidas_test/transformer_sequence_predictions/05447093A_110_20240509_102646_20240509_103400_transformer_predictions.csv,0,16,16,0,not_walking
05447093A-110,2024-05-09 10:27:08.020000+00:00,2024-05-09T10:27:04.020000+00:00,2024-05-09T10:27:12.020000+00:00,0,not_walking,0.0853725,not_walking,not_walking,False,2024-05-09 10:26:46,2024-05-09 10:34:00,salidas_test/transformer_sequence_predictions/05447093A_110_20240509_102646_20240509_103400_transformer_predictions.csv,0,17,17,0,not_walking
05447093A-110,2024-05-09 10:27:09.020000+00:00,2024-05-09T10:27:05.020000+00:00,2024-05-09T10:27:13.020000+00:00,0,not_walking,0.12826417,not_walking,not_walking,False,2024-05-09 10:26:46,2024-05-09 10:34:00,salidas_test/transformer_sequence_predictions/05447093A_110_20240509_102646_20240509_103400_transformer_predictions.csv,0,18,18,0,not_walking
05447093A-110,2024-05-09 10:27:10.020000+00:00,2024-05-09T10:27:06.020000+00:00,2024-05-09T10:27:14.020000+00:00,0,not_walking,0.08950683,not_walking,not_walking,False,2024-05-09 10:26:46,2024-05-09 10:34:00,salidas_test/transformer_sequence_predictions/05447093A_110_20240509_102646_20240509_103400_transformer_predictions.csv,0,19,19,0,not_walking
05447093A-110,2024-05-09 10:27:11.020000+00:00,2024-05-09T10:27:07.020000+00:00,2024-05-09T10:27:15.020000+00:00,0,not_walking,0.05486795,not_walking,not_walking,False,2024-05-09 10:26:46,2024-05-09 10:34:00,salidas_test/transformer_sequence_predictions/05447093A_110_20240509_102646_20240509_103400_transformer_predictions.csv,0,20,20,0,not_walking
05447093A-110,2024-05-09 10:27:12.020000+00:00,2024-05-09T10:27:08.020000+00:00,2024-05-09T10:27:16.020000+00:00,0,not_walking,0.06224456,not_walking,not_walking,False,2024-05-09 10:26:46,2024-05-09 10:34:00,salidas_test/transformer_sequence_predictions/05447093A_110_20240509_102646_20240509_103400_transformer_predictions.csv,0,21,21,0,not_walking
05447093A-110,2024-05-09 10:27:13.020000+00:00,2024-05-09T10:27:09.020000+00:00,2024-05-09T10:27:17.020000+00:00,0,not_walking,0.066597246,not_walking,not_walking,False,2024-05-09 10:26:46,2024-05-09 10:34:00,salidas_test/transformer_sequence_predictions/05447093A_110_20240509_102646_20240509_103400_transformer_predictions.csv,0,22,22,0,not_walking
05447093A-110,2024-05-09 10:27:14.020000+00:00,2024-05-09T10:27:10.020000+00:00,2024-05-09T10:27:18.020000+00:00,0,not_walking,0.12918688,not_walking,not_walking,False,2024-05-09 10:26:46,2024-05-09 10:34:00,salidas_test/transformer_sequence_predictions/05447093A_110_20240509_102646_20240509_103400_transformer_predictions.csv,0,23,23,0,not_walking
05447093A-110,2024-05-09 10:27:15.020000+00:00,2024-05-09T10:27:11.020000+00:00,2024-05-09T10:27:19.020000+00:00,0,not_walking,0.0657288,not_walking,not_walking,False,2024-05-09 10:26:46,2024-05-09 10:34:00,salidas_test/transformer_sequence_predictions/05447093A_110_20240509_102646_20240509_103400_transformer_predictions.csv,0,24,24,0,not_walking
05447093A-110,2024-05-09 10:27:16.020000+00:00,2024-05-09T10:27:12.020000+00:00,2024-05-09T10:27:20.020000+00:00,0,not_walking,0.07292039,not_walking,not_walking,False,2024-05-09 10:26:46,2024-05-09 10:34:00,salidas_test/transformer_sequence_predictions/05447093A_110_20240509_102646_20240509_103400_transformer_predictions.csv,0,25,25,0,not_walking
05447093A-110,2024-05-09 10:27:17.020000+00:00,2024-05-09T10:27:13.020000+00:00,2024-05-09T10:27:21.020000+00:00,0,not_walking,0.06958465,not_walking,not_walking,False,2024-05-09 10:26:46,2024-05-09 10:34:00,salidas_test/transformer_sequence_predictions/05447093A_110_20240509_102646_20240509_103400_transformer_predictions.csv,0,26,26,0,not_walking
05447093A-110,2024-05-09 10:27:18.020000+00:00,2024-05-09T10:27:14.020000+00:00,2024-05-09T10:27:22.020000+00:00,0,not_walking,0.05033036,not_walking,not_walking,False,2024-05-09 10:26:46,2024-05-09 10:34:00,salidas_test/transformer_sequence_predictions/05447093A_110_20240509_102646_20240509_103400_transformer_predictions.csv,0,27,27,0,not_walking
05447093A-110,2024-05-09 10:27:19.020000+00:00,2024-05-09T10:27:15.020000+00:00,2024-05-09T10:27:23.020000+00:00,0,not_walking,0.07303323,not_walking,not_walking,False,2024-05-09 10:26:46,2024-05-09 10:34:00,salidas_test/transformer_sequence_predictions/05447093A_110_20240509_102646_20240509_103400_transformer_predictions.csv,0,28,28,0,not_walking
05447093A-110,2024-05-09 10:27:20.020000+00:00,2024-05-09T10:27:16.020000+00:00,2024-05-09T10:27:24.020000+00:00,0,not_walking,0.1267681,not_walking,not_walking,False,2024-05-09 10:26:46,2024-05-09 10:34:00,salidas_test/transformer_sequence_predictions/05447093A_110_20240509_102646_20240509_103400_transformer_predictions.csv,0,29,29,0,not_walking
05447093A-110,2024-05-09 10:27:21.020000+00:00,2024-05-09T10:27:17.020000+00:00,2024-05-09T10:27:25.020000+00:00,0,not_walking,0.12999018,not_walking,not_walking,False,2024-05-09 10:26:46,2024-05-09 10:34:00,salidas_test/transformer_sequence_predictions/05447093A_110_20240509_102646_20240509_103400_transformer_predictions.csv,0,30,30,0,not_walking
05447093A-110,2024-05-09 10:27:22.020000+00:00,2024-05-09T10:27:18.020000+00:00,2024-05-09T10:27:26.020000+00:00,0,not_walking,0.072721586,not_walking,not_walking,False,2024-05-09 10:26:46,2024-05-09 10:34:00,salidas_test/transformer_sequence_predictions/05447093A_110_20240509_102646_20240509_103400_transformer_predictions.csv,0,31,31,0,not_walking
05447093A-110,2024-05-09 10:27:23.020000+00:00,2024-05-09T10:27:19.020000+00:00,2024-05-09T10:27:27.020000+00:00,0,not_walking,0.11500532,not_walking,not_walking,False,2024-05-09 10:26:46,2024-05-09 10:34:00,salidas_test/transformer_sequence_predictions/05447093A_110_20240509_102646_20240509_103400_transformer_predictions.csv,0,32,32,0,not_walking
05447093A-110,2024-05-09 10:27:24.020000+00:00,2024-05-09T10:27:20.020000+00:00,2024-05-09T10:27:28.020000+00:00,0,not_walking,0.0682307,not_walking,not_walking,False,2024-05-09 10:26:46,2024-05-09 10:34:00,salidas_test/transformer_sequence_predictions/05447093A_110_20240509_102646_20240509_103400_transformer_predictions.csv,0,33,33,0,not_walking
05447093A-110,2024-05-09 10:27:25.020000+00:00,2024-05-09T10:27:21.020000+00:00,2024-05-09T10:27:29.020000+00:00,0,not_walking,0.096627414,not_walking,not_walking,False,2024-05-09 10:26:46,2024-05-09 10:34:00,salidas_test/transformer_sequence_predictions/05447093A_110_20240509_102646_20240509_103400_transformer_predictions.csv,0,34,34,0,not_walking
05447093A-110,2024-05-09 10:27:26.020000+00:00,2024-05-09T10:27:22.020000+00:00,2024-05-09T10:27:30.020000+00:00,0,not_walking,0.12425034,not_walking,not_walking,False,2024-05-09 10:26:46,2024-05-09 10:34:00,salidas_test/transformer_sequence_predictions/05447093A_110_20240509_102646_20240509_103400_transformer_predictions.csv,0,35,35,0,not_walking
05447093A-110,2024-05-09 10:27:27.020000+00:00,2024-05-09T10:27:23.020000+00:00,2024-05-09T10:27:31.020000+00:00,0,not_walking,0.089530624,not_walking,not_walking,False,2024-05-09 10:26:46,2024-05-09 10:34:00,salidas_test/transformer_sequence_predictions/05447093A_110_20240509_102646_20240509_103400_transformer_predictions.csv,0,36,36,0,not_walking
05447093A-110,2024-05-09 10:27:28.020000+00:00,2024-05-09T10:27:24.020000+00:00,2024-05-09T10:27:32.020000+00:00,0,not_walking,0.0918179,not_walking,not_walking,False,2024-05-09 10:26:46,2024-05-09 10:34:00,salidas_test/transformer_sequence_predictions/05447093A_110_20240509_102646_20240509_103400_transformer_predictions.csv,0,37,37,0,not_walking
05447093A-110,2024-05-09 10:27:29.020000+00:00,2024-05-09T10:27:25.020000+00:00,2024-05-09T10:27:33.020000+00:00,0,not_walking,0.1559587,not_walking,not_walking,False,2024-05-09 10:26:46,2024-05-09 10:34:00,salidas_test/transformer_sequence_predictions/05447093A_110_20240509_102646_20240509_103400_transformer_predictions.csv,0,38,38,0,not_walking
05447093A-110,2024-05-09 10:27:30.020000+00:00,2024-05-09T10:27:26.020000+00:00,2024-05-09T10:27:34.020000+00:00,0,not_walking,0.07441664,not_walking,not_walking,False,2024-05-09 10:26:46,2024-05-09 10:34:00,salidas_test/transformer_sequence_predictions/05447093A_110_20240509_102646_20240509_103400_transformer_predictions.csv,0,39,39,0,not_walking
05447093A-110,2024-05-09 10:27:31.020000+00:00,2024-05-09T10:27:27.020000+00:00,2024-05-09T10:27:35.020000+00:00,0,not_walking,0.123618186,not_walking,not_walking,False,2024-05-09 10:26:46,2024-05-09 10:34:00,salidas_test/transformer_sequence_predictions/05447093A_110_20240509_102646_20240509_103400_transformer_predictions.csv,0,40,40,0,not_walking
05447093A-110,2024-05-09 10:27:32.020000+00:00,2024-05-09T10:27:28.020000+00:00,2024-05-09T10:27:36.020000+00:00,0,not_walking,0.31044796,not_walking,not_walking,False,2024-05-09 10:26:46,2024-05-09 10:34:00,salidas_test/transformer_sequence_predictions/05447093A_110_20240509_102646_20240509_103400_transformer_predictions.csv,0,41,41,0,not_walking
05447093A-110,2024-05-09 10:27:33.020000+00:00,2024-05-09T10:27:29.020000+00:00,2024-05-09T10:27:37.020000+00:00,0,not_walking,0.20182459,not_walking,not_walking,False,2024-05-09 10:26:46,2024-05-09 10:34:00,salidas_test/transformer_sequence_predictions/05447093A_110_20240509_102646_20240509_103400_transformer_predictions.csv,0,42,42,0,not_walking
05447093A-110,2024-05-09 10:27:34.020000+00:00,2024-05-09T10:27:30.020000+00:00,2024-05-09T10:27:38.020000+00:00,0,not_walking,0.20753108,not_walking,not_walking,False,2024-05-09 10:26:46,2024-05-09 10:34:00,salidas_test/transformer_sequence_predictions/05447093A_110_20240509_102646_20240509_103400_transformer_predictions.csv,0,43,43,0,not_walking
05447093A-110,2024-05-09 10:27:35.020000+00:00,2024-05-09T10:27:31.020000+00:00,2024-05-09T10:27:39.020000+00:00,0,not_walking,0.13882424,not_walking,not_walking,False,2024-05-09 10:26:46,2024-05-09 10:34:00,salidas_test/transformer_sequence_predictions/05447093A_110_20240509_102646_20240509_103400_transformer_predictions.csv,0,44,44,0,not_walking
05447093A-110,2024-05-09 10:27:36.020000+00:00,2024-05-09T10:27:32.020000+00:00,2024-05-09T10:27:40.020000+00:00,0,not_walking,0.16366398,not_walking,not_walking,False,2024-05-09 10:26:46,2024-05-09 10:34:00,salidas_test/transformer_sequence_predictions/05447093A_110_20240509_102646_20240509_103400_transformer_predictions.csv,0,45,45,0,not_walking
05447093A-110,2024-05-09 10:27:37.020000+00:00,2024-05-09T10:27:33.020000+00:00,2024-05-09T10:27:41.020000+00:00,0,not_walking,0.15401472,not_walking,not_walking,False,2024-05-09 10:26:46,2024-05-09 10:34:00,salidas_test/transformer_sequence_predictions/05447093A_110_20240509_102646_20240509_103400_transformer_predictions.csv,0,46,46,0,not_walking
05447093A-110,2024-05-09 10:27:38.020000+00:00,2024-05-09T10:27:34.020000+00:00,2024-05-09T10:27:42.020000+00:00,0,not_walking,0.15588018,not_walking,not_walking,False,2024-05-09 10:26:46,2024-05-09 10:34:00,salidas_test/transformer_sequence_predictions/05447093A_110_20240509_102646_20240509_103400_transformer_predictions.csv,0,47,47,0,not_walking
05447093A-110,2024-05-09 10:27:39.020000+00:00,2024-05-09T10:27:35.020000+00:00,2024-05-09T10:27:43.020000+00:00,0,not_walking,0.050464198,not_walking,not_walking,False,2024-05-09 10:26:46,2024-05-09 10:34:00,salidas_test/transformer_sequence_predictions/05447093A_110_20240509_102646_20240509_103400_transformer_predictions.csv,0,48,48,0,not_walking
05447093A-110,2024-05-09 10:27:40.020000+00:00,2024-05-09T10:27:36.020000+00:00,2024-05-09T10:27:44.020000+00:00,0,not_walking,0.050102912,not_walking,not_walking,False,2024-05-09 10:26:46,2024-05-09 10:34:00,salidas_test/transformer_sequence_predictions/05447093A_110_20240509_102646_20240509_103400_transformer_predictions.csv,0,49,49,0,not_walking
05447093A-110,2024-05-09 10:27:41.020000+00:00,2024-05-09T10:27:37.020000+00:00,2024-05-09T10:27:45.020000+00:00,0,not_walking,0.024002425,not_walking,not_walking,False,2024-05-09 10:26:46,2024-05-09 10:34:00,salidas_test/transformer_sequence_predictions/05447093A_110_20240509_102646_20240509_103400_transformer_predictions.csv,0,50,50,0,not_walking
05447093A-110,2024-05-09 10:27:42.020000+00:00,2024-05-09T10:27:38.020000+00:00,2024-05-09T10:27:46.020000+00:00,0,not_walking,0.044972934,not_walking,not_walking,False,2024-05-09 10:26:46,2024-05-09 10:34:00,salidas_test/transformer_sequence_predictions/05447093A_110_20240509_102646_20240509_103400_transformer_predictions.csv,0,51,51,0,not_walking
05447093A-110,2024-05-09 10:27:43.020000+00:00,2024-05-09T10:27:39.020000+00:00,2024-05-09T10:27:47.020000+00:00,0,not_walking,0.015529987,not_walking,not_walking,False,2024-05-09 10:26:46,2024-05-09 10:34:00,salidas_test/transformer_sequence_predictions/05447093A_110_20240509_102646_20240509_103400_transformer_predictions.csv,0,52,52,0,not_walking
05447093A-110,2024-05-09 10:27:44.020000+00:00,2024-05-09T10:27:40.020000+00:00,2024-05-09T10:27:48.020000+00:00,0,not_walking,0.31892732,not_walking,not_walking,False,2024-05-09 10:26:46,2024-05-09 10:34:00,salidas_test/transformer_sequence_predictions/05447093A_110_20240509_102646_20240509_103400_transformer_predictions.csv,0,53,53,0,not_walking
05447093A-110,2024-05-09 10:27:45.020000+00:00,2024-05-09T10:27:41.020000+00:00,2024-05-09T10:27:49.020000+00:00,0,not_walking,0.25885686,not_walking,not_walking,False,2024-05-09 10:26:46,2024-05-09 10:34:00,salidas_test/transformer_sequence_predictions/05447093A_110_20240509_102646_20240509_103400_transformer_predictions.csv,0,54,54,0,not_walking
05447093A-110,2024-05-09 10:27:46.020000+00:00,2024-05-09T10:27:42.020000+00:00,2024-05-09T10:27:50.020000+00:00,0,not_walking,0.41142252,not_walking,not_walking,False,2024-05-09 10:26:46,2024-05-09 10:34:00,salidas_test/transformer_sequence_predictions/05447093A_110_20240509_102646_20240509_103400_transformer_predictions.csv,0,55,55,0,not_walking
05447093A-110,2024-05-09 10:27:47.020000+00:00,2024-05-09T10:27:43.020000+00:00,2024-05-09T10:27:51.020000+00:00,0,not_walking,0.11113711,not_walking,not_walking,False,2024-05-09 10:26:46,2024-05-09 10:34:00,salidas_test/transformer_sequence_predictions/05447093A_110_20240509_102646_20240509_103400_transformer_predictions.csv,0,56,56,0,not_walking
05447093A-110,2024-05-09 10:27:48.020000+00:00,2024-05-09T10:27:44.020000+00:00,2024-05-09T10:27:52.020000+00:00,0,not_walking,0.22044036,not_walking,not_walking,False,2024-05-09 10:26:46,2024-05-09 10:34:00,salidas_test/transformer_sequence_predictions/05447093A_110_20240509_102646_20240509_103400_transformer_predictions.csv,0,57,57,0,not_walking
05447093A-110,2024-05-09 10:27:49.020000+00:00,2024-05-09T10:27:45.020000+00:00,2024-05-09T10:27:53.020000+00:00,0,not_walking,0.23060423,not_walking,not_walking,False,2024-05-09 10:26:46,2024-05-09 10:34:00,salidas_test/transformer_sequence_predictions/05447093A_110_20240509_102646_20240509_103400_transformer_predictions.csv,0,58,58,0,not_walking
05447093A-110,2024-05-09 10:27:50.020000+00:00,2024-05-09T10:27:46.020000+00:00,2024-05-09T10:27:54.020000+00:00,1,walking,0.4589202,not_walking,not_walking,False,2024-05-09 10:26:46,2024-05-09 10:34:00,salidas_test/transformer_sequence_predictions/05447093A_110_20240509_102646_20240509_103400_transformer_predictions.csv,0,59,59,0,not_walking
05447093A-110,2024-05-09 10:27:51.020000+00:00,2024-05-09T10:27:47.020000+00:00,2024-05-09T10:27:55.020000+00:00,1,walking,0.5725028,not_walking,not_walking,False,2024-05-09 10:26:46,2024-05-09 10:34:00,salidas_test/transformer_sequence_predictions/05447093A_110_20240509_102646_20240509_103400_transformer_predictions.csv,0,60,60,0,not_walking
05447093A-110,2024-05-09 10:27:52.020000+00:00,2024-05-09T10:27:48.020000+00:00,2024-05-09T10:27:56.020000+00:00,0,not_walking,0.27872843,not_walking,not_walking,False,2024-05-09 10:26:46,2024-05-09 10:34:00,salidas_test/transformer_sequence_predictions/05447093A_110_20240509_102646_20240509_103400_transformer_predictions.csv,0,61,61,0,not_walking
05447093A-110,2024-05-09 10:27:53.020000+00:00,2024-05-09T10:27:49.020000+00:00,2024-05-09T10:27:57.020000+00:00,0,not_walking,0.328108,not_walking,not_walking,False,2024-05-09 10:26:46,2024-05-09 10:34:00,salidas_test/transformer_sequence_predictions/05447093A_110_20240509_102646_20240509_103400_transformer_predictions.csv,0,62,62,0,not_walking
05447093A-110,2024-05-09 10:27:54.020000+00:00,2024-05-09T10:27:50.020000+00:00,2024-05-09T10:27:58.020000+00:00,0,not_walking,0.33682284,not_walking,not_walking,False,2024-05-09 10:26:46,2024-05-09 10:34:00,salidas_test/transformer_sequence_predictions/05447093A_110_20240509_102646_20240509_103400_transformer_predictions.csv,0,63,63,0,not_walking
05447093A-110,2024-05-09 10:27:55.020000+00:00,2024-05-09T10:27:51.020000+00:00,2024-05-09T10:27:59.020000+00:00,0,not_walking,0.40525275,not_walking,not_walking,False,2024-05-09 10:26:46,2024-05-09 10:34:00,salidas_test/transformer_sequence_predictions/05447093A_110_20240509_102646_20240509_103400_transformer_predictions.csv,0,64,64,0,not_walking
05447093A-110,2024-05-09 10:27:56.020000+00:00,2024-05-09T10:27:52.020000+00:00,2024-05-09T10:28:00.020000+00:00,0,not_walking,0.2966626,not_walking,not_walking,False,2024-05-09 10:26:46,2024-05-09 10:34:00,salidas_test/transformer_sequence_predictions/05447093A_110_20240509_102646_20240509_103400_transformer_predictions.csv,0,65,65,0,not_walking
05447093A-110,2024-05-09 10:27:57.020000+00:00,2024-05-09T10:27:53.020000+00:00,2024-05-09T10:28:01.020000+00:00,0,not_walking,0.39972293,not_walking,not_walking,False,2024-05-09 10:26:46,2024-05-09 10:34:00,salidas_test/transformer_sequence_predictions/05447093A_110_20240509_102646_20240509_103400_transformer_predictions.csv,0,66,66,0,not_walking
05447093A-110,2024-05-09 10:27:58.020000+00:00,2024-05-09T10:27:54.020000+00:00,2024-05-09T10:28:02.020000+00:00,0,not_walking,0.31397796,not_walking,not_walking,False,2024-05-09 10:26:46,2024-05-09 10:34:00,salidas_test/transformer_sequence_predictions/05447093A_110_20240509_102646_20240509_103400_transformer_predictions.csv,0,67,67,0,not_walking
05447093A-110,2024-05-09 10:27:59.020000+00:00,2024-05-09T10:27:55.020000+00:00,2024-05-09T10:28:03.020000+00:00,0,not_walking,0.25680763,not_walking,not_walking,False,2024-05-09 10:26:46,2024-05-09 10:34:00,salidas_test/transformer_sequence_predictions/05447093A_110_20240509_102646_20240509_103400_transformer_predictions.csv,0,68,68,0,not_walking
05447093A-110,2024-05-09 10:28:00.020000+00:00,2024-05-09T10:27:56.020000+00:00,2024-05-09T10:28:04.020000+00:00,0,not_walking,0.264859,not_walking,not_walking,False,2024-05-09 10:26:46,2024-05-09 10:34:00,salidas_test/transformer_sequence_predictions/05447093A_110_20240509_102646_20240509_103400_transformer_predictions.csv,0,69,69,0,not_walking
05447093A-110,2024-05-09 10:28:01.020000+00:00,2024-05-09T10:27:57.020000+00:00,2024-05-09T10:28:05.020000+00:00,0,not_walking,0.28933254,not_walking,not_walking,False,2024-05-09 10:26:46,2024-05-09 10:34:00,salidas_test/transformer_sequence_predictions/05447093A_110_20240509_102646_20240509_103400_transformer_predictions.csv,0,70,70,0,not_walking
05447093A-110,2024-05-09 10:28:02.020000+00:00,2024-05-09T10:27:58.020000+00:00,2024-05-09T10:28:06.020000+00:00,0,not_walking,0.1724896,not_walking,not_walking,False,2024-05-09 10:26:46,2024-05-09 10:34:00,salidas_test/transformer_sequence_predictions/05447093A_110_20240509_102646_20240509_103400_transformer_predictions.csv,0,71,71,0,not_walking
05447093A-110,2024-05-09 10:28:03.020000+00:00,2024-05-09T10:27:59.020000+00:00,2024-05-09T10:28:07.020000+00:00,0,not_walking,0.29475477,not_walking,not_walking,False,2024-05-09 10:26:46,2024-05-09 10:34:00,salidas_test/transformer_sequence_predictions/05447093A_110_20240509_102646_20240509_103400_transformer_predictions.csv,0,72,72,0,not_walking
05447093A-110,2024-05-09 10:28:04.020000+00:00,2024-05-09T10:28:00.020000+00:00,2024-05-09T10:28:08.020000+00:00,0,not_walking,0.12285757,not_walking,not_walking,False,2024-05-09 10:26:46,2024-05-09 10:34:00,salidas_test/transformer_sequence_predictions/05447093A_110_20240509_102646_20240509_103400_transformer_predictions.csv,0,73,73,0,not_walking
05447093A-110,2024-05-09 10:28:05.020000+00:00,2024-05-09T10:28:01.020000+00:00,2024-05-09T10:28:09.020000+00:00,0,not_walking,0.20877545,not_walking,not_walking,False,2024-05-09 10:26:46,2024-05-09 10:34:00,salidas_test/transformer_sequence_predictions/05447093A_110_20240509_102646_20240509_103400_transformer_predictions.csv,0,74,74,0,not_walking
05447093A-110,2024-05-09 10:28:06.020000+00:00,2024-05-09T10:28:02.020000+00:00,2024-05-09T10:28:10.020000+00:00,0,not_walking,0.08059576,not_walking,not_walking,False,2024-05-09 10:26:46,2024-05-09 10:34:00,salidas_test/transformer_sequence_predictions/05447093A_110_20240509_102646_20240509_103400_transformer_predictions.csv,0,75,75,0,not_walking
05447093A-110,2024-05-09 10:28:07.020000+00:00,2024-05-09T10:28:03.020000+00:00,2024-05-09T10:28:11.020000+00:00,0,not_walking,0.14172754,not_walking,not_walking,False,2024-05-09 10:26:46,2024-05-09 10:34:00,salidas_test/transformer_sequence_predictions/05447093A_110_20240509_102646_20240509_103400_transformer_predictions.csv,0,76,76,0,not_walking
05447093A-110,2024-05-09 10:28:08.020000+00:00,2024-05-09T10:28:04.020000+00:00,2024-05-09T10:28:12.020000+00:00,0,not_walking,0.05289243,not_walking,not_walking,False,2024-05-09 10:26:46,2024-05-09 10:34:00,salidas_test/transformer_sequence_predictions/05447093A_110_20240509_102646_20240509_103400_transformer_predictions.csv,0,77,77,0,not_walking
05447093A-110,2024-05-09 10:28:09.020000+00:00,2024-05-09T10:28:05.020000+00:00,2024-05-09T10:28:13.020000+00:00,0,not_walking,0.0450634,not_walking,not_walking,False,2024-05-09 10:26:46,2024-05-09 10:34:00,salidas_test/transformer_sequence_predictions/05447093A_110_20240509_102646_20240509_103400_transformer_predictions.csv,0,78,78,0,not_walking
05447093A-110,2024-05-09 10:28:10.020000+00:00,2024-05-09T10:28:06.020000+00:00,2024-05-09T10:28:14.020000+00:00,0,not_walking,0.021374803,not_walking,not_walking,False,2024-05-09 10:26:46,2024-05-09 10:34:00,salidas_test/transformer_sequence_predictions/05447093A_110_20240509_102646_20240509_103400_transformer_predictions.csv,0,79,79,0,not_walking
05447093A-110,2024-05-09 10:28:11.020000+00:00,2024-05-09T10:28:07.020000+00:00,2024-05-09T10:28:15.020000+00:00,0,not_walking,0.056558084,not_walking,not_walking,False,2024-05-09 10:26:46,2024-05-09 10:34:00,salidas_test/transformer_sequence_predictions/05447093A_110_20240509_102646_20240509_103400_transformer_predictions.csv,0,80,80,0,not_walking
05447093A-110,2024-05-09 10:28:12.020000+00:00,2024-05-09T10:28:08.020000+00:00,2024-05-09T10:28:16.020000+00:00,0,not_walking,0.16636603,not_walking,not_walking,False,2024-05-09 10:26:46,2024-05-09 10:34:00,salidas_test/transformer_sequence_predictions/05447093A_110_20240509_102646_20240509_103400_transformer_predictions.csv,0,81,81,0,not_walking
05447093A-110,2024-05-09 10:28:13.020000+00:00,2024-05-09T10:28:09.020000+00:00,2024-05-09T10:28:17.020000+00:00,1,walking,0.61147046,not_walking,not_walking,False,2024-05-09 10:26:46,2024-05-09 10:34:00,salidas_test/transformer_sequence_predictions/05447093A_110_20240509_102646_20240509_103400_transformer_predictions.csv,0,82,82,0,not_walking
05447093A-110,2024-05-09 10:28:14.020000+00:00,2024-05-09T10:28:10.020000+00:00,2024-05-09T10:28:18.020000+00:00,0,not_walking,0.40861437,not_walking,not_walking,False,2024-05-09 10:26:46,2024-05-09 10:34:00,salidas_test/transformer_sequence_predictions/05447093A_110_20240509_102646_20240509_103400_transformer_predictions.csv,0,83,83,0,not_walking
05447093A-110,2024-05-09 10:28:15.020000+00:00,2024-05-09T10:28:11.020000+00:00,2024-05-09T10:28:19.020000+00:00,0,not_walking,0.23519878,not_walking,not_walking,False,2024-05-09 10:26:46,2024-05-09 10:34:00,salidas_test/transformer_sequence_predictions/05447093A_110_20240509_102646_20240509_103400_transformer_predictions.csv,0,84,84,0,not_walking
05447093A-110,2024-05-09 10:28:16.020000+00:00,2024-05-09T10:28:12.020000+00:00,2024-05-09T10:28:20.020000+00:00,0,not_walking,0.10675624,not_walking,not_walking,False,2024-05-09 10:26:46,2024-05-09 10:34:00,salidas_test/transformer_sequence_predictions/05447093A_110_20240509_102646_20240509_103400_transformer_predictions.csv,0,85,85,0,not_walking
05447093A-110,2024-05-09 10:28:17.020000+00:00,2024-05-09T10:28:13.020000+00:00,2024-05-09T10:28:21.020000+00:00,0,not_walking,0.18807375,not_walking,not_walking,False,2024-05-09 10:26:46,2024-05-09 10:34:00,salidas_test/transformer_sequence_predictions/05447093A_110_20240509_102646_20240509_103400_transformer_predictions.csv,0,86,86,0,not_walking
05447093A-110,2024-05-09 10:28:18.020000+00:00,2024-05-09T10:28:14.020000+00:00,2024-05-09T10:28:22.020000+00:00,0,not_walking,0.30297843,not_walking,not_walking,False,2024-05-09 10:26:46,2024-05-09 10:34:00,salidas_test/transformer_sequence_predictions/05447093A_110_20240509_102646_20240509_103400_transformer_predictions.csv,0,87,87,0,not_walking
05447093A-110,2024-05-09 10:28:19.020000+00:00,2024-05-09T10:28:15.020000+00:00,2024-05-09T10:28:23.020000+00:00,0,not_walking,0.10425592,not_walking,not_walking,False,2024-05-09 10:26:46,2024-05-09 10:34:00,salidas_test/transformer_sequence_predictions/05447093A_110_20240509_102646_20240509_103400_transformer_predictions.csv,0,88,88,0,not_walking
05447093A-110,2024-05-09 10:28:20.020000+00:00,2024-05-09T10:28:16.020000+00:00,2024-05-09T10:28:24.020000+00:00,0,not_walking,0.19092117,not_walking,not_walking,False,2024-05-09 10:26:46,2024-05-09 10:34:00,salidas_test/transformer_sequence_predictions/05447093A_110_20240509_102646_20240509_103400_transformer_predictions.csv,0,89,89,0,not_walking
05447093A-110,2024-05-09 10:28:21.020000+00:00,2024-05-09T10:28:17.020000+00:00,2024-05-09T10:28:25.020000+00:00,0,not_walking,0.093201235,not_walking,not_walking,False,2024-05-09 10:26:46,2024-05-09 10:34:00,salidas_test/transformer_sequence_predictions/05447093A_110_20240509_102646_20240509_103400_transformer_predictions.csv,0,90,90,0,not_walking
05447093A-110,2024-05-09 10:28:22.020000+00:00,2024-05-09T10:28:18.020000+00:00,2024-05-09T10:28:26.020000+00:00,0,not_walking,0.061626054,not_walking,not_walking,False,2024-05-09 10:26:46,2024-05-09 10:34:00,salidas_test/transformer_sequence_predictions/05447093A_110_20240509_102646_20240509_103400_transformer_predictions.csv,0,91,91,0,not_walking
05447093A-110,2024-05-09 10:28:23.020000+00:00,2024-05-09T10:28:19.020000+00:00,2024-05-09T10:28:27.020000+00:00,0,not_walking,0.07658718,not_walking,not_walking,False,2024-05-09 10:26:46,2024-05-09 10:34:00,salidas_test/transformer_sequence_predictions/05447093A_110_20240509_102646_20240509_103400_transformer_predictions.csv,0,92,92,0,not_walking
05447093A-110,2024-05-09 10:28:24.020000+00:00,2024-05-09T10:28:20.020000+00:00,2024-05-09T10:28:28.020000+00:00,0,not_walking,0.080895185,not_walking,not_walking,False,2024-05-09 10:26:46,2024-05-09 10:34:00,salidas_test/transformer_sequence_predictions/05447093A_110_20240509_102646_20240509_103400_transformer_predictions.csv,0,93,93,0,not_walking
05447093A-110,2024-05-09 10:28:25.020000+00:00,2024-05-09T10:28:21.020000+00:00,2024-05-09T10:28:29.020000+00:00,0,not_walking,0.14698036,not_walking,not_walking,False,2024-05-09 10:26:46,2024-05-09 10:34:00,salidas_test/transformer_sequence_predictions/05447093A_110_20240509_102646_20240509_103400_transformer_predictions.csv,0,94,94,0,not_walking
05447093A-110,2024-05-09 10:28:26.020000+00:00,2024-05-09T10:28:22.020000+00:00,2024-05-09T10:28:30.020000+00:00,0,not_walking,0.3399499,not_walking,not_walking,False,2024-05-09 10:26:46,2024-05-09 10:34:00,salidas_test/transformer_sequence_predictions/05447093A_110_20240509_102646_20240509_103400_transformer_predictions.csv,0,95,95,0,not_walking
05447093A-110,2024-05-09 10:28:27.020000+00:00,2024-05-09T10:28:23.020000+00:00,2024-05-09T10:28:31.020000+00:00,0,not_walking,0.28279817,not_walking,not_walking,False,2024-05-09 10:26:46,2024-05-09 10:34:00,salidas_test/transformer_sequence_predictions/05447093A_110_20240509_102646_20240509_103400_transformer_predictions.csv,0,96,96,0,not_walking
05447093A-110,2024-05-09 10:28:28.020000+00:00,2024-05-09T10:28:24.020000+00:00,2024-05-09T10:28:32.020000+00:00,0,not_walking,0.36951396,not_walking,not_walking,False,2024-05-09 10:26:46,2024-05-09 10:34:00,salidas_test/transformer_sequence_predictions/05447093A_110_20240509_102646_20240509_103400_transformer_predictions.csv,0,97,97,0,not_walking
05447093A-110,2024-05-09 10:28:29.020000+00:00,2024-05-09T10:28:25.020000+00:00,2024-05-09T10:28:33.020000+00:00,1,walking,0.4431469,not_walking,not_walking,False,2024-05-09 10:26:46,2024-05-09 10:34:00,salidas_test/transformer_sequence_predictions/05447093A_110_20240509_102646_20240509_103400_transformer_predictions.csv,0,98,98,0,not_walking
05447093A-110,2024-05-09 10:28:30.020000+00:00,2024-05-09T10:28:26.020000+00:00,2024-05-09T10:28:34.020000+00:00,1,walking,0.5665667,not_walking,not_walking,False,2024-05-09 10:26:46,2024-05-09 10:34:00,salidas_test/transformer_sequence_predictions/05447093A_110_20240509_102646_20240509_103400_transformer_predictions.csv,0,99,99,0,not_walking
05447093A-110,2024-05-09 10:28:31.020000+00:00,2024-05-09T10:28:27.020000+00:00,2024-05-09T10:28:35.020000+00:00,0,not_walking,0.30416197,not_walking,not_walking,False,2024-05-09 10:26:46,2024-05-09 10:34:00,salidas_test/transformer_sequence_predictions/05447093A_110_20240509_102646_20240509_103400_transformer_predictions.csv,0,100,100,0,not_walking
05447093A-110,2024-05-09 10:28:32.020000+00:00,2024-05-09T10:28:28.020000+00:00,2024-05-09T10:28:36.020000+00:00,1,walking,0.43481207,not_walking,not_walking,False,2024-05-09 10:26:46,2024-05-09 10:34:00,salidas_test/transformer_sequence_predictions/05447093A_110_20240509_102646_20240509_103400_transformer_predictions.csv,0,101,101,0,not_walking
05447093A-110,2024-05-09 10:28:33.020000+00:00,2024-05-09T10:28:29.020000+00:00,2024-05-09T10:28:37.020000+00:00,0,not_walking,0.41576707,not_walking,not_walking,False,2024-05-09 10:26:46,2024-05-09 10:34:00,salidas_test/transformer_sequence_predictions/05447093A_110_20240509_102646_20240509_103400_transformer_predictions.csv,0,102,102,0,not_walking
05447093A-110,2024-05-09 10:28:34.020000+00:00,2024-05-09T10:28:30.020000+00:00,2024-05-09T10:28:38.020000+00:00,1,walking,0.4992088,not_walking,not_walking,False,2024-05-09 10:26:46,2024-05-09 10:34:00,salidas_test/transformer_sequence_predictions/05447093A_110_20240509_102646_20240509_103400_transformer_predictions.csv,0,103,103,0,not_walking
05447093A-110,2024-05-09 10:28:35.020000+00:00,2024-05-09T10:28:31.020000+00:00,2024-05-09T10:28:39.020000+00:00,1,walking,0.44368458,not_walking,not_walking,False,2024-05-09 10:26:46,2024-05-09 10:34:00,salidas_test/transformer_sequence_predictions/05447093A_110_20240509_102646_20240509_103400_transformer_predictions.csv,0,104,104,0,not_walking
05447093A-110,2024-05-09 10:28:36.020000+00:00,2024-05-09T10:28:32.020000+00:00,2024-05-09T10:28:40.020000+00:00,1,walking,0.513621,not_walking,not_walking,False,2024-05-09 10:26:46,2024-05-09 10:34:00,salidas_test/transformer_sequence_predictions/05447093A_110_20240509_102646_20240509_103400_transformer_predictions.csv,0,105,105,0,not_walking
05447093A-110,2024-05-09 10:28:37.020000+00:00,2024-05-09T10:28:33.020000+00:00,2024-05-09T10:28:41.020000+00:00,1,walking,0.53246737,not_walking,not_walking,False,2024-05-09 10:26:46,2024-05-09 10:34:00,salidas_test/transformer_sequence_predictions/05447093A_110_20240509_102646_20240509_103400_transformer_predictions.csv,0,106,106,0,not_walking
05447093A-110,2024-05-09 10:28:38.020000+00:00,2024-05-09T10:28:34.020000+00:00,2024-05-09T10:28:42.020000+00:00,1,walking,0.49929288,not_walking,not_walking,False,2024-05-09 10:26:46,2024-05-09 10:34:00,salidas_test/transformer_sequence_predictions/05447093A_110_20240509_102646_20240509_103400_transformer_predictions.csv,0,107,107,0,not_walking
05447093A-110,2024-05-09 10:28:39.020000+00:00,2024-05-09T10:28:35.020000+00:00,2024-05-09T10:28:43.020000+00:00,0,not_walking,0.23077403,not_walking,not_walking,False,2024-05-09 10:26:46,2024-05-09 10:34:00,salidas_test/transformer_sequence_predictions/05447093A_110_20240509_102646_20240509_103400_transformer_predictions.csv,0,108,108,0,not_walking
05447093A-110,2024-05-09 10:28:40.020000+00:00,2024-05-09T10:28:36.020000+00:00,2024-05-09T10:28:44.020000+00:00,0,not_walking,0.27494088,not_walking,not_walking,False,2024-05-09 10:26:46,2024-05-09 10:34:00,salidas_test/transformer_sequence_predictions/05447093A_110_20240509_102646_20240509_103400_transformer_predictions.csv,0,109,109,0,not_walking
05447093A-110,2024-05-09 10:28:41.020000+00:00,2024-05-09T10:28:37.020000+00:00,2024-05-09T10:28:45.020000+00:00,0,not_walking,0.19594479,not_walking,not_walking,False,2024-05-09 10:26:46,2024-05-09 10:34:00,salidas_test/transformer_sequence_predictions/05447093A_110_20240509_102646_20240509_103400_transformer_predictions.csv,0,110,110,0,not_walking
05447093A-110,2024-05-09 10:28:42.020000+00:00,2024-05-09T10:28:38.020000+00:00,2024-05-09T10:28:46.020000+00:00,0,not_walking,0.1333022,not_walking,not_walking,False,2024-05-09 10:26:46,2024-05-09 10:34:00,salidas_test/transformer_sequence_predictions/05447093A_110_20240509_102646_20240509_103400_transformer_predictions.csv,0,111,111,0,not_walking
05447093A-110,2024-05-09 10:28:43.020000+00:00,2024-05-09T10:28:39.020000+00:00,2024-05-09T10:28:47.020000+00:00,0,not_walking,0.15935844,not_walking,not_walking,False,2024-05-09 10:26:46,2024-05-09 10:34:00,salidas_test/transformer_sequence_predictions/05447093A_110_20240509_102646_20240509_103400_transformer_predictions.csv,0,112,112,0,not_walking
05447093A-110,2024-05-09 10:28:44.020000+00:00,2024-05-09T10:28:40.020000+00:00,2024-05-09T10:28:48.020000+00:00,0,not_walking,0.14359921,not_walking,not_walking,False,2024-05-09 10:26:46,2024-05-09 10:34:00,salidas_test/transformer_sequence_predictions/05447093A_110_20240509_102646_20240509_103400_transformer_predictions.csv,0,113,113,0,not_walking
05447093A-110,2024-05-09 10:28:45.020000+00:00,2024-05-09T10:28:41.020000+00:00,2024-05-09T10:28:49.020000+00:00,0,not_walking,0.067741096,not_walking,not_walking,False,2024-05-09 10:26:46,2024-05-09 10:34:00,salidas_test/transformer_sequence_predictions/05447093A_110_20240509_102646_20240509_103400_transformer_predictions.csv,0,114,114,0,not_walking
05447093A-110,2024-05-09 10:28:46.020000+00:00,2024-05-09T10:28:42.020000+00:00,2024-05-09T10:28:50.020000+00:00,0,not_walking,0.022934578,not_walking,not_walking,False,2024-05-09 10:26:46,2024-05-09 10:34:00,salidas_test/transformer_sequence_predictions/05447093A_110_20240509_102646_20240509_103400_transformer_predictions.csv,0,115,115,0,not_walking
05447093A-110,2024-05-09 10:28:47.020000+00:00,2024-05-09T10:28:43.020000+00:00,2024-05-09T10:28:51.020000+00:00,0,not_walking,0.022018481,not_walking,not_walking,False,2024-05-09 10:26:46,2024-05-09 10:34:00,salidas_test/transformer_sequence_predictions/05447093A_110_20240509_102646_20240509_103400_transformer_predictions.csv,0,116,116,0,not_walking
05447093A-110,2024-05-09 10:28:48.020000+00:00,2024-05-09T10:28:44.020000+00:00,2024-05-09T10:28:52.020000+00:00,0,not_walking,0.019790394,not_walking,not_walking,False,2024-05-09 10:26:46,2024-05-09 10:34:00,salidas_test/transformer_sequence_predictions/05447093A_110_20240509_102646_20240509_103400_transformer_predictions.csv,0,117,117,0,not_walking
05447093A-110,2024-05-09 10:28:49.020000+00:00,2024-05-09T10:28:45.020000+00:00,2024-05-09T10:28:53.020000+00:00,0,not_walking,0.008976983,not_walking,not_walking,False,2024-05-09 10:26:46,2024-05-09 10:34:00,salidas_test/transformer_sequence_predictions/05447093A_110_20240509_102646_20240509_103400_transformer_predictions.csv,0,118,118,0,not_walking
05447093A-110,2024-05-09 10:28:50.020000+00:00,2024-05-09T10:28:46.020000+00:00,2024-05-09T10:28:54.020000+00:00,0,not_walking,0.014851686,not_walking,not_walking,False,2024-05-09 10:26:46,2024-05-09 10:34:00,salidas_test/transformer_sequence_predictions/05447093A_110_20240509_102646_20240509_103400_transformer_predictions.csv,0,119,119,0,not_walking
05447093A-110,2024-05-09 10:28:51.020000+00:00,2024-05-09T10:28:47.020000+00:00,2024-05-09T10:28:55.020000+00:00,0,not_walking,0.037393805,not_walking,not_walking,False,2024-05-09 10:26:46,2024-05-09 10:34:00,salidas_test/transformer_sequence_predictions/05447093A_110_20240509_102646_20240509_103400_transformer_predictions.csv,0,120,120,0,not_walking
05447093A-110,2024-05-09 10:28:52.020000+00:00,2024-05-09T10:28:48.020000+00:00,2024-05-09T10:28:56.020000+00:00,0,not_walking,0.01889954,not_walking,not_walking,False,2024-05-09 10:26:46,2024-05-09 10:34:00,salidas_test/transformer_sequence_predictions/05447093A_110_20240509_102646_20240509_103400_transformer_predictions.csv,0,121,121,0,not_walking
05447093A-110,2024-05-09 10:28:53.020000+00:00,2024-05-09T10:28:49.020000+00:00,2024-05-09T10:28:57.020000+00:00,0,not_walking,0.018319298,not_walking,not_walking,False,2024-05-09 10:26:46,2024-05-09 10:34:00,salidas_test/transformer_sequence_predictions/05447093A_110_20240509_102646_20240509_103400_transformer_predictions.csv,0,122,122,0,not_walking
05447093A-110,2024-05-09 10:28:54.020000+00:00,2024-05-09T10:28:50.020000+00:00,2024-05-09T10:28:58.020000+00:00,0,not_walking,0.029365735,not_walking,not_walking,False,2024-05-09 10:26:46,2024-05-09 10:34:00,salidas_test/transformer_sequence_predictions/05447093A_110_20240509_102646_20240509_103400_transformer_predictions.csv,0,123,123,0,not_walking
05447093A-110,2024-05-09 10:28:55.020000+00:00,2024-05-09T10:28:51.020000+00:00,2024-05-09T10:28:59.020000+00:00,0,not_walking,0.014232458,not_walking,not_walking,False,2024-05-09 10:26:46,2024-05-09 10:34:00,salidas_test/transformer_sequence_predictions/05447093A_110_20240509_102646_20240509_103400_transformer_predictions.csv,0,124,124,0,not_walking
05447093A-110,2024-05-09 10:28:56.020000+00:00,2024-05-09T10:28:52.020000+00:00,2024-05-09T10:29:00.020000+00:00,0,not_walking,0.07787231,not_walking,not_walking,False,2024-05-09 10:26:46,2024-05-09 10:34:00,salidas_test/transformer_sequence_predictions/05447093A_110_20240509_102646_20240509_103400_transformer_predictions.csv,0,125,125,0,not_walking
05447093A-110,2024-05-09 10:28:57.020000+00:00,2024-05-09T10:28:53.020000+00:00,2024-05-09T10:29:01.020000+00:00,0,not_walking,0.14937711,not_walking,not_walking,False,2024-05-09 10:26:46,2024-05-09 10:34:00,salidas_test/transformer_sequence_predictions/05447093A_110_20240509_102646_20240509_103400_transformer_predictions.csv,0,126,126,0,not_walking
05447093A-110,2024-05-09 10:28:58.020000+00:00,2024-05-09T10:28:54.020000+00:00,2024-05-09T10:29:02.020000+00:00,0,not_walking,0.07951584,not_walking,not_walking,False,2024-05-09 10:26:46,2024-05-09 10:34:00,salidas_test/transformer_sequence_predictions/05447093A_110_20240509_102646_20240509_103400_transformer_predictions.csv,0,127,127,0,not_walking
05447093A-110,2024-05-09 10:28:59.020000+00:00,2024-05-09T10:28:55.020000+00:00,2024-05-09T10:29:03.020000+00:00,0,not_walking,0.10600306,not_walking,not_walking,False,2024-05-09 10:26:46,2024-05-09 10:34:00,salidas_test/transformer_sequence_predictions/05447093A_110_20240509_102646_20240509_103400_transformer_predictions.csv,0,128,128,0,not_walking
05447093A-110,2024-05-09 10:29:00.020000+00:00,2024-05-09T10:28:56.020000+00:00,2024-05-09T10:29:04.020000+00:00,0,not_walking,0.046347443,not_walking,not_walking,False,2024-05-09 10:26:46,2024-05-09 10:34:00,salidas_test/transformer_sequence_predictions/05447093A_110_20240509_102646_20240509_103400_transformer_predictions.csv,0,129,129,0,not_walking
05447093A-110,2024-05-09 10:29:01.020000+00:00,2024-05-09T10:28:57.020000+00:00,2024-05-09T10:29:05.020000+00:00,0,not_walking,0.07442957,not_walking,not_walking,False,2024-05-09 10:26:46,2024-05-09 10:34:00,salidas_test/transformer_sequence_predictions/05447093A_110_20240509_102646_20240509_103400_transformer_predictions.csv,0,130,130,0,not_walking
05447093A-110,2024-05-09 10:29:02.020000+00:00,2024-05-09T10:28:58.020000+00:00,2024-05-09T10:29:06.020000+00:00,0,not_walking,0.024298765,not_walking,not_walking,False,2024-05-09 10:26:46,2024-05-09 10:34:00,salidas_test/transformer_sequence_predictions/05447093A_110_20240509_102646_20240509_103400_transformer_predictions.csv,0,131,131,0,not_walking
05447093A-110,2024-05-09 10:29:03.020000+00:00,2024-05-09T10:28:59.020000+00:00,2024-05-09T10:29:07.020000+00:00,0,not_walking,0.021919463,not_walking,not_walking,False,2024-05-09 10:26:46,2024-05-09 10:34:00,salidas_test/transformer_sequence_predictions/05447093A_110_20240509_102646_20240509_103400_transformer_predictions.csv,0,132,132,0,not_walking
05447093A-110,2024-05-09 10:29:04.020000+00:00,2024-05-09T10:29:00.020000+00:00,2024-05-09T10:29:08.020000+00:00,0,not_walking,0.026499767,not_walking,not_walking,False,2024-05-09 10:26:46,2024-05-09 10:34:00,salidas_test/transformer_sequence_predictions/05447093A_110_20240509_102646_20240509_103400_transformer_predictions.csv,0,133,133,0,not_walking
05447093A-110,2024-05-09 10:29:05.020000+00:00,2024-05-09T10:29:01.020000+00:00,2024-05-09T10:29:09.020000+00:00,0,not_walking,0.013031924,not_walking,not_walking,False,2024-05-09 10:26:46,2024-05-09 10:34:00,salidas_test/transformer_sequence_predictions/05447093A_110_20240509_102646_20240509_103400_transformer_predictions.csv,0,134,134,0,not_walking
05447093A-110,2024-05-09 10:29:06.020000+00:00,2024-05-09T10:29:02.020000+00:00,2024-05-09T10:29:10.020000+00:00,0,not_walking,0.030006068,not_walking,not_walking,False,2024-05-09 10:26:46,2024-05-09 10:34:00,salidas_test/transformer_sequence_predictions/05447093A_110_20240509_102646_20240509_103400_transformer_predictions.csv,0,135,135,0,not_walking
05447093A-110,2024-05-09 10:29:07.020000+00:00,2024-05-09T10:29:03.020000+00:00,2024-05-09T10:29:11.020000+00:00,0,not_walking,0.07374089,not_walking,not_walking,False,2024-05-09 10:26:46,2024-05-09 10:34:00,salidas_test/transformer_sequence_predictions/05447093A_110_20240509_102646_20240509_103400_transformer_predictions.csv,0,136,136,0,not_walking
05447093A-110,2024-05-09 10:29:08.020000+00:00,2024-05-09T10:29:04.020000+00:00,2024-05-09T10:29:12.020000+00:00,0,not_walking,0.033207927,not_walking,not_walking,False,2024-05-09 10:26:46,2024-05-09 10:34:00,salidas_test/transformer_sequence_predictions/05447093A_110_20240509_102646_20240509_103400_transformer_predictions.csv,0,137,137,0,not_walking
05447093A-110,2024-05-09 10:29:09.020000+00:00,2024-05-09T10:29:05.020000+00:00,2024-05-09T10:29:13.020000+00:00,0,not_walking,0.062329795,not_walking,not_walking,False,2024-05-09 10:26:46,2024-05-09 10:34:00,salidas_test/transformer_sequence_predictions/05447093A_110_20240509_102646_20240509_103400_transformer_predictions.csv,0,138,138,0,not_walking
05447093A-110,2024-05-09 10:29:10.020000+00:00,2024-05-09T10:29:06.020000+00:00,2024-05-09T10:29:14.020000+00:00,0,not_walking,0.057511732,not_walking,not_walking,False,2024-05-09 10:26:46,2024-05-09 10:34:00,salidas_test/transformer_sequence_predictions/05447093A_110_20240509_102646_20240509_103400_transformer_predictions.csv,0,139,139,0,not_walking
05447093A-110,2024-05-09 10:29:11.020000+00:00,2024-05-09T10:29:07.020000+00:00,2024-05-09T10:29:15.020000+00:00,0,not_walking,0.27949968,not_walking,not_walking,False,2024-05-09 10:26:46,2024-05-09 10:34:00,salidas_test/transformer_sequence_predictions/05447093A_110_20240509_102646_20240509_103400_transformer_predictions.csv,0,140,140,0,not_walking
05447093A-110,2024-05-09 10:29:12.020000+00:00,2024-05-09T10:29:08.020000+00:00,2024-05-09T10:29:16.020000+00:00,1,walking,0.460128,not_walking,not_walking,False,2024-05-09 10:26:46,2024-05-09 10:34:00,salidas_test/transformer_sequence_predictions/05447093A_110_20240509_102646_20240509_103400_transformer_predictions.csv,0,141,141,1,walking
05447093A-110,2024-05-09 10:29:13.020000+00:00,2024-05-09T10:29:09.020000+00:00,2024-05-09T10:29:17.020000+00:00,1,walking,0.53523475,not_walking,not_walking,False,2024-05-09 10:26:46,2024-05-09 10:34:00,salidas_test/transformer_sequence_predictions/05447093A_110_20240509_102646_20240509_103400_transformer_predictions.csv,0,142,142,1,walking
05447093A-110,2024-05-09 10:29:14.020000+00:00,2024-05-09T10:29:10.020000+00:00,2024-05-09T10:29:18.020000+00:00,1,walking,0.63275236,not_walking,not_walking,False,2024-05-09 10:26:46,2024-05-09 10:34:00,salidas_test/transformer_sequence_predictions/05447093A_110_20240509_102646_20240509_103400_transformer_predictions.csv,0,143,143,1,walking
05447093A-110,2024-05-09 10:29:15.020000+00:00,2024-05-09T10:29:11.020000+00:00,2024-05-09T10:29:19.020000+00:00,1,walking,0.83629364,not_walking,not_walking,False,2024-05-09 10:26:46,2024-05-09 10:34:00,salidas_test/transformer_sequence_predictions/05447093A_110_20240509_102646_20240509_103400_transformer_predictions.csv,0,144,144,1,walking
05447093A-110,2024-05-09 10:29:16.020000+00:00,2024-05-09T10:29:12.020000+00:00,2024-05-09T10:29:20.020000+00:00,1,walking,0.7012291,not_walking,not_walking,False,2024-05-09 10:26:46,2024-05-09 10:34:00,salidas_test/transformer_sequence_predictions/05447093A_110_20240509_102646_20240509_103400_transformer_predictions.csv,0,145,145,1,walking
05447093A-110,2024-05-09 10:29:17.020000+00:00,2024-05-09T10:29:13.020000+00:00,2024-05-09T10:29:21.020000+00:00,1,walking,0.595307,not_walking,not_walking,False,2024-05-09 10:26:46,2024-05-09 10:34:00,salidas_test/transformer_sequence_predictions/05447093A_110_20240509_102646_20240509_103400_transformer_predictions.csv,0,146,146,1,walking
05447093A-110,2024-05-09 10:29:18.020000+00:00,2024-05-09T10:29:14.020000+00:00,2024-05-09T10:29:22.020000+00:00,1,walking,0.6582781,not_walking,not_walking,False,2024-05-09 10:26:46,2024-05-09 10:34:00,salidas_test/transformer_sequence_predictions/05447093A_110_20240509_102646_20240509_103400_transformer_predictions.csv,0,147,147,1,walking
05447093A-110,2024-05-09 10:29:19.020000+00:00,2024-05-09T10:29:15.020000+00:00,2024-05-09T10:29:23.020000+00:00,1,walking,0.5347239,not_walking,not_walking,False,2024-05-09 10:26:46,2024-05-09 10:34:00,salidas_test/transformer_sequence_predictions/05447093A_110_20240509_102646_20240509_103400_transformer_predictions.csv,0,148,148,1,walking
05447093A-110,2024-05-09 10:29:20.020000+00:00,2024-05-09T10:29:16.020000+00:00,2024-05-09T10:29:24.020000+00:00,1,walking,0.4682284,not_walking,not_walking,False,2024-05-09 10:26:46,2024-05-09 10:34:00,salidas_test/transformer_sequence_predictions/05447093A_110_20240509_102646_20240509_103400_transformer_predictions.csv,0,149,149,1,walking
05447093A-110,2024-05-09 10:29:21.020000+00:00,2024-05-09T10:29:17.020000+00:00,2024-05-09T10:29:25.020000+00:00,1,walking,0.60177654,not_walking,not_walking,False,2024-05-09 10:26:46,2024-05-09 10:34:00,salidas_test/transformer_sequence_predictions/05447093A_110_20240509_102646_20240509_103400_transformer_predictions.csv,0,150,150,1,walking
05447093A-110,2024-05-09 10:29:22.020000+00:00,2024-05-09T10:29:18.020000+00:00,2024-05-09T10:29:26.020000+00:00,1,walking,0.6894467,not_walking,not_walking,False,2024-05-09 10:26:46,2024-05-09 10:34:00,salidas_test/transformer_sequence_predictions/05447093A_110_20240509_102646_20240509_103400_transformer_predictions.csv,0,151,151,1,walking
05447093A-110,2024-05-09 10:29:23.020000+00:00,2024-05-09T10:29:19.020000+00:00,2024-05-09T10:29:27.020000+00:00,1,walking,0.56087255,not_walking,not_walking,False,2024-05-09 10:26:46,2024-05-09 10:34:00,salidas_test/transformer_sequence_predictions/05447093A_110_20240509_102646_20240509_103400_transformer_predictions.csv,0,152,152,1,walking
05447093A-110,2024-05-09 10:29:24.020000+00:00,2024-05-09T10:29:20.020000+00:00,2024-05-09T10:29:28.020000+00:00,0,not_walking,0.27696726,not_walking,not_walking,False,2024-05-09 10:26:46,2024-05-09 10:34:00,salidas_test/transformer_sequence_predictions/05447093A_110_20240509_102646_20240509_103400_transformer_predictions.csv,0,153,153,0,not_walking
05447093A-110,2024-05-09 10:29:25.020000+00:00,2024-05-09T10:29:21.020000+00:00,2024-05-09T10:29:29.020000+00:00,1,walking,0.60365975,not_walking,not_walking,False,2024-05-09 10:26:46,2024-05-09 10:34:00,salidas_test/transformer_sequence_predictions/05447093A_110_20240509_102646_20240509_103400_transformer_predictions.csv,0,154,154,1,walking
05447093A-110,2024-05-09 10:29:26.020000+00:00,2024-05-09T10:29:22.020000+00:00,2024-05-09T10:29:30.020000+00:00,1,walking,0.63110095,not_walking,not_walking,False,2024-05-09 10:26:46,2024-05-09 10:34:00,salidas_test/transformer_sequence_predictions/05447093A_110_20240509_102646_20240509_103400_transformer_predictions.csv,0,155,155,1,walking
05447093A-110,2024-05-09 10:29:27.020000+00:00,2024-05-09T10:29:23.020000+00:00,2024-05-09T10:29:31.020000+00:00,1,walking,0.6516212,not_walking,not_walking,False,2024-05-09 10:26:46,2024-05-09 10:34:00,salidas_test/transformer_sequence_predictions/05447093A_110_20240509_102646_20240509_103400_transformer_predictions.csv,0,156,156,1,walking
05447093A-110,2024-05-09 10:29:28.020000+00:00,2024-05-09T10:29:24.020000+00:00,2024-05-09T10:29:32.020000+00:00,1,walking,0.7801084,not_walking,not_walking,False,2024-05-09 10:26:46,2024-05-09 10:34:00,salidas_test/transformer_sequence_predictions/05447093A_110_20240509_102646_20240509_103400_transformer_predictions.csv,0,157,157,1,walking
05447093A-110,2024-05-09 10:29:29.020000+00:00,2024-05-09T10:29:25.020000+00:00,2024-05-09T10:29:33.020000+00:00,1,walking,0.75561434,not_walking,not_walking,False,2024-05-09 10:26:46,2024-05-09 10:34:00,salidas_test/transformer_sequence_predictions/05447093A_110_20240509_102646_20240509_103400_transformer_predictions.csv,0,158,158,1,walking
05447093A-110,2024-05-09 10:29:30.020000+00:00,2024-05-09T10:29:26.020000+00:00,2024-05-09T10:29:34.020000+00:00,1,walking,0.76620543,not_walking,not_walking,False,2024-05-09 10:26:46,2024-05-09 10:34:00,salidas_test/transformer_sequence_predictions/05447093A_110_20240509_102646_20240509_103400_transformer_predictions.csv,0,159,159,1,walking
05447093A-110,2024-05-09 10:29:31.020000+00:00,2024-05-09T10:29:27.020000+00:00,2024-05-09T10:29:35.020000+00:00,1,walking,0.8345505,not_walking,not_walking,False,2024-05-09 10:26:46,2024-05-09 10:34:00,salidas_test/transformer_sequence_predictions/05447093A_110_20240509_102646_20240509_103400_transformer_predictions.csv,0,160,160,1,walking
05447093A-110,2024-05-09 10:29:32.020000+00:00,2024-05-09T10:29:28.020000+00:00,2024-05-09T10:29:36.020000+00:00,1,walking,0.7971448,not_walking,not_walking,False,2024-05-09 10:26:46,2024-05-09 10:34:00,salidas_test/transformer_sequence_predictions/05447093A_110_20240509_102646_20240509_103400_transformer_predictions.csv,0,161,161,1,walking
05447093A-110,2024-05-09 10:29:33.020000+00:00,2024-05-09T10:29:29.020000+00:00,2024-05-09T10:29:37.020000+00:00,1,walking,0.85248095,not_walking,not_walking,False,2024-05-09 10:26:46,2024-05-09 10:34:00,salidas_test/transformer_sequence_predictions/05447093A_110_20240509_102646_20240509_103400_transformer_predictions.csv,0,162,162,1,walking
05447093A-110,2024-05-09 10:29:34.020000+00:00,2024-05-09T10:29:30.020000+00:00,2024-05-09T10:29:38.020000+00:00,1,walking,0.72941214,not_walking,not_walking,False,2024-05-09 10:26:46,2024-05-09 10:34:00,salidas_test/transformer_sequence_predictions/05447093A_110_20240509_102646_20240509_103400_transformer_predictions.csv,0,163,163,1,walking
05447093A-110,2024-05-09 10:29:35.020000+00:00,2024-05-09T10:29:31.020000+00:00,2024-05-09T10:29:39.020000+00:00,1,walking,0.6353245,not_walking,not_walking,False,2024-05-09 10:26:46,2024-05-09 10:34:00,salidas_test/transformer_sequence_predictions/05447093A_110_20240509_102646_20240509_103400_transformer_predictions.csv,0,164,164,1,walking
05447093A-110,2024-05-09 10:29:36.020000+00:00,2024-05-09T10:29:32.020000+00:00,2024-05-09T10:29:40.020000+00:00,1,walking,0.7170903,not_walking,not_walking,False,2024-05-09 10:26:46,2024-05-09 10:34:00,salidas_test/transformer_sequence_predictions/05447093A_110_20240509_102646_20240509_103400_transformer_predictions.csv,0,165,165,1,walking
05447093A-110,2024-05-09 10:29:37.020000+00:00,2024-05-09T10:29:33.020000+00:00,2024-05-09T10:29:41.020000+00:00,1,walking,0.59226584,not_walking,not_walking,False,2024-05-09 10:26:46,2024-05-09 10:34:00,salidas_test/transformer_sequence_predictions/05447093A_110_20240509_102646_20240509_103400_transformer_predictions.csv,0,166,166,1,walking
05447093A-110,2024-05-09 10:29:38.020000+00:00,2024-05-09T10:29:34.020000+00:00,2024-05-09T10:29:42.020000+00:00,1,walking,0.50367075,not_walking,not_walking,False,2024-05-09 10:26:46,2024-05-09 10:34:00,salidas_test/transformer_sequence_predictions/05447093A_110_20240509_102646_20240509_103400_transformer_predictions.csv,0,167,167,1,walking
05447093A-110,2024-05-09 10:29:39.020000+00:00,2024-05-09T10:29:35.020000+00:00,2024-05-09T10:29:43.020000+00:00,1,walking,0.55287665,not_walking,not_walking,False,2024-05-09 10:26:46,2024-05-09 10:34:00,salidas_test/transformer_sequence_predictions/05447093A_110_20240509_102646_20240509_103400_transformer_predictions.csv,0,168,168,1,walking
05447093A-110,2024-05-09 10:29:40.020000+00:00,2024-05-09T10:29:36.020000+00:00,2024-05-09T10:29:44.020000+00:00,1,walking,0.66009027,not_walking,not_walking,False,2024-05-09 10:26:46,2024-05-09 10:34:00,salidas_test/transformer_sequence_predictions/05447093A_110_20240509_102646_20240509_103400_transformer_predictions.csv,0,169,169,1,walking
05447093A-110,2024-05-09 10:29:41.020000+00:00,2024-05-09T10:29:37.020000+00:00,2024-05-09T10:29:45.020000+00:00,1,walking,0.6501135,not_walking,not_walking,False,2024-05-09 10:26:46,2024-05-09 10:34:00,salidas_test/transformer_sequence_predictions/05447093A_110_20240509_102646_20240509_103400_transformer_predictions.csv,0,170,170,1,walking
05447093A-110,2024-05-09 10:29:42.020000+00:00,2024-05-09T10:29:38.020000+00:00,2024-05-09T10:29:46.020000+00:00,1,walking,0.55276984,not_walking,not_walking,False,2024-05-09 10:26:46,2024-05-09 10:34:00,salidas_test/transformer_sequence_predictions/05447093A_110_20240509_102646_20240509_103400_transformer_predictions.csv,0,171,171,1,walking
05447093A-110,2024-05-09 10:29:43.020000+00:00,2024-05-09T10:29:39.020000+00:00,2024-05-09T10:29:47.020000+00:00,1,walking,0.72747296,not_walking,not_walking,False,2024-05-09 10:26:46,2024-05-09 10:34:00,salidas_test/transformer_sequence_predictions/05447093A_110_20240509_102646_20240509_103400_transformer_predictions.csv,0,172,172,1,walking
05447093A-110,2024-05-09 10:29:44.020000+00:00,2024-05-09T10:29:40.020000+00:00,2024-05-09T10:29:48.020000+00:00,1,walking,0.6861996,not_walking,not_walking,False,2024-05-09 10:26:46,2024-05-09 10:34:00,salidas_test/transformer_sequence_predictions/05447093A_110_20240509_102646_20240509_103400_transformer_predictions.csv,0,173,173,1,walking
05447093A-110,2024-05-09 10:29:45.020000+00:00,2024-05-09T10:29:41.020000+00:00,2024-05-09T10:29:49.020000+00:00,1,walking,0.6359184,not_walking,not_walking,False,2024-05-09 10:26:46,2024-05-09 10:34:00,salidas_test/transformer_sequence_predictions/05447093A_110_20240509_102646_20240509_103400_transformer_predictions.csv,0,174,174,1,walking
05447093A-110,2024-05-09 10:29:46.020000+00:00,2024-05-09T10:29:42.020000+00:00,2024-05-09T10:29:50.020000+00:00,1,walking,0.80889505,not_walking,not_walking,False,2024-05-09 10:26:46,2024-05-09 10:34:00,salidas_test/transformer_sequence_predictions/05447093A_110_20240509_102646_20240509_103400_transformer_predictions.csv,0,175,175,1,walking
05447093A-110,2024-05-09 10:29:47.020000+00:00,2024-05-09T10:29:43.020000+00:00,2024-05-09T10:29:51.020000+00:00,1,walking,0.75607187,not_walking,not_walking,False,2024-05-09 10:26:46,2024-05-09 10:34:00,salidas_test/transformer_sequence_predictions/05447093A_110_20240509_102646_20240509_103400_transformer_predictions.csv,0,176,176,1,walking
05447093A-110,2024-05-09 10:29:48.020000+00:00,2024-05-09T10:29:44.020000+00:00,2024-05-09T10:29:52.020000+00:00,1,walking,0.831648,not_walking,not_walking,False,2024-05-09 10:26:46,2024-05-09 10:34:00,salidas_test/transformer_sequence_predictions/05447093A_110_20240509_102646_20240509_103400_transformer_predictions.csv,0,177,177,1,walking
05447093A-110,2024-05-09 10:29:49.020000+00:00,2024-05-09T10:29:45.020000+00:00,2024-05-09T10:29:53.020000+00:00,1,walking,0.7886402,not_walking,not_walking,False,2024-05-09 10:26:46,2024-05-09 10:34:00,salidas_test/transformer_sequence_predictions/05447093A_110_20240509_102646_20240509_103400_transformer_predictions.csv,0,178,178,1,walking
05447093A-110,2024-05-09 10:29:50.020000+00:00,2024-05-09T10:29:46.020000+00:00,2024-05-09T10:29:54.020000+00:00,1,walking,0.82996005,not_walking,not_walking,False,2024-05-09 10:26:46,2024-05-09 10:34:00,salidas_test/transformer_sequence_predictions/05447093A_110_20240509_102646_20240509_103400_transformer_predictions.csv,0,179,179,1,walking
05447093A-110,2024-05-09 10:29:51.020000+00:00,2024-05-09T10:29:47.020000+00:00,2024-05-09T10:29:55.020000+00:00,1,walking,0.79739356,not_walking,not_walking,False,2024-05-09 10:26:46,2024-05-09 10:34:00,salidas_test/transformer_sequence_predictions/05447093A_110_20240509_102646_20240509_103400_transformer_predictions.csv,0,180,180,1,walking
05447093A-110,2024-05-09 10:29:52.020000+00:00,2024-05-09T10:29:48.020000+00:00,2024-05-09T10:29:56.020000+00:00,1,walking,0.8776035,not_walking,not_walking,False,2024-05-09 10:26:46,2024-05-09 10:34:00,salidas_test/transformer_sequence_predictions/05447093A_110_20240509_102646_20240509_103400_transformer_predictions.csv,0,181,181,1,walking
05447093A-110,2024-05-09 10:29:53.020000+00:00,2024-05-09T10:29:49.020000+00:00,2024-05-09T10:29:57.020000+00:00,1,walking,0.8462356,not_walking,not_walking,False,2024-05-09 10:26:46,2024-05-09 10:34:00,salidas_test/transformer_sequence_predictions/05447093A_110_20240509_102646_20240509_103400_transformer_predictions.csv,0,182,182,1,walking
05447093A-110,2024-05-09 10:29:54.020000+00:00,2024-05-09T10:29:50.020000+00:00,2024-05-09T10:29:58.020000+00:00,1,walking,0.79842484,not_walking,not_walking,False,2024-05-09 10:26:46,2024-05-09 10:34:00,salidas_test/transformer_sequence_predictions/05447093A_110_20240509_102646_20240509_103400_transformer_predictions.csv,0,183,183,1,walking
05447093A-110,2024-05-09 10:29:55.020000+00:00,2024-05-09T10:29:51.020000+00:00,2024-05-09T10:29:59.020000+00:00,1,walking,0.8574654,not_walking,not_walking,False,2024-05-09 10:26:46,2024-05-09 10:34:00,salidas_test/transformer_sequence_predictions/05447093A_110_20240509_102646_20240509_103400_transformer_predictions.csv,0,184,184,1,walking
05447093A-110,2024-05-09 10:29:56.020000+00:00,2024-05-09T10:29:52.020000+00:00,2024-05-09T10:30:00.020000+00:00,1,walking,0.8301852,not_walking,not_walking,False,2024-05-09 10:26:46,2024-05-09 10:34:00,salidas_test/transformer_sequence_predictions/05447093A_110_20240509_102646_20240509_103400_transformer_predictions.csv,0,185,185,1,walking
05447093A-110,2024-05-09 10:29:57.020000+00:00,2024-05-09T10:29:53.020000+00:00,2024-05-09T10:30:01.020000+00:00,1,walking,0.87146205,not_walking,not_walking,False,2024-05-09 10:26:46,2024-05-09 10:34:00,salidas_test/transformer_sequence_predictions/05447093A_110_20240509_102646_20240509_103400_transformer_predictions.csv,0,186,186,1,walking
05447093A-110,2024-05-09 10:29:58.020000+00:00,2024-05-09T10:29:54.020000+00:00,2024-05-09T10:30:02.020000+00:00,1,walking,0.82583815,not_walking,not_walking,False,2024-05-09 10:26:46,2024-05-09 10:34:00,salidas_test/transformer_sequence_predictions/05447093A_110_20240509_102646_20240509_103400_transformer_predictions.csv,0,187,187,1,walking
05447093A-110,2024-05-09 10:29:59.020000+00:00,2024-05-09T10:29:55.020000+00:00,2024-05-09T10:30:03.020000+00:00,1,walking,0.8304145,not_walking,not_walking,False,2024-05-09 10:26:46,2024-05-09 10:34:00,salidas_test/transformer_sequence_predictions/05447093A_110_20240509_102646_20240509_103400_transformer_predictions.csv,0,188,188,1,walking
05447093A-110,2024-05-09 10:30:00.020000+00:00,2024-05-09T10:29:56.020000+00:00,2024-05-09T10:30:04.020000+00:00,1,walking,0.7724803,not_walking,not_walking,False,2024-05-09 10:26:46,2024-05-09 10:34:00,salidas_test/transformer_sequence_predictions/05447093A_110_20240509_102646_20240509_103400_transformer_predictions.csv,0,189,189,1,walking
05447093A-110,2024-05-09 10:30:01.020000+00:00,2024-05-09T10:29:57.020000+00:00,2024-05-09T10:30:05.020000+00:00,1,walking,0.7158912,not_walking,not_walking,False,2024-05-09 10:26:46,2024-05-09 10:34:00,salidas_test/transformer_sequence_predictions/05447093A_110_20240509_102646_20240509_103400_transformer_predictions.csv,0,190,190,1,walking
05447093A-110,2024-05-09 10:30:02.020000+00:00,2024-05-09T10:29:58.020000+00:00,2024-05-09T10:30:06.020000+00:00,1,walking,0.74582905,not_walking,not_walking,False,2024-05-09 10:26:46,2024-05-09 10:34:00,salidas_test/transformer_sequence_predictions/05447093A_110_20240509_102646_20240509_103400_transformer_predictions.csv,0,191,191,1,walking
05447093A-110,2024-05-09 10:30:03.020000+00:00,2024-05-09T10:29:59.020000+00:00,2024-05-09T10:30:07.020000+00:00,1,walking,0.7774336,not_walking,not_walking,False,2024-05-09 10:26:46,2024-05-09 10:34:00,salidas_test/transformer_sequence_predictions/05447093A_110_20240509_102646_20240509_103400_transformer_predictions.csv,0,192,192,1,walking
05447093A-110,2024-05-09 10:30:04.020000+00:00,2024-05-09T10:30:00.020000+00:00,2024-05-09T10:30:08.020000+00:00,1,walking,0.6262165,not_walking,not_walking,False,2024-05-09 10:26:46,2024-05-09 10:34:00,salidas_test/transformer_sequence_predictions/05447093A_110_20240509_102646_20240509_103400_transformer_predictions.csv,0,193,193,1,walking
05447093A-110,2024-05-09 10:30:05.020000+00:00,2024-05-09T10:30:01.020000+00:00,2024-05-09T10:30:09.020000+00:00,1,walking,0.6397181,not_walking,not_walking,False,2024-05-09 10:26:46,2024-05-09 10:34:00,salidas_test/transformer_sequence_predictions/05447093A_110_20240509_102646_20240509_103400_transformer_predictions.csv,0,194,194,1,walking
05447093A-110,2024-05-09 10:30:06.020000+00:00,2024-05-09T10:30:02.020000+00:00,2024-05-09T10:30:10.020000+00:00,1,walking,0.6054205,not_walking,not_walking,False,2024-05-09 10:26:46,2024-05-09 10:34:00,salidas_test/transformer_sequence_predictions/05447093A_110_20240509_102646_20240509_103400_transformer_predictions.csv,0,195,195,1,walking
05447093A-110,2024-05-09 10:30:07.020000+00:00,2024-05-09T10:30:03.020000+00:00,2024-05-09T10:30:11.020000+00:00,1,walking,0.63425624,not_walking,not_walking,False,2024-05-09 10:26:46,2024-05-09 10:34:00,salidas_test/transformer_sequence_predictions/05447093A_110_20240509_102646_20240509_103400_transformer_predictions.csv,0,196,196,1,walking
05447093A-110,2024-05-09 10:30:08.020000+00:00,2024-05-09T10:30:04.020000+00:00,2024-05-09T10:30:12.020000+00:00,1,walking,0.49548432,not_walking,not_walking,False,2024-05-09 10:26:46,2024-05-09 10:34:00,salidas_test/transformer_sequence_predictions/05447093A_110_20240509_102646_20240509_103400_transformer_predictions.csv,0,197,197,1,walking
05447093A-110,2024-05-09 10:30:09.020000+00:00,2024-05-09T10:30:05.020000+00:00,2024-05-09T10:30:13.020000+00:00,1,walking,0.5341003,not_walking,not_walking,False,2024-05-09 10:26:46,2024-05-09 10:34:00,salidas_test/transformer_sequence_predictions/05447093A_110_20240509_102646_20240509_103400_transformer_predictions.csv,0,198,198,1,walking
05447093A-110,2024-05-09 10:30:10.020000+00:00,2024-05-09T10:30:06.020000+00:00,2024-05-09T10:30:14.020000+00:00,1,walking,0.6425102,not_walking,not_walking,False,2024-05-09 10:26:46,2024-05-09 10:34:00,salidas_test/transformer_sequence_predictions/05447093A_110_20240509_102646_20240509_103400_transformer_predictions.csv,0,199,199,1,walking
05447093A-110,2024-05-09 10:30:11.020000+00:00,2024-05-09T10:30:07.020000+00:00,2024-05-09T10:30:15.020000+00:00,1,walking,0.684724,not_walking,not_walking,False,2024-05-09 10:26:46,2024-05-09 10:34:00,salidas_test/transformer_sequence_predictions/05447093A_110_20240509_102646_20240509_103400_transformer_predictions.csv,0,200,200,1,walking
05447093A-110,2024-05-09 10:30:12.020000+00:00,2024-05-09T10:30:08.020000+00:00,2024-05-09T10:30:16.020000+00:00,1,walking,0.59801704,not_walking,not_walking,False,2024-05-09 10:26:46,2024-05-09 10:34:00,salidas_test/transformer_sequence_predictions/05447093A_110_20240509_102646_20240509_103400_transformer_predictions.csv,0,201,201,1,walking
05447093A-110,2024-05-09 10:30:13.020000+00:00,2024-05-09T10:30:09.020000+00:00,2024-05-09T10:30:17.020000+00:00,1,walking,0.81406236,not_walking,not_walking,False,2024-05-09 10:26:46,2024-05-09 10:34:00,salidas_test/transformer_sequence_predictions/05447093A_110_20240509_102646_20240509_103400_transformer_predictions.csv,0,202,202,1,walking
05447093A-110,2024-05-09 10:30:14.020000+00:00,2024-05-09T10:30:10.020000+00:00,2024-05-09T10:30:18.020000+00:00,1,walking,0.83511007,not_walking,not_walking,False,2024-05-09 10:26:46,2024-05-09 10:34:00,salidas_test/transformer_sequence_predictions/05447093A_110_20240509_102646_20240509_103400_transformer_predictions.csv,0,203,203,1,walking
05447093A-110,2024-05-09 10:30:15.020000+00:00,2024-05-09T10:30:11.020000+00:00,2024-05-09T10:30:19.020000+00:00,1,walking,0.73267376,not_walking,not_walking,False,2024-05-09 10:26:46,2024-05-09 10:34:00,salidas_test/transformer_sequence_predictions/05447093A_110_20240509_102646_20240509_103400_transformer_predictions.csv,0,204,204,1,walking
05447093A-110,2024-05-09 10:30:16.020000+00:00,2024-05-09T10:30:12.020000+00:00,2024-05-09T10:30:20.020000+00:00,1,walking,0.7688216,not_walking,not_walking,False,2024-05-09 10:26:46,2024-05-09 10:34:00,salidas_test/transformer_sequence_predictions/05447093A_110_20240509_102646_20240509_103400_transformer_predictions.csv,0,205,205,1,walking
05447093A-110,2024-05-09 10:30:17.020000+00:00,2024-05-09T10:30:13.020000+00:00,2024-05-09T10:30:21.020000+00:00,1,walking,0.75644505,not_walking,not_walking,False,2024-05-09 10:26:46,2024-05-09 10:34:00,salidas_test/transformer_sequence_predictions/05447093A_110_20240509_102646_20240509_103400_transformer_predictions.csv,0,206,206,1,walking
05447093A-110,2024-05-09 10:30:18.020000+00:00,2024-05-09T10:30:14.020000+00:00,2024-05-09T10:30:22.020000+00:00,1,walking,0.47048593,not_walking,not_walking,False,2024-05-09 10:26:46,2024-05-09 10:34:00,salidas_test/transformer_sequence_predictions/05447093A_110_20240509_102646_20240509_103400_transformer_predictions.csv,0,207,207,1,walking
05447093A-110,2024-05-09 10:30:19.020000+00:00,2024-05-09T10:30:15.020000+00:00,2024-05-09T10:30:23.020000+00:00,1,walking,0.7925371,not_walking,not_walking,False,2024-05-09 10:26:46,2024-05-09 10:34:00,salidas_test/transformer_sequence_predictions/05447093A_110_20240509_102646_20240509_103400_transformer_predictions.csv,0,208,208,1,walking
05447093A-110,2024-05-09 10:30:20.020000+00:00,2024-05-09T10:30:16.020000+00:00,2024-05-09T10:30:24.020000+00:00,1,walking,0.63702565,not_walking,not_walking,False,2024-05-09 10:26:46,2024-05-09 10:34:00,salidas_test/transformer_sequence_predictions/05447093A_110_20240509_102646_20240509_103400_transformer_predictions.csv,0,209,209,1,walking
05447093A-110,2024-05-09 10:30:21.020000+00:00,2024-05-09T10:30:17.020000+00:00,2024-05-09T10:30:25.020000+00:00,1,walking,0.7495978,not_walking,not_walking,False,2024-05-09 10:26:46,2024-05-09 10:34:00,salidas_test/transformer_sequence_predictions/05447093A_110_20240509_102646_20240509_103400_transformer_predictions.csv,0,210,210,1,walking
05447093A-110,2024-05-09 10:30:22.020000+00:00,2024-05-09T10:30:18.020000+00:00,2024-05-09T10:30:26.020000+00:00,1,walking,0.69348705,not_walking,not_walking,False,2024-05-09 10:26:46,2024-05-09 10:34:00,salidas_test/transformer_sequence_predictions/05447093A_110_20240509_102646_20240509_103400_transformer_predictions.csv,0,211,211,1,walking
05447093A-110,2024-05-09 10:30:23.020000+00:00,2024-05-09T10:30:19.020000+00:00,2024-05-09T10:30:27.020000+00:00,1,walking,0.8671527,not_walking,not_walking,False,2024-05-09 10:26:46,2024-05-09 10:34:00,salidas_test/transformer_sequence_predictions/05447093A_110_20240509_102646_20240509_103400_transformer_predictions.csv,0,212,212,1,walking
05447093A-110,2024-05-09 10:30:24.020000+00:00,2024-05-09T10:30:20.020000+00:00,2024-05-09T10:30:28.020000+00:00,1,walking,0.8608737,not_walking,not_walking,False,2024-05-09 10:26:46,2024-05-09 10:34:00,salidas_test/transformer_sequence_predictions/05447093A_110_20240509_102646_20240509_103400_transformer_predictions.csv,0,213,213,1,walking
05447093A-110,2024-05-09 10:30:25.020000+00:00,2024-05-09T10:30:21.020000+00:00,2024-05-09T10:30:29.020000+00:00,1,walking,0.8574445,not_walking,not_walking,False,2024-05-09 10:26:46,2024-05-09 10:34:00,salidas_test/transformer_sequence_predictions/05447093A_110_20240509_102646_20240509_103400_transformer_predictions.csv,0,214,214,1,walking
05447093A-110,2024-05-09 10:30:26.020000+00:00,2024-05-09T10:30:22.020000+00:00,2024-05-09T10:30:30.020000+00:00,1,walking,0.9417475,not_walking,not_walking,False,2024-05-09 10:26:46,2024-05-09 10:34:00,salidas_test/transformer_sequence_predictions/05447093A_110_20240509_102646_20240509_103400_transformer_predictions.csv,0,215,215,1,walking
05447093A-110,2024-05-09 10:30:27.020000+00:00,2024-05-09T10:30:23.020000+00:00,2024-05-09T10:30:31.020000+00:00,1,walking,0.92347676,not_walking,not_walking,False,2024-05-09 10:26:46,2024-05-09 10:34:00,salidas_test/transformer_sequence_predictions/05447093A_110_20240509_102646_20240509_103400_transformer_predictions.csv,0,216,216,1,walking
05447093A-110,2024-05-09 10:30:28.020000+00:00,2024-05-09T10:30:24.020000+00:00,2024-05-09T10:30:32.020000+00:00,1,walking,0.95577055,not_walking,not_walking,False,2024-05-09 10:26:46,2024-05-09 10:34:00,salidas_test/transformer_sequence_predictions/05447093A_110_20240509_102646_20240509_103400_transformer_predictions.csv,0,217,217,1,walking
05447093A-110,2024-05-09 10:30:29.020000+00:00,2024-05-09T10:30:25.020000+00:00,2024-05-09T10:30:33.020000+00:00,1,walking,0.92537117,not_walking,not_walking,False,2024-05-09 10:26:46,2024-05-09 10:34:00,salidas_test/transformer_sequence_predictions/05447093A_110_20240509_102646_20240509_103400_transformer_predictions.csv,0,218,218,1,walking
05447093A-110,2024-05-09 10:30:30.020000+00:00,2024-05-09T10:30:26.020000+00:00,2024-05-09T10:30:34.020000+00:00,1,walking,0.9393841,not_walking,not_walking,False,2024-05-09 10:26:46,2024-05-09 10:34:00,salidas_test/transformer_sequence_predictions/05447093A_110_20240509_102646_20240509_103400_transformer_predictions.csv,0,219,219,1,walking
05447093A-110,2024-05-09 10:30:31.020000+00:00,2024-05-09T10:30:27.020000+00:00,2024-05-09T10:30:35.020000+00:00,1,walking,0.93227243,not_walking,not_walking,False,2024-05-09 10:26:46,2024-05-09 10:34:00,salidas_test/transformer_sequence_predictions/05447093A_110_20240509_102646_20240509_103400_transformer_predictions.csv,0,220,220,1,walking
05447093A-110,2024-05-09 10:30:32.020000+00:00,2024-05-09T10:30:28.020000+00:00,2024-05-09T10:30:36.020000+00:00,1,walking,0.8757123,not_walking,not_walking,False,2024-05-09 10:26:46,2024-05-09 10:34:00,salidas_test/transformer_sequence_predictions/05447093A_110_20240509_102646_20240509_103400_transformer_predictions.csv,0,221,221,1,walking
05447093A-110,2024-05-09 10:30:33.020000+00:00,2024-05-09T10:30:29.020000+00:00,2024-05-09T10:30:37.020000+00:00,1,walking,0.8512122,not_walking,not_walking,False,2024-05-09 10:26:46,2024-05-09 10:34:00,salidas_test/transformer_sequence_predictions/05447093A_110_20240509_102646_20240509_103400_transformer_predictions.csv,0,222,222,1,walking
05447093A-110,2024-05-09 10:30:34.020000+00:00,2024-05-09T10:30:30.020000+00:00,2024-05-09T10:30:38.020000+00:00,1,walking,0.8557088,not_walking,not_walking,False,2024-05-09 10:26:46,2024-05-09 10:34:00,salidas_test/transformer_sequence_predictions/05447093A_110_20240509_102646_20240509_103400_transformer_predictions.csv,0,223,223,1,walking
05447093A-110,2024-05-09 10:30:35.020000+00:00,2024-05-09T10:30:31.020000+00:00,2024-05-09T10:30:39.020000+00:00,1,walking,0.8971111,not_walking,not_walking,False,2024-05-09 10:26:46,2024-05-09 10:34:00,salidas_test/transformer_sequence_predictions/05447093A_110_20240509_102646_20240509_103400_transformer_predictions.csv,0,224,224,1,walking
05447093A-110,2024-05-09 10:30:36.020000+00:00,2024-05-09T10:30:32.020000+00:00,2024-05-09T10:30:40.020000+00:00,1,walking,0.855943,not_walking,not_walking,False,2024-05-09 10:26:46,2024-05-09 10:34:00,salidas_test/transformer_sequence_predictions/05447093A_110_20240509_102646_20240509_103400_transformer_predictions.csv,0,225,225,1,walking
05447093A-110,2024-05-09 10:30:37.020000+00:00,2024-05-09T10:30:33.020000+00:00,2024-05-09T10:30:41.020000+00:00,1,walking,0.741938,not_walking,not_walking,False,2024-05-09 10:26:46,2024-05-09 10:34:00,salidas_test/transformer_sequence_predictions/05447093A_110_20240509_102646_20240509_103400_transformer_predictions.csv,0,226,226,1,walking
05447093A-110,2024-05-09 10:30:38.020000+00:00,2024-05-09T10:30:34.020000+00:00,2024-05-09T10:30:42.020000+00:00,1,walking,0.7995037,not_walking,not_walking,False,2024-05-09 10:26:46,2024-05-09 10:34:00,salidas_test/transformer_sequence_predictions/05447093A_110_20240509_102646_20240509_103400_transformer_predictions.csv,0,227,227,1,walking
05447093A-110,2024-05-09 10:30:39.020000+00:00,2024-05-09T10:30:35.020000+00:00,2024-05-09T10:30:43.020000+00:00,1,walking,0.7958821,not_walking,not_walking,False,2024-05-09 10:26:46,2024-05-09 10:34:00,salidas_test/transformer_sequence_predictions/05447093A_110_20240509_102646_20240509_103400_transformer_predictions.csv,0,228,228,1,walking
05447093A-110,2024-05-09 10:30:40.020000+00:00,2024-05-09T10:30:36.020000+00:00,2024-05-09T10:30:44.020000+00:00,1,walking,0.8330804,not_walking,not_walking,False,2024-05-09 10:26:46,2024-05-09 10:34:00,salidas_test/transformer_sequence_predictions/05447093A_110_20240509_102646_20240509_103400_transformer_predictions.csv,0,229,229,1,walking
05447093A-110,2024-05-09 10:30:41.020000+00:00,2024-05-09T10:30:37.020000+00:00,2024-05-09T10:30:45.020000+00:00,1,walking,0.89207995,not_walking,not_walking,False,2024-05-09 10:26:46,2024-05-09 10:34:00,salidas_test/transformer_sequence_predictions/05447093A_110_20240509_102646_20240509_103400_transformer_predictions.csv,0,230,230,1,walking
05447093A-110,2024-05-09 10:30:42.020000+00:00,2024-05-09T10:30:38.020000+00:00,2024-05-09T10:30:46.020000+00:00,1,walking,0.90887254,not_walking,not_walking,False,2024-05-09 10:26:46,2024-05-09 10:34:00,salidas_test/transformer_sequence_predictions/05447093A_110_20240509_102646_20240509_103400_transformer_predictions.csv,0,231,231,1,walking
05447093A-110,2024-05-09 10:30:43.020000+00:00,2024-05-09T10:30:39.020000+00:00,2024-05-09T10:30:47.020000+00:00,1,walking,0.8091504,not_walking,not_walking,False,2024-05-09 10:26:46,2024-05-09 10:34:00,salidas_test/transformer_sequence_predictions/05447093A_110_20240509_102646_20240509_103400_transformer_predictions.csv,0,232,232,1,walking
05447093A-110,2024-05-09 10:30:44.020000+00:00,2024-05-09T10:30:40.020000+00:00,2024-05-09T10:30:48.020000+00:00,1,walking,0.68277365,not_walking,not_walking,False,2024-05-09 10:26:46,2024-05-09 10:34:00,salidas_test/transformer_sequence_predictions/05447093A_110_20240509_102646_20240509_103400_transformer_predictions.csv,0,233,233,1,walking
05447093A-110,2024-05-09 10:30:45.020000+00:00,2024-05-09T10:30:41.020000+00:00,2024-05-09T10:30:49.020000+00:00,1,walking,0.8030795,not_walking,not_walking,False,2024-05-09 10:26:46,2024-05-09 10:34:00,salidas_test/transformer_sequence_predictions/05447093A_110_20240509_102646_20240509_103400_transformer_predictions.csv,0,234,234,1,walking
05447093A-110,2024-05-09 10:30:46.020000+00:00,2024-05-09T10:30:42.020000+00:00,2024-05-09T10:30:50.020000+00:00,1,walking,0.7957007,not_walking,not_walking,False,2024-05-09 10:26:46,2024-05-09 10:34:00,salidas_test/transformer_sequence_predictions/05447093A_110_20240509_102646_20240509_103400_transformer_predictions.csv,0,235,235,1,walking
05447093A-110,2024-05-09 10:30:47.020000+00:00,2024-05-09T10:30:43.020000+00:00,2024-05-09T10:30:51.020000+00:00,1,walking,0.68140656,not_walking,not_walking,False,2024-05-09 10:26:46,2024-05-09 10:34:00,salidas_test/transformer_sequence_predictions/05447093A_110_20240509_102646_20240509_103400_transformer_predictions.csv,0,236,236,1,walking
05447093A-110,2024-05-09 10:30:48.020000+00:00,2024-05-09T10:30:44.020000+00:00,2024-05-09T10:30:52.020000+00:00,1,walking,0.6941983,not_walking,not_walking,False,2024-05-09 10:26:46,2024-05-09 10:34:00,salidas_test/transformer_sequence_predictions/05447093A_110_20240509_102646_20240509_103400_transformer_predictions.csv,0,237,237,1,walking
05447093A-110,2024-05-09 10:30:49.020000+00:00,2024-05-09T10:30:45.020000+00:00,2024-05-09T10:30:53.020000+00:00,1,walking,0.73546743,not_walking,not_walking,False,2024-05-09 10:26:46,2024-05-09 10:34:00,salidas_test/transformer_sequence_predictions/05447093A_110_20240509_102646_20240509_103400_transformer_predictions.csv,0,238,238,1,walking
05447093A-110,2024-05-09 10:30:50.020000+00:00,2024-05-09T10:30:46.020000+00:00,2024-05-09T10:30:54.020000+00:00,1,walking,0.77819127,not_walking,not_walking,False,2024-05-09 10:26:46,2024-05-09 10:34:00,salidas_test/transformer_sequence_predictions/05447093A_110_20240509_102646_20240509_103400_transformer_predictions.csv,0,239,239,1,walking
05447093A-110,2024-05-09 10:30:51.020000+00:00,2024-05-09T10:30:47.020000+00:00,2024-05-09T10:30:55.020000+00:00,1,walking,0.8448076,not_walking,not_walking,False,2024-05-09 10:26:46,2024-05-09 10:34:00,salidas_test/transformer_sequence_predictions/05447093A_110_20240509_102646_20240509_103400_transformer_predictions.csv,0,240,240,1,walking
05447093A-110,2024-05-09 10:30:52.020000+00:00,2024-05-09T10:30:48.020000+00:00,2024-05-09T10:30:56.020000+00:00,1,walking,0.7429996,not_walking,not_walking,False,2024-05-09 10:26:46,2024-05-09 10:34:00,salidas_test/transformer_sequence_predictions/05447093A_110_20240509_102646_20240509_103400_transformer_predictions.csv,0,241,241,1,walking
05447093A-110,2024-05-09 10:30:53.020000+00:00,2024-05-09T10:30:49.020000+00:00,2024-05-09T10:30:57.020000+00:00,0,not_walking,0.38536438,not_walking,not_walking,False,2024-05-09 10:26:46,2024-05-09 10:34:00,salidas_test/transformer_sequence_predictions/05447093A_110_20240509_102646_20240509_103400_transformer_predictions.csv,0,242,242,0,not_walking
05447093A-110,2024-05-09 10:30:54.020000+00:00,2024-05-09T10:30:50.020000+00:00,2024-05-09T10:30:58.020000+00:00,1,walking,0.7427684,not_walking,not_walking,False,2024-05-09 10:26:46,2024-05-09 10:34:00,salidas_test/transformer_sequence_predictions/05447093A_110_20240509_102646_20240509_103400_transformer_predictions.csv,0,243,243,1,walking
05447093A-110,2024-05-09 10:30:55.020000+00:00,2024-05-09T10:30:51.020000+00:00,2024-05-09T10:30:59.020000+00:00,1,walking,0.5924473,not_walking,not_walking,False,2024-05-09 10:26:46,2024-05-09 10:34:00,salidas_test/transformer_sequence_predictions/05447093A_110_20240509_102646_20240509_103400_transformer_predictions.csv,0,244,244,1,walking
05447093A-110,2024-05-09 10:30:56.020000+00:00,2024-05-09T10:30:52.020000+00:00,2024-05-09T10:31:00.020000+00:00,1,walking,0.79038215,not_walking,not_walking,False,2024-05-09 10:26:46,2024-05-09 10:34:00,salidas_test/transformer_sequence_predictions/05447093A_110_20240509_102646_20240509_103400_transformer_predictions.csv,0,245,245,1,walking
05447093A-110,2024-05-09 10:30:57.020000+00:00,2024-05-09T10:30:53.020000+00:00,2024-05-09T10:31:01.020000+00:00,1,walking,0.6922184,not_walking,not_walking,False,2024-05-09 10:26:46,2024-05-09 10:34:00,salidas_test/transformer_sequence_predictions/05447093A_110_20240509_102646_20240509_103400_transformer_predictions.csv,0,246,246,1,walking
05447093A-110,2024-05-09 10:30:58.020000+00:00,2024-05-09T10:30:54.020000+00:00,2024-05-09T10:31:02.020000+00:00,1,walking,0.7175888,not_walking,not_walking,False,2024-05-09 10:26:46,2024-05-09 10:34:00,salidas_test/transformer_sequence_predictions/05447093A_110_20240509_102646_20240509_103400_transformer_predictions.csv,0,247,247,1,walking
05447093A-110,2024-05-09 10:30:59.020000+00:00,2024-05-09T10:30:55.020000+00:00,2024-05-09T10:31:03.020000+00:00,1,walking,0.9101039,not_walking,not_walking,False,2024-05-09 10:26:46,2024-05-09 10:34:00,salidas_test/transformer_sequence_predictions/05447093A_110_20240509_102646_20240509_103400_transformer_predictions.csv,0,248,248,1,walking
05447093A-110,2024-05-09 10:31:00.020000+00:00,2024-05-09T10:30:56.020000+00:00,2024-05-09T10:31:04.020000+00:00,1,walking,0.899489,not_walking,not_walking,False,2024-05-09 10:26:46,2024-05-09 10:34:00,salidas_test/transformer_sequence_predictions/05447093A_110_20240509_102646_20240509_103400_transformer_predictions.csv,0,249,249,1,walking
05447093A-110,2024-05-09 10:31:01.020000+00:00,2024-05-09T10:30:57.020000+00:00,2024-05-09T10:31:05.020000+00:00,1,walking,0.89903337,not_walking,not_walking,False,2024-05-09 10:26:46,2024-05-09 10:34:00,salidas_test/transformer_sequence_predictions/05447093A_110_20240509_102646_20240509_103400_transformer_predictions.csv,0,250,250,1,walking
05447093A-110,2024-05-09 10:31:02.020000+00:00,2024-05-09T10:30:58.020000+00:00,2024-05-09T10:31:06.020000+00:00,1,walking,0.826747,not_walking,not_walking,False,2024-05-09 10:26:46,2024-05-09 10:34:00,salidas_test/transformer_sequence_predictions/05447093A_110_20240509_102646_20240509_103400_transformer_predictions.csv,0,251,251,1,walking
05447093A-110,2024-05-09 10:31:03.020000+00:00,2024-05-09T10:30:59.020000+00:00,2024-05-09T10:31:07.020000+00:00,1,walking,0.780728,not_walking,not_walking,False,2024-05-09 10:26:46,2024-05-09 10:34:00,salidas_test/transformer_sequence_predictions/05447093A_110_20240509_102646_20240509_103400_transformer_predictions.csv,0,252,252,1,walking
05447093A-110,2024-05-09 10:31:04.020000+00:00,2024-05-09T10:31:00.020000+00:00,2024-05-09T10:31:08.020000+00:00,1,walking,0.788057,not_walking,not_walking,False,2024-05-09 10:26:46,2024-05-09 10:34:00,salidas_test/transformer_sequence_predictions/05447093A_110_20240509_102646_20240509_103400_transformer_predictions.csv,0,253,253,1,walking
05447093A-110,2024-05-09 10:31:05.020000+00:00,2024-05-09T10:31:01.020000+00:00,2024-05-09T10:31:09.020000+00:00,1,walking,0.90337896,not_walking,not_walking,False,2024-05-09 10:26:46,2024-05-09 10:34:00,salidas_test/transformer_sequence_predictions/05447093A_110_20240509_102646_20240509_103400_transformer_predictions.csv,0,254,254,1,walking
05447093A-110,2024-05-09 10:31:06.020000+00:00,2024-05-09T10:31:02.020000+00:00,2024-05-09T10:31:10.020000+00:00,1,walking,0.8760394,not_walking,not_walking,False,2024-05-09 10:26:46,2024-05-09 10:34:00,salidas_test/transformer_sequence_predictions/05447093A_110_20240509_102646_20240509_103400_transformer_predictions.csv,0,255,255,1,walking
05447093A-110,2024-05-09 10:31:07.020000+00:00,2024-05-09T10:31:03.020000+00:00,2024-05-09T10:31:11.020000+00:00,1,walking,0.8813277,not_walking,not_walking,False,2024-05-09 10:26:46,2024-05-09 10:34:00,salidas_test/transformer_sequence_predictions/05447093A_110_20240509_102646_20240509_103400_transformer_predictions.csv,0,256,256,1,walking
05447093A-110,2024-05-09 10:31:08.020000+00:00,2024-05-09T10:31:04.020000+00:00,2024-05-09T10:31:12.020000+00:00,1,walking,0.7158178,not_walking,not_walking,False,2024-05-09 10:26:46,2024-05-09 10:34:00,salidas_test/transformer_sequence_predictions/05447093A_110_20240509_102646_20240509_103400_transformer_predictions.csv,0,257,257,1,walking
05447093A-110,2024-05-09 10:31:09.020000+00:00,2024-05-09T10:31:05.020000+00:00,2024-05-09T10:31:13.020000+00:00,1,walking,0.61972713,not_walking,not_walking,False,2024-05-09 10:26:46,2024-05-09 10:34:00,salidas_test/transformer_sequence_predictions/05447093A_110_20240509_102646_20240509_103400_transformer_predictions.csv,0,258,258,1,walking
05447093A-110,2024-05-09 10:31:10.020000+00:00,2024-05-09T10:31:06.020000+00:00,2024-05-09T10:31:14.020000+00:00,1,walking,0.5146746,not_walking,not_walking,False,2024-05-09 10:26:46,2024-05-09 10:34:00,salidas_test/transformer_sequence_predictions/05447093A_110_20240509_102646_20240509_103400_transformer_predictions.csv,0,259,259,1,walking
05447093A-110,2024-05-09 10:31:11.020000+00:00,2024-05-09T10:31:07.020000+00:00,2024-05-09T10:31:15.020000+00:00,0,not_walking,0.11039929,not_walking,not_walking,False,2024-05-09 10:26:46,2024-05-09 10:34:00,salidas_test/transformer_sequence_predictions/05447093A_110_20240509_102646_20240509_103400_transformer_predictions.csv,0,260,260,0,not_walking
05447093A-110,2024-05-09 10:31:12.020000+00:00,2024-05-09T10:31:08.020000+00:00,2024-05-09T10:31:16.020000+00:00,1,walking,0.65307736,not_walking,not_walking,False,2024-05-09 10:26:46,2024-05-09 10:34:00,salidas_test/transformer_sequence_predictions/05447093A_110_20240509_102646_20240509_103400_transformer_predictions.csv,0,261,261,0,not_walking
05447093A-110,2024-05-09 10:31:13.020000+00:00,2024-05-09T10:31:09.020000+00:00,2024-05-09T10:31:17.020000+00:00,0,not_walking,0.4285644,not_walking,not_walking,False,2024-05-09 10:26:46,2024-05-09 10:34:00,salidas_test/transformer_sequence_predictions/05447093A_110_20240509_102646_20240509_103400_transformer_predictions.csv,0,262,262,0,not_walking
05447093A-110,2024-05-09 10:31:14.020000+00:00,2024-05-09T10:31:10.020000+00:00,2024-05-09T10:31:18.020000+00:00,1,walking,0.5194461,not_walking,not_walking,False,2024-05-09 10:26:46,2024-05-09 10:34:00,salidas_test/transformer_sequence_predictions/05447093A_110_20240509_102646_20240509_103400_transformer_predictions.csv,0,263,263,1,walking
05447093A-110,2024-05-09 10:31:15.020000+00:00,2024-05-09T10:31:11.020000+00:00,2024-05-09T10:31:19.020000+00:00,1,walking,0.7847133,not_walking,not_walking,False,2024-05-09 10:26:46,2024-05-09 10:34:00,salidas_test/transformer_sequence_predictions/05447093A_110_20240509_102646_20240509_103400_transformer_predictions.csv,0,264,264,1,walking
05447093A-110,2024-05-09 10:31:16.020000+00:00,2024-05-09T10:31:12.020000+00:00,2024-05-09T10:31:20.020000+00:00,1,walking,0.95128393,not_walking,not_walking,False,2024-05-09 10:26:46,2024-05-09 10:34:00,salidas_test/transformer_sequence_predictions/05447093A_110_20240509_102646_20240509_103400_transformer_predictions.csv,0,265,265,1,walking
05447093A-110,2024-05-09 10:31:17.020000+00:00,2024-05-09T10:31:13.020000+00:00,2024-05-09T10:31:21.020000+00:00,1,walking,0.90436184,not_walking,not_walking,False,2024-05-09 10:26:46,2024-05-09 10:34:00,salidas_test/transformer_sequence_predictions/05447093A_110_20240509_102646_20240509_103400_transformer_predictions.csv,0,266,266,1,walking
05447093A-110,2024-05-09 10:31:18.020000+00:00,2024-05-09T10:31:14.020000+00:00,2024-05-09T10:31:22.020000+00:00,1,walking,0.76393884,not_walking,not_walking,False,2024-05-09 10:26:46,2024-05-09 10:34:00,salidas_test/transformer_sequence_predictions/05447093A_110_20240509_102646_20240509_103400_transformer_predictions.csv,0,267,267,1,walking
05447093A-110,2024-05-09 10:31:19.020000+00:00,2024-05-09T10:31:15.020000+00:00,2024-05-09T10:31:23.020000+00:00,1,walking,0.764671,not_walking,not_walking,False,2024-05-09 10:26:46,2024-05-09 10:34:00,salidas_test/transformer_sequence_predictions/05447093A_110_20240509_102646_20240509_103400_transformer_predictions.csv,0,268,268,1,walking
05447093A-110,2024-05-09 10:31:20.020000+00:00,2024-05-09T10:31:16.020000+00:00,2024-05-09T10:31:24.020000+00:00,1,walking,0.8867891,not_walking,not_walking,False,2024-05-09 10:26:46,2024-05-09 10:34:00,salidas_test/transformer_sequence_predictions/05447093A_110_20240509_102646_20240509_103400_transformer_predictions.csv,0,269,269,1,walking
05447093A-110,2024-05-09 10:31:21.020000+00:00,2024-05-09T10:31:17.020000+00:00,2024-05-09T10:31:25.020000+00:00,1,walking,0.8917484,not_walking,not_walking,False,2024-05-09 10:26:46,2024-05-09 10:34:00,salidas_test/transformer_sequence_predictions/05447093A_110_20240509_102646_20240509_103400_transformer_predictions.csv,0,270,270,1,walking
05447093A-110,2024-05-09 10:31:22.020000+00:00,2024-05-09T10:31:18.020000+00:00,2024-05-09T10:31:26.020000+00:00,1,walking,0.75391406,not_walking,not_walking,False,2024-05-09 10:26:46,2024-05-09 10:34:00,salidas_test/transformer_sequence_predictions/05447093A_110_20240509_102646_20240509_103400_transformer_predictions.csv,0,271,271,1,walking
05447093A-110,2024-05-09 10:31:23.020000+00:00,2024-05-09T10:31:19.020000+00:00,2024-05-09T10:31:27.020000+00:00,1,walking,0.6955331,not_walking,not_walking,False,2024-05-09 10:26:46,2024-05-09 10:34:00,salidas_test/transformer_sequence_predictions/05447093A_110_20240509_102646_20240509_103400_transformer_predictions.csv,0,272,272,1,walking
05447093A-110,2024-05-09 10:31:24.020000+00:00,2024-05-09T10:31:20.020000+00:00,2024-05-09T10:31:28.020000+00:00,1,walking,0.77077246,not_walking,not_walking,False,2024-05-09 10:26:46,2024-05-09 10:34:00,salidas_test/transformer_sequence_predictions/05447093A_110_20240509_102646_20240509_103400_transformer_predictions.csv,0,273,273,1,walking
05447093A-110,2024-05-09 10:31:25.020000+00:00,2024-05-09T10:31:21.020000+00:00,2024-05-09T10:31:29.020000+00:00,1,walking,0.7005095,not_walking,not_walking,False,2024-05-09 10:26:46,2024-05-09 10:34:00,salidas_test/transformer_sequence_predictions/05447093A_110_20240509_102646_20240509_103400_transformer_predictions.csv,0,274,274,1,walking
05447093A-110,2024-05-09 10:31:26.020000+00:00,2024-05-09T10:31:22.020000+00:00,2024-05-09T10:31:30.020000+00:00,1,walking,0.6928721,not_walking,not_walking,False,2024-05-09 10:26:46,2024-05-09 10:34:00,salidas_test/transformer_sequence_predictions/05447093A_110_20240509_102646_20240509_103400_transformer_predictions.csv,0,275,275,1,walking
05447093A-110,2024-05-09 10:31:27.020000+00:00,2024-05-09T10:31:23.020000+00:00,2024-05-09T10:31:31.020000+00:00,1,walking,0.5623991,not_walking,not_walking,False,2024-05-09 10:26:46,2024-05-09 10:34:00,salidas_test/transformer_sequence_predictions/05447093A_110_20240509_102646_20240509_103400_transformer_predictions.csv,0,276,276,1,walking
05447093A-110,2024-05-09 10:31:28.020000+00:00,2024-05-09T10:31:24.020000+00:00,2024-05-09T10:31:32.020000+00:00,1,walking,0.6626414,not_walking,not_walking,False,2024-05-09 10:26:46,2024-05-09 10:34:00,salidas_test/transformer_sequence_predictions/05447093A_110_20240509_102646_20240509_103400_transformer_predictions.csv,0,277,277,1,walking
05447093A-110,2024-05-09 10:31:29.020000+00:00,2024-05-09T10:31:25.020000+00:00,2024-05-09T10:31:33.020000+00:00,1,walking,0.8041164,not_walking,not_walking,False,2024-05-09 10:26:46,2024-05-09 10:34:00,salidas_test/transformer_sequence_predictions/05447093A_110_20240509_102646_20240509_103400_transformer_predictions.csv,0,278,278,1,walking
05447093A-110,2024-05-09 10:31:30.020000+00:00,2024-05-09T10:31:26.020000+00:00,2024-05-09T10:31:34.020000+00:00,1,walking,0.80132306,not_walking,not_walking,False,2024-05-09 10:26:46,2024-05-09 10:34:00,salidas_test/transformer_sequence_predictions/05447093A_110_20240509_102646_20240509_103400_transformer_predictions.csv,0,279,279,1,walking
05447093A-110,2024-05-09 10:31:31.020000+00:00,2024-05-09T10:31:27.020000+00:00,2024-05-09T10:31:35.020000+00:00,1,walking,0.8452061,not_walking,not_walking,False,2024-05-09 10:26:46,2024-05-09 10:34:00,salidas_test/transformer_sequence_predictions/05447093A_110_20240509_102646_20240509_103400_transformer_predictions.csv,0,280,280,1,walking
05447093A-110,2024-05-09 10:31:32.020000+00:00,2024-05-09T10:31:28.020000+00:00,2024-05-09T10:31:36.020000+00:00,1,walking,0.8183213,not_walking,not_walking,False,2024-05-09 10:26:46,2024-05-09 10:34:00,salidas_test/transformer_sequence_predictions/05447093A_110_20240509_102646_20240509_103400_transformer_predictions.csv,0,281,281,1,walking
05447093A-110,2024-05-09 10:31:33.020000+00:00,2024-05-09T10:31:29.020000+00:00,2024-05-09T10:31:37.020000+00:00,0,not_walking,0.22792204,not_walking,not_walking,False,2024-05-09 10:26:46,2024-05-09 10:34:00,salidas_test/transformer_sequence_predictions/05447093A_110_20240509_102646_20240509_103400_transformer_predictions.csv,0,282,282,0,not_walking
05447093A-110,2024-05-09 10:31:34.020000+00:00,2024-05-09T10:31:30.020000+00:00,2024-05-09T10:31:38.020000+00:00,0,not_walking,0.03005243,not_walking,not_walking,False,2024-05-09 10:26:46,2024-05-09 10:34:00,salidas_test/transformer_sequence_predictions/05447093A_110_20240509_102646_20240509_103400_transformer_predictions.csv,0,283,283,0,not_walking
05447093A-110,2024-05-09 10:31:35.020000+00:00,2024-05-09T10:31:31.020000+00:00,2024-05-09T10:31:39.020000+00:00,0,not_walking,0.028605515,not_walking,not_walking,False,2024-05-09 10:26:46,2024-05-09 10:34:00,salidas_test/transformer_sequence_predictions/05447093A_110_20240509_102646_20240509_103400_transformer_predictions.csv,0,284,284,0,not_walking
05447093A-110,2024-05-09 10:31:36.020000+00:00,2024-05-09T10:31:32.020000+00:00,2024-05-09T10:31:40.020000+00:00,0,not_walking,0.06245718,not_walking,not_walking,False,2024-05-09 10:26:46,2024-05-09 10:34:00,salidas_test/transformer_sequence_predictions/05447093A_110_20240509_102646_20240509_103400_transformer_predictions.csv,0,285,285,0,not_walking
05447093A-110,2024-05-09 10:31:37.020000+00:00,2024-05-09T10:31:33.020000+00:00,2024-05-09T10:31:41.020000+00:00,0,not_walking,0.06610215,not_walking,not_walking,False,2024-05-09 10:26:46,2024-05-09 10:34:00,salidas_test/transformer_sequence_predictions/05447093A_110_20240509_102646_20240509_103400_transformer_predictions.csv,0,286,286,0,not_walking
05447093A-110,2024-05-09 10:31:38.020000+00:00,2024-05-09T10:31:34.020000+00:00,2024-05-09T10:31:42.020000+00:00,0,not_walking,0.04240292,not_walking,not_walking,False,2024-05-09 10:26:46,2024-05-09 10:34:00,salidas_test/transformer_sequence_predictions/05447093A_110_20240509_102646_20240509_103400_transformer_predictions.csv,0,287,287,0,not_walking
05447093A-110,2024-05-09 10:31:39.020000+00:00,2024-05-09T10:31:35.020000+00:00,2024-05-09T10:31:43.020000+00:00,0,not_walking,0.046987176,not_walking,not_walking,False,2024-05-09 10:26:46,2024-05-09 10:34:00,salidas_test/transformer_sequence_predictions/05447093A_110_20240509_102646_20240509_103400_transformer_predictions.csv,0,288,288,0,not_walking
05447093A-110,2024-05-09 10:31:40.020000+00:00,2024-05-09T10:31:36.020000+00:00,2024-05-09T10:31:44.020000+00:00,0,not_walking,0.1915241,not_walking,not_walking,False,2024-05-09 10:26:46,2024-05-09 10:34:00,salidas_test/transformer_sequence_predictions/05447093A_110_20240509_102646_20240509_103400_transformer_predictions.csv,0,289,289,0,not_walking
05447093A-110,2024-05-09 10:31:41.020000+00:00,2024-05-09T10:31:37.020000+00:00,2024-05-09T10:31:45.020000+00:00,0,not_walking,0.094367065,not_walking,not_walking,False,2024-05-09 10:26:46,2024-05-09 10:34:00,salidas_test/transformer_sequence_predictions/05447093A_110_20240509_102646_20240509_103400_transformer_predictions.csv,0,290,290,0,not_walking
05447093A-110,2024-05-09 10:31:42.020000+00:00,2024-05-09T10:31:38.020000+00:00,2024-05-09T10:31:46.020000+00:00,0,not_walking,0.38554284,not_walking,not_walking,False,2024-05-09 10:26:46,2024-05-09 10:34:00,salidas_test/transformer_sequence_predictions/05447093A_110_20240509_102646_20240509_103400_transformer_predictions.csv,0,291,291,0,not_walking
05447093A-110,2024-05-09 10:31:43.020000+00:00,2024-05-09T10:31:39.020000+00:00,2024-05-09T10:31:47.020000+00:00,1,walking,0.5190985,not_walking,not_walking,False,2024-05-09 10:26:46,2024-05-09 10:34:00,salidas_test/transformer_sequence_predictions/05447093A_110_20240509_102646_20240509_103400_transformer_predictions.csv,0,292,292,0,not_walking
05447093A-110,2024-05-09 10:31:44.020000+00:00,2024-05-09T10:31:40.020000+00:00,2024-05-09T10:31:48.020000+00:00,0,not_walking,0.12567933,not_walking,not_walking,False,2024-05-09 10:26:46,2024-05-09 10:34:00,salidas_test/transformer_sequence_predictions/05447093A_110_20240509_102646_20240509_103400_transformer_predictions.csv,0,293,293,0,not_walking
05447093A-110,2024-05-09 10:31:45.020000+00:00,2024-05-09T10:31:41.020000+00:00,2024-05-09T10:31:49.020000+00:00,0,not_walking,0.051556602,not_walking,not_walking,False,2024-05-09 10:26:46,2024-05-09 10:34:00,salidas_test/transformer_sequence_predictions/05447093A_110_20240509_102646_20240509_103400_transformer_predictions.csv,0,294,294,0,not_walking
05447093A-110,2024-05-09 10:31:46.020000+00:00,2024-05-09T10:31:42.020000+00:00,2024-05-09T10:31:50.020000+00:00,0,not_walking,0.050313544,not_walking,not_walking,False,2024-05-09 10:26:46,2024-05-09 10:34:00,salidas_test/transformer_sequence_predictions/05447093A_110_20240509_102646_20240509_103400_transformer_predictions.csv,0,295,295,0,not_walking
05447093A-110,2024-05-09 10:31:47.020000+00:00,2024-05-09T10:31:43.020000+00:00,2024-05-09T10:31:51.020000+00:00,0,not_walking,0.041349966,not_walking,not_walking,False,2024-05-09 10:26:46,2024-05-09 10:34:00,salidas_test/transformer_sequence_predictions/05447093A_110_20240509_102646_20240509_103400_transformer_predictions.csv,0,296,296,0,not_walking
05447093A-110,2024-05-09 10:31:48.020000+00:00,2024-05-09T10:31:44.020000+00:00,2024-05-09T10:31:52.020000+00:00,0,not_walking,0.045712806,not_walking,not_walking,False,2024-05-09 10:26:46,2024-05-09 10:34:00,salidas_test/transformer_sequence_predictions/05447093A_110_20240509_102646_20240509_103400_transformer_predictions.csv,0,297,297,0,not_walking
05447093A-110,2024-05-09 10:31:49.020000+00:00,2024-05-09T10:31:45.020000+00:00,2024-05-09T10:31:53.020000+00:00,0,not_walking,0.037687603,not_walking,not_walking,False,2024-05-09 10:26:46,2024-05-09 10:34:00,salidas_test/transformer_sequence_predictions/05447093A_110_20240509_102646_20240509_103400_transformer_predictions.csv,0,298,298,0,not_walking
05447093A-110,2024-05-09 10:31:50.020000+00:00,2024-05-09T10:31:46.020000+00:00,2024-05-09T10:31:54.020000+00:00,0,not_walking,0.0757452,not_walking,not_walking,False,2024-05-09 10:26:46,2024-05-09 10:34:00,salidas_test/transformer_sequence_predictions/05447093A_110_20240509_102646_20240509_103400_transformer_predictions.csv,0,299,299,0,not_walking
05447093A-110,2024-05-09 10:31:51.020000+00:00,2024-05-09T10:31:47.020000+00:00,2024-05-09T10:31:55.020000+00:00,1,walking,0.78173214,not_walking,not_walking,False,2024-05-09 10:26:46,2024-05-09 10:34:00,salidas_test/transformer_sequence_predictions/05447093A_110_20240509_102646_20240509_103400_transformer_predictions.csv,0,300,300,1,walking
05447093A-110,2024-05-09 10:31:52.020000+00:00,2024-05-09T10:31:48.020000+00:00,2024-05-09T10:31:56.020000+00:00,1,walking,0.70525247,not_walking,not_walking,False,2024-05-09 10:26:46,2024-05-09 10:34:00,salidas_test/transformer_sequence_predictions/05447093A_110_20240509_102646_20240509_103400_transformer_predictions.csv,0,301,301,1,walking
05447093A-110,2024-05-09 10:31:53.020000+00:00,2024-05-09T10:31:49.020000+00:00,2024-05-09T10:31:57.020000+00:00,1,walking,0.89472127,not_walking,not_walking,False,2024-05-09 10:26:46,2024-05-09 10:34:00,salidas_test/transformer_sequence_predictions/05447093A_110_20240509_102646_20240509_103400_transformer_predictions.csv,0,302,302,1,walking
05447093A-110,2024-05-09 10:31:54.020000+00:00,2024-05-09T10:31:50.020000+00:00,2024-05-09T10:31:58.020000+00:00,1,walking,0.7671543,not_walking,not_walking,False,2024-05-09 10:26:46,2024-05-09 10:34:00,salidas_test/transformer_sequence_predictions/05447093A_110_20240509_102646_20240509_103400_transformer_predictions.csv,0,303,303,1,walking
05447093A-110,2024-05-09 10:31:55.020000+00:00,2024-05-09T10:31:51.020000+00:00,2024-05-09T10:31:59.020000+00:00,1,walking,0.75915617,not_walking,not_walking,False,2024-05-09 10:26:46,2024-05-09 10:34:00,salidas_test/transformer_sequence_predictions/05447093A_110_20240509_102646_20240509_103400_transformer_predictions.csv,0,304,304,1,walking
05447093A-110,2024-05-09 10:31:56.020000+00:00,2024-05-09T10:31:52.020000+00:00,2024-05-09T10:32:00.020000+00:00,1,walking,0.8353993,not_walking,not_walking,False,2024-05-09 10:26:46,2024-05-09 10:34:00,salidas_test/transformer_sequence_predictions/05447093A_110_20240509_102646_20240509_103400_transformer_predictions.csv,0,305,305,1,walking
05447093A-110,2024-05-09 10:31:57.020000+00:00,2024-05-09T10:31:53.020000+00:00,2024-05-09T10:32:01.020000+00:00,1,walking,0.66077614,not_walking,not_walking,False,2024-05-09 10:26:46,2024-05-09 10:34:00,salidas_test/transformer_sequence_predictions/05447093A_110_20240509_102646_20240509_103400_transformer_predictions.csv,0,306,306,1,walking
05447093A-110,2024-05-09 10:31:58.020000+00:00,2024-05-09T10:31:54.020000+00:00,2024-05-09T10:32:02.020000+00:00,1,walking,0.6368284,not_walking,not_walking,False,2024-05-09 10:26:46,2024-05-09 10:34:00,salidas_test/transformer_sequence_predictions/05447093A_110_20240509_102646_20240509_103400_transformer_predictions.csv,0,307,307,1,walking
05447093A-110,2024-05-09 10:31:59.020000+00:00,2024-05-09T10:31:55.020000+00:00,2024-05-09T10:32:03.020000+00:00,1,walking,0.8612142,not_walking,not_walking,False,2024-05-09 10:26:46,2024-05-09 10:34:00,salidas_test/transformer_sequence_predictions/05447093A_110_20240509_102646_20240509_103400_transformer_predictions.csv,0,308,308,1,walking
05447093A-110,2024-05-09 10:32:00.020000+00:00,2024-05-09T10:31:56.020000+00:00,2024-05-09T10:32:04.020000+00:00,1,walking,0.8447618,not_walking,not_walking,False,2024-05-09 10:26:46,2024-05-09 10:34:00,salidas_test/transformer_sequence_predictions/05447093A_110_20240509_102646_20240509_103400_transformer_predictions.csv,0,309,309,1,walking
05447093A-110,2024-05-09 10:32:01.020000+00:00,2024-05-09T10:31:57.020000+00:00,2024-05-09T10:32:05.020000+00:00,1,walking,0.79478526,not_walking,not_walking,False,2024-05-09 10:26:46,2024-05-09 10:34:00,salidas_test/transformer_sequence_predictions/05447093A_110_20240509_102646_20240509_103400_transformer_predictions.csv,0,310,310,1,walking
05447093A-110,2024-05-09 10:32:02.020000+00:00,2024-05-09T10:31:58.020000+00:00,2024-05-09T10:32:06.020000+00:00,1,walking,0.8447698,not_walking,not_walking,False,2024-05-09 10:26:46,2024-05-09 10:34:00,salidas_test/transformer_sequence_predictions/05447093A_110_20240509_102646_20240509_103400_transformer_predictions.csv,0,311,311,1,walking
05447093A-110,2024-05-09 10:32:03.020000+00:00,2024-05-09T10:31:59.020000+00:00,2024-05-09T10:32:07.020000+00:00,1,walking,0.79729205,not_walking,not_walking,False,2024-05-09 10:26:46,2024-05-09 10:34:00,salidas_test/transformer_sequence_predictions/05447093A_110_20240509_102646_20240509_103400_transformer_predictions.csv,0,312,312,1,walking
05447093A-110,2024-05-09 10:32:04.020000+00:00,2024-05-09T10:32:00.020000+00:00,2024-05-09T10:32:08.020000+00:00,1,walking,0.8230539,not_walking,not_walking,False,2024-05-09 10:26:46,2024-05-09 10:34:00,salidas_test/transformer_sequence_predictions/05447093A_110_20240509_102646_20240509_103400_transformer_predictions.csv,0,313,313,1,walking
05447093A-110,2024-05-09 10:32:05.020000+00:00,2024-05-09T10:32:01.020000+00:00,2024-05-09T10:32:09.020000+00:00,1,walking,0.73029876,not_walking,not_walking,False,2024-05-09 10:26:46,2024-05-09 10:34:00,salidas_test/transformer_sequence_predictions/05447093A_110_20240509_102646_20240509_103400_transformer_predictions.csv,0,314,314,1,walking
05447093A-110,2024-05-09 10:32:06.020000+00:00,2024-05-09T10:32:02.020000+00:00,2024-05-09T10:32:10.020000+00:00,1,walking,0.47011015,not_walking,not_walking,False,2024-05-09 10:26:46,2024-05-09 10:34:00,salidas_test/transformer_sequence_predictions/05447093A_110_20240509_102646_20240509_103400_transformer_predictions.csv,0,315,315,1,walking
05447093A-110,2024-05-09 10:32:07.020000+00:00,2024-05-09T10:32:03.020000+00:00,2024-05-09T10:32:11.020000+00:00,0,not_walking,0.31003055,not_walking,not_walking,False,2024-05-09 10:26:46,2024-05-09 10:34:00,salidas_test/transformer_sequence_predictions/05447093A_110_20240509_102646_20240509_103400_transformer_predictions.csv,0,316,316,0,not_walking
05447093A-110,2024-05-09 10:32:08.020000+00:00,2024-05-09T10:32:04.020000+00:00,2024-05-09T10:32:12.020000+00:00,0,not_walking,0.11993372,not_walking,not_walking,False,2024-05-09 10:26:46,2024-05-09 10:34:00,salidas_test/transformer_sequence_predictions/05447093A_110_20240509_102646_20240509_103400_transformer_predictions.csv,0,317,317,0,not_walking
05447093A-110,2024-05-09 10:32:09.020000+00:00,2024-05-09T10:32:05.020000+00:00,2024-05-09T10:32:13.020000+00:00,0,not_walking,0.03199806,not_walking,not_walking,False,2024-05-09 10:26:46,2024-05-09 10:34:00,salidas_test/transformer_sequence_predictions/05447093A_110_20240509_102646_20240509_103400_transformer_predictions.csv,0,318,318,0,not_walking
05447093A-110,2024-05-09 10:32:10.020000+00:00,2024-05-09T10:32:06.020000+00:00,2024-05-09T10:32:14.020000+00:00,0,not_walking,0.02701108,not_walking,not_walking,False,2024-05-09 10:26:46,2024-05-09 10:34:00,salidas_test/transformer_sequence_predictions/05447093A_110_20240509_102646_20240509_103400_transformer_predictions.csv,0,319,319,0,not_walking
05447093A-110,2024-05-09 10:32:11.020000+00:00,2024-05-09T10:32:07.020000+00:00,2024-05-09T10:32:15.020000+00:00,0,not_walking,0.12089978,not_walking,not_walking,False,2024-05-09 10:26:46,2024-05-09 10:34:00,salidas_test/transformer_sequence_predictions/05447093A_110_20240509_102646_20240509_103400_transformer_predictions.csv,0,320,320,0,not_walking
05447093A-110,2024-05-09 10:32:12.020000+00:00,2024-05-09T10:32:08.020000+00:00,2024-05-09T10:32:16.020000+00:00,0,not_walking,0.1919259,not_walking,not_walking,False,2024-05-09 10:26:46,2024-05-09 10:34:00,salidas_test/transformer_sequence_predictions/05447093A_110_20240509_102646_20240509_103400_transformer_predictions.csv,0,321,321,0,not_walking
05447093A-110,2024-05-09 10:32:13.020000+00:00,2024-05-09T10:32:09.020000+00:00,2024-05-09T10:32:17.020000+00:00,0,not_walking,0.11395821,not_walking,not_walking,False,2024-05-09 10:26:46,2024-05-09 10:34:00,salidas_test/transformer_sequence_predictions/05447093A_110_20240509_102646_20240509_103400_transformer_predictions.csv,0,322,322,0,not_walking
05447093A-110,2024-05-09 10:32:14.020000+00:00,2024-05-09T10:32:10.020000+00:00,2024-05-09T10:32:18.020000+00:00,1,walking,0.5995969,not_walking,not_walking,False,2024-05-09 10:26:46,2024-05-09 10:34:00,salidas_test/transformer_sequence_predictions/05447093A_110_20240509_102646_20240509_103400_transformer_predictions.csv,0,323,323,0,not_walking
05447093A-110,2024-05-09 10:32:15.020000+00:00,2024-05-09T10:32:11.020000+00:00,2024-05-09T10:32:19.020000+00:00,0,not_walking,0.40655723,not_walking,not_walking,False,2024-05-09 10:26:46,2024-05-09 10:34:00,salidas_test/transformer_sequence_predictions/05447093A_110_20240509_102646_20240509_103400_transformer_predictions.csv,0,324,324,0,not_walking
05447093A-110,2024-05-09 10:32:16.020000+00:00,2024-05-09T10:32:12.020000+00:00,2024-05-09T10:32:20.020000+00:00,0,not_walking,0.11763026,not_walking,not_walking,False,2024-05-09 10:26:46,2024-05-09 10:34:00,salidas_test/transformer_sequence_predictions/05447093A_110_20240509_102646_20240509_103400_transformer_predictions.csv,0,325,325,0,not_walking
05447093A-110,2024-05-09 10:32:17.020000+00:00,2024-05-09T10:32:13.020000+00:00,2024-05-09T10:32:21.020000+00:00,1,walking,0.5774248,not_walking,not_walking,False,2024-05-09 10:26:46,2024-05-09 10:34:00,salidas_test/transformer_sequence_predictions/05447093A_110_20240509_102646_20240509_103400_transformer_predictions.csv,0,326,326,0,not_walking
05447093A-110,2024-05-09 10:32:18.020000+00:00,2024-05-09T10:32:14.020000+00:00,2024-05-09T10:32:22.020000+00:00,1,walking,0.75230765,not_walking,not_walking,False,2024-05-09 10:26:46,2024-05-09 10:34:00,salidas_test/transformer_sequence_predictions/05447093A_110_20240509_102646_20240509_103400_transformer_predictions.csv,0,327,327,0,not_walking
05447093A-110,2024-05-09 10:32:19.020000+00:00,2024-05-09T10:32:15.020000+00:00,2024-05-09T10:32:23.020000+00:00,1,walking,0.8681961,not_walking,not_walking,False,2024-05-09 10:26:46,2024-05-09 10:34:00,salidas_test/transformer_sequence_predictions/05447093A_110_20240509_102646_20240509_103400_transformer_predictions.csv,0,328,328,0,not_walking
05447093A-110,2024-05-09 10:32:20.020000+00:00,2024-05-09T10:32:16.020000+00:00,2024-05-09T10:32:24.020000+00:00,0,not_walking,0.38388652,not_walking,not_walking,False,2024-05-09 10:26:46,2024-05-09 10:34:00,salidas_test/transformer_sequence_predictions/05447093A_110_20240509_102646_20240509_103400_transformer_predictions.csv,0,329,329,0,not_walking
05447093A-110,2024-05-09 10:32:21.020000+00:00,2024-05-09T10:32:17.020000+00:00,2024-05-09T10:32:25.020000+00:00,1,walking,0.8653731,not_walking,not_walking,False,2024-05-09 10:26:46,2024-05-09 10:34:00,salidas_test/transformer_sequence_predictions/05447093A_110_20240509_102646_20240509_103400_transformer_predictions.csv,0,330,330,1,walking
05447093A-110,2024-05-09 10:32:22.020000+00:00,2024-05-09T10:32:18.020000+00:00,2024-05-09T10:32:26.020000+00:00,1,walking,0.78931737,not_walking,not_walking,False,2024-05-09 10:26:46,2024-05-09 10:34:00,salidas_test/transformer_sequence_predictions/05447093A_110_20240509_102646_20240509_103400_transformer_predictions.csv,0,331,331,1,walking
05447093A-110,2024-05-09 10:32:23.020000+00:00,2024-05-09T10:32:19.020000+00:00,2024-05-09T10:32:27.020000+00:00,1,walking,0.86886334,not_walking,not_walking,False,2024-05-09 10:26:46,2024-05-09 10:34:00,salidas_test/transformer_sequence_predictions/05447093A_110_20240509_102646_20240509_103400_transformer_predictions.csv,0,332,332,1,walking
05447093A-110,2024-05-09 10:32:24.020000+00:00,2024-05-09T10:32:20.020000+00:00,2024-05-09T10:32:28.020000+00:00,1,walking,0.6215046,not_walking,not_walking,False,2024-05-09 10:26:46,2024-05-09 10:34:00,salidas_test/transformer_sequence_predictions/05447093A_110_20240509_102646_20240509_103400_transformer_predictions.csv,0,333,333,1,walking
05447093A-110,2024-05-09 10:32:25.020000+00:00,2024-05-09T10:32:21.020000+00:00,2024-05-09T10:32:29.020000+00:00,1,walking,0.83474976,not_walking,not_walking,False,2024-05-09 10:26:46,2024-05-09 10:34:00,salidas_test/transformer_sequence_predictions/05447093A_110_20240509_102646_20240509_103400_transformer_predictions.csv,0,334,334,1,walking
05447093A-110,2024-05-09 10:32:26.020000+00:00,2024-05-09T10:32:22.020000+00:00,2024-05-09T10:32:30.020000+00:00,1,walking,0.8196411,not_walking,not_walking,False,2024-05-09 10:26:46,2024-05-09 10:34:00,salidas_test/transformer_sequence_predictions/05447093A_110_20240509_102646_20240509_103400_transformer_predictions.csv,0,335,335,1,walking
05447093A-110,2024-05-09 10:32:27.020000+00:00,2024-05-09T10:32:23.020000+00:00,2024-05-09T10:32:31.020000+00:00,1,walking,0.8533463,not_walking,not_walking,False,2024-05-09 10:26:46,2024-05-09 10:34:00,salidas_test/transformer_sequence_predictions/05447093A_110_20240509_102646_20240509_103400_transformer_predictions.csv,0,336,336,1,walking
05447093A-110,2024-05-09 10:32:28.020000+00:00,2024-05-09T10:32:24.020000+00:00,2024-05-09T10:32:32.020000+00:00,1,walking,0.5242554,not_walking,not_walking,False,2024-05-09 10:26:46,2024-05-09 10:34:00,salidas_test/transformer_sequence_predictions/05447093A_110_20240509_102646_20240509_103400_transformer_predictions.csv,0,337,337,1,walking
05447093A-110,2024-05-09 10:32:29.020000+00:00,2024-05-09T10:32:25.020000+00:00,2024-05-09T10:32:33.020000+00:00,1,walking,0.49303597,not_walking,not_walking,False,2024-05-09 10:26:46,2024-05-09 10:34:00,salidas_test/transformer_sequence_predictions/05447093A_110_20240509_102646_20240509_103400_transformer_predictions.csv,0,338,338,1,walking
05447093A-110,2024-05-09 10:32:30.020000+00:00,2024-05-09T10:32:26.020000+00:00,2024-05-09T10:32:34.020000+00:00,1,walking,0.56668043,not_walking,not_walking,False,2024-05-09 10:26:46,2024-05-09 10:34:00,salidas_test/transformer_sequence_predictions/05447093A_110_20240509_102646_20240509_103400_transformer_predictions.csv,0,339,339,1,walking
05447093A-110,2024-05-09 10:32:31.020000+00:00,2024-05-09T10:32:27.020000+00:00,2024-05-09T10:32:35.020000+00:00,1,walking,0.70138943,not_walking,not_walking,False,2024-05-09 10:26:46,2024-05-09 10:34:00,salidas_test/transformer_sequence_predictions/05447093A_110_20240509_102646_20240509_103400_transformer_predictions.csv,0,340,340,1,walking
05447093A-110,2024-05-09 10:32:32.020000+00:00,2024-05-09T10:32:28.020000+00:00,2024-05-09T10:32:36.020000+00:00,1,walking,0.6685166,not_walking,not_walking,False,2024-05-09 10:26:46,2024-05-09 10:34:00,salidas_test/transformer_sequence_predictions/05447093A_110_20240509_102646_20240509_103400_transformer_predictions.csv,0,341,341,1,walking
05447093A-110,2024-05-09 10:32:33.020000+00:00,2024-05-09T10:32:29.020000+00:00,2024-05-09T10:32:37.020000+00:00,1,walking,0.5927419,not_walking,not_walking,False,2024-05-09 10:26:46,2024-05-09 10:34:00,salidas_test/transformer_sequence_predictions/05447093A_110_20240509_102646_20240509_103400_transformer_predictions.csv,0,342,342,1,walking
05447093A-110,2024-05-09 10:32:34.020000+00:00,2024-05-09T10:32:30.020000+00:00,2024-05-09T10:32:38.020000+00:00,1,walking,0.53633076,not_walking,not_walking,False,2024-05-09 10:26:46,2024-05-09 10:34:00,salidas_test/transformer_sequence_predictions/05447093A_110_20240509_102646_20240509_103400_transformer_predictions.csv,0,343,343,1,walking
05447093A-110,2024-05-09 10:32:35.020000+00:00,2024-05-09T10:32:31.020000+00:00,2024-05-09T10:32:39.020000+00:00,0,not_walking,0.23404194,not_walking,not_walking,False,2024-05-09 10:26:46,2024-05-09 10:34:00,salidas_test/transformer_sequence_predictions/05447093A_110_20240509_102646_20240509_103400_transformer_predictions.csv,0,344,344,0,not_walking
05447093A-110,2024-05-09 10:32:36.020000+00:00,2024-05-09T10:32:32.020000+00:00,2024-05-09T10:32:40.020000+00:00,0,not_walking,0.18405543,not_walking,not_walking,False,2024-05-09 10:26:46,2024-05-09 10:34:00,salidas_test/transformer_sequence_predictions/05447093A_110_20240509_102646_20240509_103400_transformer_predictions.csv,0,345,345,0,not_walking
05447093A-110,2024-05-09 10:32:37.020000+00:00,2024-05-09T10:32:33.020000+00:00,2024-05-09T10:32:41.020000+00:00,0,not_walking,0.032346796,not_walking,not_walking,False,2024-05-09 10:26:46,2024-05-09 10:34:00,salidas_test/transformer_sequence_predictions/05447093A_110_20240509_102646_20240509_103400_transformer_predictions.csv,0,346,346,0,not_walking
05447093A-110,2024-05-09 10:32:38.020000+00:00,2024-05-09T10:32:34.020000+00:00,2024-05-09T10:32:42.020000+00:00,0,not_walking,0.019836493,not_walking,not_walking,False,2024-05-09 10:26:46,2024-05-09 10:34:00,salidas_test/transformer_sequence_predictions/05447093A_110_20240509_102646_20240509_103400_transformer_predictions.csv,0,347,347,0,not_walking
05447093A-110,2024-05-09 10:32:39.020000+00:00,2024-05-09T10:32:35.020000+00:00,2024-05-09T10:32:43.020000+00:00,0,not_walking,0.030262744,not_walking,not_walking,False,2024-05-09 10:26:46,2024-05-09 10:34:00,salidas_test/transformer_sequence_predictions/05447093A_110_20240509_102646_20240509_103400_transformer_predictions.csv,0,348,348,0,not_walking
05447093A-110,2024-05-09 10:32:40.020000+00:00,2024-05-09T10:32:36.020000+00:00,2024-05-09T10:32:44.020000+00:00,0,not_walking,0.020016648,not_walking,not_walking,False,2024-05-09 10:26:46,2024-05-09 10:34:00,salidas_test/transformer_sequence_predictions/05447093A_110_20240509_102646_20240509_103400_transformer_predictions.csv,0,349,349,0,not_walking
05447093A-110,2024-05-09 10:32:41.020000+00:00,2024-05-09T10:32:37.020000+00:00,2024-05-09T10:32:45.020000+00:00,0,not_walking,0.029748613,not_walking,not_walking,False,2024-05-09 10:26:46,2024-05-09 10:34:00,salidas_test/transformer_sequence_predictions/05447093A_110_20240509_102646_20240509_103400_transformer_predictions.csv,0,350,350,0,not_walking
05447093A-110,2024-05-09 10:32:42.020000+00:00,2024-05-09T10:32:38.020000+00:00,2024-05-09T10:32:46.020000+00:00,0,not_walking,0.05025467,not_walking,not_walking,False,2024-05-09 10:26:46,2024-05-09 10:34:00,salidas_test/transformer_sequence_predictions/05447093A_110_20240509_102646_20240509_103400_transformer_predictions.csv,0,351,351,0,not_walking
05447093A-110,2024-05-09 10:32:43.020000+00:00,2024-05-09T10:32:39.020000+00:00,2024-05-09T10:32:47.020000+00:00,0,not_walking,0.039405663,not_walking,not_walking,False,2024-05-09 10:26:46,2024-05-09 10:34:00,salidas_test/transformer_sequence_predictions/05447093A_110_20240509_102646_20240509_103400_transformer_predictions.csv,0,352,352,0,not_walking
05447093A-110,2024-05-09 10:32:44.020000+00:00,2024-05-09T10:32:40.020000+00:00,2024-05-09T10:32:48.020000+00:00,0,not_walking,0.0281769,not_walking,not_walking,False,2024-05-09 10:26:46,2024-05-09 10:34:00,salidas_test/transformer_sequence_predictions/05447093A_110_20240509_102646_20240509_103400_transformer_predictions.csv,0,353,353,0,not_walking
05447093A-110,2024-05-09 10:32:45.020000+00:00,2024-05-09T10:32:41.020000+00:00,2024-05-09T10:32:49.020000+00:00,0,not_walking,0.031975515,not_walking,not_walking,False,2024-05-09 10:26:46,2024-05-09 10:34:00,salidas_test/transformer_sequence_predictions/05447093A_110_20240509_102646_20240509_103400_transformer_predictions.csv,0,354,354,0,not_walking
05447093A-110,2024-05-09 10:32:46.020000+00:00,2024-05-09T10:32:42.020000+00:00,2024-05-09T10:32:50.020000+00:00,0,not_walking,0.017387612,not_walking,not_walking,False,2024-05-09 10:26:46,2024-05-09 10:34:00,salidas_test/transformer_sequence_predictions/05447093A_110_20240509_102646_20240509_103400_transformer_predictions.csv,0,355,355,0,not_walking
05447093A-110,2024-05-09 10:32:47.020000+00:00,2024-05-09T10:32:43.020000+00:00,2024-05-09T10:32:51.020000+00:00,0,not_walking,0.016923796,not_walking,not_walking,False,2024-05-09 10:26:46,2024-05-09 10:34:00,salidas_test/transformer_sequence_predictions/05447093A_110_20240509_102646_20240509_103400_transformer_predictions.csv,0,356,356,0,not_walking
05447093A-110,2024-05-09 10:32:48.020000+00:00,2024-05-09T10:32:44.020000+00:00,2024-05-09T10:32:52.020000+00:00,0,not_walking,0.02211929,not_walking,not_walking,False,2024-05-09 10:26:46,2024-05-09 10:34:00,salidas_test/transformer_sequence_predictions/05447093A_110_20240509_102646_20240509_103400_transformer_predictions.csv,0,357,357,0,not_walking
05447093A-110,2024-05-09 10:32:49.020000+00:00,2024-05-09T10:32:45.020000+00:00,2024-05-09T10:32:53.020000+00:00,0,not_walking,0.019674817,not_walking,not_walking,False,2024-05-09 10:26:46,2024-05-09 10:34:00,salidas_test/transformer_sequence_predictions/05447093A_110_20240509_102646_20240509_103400_transformer_predictions.csv,0,358,358,0,not_walking
05447093A-110,2024-05-09 10:32:50.020000+00:00,2024-05-09T10:32:46.020000+00:00,2024-05-09T10:32:54.020000+00:00,0,not_walking,0.021886028,not_walking,not_walking,False,2024-05-09 10:26:46,2024-05-09 10:34:00,salidas_test/transformer_sequence_predictions/05447093A_110_20240509_102646_20240509_103400_transformer_predictions.csv,0,359,359,0,not_walking
05447093A-110,2024-05-09 10:32:51.020000+00:00,2024-05-09T10:32:47.020000+00:00,2024-05-09T10:32:55.020000+00:00,0,not_walking,0.016493008,not_walking,not_walking,False,2024-05-09 10:26:46,2024-05-09 10:34:00,salidas_test/transformer_sequence_predictions/05447093A_110_20240509_102646_20240509_103400_transformer_predictions.csv,0,360,360,0,not_walking
05447093A-110,2024-05-09 10:32:52.020000+00:00,2024-05-09T10:32:48.020000+00:00,2024-05-09T10:32:56.020000+00:00,0,not_walking,0.014361836,not_walking,not_walking,False,2024-05-09 10:26:46,2024-05-09 10:34:00,salidas_test/transformer_sequence_predictions/05447093A_110_20240509_102646_20240509_103400_transformer_predictions.csv,0,361,361,0,not_walking
05447093A-110,2024-05-09 10:32:53.020000+00:00,2024-05-09T10:32:49.020000+00:00,2024-05-09T10:32:57.020000+00:00,0,not_walking,0.0228648,not_walking,not_walking,False,2024-05-09 10:26:46,2024-05-09 10:34:00,salidas_test/transformer_sequence_predictions/05447093A_110_20240509_102646_20240509_103400_transformer_predictions.csv,0,362,362,0,not_walking
05447093A-110,2024-05-09 10:32:54.020000+00:00,2024-05-09T10:32:50.020000+00:00,2024-05-09T10:32:58.020000+00:00,0,not_walking,0.019170802,not_walking,not_walking,False,2024-05-09 10:26:46,2024-05-09 10:34:00,salidas_test/transformer_sequence_predictions/05447093A_110_20240509_102646_20240509_103400_transformer_predictions.csv,0,363,363,0,not_walking
05447093A-110,2024-05-09 10:32:55.020000+00:00,2024-05-09T10:32:51.020000+00:00,2024-05-09T10:32:59.020000+00:00,0,not_walking,0.014448695,not_walking,not_walking,False,2024-05-09 10:26:46,2024-05-09 10:34:00,salidas_test/transformer_sequence_predictions/05447093A_110_20240509_102646_20240509_103400_transformer_predictions.csv,0,364,364,0,not_walking
05447093A-110,2024-05-09 10:32:56.020000+00:00,2024-05-09T10:32:52.020000+00:00,2024-05-09T10:33:00.020000+00:00,0,not_walking,0.0125846295,not_walking,not_walking,False,2024-05-09 10:26:46,2024-05-09 10:34:00,salidas_test/transformer_sequence_predictions/05447093A_110_20240509_102646_20240509_103400_transformer_predictions.csv,0,365,365,0,not_walking
05447093A-110,2024-05-09 10:32:57.020000+00:00,2024-05-09T10:32:53.020000+00:00,2024-05-09T10:33:01.020000+00:00,0,not_walking,0.031052666,not_walking,not_walking,False,2024-05-09 10:26:46,2024-05-09 10:34:00,salidas_test/transformer_sequence_predictions/05447093A_110_20240509_102646_20240509_103400_transformer_predictions.csv,0,366,366,0,not_walking
05447093A-110,2024-05-09 10:32:58.020000+00:00,2024-05-09T10:32:54.020000+00:00,2024-05-09T10:33:02.020000+00:00,0,not_walking,0.023997279,not_walking,not_walking,False,2024-05-09 10:26:46,2024-05-09 10:34:00,salidas_test/transformer_sequence_predictions/05447093A_110_20240509_102646_20240509_103400_transformer_predictions.csv,0,367,367,0,not_walking
05447093A-110,2024-05-09 10:32:59.020000+00:00,2024-05-09T10:32:55.020000+00:00,2024-05-09T10:33:03.020000+00:00,0,not_walking,0.037424743,not_walking,not_walking,False,2024-05-09 10:26:46,2024-05-09 10:34:00,salidas_test/transformer_sequence_predictions/05447093A_110_20240509_102646_20240509_103400_transformer_predictions.csv,0,368,368,0,not_walking
05447093A-110,2024-05-09 10:33:00.020000+00:00,2024-05-09T10:32:56.020000+00:00,2024-05-09T10:33:04.020000+00:00,0,not_walking,0.02665565,not_walking,not_walking,False,2024-05-09 10:26:46,2024-05-09 10:34:00,salidas_test/transformer_sequence_predictions/05447093A_110_20240509_102646_20240509_103400_transformer_predictions.csv,0,369,369,0,not_walking
05447093A-110,2024-05-09 10:33:01.020000+00:00,2024-05-09T10:32:57.020000+00:00,2024-05-09T10:33:05.020000+00:00,0,not_walking,0.013274174,not_walking,not_walking,False,2024-05-09 10:26:46,2024-05-09 10:34:00,salidas_test/transformer_sequence_predictions/05447093A_110_20240509_102646_20240509_103400_transformer_predictions.csv,0,370,370,0,not_walking
05447093A-110,2024-05-09 10:33:02.020000+00:00,2024-05-09T10:32:58.020000+00:00,2024-05-09T10:33:06.020000+00:00,0,not_walking,0.0124644535,not_walking,not_walking,False,2024-05-09 10:26:46,2024-05-09 10:34:00,salidas_test/transformer_sequence_predictions/05447093A_110_20240509_102646_20240509_103400_transformer_predictions.csv,0,371,371,0,not_walking
05447093A-110,2024-05-09 10:33:03.020000+00:00,2024-05-09T10:32:59.020000+00:00,2024-05-09T10:33:07.020000+00:00,0,not_walking,0.019163612,not_walking,not_walking,False,2024-05-09 10:26:46,2024-05-09 10:34:00,salidas_test/transformer_sequence_predictions/05447093A_110_20240509_102646_20240509_103400_transformer_predictions.csv,0,372,372,0,not_walking
05447093A-110,2024-05-09 10:33:04.020000+00:00,2024-05-09T10:33:00.020000+00:00,2024-05-09T10:33:08.020000+00:00,0,not_walking,0.016697397,not_walking,not_walking,False,2024-05-09 10:26:46,2024-05-09 10:34:00,salidas_test/transformer_sequence_predictions/05447093A_110_20240509_102646_20240509_103400_transformer_predictions.csv,0,373,373,0,not_walking
05447093A-110,2024-05-09 10:33:05.020000+00:00,2024-05-09T10:33:01.020000+00:00,2024-05-09T10:33:09.020000+00:00,0,not_walking,0.018630927,not_walking,not_walking,False,2024-05-09 10:26:46,2024-05-09 10:34:00,salidas_test/transformer_sequence_predictions/05447093A_110_20240509_102646_20240509_103400_transformer_predictions.csv,0,374,374,0,not_walking
05447093A-110,2024-05-09 10:33:06.020000+00:00,2024-05-09T10:33:02.020000+00:00,2024-05-09T10:33:10.020000+00:00,0,not_walking,0.020983363,not_walking,not_walking,False,2024-05-09 10:26:46,2024-05-09 10:34:00,salidas_test/transformer_sequence_predictions/05447093A_110_20240509_102646_20240509_103400_transformer_predictions.csv,0,375,375,0,not_walking
05447093A-110,2024-05-09 10:33:07.020000+00:00,2024-05-09T10:33:03.020000+00:00,2024-05-09T10:33:11.020000+00:00,0,not_walking,0.010877848,not_walking,not_walking,False,2024-05-09 10:26:46,2024-05-09 10:34:00,salidas_test/transformer_sequence_predictions/05447093A_110_20240509_102646_20240509_103400_transformer_predictions.csv,0,376,376,0,not_walking
05447093A-110,2024-05-09 10:33:08.020000+00:00,2024-05-09T10:33:04.020000+00:00,2024-05-09T10:33:12.020000+00:00,0,not_walking,0.02126529,not_walking,not_walking,False,2024-05-09 10:26:46,2024-05-09 10:34:00,salidas_test/transformer_sequence_predictions/05447093A_110_20240509_102646_20240509_103400_transformer_predictions.csv,0,377,377,0,not_walking
05447093A-110,2024-05-09 10:33:09.020000+00:00,2024-05-09T10:33:05.020000+00:00,2024-05-09T10:33:13.020000+00:00,0,not_walking,0.028833818,not_walking,not_walking,False,2024-05-09 10:26:46,2024-05-09 10:34:00,salidas_test/transformer_sequence_predictions/05447093A_110_20240509_102646_20240509_103400_transformer_predictions.csv,0,378,378,0,not_walking
05447093A-110,2024-05-09 10:33:10.020000+00:00,2024-05-09T10:33:06.020000+00:00,2024-05-09T10:33:14.020000+00:00,0,not_walking,0.017901853,not_walking,not_walking,False,2024-05-09 10:26:46,2024-05-09 10:34:00,salidas_test/transformer_sequence_predictions/05447093A_110_20240509_102646_20240509_103400_transformer_predictions.csv,0,379,379,0,not_walking
05447093A-110,2024-05-09 10:33:11.020000+00:00,2024-05-09T10:33:07.020000+00:00,2024-05-09T10:33:15.020000+00:00,0,not_walking,0.037515834,not_walking,not_walking,False,2024-05-09 10:26:46,2024-05-09 10:34:00,salidas_test/transformer_sequence_predictions/05447093A_110_20240509_102646_20240509_103400_transformer_predictions.csv,0,380,380,0,not_walking
05447093A-110,2024-05-09 10:33:12.020000+00:00,2024-05-09T10:33:08.020000+00:00,2024-05-09T10:33:16.020000+00:00,0,not_walking,0.01716558,not_walking,not_walking,False,2024-05-09 10:26:46,2024-05-09 10:34:00,salidas_test/transformer_sequence_predictions/05447093A_110_20240509_102646_20240509_103400_transformer_predictions.csv,0,381,381,0,not_walking
05447093A-110,2024-05-09 10:33:13.020000+00:00,2024-05-09T10:33:09.020000+00:00,2024-05-09T10:33:17.020000+00:00,0,not_walking,0.019004412,not_walking,not_walking,False,2024-05-09 10:26:46,2024-05-09 10:34:00,salidas_test/transformer_sequence_predictions/05447093A_110_20240509_102646_20240509_103400_transformer_predictions.csv,0,382,382,0,not_walking
05447093A-110,2024-05-09 10:33:14.020000+00:00,2024-05-09T10:33:10.020000+00:00,2024-05-09T10:33:18.020000+00:00,0,not_walking,0.015635155,not_walking,not_walking,False,2024-05-09 10:26:46,2024-05-09 10:34:00,salidas_test/transformer_sequence_predictions/05447093A_110_20240509_102646_20240509_103400_transformer_predictions.csv,0,383,383,0,not_walking
05447093A-110,2024-05-09 10:33:15.020000+00:00,2024-05-09T10:33:11.020000+00:00,2024-05-09T10:33:19.020000+00:00,0,not_walking,0.016749179,not_walking,not_walking,False,2024-05-09 10:26:46,2024-05-09 10:34:00,salidas_test/transformer_sequence_predictions/05447093A_110_20240509_102646_20240509_103400_transformer_predictions.csv,0,384,384,0,not_walking
05447093A-110,2024-05-09 10:33:16.020000+00:00,2024-05-09T10:33:12.020000+00:00,2024-05-09T10:33:20.020000+00:00,0,not_walking,0.01751562,not_walking,not_walking,False,2024-05-09 10:26:46,2024-05-09 10:34:00,salidas_test/transformer_sequence_predictions/05447093A_110_20240509_102646_20240509_103400_transformer_predictions.csv,0,385,385,0,not_walking
05447093A-110,2024-05-09 10:33:17.020000+00:00,2024-05-09T10:33:13.020000+00:00,2024-05-09T10:33:21.020000+00:00,0,not_walking,0.019472336,not_walking,not_walking,False,2024-05-09 10:26:46,2024-05-09 10:34:00,salidas_test/transformer_sequence_predictions/05447093A_110_20240509_102646_20240509_103400_transformer_predictions.csv,0,386,386,0,not_walking
05447093A-110,2024-05-09 10:33:18.020000+00:00,2024-05-09T10:33:14.020000+00:00,2024-05-09T10:33:22.020000+00:00,0,not_walking,0.015403992,not_walking,not_walking,False,2024-05-09 10:26:46,2024-05-09 10:34:00,salidas_test/transformer_sequence_predictions/05447093A_110_20240509_102646_20240509_103400_transformer_predictions.csv,0,387,387,0,not_walking
05447093A-110,2024-05-09 10:33:19.020000+00:00,2024-05-09T10:33:15.020000+00:00,2024-05-09T10:33:23.020000+00:00,0,not_walking,0.012604025,not_walking,not_walking,False,2024-05-09 10:26:46,2024-05-09 10:34:00,salidas_test/transformer_sequence_predictions/05447093A_110_20240509_102646_20240509_103400_transformer_predictions.csv,0,388,388,0,not_walking
05447093A-110,2024-05-09 10:33:20.020000+00:00,2024-05-09T10:33:16.020000+00:00,2024-05-09T10:33:24.020000+00:00,0,not_walking,0.011174047,not_walking,not_walking,False,2024-05-09 10:26:46,2024-05-09 10:34:00,salidas_test/transformer_sequence_predictions/05447093A_110_20240509_102646_20240509_103400_transformer_predictions.csv,0,389,389,0,not_walking
05447093A-110,2024-05-09 10:33:21.020000+00:00,2024-05-09T10:33:17.020000+00:00,2024-05-09T10:33:25.020000+00:00,0,not_walking,0.012143108,not_walking,not_walking,False,2024-05-09 10:26:46,2024-05-09 10:34:00,salidas_test/transformer_sequence_predictions/05447093A_110_20240509_102646_20240509_103400_transformer_predictions.csv,0,390,390,0,not_walking
05447093A-110,2024-05-09 10:33:22.020000+00:00,2024-05-09T10:33:18.020000+00:00,2024-05-09T10:33:26.020000+00:00,0,not_walking,0.015898528,not_walking,not_walking,False,2024-05-09 10:26:46,2024-05-09 10:34:00,salidas_test/transformer_sequence_predictions/05447093A_110_20240509_102646_20240509_103400_transformer_predictions.csv,0,391,391,0,not_walking
05447093A-110,2024-05-09 10:33:23.020000+00:00,2024-05-09T10:33:19.020000+00:00,2024-05-09T10:33:27.020000+00:00,0,not_walking,0.034733865,not_walking,not_walking,False,2024-05-09 10:26:46,2024-05-09 10:34:00,salidas_test/transformer_sequence_predictions/05447093A_110_20240509_102646_20240509_103400_transformer_predictions.csv,0,392,392,0,not_walking
05447093A-110,2024-05-09 10:33:24.020000+00:00,2024-05-09T10:33:20.020000+00:00,2024-05-09T10:33:28.020000+00:00,0,not_walking,0.031564925,not_walking,not_walking,False,2024-05-09 10:26:46,2024-05-09 10:34:00,salidas_test/transformer_sequence_predictions/05447093A_110_20240509_102646_20240509_103400_transformer_predictions.csv,0,393,393,0,not_walking
05447093A-110,2024-05-09 10:33:25.020000+00:00,2024-05-09T10:33:21.020000+00:00,2024-05-09T10:33:29.020000+00:00,0,not_walking,0.02553964,not_walking,not_walking,False,2024-05-09 10:26:46,2024-05-09 10:34:00,salidas_test/transformer_sequence_predictions/05447093A_110_20240509_102646_20240509_103400_transformer_predictions.csv,0,394,394,0,not_walking
05447093A-110,2024-05-09 10:33:26.020000+00:00,2024-05-09T10:33:22.020000+00:00,2024-05-09T10:33:30.020000+00:00,0,not_walking,0.017416647,not_walking,not_walking,False,2024-05-09 10:26:46,2024-05-09 10:34:00,salidas_test/transformer_sequence_predictions/05447093A_110_20240509_102646_20240509_103400_transformer_predictions.csv,0,395,395,0,not_walking
05447093A-110,2024-05-09 10:33:27.020000+00:00,2024-05-09T10:33:23.020000+00:00,2024-05-09T10:33:31.020000+00:00,0,not_walking,0.01492015,not_walking,not_walking,False,2024-05-09 10:26:46,2024-05-09 10:34:00,salidas_test/transformer_sequence_predictions/05447093A_110_20240509_102646_20240509_103400_transformer_predictions.csv,0,396,396,0,not_walking
05447093A-110,2024-05-09 10:33:28.020000+00:00,2024-05-09T10:33:24.020000+00:00,2024-05-09T10:33:32.020000+00:00,0,not_walking,0.0191882,not_walking,not_walking,False,2024-05-09 10:26:46,2024-05-09 10:34:00,salidas_test/transformer_sequence_predictions/05447093A_110_20240509_102646_20240509_103400_transformer_predictions.csv,0,397,397,0,not_walking
05447093A-110,2024-05-09 10:33:29.020000+00:00,2024-05-09T10:33:25.020000+00:00,2024-05-09T10:33:33.020000+00:00,0,not_walking,0.01743871,not_walking,not_walking,False,2024-05-09 10:26:46,2024-05-09 10:34:00,salidas_test/transformer_sequence_predictions/05447093A_110_20240509_102646_20240509_103400_transformer_predictions.csv,0,398,398,0,not_walking
05447093A-110,2024-05-09 10:33:30.020000+00:00,2024-05-09T10:33:26.020000+00:00,2024-05-09T10:33:34.020000+00:00,0,not_walking,0.027891343,not_walking,not_walking,False,2024-05-09 10:26:46,2024-05-09 10:34:00,salidas_test/transformer_sequence_predictions/05447093A_110_20240509_102646_20240509_103400_transformer_predictions.csv,0,399,399,0,not_walking
05447093A-110,2024-05-09 10:33:31.020000+00:00,2024-05-09T10:33:27.020000+00:00,2024-05-09T10:33:35.020000+00:00,0,not_walking,0.020903599,not_walking,not_walking,False,2024-05-09 10:26:46,2024-05-09 10:34:00,salidas_test/transformer_sequence_predictions/05447093A_110_20240509_102646_20240509_103400_transformer_predictions.csv,0,400,400,0,not_walking
05447093A-110,2024-05-09 10:33:32.020000+00:00,2024-05-09T10:33:28.020000+00:00,2024-05-09T10:33:36.020000+00:00,0,not_walking,0.014752921,not_walking,not_walking,False,2024-05-09 10:26:46,2024-05-09 10:34:00,salidas_test/transformer_sequence_predictions/05447093A_110_20240509_102646_20240509_103400_transformer_predictions.csv,0,401,401,0,not_walking
05447093A-110,2024-05-09 10:33:33.020000+00:00,2024-05-09T10:33:29.020000+00:00,2024-05-09T10:33:37.020000+00:00,0,not_walking,0.020678246,not_walking,not_walking,False,2024-05-09 10:26:46,2024-05-09 10:34:00,salidas_test/transformer_sequence_predictions/05447093A_110_20240509_102646_20240509_103400_transformer_predictions.csv,0,402,402,0,not_walking
05447093A-110,2024-05-09 10:33:34.020000+00:00,2024-05-09T10:33:30.020000+00:00,2024-05-09T10:33:38.020000+00:00,0,not_walking,0.01532778,not_walking,not_walking,False,2024-05-09 10:26:46,2024-05-09 10:34:00,salidas_test/transformer_sequence_predictions/05447093A_110_20240509_102646_20240509_103400_transformer_predictions.csv,0,403,403,0,not_walking
05447093A-110,2024-05-09 10:33:35.020000+00:00,2024-05-09T10:33:31.020000+00:00,2024-05-09T10:33:39.020000+00:00,0,not_walking,0.056596693,not_walking,not_walking,False,2024-05-09 10:26:46,2024-05-09 10:34:00,salidas_test/transformer_sequence_predictions/05447093A_110_20240509_102646_20240509_103400_transformer_predictions.csv,0,404,404,0,not_walking
05447093A-110,2024-05-09 10:33:36.020000+00:00,2024-05-09T10:33:32.020000+00:00,2024-05-09T10:33:40.020000+00:00,0,not_walking,0.031910185,not_walking,not_walking,False,2024-05-09 10:26:46,2024-05-09 10:34:00,salidas_test/transformer_sequence_predictions/05447093A_110_20240509_102646_20240509_103400_transformer_predictions.csv,0,405,405,0,not_walking
05447093A-110,2024-05-09 10:33:37.020000+00:00,2024-05-09T10:33:33.020000+00:00,2024-05-09T10:33:41.020000+00:00,0,not_walking,0.01265984,not_walking,not_walking,False,2024-05-09 10:26:46,2024-05-09 10:34:00,salidas_test/transformer_sequence_predictions/05447093A_110_20240509_102646_20240509_103400_transformer_predictions.csv,0,406,406,0,not_walking
05447093A-110,2024-05-09 10:33:38.020000+00:00,2024-05-09T10:33:34.020000+00:00,2024-05-09T10:33:42.020000+00:00,0,not_walking,0.018785581,not_walking,not_walking,False,2024-05-09 10:26:46,2024-05-09 10:34:00,salidas_test/transformer_sequence_predictions/05447093A_110_20240509_102646_20240509_103400_transformer_predictions.csv,0,407,407,0,not_walking
05447093A-110,2024-05-09 10:33:39.020000+00:00,2024-05-09T10:33:35.020000+00:00,2024-05-09T10:33:43.020000+00:00,0,not_walking,0.014230644,not_walking,not_walking,False,2024-05-09 10:26:46,2024-05-09 10:34:00,salidas_test/transformer_sequence_predictions/05447093A_110_20240509_102646_20240509_103400_transformer_predictions.csv,0,408,408,0,not_walking
05447093A-110,2024-05-09 10:33:40.020000+00:00,2024-05-09T10:33:36.020000+00:00,2024-05-09T10:33:44.020000+00:00,0,not_walking,0.021417683,not_walking,not_walking,False,2024-05-09 10:26:46,2024-05-09 10:34:00,salidas_test/transformer_sequence_predictions/05447093A_110_20240509_102646_20240509_103400_transformer_predictions.csv,0,409,409,0,not_walking
05447093A-110,2024-05-09 10:33:41.020000+00:00,2024-05-09T10:33:37.020000+00:00,2024-05-09T10:33:45.020000+00:00,0,not_walking,0.020130686,not_walking,not_walking,False,2024-05-09 10:26:46,2024-05-09 10:34:00,salidas_test/transformer_sequence_predictions/05447093A_110_20240509_102646_20240509_103400_transformer_predictions.csv,0,410,410,0,not_walking
05447093A-110,2024-05-09 10:33:42.020000+00:00,2024-05-09T10:33:38.020000+00:00,2024-05-09T10:33:46.020000+00:00,0,not_walking,0.019871261,not_walking,not_walking,False,2024-05-09 10:26:46,2024-05-09 10:34:00,salidas_test/transformer_sequence_predictions/05447093A_110_20240509_102646_20240509_103400_transformer_predictions.csv,0,411,411,0,not_walking
05447093A-110,2024-05-09 10:33:43.020000+00:00,2024-05-09T10:33:39.020000+00:00,2024-05-09T10:33:47.020000+00:00,0,not_walking,0.022598224,not_walking,not_walking,False,2024-05-09 10:26:46,2024-05-09 10:34:00,salidas_test/transformer_sequence_predictions/05447093A_110_20240509_102646_20240509_103400_transformer_predictions.csv,0,412,412,0,not_walking
05447093A-110,2024-05-09 10:33:44.020000+00:00,2024-05-09T10:33:40.020000+00:00,2024-05-09T10:33:48.020000+00:00,0,not_walking,0.021089735,not_walking,not_walking,False,2024-05-09 10:26:46,2024-05-09 10:34:00,salidas_test/transformer_sequence_predictions/05447093A_110_20240509_102646_20240509_103400_transformer_predictions.csv,0,413,413,0,not_walking
05447093A-110,2024-05-09 10:33:45.020000+00:00,2024-05-09T10:33:41.020000+00:00,2024-05-09T10:33:49.020000+00:00,0,not_walking,0.0148228025,not_walking,not_walking,False,2024-05-09 10:26:46,2024-05-09 10:34:00,salidas_test/transformer_sequence_predictions/05447093A_110_20240509_102646_20240509_103400_transformer_predictions.csv,0,414,414,0,not_walking
05447093A-110,2024-05-09 10:33:46.020000+00:00,2024-05-09T10:33:42.020000+00:00,2024-05-09T10:33:50.020000+00:00,0,not_walking,0.023506967,not_walking,not_walking,False,2024-05-09 10:26:46,2024-05-09 10:34:00,salidas_test/transformer_sequence_predictions/05447093A_110_20240509_102646_20240509_103400_transformer_predictions.csv,0,415,415,0,not_walking
05447093A-110,2024-05-09 10:33:47.020000+00:00,2024-05-09T10:33:43.020000+00:00,2024-05-09T10:33:51.020000+00:00,0,not_walking,0.019605272,not_walking,not_walking,False,2024-05-09 10:26:46,2024-05-09 10:34:00,salidas_test/transformer_sequence_predictions/05447093A_110_20240509_102646_20240509_103400_transformer_predictions.csv,0,416,416,0,not_walking
05447093A-110,2024-05-09 10:33:48.020000+00:00,2024-05-09T10:33:44.020000+00:00,2024-05-09T10:33:52.020000+00:00,0,not_walking,0.015654719,not_walking,not_walking,False,2024-05-09 10:26:46,2024-05-09 10:34:00,salidas_test/transformer_sequence_predictions/05447093A_110_20240509_102646_20240509_103400_transformer_predictions.csv,0,417,417,0,not_walking
05447093A-110,2024-05-09 10:33:49.020000+00:00,2024-05-09T10:33:45.020000+00:00,2024-05-09T10:33:53.020000+00:00,0,not_walking,0.014508754,not_walking,not_walking,False,2024-05-09 10:26:46,2024-05-09 10:34:00,salidas_test/transformer_sequence_predictions/05447093A_110_20240509_102646_20240509_103400_transformer_predictions.csv,0,418,418,0,not_walking
05447093A-110,2024-05-09 10:33:50.020000+00:00,2024-05-09T10:33:46.020000+00:00,2024-05-09T10:33:54.020000+00:00,0,not_walking,0.027774448,not_walking,not_walking,False,2024-05-09 10:26:46,2024-05-09 10:34:00,salidas_test/transformer_sequence_predictions/05447093A_110_20240509_102646_20240509_103400_transformer_predictions.csv,0,419,419,0,not_walking
05447093A-110,2024-05-09 10:33:51.020000+00:00,2024-05-09T10:33:47.020000+00:00,2024-05-09T10:33:55.020000+00:00,0,not_walking,0.034935314,not_walking,not_walking,False,2024-05-09 10:26:46,2024-05-09 10:34:00,salidas_test/transformer_sequence_predictions/05447093A_110_20240509_102646_20240509_103400_transformer_predictions.csv,0,420,420,0,not_walking
05447093A-110,2024-05-09 10:33:52.020000+00:00,2024-05-09T10:33:48.020000+00:00,2024-05-09T10:33:56.020000+00:00,0,not_walking,0.043599147,not_walking,not_walking,False,2024-05-09 10:26:46,2024-05-09 10:34:00,salidas_test/transformer_sequence_predictions/05447093A_110_20240509_102646_20240509_103400_transformer_predictions.csv,0,421,421,0,not_walking
05447093A-110,2024-05-09 10:33:53.020000+00:00,2024-05-09T10:33:49.020000+00:00,2024-05-09T10:33:57.020000+00:00,0,not_walking,0.037670616,not_walking,not_walking,False,2024-05-09 10:26:46,2024-05-09 10:34:00,salidas_test/transformer_sequence_predictions/05447093A_110_20240509_102646_20240509_103400_transformer_predictions.csv,0,422,422,0,not_walking
05447093A-110,2024-05-09 10:33:54.020000+00:00,2024-05-09T10:33:50.020000+00:00,2024-05-09T10:33:58.020000+00:00,0,not_walking,0.014841888,not_walking,not_walking,False,2024-05-09 10:26:46,2024-05-09 10:34:00,salidas_test/transformer_sequence_predictions/05447093A_110_20240509_102646_20240509_103400_transformer_predictions.csv,0,423,423,0,not_walking
