reference,time_center,sequence_start_time,sequence_end_time,prediction,prediction_label,walking_probability,true_label,expected_content,seen_patient,segment_from_time,segment_until_time,prediction_file,stitched_segment_order,stitched_row,stitched_time_s,stitched_prediction,stitched_prediction_label
47046344M-104,2024-10-15 07:30:07.050000+00:00,2024-10-15T07:30:03.050000+00:00,2024-10-15T07:30:11.050000+00:00,1,walking,0.96975964,walking,walking,True,2024-10-15 07:30:02,2024-10-15 07:30:16,salidas_test/transformer_sequence_predictions/47046344M_104_20241015_073002_20241015_073016_transformer_predictions.csv,0,0,0,0,not_walking
47046344M-104,2024-10-15 07:30:08.050000+00:00,2024-10-15T07:30:04.050000+00:00,2024-10-15T07:30:12.050000+00:00,1,walking,0.9616628,walking,walking,True,2024-10-15 07:30:02,2024-10-15 07:30:16,salidas_test/transformer_sequence_predictions/47046344M_104_20241015_073002_20241015_073016_transformer_predictions.csv,0,1,1,0,not_walking
47046344M-104,2024-10-15 07:30:09.050000+00:00,2024-10-15T07:30:05.050000+00:00,2024-10-15T07:30:13.050000+00:00,1,walking,0.9558374,walking,walking,True,2024-10-15 07:30:02,2024-10-15 07:30:16,salidas_test/transformer_sequence_predictions/47046344M_104_20241015_073002_20241015_073016_transformer_predictions.csv,0,2,2,0,not_walking
47046344M-104,2024-10-15 07:30:10.050000+00:00,2024-10-15T07:30:06.050000+00:00,2024-10-15T07:30:14.050000+00:00,1,walking,0.9810207,walking,walking,True,2024-10-15 07:30:02,2024-10-15 07:30:16,salidas_test/transformer_sequence_predictions/47046344M_104_20241015_073002_20241015_073016_transformer_predictions.csv,0,3,3,0,not_walking
47046344M-104,2024-10-15 07:41:15.020000+00:00,2024-10-15T07:41:11.020000+00:00,2024-10-15T07:41:19.020000+00:00,1,walking,0.7673012,not_walking,not_walking,True,2024-10-15 07:41:10,2024-10-15 07:43:24,salidas_test/transformer_sequence_predictions/47046344M_104_20241015_074110_20241015_074324_transformer_predictions.csv,1,4,4,0,not_walking
47046344M-104,2024-10-15 07:41:16.020000+00:00,2024-10-15T07:41:12.020000+00:00,2024-10-15T07:41:20.020000+00:00,0,not_walking,0.28715032,not_walking,not_walking,True,2024-10-15 07:41:10,2024-10-15 07:43:24,salidas_test/transformer_sequence_predictions/47046344M_104_20241015_074110_20241015_074324_transformer_predictions.csv,1,5,5,0,not_walking
47046344M-104,2024-10-15 07:41:17.020000+00:00,2024-10-15T07:41:13.020000+00:00,2024-10-15T07:41:21.020000+00:00,0,not_walking,0.29799387,not_walking,not_walking,True,2024-10-15 07:41:10,2024-10-15 07:43:24,salidas_test/transformer_sequence_predictions/47046344M_104_20241015_074110_20241015_074324_transformer_predictions.csv,1,6,6,0,not_walking
47046344M-104,2024-10-15 07:41:18.020000+00:00,2024-10-15T07:41:14.020000+00:00,2024-10-15T07:41:22.020000+00:00,1,walking,0.47376576,not_walking,not_walking,True,2024-10-15 07:41:10,2024-10-15 07:43:24,salidas_test/transformer_sequence_predictions/47046344M_104_20241015_074110_20241015_074324_transformer_predictions.csv,1,7,7,0,not_walking
47046344M-104,2024-10-15 07:41:19.020000+00:00,2024-10-15T07:41:15.020000+00:00,2024-10-15T07:41:23.020000+00:00,0,not_walking,0.41859734,not_walking,not_walking,True,2024-10-15 07:41:10,2024-10-15 07:43:24,salidas_test/transformer_sequence_predictions/47046344M_104_20241015_074110_20241015_074324_transformer_predictions.csv,1,8,8,0,not_walking
47046344M-104,2024-10-15 07:41:20.020000+00:00,2024-10-15T07:41:16.020000+00:00,2024-10-15T07:41:24.020000+00:00,0,not_walking,0.2750448,not_walking,not_walking,True,2024-10-15 07:41:10,2024-10-15 07:43:24,salidas_test/transformer_sequence_predictions/47046344M_104_20241015_074110_20241015_074324_transformer_predictions.csv,1,9,9,0,not_walking
47046344M-104,2024-10-15 07:41:21.020000+00:00,2024-10-15T07:41:17.020000+00:00,2024-10-15T07:41:25.020000+00:00,0,not_walking,0.2409487,not_walking,not_walking,True,2024-10-15 07:41:10,2024-10-15 07:43:24,salidas_test/transformer_sequence_predictions/47046344M_104_20241015_074110_20241015_074324_transformer_predictions.csv,1,10,10,0,not_walking
47046344M-104,2024-10-15 07:41:22.020000+00:00,2024-10-15T07:41:18.020000+00:00,2024-10-15T07:41:26.020000+00:00,1,walking,0.4660756,not_walking,not_walking,True,2024-10-15 07:41:10,2024-10-15 07:43:24,salidas_test/transformer_sequence_predictions/47046344M_104_20241015_074110_20241015_074324_transformer_predictions.csv,1,11,11,0,not_walking
47046344M-104,2024-10-15 07:41:23.020000+00:00,2024-10-15T07:41:19.020000+00:00,2024-10-15T07:41:27.020000+00:00,1,walking,0.98812973,not_walking,not_walking,True,2024-10-15 07:41:10,2024-10-15 07:43:24,salidas_test/transformer_sequence_predictions/47046344M_104_20241015_074110_20241015_074324_transformer_predictions.csv,1,12,12,0,not_walking
47046344M-104,2024-10-15 07:41:24.020000+00:00,2024-10-15T07:41:20.020000+00:00,2024-10-15T07:41:28.020000+00:00,0,not_walking,0.083923735,not_walking,not_walking,True,2024-10-15 07:41:10,2024-10-15 07:43:24,salidas_test/transformer_sequence_predictions/47046344M_104_20241015_074110_20241015_074324_transformer_predictions.csv,1,13,13,0,not_walking
47046344M-104,2024-10-15 07:41:25.020000+00:00,2024-10-15T07:41:21.020000+00:00,2024-10-15T07:41:29.020000+00:00,0,not_walking,0.03586911,not_walking,not_walking,True,2024-10-15 07:41:10,2024-10-15 07:43:24,salidas_test/transformer_sequence_predictions/47046344M_104_20241015_074110_20241015_074324_transformer_predictions.csv,1,14,14,0,not_walking
47046344M-104,2024-10-15 07:41:26.020000+00:00,2024-10-15T07:41:22.020000+00:00,2024-10-15T07:41:30.020000+00:00,1,walking,0.6852174,not_walking,not_walking,True,2024-10-15 07:41:10,2024-10-15 07:43:24,salidas_test/transformer_sequence_predictions/47046344M_104_20241015_074110_20241015_074324_transformer_predictions.csv,1,15,15,1,walking
47046344M-104,2024-10-15 07:41:27.020000+00:00,2024-10-15T07:41:23.020000+00:00,2024-10-15T07:41:31.020000+00:00,1,walking,0.77869046,not_walking,not_walking,True,2024-10-15 07:41:10,2024-10-15 07:43:24,salidas_test/transformer_sequence_predictions/47046344M_104_20241015_074110_20241015_074324_transformer_predictions.csv,1,16,16,1,walking
47046344M-104,2024-10-15 07:41:28.020000+00:00,2024-10-15T07:41:24.020000+00:00,2024-10-15T07:41:32.020000+00:00,1,walking,0.9163389,not_walking,not_walking,True,2024-10-15 07:41:10,2024-10-15 07:43:24,salidas_test/transformer_sequence_predictions/47046344M_104_20241015_074110_20241015_074324_transformer_predictions.csv,1,17,17,1,walking
47046344M-104,2024-10-15 07:41:29.020000+00:00,2024-10-15T07:41:25.020000+00:00,2024-10-15T07:41:33.020000+00:00,1,walking,0.7922903,not_walking,not_walking,True,2024-10-15 07:41:10,2024-10-15 07:43:24,salidas_test/transformer_sequence_predictions/47046344M_104_20241015_074110_20241015_074324_transformer_predictions.csv,1,18,18,1,walking
47046344M-104,2024-10-15 07:41:30.020000+00:00,2024-10-15T07:41:26.020000+00:00,2024-10-15T07:41:34.020000+00:00,1,walking,0.87759495,not_walking,not_walking,True,2024-10-15 07:41:10,2024-10-15 07:43:24,salidas_test/transformer_sequence_predictions/47046344M_104_20241015_074110_20241015_074324_transformer_predictions.csv,1,19,19,1,walking
47046344M-104,2024-10-15 07:41:31.020000+00:00,2024-10-15T07:41:27.020000+00:00,2024-10-15T07:41:35.020000+00:00,1,walking,0.9110735,not_walking,not_walking,True,2024-10-15 07:41:10,2024-10-15 07:43:24,salidas_test/transformer_sequence_predictions/47046344M_104_20241015_074110_20241015_074324_transformer_predictions.csv,1,20,20,1,walking
47046344M-104,2024-10-15 07:41:32.020000+00:00,2024-10-15T07:41:28.020000+00:00,2024-10-15T07:41:36.020000+00:00,1,walking,0.8377821,not_walking,not_walking,True,2024-10-15 07:41:10,2024-10-15 07:43:24,salidas_test/transformer_sequence_predictions/47046344M_104_20241015_074110_20241015_074324_transformer_predictions.csv,1,21,21,1,walking
47046344M-104,2024-10-15 07:41:33.020000+00:00,2024-10-15T07:41:29.020000+00:00,2024-10-15T07:41:37.020000+00:00,1,walking,0.9141927,not_walking,not_walking,True,2024-10-15 07:41:10,2024-10-15 07:43:24,salidas_test/transformer_sequence_predictions/47046344M_104_20241015_074110_20241015_074324_transformer_predictions.csv,1,22,22,1,walking
47046344M-104,2024-10-15 07:41:34.020000+00:00,2024-10-15T07:41:30.020000+00:00,2024-10-15T07:41:38.020000+00:00,1,walking,0.9163042,not_walking,not_walking,True,2024-10-15 07:41:10,2024-10-15 07:43:24,salidas_test/transformer_sequence_predictions/47046344M_104_20241015_074110_20241015_074324_transformer_predictions.csv,1,23,23,1,walking
47046344M-104,2024-10-15 07:41:35.020000+00:00,2024-10-15T07:41:31.020000+00:00,2024-10-15T07:41:39.020000+00:00,1,walking,0.72301465,not_walking,not_walking,True,2024-10-15 07:41:10,2024-10-15 07:43:24,salidas_test/transformer_sequence_predictions/47046344M_104_20241015_074110_20241015_074324_transformer_predictions.csv,1,24,24,1,walking
47046344M-104,2024-10-15 07:41:36.020000+00:00,2024-10-15T07:41:32.020000+00:00,2024-10-15T07:41:40.020000+00:00,0,not_walking,0.4251184,not_walking,not_walking,True,2024-10-15 07:41:10,2024-10-15 07:43:24,salidas_test/transformer_sequence_predictions/47046344M_104_20241015_074110_20241015_074324_transformer_predictions.csv,1,25,25,0,not_walking
47046344M-104,2024-10-15 07:41:37.020000+00:00,2024-10-15T07:41:33.020000+00:00,2024-10-15T07:41:41.020000+00:00,1,walking,0.52906716,not_walking,not_walking,True,2024-10-15 07:41:10,2024-10-15 07:43:24,salidas_test/transformer_sequence_predictions/47046344M_104_20241015_074110_20241015_074324_transformer_predictions.csv,1,26,26,0,not_walking
47046344M-104,2024-10-15 07:41:38.020000+00:00,2024-10-15T07:41:34.020000+00:00,2024-10-15T07:41:42.020000+00:00,0,not_walking,0.2189853,not_walking,not_walking,True,2024-10-15 07:41:10,2024-10-15 07:43:24,salidas_test/transformer_sequence_predictions/47046344M_104_20241015_074110_20241015_074324_transformer_predictions.csv,1,27,27,0,not_walking
47046344M-104,2024-10-15 07:41:39.020000+00:00,2024-10-15T07:41:35.020000+00:00,2024-10-15T07:41:43.020000+00:00,0,not_walking,0.40128127,not_walking,not_walking,True,2024-10-15 07:41:10,2024-10-15 07:43:24,salidas_test/transformer_sequence_predictions/47046344M_104_20241015_074110_20241015_074324_transformer_predictions.csv,1,28,28,0,not_walking
47046344M-104,2024-10-15 07:41:40.020000+00:00,2024-10-15T07:41:36.020000+00:00,2024-10-15T07:41:44.020000+00:00,1,walking,0.44846198,not_walking,not_walking,True,2024-10-15 07:41:10,2024-10-15 07:43:24,salidas_test/transformer_sequence_predictions/47046344M_104_20241015_074110_20241015_074324_transformer_predictions.csv,1,29,29,0,not_walking
47046344M-104,2024-10-15 07:41:41.020000+00:00,2024-10-15T07:41:37.020000+00:00,2024-10-15T07:41:45.020000+00:00,1,walking,0.6012224,not_walking,not_walking,True,2024-10-15 07:41:10,2024-10-15 07:43:24,salidas_test/transformer_sequence_predictions/47046344M_104_20241015_074110_20241015_074324_transformer_predictions.csv,1,30,30,0,not_walking
47046344M-104,2024-10-15 07:41:42.020000+00:00,2024-10-15T07:41:38.020000+00:00,2024-10-15T07:41:46.020000+00:00,1,walking,0.61083615,not_walking,not_walking,True,2024-10-15 07:41:10,2024-10-15 07:43:24,salidas_test/transformer_sequence_predictions/47046344M_104_20241015_074110_20241015_074324_transformer_predictions.csv,1,31,31,0,not_walking
47046344M-104,2024-10-15 07:41:43.020000+00:00,2024-10-15T07:41:39.020000+00:00,2024-10-15T07:41:47.020000+00:00,1,walking,0.4999698,not_walking,not_walking,True,2024-10-15 07:41:10,2024-10-15 07:43:24,salidas_test/transformer_sequence_predictions/47046344M_104_20241015_074110_20241015_074324_transformer_predictions.csv,1,32,32,0,not_walking
47046344M-104,2024-10-15 07:41:44.020000+00:00,2024-10-15T07:41:40.020000+00:00,2024-10-15T07:41:48.020000+00:00,0,not_walking,0.27336627,not_walking,not_walking,True,2024-10-15 07:41:10,2024-10-15 07:43:24,salidas_test/transformer_sequence_predictions/47046344M_104_20241015_074110_20241015_074324_transformer_predictions.csv,1,33,33,0,not_walking
47046344M-104,2024-10-15 07:41:45.020000+00:00,2024-10-15T07:41:41.020000+00:00,2024-10-15T07:41:49.020000+00:00,0,not_walking,0.027621895,not_walking,not_walking,True,2024-10-15 07:41:10,2024-10-15 07:43:24,salidas_test/transformer_sequence_predictions/47046344M_104_20241015_074110_20241015_074324_transformer_predictions.csv,1,34,34,0,not_walking
47046344M-104,2024-10-15 07:41:46.020000+00:00,2024-10-15T07:41:42.020000+00:00,2024-10-15T07:41:50.020000+00:00,0,not_walking,0.10550517,not_walking,not_walking,True,2024-10-15 07:41:10,2024-10-15 07:43:24,salidas_test/transformer_sequence_predictions/47046344M_104_20241015_074110_20241015_074324_transformer_predictions.csv,1,35,35,0,not_walking
47046344M-104,2024-10-15 07:41:47.020000+00:00,2024-10-15T07:41:43.020000+00:00,2024-10-15T07:41:51.020000+00:00,0,not_walking,0.34607074,not_walking,not_walking,True,2024-10-15 07:41:10,2024-10-15 07:43:24,salidas_test/transformer_sequence_predictions/47046344M_104_20241015_074110_20241015_074324_transformer_predictions.csv,1,36,36,0,not_walking
47046344M-104,2024-10-15 07:41:48.020000+00:00,2024-10-15T07:41:44.020000+00:00,2024-10-15T07:41:52.020000+00:00,1,walking,0.8187316,not_walking,not_walking,True,2024-10-15 07:41:10,2024-10-15 07:43:24,salidas_test/transformer_sequence_predictions/47046344M_104_20241015_074110_20241015_074324_transformer_predictions.csv,1,37,37,0,not_walking
47046344M-104,2024-10-15 07:41:49.020000+00:00,2024-10-15T07:41:45.020000+00:00,2024-10-15T07:41:53.020000+00:00,0,not_walking,0.10712725,not_walking,not_walking,True,2024-10-15 07:41:10,2024-10-15 07:43:24,salidas_test/transformer_sequence_predictions/47046344M_104_20241015_074110_20241015_074324_transformer_predictions.csv,1,38,38,0,not_walking
47046344M-104,2024-10-15 07:41:50.020000+00:00,2024-10-15T07:41:46.020000+00:00,2024-10-15T07:41:54.020000+00:00,0,not_walking,0.14186648,not_walking,not_walking,True,2024-10-15 07:41:10,2024-10-15 07:43:24,salidas_test/transformer_sequence_predictions/47046344M_104_20241015_074110_20241015_074324_transformer_predictions.csv,1,39,39,0,not_walking
47046344M-104,2024-10-15 07:41:51.020000+00:00,2024-10-15T07:41:47.020000+00:00,2024-10-15T07:41:55.020000+00:00,0,not_walking,0.022669857,not_walking,not_walking,True,2024-10-15 07:41:10,2024-10-15 07:43:24,salidas_test/transformer_sequence_predictions/47046344M_104_20241015_074110_20241015_074324_transformer_predictions.csv,1,40,40,0,not_walking
47046344M-104,2024-10-15 07:41:52.020000+00:00,2024-10-15T07:41:48.020000+00:00,2024-10-15T07:41:56.020000+00:00,0,not_walking,0.02550287,not_walking,not_walking,True,2024-10-15 07:41:10,2024-10-15 07:43:24,salidas_test/transformer_sequence_predictions/47046344M_104_20241015_074110_20241015_074324_transformer_predictions.csv,1,41,41,0,not_walking
47046344M-104,2024-10-15 07:41:53.020000+00:00,2024-10-15T07:41:49.020000+00:00,2024-10-15T07:41:57.020000+00:00,0,not_walking,0.034695126,not_walking,not_walking,True,2024-10-15 07:41:10,2024-10-15 07:43:24,salidas_test/transformer_sequence_predictions/47046344M_104_20241015_074110_20241015_074324_transformer_predictions.csv,1,42,42,0,not_walking
47046344M-104,2024-10-15 07:41:54.020000+00:00,2024-10-15T07:41:50.020000+00:00,2024-10-15T07:41:58.020000+00:00,0,not_walking,0.13341264,not_walking,not_walking,True,2024-10-15 07:41:10,2024-10-15 07:43:24,salidas_test/transformer_sequence_predictions/47046344M_104_20241015_074110_20241015_074324_transformer_predictions.csv,1,43,43,0,not_walking
47046344M-104,2024-10-15 07:41:55.020000+00:00,2024-10-15T07:41:51.020000+00:00,2024-10-15T07:41:59.020000+00:00,1,walking,0.5401248,not_walking,not_walking,True,2024-10-15 07:41:10,2024-10-15 07:43:24,salidas_test/transformer_sequence_predictions/47046344M_104_20241015_074110_20241015_074324_transformer_predictions.csv,1,44,44,1,walking
47046344M-104,2024-10-15 07:41:56.020000+00:00,2024-10-15T07:41:52.020000+00:00,2024-10-15T07:42:00.020000+00:00,1,walking,0.90510684,not_walking,not_walking,True,2024-10-15 07:41:10,2024-10-15 07:43:24,salidas_test/transformer_sequence_predictions/47046344M_104_20241015_074110_20241015_074324_transformer_predictions.csv,1,45,45,1,walking
47046344M-104,2024-10-15 07:41:57.020000+00:00,2024-10-15T07:41:53.020000+00:00,2024-10-15T07:42:01.020000+00:00,1,walking,0.68131965,not_walking,not_walking,True,2024-10-15 07:41:10,2024-10-15 07:43:24,salidas_test/transformer_sequence_predictions/47046344M_104_20241015_074110_20241015_074324_transformer_predictions.csv,1,46,46,1,walking
47046344M-104,2024-10-15 07:41:58.020000+00:00,2024-10-15T07:41:54.020000+00:00,2024-10-15T07:42:02.020000+00:00,1,walking,0.9873126,not_walking,not_walking,True,2024-10-15 07:41:10,2024-10-15 07:43:24,salidas_test/transformer_sequence_predictions/47046344M_104_20241015_074110_20241015_074324_transformer_predictions.csv,1,47,47,1,walking
47046344M-104,2024-10-15 07:41:59.020000+00:00,2024-10-15T07:41:55.020000+00:00,2024-10-15T07:42:03.020000+00:00,1,walking,0.9918216,not_walking,not_walking,True,2024-10-15 07:41:10,2024-10-15 07:43:24,salidas_test/transformer_sequence_predictions/47046344M_104_20241015_074110_20241015_074324_transformer_predictions.csv,1,48,48,1,walking
47046344M-104,2024-10-15 07:42:00.020000+00:00,2024-10-15T07:41:56.020000+00:00,2024-10-15T07:42:04.020000+00:00,1,walking,0.9492499,not_walking,not_walking,True,2024-10-15 07:41:10,2024-10-15 07:43:24,salidas_test/transformer_sequence_predictions/47046344M_104_20241015_074110_20241015_074324_transformer_predictions.csv,1,49,49,1,walking
47046344M-104,2024-10-15 07:42:01.020000+00:00,2024-10-15T07:41:57.020000+00:00,2024-10-15T07:42:05.020000+00:00,1,walking,0.9180467,not_walking,not_walking,True,2024-10-15 07:41:10,2024-10-15 07:43:24,salidas_test/transformer_sequence_predictions/47046344M_104_20241015_074110_20241015_074324_transformer_predictions.csv,1,50,50,1,walking
47046344M-104,2024-10-15 07:42:02.020000+00:00,2024-10-15T07:41:58.020000+00:00,2024-10-15T07:42:06.020000+00:00,1,walking,0.9691374,not_walking,not_walking,True,2024-10-15 07:41:10,2024-10-15 07:43:24,salidas_test/transformer_sequence_predictions/47046344M_104_20241015_074110_20241015_074324_transformer_predictions.csv,1,51,51,1,walking
47046344M-104,2024-10-15 07:42:03.020000+00:00,2024-10-15T07:41:59.020000+00:00,2024-10-15T07:42:07.020000+00:00,1,walking,0.9043177,not_walking,not_walking,True,2024-10-15 07:41:10,2024-10-15 07:43:24,salidas_test/transformer_sequence_predictions/47046344M_104_20241015_074110_20241015_074324_transformer_predictions.csv,1,52,52,1,walking
47046344M-104,2024-10-15 07:42:04.020000+00:00,2024-10-15T07:42:00.020000+00:00,2024-10-15T07:42:08.020000+00:00,1,walking,0.7977701,not_walking,not_walking,True,2024-10-15 07:41:10,2024-10-15 07:43:24,salidas_test/transformer_sequence_predictions/47046344M_104_20241015_074110_20241015_074324_transformer_predictions.csv,1,53,53,1,walking
47046344M-104,2024-10-15 07:42:05.020000+00:00,2024-10-15T07:42:01.020000+00:00,2024-10-15T07:42:09.020000+00:00,1,walking,0.57864934,not_walking,not_walking,True,2024-10-15 07:41:10,2024-10-15 07:43:24,salidas_test/transformer_sequence_predictions/47046344M_104_20241015_074110_20241015_074324_transformer_predictions.csv,1,54,54,1,walking
47046344M-104,2024-10-15 07:42:06.020000+00:00,2024-10-15T07:42:02.020000+00:00,2024-10-15T07:42:10.020000+00:00,0,not_walking,0.23129292,not_walking,not_walking,True,2024-10-15 07:41:10,2024-10-15 07:43:24,salidas_test/transformer_sequence_predictions/47046344M_104_20241015_074110_20241015_074324_transformer_predictions.csv,1,55,55,0,not_walking
47046344M-104,2024-10-15 07:42:07.020000+00:00,2024-10-15T07:42:03.020000+00:00,2024-10-15T07:42:11.020000+00:00,0,not_walking,0.18355586,not_walking,not_walking,True,2024-10-15 07:41:10,2024-10-15 07:43:24,salidas_test/transformer_sequence_predictions/47046344M_104_20241015_074110_20241015_074324_transformer_predictions.csv,1,56,56,0,not_walking
47046344M-104,2024-10-15 07:42:08.020000+00:00,2024-10-15T07:42:04.020000+00:00,2024-10-15T07:42:12.020000+00:00,1,walking,0.57861286,not_walking,not_walking,True,2024-10-15 07:41:10,2024-10-15 07:43:24,salidas_test/transformer_sequence_predictions/47046344M_104_20241015_074110_20241015_074324_transformer_predictions.csv,1,57,57,0,not_walking
47046344M-104,2024-10-15 07:42:09.020000+00:00,2024-10-15T07:42:05.020000+00:00,2024-10-15T07:42:13.020000+00:00,1,walking,0.7693192,not_walking,not_walking,True,2024-10-15 07:41:10,2024-10-15 07:43:24,salidas_test/transformer_sequence_predictions/47046344M_104_20241015_074110_20241015_074324_transformer_predictions.csv,1,58,58,0,not_walking
47046344M-104,2024-10-15 07:42:10.020000+00:00,2024-10-15T07:42:06.020000+00:00,2024-10-15T07:42:14.020000+00:00,1,walking,0.74621505,not_walking,not_walking,True,2024-10-15 07:41:10,2024-10-15 07:43:24,salidas_test/transformer_sequence_predictions/47046344M_104_20241015_074110_20241015_074324_transformer_predictions.csv,1,59,59,0,not_walking
47046344M-104,2024-10-15 07:42:11.020000+00:00,2024-10-15T07:42:07.020000+00:00,2024-10-15T07:42:15.020000+00:00,1,walking,0.90859705,not_walking,not_walking,True,2024-10-15 07:41:10,2024-10-15 07:43:24,salidas_test/transformer_sequence_predictions/47046344M_104_20241015_074110_20241015_074324_transformer_predictions.csv,1,60,60,0,not_walking
47046344M-104,2024-10-15 07:42:12.020000+00:00,2024-10-15T07:42:08.020000+00:00,2024-10-15T07:42:16.020000+00:00,0,not_walking,0.30771622,not_walking,not_walking,True,2024-10-15 07:41:10,2024-10-15 07:43:24,salidas_test/transformer_sequence_predictions/47046344M_104_20241015_074110_20241015_074324_transformer_predictions.csv,1,61,61,0,not_walking
47046344M-104,2024-10-15 07:42:13.020000+00:00,2024-10-15T07:42:09.020000+00:00,2024-10-15T07:42:17.020000+00:00,0,not_walking,0.3723056,not_walking,not_walking,True,2024-10-15 07:41:10,2024-10-15 07:43:24,salidas_test/transformer_sequence_predictions/47046344M_104_20241015_074110_20241015_074324_transformer_predictions.csv,1,62,62,0,not_walking
47046344M-104,2024-10-15 07:42:14.020000+00:00,2024-10-15T07:42:10.020000+00:00,2024-10-15T07:42:18.020000+00:00,1,walking,0.7618566,not_walking,not_walking,True,2024-10-15 07:41:10,2024-10-15 07:43:24,salidas_test/transformer_sequence_predictions/47046344M_104_20241015_074110_20241015_074324_transformer_predictions.csv,1,63,63,0,not_walking
47046344M-104,2024-10-15 07:42:15.020000+00:00,2024-10-15T07:42:11.020000+00:00,2024-10-15T07:42:19.020000+00:00,0,not_walking,0.022768555,not_walking,not_walking,True,2024-10-15 07:41:10,2024-10-15 07:43:24,salidas_test/transformer_sequence_predictions/47046344M_104_20241015_074110_20241015_074324_transformer_predictions.csv,1,64,64,0,not_walking
47046344M-104,2024-10-15 07:42:16.020000+00:00,2024-10-15T07:42:12.020000+00:00,2024-10-15T07:42:20.020000+00:00,0,not_walking,0.009848047,not_walking,not_walking,True,2024-10-15 07:41:10,2024-10-15 07:43:24,salidas_test/transformer_sequence_predictions/47046344M_104_20241015_074110_20241015_074324_transformer_predictions.csv,1,65,65,0,not_walking
47046344M-104,2024-10-15 07:42:17.020000+00:00,2024-10-15T07:42:13.020000+00:00,2024-10-15T07:42:21.020000+00:00,0,not_walking,0.1903029,not_walking,not_walking,True,2024-10-15 07:41:10,2024-10-15 07:43:24,salidas_test/transformer_sequence_predictions/47046344M_104_20241015_074110_20241015_074324_transformer_predictions.csv,1,66,66,0,not_walking
47046344M-104,2024-10-15 07:42:18.020000+00:00,2024-10-15T07:42:14.020000+00:00,2024-10-15T07:42:22.020000+00:00,0,not_walking,0.010068377,not_walking,not_walking,True,2024-10-15 07:41:10,2024-10-15 07:43:24,salidas_test/transformer_sequence_predictions/47046344M_104_20241015_074110_20241015_074324_transformer_predictions.csv,1,67,67,0,not_walking
47046344M-104,2024-10-15 07:42:19.020000+00:00,2024-10-15T07:42:15.020000+00:00,2024-10-15T07:42:23.020000+00:00,0,not_walking,0.09253379,not_walking,not_walking,True,2024-10-15 07:41:10,2024-10-15 07:43:24,salidas_test/transformer_sequence_predictions/47046344M_104_20241015_074110_20241015_074324_transformer_predictions.csv,1,68,68,0,not_walking
47046344M-104,2024-10-15 07:42:20.020000+00:00,2024-10-15T07:42:16.020000+00:00,2024-10-15T07:42:24.020000+00:00,0,not_walking,0.025809564,not_walking,not_walking,True,2024-10-15 07:41:10,2024-10-15 07:43:24,salidas_test/transformer_sequence_predictions/47046344M_104_20241015_074110_20241015_074324_transformer_predictions.csv,1,69,69,0,not_walking
47046344M-104,2024-10-15 07:42:21.020000+00:00,2024-10-15T07:42:17.020000+00:00,2024-10-15T07:42:25.020000+00:00,0,not_walking,0.07808023,not_walking,not_walking,True,2024-10-15 07:41:10,2024-10-15 07:43:24,salidas_test/transformer_sequence_predictions/47046344M_104_20241015_074110_20241015_074324_transformer_predictions.csv,1,70,70,0,not_walking
47046344M-104,2024-10-15 07:42:22.020000+00:00,2024-10-15T07:42:18.020000+00:00,2024-10-15T07:42:26.020000+00:00,0,not_walking,0.033250313,not_walking,not_walking,True,2024-10-15 07:41:10,2024-10-15 07:43:24,salidas_test/transformer_sequence_predictions/47046344M_104_20241015_074110_20241015_074324_transformer_predictions.csv,1,71,71,0,not_walking
47046344M-104,2024-10-15 07:42:23.020000+00:00,2024-10-15T07:42:19.020000+00:00,2024-10-15T07:42:27.020000+00:00,0,not_walking,0.11708323,not_walking,not_walking,True,2024-10-15 07:41:10,2024-10-15 07:43:24,salidas_test/transformer_sequence_predictions/47046344M_104_20241015_074110_20241015_074324_transformer_predictions.csv,1,72,72,0,not_walking
47046344M-104,2024-10-15 07:42:24.020000+00:00,2024-10-15T07:42:20.020000+00:00,2024-10-15T07:42:28.020000+00:00,0,not_walking,0.26042214,not_walking,not_walking,True,2024-10-15 07:41:10,2024-10-15 07:43:24,salidas_test/transformer_sequence_predictions/47046344M_104_20241015_074110_20241015_074324_transformer_predictions.csv,1,73,73,0,not_walking
47046344M-104,2024-10-15 07:42:25.020000+00:00,2024-10-15T07:42:21.020000+00:00,2024-10-15T07:42:29.020000+00:00,0,not_walking,0.40057227,not_walking,not_walking,True,2024-10-15 07:41:10,2024-10-15 07:43:24,salidas_test/transformer_sequence_predictions/47046344M_104_20241015_074110_20241015_074324_transformer_predictions.csv,1,74,74,0,not_walking
47046344M-104,2024-10-15 07:42:26.020000+00:00,2024-10-15T07:42:22.020000+00:00,2024-10-15T07:42:30.020000+00:00,0,not_walking,0.36311877,not_walking,not_walking,True,2024-10-15 07:41:10,2024-10-15 07:43:24,salidas_test/transformer_sequence_predictions/47046344M_104_20241015_074110_20241015_074324_transformer_predictions.csv,1,75,75,0,not_walking
47046344M-104,2024-10-15 07:42:27.020000+00:00,2024-10-15T07:42:23.020000+00:00,2024-10-15T07:42:31.020000+00:00,0,not_walking,0.39049613,not_walking,not_walking,True,2024-10-15 07:41:10,2024-10-15 07:43:24,salidas_test/transformer_sequence_predictions/47046344M_104_20241015_074110_20241015_074324_transformer_predictions.csv,1,76,76,0,not_walking
47046344M-104,2024-10-15 07:42:28.020000+00:00,2024-10-15T07:42:24.020000+00:00,2024-10-15T07:42:32.020000+00:00,0,not_walking,0.34375638,not_walking,not_walking,True,2024-10-15 07:41:10,2024-10-15 07:43:24,salidas_test/transformer_sequence_predictions/47046344M_104_20241015_074110_20241015_074324_transformer_predictions.csv,1,77,77,0,not_walking
47046344M-104,2024-10-15 07:42:29.020000+00:00,2024-10-15T07:42:25.020000+00:00,2024-10-15T07:42:33.020000+00:00,1,walking,0.9517004,not_walking,not_walking,True,2024-10-15 07:41:10,2024-10-15 07:43:24,salidas_test/transformer_sequence_predictions/47046344M_104_20241015_074110_20241015_074324_transformer_predictions.csv,1,78,78,1,walking
47046344M-104,2024-10-15 07:42:30.020000+00:00,2024-10-15T07:42:26.020000+00:00,2024-10-15T07:42:34.020000+00:00,1,walking,0.9046347,not_walking,not_walking,True,2024-10-15 07:41:10,2024-10-15 07:43:24,salidas_test/transformer_sequence_predictions/47046344M_104_20241015_074110_20241015_074324_transformer_predictions.csv,1,79,79,1,walking
47046344M-104,2024-10-15 07:42:31.020000+00:00,2024-10-15T07:42:27.020000+00:00,2024-10-15T07:42:35.020000+00:00,1,walking,0.97173697,not_walking,not_walking,True,2024-10-15 07:41:10,2024-10-15 07:43:24,salidas_test/transformer_sequence_predictions/47046344M_104_20241015_074110_20241015_074324_transformer_predictions.csv,1,80,80,1,walking
47046344M-104,2024-10-15 07:42:32.020000+00:00,2024-10-15T07:42:28.020000+00:00,2024-10-15T07:42:36.020000+00:00,1,walking,0.97609043,not_walking,not_walking,True,2024-10-15 07:41:10,2024-10-15 07:43:24,salidas_test/transformer_sequence_predictions/47046344M_104_20241015_074110_20241015_074324_transformer_predictions.csv,1,81,81,1,walking
47046344M-104,2024-10-15 07:42:33.020000+00:00,2024-10-15T07:42:29.020000+00:00,2024-10-15T07:42:37.020000+00:00,1,walking,0.988403,not_walking,not_walking,True,2024-10-15 07:41:10,2024-10-15 07:43:24,salidas_test/transformer_sequence_predictions/47046344M_104_20241015_074110_20241015_074324_transformer_predictions.csv,1,82,82,1,walking
47046344M-104,2024-10-15 07:42:34.020000+00:00,2024-10-15T07:42:30.020000+00:00,2024-10-15T07:42:38.020000+00:00,1,walking,0.95257664,not_walking,not_walking,True,2024-10-15 07:41:10,2024-10-15 07:43:24,salidas_test/transformer_sequence_predictions/47046344M_104_20241015_074110_20241015_074324_transformer_predictions.csv,1,83,83,1,walking
47046344M-104,2024-10-15 07:42:35.020000+00:00,2024-10-15T07:42:31.020000+00:00,2024-10-15T07:42:39.020000+00:00,1,walking,0.94066787,not_walking,not_walking,True,2024-10-15 07:41:10,2024-10-15 07:43:24,salidas_test/transformer_sequence_predictions/47046344M_104_20241015_074110_20241015_074324_transformer_predictions.csv,1,84,84,1,walking
47046344M-104,2024-10-15 07:42:36.020000+00:00,2024-10-15T07:42:32.020000+00:00,2024-10-15T07:42:40.020000+00:00,1,walking,0.981104,not_walking,not_walking,True,2024-10-15 07:41:10,2024-10-15 07:43:24,salidas_test/transformer_sequence_predictions/47046344M_104_20241015_074110_20241015_074324_transformer_predictions.csv,1,85,85,1,walking
47046344M-104,2024-10-15 07:42:37.020000+00:00,2024-10-15T07:42:33.020000+00:00,2024-10-15T07:42:41.020000+00:00,1,walking,0.9643008,not_walking,not_walking,True,2024-10-15 07:41:10,2024-10-15 07:43:24,salidas_test/transformer_sequence_predictions/47046344M_104_20241015_074110_20241015_074324_transformer_predictions.csv,1,86,86,1,walking
47046344M-104,2024-10-15 07:42:38.020000+00:00,2024-10-15T07:42:34.020000+00:00,2024-10-15T07:42:42.020000+00:00,1,walking,0.95116645,not_walking,not_walking,True,2024-10-15 07:41:10,2024-10-15 07:43:24,salidas_test/transformer_sequence_predictions/47046344M_104_20241015_074110_20241015_074324_transformer_predictions.csv,1,87,87,1,walking
47046344M-104,2024-10-15 07:42:39.020000+00:00,2024-10-15T07:42:35.020000+00:00,2024-10-15T07:42:43.020000+00:00,1,walking,0.9307109,not_walking,not_walking,True,2024-10-15 07:41:10,2024-10-15 07:43:24,salidas_test/transformer_sequence_predictions/47046344M_104_20241015_074110_20241015_074324_transformer_predictions.csv,1,88,88,1,walking
47046344M-104,2024-10-15 07:42:40.020000+00:00,2024-10-15T07:42:36.020000+00:00,2024-10-15T07:42:44.020000+00:00,1,walking,0.74941164,not_walking,not_walking,True,2024-10-15 07:41:10,2024-10-15 07:43:24,salidas_test/transformer_sequence_predictions/47046344M_104_20241015_074110_20241015_074324_transformer_predictions.csv,1,89,89,1,walking
47046344M-104,2024-10-15 07:42:41.020000+00:00,2024-10-15T07:42:37.020000+00:00,2024-10-15T07:42:45.020000+00:00,1,walking,0.8818331,not_walking,not_walking,True,2024-10-15 07:41:10,2024-10-15 07:43:24,salidas_test/transformer_sequence_predictions/47046344M_104_20241015_074110_20241015_074324_transformer_predictions.csv,1,90,90,1,walking
47046344M-104,2024-10-15 07:42:42.020000+00:00,2024-10-15T07:42:38.020000+00:00,2024-10-15T07:42:46.020000+00:00,1,walking,0.88941365,not_walking,not_walking,True,2024-10-15 07:41:10,2024-10-15 07:43:24,salidas_test/transformer_sequence_predictions/47046344M_104_20241015_074110_20241015_074324_transformer_predictions.csv,1,91,91,1,walking
47046344M-104,2024-10-15 07:42:43.020000+00:00,2024-10-15T07:42:39.020000+00:00,2024-10-15T07:42:47.020000+00:00,1,walking,0.8770568,not_walking,not_walking,True,2024-10-15 07:41:10,2024-10-15 07:43:24,salidas_test/transformer_sequence_predictions/47046344M_104_20241015_074110_20241015_074324_transformer_predictions.csv,1,92,92,1,walking
47046344M-104,2024-10-15 07:42:44.020000+00:00,2024-10-15T07:42:40.020000+00:00,2024-10-15T07:42:48.020000+00:00,1,walking,0.8022594,not_walking,not_walking,True,2024-10-15 07:41:10,2024-10-15 07:43:24,salidas_test/transformer_sequence_predictions/47046344M_104_20241015_074110_20241015_074324_transformer_predictions.csv,1,93,93,1,walking
47046344M-104,2024-10-15 07:42:45.020000+00:00,2024-10-15T07:42:41.020000+00:00,2024-10-15T07:42:49.020000+00:00,1,walking,0.7555332,not_walking,not_walking,True,2024-10-15 07:41:10,2024-10-15 07:43:24,salidas_test/transformer_sequence_predictions/47046344M_104_20241015_074110_20241015_074324_transformer_predictions.csv,1,94,94,1,walking
47046344M-104,2024-10-15 07:42:46.020000+00:00,2024-10-15T07:42:42.020000+00:00,2024-10-15T07:42:50.020000+00:00,1,walking,0.73985815,not_walking,not_walking,True,2024-10-15 07:41:10,2024-10-15 07:43:24,salidas_test/transformer_sequence_predictions/47046344M_104_20241015_074110_20241015_074324_transformer_predictions.csv,1,95,95,1,walking
47046344M-104,2024-10-15 07:42:47.020000+00:00,2024-10-15T07:42:43.020000+00:00,2024-10-15T07:42:51.020000+00:00,0,not_walking,0.03733057,not_walking,not_walking,True,2024-10-15 07:41:10,2024-10-15 07:43:24,salidas_test/transformer_sequence_predictions/47046344M_104_20241015_074110_20241015_074324_transformer_predictions.csv,1,96,96,0,not_walking
47046344M-104,2024-10-15 07:42:48.020000+00:00,2024-10-15T07:42:44.020000+00:00,2024-10-15T07:42:52.020000+00:00,0,not_walking,0.16698207,not_walking,not_walking,True,2024-10-15 07:41:10,2024-10-15 07:43:24,salidas_test/transformer_sequence_predictions/47046344M_104_20241015_074110_20241015_074324_transformer_predictions.csv,1,97,97,0,not_walking
47046344M-104,2024-10-15 07:42:49.020000+00:00,2024-10-15T07:42:45.020000+00:00,2024-10-15T07:42:53.020000+00:00,0,not_walking,0.08058983,not_walking,not_walking,True,2024-10-15 07:41:10,2024-10-15 07:43:24,salidas_test/transformer_sequence_predictions/47046344M_104_20241015_074110_20241015_074324_transformer_predictions.csv,1,98,98,0,not_walking
47046344M-104,2024-10-15 07:42:50.020000+00:00,2024-10-15T07:42:46.020000+00:00,2024-10-15T07:42:54.020000+00:00,0,not_walking,0.057644885,not_walking,not_walking,True,2024-10-15 07:41:10,2024-10-15 07:43:24,salidas_test/transformer_sequence_predictions/47046344M_104_20241015_074110_20241015_074324_transformer_predictions.csv,1,99,99,0,not_walking
47046344M-104,2024-10-15 07:42:51.020000+00:00,2024-10-15T07:42:47.020000+00:00,2024-10-15T07:42:55.020000+00:00,1,walking,0.6800686,not_walking,not_walking,True,2024-10-15 07:41:10,2024-10-15 07:43:24,salidas_test/transformer_sequence_predictions/47046344M_104_20241015_074110_20241015_074324_transformer_predictions.csv,1,100,100,0,not_walking
47046344M-104,2024-10-15 07:42:52.020000+00:00,2024-10-15T07:42:48.020000+00:00,2024-10-15T07:42:56.020000+00:00,1,walking,0.84241325,not_walking,not_walking,True,2024-10-15 07:41:10,2024-10-15 07:43:24,salidas_test/transformer_sequence_predictions/47046344M_104_20241015_074110_20241015_074324_transformer_predictions.csv,1,101,101,0,not_walking
47046344M-104,2024-10-15 07:42:53.020000+00:00,2024-10-15T07:42:49.020000+00:00,2024-10-15T07:42:57.020000+00:00,1,walking,0.4803954,not_walking,not_walking,True,2024-10-15 07:41:10,2024-10-15 07:43:24,salidas_test/transformer_sequence_predictions/47046344M_104_20241015_074110_20241015_074324_transformer_predictions.csv,1,102,102,0,not_walking
47046344M-104,2024-10-15 07:42:54.020000+00:00,2024-10-15T07:42:50.020000+00:00,2024-10-15T07:42:58.020000+00:00,0,not_walking,0.21289384,not_walking,not_walking,True,2024-10-15 07:41:10,2024-10-15 07:43:24,salidas_test/transformer_sequence_predictions/47046344M_104_20241015_074110_20241015_074324_transformer_predictions.csv,1,103,103,0,not_walking
47046344M-104,2024-10-15 07:42:55.020000+00:00,2024-10-15T07:42:51.020000+00:00,2024-10-15T07:42:59.020000+00:00,1,walking,0.6658756,not_walking,not_walking,True,2024-10-15 07:41:10,2024-10-15 07:43:24,salidas_test/transformer_sequence_predictions/47046344M_104_20241015_074110_20241015_074324_transformer_predictions.csv,1,104,104,0,not_walking
47046344M-104,2024-10-15 07:42:56.020000+00:00,2024-10-15T07:42:52.020000+00:00,2024-10-15T07:43:00.020000+00:00,1,walking,0.98506343,not_walking,not_walking,True,2024-10-15 07:41:10,2024-10-15 07:43:24,salidas_test/transformer_sequence_predictions/47046344M_104_20241015_074110_20241015_074324_transformer_predictions.csv,1,105,105,0,not_walking
47046344M-104,2024-10-15 07:42:57.020000+00:00,2024-10-15T07:42:53.020000+00:00,2024-10-15T07:43:01.020000+00:00,0,not_walking,0.15613928,not_walking,not_walking,True,2024-10-15 07:41:10,2024-10-15 07:43:24,salidas_test/transformer_sequence_predictions/47046344M_104_20241015_074110_20241015_074324_transformer_predictions.csv,1,106,106,0,not_walking
47046344M-104,2024-10-15 07:42:58.020000+00:00,2024-10-15T07:42:54.020000+00:00,2024-10-15T07:43:02.020000+00:00,1,walking,0.9521339,not_walking,not_walking,True,2024-10-15 07:41:10,2024-10-15 07:43:24,salidas_test/transformer_sequence_predictions/47046344M_104_20241015_074110_20241015_074324_transformer_predictions.csv,1,107,107,0,not_walking
47046344M-104,2024-10-15 07:42:59.020000+00:00,2024-10-15T07:42:55.020000+00:00,2024-10-15T07:43:03.020000+00:00,1,walking,0.7582403,not_walking,not_walking,True,2024-10-15 07:41:10,2024-10-15 07:43:24,salidas_test/transformer_sequence_predictions/47046344M_104_20241015_074110_20241015_074324_transformer_predictions.csv,1,108,108,0,not_walking
47046344M-104,2024-10-15 07:43:00.020000+00:00,2024-10-15T07:42:56.020000+00:00,2024-10-15T07:43:04.020000+00:00,0,not_walking,0.016406033,not_walking,not_walking,True,2024-10-15 07:41:10,2024-10-15 07:43:24,salidas_test/transformer_sequence_predictions/47046344M_104_20241015_074110_20241015_074324_transformer_predictions.csv,1,109,109,0,not_walking
47046344M-104,2024-10-15 07:43:01.020000+00:00,2024-10-15T07:42:57.020000+00:00,2024-10-15T07:43:05.020000+00:00,0,not_walking,0.060521986,not_walking,not_walking,True,2024-10-15 07:41:10,2024-10-15 07:43:24,salidas_test/transformer_sequence_predictions/47046344M_104_20241015_074110_20241015_074324_transformer_predictions.csv,1,110,110,0,not_walking
47046344M-104,2024-10-15 07:43:02.020000+00:00,2024-10-15T07:42:58.020000+00:00,2024-10-15T07:43:06.020000+00:00,0,not_walking,0.03105606,not_walking,not_walking,True,2024-10-15 07:41:10,2024-10-15 07:43:24,salidas_test/transformer_sequence_predictions/47046344M_104_20241015_074110_20241015_074324_transformer_predictions.csv,1,111,111,0,not_walking
47046344M-104,2024-10-15 07:43:03.020000+00:00,2024-10-15T07:42:59.020000+00:00,2024-10-15T07:43:07.020000+00:00,0,not_walking,0.008992285,not_walking,not_walking,True,2024-10-15 07:41:10,2024-10-15 07:43:24,salidas_test/transformer_sequence_predictions/47046344M_104_20241015_074110_20241015_074324_transformer_predictions.csv,1,112,112,0,not_walking
47046344M-104,2024-10-15 07:43:04.020000+00:00,2024-10-15T07:43:00.020000+00:00,2024-10-15T07:43:08.020000+00:00,0,not_walking,0.020034954,not_walking,not_walking,True,2024-10-15 07:41:10,2024-10-15 07:43:24,salidas_test/transformer_sequence_predictions/47046344M_104_20241015_074110_20241015_074324_transformer_predictions.csv,1,113,113,0,not_walking
47046344M-104,2024-10-15 07:43:05.020000+00:00,2024-10-15T07:43:01.020000+00:00,2024-10-15T07:43:09.020000+00:00,0,not_walking,0.016085017,not_walking,not_walking,True,2024-10-15 07:41:10,2024-10-15 07:43:24,salidas_test/transformer_sequence_predictions/47046344M_104_20241015_074110_20241015_074324_transformer_predictions.csv,1,114,114,0,not_walking
47046344M-104,2024-10-15 07:43:06.020000+00:00,2024-10-15T07:43:02.020000+00:00,2024-10-15T07:43:10.020000+00:00,0,not_walking,0.021314697,not_walking,not_walking,True,2024-10-15 07:41:10,2024-10-15 07:43:24,salidas_test/transformer_sequence_predictions/47046344M_104_20241015_074110_20241015_074324_transformer_predictions.csv,1,115,115,0,not_walking
47046344M-104,2024-10-15 07:43:07.020000+00:00,2024-10-15T07:43:03.020000+00:00,2024-10-15T07:43:11.020000+00:00,0,not_walking,0.0165177,not_walking,not_walking,True,2024-10-15 07:41:10,2024-10-15 07:43:24,salidas_test/transformer_sequence_predictions/47046344M_104_20241015_074110_20241015_074324_transformer_predictions.csv,1,116,116,0,not_walking
47046344M-104,2024-10-15 07:43:08.020000+00:00,2024-10-15T07:43:04.020000+00:00,2024-10-15T07:43:12.020000+00:00,0,not_walking,0.08752854,not_walking,not_walking,True,2024-10-15 07:41:10,2024-10-15 07:43:24,salidas_test/transformer_sequence_predictions/47046344M_104_20241015_074110_20241015_074324_transformer_predictions.csv,1,117,117,0,not_walking
47046344M-104,2024-10-15 07:43:09.020000+00:00,2024-10-15T07:43:05.020000+00:00,2024-10-15T07:43:13.020000+00:00,0,not_walking,0.08360013,not_walking,not_walking,True,2024-10-15 07:41:10,2024-10-15 07:43:24,salidas_test/transformer_sequence_predictions/47046344M_104_20241015_074110_20241015_074324_transformer_predictions.csv,1,118,118,0,not_walking
47046344M-104,2024-10-15 07:43:10.020000+00:00,2024-10-15T07:43:06.020000+00:00,2024-10-15T07:43:14.020000+00:00,0,not_walking,0.11754671,not_walking,not_walking,True,2024-10-15 07:41:10,2024-10-15 07:43:24,salidas_test/transformer_sequence_predictions/47046344M_104_20241015_074110_20241015_074324_transformer_predictions.csv,1,119,119,0,not_walking
47046344M-104,2024-10-15 07:43:11.020000+00:00,2024-10-15T07:43:07.020000+00:00,2024-10-15T07:43:15.020000+00:00,0,not_walking,0.05781003,not_walking,not_walking,True,2024-10-15 07:41:10,2024-10-15 07:43:24,salidas_test/transformer_sequence_predictions/47046344M_104_20241015_074110_20241015_074324_transformer_predictions.csv,1,120,120,0,not_walking
47046344M-104,2024-10-15 07:43:12.020000+00:00,2024-10-15T07:43:08.020000+00:00,2024-10-15T07:43:16.020000+00:00,0,not_walking,0.11706418,not_walking,not_walking,True,2024-10-15 07:41:10,2024-10-15 07:43:24,salidas_test/transformer_sequence_predictions/47046344M_104_20241015_074110_20241015_074324_transformer_predictions.csv,1,121,121,0,not_walking
47046344M-104,2024-10-15 07:43:13.020000+00:00,2024-10-15T07:43:09.020000+00:00,2024-10-15T07:43:17.020000+00:00,0,not_walking,0.069929354,not_walking,not_walking,True,2024-10-15 07:41:10,2024-10-15 07:43:24,salidas_test/transformer_sequence_predictions/47046344M_104_20241015_074110_20241015_074324_transformer_predictions.csv,1,122,122,0,not_walking
47046344M-104,2024-10-15 07:43:14.020000+00:00,2024-10-15T07:43:10.020000+00:00,2024-10-15T07:43:18.020000+00:00,0,not_walking,0.21441142,not_walking,not_walking,True,2024-10-15 07:41:10,2024-10-15 07:43:24,salidas_test/transformer_sequence_predictions/47046344M_104_20241015_074110_20241015_074324_transformer_predictions.csv,1,123,123,0,not_walking
47046344M-104,2024-10-15 07:43:15.020000+00:00,2024-10-15T07:43:11.020000+00:00,2024-10-15T07:43:19.020000+00:00,1,walking,0.51188344,not_walking,not_walking,True,2024-10-15 07:41:10,2024-10-15 07:43:24,salidas_test/transformer_sequence_predictions/47046344M_104_20241015_074110_20241015_074324_transformer_predictions.csv,1,124,124,0,not_walking
47046344M-104,2024-10-15 07:43:16.020000+00:00,2024-10-15T07:43:12.020000+00:00,2024-10-15T07:43:20.020000+00:00,1,walking,0.68001866,not_walking,not_walking,True,2024-10-15 07:41:10,2024-10-15 07:43:24,salidas_test/transformer_sequence_predictions/47046344M_104_20241015_074110_20241015_074324_transformer_predictions.csv,1,125,125,0,not_walking
47046344M-104,2024-10-15 07:43:17.020000+00:00,2024-10-15T07:43:13.020000+00:00,2024-10-15T07:43:21.020000+00:00,0,not_walking,0.22826333,not_walking,not_walking,True,2024-10-15 07:41:10,2024-10-15 07:43:24,salidas_test/transformer_sequence_predictions/47046344M_104_20241015_074110_20241015_074324_transformer_predictions.csv,1,126,126,0,not_walking
47046344M-104,2024-10-15 07:43:18.020000+00:00,2024-10-15T07:43:14.020000+00:00,2024-10-15T07:43:22.020000+00:00,0,not_walking,0.011447577,not_walking,not_walking,True,2024-10-15 07:41:10,2024-10-15 07:43:24,salidas_test/transformer_sequence_predictions/47046344M_104_20241015_074110_20241015_074324_transformer_predictions.csv,1,127,127,0,not_walking
47046344M-104,2024-10-15 07:35:43.020000+00:00,2024-10-15T07:35:39.020000+00:00,2024-10-15T07:35:47.020000+00:00,0,not_walking,0.014256394,not_walking,not_walking,True,2024-10-15 07:35:38,2024-10-15 07:37:09,salidas_test/transformer_sequence_predictions/47046344M_104_20241015_073538_20241015_073709_transformer_predictions.csv,2,128,128,0,not_walking
47046344M-104,2024-10-15 07:35:44.020000+00:00,2024-10-15T07:35:40.020000+00:00,2024-10-15T07:35:48.020000+00:00,0,not_walking,0.05225194,not_walking,not_walking,True,2024-10-15 07:35:38,2024-10-15 07:37:09,salidas_test/transformer_sequence_predictions/47046344M_104_20241015_073538_20241015_073709_transformer_predictions.csv,2,129,129,0,not_walking
47046344M-104,2024-10-15 07:35:45.020000+00:00,2024-10-15T07:35:41.020000+00:00,2024-10-15T07:35:49.020000+00:00,0,not_walking,0.052290875,not_walking,not_walking,True,2024-10-15 07:35:38,2024-10-15 07:37:09,salidas_test/transformer_sequence_predictions/47046344M_104_20241015_073538_20241015_073709_transformer_predictions.csv,2,130,130,0,not_walking
47046344M-104,2024-10-15 07:35:46.020000+00:00,2024-10-15T07:35:42.020000+00:00,2024-10-15T07:35:50.020000+00:00,0,not_walking,0.05435065,not_walking,not_walking,True,2024-10-15 07:35:38,2024-10-15 07:37:09,salidas_test/transformer_sequence_predictions/47046344M_104_20241015_073538_20241015_073709_transformer_predictions.csv,2,131,131,0,not_walking
47046344M-104,2024-10-15 07:35:47.020000+00:00,2024-10-15T07:35:43.020000+00:00,2024-10-15T07:35:51.020000+00:00,0,not_walking,0.028241107,not_walking,not_walking,True,2024-10-15 07:35:38,2024-10-15 07:37:09,salidas_test/transformer_sequence_predictions/47046344M_104_20241015_073538_20241015_073709_transformer_predictions.csv,2,132,132,0,not_walking
47046344M-104,2024-10-15 07:35:48.020000+00:00,2024-10-15T07:35:44.020000+00:00,2024-10-15T07:35:52.020000+00:00,0,not_walking,0.010872042,not_walking,not_walking,True,2024-10-15 07:35:38,2024-10-15 07:37:09,salidas_test/transformer_sequence_predictions/47046344M_104_20241015_073538_20241015_073709_transformer_predictions.csv,2,133,133,0,not_walking
47046344M-104,2024-10-15 07:35:49.020000+00:00,2024-10-15T07:35:45.020000+00:00,2024-10-15T07:35:53.020000+00:00,0,not_walking,0.08705162,not_walking,not_walking,True,2024-10-15 07:35:38,2024-10-15 07:37:09,salidas_test/transformer_sequence_predictions/47046344M_104_20241015_073538_20241015_073709_transformer_predictions.csv,2,134,134,0,not_walking
47046344M-104,2024-10-15 07:35:50.020000+00:00,2024-10-15T07:35:46.020000+00:00,2024-10-15T07:35:54.020000+00:00,0,not_walking,0.101993896,not_walking,not_walking,True,2024-10-15 07:35:38,2024-10-15 07:37:09,salidas_test/transformer_sequence_predictions/47046344M_104_20241015_073538_20241015_073709_transformer_predictions.csv,2,135,135,0,not_walking
47046344M-104,2024-10-15 07:35:51.020000+00:00,2024-10-15T07:35:47.020000+00:00,2024-10-15T07:35:55.020000+00:00,0,not_walking,0.25794393,not_walking,not_walking,True,2024-10-15 07:35:38,2024-10-15 07:37:09,salidas_test/transformer_sequence_predictions/47046344M_104_20241015_073538_20241015_073709_transformer_predictions.csv,2,136,136,0,not_walking
47046344M-104,2024-10-15 07:35:52.020000+00:00,2024-10-15T07:35:48.020000+00:00,2024-10-15T07:35:56.020000+00:00,1,walking,0.9381018,not_walking,not_walking,True,2024-10-15 07:35:38,2024-10-15 07:37:09,salidas_test/transformer_sequence_predictions/47046344M_104_20241015_073538_20241015_073709_transformer_predictions.csv,2,137,137,0,not_walking
47046344M-104,2024-10-15 07:35:53.020000+00:00,2024-10-15T07:35:49.020000+00:00,2024-10-15T07:35:57.020000+00:00,0,not_walking,0.018050296,not_walking,not_walking,True,2024-10-15 07:35:38,2024-10-15 07:37:09,salidas_test/transformer_sequence_predictions/47046344M_104_20241015_073538_20241015_073709_transformer_predictions.csv,2,138,138,0,not_walking
47046344M-104,2024-10-15 07:35:54.020000+00:00,2024-10-15T07:35:50.020000+00:00,2024-10-15T07:35:58.020000+00:00,0,not_walking,0.42546144,not_walking,not_walking,True,2024-10-15 07:35:38,2024-10-15 07:37:09,salidas_test/transformer_sequence_predictions/47046344M_104_20241015_073538_20241015_073709_transformer_predictions.csv,2,139,139,0,not_walking
47046344M-104,2024-10-15 07:35:55.020000+00:00,2024-10-15T07:35:51.020000+00:00,2024-10-15T07:35:59.020000+00:00,1,walking,0.9262727,not_walking,not_walking,True,2024-10-15 07:35:38,2024-10-15 07:37:09,salidas_test/transformer_sequence_predictions/47046344M_104_20241015_073538_20241015_073709_transformer_predictions.csv,2,140,140,0,not_walking
47046344M-104,2024-10-15 07:35:56.020000+00:00,2024-10-15T07:35:52.020000+00:00,2024-10-15T07:36:00.020000+00:00,0,not_walking,0.07690818,not_walking,not_walking,True,2024-10-15 07:35:38,2024-10-15 07:37:09,salidas_test/transformer_sequence_predictions/47046344M_104_20241015_073538_20241015_073709_transformer_predictions.csv,2,141,141,0,not_walking
47046344M-104,2024-10-15 07:35:57.020000+00:00,2024-10-15T07:35:53.020000+00:00,2024-10-15T07:36:01.020000+00:00,0,not_walking,0.0445805,not_walking,not_walking,True,2024-10-15 07:35:38,2024-10-15 07:37:09,salidas_test/transformer_sequence_predictions/47046344M_104_20241015_073538_20241015_073709_transformer_predictions.csv,2,142,142,0,not_walking
47046344M-104,2024-10-15 07:35:58.020000+00:00,2024-10-15T07:35:54.020000+00:00,2024-10-15T07:36:02.020000+00:00,1,walking,0.88679296,not_walking,not_walking,True,2024-10-15 07:35:38,2024-10-15 07:37:09,salidas_test/transformer_sequence_predictions/47046344M_104_20241015_073538_20241015_073709_transformer_predictions.csv,2,143,143,0,not_walking
47046344M-104,2024-10-15 07:35:59.020000+00:00,2024-10-15T07:35:55.020000+00:00,2024-10-15T07:36:03.020000+00:00,0,not_walking,0.0068388437,not_walking,not_walking,True,2024-10-15 07:35:38,2024-10-15 07:37:09,salidas_test/transformer_sequence_predictions/47046344M_104_20241015_073538_20241015_073709_transformer_predictions.csv,2,144,144,0,not_walking
47046344M-104,2024-10-15 07:36:00.020000+00:00,2024-10-15T07:35:56.020000+00:00,2024-10-15T07:36:04.020000+00:00,0,not_walking,0.014522198,not_walking,not_walking,True,2024-10-15 07:35:38,2024-10-15 07:37:09,salidas_test/transformer_sequence_predictions/47046344M_104_20241015_073538_20241015_073709_transformer_predictions.csv,2,145,145,0,not_walking
47046344M-104,2024-10-15 07:36:01.020000+00:00,2024-10-15T07:35:57.020000+00:00,2024-10-15T07:36:05.020000+00:00,0,not_walking,0.010339466,not_walking,not_walking,True,2024-10-15 07:35:38,2024-10-15 07:37:09,salidas_test/transformer_sequence_predictions/47046344M_104_20241015_073538_20241015_073709_transformer_predictions.csv,2,146,146,0,not_walking
47046344M-104,2024-10-15 07:36:02.020000+00:00,2024-10-15T07:35:58.020000+00:00,2024-10-15T07:36:06.020000+00:00,0,not_walking,0.0060133324,not_walking,not_walking,True,2024-10-15 07:35:38,2024-10-15 07:37:09,salidas_test/transformer_sequence_predictions/47046344M_104_20241015_073538_20241015_073709_transformer_predictions.csv,2,147,147,0,not_walking
47046344M-104,2024-10-15 07:36:03.020000+00:00,2024-10-15T07:35:59.020000+00:00,2024-10-15T07:36:07.020000+00:00,0,not_walking,0.010991073,not_walking,not_walking,True,2024-10-15 07:35:38,2024-10-15 07:37:09,salidas_test/transformer_sequence_predictions/47046344M_104_20241015_073538_20241015_073709_transformer_predictions.csv,2,148,148,0,not_walking
47046344M-104,2024-10-15 07:36:04.020000+00:00,2024-10-15T07:36:00.020000+00:00,2024-10-15T07:36:08.020000+00:00,0,not_walking,0.007909854,not_walking,not_walking,True,2024-10-15 07:35:38,2024-10-15 07:37:09,salidas_test/transformer_sequence_predictions/47046344M_104_20241015_073538_20241015_073709_transformer_predictions.csv,2,149,149,0,not_walking
47046344M-104,2024-10-15 07:36:05.020000+00:00,2024-10-15T07:36:01.020000+00:00,2024-10-15T07:36:09.020000+00:00,0,not_walking,0.008373703,not_walking,not_walking,True,2024-10-15 07:35:38,2024-10-15 07:37:09,salidas_test/transformer_sequence_predictions/47046344M_104_20241015_073538_20241015_073709_transformer_predictions.csv,2,150,150,0,not_walking
47046344M-104,2024-10-15 07:36:06.020000+00:00,2024-10-15T07:36:02.020000+00:00,2024-10-15T07:36:10.020000+00:00,0,not_walking,0.009839709,not_walking,not_walking,True,2024-10-15 07:35:38,2024-10-15 07:37:09,salidas_test/transformer_sequence_predictions/47046344M_104_20241015_073538_20241015_073709_transformer_predictions.csv,2,151,151,0,not_walking
47046344M-104,2024-10-15 07:36:07.020000+00:00,2024-10-15T07:36:03.020000+00:00,2024-10-15T07:36:11.020000+00:00,0,not_walking,0.0072636106,not_walking,not_walking,True,2024-10-15 07:35:38,2024-10-15 07:37:09,salidas_test/transformer_sequence_predictions/47046344M_104_20241015_073538_20241015_073709_transformer_predictions.csv,2,152,152,0,not_walking
47046344M-104,2024-10-15 07:36:08.020000+00:00,2024-10-15T07:36:04.020000+00:00,2024-10-15T07:36:12.020000+00:00,0,not_walking,0.006234916,not_walking,not_walking,True,2024-10-15 07:35:38,2024-10-15 07:37:09,salidas_test/transformer_sequence_predictions/47046344M_104_20241015_073538_20241015_073709_transformer_predictions.csv,2,153,153,0,not_walking
47046344M-104,2024-10-15 07:36:09.020000+00:00,2024-10-15T07:36:05.020000+00:00,2024-10-15T07:36:13.020000+00:00,0,not_walking,0.00594088,not_walking,not_walking,True,2024-10-15 07:35:38,2024-10-15 07:37:09,salidas_test/transformer_sequence_predictions/47046344M_104_20241015_073538_20241015_073709_transformer_predictions.csv,2,154,154,0,not_walking
47046344M-104,2024-10-15 07:36:10.020000+00:00,2024-10-15T07:36:06.020000+00:00,2024-10-15T07:36:14.020000+00:00,0,not_walking,0.0059696357,not_walking,not_walking,True,2024-10-15 07:35:38,2024-10-15 07:37:09,salidas_test/transformer_sequence_predictions/47046344M_104_20241015_073538_20241015_073709_transformer_predictions.csv,2,155,155,0,not_walking
47046344M-104,2024-10-15 07:36:11.020000+00:00,2024-10-15T07:36:07.020000+00:00,2024-10-15T07:36:15.020000+00:00,0,not_walking,0.0059827687,not_walking,not_walking,True,2024-10-15 07:35:38,2024-10-15 07:37:09,salidas_test/transformer_sequence_predictions/47046344M_104_20241015_073538_20241015_073709_transformer_predictions.csv,2,156,156,0,not_walking
47046344M-104,2024-10-15 07:36:12.020000+00:00,2024-10-15T07:36:08.020000+00:00,2024-10-15T07:36:16.020000+00:00,0,not_walking,0.005573293,not_walking,not_walking,True,2024-10-15 07:35:38,2024-10-15 07:37:09,salidas_test/transformer_sequence_predictions/47046344M_104_20241015_073538_20241015_073709_transformer_predictions.csv,2,157,157,0,not_walking
47046344M-104,2024-10-15 07:36:13.020000+00:00,2024-10-15T07:36:09.020000+00:00,2024-10-15T07:36:17.020000+00:00,0,not_walking,0.0053337608,not_walking,not_walking,True,2024-10-15 07:35:38,2024-10-15 07:37:09,salidas_test/transformer_sequence_predictions/47046344M_104_20241015_073538_20241015_073709_transformer_predictions.csv,2,158,158,0,not_walking
47046344M-104,2024-10-15 07:36:14.020000+00:00,2024-10-15T07:36:10.020000+00:00,2024-10-15T07:36:18.020000+00:00,0,not_walking,0.0056494977,not_walking,not_walking,True,2024-10-15 07:35:38,2024-10-15 07:37:09,salidas_test/transformer_sequence_predictions/47046344M_104_20241015_073538_20241015_073709_transformer_predictions.csv,2,159,159,0,not_walking
47046344M-104,2024-10-15 07:36:15.020000+00:00,2024-10-15T07:36:11.020000+00:00,2024-10-15T07:36:19.020000+00:00,0,not_walking,0.0065548434,not_walking,not_walking,True,2024-10-15 07:35:38,2024-10-15 07:37:09,salidas_test/transformer_sequence_predictions/47046344M_104_20241015_073538_20241015_073709_transformer_predictions.csv,2,160,160,0,not_walking
47046344M-104,2024-10-15 07:36:16.020000+00:00,2024-10-15T07:36:12.020000+00:00,2024-10-15T07:36:20.020000+00:00,0,not_walking,0.0056580086,not_walking,not_walking,True,2024-10-15 07:35:38,2024-10-15 07:37:09,salidas_test/transformer_sequence_predictions/47046344M_104_20241015_073538_20241015_073709_transformer_predictions.csv,2,161,161,0,not_walking
47046344M-104,2024-10-15 07:36:17.020000+00:00,2024-10-15T07:36:13.020000+00:00,2024-10-15T07:36:21.020000+00:00,0,not_walking,0.0077385805,not_walking,not_walking,True,2024-10-15 07:35:38,2024-10-15 07:37:09,salidas_test/transformer_sequence_predictions/47046344M_104_20241015_073538_20241015_073709_transformer_predictions.csv,2,162,162,0,not_walking
47046344M-104,2024-10-15 07:36:18.020000+00:00,2024-10-15T07:36:14.020000+00:00,2024-10-15T07:36:22.020000+00:00,0,not_walking,0.0070408788,not_walking,not_walking,True,2024-10-15 07:35:38,2024-10-15 07:37:09,salidas_test/transformer_sequence_predictions/47046344M_104_20241015_073538_20241015_073709_transformer_predictions.csv,2,163,163,0,not_walking
47046344M-104,2024-10-15 07:36:19.020000+00:00,2024-10-15T07:36:15.020000+00:00,2024-10-15T07:36:23.020000+00:00,0,not_walking,0.006397929,not_walking,not_walking,True,2024-10-15 07:35:38,2024-10-15 07:37:09,salidas_test/transformer_sequence_predictions/47046344M_104_20241015_073538_20241015_073709_transformer_predictions.csv,2,164,164,0,not_walking
47046344M-104,2024-10-15 07:36:20.020000+00:00,2024-10-15T07:36:16.020000+00:00,2024-10-15T07:36:24.020000+00:00,0,not_walking,0.008194817,not_walking,not_walking,True,2024-10-15 07:35:38,2024-10-15 07:37:09,salidas_test/transformer_sequence_predictions/47046344M_104_20241015_073538_20241015_073709_transformer_predictions.csv,2,165,165,0,not_walking
47046344M-104,2024-10-15 07:36:21.020000+00:00,2024-10-15T07:36:17.020000+00:00,2024-10-15T07:36:25.020000+00:00,0,not_walking,0.011041934,not_walking,not_walking,True,2024-10-15 07:35:38,2024-10-15 07:37:09,salidas_test/transformer_sequence_predictions/47046344M_104_20241015_073538_20241015_073709_transformer_predictions.csv,2,166,166,0,not_walking
47046344M-104,2024-10-15 07:36:22.020000+00:00,2024-10-15T07:36:18.020000+00:00,2024-10-15T07:36:26.020000+00:00,0,not_walking,0.010253683,not_walking,not_walking,True,2024-10-15 07:35:38,2024-10-15 07:37:09,salidas_test/transformer_sequence_predictions/47046344M_104_20241015_073538_20241015_073709_transformer_predictions.csv,2,167,167,0,not_walking
47046344M-104,2024-10-15 07:36:23.020000+00:00,2024-10-15T07:36:19.020000+00:00,2024-10-15T07:36:27.020000+00:00,0,not_walking,0.011193114,not_walking,not_walking,True,2024-10-15 07:35:38,2024-10-15 07:37:09,salidas_test/transformer_sequence_predictions/47046344M_104_20241015_073538_20241015_073709_transformer_predictions.csv,2,168,168,0,not_walking
47046344M-104,2024-10-15 07:36:24.020000+00:00,2024-10-15T07:36:20.020000+00:00,2024-10-15T07:36:28.020000+00:00,0,not_walking,0.006564349,not_walking,not_walking,True,2024-10-15 07:35:38,2024-10-15 07:37:09,salidas_test/transformer_sequence_predictions/47046344M_104_20241015_073538_20241015_073709_transformer_predictions.csv,2,169,169,0,not_walking
47046344M-104,2024-10-15 07:36:25.020000+00:00,2024-10-15T07:36:21.020000+00:00,2024-10-15T07:36:29.020000+00:00,0,not_walking,0.014662015,not_walking,not_walking,True,2024-10-15 07:35:38,2024-10-15 07:37:09,salidas_test/transformer_sequence_predictions/47046344M_104_20241015_073538_20241015_073709_transformer_predictions.csv,2,170,170,0,not_walking
47046344M-104,2024-10-15 07:36:26.020000+00:00,2024-10-15T07:36:22.020000+00:00,2024-10-15T07:36:30.020000+00:00,0,not_walking,0.03278764,not_walking,not_walking,True,2024-10-15 07:35:38,2024-10-15 07:37:09,salidas_test/transformer_sequence_predictions/47046344M_104_20241015_073538_20241015_073709_transformer_predictions.csv,2,171,171,0,not_walking
47046344M-104,2024-10-15 07:36:27.020000+00:00,2024-10-15T07:36:23.020000+00:00,2024-10-15T07:36:31.020000+00:00,0,not_walking,0.12968609,not_walking,not_walking,True,2024-10-15 07:35:38,2024-10-15 07:37:09,salidas_test/transformer_sequence_predictions/47046344M_104_20241015_073538_20241015_073709_transformer_predictions.csv,2,172,172,0,not_walking
47046344M-104,2024-10-15 07:36:28.020000+00:00,2024-10-15T07:36:24.020000+00:00,2024-10-15T07:36:32.020000+00:00,1,walking,0.7153244,not_walking,not_walking,True,2024-10-15 07:35:38,2024-10-15 07:37:09,salidas_test/transformer_sequence_predictions/47046344M_104_20241015_073538_20241015_073709_transformer_predictions.csv,2,173,173,0,not_walking
47046344M-104,2024-10-15 07:36:29.020000+00:00,2024-10-15T07:36:25.020000+00:00,2024-10-15T07:36:33.020000+00:00,1,walking,0.6521146,not_walking,not_walking,True,2024-10-15 07:35:38,2024-10-15 07:37:09,salidas_test/transformer_sequence_predictions/47046344M_104_20241015_073538_20241015_073709_transformer_predictions.csv,2,174,174,0,not_walking
47046344M-104,2024-10-15 07:36:30.020000+00:00,2024-10-15T07:36:26.020000+00:00,2024-10-15T07:36:34.020000+00:00,1,walking,0.96638507,not_walking,not_walking,True,2024-10-15 07:35:38,2024-10-15 07:37:09,salidas_test/transformer_sequence_predictions/47046344M_104_20241015_073538_20241015_073709_transformer_predictions.csv,2,175,175,0,not_walking
47046344M-104,2024-10-15 07:36:31.020000+00:00,2024-10-15T07:36:27.020000+00:00,2024-10-15T07:36:35.020000+00:00,1,walking,0.87528855,not_walking,not_walking,True,2024-10-15 07:35:38,2024-10-15 07:37:09,salidas_test/transformer_sequence_predictions/47046344M_104_20241015_073538_20241015_073709_transformer_predictions.csv,2,176,176,0,not_walking
47046344M-104,2024-10-15 07:36:32.020000+00:00,2024-10-15T07:36:28.020000+00:00,2024-10-15T07:36:36.020000+00:00,1,walking,0.83768773,not_walking,not_walking,True,2024-10-15 07:35:38,2024-10-15 07:37:09,salidas_test/transformer_sequence_predictions/47046344M_104_20241015_073538_20241015_073709_transformer_predictions.csv,2,177,177,0,not_walking
47046344M-104,2024-10-15 07:36:33.020000+00:00,2024-10-15T07:36:29.020000+00:00,2024-10-15T07:36:37.020000+00:00,0,not_walking,0.14705947,not_walking,not_walking,True,2024-10-15 07:35:38,2024-10-15 07:37:09,salidas_test/transformer_sequence_predictions/47046344M_104_20241015_073538_20241015_073709_transformer_predictions.csv,2,178,178,0,not_walking
47046344M-104,2024-10-15 07:36:34.020000+00:00,2024-10-15T07:36:30.020000+00:00,2024-10-15T07:36:38.020000+00:00,0,not_walking,0.007786723,not_walking,not_walking,True,2024-10-15 07:35:38,2024-10-15 07:37:09,salidas_test/transformer_sequence_predictions/47046344M_104_20241015_073538_20241015_073709_transformer_predictions.csv,2,179,179,0,not_walking
47046344M-104,2024-10-15 07:36:35.020000+00:00,2024-10-15T07:36:31.020000+00:00,2024-10-15T07:36:39.020000+00:00,0,not_walking,0.021798821,not_walking,not_walking,True,2024-10-15 07:35:38,2024-10-15 07:37:09,salidas_test/transformer_sequence_predictions/47046344M_104_20241015_073538_20241015_073709_transformer_predictions.csv,2,180,180,0,not_walking
47046344M-104,2024-10-15 07:36:36.020000+00:00,2024-10-15T07:36:32.020000+00:00,2024-10-15T07:36:40.020000+00:00,0,not_walking,0.016344618,not_walking,not_walking,True,2024-10-15 07:35:38,2024-10-15 07:37:09,salidas_test/transformer_sequence_predictions/47046344M_104_20241015_073538_20241015_073709_transformer_predictions.csv,2,181,181,0,not_walking
47046344M-104,2024-10-15 07:36:37.020000+00:00,2024-10-15T07:36:33.020000+00:00,2024-10-15T07:36:41.020000+00:00,0,not_walking,0.015669467,not_walking,not_walking,True,2024-10-15 07:35:38,2024-10-15 07:37:09,salidas_test/transformer_sequence_predictions/47046344M_104_20241015_073538_20241015_073709_transformer_predictions.csv,2,182,182,0,not_walking
47046344M-104,2024-10-15 07:36:38.020000+00:00,2024-10-15T07:36:34.020000+00:00,2024-10-15T07:36:42.020000+00:00,0,not_walking,0.010996393,not_walking,not_walking,True,2024-10-15 07:35:38,2024-10-15 07:37:09,salidas_test/transformer_sequence_predictions/47046344M_104_20241015_073538_20241015_073709_transformer_predictions.csv,2,183,183,0,not_walking
47046344M-104,2024-10-15 07:36:39.020000+00:00,2024-10-15T07:36:35.020000+00:00,2024-10-15T07:36:43.020000+00:00,0,not_walking,0.0070920084,not_walking,not_walking,True,2024-10-15 07:35:38,2024-10-15 07:37:09,salidas_test/transformer_sequence_predictions/47046344M_104_20241015_073538_20241015_073709_transformer_predictions.csv,2,184,184,0,not_walking
47046344M-104,2024-10-15 07:36:40.020000+00:00,2024-10-15T07:36:36.020000+00:00,2024-10-15T07:36:44.020000+00:00,0,not_walking,0.010183972,not_walking,not_walking,True,2024-10-15 07:35:38,2024-10-15 07:37:09,salidas_test/transformer_sequence_predictions/47046344M_104_20241015_073538_20241015_073709_transformer_predictions.csv,2,185,185,0,not_walking
47046344M-104,2024-10-15 07:36:41.020000+00:00,2024-10-15T07:36:37.020000+00:00,2024-10-15T07:36:45.020000+00:00,0,not_walking,0.012967969,not_walking,not_walking,True,2024-10-15 07:35:38,2024-10-15 07:37:09,salidas_test/transformer_sequence_predictions/47046344M_104_20241015_073538_20241015_073709_transformer_predictions.csv,2,186,186,0,not_walking
47046344M-104,2024-10-15 07:36:42.020000+00:00,2024-10-15T07:36:38.020000+00:00,2024-10-15T07:36:46.020000+00:00,0,not_walking,0.014386209,not_walking,not_walking,True,2024-10-15 07:35:38,2024-10-15 07:37:09,salidas_test/transformer_sequence_predictions/47046344M_104_20241015_073538_20241015_073709_transformer_predictions.csv,2,187,187,0,not_walking
47046344M-104,2024-10-15 07:36:43.020000+00:00,2024-10-15T07:36:39.020000+00:00,2024-10-15T07:36:47.020000+00:00,0,not_walking,0.27740148,not_walking,not_walking,True,2024-10-15 07:35:38,2024-10-15 07:37:09,salidas_test/transformer_sequence_predictions/47046344M_104_20241015_073538_20241015_073709_transformer_predictions.csv,2,188,188,0,not_walking
47046344M-104,2024-10-15 07:36:44.020000+00:00,2024-10-15T07:36:40.020000+00:00,2024-10-15T07:36:48.020000+00:00,1,walking,0.75841725,not_walking,not_walking,True,2024-10-15 07:35:38,2024-10-15 07:37:09,salidas_test/transformer_sequence_predictions/47046344M_104_20241015_073538_20241015_073709_transformer_predictions.csv,2,189,189,0,not_walking
47046344M-104,2024-10-15 07:36:45.020000+00:00,2024-10-15T07:36:41.020000+00:00,2024-10-15T07:36:49.020000+00:00,0,not_walking,0.0363026,not_walking,not_walking,True,2024-10-15 07:35:38,2024-10-15 07:37:09,salidas_test/transformer_sequence_predictions/47046344M_104_20241015_073538_20241015_073709_transformer_predictions.csv,2,190,190,0,not_walking
47046344M-104,2024-10-15 07:36:46.020000+00:00,2024-10-15T07:36:42.020000+00:00,2024-10-15T07:36:50.020000+00:00,0,not_walking,0.068313725,not_walking,not_walking,True,2024-10-15 07:35:38,2024-10-15 07:37:09,salidas_test/transformer_sequence_predictions/47046344M_104_20241015_073538_20241015_073709_transformer_predictions.csv,2,191,191,0,not_walking
47046344M-104,2024-10-15 07:36:47.020000+00:00,2024-10-15T07:36:43.020000+00:00,2024-10-15T07:36:51.020000+00:00,1,walking,0.92426133,not_walking,not_walking,True,2024-10-15 07:35:38,2024-10-15 07:37:09,salidas_test/transformer_sequence_predictions/47046344M_104_20241015_073538_20241015_073709_transformer_predictions.csv,2,192,192,0,not_walking
47046344M-104,2024-10-15 07:36:48.020000+00:00,2024-10-15T07:36:44.020000+00:00,2024-10-15T07:36:52.020000+00:00,1,walking,0.629809,not_walking,not_walking,True,2024-10-15 07:35:38,2024-10-15 07:37:09,salidas_test/transformer_sequence_predictions/47046344M_104_20241015_073538_20241015_073709_transformer_predictions.csv,2,193,193,0,not_walking
47046344M-104,2024-10-15 07:36:49.020000+00:00,2024-10-15T07:36:45.020000+00:00,2024-10-15T07:36:53.020000+00:00,1,walking,0.7696315,not_walking,not_walking,True,2024-10-15 07:35:38,2024-10-15 07:37:09,salidas_test/transformer_sequence_predictions/47046344M_104_20241015_073538_20241015_073709_transformer_predictions.csv,2,194,194,0,not_walking
47046344M-104,2024-10-15 07:36:50.020000+00:00,2024-10-15T07:36:46.020000+00:00,2024-10-15T07:36:54.020000+00:00,0,not_walking,0.23382914,not_walking,not_walking,True,2024-10-15 07:35:38,2024-10-15 07:37:09,salidas_test/transformer_sequence_predictions/47046344M_104_20241015_073538_20241015_073709_transformer_predictions.csv,2,195,195,0,not_walking
47046344M-104,2024-10-15 07:36:51.020000+00:00,2024-10-15T07:36:47.020000+00:00,2024-10-15T07:36:55.020000+00:00,0,not_walking,0.01285799,not_walking,not_walking,True,2024-10-15 07:35:38,2024-10-15 07:37:09,salidas_test/transformer_sequence_predictions/47046344M_104_20241015_073538_20241015_073709_transformer_predictions.csv,2,196,196,0,not_walking
47046344M-104,2024-10-15 07:36:52.020000+00:00,2024-10-15T07:36:48.020000+00:00,2024-10-15T07:36:56.020000+00:00,0,not_walking,0.01006612,not_walking,not_walking,True,2024-10-15 07:35:38,2024-10-15 07:37:09,salidas_test/transformer_sequence_predictions/47046344M_104_20241015_073538_20241015_073709_transformer_predictions.csv,2,197,197,0,not_walking
47046344M-104,2024-10-15 07:36:53.020000+00:00,2024-10-15T07:36:49.020000+00:00,2024-10-15T07:36:57.020000+00:00,0,not_walking,0.018244477,not_walking,not_walking,True,2024-10-15 07:35:38,2024-10-15 07:37:09,salidas_test/transformer_sequence_predictions/47046344M_104_20241015_073538_20241015_073709_transformer_predictions.csv,2,198,198,0,not_walking
47046344M-104,2024-10-15 07:36:54.020000+00:00,2024-10-15T07:36:50.020000+00:00,2024-10-15T07:36:58.020000+00:00,0,not_walking,0.01655358,not_walking,not_walking,True,2024-10-15 07:35:38,2024-10-15 07:37:09,salidas_test/transformer_sequence_predictions/47046344M_104_20241015_073538_20241015_073709_transformer_predictions.csv,2,199,199,0,not_walking
47046344M-104,2024-10-15 07:36:55.020000+00:00,2024-10-15T07:36:51.020000+00:00,2024-10-15T07:36:59.020000+00:00,0,not_walking,0.007559409,not_walking,not_walking,True,2024-10-15 07:35:38,2024-10-15 07:37:09,salidas_test/transformer_sequence_predictions/47046344M_104_20241015_073538_20241015_073709_transformer_predictions.csv,2,200,200,0,not_walking
47046344M-104,2024-10-15 07:36:56.020000+00:00,2024-10-15T07:36:52.020000+00:00,2024-10-15T07:37:00.020000+00:00,0,not_walking,0.013190246,not_walking,not_walking,True,2024-10-15 07:35:38,2024-10-15 07:37:09,salidas_test/transformer_sequence_predictions/47046344M_104_20241015_073538_20241015_073709_transformer_predictions.csv,2,201,201,0,not_walking
47046344M-104,2024-10-15 07:36:57.020000+00:00,2024-10-15T07:36:53.020000+00:00,2024-10-15T07:37:01.020000+00:00,0,not_walking,0.007790434,not_walking,not_walking,True,2024-10-15 07:35:38,2024-10-15 07:37:09,salidas_test/transformer_sequence_predictions/47046344M_104_20241015_073538_20241015_073709_transformer_predictions.csv,2,202,202,0,not_walking
47046344M-104,2024-10-15 07:36:58.020000+00:00,2024-10-15T07:36:54.020000+00:00,2024-10-15T07:37:02.020000+00:00,0,not_walking,0.008709149,not_walking,not_walking,True,2024-10-15 07:35:38,2024-10-15 07:37:09,salidas_test/transformer_sequence_predictions/47046344M_104_20241015_073538_20241015_073709_transformer_predictions.csv,2,203,203,0,not_walking
47046344M-104,2024-10-15 07:36:59.020000+00:00,2024-10-15T07:36:55.020000+00:00,2024-10-15T07:37:03.020000+00:00,0,not_walking,0.011676373,not_walking,not_walking,True,2024-10-15 07:35:38,2024-10-15 07:37:09,salidas_test/transformer_sequence_predictions/47046344M_104_20241015_073538_20241015_073709_transformer_predictions.csv,2,204,204,0,not_walking
47046344M-104,2024-10-15 07:37:00.020000+00:00,2024-10-15T07:36:56.020000+00:00,2024-10-15T07:37:04.020000+00:00,0,not_walking,0.027415996,not_walking,not_walking,True,2024-10-15 07:35:38,2024-10-15 07:37:09,salidas_test/transformer_sequence_predictions/47046344M_104_20241015_073538_20241015_073709_transformer_predictions.csv,2,205,205,0,not_walking
47046344M-104,2024-10-15 07:37:01.020000+00:00,2024-10-15T07:36:57.020000+00:00,2024-10-15T07:37:05.020000+00:00,0,not_walking,0.013924026,not_walking,not_walking,True,2024-10-15 07:35:38,2024-10-15 07:37:09,salidas_test/transformer_sequence_predictions/47046344M_104_20241015_073538_20241015_073709_transformer_predictions.csv,2,206,206,0,not_walking
47046344M-104,2024-10-15 07:37:02.020000+00:00,2024-10-15T07:36:58.020000+00:00,2024-10-15T07:37:06.020000+00:00,0,not_walking,0.006668334,not_walking,not_walking,True,2024-10-15 07:35:38,2024-10-15 07:37:09,salidas_test/transformer_sequence_predictions/47046344M_104_20241015_073538_20241015_073709_transformer_predictions.csv,2,207,207,0,not_walking
47046344M-104,2024-10-15 07:37:03.020000+00:00,2024-10-15T07:36:59.020000+00:00,2024-10-15T07:37:07.020000+00:00,0,not_walking,0.006704841,not_walking,not_walking,True,2024-10-15 07:35:38,2024-10-15 07:37:09,salidas_test/transformer_sequence_predictions/47046344M_104_20241015_073538_20241015_073709_transformer_predictions.csv,2,208,208,0,not_walking
02548893X-118,2025-02-28 09:59:51.010000+00:00,2025-02-28T09:59:47.010000+00:00,2025-02-28T09:59:55.010000+00:00,0,not_walking,0.004868439,not_walking,not_walking,True,2025-02-28 09:59:46,2025-02-28 10:02:23,salidas_test/transformer_sequence_predictions/02548893X_118_20250228_095946_20250228_100223_transformer_predictions.csv,3,209,209,0,not_walking
02548893X-118,2025-02-28 09:59:52.010000+00:00,2025-02-28T09:59:48.010000+00:00,2025-02-28T09:59:56.010000+00:00,0,not_walking,0.0054716924,not_walking,not_walking,True,2025-02-28 09:59:46,2025-02-28 10:02:23,salidas_test/transformer_sequence_predictions/02548893X_118_20250228_095946_20250228_100223_transformer_predictions.csv,3,210,210,0,not_walking
02548893X-118,2025-02-28 09:59:53.010000+00:00,2025-02-28T09:59:49.010000+00:00,2025-02-28T09:59:57.010000+00:00,0,not_walking,0.0041413493,not_walking,not_walking,True,2025-02-28 09:59:46,2025-02-28 10:02:23,salidas_test/transformer_sequence_predictions/02548893X_118_20250228_095946_20250228_100223_transformer_predictions.csv,3,211,211,0,not_walking
02548893X-118,2025-02-28 09:59:54.010000+00:00,2025-02-28T09:59:50.010000+00:00,2025-02-28T09:59:58.010000+00:00,0,not_walking,0.004403162,not_walking,not_walking,True,2025-02-28 09:59:46,2025-02-28 10:02:23,salidas_test/transformer_sequence_predictions/02548893X_118_20250228_095946_20250228_100223_transformer_predictions.csv,3,212,212,0,not_walking
02548893X-118,2025-02-28 09:59:55.010000+00:00,2025-02-28T09:59:51.010000+00:00,2025-02-28T09:59:59.010000+00:00,0,not_walking,0.00446542,not_walking,not_walking,True,2025-02-28 09:59:46,2025-02-28 10:02:23,salidas_test/transformer_sequence_predictions/02548893X_118_20250228_095946_20250228_100223_transformer_predictions.csv,3,213,213,0,not_walking
02548893X-118,2025-02-28 09:59:56.010000+00:00,2025-02-28T09:59:52.010000+00:00,2025-02-28T10:00:00.010000+00:00,0,not_walking,0.005163737,not_walking,not_walking,True,2025-02-28 09:59:46,2025-02-28 10:02:23,salidas_test/transformer_sequence_predictions/02548893X_118_20250228_095946_20250228_100223_transformer_predictions.csv,3,214,214,0,not_walking
02548893X-118,2025-02-28 09:59:57.010000+00:00,2025-02-28T09:59:53.010000+00:00,2025-02-28T10:00:01.010000+00:00,0,not_walking,0.0057343747,not_walking,not_walking,True,2025-02-28 09:59:46,2025-02-28 10:02:23,salidas_test/transformer_sequence_predictions/02548893X_118_20250228_095946_20250228_100223_transformer_predictions.csv,3,215,215,0,not_walking
02548893X-118,2025-02-28 09:59:58.010000+00:00,2025-02-28T09:59:54.010000+00:00,2025-02-28T10:00:02.010000+00:00,0,not_walking,0.0068703433,not_walking,not_walking,True,2025-02-28 09:59:46,2025-02-28 10:02:23,salidas_test/transformer_sequence_predictions/02548893X_118_20250228_095946_20250228_100223_transformer_predictions.csv,3,216,216,0,not_walking
02548893X-118,2025-02-28 09:59:59.010000+00:00,2025-02-28T09:59:55.010000+00:00,2025-02-28T10:00:03.010000+00:00,0,not_walking,0.005515856,not_walking,not_walking,True,2025-02-28 09:59:46,2025-02-28 10:02:23,salidas_test/transformer_sequence_predictions/02548893X_118_20250228_095946_20250228_100223_transformer_predictions.csv,3,217,217,0,not_walking
02548893X-118,2025-02-28 10:00:00.010000+00:00,2025-02-28T09:59:56.010000+00:00,2025-02-28T10:00:04.010000+00:00,0,not_walking,0.005672444,not_walking,not_walking,True,2025-02-28 09:59:46,2025-02-28 10:02:23,salidas_test/transformer_sequence_predictions/02548893X_118_20250228_095946_20250228_100223_transformer_predictions.csv,3,218,218,0,not_walking
02548893X-118,2025-02-28 10:00:01.010000+00:00,2025-02-28T09:59:57.010000+00:00,2025-02-28T10:00:05.010000+00:00,0,not_walking,0.008674829,not_walking,not_walking,True,2025-02-28 09:59:46,2025-02-28 10:02:23,salidas_test/transformer_sequence_predictions/02548893X_118_20250228_095946_20250228_100223_transformer_predictions.csv,3,219,219,0,not_walking
02548893X-118,2025-02-28 10:00:02.010000+00:00,2025-02-28T09:59:58.010000+00:00,2025-02-28T10:00:06.010000+00:00,0,not_walking,0.005211956,not_walking,not_walking,True,2025-02-28 09:59:46,2025-02-28 10:02:23,salidas_test/transformer_sequence_predictions/02548893X_118_20250228_095946_20250228_100223_transformer_predictions.csv,3,220,220,0,not_walking
02548893X-118,2025-02-28 10:00:03.010000+00:00,2025-02-28T09:59:59.010000+00:00,2025-02-28T10:00:07.010000+00:00,0,not_walking,0.004455942,not_walking,not_walking,True,2025-02-28 09:59:46,2025-02-28 10:02:23,salidas_test/transformer_sequence_predictions/02548893X_118_20250228_095946_20250228_100223_transformer_predictions.csv,3,221,221,0,not_walking
02548893X-118,2025-02-28 10:00:04.010000+00:00,2025-02-28T10:00:00.010000+00:00,2025-02-28T10:00:08.010000+00:00,0,not_walking,0.005344422,not_walking,not_walking,True,2025-02-28 09:59:46,2025-02-28 10:02:23,salidas_test/transformer_sequence_predictions/02548893X_118_20250228_095946_20250228_100223_transformer_predictions.csv,3,222,222,0,not_walking
02548893X-118,2025-02-28 10:00:05.010000+00:00,2025-02-28T10:00:01.010000+00:00,2025-02-28T10:00:09.010000+00:00,0,not_walking,0.0041040024,not_walking,not_walking,True,2025-02-28 09:59:46,2025-02-28 10:02:23,salidas_test/transformer_sequence_predictions/02548893X_118_20250228_095946_20250228_100223_transformer_predictions.csv,3,223,223,0,not_walking
02548893X-118,2025-02-28 10:00:06.010000+00:00,2025-02-28T10:00:02.010000+00:00,2025-02-28T10:00:10.010000+00:00,0,not_walking,0.005392902,not_walking,not_walking,True,2025-02-28 09:59:46,2025-02-28 10:02:23,salidas_test/transformer_sequence_predictions/02548893X_118_20250228_095946_20250228_100223_transformer_predictions.csv,3,224,224,0,not_walking
02548893X-118,2025-02-28 10:00:07.010000+00:00,2025-02-28T10:00:03.010000+00:00,2025-02-28T10:00:11.010000+00:00,0,not_walking,0.005656099,not_walking,not_walking,True,2025-02-28 09:59:46,2025-02-28 10:02:23,salidas_test/transformer_sequence_predictions/02548893X_118_20250228_095946_20250228_100223_transformer_predictions.csv,3,225,225,0,not_walking
02548893X-118,2025-02-28 10:00:08.010000+00:00,2025-02-28T10:00:04.010000+00:00,2025-02-28T10:00:12.010000+00:00,0,not_walking,0.0036112354,not_walking,not_walking,True,2025-02-28 09:59:46,2025-02-28 10:02:23,salidas_test/transformer_sequence_predictions/02548893X_118_20250228_095946_20250228_100223_transformer_predictions.csv,3,226,226,0,not_walking
02548893X-118,2025-02-28 10:00:09.010000+00:00,2025-02-28T10:00:05.010000+00:00,2025-02-28T10:00:13.010000+00:00,0,not_walking,0.003865704,not_walking,not_walking,True,2025-02-28 09:59:46,2025-02-28 10:02:23,salidas_test/transformer_sequence_predictions/02548893X_118_20250228_095946_20250228_100223_transformer_predictions.csv,3,227,227,0,not_walking
02548893X-118,2025-02-28 10:00:10.010000+00:00,2025-02-28T10:00:06.010000+00:00,2025-02-28T10:00:14.010000+00:00,0,not_walking,0.0048566456,not_walking,not_walking,True,2025-02-28 09:59:46,2025-02-28 10:02:23,salidas_test/transformer_sequence_predictions/02548893X_118_20250228_095946_20250228_100223_transformer_predictions.csv,3,228,228,0,not_walking
02548893X-118,2025-02-28 10:00:11.010000+00:00,2025-02-28T10:00:07.010000+00:00,2025-02-28T10:00:15.010000+00:00,0,not_walking,0.004028282,not_walking,not_walking,True,2025-02-28 09:59:46,2025-02-28 10:02:23,salidas_test/transformer_sequence_predictions/02548893X_118_20250228_095946_20250228_100223_transformer_predictions.csv,3,229,229,0,not_walking
02548893X-118,2025-02-28 10:00:12.010000+00:00,2025-02-28T10:00:08.010000+00:00,2025-02-28T10:00:16.010000+00:00,0,not_walking,0.004321158,not_walking,not_walking,True,2025-02-28 09:59:46,2025-02-28 10:02:23,salidas_test/transformer_sequence_predictions/02548893X_118_20250228_095946_20250228_100223_transformer_predictions.csv,3,230,230,0,not_walking
02548893X-118,2025-02-28 10:00:13.010000+00:00,2025-02-28T10:00:09.010000+00:00,2025-02-28T10:00:17.010000+00:00,0,not_walking,0.0031705846,not_walking,not_walking,True,2025-02-28 09:59:46,2025-02-28 10:02:23,salidas_test/transformer_sequence_predictions/02548893X_118_20250228_095946_20250228_100223_transformer_predictions.csv,3,231,231,0,not_walking
02548893X-118,2025-02-28 10:00:14.010000+00:00,2025-02-28T10:00:10.010000+00:00,2025-02-28T10:00:18.010000+00:00,0,not_walking,0.0032234339,not_walking,not_walking,True,2025-02-28 09:59:46,2025-02-28 10:02:23,salidas_test/transformer_sequence_predictions/02548893X_118_20250228_095946_20250228_100223_transformer_predictions.csv,3,232,232,0,not_walking
02548893X-118,2025-02-28 10:00:15.010000+00:00,2025-02-28T10:00:11.010000+00:00,2025-02-28T10:00:19.010000+00:00,0,not_walking,0.0027872003,not_walking,not_walking,True,2025-02-28 09:59:46,2025-02-28 10:02:23,salidas_test/transformer_sequence_predictions/02548893X_118_20250228_095946_20250228_100223_transformer_predictions.csv,3,233,233,0,not_walking
02548893X-118,2025-02-28 10:00:16.010000+00:00,2025-02-28T10:00:12.010000+00:00,2025-02-28T10:00:20.010000+00:00,0,not_walking,0.0031753546,not_walking,not_walking,True,2025-02-28 09:59:46,2025-02-28 10:02:23,salidas_test/transformer_sequence_predictions/02548893X_118_20250228_095946_20250228_100223_transformer_predictions.csv,3,234,234,0,not_walking
02548893X-118,2025-02-28 10:00:17.010000+00:00,2025-02-28T10:00:13.010000+00:00,2025-02-28T10:00:21.010000+00:00,0,not_walking,0.003104523,not_walking,not_walking,True,2025-02-28 09:59:46,2025-02-28 10:02:23,salidas_test/transformer_sequence_predictions/02548893X_118_20250228_095946_20250228_100223_transformer_predictions.csv,3,235,235,0,not_walking
02548893X-118,2025-02-28 10:00:18.010000+00:00,2025-02-28T10:00:14.010000+00:00,2025-02-28T10:00:22.010000+00:00,0,not_walking,0.002719707,not_walking,not_walking,True,2025-02-28 09:59:46,2025-02-28 10:02:23,salidas_test/transformer_sequence_predictions/02548893X_118_20250228_095946_20250228_100223_transformer_predictions.csv,3,236,236,0,not_walking
02548893X-118,2025-02-28 10:00:19.010000+00:00,2025-02-28T10:00:15.010000+00:00,2025-02-28T10:00:23.010000+00:00,0,not_walking,0.0040653273,not_walking,not_walking,True,2025-02-28 09:59:46,2025-02-28 10:02:23,salidas_test/transformer_sequence_predictions/02548893X_118_20250228_095946_20250228_100223_transformer_predictions.csv,3,237,237,0,not_walking
02548893X-118,2025-02-28 10:00:20.010000+00:00,2025-02-28T10:00:16.010000+00:00,2025-02-28T10:00:24.010000+00:00,0,not_walking,0.004294741,not_walking,not_walking,True,2025-02-28 09:59:46,2025-02-28 10:02:23,salidas_test/transformer_sequence_predictions/02548893X_118_20250228_095946_20250228_100223_transformer_predictions.csv,3,238,238,0,not_walking
02548893X-118,2025-02-28 10:00:21.010000+00:00,2025-02-28T10:00:17.010000+00:00,2025-02-28T10:00:25.010000+00:00,0,not_walking,0.003310534,not_walking,not_walking,True,2025-02-28 09:59:46,2025-02-28 10:02:23,salidas_test/transformer_sequence_predictions/02548893X_118_20250228_095946_20250228_100223_transformer_predictions.csv,3,239,239,0,not_walking
02548893X-118,2025-02-28 10:00:22.010000+00:00,2025-02-28T10:00:18.010000+00:00,2025-02-28T10:00:26.010000+00:00,0,not_walking,0.004398607,not_walking,not_walking,True,2025-02-28 09:59:46,2025-02-28 10:02:23,salidas_test/transformer_sequence_predictions/02548893X_118_20250228_095946_20250228_100223_transformer_predictions.csv,3,240,240,0,not_walking
02548893X-118,2025-02-28 10:00:23.010000+00:00,2025-02-28T10:00:19.010000+00:00,2025-02-28T10:00:27.010000+00:00,0,not_walking,0.004800962,not_walking,not_walking,True,2025-02-28 09:59:46,2025-02-28 10:02:23,salidas_test/transformer_sequence_predictions/02548893X_118_20250228_095946_20250228_100223_transformer_predictions.csv,3,241,241,0,not_walking
02548893X-118,2025-02-28 10:00:24.010000+00:00,2025-02-28T10:00:20.010000+00:00,2025-02-28T10:00:28.010000+00:00,0,not_walking,0.0037777186,not_walking,not_walking,True,2025-02-28 09:59:46,2025-02-28 10:02:23,salidas_test/transformer_sequence_predictions/02548893X_118_20250228_095946_20250228_100223_transformer_predictions.csv,3,242,242,0,not_walking
02548893X-118,2025-02-28 10:00:25.010000+00:00,2025-02-28T10:00:21.010000+00:00,2025-02-28T10:00:29.010000+00:00,0,not_walking,0.0046709254,not_walking,not_walking,True,2025-02-28 09:59:46,2025-02-28 10:02:23,salidas_test/transformer_sequence_predictions/02548893X_118_20250228_095946_20250228_100223_transformer_predictions.csv,3,243,243,0,not_walking
02548893X-118,2025-02-28 10:00:26.010000+00:00,2025-02-28T10:00:22.010000+00:00,2025-02-28T10:00:30.010000+00:00,0,not_walking,0.004435546,not_walking,not_walking,True,2025-02-28 09:59:46,2025-02-28 10:02:23,salidas_test/transformer_sequence_predictions/02548893X_118_20250228_095946_20250228_100223_transformer_predictions.csv,3,244,244,0,not_walking
02548893X-118,2025-02-28 10:00:27.010000+00:00,2025-02-28T10:00:23.010000+00:00,2025-02-28T10:00:31.010000+00:00,0,not_walking,0.0045902194,not_walking,not_walking,True,2025-02-28 09:59:46,2025-02-28 10:02:23,salidas_test/transformer_sequence_predictions/02548893X_118_20250228_095946_20250228_100223_transformer_predictions.csv,3,245,245,0,not_walking
02548893X-118,2025-02-28 10:00:28.010000+00:00,2025-02-28T10:00:24.010000+00:00,2025-02-28T10:00:32.010000+00:00,0,not_walking,0.005311137,not_walking,not_walking,True,2025-02-28 09:59:46,2025-02-28 10:02:23,salidas_test/transformer_sequence_predictions/02548893X_118_20250228_095946_20250228_100223_transformer_predictions.csv,3,246,246,0,not_walking
02548893X-118,2025-02-28 10:00:29.010000+00:00,2025-02-28T10:00:25.010000+00:00,2025-02-28T10:00:33.010000+00:00,0,not_walking,0.0050931787,not_walking,not_walking,True,2025-02-28 09:59:46,2025-02-28 10:02:23,salidas_test/transformer_sequence_predictions/02548893X_118_20250228_095946_20250228_100223_transformer_predictions.csv,3,247,247,0,not_walking
02548893X-118,2025-02-28 10:00:30.010000+00:00,2025-02-28T10:00:26.010000+00:00,2025-02-28T10:00:34.010000+00:00,0,not_walking,0.0052595823,not_walking,not_walking,True,2025-02-28 09:59:46,2025-02-28 10:02:23,salidas_test/transformer_sequence_predictions/02548893X_118_20250228_095946_20250228_100223_transformer_predictions.csv,3,248,248,0,not_walking
02548893X-118,2025-02-28 10:00:31.010000+00:00,2025-02-28T10:00:27.010000+00:00,2025-02-28T10:00:35.010000+00:00,0,not_walking,0.0056611965,not_walking,not_walking,True,2025-02-28 09:59:46,2025-02-28 10:02:23,salidas_test/transformer_sequence_predictions/02548893X_118_20250228_095946_20250228_100223_transformer_predictions.csv,3,249,249,0,not_walking
02548893X-118,2025-02-28 10:00:32.010000+00:00,2025-02-28T10:00:28.010000+00:00,2025-02-28T10:00:36.010000+00:00,0,not_walking,0.0057609626,not_walking,not_walking,True,2025-02-28 09:59:46,2025-02-28 10:02:23,salidas_test/transformer_sequence_predictions/02548893X_118_20250228_095946_20250228_100223_transformer_predictions.csv,3,250,250,0,not_walking
02548893X-118,2025-02-28 10:00:33.010000+00:00,2025-02-28T10:00:29.010000+00:00,2025-02-28T10:00:37.010000+00:00,0,not_walking,0.00568079,not_walking,not_walking,True,2025-02-28 09:59:46,2025-02-28 10:02:23,salidas_test/transformer_sequence_predictions/02548893X_118_20250228_095946_20250228_100223_transformer_predictions.csv,3,251,251,0,not_walking
02548893X-118,2025-02-28 10:00:34.010000+00:00,2025-02-28T10:00:30.010000+00:00,2025-02-28T10:00:38.010000+00:00,0,not_walking,0.005357182,not_walking,not_walking,True,2025-02-28 09:59:46,2025-02-28 10:02:23,salidas_test/transformer_sequence_predictions/02548893X_118_20250228_095946_20250228_100223_transformer_predictions.csv,3,252,252,0,not_walking
02548893X-118,2025-02-28 10:00:35.010000+00:00,2025-02-28T10:00:31.010000+00:00,2025-02-28T10:00:39.010000+00:00,0,not_walking,0.0050548804,not_walking,not_walking,True,2025-02-28 09:59:46,2025-02-28 10:02:23,salidas_test/transformer_sequence_predictions/02548893X_118_20250228_095946_20250228_100223_transformer_predictions.csv,3,253,253,0,not_walking
02548893X-118,2025-02-28 10:00:36.010000+00:00,2025-02-28T10:00:32.010000+00:00,2025-02-28T10:00:40.010000+00:00,0,not_walking,0.0054950668,not_walking,not_walking,True,2025-02-28 09:59:46,2025-02-28 10:02:23,salidas_test/transformer_sequence_predictions/02548893X_118_20250228_095946_20250228_100223_transformer_predictions.csv,3,254,254,0,not_walking
02548893X-118,2025-02-28 10:00:37.010000+00:00,2025-02-28T10:00:33.010000+00:00,2025-02-28T10:00:41.010000+00:00,0,not_walking,0.0053416896,not_walking,not_walking,True,2025-02-28 09:59:46,2025-02-28 10:02:23,salidas_test/transformer_sequence_predictions/02548893X_118_20250228_095946_20250228_100223_transformer_predictions.csv,3,255,255,0,not_walking
02548893X-118,2025-02-28 10:00:38.010000+00:00,2025-02-28T10:00:34.010000+00:00,2025-02-28T10:00:42.010000+00:00,0,not_walking,0.005129605,not_walking,not_walking,True,2025-02-28 09:59:46,2025-02-28 10:02:23,salidas_test/transformer_sequence_predictions/02548893X_118_20250228_095946_20250228_100223_transformer_predictions.csv,3,256,256,0,not_walking
02548893X-118,2025-02-28 10:00:39.010000+00:00,2025-02-28T10:00:35.010000+00:00,2025-02-28T10:00:43.010000+00:00,0,not_walking,0.005535414,not_walking,not_walking,True,2025-02-28 09:59:46,2025-02-28 10:02:23,salidas_test/transformer_sequence_predictions/02548893X_118_20250228_095946_20250228_100223_transformer_predictions.csv,3,257,257,0,not_walking
02548893X-118,2025-02-28 10:00:40.010000+00:00,2025-02-28T10:00:36.010000+00:00,2025-02-28T10:00:44.010000+00:00,0,not_walking,0.0054472648,not_walking,not_walking,True,2025-02-28 09:59:46,2025-02-28 10:02:23,salidas_test/transformer_sequence_predictions/02548893X_118_20250228_095946_20250228_100223_transformer_predictions.csv,3,258,258,0,not_walking
02548893X-118,2025-02-28 10:00:41.010000+00:00,2025-02-28T10:00:37.010000+00:00,2025-02-28T10:00:45.010000+00:00,0,not_walking,0.0055265073,not_walking,not_walking,True,2025-02-28 09:59:46,2025-02-28 10:02:23,salidas_test/transformer_sequence_predictions/02548893X_118_20250228_095946_20250228_100223_transformer_predictions.csv,3,259,259,0,not_walking
02548893X-118,2025-02-28 10:00:42.010000+00:00,2025-02-28T10:00:38.010000+00:00,2025-02-28T10:00:46.010000+00:00,0,not_walking,0.0055674245,not_walking,not_walking,True,2025-02-28 09:59:46,2025-02-28 10:02:23,salidas_test/transformer_sequence_predictions/02548893X_118_20250228_095946_20250228_100223_transformer_predictions.csv,3,260,260,0,not_walking
02548893X-118,2025-02-28 10:00:43.010000+00:00,2025-02-28T10:00:39.010000+00:00,2025-02-28T10:00:47.010000+00:00,0,not_walking,0.00580491,not_walking,not_walking,True,2025-02-28 09:59:46,2025-02-28 10:02:23,salidas_test/transformer_sequence_predictions/02548893X_118_20250228_095946_20250228_100223_transformer_predictions.csv,3,261,261,0,not_walking
02548893X-118,2025-02-28 10:00:44.010000+00:00,2025-02-28T10:00:40.010000+00:00,2025-02-28T10:00:48.010000+00:00,0,not_walking,0.0057904907,not_walking,not_walking,True,2025-02-28 09:59:46,2025-02-28 10:02:23,salidas_test/transformer_sequence_predictions/02548893X_118_20250228_095946_20250228_100223_transformer_predictions.csv,3,262,262,0,not_walking
02548893X-118,2025-02-28 10:00:45.010000+00:00,2025-02-28T10:00:41.010000+00:00,2025-02-28T10:00:49.010000+00:00,0,not_walking,0.005325151,not_walking,not_walking,True,2025-02-28 09:59:46,2025-02-28 10:02:23,salidas_test/transformer_sequence_predictions/02548893X_118_20250228_095946_20250228_100223_transformer_predictions.csv,3,263,263,0,not_walking
02548893X-118,2025-02-28 10:00:46.010000+00:00,2025-02-28T10:00:42.010000+00:00,2025-02-28T10:00:50.010000+00:00,0,not_walking,0.005507192,not_walking,not_walking,True,2025-02-28 09:59:46,2025-02-28 10:02:23,salidas_test/transformer_sequence_predictions/02548893X_118_20250228_095946_20250228_100223_transformer_predictions.csv,3,264,264,0,not_walking
02548893X-118,2025-02-28 10:00:47.010000+00:00,2025-02-28T10:00:43.010000+00:00,2025-02-28T10:00:51.010000+00:00,0,not_walking,0.006306525,not_walking,not_walking,True,2025-02-28 09:59:46,2025-02-28 10:02:23,salidas_test/transformer_sequence_predictions/02548893X_118_20250228_095946_20250228_100223_transformer_predictions.csv,3,265,265,0,not_walking
02548893X-118,2025-02-28 10:00:48.010000+00:00,2025-02-28T10:00:44.010000+00:00,2025-02-28T10:00:52.010000+00:00,0,not_walking,0.0063848835,not_walking,not_walking,True,2025-02-28 09:59:46,2025-02-28 10:02:23,salidas_test/transformer_sequence_predictions/02548893X_118_20250228_095946_20250228_100223_transformer_predictions.csv,3,266,266,0,not_walking
02548893X-118,2025-02-28 10:00:49.010000+00:00,2025-02-28T10:00:45.010000+00:00,2025-02-28T10:00:53.010000+00:00,0,not_walking,0.0054048183,not_walking,not_walking,True,2025-02-28 09:59:46,2025-02-28 10:02:23,salidas_test/transformer_sequence_predictions/02548893X_118_20250228_095946_20250228_100223_transformer_predictions.csv,3,267,267,0,not_walking
02548893X-118,2025-02-28 10:00:50.010000+00:00,2025-02-28T10:00:46.010000+00:00,2025-02-28T10:00:54.010000+00:00,0,not_walking,0.006601607,not_walking,not_walking,True,2025-02-28 09:59:46,2025-02-28 10:02:23,salidas_test/transformer_sequence_predictions/02548893X_118_20250228_095946_20250228_100223_transformer_predictions.csv,3,268,268,0,not_walking
02548893X-118,2025-02-28 10:00:51.010000+00:00,2025-02-28T10:00:47.010000+00:00,2025-02-28T10:00:55.010000+00:00,0,not_walking,0.006835165,not_walking,not_walking,True,2025-02-28 09:59:46,2025-02-28 10:02:23,salidas_test/transformer_sequence_predictions/02548893X_118_20250228_095946_20250228_100223_transformer_predictions.csv,3,269,269,0,not_walking
02548893X-118,2025-02-28 10:00:52.010000+00:00,2025-02-28T10:00:48.010000+00:00,2025-02-28T10:00:56.010000+00:00,0,not_walking,0.0071492237,not_walking,not_walking,True,2025-02-28 09:59:46,2025-02-28 10:02:23,salidas_test/transformer_sequence_predictions/02548893X_118_20250228_095946_20250228_100223_transformer_predictions.csv,3,270,270,0,not_walking
02548893X-118,2025-02-28 10:00:53.010000+00:00,2025-02-28T10:00:49.010000+00:00,2025-02-28T10:00:57.010000+00:00,0,not_walking,0.0058741197,not_walking,not_walking,True,2025-02-28 09:59:46,2025-02-28 10:02:23,salidas_test/transformer_sequence_predictions/02548893X_118_20250228_095946_20250228_100223_transformer_predictions.csv,3,271,271,0,not_walking
02548893X-118,2025-02-28 10:00:54.010000+00:00,2025-02-28T10:00:50.010000+00:00,2025-02-28T10:00:58.010000+00:00,0,not_walking,0.005125703,not_walking,not_walking,True,2025-02-28 09:59:46,2025-02-28 10:02:23,salidas_test/transformer_sequence_predictions/02548893X_118_20250228_095946_20250228_100223_transformer_predictions.csv,3,272,272,0,not_walking
02548893X-118,2025-02-28 10:00:55.010000+00:00,2025-02-28T10:00:51.010000+00:00,2025-02-28T10:00:59.010000+00:00,0,not_walking,0.0059010074,not_walking,not_walking,True,2025-02-28 09:59:46,2025-02-28 10:02:23,salidas_test/transformer_sequence_predictions/02548893X_118_20250228_095946_20250228_100223_transformer_predictions.csv,3,273,273,0,not_walking
02548893X-118,2025-02-28 10:00:56.010000+00:00,2025-02-28T10:00:52.010000+00:00,2025-02-28T10:01:00.010000+00:00,0,not_walking,0.0065046856,not_walking,not_walking,True,2025-02-28 09:59:46,2025-02-28 10:02:23,salidas_test/transformer_sequence_predictions/02548893X_118_20250228_095946_20250228_100223_transformer_predictions.csv,3,274,274,0,not_walking
02548893X-118,2025-02-28 10:00:57.010000+00:00,2025-02-28T10:00:53.010000+00:00,2025-02-28T10:01:01.010000+00:00,0,not_walking,0.0058051846,not_walking,not_walking,True,2025-02-28 09:59:46,2025-02-28 10:02:23,salidas_test/transformer_sequence_predictions/02548893X_118_20250228_095946_20250228_100223_transformer_predictions.csv,3,275,275,0,not_walking
02548893X-118,2025-02-28 10:00:58.010000+00:00,2025-02-28T10:00:54.010000+00:00,2025-02-28T10:01:02.010000+00:00,0,not_walking,0.005990402,not_walking,not_walking,True,2025-02-28 09:59:46,2025-02-28 10:02:23,salidas_test/transformer_sequence_predictions/02548893X_118_20250228_095946_20250228_100223_transformer_predictions.csv,3,276,276,0,not_walking
02548893X-118,2025-02-28 10:00:59.010000+00:00,2025-02-28T10:00:55.010000+00:00,2025-02-28T10:01:03.010000+00:00,0,not_walking,0.0054353913,not_walking,not_walking,True,2025-02-28 09:59:46,2025-02-28 10:02:23,salidas_test/transformer_sequence_predictions/02548893X_118_20250228_095946_20250228_100223_transformer_predictions.csv,3,277,277,0,not_walking
02548893X-118,2025-02-28 10:01:00.010000+00:00,2025-02-28T10:00:56.010000+00:00,2025-02-28T10:01:04.010000+00:00,0,not_walking,0.006327279,not_walking,not_walking,True,2025-02-28 09:59:46,2025-02-28 10:02:23,salidas_test/transformer_sequence_predictions/02548893X_118_20250228_095946_20250228_100223_transformer_predictions.csv,3,278,278,0,not_walking
02548893X-118,2025-02-28 10:01:01.010000+00:00,2025-02-28T10:00:57.010000+00:00,2025-02-28T10:01:05.010000+00:00,0,not_walking,0.0051225675,not_walking,not_walking,True,2025-02-28 09:59:46,2025-02-28 10:02:23,salidas_test/transformer_sequence_predictions/02548893X_118_20250228_095946_20250228_100223_transformer_predictions.csv,3,279,279,0,not_walking
02548893X-118,2025-02-28 10:01:02.010000+00:00,2025-02-28T10:00:58.010000+00:00,2025-02-28T10:01:06.010000+00:00,0,not_walking,0.005125285,not_walking,not_walking,True,2025-02-28 09:59:46,2025-02-28 10:02:23,salidas_test/transformer_sequence_predictions/02548893X_118_20250228_095946_20250228_100223_transformer_predictions.csv,3,280,280,0,not_walking
02548893X-118,2025-02-28 10:01:03.010000+00:00,2025-02-28T10:00:59.010000+00:00,2025-02-28T10:01:07.010000+00:00,0,not_walking,0.004917398,not_walking,not_walking,True,2025-02-28 09:59:46,2025-02-28 10:02:23,salidas_test/transformer_sequence_predictions/02548893X_118_20250228_095946_20250228_100223_transformer_predictions.csv,3,281,281,0,not_walking
02548893X-118,2025-02-28 10:01:04.010000+00:00,2025-02-28T10:01:00.010000+00:00,2025-02-28T10:01:08.010000+00:00,0,not_walking,0.0047942866,not_walking,not_walking,True,2025-02-28 09:59:46,2025-02-28 10:02:23,salidas_test/transformer_sequence_predictions/02548893X_118_20250228_095946_20250228_100223_transformer_predictions.csv,3,282,282,0,not_walking
02548893X-118,2025-02-28 10:01:05.010000+00:00,2025-02-28T10:01:01.010000+00:00,2025-02-28T10:01:09.010000+00:00,0,not_walking,0.0051734457,not_walking,not_walking,True,2025-02-28 09:59:46,2025-02-28 10:02:23,salidas_test/transformer_sequence_predictions/02548893X_118_20250228_095946_20250228_100223_transformer_predictions.csv,3,283,283,0,not_walking
02548893X-118,2025-02-28 10:01:06.010000+00:00,2025-02-28T10:01:02.010000+00:00,2025-02-28T10:01:10.010000+00:00,0,not_walking,0.0052201753,not_walking,not_walking,True,2025-02-28 09:59:46,2025-02-28 10:02:23,salidas_test/transformer_sequence_predictions/02548893X_118_20250228_095946_20250228_100223_transformer_predictions.csv,3,284,284,0,not_walking
02548893X-118,2025-02-28 10:01:07.010000+00:00,2025-02-28T10:01:03.010000+00:00,2025-02-28T10:01:11.010000+00:00,0,not_walking,0.005269043,not_walking,not_walking,True,2025-02-28 09:59:46,2025-02-28 10:02:23,salidas_test/transformer_sequence_predictions/02548893X_118_20250228_095946_20250228_100223_transformer_predictions.csv,3,285,285,0,not_walking
02548893X-118,2025-02-28 10:01:08.010000+00:00,2025-02-28T10:01:04.010000+00:00,2025-02-28T10:01:12.010000+00:00,0,not_walking,0.0053232023,not_walking,not_walking,True,2025-02-28 09:59:46,2025-02-28 10:02:23,salidas_test/transformer_sequence_predictions/02548893X_118_20250228_095946_20250228_100223_transformer_predictions.csv,3,286,286,0,not_walking
02548893X-118,2025-02-28 10:01:09.010000+00:00,2025-02-28T10:01:05.010000+00:00,2025-02-28T10:01:13.010000+00:00,0,not_walking,0.0055406033,not_walking,not_walking,True,2025-02-28 09:59:46,2025-02-28 10:02:23,salidas_test/transformer_sequence_predictions/02548893X_118_20250228_095946_20250228_100223_transformer_predictions.csv,3,287,287,0,not_walking
02548893X-118,2025-02-28 10:01:10.010000+00:00,2025-02-28T10:01:06.010000+00:00,2025-02-28T10:01:14.010000+00:00,0,not_walking,0.0057541654,not_walking,not_walking,True,2025-02-28 09:59:46,2025-02-28 10:02:23,salidas_test/transformer_sequence_predictions/02548893X_118_20250228_095946_20250228_100223_transformer_predictions.csv,3,288,288,0,not_walking
02548893X-118,2025-02-28 10:01:11.010000+00:00,2025-02-28T10:01:07.010000+00:00,2025-02-28T10:01:15.010000+00:00,0,not_walking,0.0055041397,not_walking,not_walking,True,2025-02-28 09:59:46,2025-02-28 10:02:23,salidas_test/transformer_sequence_predictions/02548893X_118_20250228_095946_20250228_100223_transformer_predictions.csv,3,289,289,0,not_walking
02548893X-118,2025-02-28 10:01:12.010000+00:00,2025-02-28T10:01:08.010000+00:00,2025-02-28T10:01:16.010000+00:00,0,not_walking,0.0059057306,not_walking,not_walking,True,2025-02-28 09:59:46,2025-02-28 10:02:23,salidas_test/transformer_sequence_predictions/02548893X_118_20250228_095946_20250228_100223_transformer_predictions.csv,3,290,290,0,not_walking
02548893X-118,2025-02-28 10:01:13.010000+00:00,2025-02-28T10:01:09.010000+00:00,2025-02-28T10:01:17.010000+00:00,0,not_walking,0.005842611,not_walking,not_walking,True,2025-02-28 09:59:46,2025-02-28 10:02:23,salidas_test/transformer_sequence_predictions/02548893X_118_20250228_095946_20250228_100223_transformer_predictions.csv,3,291,291,0,not_walking
02548893X-118,2025-02-28 10:01:14.010000+00:00,2025-02-28T10:01:10.010000+00:00,2025-02-28T10:01:18.010000+00:00,0,not_walking,0.0135758845,not_walking,not_walking,True,2025-02-28 09:59:46,2025-02-28 10:02:23,salidas_test/transformer_sequence_predictions/02548893X_118_20250228_095946_20250228_100223_transformer_predictions.csv,3,292,292,0,not_walking
02548893X-118,2025-02-28 10:01:15.010000+00:00,2025-02-28T10:01:11.010000+00:00,2025-02-28T10:01:19.010000+00:00,0,not_walking,0.009895493,not_walking,not_walking,True,2025-02-28 09:59:46,2025-02-28 10:02:23,salidas_test/transformer_sequence_predictions/02548893X_118_20250228_095946_20250228_100223_transformer_predictions.csv,3,293,293,0,not_walking
02548893X-118,2025-02-28 10:01:16.010000+00:00,2025-02-28T10:01:12.010000+00:00,2025-02-28T10:01:20.010000+00:00,0,not_walking,0.0065996745,not_walking,not_walking,True,2025-02-28 09:59:46,2025-02-28 10:02:23,salidas_test/transformer_sequence_predictions/02548893X_118_20250228_095946_20250228_100223_transformer_predictions.csv,3,294,294,0,not_walking
02548893X-118,2025-02-28 10:01:17.010000+00:00,2025-02-28T10:01:13.010000+00:00,2025-02-28T10:01:21.010000+00:00,0,not_walking,0.005431939,not_walking,not_walking,True,2025-02-28 09:59:46,2025-02-28 10:02:23,salidas_test/transformer_sequence_predictions/02548893X_118_20250228_095946_20250228_100223_transformer_predictions.csv,3,295,295,0,not_walking
02548893X-118,2025-02-28 10:01:18.010000+00:00,2025-02-28T10:01:14.010000+00:00,2025-02-28T10:01:22.010000+00:00,0,not_walking,0.064925686,not_walking,not_walking,True,2025-02-28 09:59:46,2025-02-28 10:02:23,salidas_test/transformer_sequence_predictions/02548893X_118_20250228_095946_20250228_100223_transformer_predictions.csv,3,296,296,0,not_walking
02548893X-118,2025-02-28 10:01:19.010000+00:00,2025-02-28T10:01:15.010000+00:00,2025-02-28T10:01:23.010000+00:00,0,not_walking,0.01228472,not_walking,not_walking,True,2025-02-28 09:59:46,2025-02-28 10:02:23,salidas_test/transformer_sequence_predictions/02548893X_118_20250228_095946_20250228_100223_transformer_predictions.csv,3,297,297,0,not_walking
02548893X-118,2025-02-28 10:01:20.010000+00:00,2025-02-28T10:01:16.010000+00:00,2025-02-28T10:01:24.010000+00:00,0,not_walking,0.0046480275,not_walking,not_walking,True,2025-02-28 09:59:46,2025-02-28 10:02:23,salidas_test/transformer_sequence_predictions/02548893X_118_20250228_095946_20250228_100223_transformer_predictions.csv,3,298,298,0,not_walking
02548893X-118,2025-02-28 10:01:21.010000+00:00,2025-02-28T10:01:17.010000+00:00,2025-02-28T10:01:25.010000+00:00,0,not_walking,0.0047760205,not_walking,not_walking,True,2025-02-28 09:59:46,2025-02-28 10:02:23,salidas_test/transformer_sequence_predictions/02548893X_118_20250228_095946_20250228_100223_transformer_predictions.csv,3,299,299,0,not_walking
02548893X-118,2025-02-28 10:01:22.010000+00:00,2025-02-28T10:01:18.010000+00:00,2025-02-28T10:01:26.010000+00:00,0,not_walking,0.004499403,not_walking,not_walking,True,2025-02-28 09:59:46,2025-02-28 10:02:23,salidas_test/transformer_sequence_predictions/02548893X_118_20250228_095946_20250228_100223_transformer_predictions.csv,3,300,300,0,not_walking
02548893X-118,2025-02-28 10:01:23.010000+00:00,2025-02-28T10:01:19.010000+00:00,2025-02-28T10:01:27.010000+00:00,0,not_walking,0.0037081141,not_walking,not_walking,True,2025-02-28 09:59:46,2025-02-28 10:02:23,salidas_test/transformer_sequence_predictions/02548893X_118_20250228_095946_20250228_100223_transformer_predictions.csv,3,301,301,0,not_walking
02548893X-118,2025-02-28 10:01:24.010000+00:00,2025-02-28T10:01:20.010000+00:00,2025-02-28T10:01:28.010000+00:00,0,not_walking,0.004472977,not_walking,not_walking,True,2025-02-28 09:59:46,2025-02-28 10:02:23,salidas_test/transformer_sequence_predictions/02548893X_118_20250228_095946_20250228_100223_transformer_predictions.csv,3,302,302,0,not_walking
02548893X-118,2025-02-28 10:01:25.010000+00:00,2025-02-28T10:01:21.010000+00:00,2025-02-28T10:01:29.010000+00:00,0,not_walking,0.004310155,not_walking,not_walking,True,2025-02-28 09:59:46,2025-02-28 10:02:23,salidas_test/transformer_sequence_predictions/02548893X_118_20250228_095946_20250228_100223_transformer_predictions.csv,3,303,303,0,not_walking
02548893X-118,2025-02-28 10:01:26.010000+00:00,2025-02-28T10:01:22.010000+00:00,2025-02-28T10:01:30.010000+00:00,0,not_walking,0.004651082,not_walking,not_walking,True,2025-02-28 09:59:46,2025-02-28 10:02:23,salidas_test/transformer_sequence_predictions/02548893X_118_20250228_095946_20250228_100223_transformer_predictions.csv,3,304,304,0,not_walking
02548893X-118,2025-02-28 10:01:27.010000+00:00,2025-02-28T10:01:23.010000+00:00,2025-02-28T10:01:31.010000+00:00,0,not_walking,0.0043271817,not_walking,not_walking,True,2025-02-28 09:59:46,2025-02-28 10:02:23,salidas_test/transformer_sequence_predictions/02548893X_118_20250228_095946_20250228_100223_transformer_predictions.csv,3,305,305,0,not_walking
02548893X-118,2025-02-28 10:01:28.010000+00:00,2025-02-28T10:01:24.010000+00:00,2025-02-28T10:01:32.010000+00:00,0,not_walking,0.00292026,not_walking,not_walking,True,2025-02-28 09:59:46,2025-02-28 10:02:23,salidas_test/transformer_sequence_predictions/02548893X_118_20250228_095946_20250228_100223_transformer_predictions.csv,3,306,306,0,not_walking
02548893X-118,2025-02-28 10:01:29.010000+00:00,2025-02-28T10:01:25.010000+00:00,2025-02-28T10:01:33.010000+00:00,0,not_walking,0.003187284,not_walking,not_walking,True,2025-02-28 09:59:46,2025-02-28 10:02:23,salidas_test/transformer_sequence_predictions/02548893X_118_20250228_095946_20250228_100223_transformer_predictions.csv,3,307,307,0,not_walking
02548893X-118,2025-02-28 10:01:30.010000+00:00,2025-02-28T10:01:26.010000+00:00,2025-02-28T10:01:34.010000+00:00,0,not_walking,0.005666025,not_walking,not_walking,True,2025-02-28 09:59:46,2025-02-28 10:02:23,salidas_test/transformer_sequence_predictions/02548893X_118_20250228_095946_20250228_100223_transformer_predictions.csv,3,308,308,0,not_walking
02548893X-118,2025-02-28 10:01:31.010000+00:00,2025-02-28T10:01:27.010000+00:00,2025-02-28T10:01:35.010000+00:00,0,not_walking,0.0027165753,not_walking,not_walking,True,2025-02-28 09:59:46,2025-02-28 10:02:23,salidas_test/transformer_sequence_predictions/02548893X_118_20250228_095946_20250228_100223_transformer_predictions.csv,3,309,309,0,not_walking
02548893X-118,2025-02-28 10:01:32.010000+00:00,2025-02-28T10:01:28.010000+00:00,2025-02-28T10:01:36.010000+00:00,0,not_walking,0.004963246,not_walking,not_walking,True,2025-02-28 09:59:46,2025-02-28 10:02:23,salidas_test/transformer_sequence_predictions/02548893X_118_20250228_095946_20250228_100223_transformer_predictions.csv,3,310,310,0,not_walking
02548893X-118,2025-02-28 10:01:33.010000+00:00,2025-02-28T10:01:29.010000+00:00,2025-02-28T10:01:37.010000+00:00,0,not_walking,0.005352745,not_walking,not_walking,True,2025-02-28 09:59:46,2025-02-28 10:02:23,salidas_test/transformer_sequence_predictions/02548893X_118_20250228_095946_20250228_100223_transformer_predictions.csv,3,311,311,0,not_walking
02548893X-118,2025-02-28 10:01:34.010000+00:00,2025-02-28T10:01:30.010000+00:00,2025-02-28T10:01:38.010000+00:00,0,not_walking,0.004991601,not_walking,not_walking,True,2025-02-28 09:59:46,2025-02-28 10:02:23,salidas_test/transformer_sequence_predictions/02548893X_118_20250228_095946_20250228_100223_transformer_predictions.csv,3,312,312,0,not_walking
02548893X-118,2025-02-28 10:01:35.010000+00:00,2025-02-28T10:01:31.010000+00:00,2025-02-28T10:01:39.010000+00:00,0,not_walking,0.0045874924,not_walking,not_walking,True,2025-02-28 09:59:46,2025-02-28 10:02:23,salidas_test/transformer_sequence_predictions/02548893X_118_20250228_095946_20250228_100223_transformer_predictions.csv,3,313,313,0,not_walking
02548893X-118,2025-02-28 10:01:36.010000+00:00,2025-02-28T10:01:32.010000+00:00,2025-02-28T10:01:40.010000+00:00,0,not_walking,0.0047352966,not_walking,not_walking,True,2025-02-28 09:59:46,2025-02-28 10:02:23,salidas_test/transformer_sequence_predictions/02548893X_118_20250228_095946_20250228_100223_transformer_predictions.csv,3,314,314,0,not_walking
02548893X-118,2025-02-28 10:01:37.010000+00:00,2025-02-28T10:01:33.010000+00:00,2025-02-28T10:01:41.010000+00:00,0,not_walking,0.0049487813,not_walking,not_walking,True,2025-02-28 09:59:46,2025-02-28 10:02:23,salidas_test/transformer_sequence_predictions/02548893X_118_20250228_095946_20250228_100223_transformer_predictions.csv,3,315,315,0,not_walking
02548893X-118,2025-02-28 10:01:38.010000+00:00,2025-02-28T10:01:34.010000+00:00,2025-02-28T10:01:42.010000+00:00,0,not_walking,0.004805479,not_walking,not_walking,True,2025-02-28 09:59:46,2025-02-28 10:02:23,salidas_test/transformer_sequence_predictions/02548893X_118_20250228_095946_20250228_100223_transformer_predictions.csv,3,316,316,0,not_walking
02548893X-118,2025-02-28 10:01:39.010000+00:00,2025-02-28T10:01:35.010000+00:00,2025-02-28T10:01:43.010000+00:00,0,not_walking,0.004820218,not_walking,not_walking,True,2025-02-28 09:59:46,2025-02-28 10:02:23,salidas_test/transformer_sequence_predictions/02548893X_118_20250228_095946_20250228_100223_transformer_predictions.csv,3,317,317,0,not_walking
02548893X-118,2025-02-28 10:01:40.010000+00:00,2025-02-28T10:01:36.010000+00:00,2025-02-28T10:01:44.010000+00:00,0,not_walking,0.0048852013,not_walking,not_walking,True,2025-02-28 09:59:46,2025-02-28 10:02:23,salidas_test/transformer_sequence_predictions/02548893X_118_20250228_095946_20250228_100223_transformer_predictions.csv,3,318,318,0,not_walking
02548893X-118,2025-02-28 10:01:41.010000+00:00,2025-02-28T10:01:37.010000+00:00,2025-02-28T10:01:45.010000+00:00,0,not_walking,0.004876105,not_walking,not_walking,True,2025-02-28 09:59:46,2025-02-28 10:02:23,salidas_test/transformer_sequence_predictions/02548893X_118_20250228_095946_20250228_100223_transformer_predictions.csv,3,319,319,0,not_walking
02548893X-118,2025-02-28 10:01:42.010000+00:00,2025-02-28T10:01:38.010000+00:00,2025-02-28T10:01:46.010000+00:00,0,not_walking,0.0045007505,not_walking,not_walking,True,2025-02-28 09:59:46,2025-02-28 10:02:23,salidas_test/transformer_sequence_predictions/02548893X_118_20250228_095946_20250228_100223_transformer_predictions.csv,3,320,320,0,not_walking
02548893X-118,2025-02-28 10:01:43.010000+00:00,2025-02-28T10:01:39.010000+00:00,2025-02-28T10:01:47.010000+00:00,0,not_walking,0.004329294,not_walking,not_walking,True,2025-02-28 09:59:46,2025-02-28 10:02:23,salidas_test/transformer_sequence_predictions/02548893X_118_20250228_095946_20250228_100223_transformer_predictions.csv,3,321,321,0,not_walking
02548893X-118,2025-02-28 10:01:44.010000+00:00,2025-02-28T10:01:40.010000+00:00,2025-02-28T10:01:48.010000+00:00,0,not_walking,0.004795782,not_walking,not_walking,True,2025-02-28 09:59:46,2025-02-28 10:02:23,salidas_test/transformer_sequence_predictions/02548893X_118_20250228_095946_20250228_100223_transformer_predictions.csv,3,322,322,0,not_walking
02548893X-118,2025-02-28 10:01:45.010000+00:00,2025-02-28T10:01:41.010000+00:00,2025-02-28T10:01:49.010000+00:00,0,not_walking,0.004652755,not_walking,not_walking,True,2025-02-28 09:59:46,2025-02-28 10:02:23,salidas_test/transformer_sequence_predictions/02548893X_118_20250228_095946_20250228_100223_transformer_predictions.csv,3,323,323,0,not_walking
02548893X-118,2025-02-28 10:01:46.010000+00:00,2025-02-28T10:01:42.010000+00:00,2025-02-28T10:01:50.010000+00:00,0,not_walking,0.0044838698,not_walking,not_walking,True,2025-02-28 09:59:46,2025-02-28 10:02:23,salidas_test/transformer_sequence_predictions/02548893X_118_20250228_095946_20250228_100223_transformer_predictions.csv,3,324,324,0,not_walking
02548893X-118,2025-02-28 10:01:47.010000+00:00,2025-02-28T10:01:43.010000+00:00,2025-02-28T10:01:51.010000+00:00,0,not_walking,0.004398603,not_walking,not_walking,True,2025-02-28 09:59:46,2025-02-28 10:02:23,salidas_test/transformer_sequence_predictions/02548893X_118_20250228_095946_20250228_100223_transformer_predictions.csv,3,325,325,0,not_walking
02548893X-118,2025-02-28 10:01:48.010000+00:00,2025-02-28T10:01:44.010000+00:00,2025-02-28T10:01:52.010000+00:00,0,not_walking,0.0050896523,not_walking,not_walking,True,2025-02-28 09:59:46,2025-02-28 10:02:23,salidas_test/transformer_sequence_predictions/02548893X_118_20250228_095946_20250228_100223_transformer_predictions.csv,3,326,326,0,not_walking
02548893X-118,2025-02-28 10:01:49.010000+00:00,2025-02-28T10:01:45.010000+00:00,2025-02-28T10:01:53.010000+00:00,0,not_walking,0.0044503547,not_walking,not_walking,True,2025-02-28 09:59:46,2025-02-28 10:02:23,salidas_test/transformer_sequence_predictions/02548893X_118_20250228_095946_20250228_100223_transformer_predictions.csv,3,327,327,0,not_walking
02548893X-118,2025-02-28 10:01:50.010000+00:00,2025-02-28T10:01:46.010000+00:00,2025-02-28T10:01:54.010000+00:00,0,not_walking,0.0049721673,not_walking,not_walking,True,2025-02-28 09:59:46,2025-02-28 10:02:23,salidas_test/transformer_sequence_predictions/02548893X_118_20250228_095946_20250228_100223_transformer_predictions.csv,3,328,328,0,not_walking
02548893X-118,2025-02-28 10:01:51.010000+00:00,2025-02-28T10:01:47.010000+00:00,2025-02-28T10:01:55.010000+00:00,0,not_walking,0.004331235,not_walking,not_walking,True,2025-02-28 09:59:46,2025-02-28 10:02:23,salidas_test/transformer_sequence_predictions/02548893X_118_20250228_095946_20250228_100223_transformer_predictions.csv,3,329,329,0,not_walking
02548893X-118,2025-02-28 10:01:52.010000+00:00,2025-02-28T10:01:48.010000+00:00,2025-02-28T10:01:56.010000+00:00,0,not_walking,0.002868908,not_walking,not_walking,True,2025-02-28 09:59:46,2025-02-28 10:02:23,salidas_test/transformer_sequence_predictions/02548893X_118_20250228_095946_20250228_100223_transformer_predictions.csv,3,330,330,0,not_walking
02548893X-118,2025-02-28 10:01:53.010000+00:00,2025-02-28T10:01:49.010000+00:00,2025-02-28T10:01:57.010000+00:00,0,not_walking,0.0050816806,not_walking,not_walking,True,2025-02-28 09:59:46,2025-02-28 10:02:23,salidas_test/transformer_sequence_predictions/02548893X_118_20250228_095946_20250228_100223_transformer_predictions.csv,3,331,331,0,not_walking
02548893X-118,2025-02-28 10:01:54.010000+00:00,2025-02-28T10:01:50.010000+00:00,2025-02-28T10:01:58.010000+00:00,0,not_walking,0.0050514904,not_walking,not_walking,True,2025-02-28 09:59:46,2025-02-28 10:02:23,salidas_test/transformer_sequence_predictions/02548893X_118_20250228_095946_20250228_100223_transformer_predictions.csv,3,332,332,0,not_walking
02548893X-118,2025-02-28 10:01:55.010000+00:00,2025-02-28T10:01:51.010000+00:00,2025-02-28T10:01:59.010000+00:00,0,not_walking,0.0046728407,not_walking,not_walking,True,2025-02-28 09:59:46,2025-02-28 10:02:23,salidas_test/transformer_sequence_predictions/02548893X_118_20250228_095946_20250228_100223_transformer_predictions.csv,3,333,333,0,not_walking
02548893X-118,2025-02-28 10:01:56.010000+00:00,2025-02-28T10:01:52.010000+00:00,2025-02-28T10:02:00.010000+00:00,0,not_walking,0.0055492595,not_walking,not_walking,True,2025-02-28 09:59:46,2025-02-28 10:02:23,salidas_test/transformer_sequence_predictions/02548893X_118_20250228_095946_20250228_100223_transformer_predictions.csv,3,334,334,0,not_walking
02548893X-118,2025-02-28 10:01:57.010000+00:00,2025-02-28T10:01:53.010000+00:00,2025-02-28T10:02:01.010000+00:00,0,not_walking,0.0050557004,not_walking,not_walking,True,2025-02-28 09:59:46,2025-02-28 10:02:23,salidas_test/transformer_sequence_predictions/02548893X_118_20250228_095946_20250228_100223_transformer_predictions.csv,3,335,335,0,not_walking
02548893X-118,2025-02-28 10:01:58.010000+00:00,2025-02-28T10:01:54.010000+00:00,2025-02-28T10:02:02.010000+00:00,0,not_walking,0.006133608,not_walking,not_walking,True,2025-02-28 09:59:46,2025-02-28 10:02:23,salidas_test/transformer_sequence_predictions/02548893X_118_20250228_095946_20250228_100223_transformer_predictions.csv,3,336,336,0,not_walking
02548893X-118,2025-02-28 10:01:59.010000+00:00,2025-02-28T10:01:55.010000+00:00,2025-02-28T10:02:03.010000+00:00,0,not_walking,0.0059721833,not_walking,not_walking,True,2025-02-28 09:59:46,2025-02-28 10:02:23,salidas_test/transformer_sequence_predictions/02548893X_118_20250228_095946_20250228_100223_transformer_predictions.csv,3,337,337,0,not_walking
02548893X-118,2025-02-28 10:02:00.010000+00:00,2025-02-28T10:01:56.010000+00:00,2025-02-28T10:02:04.010000+00:00,0,not_walking,0.0063136914,not_walking,not_walking,True,2025-02-28 09:59:46,2025-02-28 10:02:23,salidas_test/transformer_sequence_predictions/02548893X_118_20250228_095946_20250228_100223_transformer_predictions.csv,3,338,338,0,not_walking
02548893X-118,2025-02-28 10:02:01.010000+00:00,2025-02-28T10:01:57.010000+00:00,2025-02-28T10:02:05.010000+00:00,0,not_walking,0.0030801983,not_walking,not_walking,True,2025-02-28 09:59:46,2025-02-28 10:02:23,salidas_test/transformer_sequence_predictions/02548893X_118_20250228_095946_20250228_100223_transformer_predictions.csv,3,339,339,0,not_walking
02548893X-118,2025-02-28 10:02:02.010000+00:00,2025-02-28T10:01:58.010000+00:00,2025-02-28T10:02:06.010000+00:00,0,not_walking,0.0062237456,not_walking,not_walking,True,2025-02-28 09:59:46,2025-02-28 10:02:23,salidas_test/transformer_sequence_predictions/02548893X_118_20250228_095946_20250228_100223_transformer_predictions.csv,3,340,340,0,not_walking
02548893X-118,2025-02-28 10:02:03.010000+00:00,2025-02-28T10:01:59.010000+00:00,2025-02-28T10:02:07.010000+00:00,0,not_walking,0.0031926653,not_walking,not_walking,True,2025-02-28 09:59:46,2025-02-28 10:02:23,salidas_test/transformer_sequence_predictions/02548893X_118_20250228_095946_20250228_100223_transformer_predictions.csv,3,341,341,0,not_walking
02548893X-118,2025-02-28 10:02:04.010000+00:00,2025-02-28T10:02:00.010000+00:00,2025-02-28T10:02:08.010000+00:00,0,not_walking,0.0030315567,not_walking,not_walking,True,2025-02-28 09:59:46,2025-02-28 10:02:23,salidas_test/transformer_sequence_predictions/02548893X_118_20250228_095946_20250228_100223_transformer_predictions.csv,3,342,342,0,not_walking
02548893X-118,2025-02-28 10:02:05.010000+00:00,2025-02-28T10:02:01.010000+00:00,2025-02-28T10:02:09.010000+00:00,0,not_walking,0.0057851835,not_walking,not_walking,True,2025-02-28 09:59:46,2025-02-28 10:02:23,salidas_test/transformer_sequence_predictions/02548893X_118_20250228_095946_20250228_100223_transformer_predictions.csv,3,343,343,0,not_walking
02548893X-118,2025-02-28 10:02:06.010000+00:00,2025-02-28T10:02:02.010000+00:00,2025-02-28T10:02:10.010000+00:00,0,not_walking,0.0033303353,not_walking,not_walking,True,2025-02-28 09:59:46,2025-02-28 10:02:23,salidas_test/transformer_sequence_predictions/02548893X_118_20250228_095946_20250228_100223_transformer_predictions.csv,3,344,344,0,not_walking
02548893X-118,2025-02-28 10:02:07.010000+00:00,2025-02-28T10:02:03.010000+00:00,2025-02-28T10:02:11.010000+00:00,0,not_walking,0.0031235476,not_walking,not_walking,True,2025-02-28 09:59:46,2025-02-28 10:02:23,salidas_test/transformer_sequence_predictions/02548893X_118_20250228_095946_20250228_100223_transformer_predictions.csv,3,345,345,0,not_walking
02548893X-118,2025-02-28 10:02:08.010000+00:00,2025-02-28T10:02:04.010000+00:00,2025-02-28T10:02:12.010000+00:00,0,not_walking,0.00716325,not_walking,not_walking,True,2025-02-28 09:59:46,2025-02-28 10:02:23,salidas_test/transformer_sequence_predictions/02548893X_118_20250228_095946_20250228_100223_transformer_predictions.csv,3,346,346,0,not_walking
02548893X-118,2025-02-28 10:02:09.010000+00:00,2025-02-28T10:02:05.010000+00:00,2025-02-28T10:02:13.010000+00:00,0,not_walking,0.003140069,not_walking,not_walking,True,2025-02-28 09:59:46,2025-02-28 10:02:23,salidas_test/transformer_sequence_predictions/02548893X_118_20250228_095946_20250228_100223_transformer_predictions.csv,3,347,347,0,not_walking
02548893X-118,2025-02-28 10:02:10.010000+00:00,2025-02-28T10:02:06.010000+00:00,2025-02-28T10:02:14.010000+00:00,0,not_walking,0.03990162,not_walking,not_walking,True,2025-02-28 09:59:46,2025-02-28 10:02:23,salidas_test/transformer_sequence_predictions/02548893X_118_20250228_095946_20250228_100223_transformer_predictions.csv,3,348,348,0,not_walking
02548893X-118,2025-02-28 10:02:11.010000+00:00,2025-02-28T10:02:07.010000+00:00,2025-02-28T10:02:15.010000+00:00,0,not_walking,0.004072243,not_walking,not_walking,True,2025-02-28 09:59:46,2025-02-28 10:02:23,salidas_test/transformer_sequence_predictions/02548893X_118_20250228_095946_20250228_100223_transformer_predictions.csv,3,349,349,0,not_walking
02548893X-118,2025-02-28 10:02:12.010000+00:00,2025-02-28T10:02:08.010000+00:00,2025-02-28T10:02:16.010000+00:00,0,not_walking,0.0044237007,not_walking,not_walking,True,2025-02-28 09:59:46,2025-02-28 10:02:23,salidas_test/transformer_sequence_predictions/02548893X_118_20250228_095946_20250228_100223_transformer_predictions.csv,3,350,350,0,not_walking
02548893X-118,2025-02-28 10:02:13.010000+00:00,2025-02-28T10:02:09.010000+00:00,2025-02-28T10:02:17.010000+00:00,0,not_walking,0.00465862,not_walking,not_walking,True,2025-02-28 09:59:46,2025-02-28 10:02:23,salidas_test/transformer_sequence_predictions/02548893X_118_20250228_095946_20250228_100223_transformer_predictions.csv,3,351,351,0,not_walking
02548893X-118,2025-02-28 10:02:14.010000+00:00,2025-02-28T10:02:10.010000+00:00,2025-02-28T10:02:18.010000+00:00,0,not_walking,0.00460456,not_walking,not_walking,True,2025-02-28 09:59:46,2025-02-28 10:02:23,salidas_test/transformer_sequence_predictions/02548893X_118_20250228_095946_20250228_100223_transformer_predictions.csv,3,352,352,0,not_walking
02548893X-118,2025-02-28 10:02:15.010000+00:00,2025-02-28T10:02:11.010000+00:00,2025-02-28T10:02:19.010000+00:00,0,not_walking,0.005851849,not_walking,not_walking,True,2025-02-28 09:59:46,2025-02-28 10:02:23,salidas_test/transformer_sequence_predictions/02548893X_118_20250228_095946_20250228_100223_transformer_predictions.csv,3,353,353,0,not_walking
02548893X-118,2025-02-28 10:02:16.010000+00:00,2025-02-28T10:02:12.010000+00:00,2025-02-28T10:02:20.010000+00:00,0,not_walking,0.0041025393,not_walking,not_walking,True,2025-02-28 09:59:46,2025-02-28 10:02:23,salidas_test/transformer_sequence_predictions/02548893X_118_20250228_095946_20250228_100223_transformer_predictions.csv,3,354,354,0,not_walking
02548893X-118,2025-02-28 10:02:17.010000+00:00,2025-02-28T10:02:13.010000+00:00,2025-02-28T10:02:21.010000+00:00,0,not_walking,0.0043805726,not_walking,not_walking,True,2025-02-28 09:59:46,2025-02-28 10:02:23,salidas_test/transformer_sequence_predictions/02548893X_118_20250228_095946_20250228_100223_transformer_predictions.csv,3,355,355,0,not_walking
