Reference,review_block,source_raw,label_from_local,label_until_local,label_from_utc,label_until_utc,suggested_mov_type,mov_type,label_quality,review_notes,duration_s,windows,samples,feet_min,motion_score_mean,motion_score_min,motion_score_max,acc_std_mean,gyro_std_mean,low_threshold,high_threshold
AAMALMHUG057-66,AAMALMHUG057_66_block0001_2026_04_25_204904_2026_04_25_211904,salidas_test/new_influx_labeling_batch/raw_blocks/AAMALMHUG057_66_block0001_2026_04_25_204904_2026_04_25_211904_raw.parquet,2026-04-25 20:53:41,2026-04-25 20:53:53,2026-04-25T18:53:41Z,2026-04-25T18:53:53Z,not_walking,,auto_review,Sugerencia heuristica por energia de acelerometro/giroscopio; revisar en Grafana.,12.0,12,1154,2,0.0,0.0,0.0,0.0011732047452098866,1.2620389120659636,0.0,35.871458911608286
AAMALMHUG057-66,AAMALMHUG057_66_block0001_2026_04_25_204904_2026_04_25_211904,salidas_test/new_influx_labeling_batch/raw_blocks/AAMALMHUG057_66_block0001_2026_04_25_204904_2026_04_25_211904_raw.parquet,2026-04-25 20:54:02,2026-04-25 20:54:31,2026-04-25T18:54:02Z,2026-04-25T18:54:31Z,not_walking,,auto_review,Sugerencia heuristica por energia de acelerometro/giroscopio; revisar en Grafana.,29.0,29,2809,2,0.0,0.0,0.0,0.0008621633367324131,0.7736969038179994,0.0,35.871458911608286
AAMALMHUG057-66,AAMALMHUG057_66_block0001_2026_04_25_204904_2026_04_25_211904,salidas_test/new_influx_labeling_batch/raw_blocks/AAMALMHUG057_66_block0001_2026_04_25_204904_2026_04_25_211904_raw.parquet,2026-04-25 20:54:35,2026-04-25 20:54:49,2026-04-25T18:54:35Z,2026-04-25T18:54:49Z,not_walking,,auto_review,Sugerencia heuristica por energia de acelerometro/giroscopio; revisar en Grafana.,14.0,14,1369,2,0.0,0.0,0.0,0.001449032232588948,1.2376907216712563,0.0,35.871458911608286
AAMALMHUG057-66,AAMALMHUG057_66_block0001_2026_04_25_204904_2026_04_25_211904,salidas_test/new_influx_labeling_batch/raw_blocks/AAMALMHUG057_66_block0001_2026_04_25_204904_2026_04_25_211904_raw.parquet,2026-04-25 20:56:49,2026-04-25 20:57:06,2026-04-25T18:56:49Z,2026-04-25T18:57:06Z,not_walking,,auto_review,Sugerencia heuristica por energia de acelerometro/giroscopio; revisar en Grafana.,17.0,17,1665,2,0.0,0.0,0.0,0.003728338097825438,1.3379475666014486,0.0,35.871458911608286
AAMALMHUG057-66,AAMALMHUG057_66_block0001_2026_04_25_204904_2026_04_25_211904,salidas_test/new_influx_labeling_batch/raw_blocks/AAMALMHUG057_66_block0001_2026_04_25_204904_2026_04_25_211904_raw.parquet,2026-04-25 20:58:03,2026-04-25 20:58:14,2026-04-25T18:58:03Z,2026-04-25T18:58:14Z,walking,,auto_review,Sugerencia heuristica por energia de acelerometro/giroscopio; revisar en Grafana.,11.0,11,1074,2,41.24229116417592,37.95392176246878,44.687550626687084,0.5247762672842633,130.39946973821557,0.0,35.871458911608286
AAMALMHUG057-66,AAMALMHUG057_66_block0001_2026_04_25_204904_2026_04_25_211904,salidas_test/new_influx_labeling_batch/raw_blocks/AAMALMHUG057_66_block0001_2026_04_25_204904_2026_04_25_211904_raw.parquet,2026-04-25 20:58:26,2026-04-25 20:58:38,2026-04-25T18:58:26Z,2026-04-25T18:58:38Z,walking,,auto_review,Sugerencia heuristica por energia de acelerometro/giroscopio; revisar en Grafana.,12.0,12,1157,2,38.55658918964247,36.226224370558285,41.40267653797826,0.48174244116480663,129.0749517824375,0.0,35.871458911608286
AAMALMHUG057-66,AAMALMHUG057_66_block0001_2026_04_25_204904_2026_04_25_211904,salidas_test/new_influx_labeling_batch/raw_blocks/AAMALMHUG057_66_block0001_2026_04_25_204904_2026_04_25_211904_raw.parquet,2026-04-25 20:59:26,2026-04-25 21:00:08,2026-04-25T18:59:26Z,2026-04-25T19:00:08Z,not_walking,,auto_review,Sugerencia heuristica por energia de acelerometro/giroscopio; revisar en Grafana.,42.0,42,4078,2,0.0,0.0,0.0,0.0011967574996886996,1.0088952993724074,0.0,35.871458911608286
AAMALMHUG057-66,AAMALMHUG057_66_block0001_2026_04_25_204904_2026_04_25_211904,salidas_test/new_influx_labeling_batch/raw_blocks/AAMALMHUG057_66_block0001_2026_04_25_204904_2026_04_25_211904_raw.parquet,2026-04-25 21:00:15,2026-04-25 21:00:47,2026-04-25T19:00:15Z,2026-04-25T19:00:47Z,not_walking,,auto_review,Sugerencia heuristica por energia de acelerometro/giroscopio; revisar en Grafana.,32.0,32,3126,2,0.0,0.0,0.0,0.0014236916357225566,1.7878063417291452,0.0,35.871458911608286
AAMALMHUG057-66,AAMALMHUG057_66_block0001_2026_04_25_204904_2026_04_25_211904,salidas_test/new_influx_labeling_batch/raw_blocks/AAMALMHUG057_66_block0001_2026_04_25_204904_2026_04_25_211904_raw.parquet,2026-04-25 21:00:53,2026-04-25 21:01:17,2026-04-25T19:00:53Z,2026-04-25T19:01:17Z,not_walking,,auto_review,Sugerencia heuristica por energia de acelerometro/giroscopio; revisar en Grafana.,24.0,24,2336,2,0.0,0.0,0.0,0.001048858817655307,1.2057491223507335,0.0,35.871458911608286
AAMALMHUG057-66,AAMALMHUG057_66_block0001_2026_04_25_204904_2026_04_25_211904,salidas_test/new_influx_labeling_batch/raw_blocks/AAMALMHUG057_66_block0001_2026_04_25_204904_2026_04_25_211904_raw.parquet,2026-04-25 21:01:28,2026-04-25 21:01:54,2026-04-25T19:01:28Z,2026-04-25T19:01:54Z,not_walking,,auto_review,Sugerencia heuristica por energia de acelerometro/giroscopio; revisar en Grafana.,26.0,26,2527,2,0.0,0.0,0.0,0.00134576104154814,1.6475711839067153,0.0,35.871458911608286
AAMALMHUG057-66,AAMALMHUG057_66_block0001_2026_04_25_204904_2026_04_25_211904,salidas_test/new_influx_labeling_batch/raw_blocks/AAMALMHUG057_66_block0001_2026_04_25_204904_2026_04_25_211904_raw.parquet,2026-04-25 21:02:34,2026-04-25 21:03:19,2026-04-25T19:02:34Z,2026-04-25T19:03:19Z,walking,,auto_review,Sugerencia heuristica por energia de acelerometro/giroscopio; revisar en Grafana.,45.0,45,4388,2,40.703741113592066,36.26976366457675,45.598488386966,0.5150031345469137,130.92611966980064,0.0,35.871458911608286
AAMALMHUG057-66,AAMALMHUG057_66_block0001_2026_04_25_204904_2026_04_25_211904,salidas_test/new_influx_labeling_batch/raw_blocks/AAMALMHUG057_66_block0001_2026_04_25_204904_2026_04_25_211904_raw.parquet,2026-04-25 21:03:46,2026-04-25 21:04:03,2026-04-25T19:03:46Z,2026-04-25T19:04:03Z,walking,,auto_review,Sugerencia heuristica por energia de acelerometro/giroscopio; revisar en Grafana.,17.0,17,1654,2,39.01021125120715,35.99448510509052,43.741214149502994,0.48784468911030077,130.10649794937694,0.0,35.871458911608286
AAMALMHUG057-66,AAMALMHUG057_66_block0001_2026_04_25_204904_2026_04_25_211904,salidas_test/new_influx_labeling_batch/raw_blocks/AAMALMHUG057_66_block0001_2026_04_25_204904_2026_04_25_211904_raw.parquet,2026-04-25 21:04:17,2026-04-25 21:04:31,2026-04-25T19:04:17Z,2026-04-25T19:04:31Z,walking,,auto_review,Sugerencia heuristica por energia de acelerometro/giroscopio; revisar en Grafana.,14.0,14,1365,2,40.27444383379084,36.13558343578343,43.88600317384498,0.5086249364987597,130.36768179904803,0.0,35.871458911608286
AAMALMHUG057-66,AAMALMHUG057_66_block0001_2026_04_25_204904_2026_04_25_211904,salidas_test/new_influx_labeling_batch/raw_blocks/AAMALMHUG057_66_block0001_2026_04_25_204904_2026_04_25_211904_raw.parquet,2026-04-25 21:04:32,2026-04-25 21:06:56,2026-04-25T19:04:32Z,2026-04-25T19:06:56Z,walking,,auto_review,Sugerencia heuristica por energia de acelerometro/giroscopio; revisar en Grafana.,144.0,144,14018,2,40.53647966229336,35.96657406600338,45.994074504523525,0.5139030854210502,129.7492082869851,0.0,35.871458911608286
AAMALMHUG057-66,AAMALMHUG057_66_block0001_2026_04_25_204904_2026_04_25_211904,salidas_test/new_influx_labeling_batch/raw_blocks/AAMALMHUG057_66_block0001_2026_04_25_204904_2026_04_25_211904_raw.parquet,2026-04-25 21:06:57,2026-04-25 21:07:10,2026-04-25T19:06:57Z,2026-04-25T19:07:10Z,walking,,auto_review,Sugerencia heuristica por energia de acelerometro/giroscopio; revisar en Grafana.,13.0,13,1261,2,40.50772719140352,36.45877756509313,44.27568902822109,0.5130452639468092,130.01009108309182,0.0,35.871458911608286
AAMALMHUG057-66,AAMALMHUG057_66_block0001_2026_04_25_204904_2026_04_25_211904,salidas_test/new_influx_labeling_batch/raw_blocks/AAMALMHUG057_66_block0001_2026_04_25_204904_2026_04_25_211904_raw.parquet,2026-04-25 21:07:11,2026-04-25 21:07:34,2026-04-25T19:07:11Z,2026-04-25T19:07:34Z,walking,,auto_review,Sugerencia heuristica por energia de acelerometro/giroscopio; revisar en Grafana.,23.0,23,2254,2,39.7644921290056,36.33713319670258,44.42026845209667,0.5014691268735547,129.4129290786457,0.0,35.871458911608286
AAMALMHUG057-66,AAMALMHUG057_66_block0001_2026_04_25_204904_2026_04_25_211904,salidas_test/new_influx_labeling_batch/raw_blocks/AAMALMHUG057_66_block0001_2026_04_25_204904_2026_04_25_211904_raw.parquet,2026-04-25 21:07:35,2026-04-25 21:08:08,2026-04-25T19:07:35Z,2026-04-25T19:08:08Z,walking,,auto_review,Sugerencia heuristica por energia de acelerometro/giroscopio; revisar en Grafana.,33.0,33,3208,2,39.75091571954488,36.71729729824702,43.45561116638594,0.5022769697924555,128.69599436063282,0.0,35.871458911608286
AAMALMHUG057-66,AAMALMHUG057_66_block0001_2026_04_25_204904_2026_04_25_211904,salidas_test/new_influx_labeling_batch/raw_blocks/AAMALMHUG057_66_block0001_2026_04_25_204904_2026_04_25_211904_raw.parquet,2026-04-25 21:08:09,2026-04-25 21:08:25,2026-04-25T19:08:09Z,2026-04-25T19:08:25Z,walking,,auto_review,Sugerencia heuristica por energia de acelerometro/giroscopio; revisar en Grafana.,16.0,16,1552,2,38.52222136260539,35.92792356976781,43.262109857418,0.48356007188907874,127.41756827932348,0.0,35.871458911608286
AAMALMHUG057-66,AAMALMHUG057_66_block0001_2026_04_25_204904_2026_04_25_211904,salidas_test/new_influx_labeling_batch/raw_blocks/AAMALMHUG057_66_block0001_2026_04_25_204904_2026_04_25_211904_raw.parquet,2026-04-25 21:12:12,2026-04-25 21:12:22,2026-04-25T19:12:12Z,2026-04-25T19:12:22Z,not_walking,,auto_review,Sugerencia heuristica por energia de acelerometro/giroscopio; revisar en Grafana.,10.0,10,985,2,0.0,0.0,0.0,0.0027169892601581484,0.8795524193359391,0.0,35.871458911608286
AAMALMHUG057-66,AAMALMHUG057_66_block0001_2026_04_25_204904_2026_04_25_211904,salidas_test/new_influx_labeling_batch/raw_blocks/AAMALMHUG057_66_block0001_2026_04_25_204904_2026_04_25_211904_raw.parquet,2026-04-25 21:12:42,2026-04-25 21:12:55,2026-04-25T19:12:42Z,2026-04-25T19:12:55Z,not_walking,,auto_review,Sugerencia heuristica por energia de acelerometro/giroscopio; revisar en Grafana.,13.0,13,1278,2,0.0,0.0,0.0,0.002545148672197833,0.9644780700875177,0.0,35.871458911608286
AAMALMHUG057-66,AAMALMHUG057_66_block0001_2026_04_25_204904_2026_04_25_211904,salidas_test/new_influx_labeling_batch/raw_blocks/AAMALMHUG057_66_block0001_2026_04_25_204904_2026_04_25_211904_raw.parquet,2026-04-25 21:12:59,2026-04-25 21:13:13,2026-04-25T19:12:59Z,2026-04-25T19:13:13Z,not_walking,,auto_review,Sugerencia heuristica por energia de acelerometro/giroscopio; revisar en Grafana.,14.0,14,1345,2,0.0,0.0,0.0,0.004908576311240374,1.6947059765616304,0.0,35.871458911608286
AAMALMHUG057-66,AAMALMHUG057_66_block0001_2026_04_25_204904_2026_04_25_211904,salidas_test/new_influx_labeling_batch/raw_blocks/AAMALMHUG057_66_block0001_2026_04_25_204904_2026_04_25_211904_raw.parquet,2026-04-25 21:13:20,2026-04-25 21:13:59,2026-04-25T19:13:20Z,2026-04-25T19:13:59Z,not_walking,,auto_review,Sugerencia heuristica por energia de acelerometro/giroscopio; revisar en Grafana.,39.0,39,3813,2,0.0,0.0,0.0,0.0016843040438531598,0.2288808570871227,0.0,35.871458911608286
AAMALMHUG057-66,AAMALMHUG057_66_block0001_2026_04_25_204904_2026_04_25_211904,salidas_test/new_influx_labeling_batch/raw_blocks/AAMALMHUG057_66_block0001_2026_04_25_204904_2026_04_25_211904_raw.parquet,2026-04-25 21:14:27,2026-04-25 21:14:37,2026-04-25T19:14:27Z,2026-04-25T19:14:37Z,not_walking,,auto_review,Sugerencia heuristica por energia de acelerometro/giroscopio; revisar en Grafana.,10.0,10,985,2,0.0,0.0,0.0,0.0018402456510040826,1.0955173396612343,0.0,35.871458911608286
AAMALMHUG057-66,AAMALMHUG057_66_block0001_2026_04_25_204904_2026_04_25_211904,salidas_test/new_influx_labeling_batch/raw_blocks/AAMALMHUG057_66_block0001_2026_04_25_204904_2026_04_25_211904_raw.parquet,2026-04-25 21:14:39,2026-04-25 21:15:01,2026-04-25T19:14:39Z,2026-04-25T19:15:01Z,not_walking,,auto_review,Sugerencia heuristica por energia de acelerometro/giroscopio; revisar en Grafana.,22.0,22,2131,2,0.0,0.0,0.0,0.002118751749312226,1.0837959662918808,0.0,35.871458911608286
AAMALMHUG057-66,AAMALMHUG057_66_block0001_2026_04_25_204904_2026_04_25_211904,salidas_test/new_influx_labeling_batch/raw_blocks/AAMALMHUG057_66_block0001_2026_04_25_204904_2026_04_25_211904_raw.parquet,2026-04-25 21:15:02,2026-04-25 21:15:18,2026-04-25T19:15:02Z,2026-04-25T19:15:18Z,not_walking,,auto_review,Sugerencia heuristica por energia de acelerometro/giroscopio; revisar en Grafana.,16.0,16,1563,2,0.0,0.0,0.0,0.000761821652446054,0.3767758981325133,0.0,35.871458911608286
AAMALMHUG057-66,AAMALMHUG057_66_block0001_2026_04_25_204904_2026_04_25_211904,salidas_test/new_influx_labeling_batch/raw_blocks/AAMALMHUG057_66_block0001_2026_04_25_204904_2026_04_25_211904_raw.parquet,2026-04-25 21:15:19,2026-04-25 21:15:47,2026-04-25T19:15:19Z,2026-04-25T19:15:47Z,not_walking,,auto_review,Sugerencia heuristica por energia de acelerometro/giroscopio; revisar en Grafana.,28.0,28,2704,2,0.0,0.0,0.0,0.0011947755718643316,0.5611178993541638,0.0,35.871458911608286
AAMALMHUG057-66,AAMALMHUG057_66_block0001_2026_04_25_204904_2026_04_25_211904,salidas_test/new_influx_labeling_batch/raw_blocks/AAMALMHUG057_66_block0001_2026_04_25_204904_2026_04_25_211904_raw.parquet,2026-04-25 21:15:48,2026-04-25 21:16:01,2026-04-25T19:15:48Z,2026-04-25T19:16:01Z,not_walking,,auto_review,Sugerencia heuristica por energia de acelerometro/giroscopio; revisar en Grafana.,13.0,13,1276,2,0.0,0.0,0.0,0.001188685416525873,0.49910043718075897,0.0,35.871458911608286
AAMALMHUG057-66,AAMALMHUG057_66_block0001_2026_04_25_204904_2026_04_25_211904,salidas_test/new_influx_labeling_batch/raw_blocks/AAMALMHUG057_66_block0001_2026_04_25_204904_2026_04_25_211904_raw.parquet,2026-04-25 21:16:02,2026-04-25 21:16:17,2026-04-25T19:16:02Z,2026-04-25T19:16:17Z,not_walking,,auto_review,Sugerencia heuristica por energia de acelerometro/giroscopio; revisar en Grafana.,15.0,15,1444,2,0.0,0.0,0.0,0.0009711825760655258,0.3526062388988129,0.0,35.871458911608286
AAMALMHUG057-66,AAMALMHUG057_66_block0001_2026_04_25_204904_2026_04_25_211904,salidas_test/new_influx_labeling_batch/raw_blocks/AAMALMHUG057_66_block0001_2026_04_25_204904_2026_04_25_211904_raw.parquet,2026-04-25 21:16:26,2026-04-25 21:16:50,2026-04-25T19:16:26Z,2026-04-25T19:16:50Z,not_walking,,auto_review,Sugerencia heuristica por energia de acelerometro/giroscopio; revisar en Grafana.,24.0,24,2329,2,0.0,0.0,0.0,0.0016457859308143367,0.6055513148821436,0.0,35.871458911608286
AAMALMHUG057-66,AAMALMHUG057_66_block0001_2026_04_25_204904_2026_04_25_211904,salidas_test/new_influx_labeling_batch/raw_blocks/AAMALMHUG057_66_block0001_2026_04_25_204904_2026_04_25_211904_raw.parquet,2026-04-25 21:17:01,2026-04-25 21:17:19,2026-04-25T19:17:01Z,2026-04-25T19:17:19Z,not_walking,,auto_review,Sugerencia heuristica por energia de acelerometro/giroscopio; revisar en Grafana.,18.0,18,1758,2,0.0,0.0,0.0,0.0004993618440854466,0.6215177131534299,0.0,35.871458911608286
AAMALMHUG057-66,AAMALMHUG057_66_block0001_2026_04_25_204904_2026_04_25_211904,salidas_test/new_influx_labeling_batch/raw_blocks/AAMALMHUG057_66_block0001_2026_04_25_204904_2026_04_25_211904_raw.parquet,2026-04-25 21:17:43,2026-04-25 21:17:54,2026-04-25T19:17:43Z,2026-04-25T19:17:54Z,not_walking,,auto_review,Sugerencia heuristica por energia de acelerometro/giroscopio; revisar en Grafana.,11.0,11,1073,2,0.0,0.0,0.0,0.000715276451097398,0.5904521182617279,0.0,35.871458911608286
AAMALMHUG057-66,AAMALMHUG057_66_block0001_2026_04_25_204904_2026_04_25_211904,salidas_test/new_influx_labeling_batch/raw_blocks/AAMALMHUG057_66_block0001_2026_04_25_204904_2026_04_25_211904_raw.parquet,2026-04-25 21:17:59,2026-04-25 21:18:18,2026-04-25T19:17:59Z,2026-04-25T19:18:18Z,not_walking,,auto_review,Sugerencia heuristica por energia de acelerometro/giroscopio; revisar en Grafana.,19.0,19,1856,2,0.0,0.0,0.0,0.0002798172126566877,0.33440083866560993,0.0,35.871458911608286
AAMALMHUG057-66,AAMALMHUG057_66_block0001_2026_04_25_204904_2026_04_25_211904,salidas_test/new_influx_labeling_batch/raw_blocks/AAMALMHUG057_66_block0001_2026_04_25_204904_2026_04_25_211904_raw.parquet,2026-04-25 21:18:30,2026-04-25 21:18:42,2026-04-25T19:18:30Z,2026-04-25T19:18:42Z,not_walking,,auto_review,Sugerencia heuristica por energia de acelerometro/giroscopio; revisar en Grafana.,12.0,12,1166,2,0.0,0.0,0.0,0.0014178987367921446,0.6359943136974193,0.0,35.871458911608286
AAMALMHUG057-66,AAMALMHUG057_66_block0001_2026_04_25_204904_2026_04_25_211904,salidas_test/new_influx_labeling_batch/raw_blocks/AAMALMHUG057_66_block0001_2026_04_25_204904_2026_04_25_211904_raw.parquet,2026-04-25 21:18:43,2026-04-25 21:18:55,2026-04-25T19:18:43Z,2026-04-25T19:18:55Z,not_walking,,auto_review,Sugerencia heuristica por energia de acelerometro/giroscopio; revisar en Grafana.,12.0,12,1185,2,0.0,0.0,0.0,0.00021516512368268724,0.2343763053850423,0.0,35.871458911608286
AAMALMHUG057-66,AAMALMHUG057_66_block0002_2026_04_25_210728_2026_04_25_213728,salidas_test/new_influx_labeling_batch/raw_blocks/AAMALMHUG057_66_block0002_2026_04_25_210728_2026_04_25_213728_raw.parquet,2026-04-25 21:07:28,2026-04-25 21:10:03,2026-04-25T19:07:28Z,2026-04-25T19:10:03Z,walking,,auto_review,Sugerencia heuristica por energia de acelerometro/giroscopio; revisar en Grafana.,155.0,155,15087,2,381.6892344111559,10.429703522240796,509.514881989347,0.3816022321172636,111.7782690338328,0.0,5.157406330908966
AAMALMHUG057-66,AAMALMHUG057_66_block0002_2026_04_25_210728_2026_04_25_213728,salidas_test/new_influx_labeling_batch/raw_blocks/AAMALMHUG057_66_block0002_2026_04_25_210728_2026_04_25_213728_raw.parquet,2026-04-25 21:10:04,2026-04-25 21:10:28,2026-04-25T19:10:04Z,2026-04-25T19:10:28Z,walking,,auto_review,Sugerencia heuristica por energia de acelerometro/giroscopio; revisar en Grafana.,24.0,24,2351,2,74.09457891219023,5.603042588794564,285.1091578525819,0.0542924503800535,29.112108258545415,0.0,5.157406330908966
AAMALMHUG057-66,AAMALMHUG057_66_block0002_2026_04_25_210728_2026_04_25_213728,salidas_test/new_influx_labeling_batch/raw_blocks/AAMALMHUG057_66_block0002_2026_04_25_210728_2026_04_25_213728_raw.parquet,2026-04-25 21:21:55,2026-04-25 21:22:08,2026-04-25T19:21:55Z,2026-04-25T19:22:08Z,not_walking,,auto_review,Sugerencia heuristica por energia de acelerometro/giroscopio; revisar en Grafana.,13.0,13,1278,2,0.0,0.0,0.0,0.0003129299442336792,0.22021564160232704,0.0,5.157406330908966
AAMALMHUG057-66,AAMALMHUG057_66_block0002_2026_04_25_210728_2026_04_25_213728,salidas_test/new_influx_labeling_batch/raw_blocks/AAMALMHUG057_66_block0002_2026_04_25_210728_2026_04_25_213728_raw.parquet,2026-04-25 21:23:56,2026-04-25 21:24:07,2026-04-25T19:23:56Z,2026-04-25T19:24:07Z,not_walking,,auto_review,Sugerencia heuristica por energia de acelerometro/giroscopio; revisar en Grafana.,11.0,11,1064,2,0.0,0.0,0.0,0.00013763921950622402,0.15702617982946052,0.0,5.157406330908966
AAMALMHUG057-66,AAMALMHUG057_66_block0002_2026_04_25_210728_2026_04_25_213728,salidas_test/new_influx_labeling_batch/raw_blocks/AAMALMHUG057_66_block0002_2026_04_25_210728_2026_04_25_213728_raw.parquet,2026-04-25 21:25:01,2026-04-25 21:25:16,2026-04-25T19:25:01Z,2026-04-25T19:25:16Z,not_walking,,auto_review,Sugerencia heuristica por energia de acelerometro/giroscopio; revisar en Grafana.,15.0,15,1443,2,0.0,0.0,0.0,0.00022845649265947602,0.14919643777712738,0.0,5.157406330908966
AAMALMHUG057-66,AAMALMHUG057_66_block0002_2026_04_25_210728_2026_04_25_213728,salidas_test/new_influx_labeling_batch/raw_blocks/AAMALMHUG057_66_block0002_2026_04_25_210728_2026_04_25_213728_raw.parquet,2026-04-25 21:25:24,2026-04-25 21:25:41,2026-04-25T19:25:24Z,2026-04-25T19:25:41Z,not_walking,,auto_review,Sugerencia heuristica por energia de acelerometro/giroscopio; revisar en Grafana.,17.0,17,1651,2,0.0,0.0,0.0,0.00030477621336232925,0.12847936442562016,0.0,5.157406330908966
AAMALMHUG057-66,AAMALMHUG057_66_block0002_2026_04_25_210728_2026_04_25_213728,salidas_test/new_influx_labeling_batch/raw_blocks/AAMALMHUG057_66_block0002_2026_04_25_210728_2026_04_25_213728_raw.parquet,2026-04-25 21:35:49,2026-04-25 21:36:06,2026-04-25T19:35:49Z,2026-04-25T19:36:06Z,not_walking,,auto_review,Sugerencia heuristica por energia de acelerometro/giroscopio; revisar en Grafana.,17.0,17,1651,2,0.0,0.0,0.0,0.0005307390034919824,0.12133544376896932,0.0,5.157406330908966
CHIHUG033-15,CHIHUG033_15_block0001_2026_03_03_125854_2026_03_03_132854,salidas_test/new_influx_labeling_batch/raw_blocks/CHIHUG033_15_block0001_2026_03_03_125854_2026_03_03_132854_raw.parquet,2026-03-03 13:06:33,2026-03-03 13:06:44,2026-03-03T12:06:33Z,2026-03-03T12:06:44Z,walking,,auto_review,Sugerencia heuristica por energia de acelerometro/giroscopio; revisar en Grafana.,11.0,11,2041,2,115.91615701778879,104.369925041081,127.01284799490537,0.4865403535598867,89.04938895432097,0.0,101.02935382135416
CHIHUG033-15,CHIHUG033_15_block0001_2026_03_03_125854_2026_03_03_132854,salidas_test/new_influx_labeling_batch/raw_blocks/CHIHUG033_15_block0001_2026_03_03_125854_2026_03_03_132854_raw.parquet,2026-03-03 13:06:51,2026-03-03 13:07:03,2026-03-03T12:06:51Z,2026-03-03T12:07:03Z,walking,,auto_review,Sugerencia heuristica por energia de acelerometro/giroscopio; revisar en Grafana.,12.0,12,2074,2,116.02635827745833,103.54094125616072,125.49572033346212,0.48949077262206814,88.42653511888938,0.0,101.02935382135416
CHIHUG033-15,CHIHUG033_15_block0001_2026_03_03_125854_2026_03_03_132854,salidas_test/new_influx_labeling_batch/raw_blocks/CHIHUG033_15_block0001_2026_03_03_125854_2026_03_03_132854_raw.parquet,2026-03-03 13:07:05,2026-03-03 13:07:18,2026-03-03T12:07:05Z,2026-03-03T12:07:18Z,walking,,auto_review,Sugerencia heuristica por energia de acelerometro/giroscopio; revisar en Grafana.,13.0,13,2260,2,116.12636895200947,103.48155455430114,122.84303877680088,0.49181271979513824,87.96206198694304,0.0,101.02935382135416
CHIHUG033-15,CHIHUG033_15_block0001_2026_03_03_125854_2026_03_03_132854,salidas_test/new_influx_labeling_batch/raw_blocks/CHIHUG033_15_block0001_2026_03_03_125854_2026_03_03_132854_raw.parquet,2026-03-03 13:07:37,2026-03-03 13:08:01,2026-03-03T12:07:37Z,2026-03-03T12:08:01Z,walking,,auto_review,Sugerencia heuristica por energia de acelerometro/giroscopio; revisar en Grafana.,24.0,24,4458,2,120.57552333630308,103.32144784987848,138.63675556197094,0.5101505586558231,91.37524928268327,0.0,101.02935382135416
CHIHUG033-15,CHIHUG033_15_block0001_2026_03_03_125854_2026_03_03_132854,salidas_test/new_influx_labeling_batch/raw_blocks/CHIHUG033_15_block0001_2026_03_03_125854_2026_03_03_132854_raw.parquet,2026-03-03 13:08:08,2026-03-03 13:08:28,2026-03-03T12:08:08Z,2026-03-03T12:08:28Z,walking,,auto_review,Sugerencia heuristica por energia de acelerometro/giroscopio; revisar en Grafana.,20.0,20,3651,2,122.00988088401043,102.65778195343799,141.32003535637048,0.515333304449689,92.68226002960957,0.0,101.02935382135416
CHIHUG033-15,CHIHUG033_15_block0001_2026_03_03_125854_2026_03_03_132854,salidas_test/new_influx_labeling_batch/raw_blocks/CHIHUG033_15_block0001_2026_03_03_125854_2026_03_03_132854_raw.parquet,2026-03-03 13:08:45,2026-03-03 13:09:10,2026-03-03T12:08:45Z,2026-03-03T12:09:10Z,walking,,auto_review,Sugerencia heuristica por energia de acelerometro/giroscopio; revisar en Grafana.,25.0,25,4724,2,118.08043466140147,101.48350147125862,130.88578599051738,0.503315634211266,88.48374175705885,0.0,101.02935382135416
CHIHUG033-15,CHIHUG033_15_block0001_2026_03_03_125854_2026_03_03_132854,salidas_test/new_influx_labeling_batch/raw_blocks/CHIHUG033_15_block0001_2026_03_03_125854_2026_03_03_132854_raw.parquet,2026-03-03 13:09:22,2026-03-03 13:09:34,2026-03-03T12:09:22Z,2026-03-03T12:09:34Z,walking,,auto_review,Sugerencia heuristica por energia de acelerometro/giroscopio; revisar en Grafana.,12.0,12,2368,2,118.44560229498363,106.04982897470542,133.3151023597248,0.49609684550358146,91.23612344357822,0.0,101.02935382135416
CHIHUG033-15,CHIHUG033_15_block0001_2026_03_03_125854_2026_03_03_132854,salidas_test/new_influx_labeling_batch/raw_blocks/CHIHUG033_15_block0001_2026_03_03_125854_2026_03_03_132854_raw.parquet,2026-03-03 13:10:38,2026-03-03 13:10:48,2026-03-03T12:10:38Z,2026-03-03T12:10:48Z,walking,,auto_review,Sugerencia heuristica por energia de acelerometro/giroscopio; revisar en Grafana.,10.0,10,1984,2,117.05848414807058,103.63463495906387,124.86032985940534,0.479864951475289,93.15172387760236,0.0,101.02935382135416
CHIHUG033-15,CHIHUG033_15_block0001_2026_03_03_125854_2026_03_03_132854,salidas_test/new_influx_labeling_batch/raw_blocks/CHIHUG033_15_block0001_2026_03_03_125854_2026_03_03_132854_raw.parquet,2026-03-03 13:12:14,2026-03-03 13:12:24,2026-03-03T12:12:14Z,2026-03-03T12:12:24Z,walking,,auto_review,Sugerencia heuristica por energia de acelerometro/giroscopio; revisar en Grafana.,10.0,10,1987,2,113.73211822409864,101.40310124941627,121.8899900080041,0.47431189817764874,88.28827970148991,0.0,101.02935382135416
CHIHUG033-15,CHIHUG033_15_block0001_2026_03_03_125854_2026_03_03_132854,salidas_test/new_influx_labeling_batch/raw_blocks/CHIHUG033_15_block0001_2026_03_03_125854_2026_03_03_132854_raw.parquet,2026-03-03 13:12:43,2026-03-03 13:12:53,2026-03-03T12:12:43Z,2026-03-03T12:12:53Z,walking,,auto_review,Sugerencia heuristica por energia de acelerometro/giroscopio; revisar en Grafana.,10.0,10,1892,2,120.43432686694737,106.40323927683306,128.15085673911113,0.515593889717487,89.5594349433998,0.0,101.02935382135416
CHIHUG033-15,CHIHUG033_15_block0001_2026_03_03_125854_2026_03_03_132854,salidas_test/new_influx_labeling_batch/raw_blocks/CHIHUG033_15_block0001_2026_03_03_125854_2026_03_03_132854_raw.parquet,2026-03-03 13:12:54,2026-03-03 13:13:04,2026-03-03T12:12:54Z,2026-03-03T12:13:04Z,walking,,auto_review,Sugerencia heuristica por energia de acelerometro/giroscopio; revisar en Grafana.,10.0,10,1984,2,114.19878997487167,102.73890254361368,121.96460775584093,0.4775973393350366,88.26031872896559,0.0,101.02935382135416
CHIHUG033-15,CHIHUG033_15_block0001_2026_03_03_125854_2026_03_03_132854,salidas_test/new_influx_labeling_batch/raw_blocks/CHIHUG033_15_block0001_2026_03_03_125854_2026_03_03_132854_raw.parquet,2026-03-03 13:15:55,2026-03-03 13:16:11,2026-03-03T12:15:55Z,2026-03-03T12:16:11Z,not_walking,,auto_review,Sugerencia heuristica por energia de acelerometro/giroscopio; revisar en Grafana.,16.0,16,3180,2,0.0,0.0,0.0,0.0006427289014769761,0.2517653228818572,0.0,101.02935382135416
CHIHUG033-15,CHIHUG033_15_block0001_2026_03_03_125854_2026_03_03_132854,salidas_test/new_influx_labeling_batch/raw_blocks/CHIHUG033_15_block0001_2026_03_03_125854_2026_03_03_132854_raw.parquet,2026-03-03 13:16:19,2026-03-03 13:16:30,2026-03-03T12:16:19Z,2026-03-03T12:16:30Z,not_walking,,auto_review,Sugerencia heuristica por energia de acelerometro/giroscopio; revisar en Grafana.,11.0,11,2186,2,0.0,0.0,0.0,0.0007505205298244491,0.2747663815227089,0.0,101.02935382135416
CHIHUG033-15,CHIHUG033_15_block0001_2026_03_03_125854_2026_03_03_132854,salidas_test/new_influx_labeling_batch/raw_blocks/CHIHUG033_15_block0001_2026_03_03_125854_2026_03_03_132854_raw.parquet,2026-03-03 13:16:33,2026-03-03 13:18:26,2026-03-03T12:16:33Z,2026-03-03T12:18:26Z,not_walking,,auto_review,Sugerencia heuristica por energia de acelerometro/giroscopio; revisar en Grafana.,113.0,113,22392,2,0.0,0.0,0.0,0.00012198038332814666,0.17392955601773052,0.0,101.02935382135416
CHIHUG033-15,CHIHUG033_15_block0001_2026_03_03_125854_2026_03_03_132854,salidas_test/new_influx_labeling_batch/raw_blocks/CHIHUG033_15_block0001_2026_03_03_125854_2026_03_03_132854_raw.parquet,2026-03-03 13:18:29,2026-03-03 13:18:43,2026-03-03T12:18:29Z,2026-03-03T12:18:43Z,not_walking,,auto_review,Sugerencia heuristica por energia de acelerometro/giroscopio; revisar en Grafana.,14.0,14,2775,2,0.0,0.0,0.0,0.0004680448937485953,0.1594208066355125,0.0,101.02935382135416
CHIHUG033-15,CHIHUG033_15_block0001_2026_03_03_125854_2026_03_03_132854,salidas_test/new_influx_labeling_batch/raw_blocks/CHIHUG033_15_block0001_2026_03_03_125854_2026_03_03_132854_raw.parquet,2026-03-03 13:19:17,2026-03-03 13:19:42,2026-03-03T12:19:17Z,2026-03-03T12:19:42Z,not_walking,,auto_review,Sugerencia heuristica por energia de acelerometro/giroscopio; revisar en Grafana.,25.0,25,4954,2,0.0,0.0,0.0,0.00038736561673886937,0.12312965522801944,0.0,101.02935382135416
CHIHUG033-15,CHIHUG033_15_block0001_2026_03_03_125854_2026_03_03_132854,salidas_test/new_influx_labeling_batch/raw_blocks/CHIHUG033_15_block0001_2026_03_03_125854_2026_03_03_132854_raw.parquet,2026-03-03 13:19:45,2026-03-03 13:20:15,2026-03-03T12:19:45Z,2026-03-03T12:20:15Z,not_walking,,auto_review,Sugerencia heuristica por energia de acelerometro/giroscopio; revisar en Grafana.,30.0,30,5943,2,0.0,0.0,0.0,0.0001826866856011262,0.14260148313202564,0.0,101.02935382135416
CHIHUG033-15,CHIHUG033_15_block0001_2026_03_03_125854_2026_03_03_132854,salidas_test/new_influx_labeling_batch/raw_blocks/CHIHUG033_15_block0001_2026_03_03_125854_2026_03_03_132854_raw.parquet,2026-03-03 13:20:54,2026-03-03 13:21:11,2026-03-03T12:20:54Z,2026-03-03T12:21:11Z,not_walking,,auto_review,Sugerencia heuristica por energia de acelerometro/giroscopio; revisar en Grafana.,17.0,17,3360,2,0.0,0.0,0.0,0.0002739811863485199,0.12833683107410787,0.0,101.02935382135416
CHIHUG033-15,CHIHUG033_15_block0001_2026_03_03_125854_2026_03_03_132854,salidas_test/new_influx_labeling_batch/raw_blocks/CHIHUG033_15_block0001_2026_03_03_125854_2026_03_03_132854_raw.parquet,2026-03-03 13:21:12,2026-03-03 13:21:26,2026-03-03T12:21:12Z,2026-03-03T12:21:26Z,not_walking,,auto_review,Sugerencia heuristica por energia de acelerometro/giroscopio; revisar en Grafana.,14.0,14,2760,2,0.0,0.0,0.0,0.00043495274002254515,0.16593786026354418,0.0,101.02935382135416
CHIHUG033-15,CHIHUG033_15_block0001_2026_03_03_125854_2026_03_03_132854,salidas_test/new_influx_labeling_batch/raw_blocks/CHIHUG033_15_block0001_2026_03_03_125854_2026_03_03_132854_raw.parquet,2026-03-03 13:21:29,2026-03-03 13:21:39,2026-03-03T12:21:29Z,2026-03-03T12:21:39Z,not_walking,,auto_review,Sugerencia heuristica por energia de acelerometro/giroscopio; revisar en Grafana.,10.0,10,1985,2,0.0,0.0,0.0,0.00020359385733300316,0.1431482676617062,0.0,101.02935382135416
CHIHUG033-15,CHIHUG033_15_block0001_2026_03_03_125854_2026_03_03_132854,salidas_test/new_influx_labeling_batch/raw_blocks/CHIHUG033_15_block0001_2026_03_03_125854_2026_03_03_132854_raw.parquet,2026-03-03 13:21:48,2026-03-03 13:22:36,2026-03-03T12:21:48Z,2026-03-03T12:22:36Z,not_walking,,auto_review,Sugerencia heuristica por energia de acelerometro/giroscopio; revisar en Grafana.,48.0,48,9276,2,0.0,0.0,0.0,0.0003170569036262735,0.17729830928919602,0.0,101.02935382135416
CHIHUG033-15,CHIHUG033_15_block0001_2026_03_03_125854_2026_03_03_132854,salidas_test/new_influx_labeling_batch/raw_blocks/CHIHUG033_15_block0001_2026_03_03_125854_2026_03_03_132854_raw.parquet,2026-03-03 13:23:03,2026-03-03 13:23:29,2026-03-03T12:23:03Z,2026-03-03T12:23:29Z,not_walking,,auto_review,Sugerencia heuristica por energia de acelerometro/giroscopio; revisar en Grafana.,26.0,26,9528,2,0.0,0.0,0.0,0.00013167317357109,0.1250242945764315,0.0,101.02935382135416
CHIHUG033-15,CHIHUG033_15_block0001_2026_03_03_125854_2026_03_03_132854,salidas_test/new_influx_labeling_batch/raw_blocks/CHIHUG033_15_block0001_2026_03_03_125854_2026_03_03_132854_raw.parquet,2026-03-03 13:23:30,2026-03-03 13:24:04,2026-03-03T12:23:30Z,2026-03-03T12:24:04Z,not_walking,,auto_review,Sugerencia heuristica por energia de acelerometro/giroscopio; revisar en Grafana.,34.0,34,11976,2,0.0,0.0,0.0,6.841330637433792e-05,0.1702069538705451,0.0,101.02935382135416
CHIHUG033-15,CHIHUG033_15_block0001_2026_03_03_125854_2026_03_03_132854,salidas_test/new_influx_labeling_batch/raw_blocks/CHIHUG033_15_block0001_2026_03_03_125854_2026_03_03_132854_raw.parquet,2026-03-03 13:24:24,2026-03-03 13:24:44,2026-03-03T12:24:24Z,2026-03-03T12:24:44Z,not_walking,,auto_review,Sugerencia heuristica por energia de acelerometro/giroscopio; revisar en Grafana.,20.0,20,5428,2,0.0,0.0,0.0,0.0009717847257801046,0.16851746369375672,0.0,101.02935382135416
CHIHUG033-15,CHIHUG033_15_block0001_2026_03_03_125854_2026_03_03_132854,salidas_test/new_influx_labeling_batch/raw_blocks/CHIHUG033_15_block0001_2026_03_03_125854_2026_03_03_132854_raw.parquet,2026-03-03 13:25:00,2026-03-03 13:25:31,2026-03-03T12:25:00Z,2026-03-03T12:25:31Z,not_walking,,auto_review,Sugerencia heuristica por energia de acelerometro/giroscopio; revisar en Grafana.,31.0,31,8882,2,0.0,0.0,0.0,0.00027734332772321634,0.1437536103993821,0.0,101.02935382135416
CHIHUG033-15,CHIHUG033_15_block0001_2026_03_03_125854_2026_03_03_132854,salidas_test/new_influx_labeling_batch/raw_blocks/CHIHUG033_15_block0001_2026_03_03_125854_2026_03_03_132854_raw.parquet,2026-03-03 13:25:35,2026-03-03 13:25:45,2026-03-03T12:25:35Z,2026-03-03T12:25:45Z,not_walking,,auto_review,Sugerencia heuristica por energia de acelerometro/giroscopio; revisar en Grafana.,10.0,10,2949,2,0.0,0.0,0.0,0.0005177410372951641,0.27865871192239877,0.0,101.02935382135416
CHIHUG033-15,CHIHUG033_15_block0001_2026_03_03_125854_2026_03_03_132854,salidas_test/new_influx_labeling_batch/raw_blocks/CHIHUG033_15_block0001_2026_03_03_125854_2026_03_03_132854_raw.parquet,2026-03-03 13:26:08,2026-03-03 13:26:18,2026-03-03T12:26:08Z,2026-03-03T12:26:18Z,not_walking,,auto_review,Sugerencia heuristica por energia de acelerometro/giroscopio; revisar en Grafana.,10.0,10,2851,2,0.0,0.0,0.0,0.0004553874994101351,0.1305420551412636,0.0,101.02935382135416
CHIHUG033-15,CHIHUG033_15_block0001_2026_03_03_125854_2026_03_03_132854,salidas_test/new_influx_labeling_batch/raw_blocks/CHIHUG033_15_block0001_2026_03_03_125854_2026_03_03_132854_raw.parquet,2026-03-03 13:26:34,2026-03-03 13:26:44,2026-03-03T12:26:34Z,2026-03-03T12:26:44Z,not_walking,,auto_review,Sugerencia heuristica por energia de acelerometro/giroscopio; revisar en Grafana.,10.0,10,2931,2,0.0,0.0,0.0,0.000634873010233189,0.5786521770810433,0.0,101.02935382135416
CHIHUG033-15,CHIHUG033_15_block0001_2026_03_03_125854_2026_03_03_132854,salidas_test/new_influx_labeling_batch/raw_blocks/CHIHUG033_15_block0001_2026_03_03_125854_2026_03_03_132854_raw.parquet,2026-03-03 13:27:02,2026-03-03 13:27:13,2026-03-03T12:27:02Z,2026-03-03T12:27:13Z,not_walking,,auto_review,Sugerencia heuristica por energia de acelerometro/giroscopio; revisar en Grafana.,11.0,11,2753,2,0.0,0.0,0.0,0.0005846856183345761,0.14546821747995772,0.0,101.02935382135416
CHIHUG033-15,CHIHUG033_15_block0001_2026_03_03_125854_2026_03_03_132854,salidas_test/new_influx_labeling_batch/raw_blocks/CHIHUG033_15_block0001_2026_03_03_125854_2026_03_03_132854_raw.parquet,2026-03-03 13:27:28,2026-03-03 13:27:52,2026-03-03T12:27:28Z,2026-03-03T12:27:52Z,not_walking,,auto_review,Sugerencia heuristica por energia de acelerometro/giroscopio; revisar en Grafana.,24.0,24,4945,2,0.0,0.0,0.0,4.365270196761932e-05,0.15490227138743207,0.0,101.02935382135416
CHIHUG033-15,CHIHUG033_15_block0002_2026_03_04_180002_2026_03_04_183002,salidas_test/new_influx_labeling_batch/raw_blocks/CHIHUG033_15_block0002_2026_03_04_180002_2026_03_04_183002_raw.parquet,2026-03-04 18:00:18,2026-03-04 18:00:36,2026-03-04T17:00:18Z,2026-03-04T17:00:36Z,not_walking,,auto_review,Sugerencia heuristica por energia de acelerometro/giroscopio; revisar en Grafana.,18.0,18,5216,2,0.0,0.0,0.0,0.000327512003814291,0.5315192000261014,0.03045794672718194,35.751364951764124
CHIHUG033-15,CHIHUG033_15_block0002_2026_03_04_180002_2026_03_04_183002,salidas_test/new_influx_labeling_batch/raw_blocks/CHIHUG033_15_block0002_2026_03_04_180002_2026_03_04_183002_raw.parquet,2026-03-04 18:00:59,2026-03-04 18:01:12,2026-03-04T17:00:59Z,2026-03-04T17:01:12Z,not_walking,,auto_review,Sugerencia heuristica por energia de acelerometro/giroscopio; revisar en Grafana.,13.0,13,3778,2,0.0,0.0,0.0,0.0015925967899713472,0.3152844732398555,0.03045794672718194,35.751364951764124
CHIHUG033-15,CHIHUG033_15_block0002_2026_03_04_180002_2026_03_04_183002,salidas_test/new_influx_labeling_batch/raw_blocks/CHIHUG033_15_block0002_2026_03_04_180002_2026_03_04_183002_raw.parquet,2026-03-04 18:01:22,2026-03-04 18:01:41,2026-03-04T17:01:22Z,2026-03-04T17:01:41Z,not_walking,,auto_review,Sugerencia heuristica por energia de acelerometro/giroscopio; revisar en Grafana.,19.0,19,5463,2,0.0,0.0,0.0,0.0006068608296608734,0.5752074173964838,0.03045794672718194,35.751364951764124
CHIHUG033-15,CHIHUG033_15_block0002_2026_03_04_180002_2026_03_04_183002,salidas_test/new_influx_labeling_batch/raw_blocks/CHIHUG033_15_block0002_2026_03_04_180002_2026_03_04_183002_raw.parquet,2026-03-04 18:01:42,2026-03-04 18:02:13,2026-03-04T17:01:42Z,2026-03-04T17:02:13Z,not_walking,,auto_review,Sugerencia heuristica por energia de acelerometro/giroscopio; revisar en Grafana.,31.0,31,8986,2,0.0,0.0,0.0,0.00016636466412055912,0.46011319257722466,0.03045794672718194,35.751364951764124
CHIHUG033-15,CHIHUG033_15_block0002_2026_03_04_180002_2026_03_04_183002,salidas_test/new_influx_labeling_batch/raw_blocks/CHIHUG033_15_block0002_2026_03_04_180002_2026_03_04_183002_raw.parquet,2026-03-04 18:02:45,2026-03-04 18:03:08,2026-03-04T17:02:45Z,2026-03-04T17:03:08Z,not_walking,,auto_review,Sugerencia heuristica por energia de acelerometro/giroscopio; revisar en Grafana.,23.0,23,6708,2,0.000309754381479012,0.0,0.007124350774017275,0.0006805919741171327,0.4670174583467066,0.03045794672718194,35.751364951764124
CHIHUG033-15,CHIHUG033_15_block0002_2026_03_04_180002_2026_03_04_183002,salidas_test/new_influx_labeling_batch/raw_blocks/CHIHUG033_15_block0002_2026_03_04_180002_2026_03_04_183002_raw.parquet,2026-03-04 18:04:59,2026-03-04 18:05:13,2026-03-04T17:04:59Z,2026-03-04T17:05:13Z,not_walking,,auto_review,Sugerencia heuristica por energia de acelerometro/giroscopio; revisar en Grafana.,14.0,14,4030,2,9.22078764850486e-05,0.0,0.0012909102707906804,0.0003561455127315914,0.27424855999449826,0.03045794672718194,35.751364951764124
CHIHUG033-15,CHIHUG033_15_block0002_2026_03_04_180002_2026_03_04_183002,salidas_test/new_influx_labeling_batch/raw_blocks/CHIHUG033_15_block0002_2026_03_04_180002_2026_03_04_183002_raw.parquet,2026-03-04 18:05:17,2026-03-04 18:05:34,2026-03-04T17:05:17Z,2026-03-04T17:05:34Z,not_walking,,auto_review,Sugerencia heuristica por energia de acelerometro/giroscopio; revisar en Grafana.,17.0,17,4953,2,0.0,0.0,0.0,0.0001831323550365849,0.19433159328256672,0.03045794672718194,35.751364951764124
CHIHUG033-15,CHIHUG033_15_block0002_2026_03_04_180002_2026_03_04_183002,salidas_test/new_influx_labeling_batch/raw_blocks/CHIHUG033_15_block0002_2026_03_04_180002_2026_03_04_183002_raw.parquet,2026-03-04 18:06:39,2026-03-04 18:06:50,2026-03-04T17:06:39Z,2026-03-04T17:06:50Z,not_walking,,auto_review,Sugerencia heuristica por energia de acelerometro/giroscopio; revisar en Grafana.,11.0,11,3217,2,0.0056718151518885445,0.0,0.03023423055884959,0.0015033513071327693,0.41372200021871053,0.03045794672718194,35.751364951764124
CHIHUG033-15,CHIHUG033_15_block0002_2026_03_04_180002_2026_03_04_183002,salidas_test/new_influx_labeling_batch/raw_blocks/CHIHUG033_15_block0002_2026_03_04_180002_2026_03_04_183002_raw.parquet,2026-03-04 18:07:47,2026-03-04 18:08:02,2026-03-04T17:07:47Z,2026-03-04T17:08:02Z,not_walking,,auto_review,Sugerencia heuristica por energia de acelerometro/giroscopio; revisar en Grafana.,15.0,15,4368,2,0.0007388065885103847,0.0,0.01108209882765577,0.0007243577355817603,0.5264320000279823,0.03045794672718194,35.751364951764124
CHIHUG033-15,CHIHUG033_15_block0002_2026_03_04_180002_2026_03_04_183002,salidas_test/new_influx_labeling_batch/raw_blocks/CHIHUG033_15_block0002_2026_03_04_180002_2026_03_04_183002_raw.parquet,2026-03-04 18:08:07,2026-03-04 18:08:23,2026-03-04T17:08:07Z,2026-03-04T17:08:23Z,not_walking,,auto_review,Sugerencia heuristica por energia de acelerometro/giroscopio; revisar en Grafana.,16.0,16,4658,2,0.0,0.0,0.0,0.0003990412508340168,0.40312726121120446,0.03045794672718194,35.751364951764124
CHIHUG033-15,CHIHUG033_15_block0002_2026_03_04_180002_2026_03_04_183002,salidas_test/new_influx_labeling_batch/raw_blocks/CHIHUG033_15_block0002_2026_03_04_180002_2026_03_04_183002_raw.parquet,2026-03-04 18:13:51,2026-03-04 18:14:07,2026-03-04T17:13:51Z,2026-03-04T17:14:07Z,walking,,auto_review,Sugerencia heuristica por energia de acelerometro/giroscopio; revisar en Grafana.,16.0,16,1589,1,147.64986200701065,71.83637276379378,201.86882299005782,0.38847612423174505,81.27216672339421,0.03045794672718194,35.751364951764124
CHIHUG033-15,CHIHUG033_15_block0002_2026_03_04_180002_2026_03_04_183002,salidas_test/new_influx_labeling_batch/raw_blocks/CHIHUG033_15_block0002_2026_03_04_180002_2026_03_04_183002_raw.parquet,2026-03-04 18:16:03,2026-03-04 18:16:25,2026-03-04T17:16:03Z,2026-03-04T17:16:25Z,not_walking,,auto_review,Sugerencia heuristica por energia de acelerometro/giroscopio; revisar en Grafana.,22.0,22,2185,1,0.0,0.0,0.0,0.0002021537254296901,0.6078624491880773,0.03045794672718194,35.751364951764124
CHIHUG033-15,CHIHUG033_15_block0002_2026_03_04_180002_2026_03_04_183002,salidas_test/new_influx_labeling_batch/raw_blocks/CHIHUG033_15_block0002_2026_03_04_180002_2026_03_04_183002_raw.parquet,2026-03-04 18:18:18,2026-03-04 18:19:00,2026-03-04T17:18:18Z,2026-03-04T17:19:00Z,walking,,auto_review,Sugerencia heuristica por energia de acelerometro/giroscopio; revisar en Grafana.,42.0,42,4136,1,161.4931887381607,36.078499001926524,212.5403471286072,0.4372590055742106,86.16519525515552,0.03045794672718194,35.751364951764124
CHIHUG033-15,CHIHUG033_15_block0002_2026_03_04_180002_2026_03_04_183002,salidas_test/new_influx_labeling_batch/raw_blocks/CHIHUG033_15_block0002_2026_03_04_180002_2026_03_04_183002_raw.parquet,2026-03-04 18:19:15,2026-03-04 18:19:33,2026-03-04T17:19:15Z,2026-03-04T17:19:33Z,walking,,auto_review,Sugerencia heuristica por energia de acelerometro/giroscopio; revisar en Grafana.,18.0,18,1782,1,173.48366055772706,56.30870607787302,239.55404092052459,0.47692159305688403,90.93746056101473,0.03045794672718194,35.751364951764124
CHIHUG033-15,CHIHUG033_15_block0002_2026_03_04_180002_2026_03_04_183002,salidas_test/new_influx_labeling_batch/raw_blocks/CHIHUG033_15_block0002_2026_03_04_180002_2026_03_04_183002_raw.parquet,2026-03-04 18:25:10,2026-03-04 18:28:25,2026-03-04T17:25:10Z,2026-03-04T17:28:25Z,walking,,auto_review,Sugerencia heuristica por energia de acelerometro/giroscopio; revisar en Grafana.,195.0,195,19249,1,190.05678699852442,65.33351686627621,261.36812603554824,0.5224093591139002,99.45780146064595,0.03045794672718194,35.751364951764124
CHIHUG033-15,CHIHUG033_15_block0002_2026_03_04_180002_2026_03_04_183002,salidas_test/new_influx_labeling_batch/raw_blocks/CHIHUG033_15_block0002_2026_03_04_180002_2026_03_04_183002_raw.parquet,2026-03-04 18:28:30,2026-03-04 18:28:41,2026-03-04T17:28:30Z,2026-03-04T17:28:41Z,walking,,auto_review,Sugerencia heuristica por energia de acelerometro/giroscopio; revisar en Grafana.,11.0,11,1074,1,115.61192491251627,37.653841025136714,217.69968112054775,0.2954172338616084,65.85788974649633,0.03045794672718194,35.751364951764124
CHIHUG033-15,CHIHUG033_15_block0002_2026_03_04_180002_2026_03_04_183002,salidas_test/new_influx_labeling_batch/raw_blocks/CHIHUG033_15_block0002_2026_03_04_180002_2026_03_04_183002_raw.parquet,2026-03-04 18:28:56,2026-03-04 18:29:42,2026-03-04T17:28:56Z,2026-03-04T17:29:42Z,walking,,auto_review,Sugerencia heuristica por energia de acelerometro/giroscopio; revisar en Grafana.,46.0,46,4548,1,184.21463629718465,61.667054997445575,248.70244896527328,0.5051562921105404,96.70547504278068,0.03045794672718194,35.751364951764124
CHIHUG033-15,CHIHUG033_15_block0002_2026_03_04_180002_2026_03_04_183002,salidas_test/new_influx_labeling_batch/raw_blocks/CHIHUG033_15_block0002_2026_03_04_180002_2026_03_04_183002_raw.parquet,2026-03-04 18:29:43,2026-03-04 18:29:56,2026-03-04T17:29:43Z,2026-03-04T17:29:56Z,walking,,auto_review,Sugerencia heuristica por energia de acelerometro/giroscopio; revisar en Grafana.,13.0,13,1267,1,187.4276584924604,111.04703772625409,236.57951974360736,0.5187494477753198,97.3730249738237,0.03045794672718194,35.751364951764124
IECHUG029-9,IECHUG029_9_block0001_2026_02_18_112011_2026_02_18_115011,salidas_test/new_influx_labeling_batch/raw_blocks/IECHUG029_9_block0001_2026_02_18_112011_2026_02_18_115011_raw.parquet,2026-02-18 11:21:09,2026-02-18 11:21:21,2026-02-18T10:21:09Z,2026-02-18T10:21:21Z,not_walking,,auto_review,Sugerencia heuristica por energia de acelerometro/giroscopio; revisar en Grafana.,12.0,12,2147,2,0.0,0.0,0.0,0.004099738923905551,0.6471780953973224,0.0,19.937428825401447
IECHUG029-9,IECHUG029_9_block0001_2026_02_18_112011_2026_02_18_115011,salidas_test/new_influx_labeling_batch/raw_blocks/IECHUG029_9_block0001_2026_02_18_112011_2026_02_18_115011_raw.parquet,2026-02-18 11:22:58,2026-02-18 11:23:08,2026-02-18T10:22:58Z,2026-02-18T10:23:08Z,not_walking,,auto_review,Sugerencia heuristica por energia de acelerometro/giroscopio; revisar en Grafana.,10.0,10,1792,2,0.0,0.0,0.0,0.002509531782556576,0.589691350366593,0.0,19.937428825401447
IECHUG029-9,IECHUG029_9_block0001_2026_02_18_112011_2026_02_18_115011,salidas_test/new_influx_labeling_batch/raw_blocks/IECHUG029_9_block0001_2026_02_18_112011_2026_02_18_115011_raw.parquet,2026-02-18 11:23:59,2026-02-18 11:24:20,2026-02-18T10:23:59Z,2026-02-18T10:24:20Z,not_walking,,auto_review,Sugerencia heuristica por energia de acelerometro/giroscopio; revisar en Grafana.,21.0,21,3635,2,0.0,0.0,0.0,0.002217950059636615,0.8848079896935013,0.0,19.937428825401447
IECHUG029-9,IECHUG029_9_block0001_2026_02_18_112011_2026_02_18_115011,salidas_test/new_influx_labeling_batch/raw_blocks/IECHUG029_9_block0001_2026_02_18_112011_2026_02_18_115011_raw.parquet,2026-02-18 11:26:04,2026-02-18 11:26:18,2026-02-18T10:26:04Z,2026-02-18T10:26:18Z,not_walking,,auto_review,Sugerencia heuristica por energia de acelerometro/giroscopio; revisar en Grafana.,14.0,14,2482,2,0.0,0.0,0.0,0.005938585360217118,3.285526999075419,0.0,19.937428825401447
IECHUG029-9,IECHUG029_9_block0001_2026_02_18_112011_2026_02_18_115011,salidas_test/new_influx_labeling_batch/raw_blocks/IECHUG029_9_block0001_2026_02_18_112011_2026_02_18_115011_raw.parquet,2026-02-18 11:26:31,2026-02-18 11:27:10,2026-02-18T10:26:31Z,2026-02-18T10:27:10Z,not_walking,,auto_review,Sugerencia heuristica por energia de acelerometro/giroscopio; revisar en Grafana.,39.0,39,7008,2,0.0,0.0,0.0,0.0019542447389623635,0.8253820289757329,0.0,19.937428825401447
IECHUG029-9,IECHUG029_9_block0001_2026_02_18_112011_2026_02_18_115011,salidas_test/new_influx_labeling_batch/raw_blocks/IECHUG029_9_block0001_2026_02_18_112011_2026_02_18_115011_raw.parquet,2026-02-18 11:27:21,2026-02-18 11:27:45,2026-02-18T10:27:21Z,2026-02-18T10:27:45Z,walking,,auto_review,Sugerencia heuristica por energia de acelerometro/giroscopio; revisar en Grafana.,24.0,24,4454,2,23.725149529723428,21.178907731674656,26.157825492903484,0.801576566957031,118.28779573047792,0.0,19.937428825401447
IECHUG029-9,IECHUG029_9_block0001_2026_02_18_112011_2026_02_18_115011,salidas_test/new_influx_labeling_batch/raw_blocks/IECHUG029_9_block0001_2026_02_18_112011_2026_02_18_115011_raw.parquet,2026-02-18 11:27:47,2026-02-18 11:28:12,2026-02-18T10:27:47Z,2026-02-18T10:28:12Z,walking,,auto_review,Sugerencia heuristica por energia de acelerometro/giroscopio; revisar en Grafana.,25.0,25,4685,2,23.517868498913,20.345939224479668,26.934956684596507,0.7947777851289635,117.38842049116451,0.0,19.937428825401447
IECHUG029-9,IECHUG029_9_block0001_2026_02_18_112011_2026_02_18_115011,salidas_test/new_influx_labeling_batch/raw_blocks/IECHUG029_9_block0001_2026_02_18_112011_2026_02_18_115011_raw.parquet,2026-02-18 11:28:13,2026-02-18 11:28:38,2026-02-18T10:28:13Z,2026-02-18T10:28:38Z,walking,,auto_review,Sugerencia heuristica por energia de acelerometro/giroscopio; revisar en Grafana.,25.0,25,4570,2,24.307558696532205,21.48380065022571,29.248842419899646,0.8262363956707373,118.33626489285048,0.0,19.937428825401447
IECHUG029-9,IECHUG029_9_block0001_2026_02_18_112011_2026_02_18_115011,salidas_test/new_influx_labeling_batch/raw_blocks/IECHUG029_9_block0001_2026_02_18_112011_2026_02_18_115011_raw.parquet,2026-02-18 11:28:39,2026-02-18 11:29:03,2026-02-18T10:28:39Z,2026-02-18T10:29:03Z,walking,,auto_review,Sugerencia heuristica por energia de acelerometro/giroscopio; revisar en Grafana.,24.0,24,4511,2,23.828205343051483,20.311038041672216,26.36578920495404,0.8085537789192214,117.13057176596375,0.0,19.937428825401447
IECHUG029-9,IECHUG029_9_block0001_2026_02_18_112011_2026_02_18_115011,salidas_test/new_influx_labeling_batch/raw_blocks/IECHUG029_9_block0001_2026_02_18_112011_2026_02_18_115011_raw.parquet,2026-02-18 11:29:04,2026-02-18 11:29:28,2026-02-18T10:29:04Z,2026-02-18T10:29:28Z,walking,,auto_review,Sugerencia heuristica por energia de acelerometro/giroscopio; revisar en Grafana.,24.0,24,4466,2,25.192025423872224,22.84196571129025,27.771064407462003,0.8602164000580482,119.95727316414998,0.0,19.937428825401447
IECHUG029-9,IECHUG029_9_block0001_2026_02_18_112011_2026_02_18_115011,salidas_test/new_influx_labeling_batch/raw_blocks/IECHUG029_9_block0001_2026_02_18_112011_2026_02_18_115011_raw.parquet,2026-02-18 11:29:29,2026-02-18 11:29:54,2026-02-18T10:29:29Z,2026-02-18T10:29:54Z,walking,,auto_review,Sugerencia heuristica por energia de acelerometro/giroscopio; revisar en Grafana.,25.0,25,4698,2,24.6224072493415,22.04998127829245,26.963776268955677,0.8345775123352809,120.58812318305716,0.0,19.937428825401447
IECHUG029-9,IECHUG029_9_block0001_2026_02_18_112011_2026_02_18_115011,salidas_test/new_influx_labeling_batch/raw_blocks/IECHUG029_9_block0001_2026_02_18_112011_2026_02_18_115011_raw.parquet,2026-02-18 11:29:55,2026-02-18 11:30:19,2026-02-18T10:29:55Z,2026-02-18T10:30:19Z,walking,,auto_review,Sugerencia heuristica por energia de acelerometro/giroscopio; revisar en Grafana.,24.0,24,4488,2,25.06461261522065,23.224683005024268,27.218467243057006,0.8570955677118337,118.93241088743696,0.0,19.937428825401447
IECHUG029-9,IECHUG029_9_block0001_2026_02_18_112011_2026_02_18_115011,salidas_test/new_influx_labeling_batch/raw_blocks/IECHUG029_9_block0001_2026_02_18_112011_2026_02_18_115011_raw.parquet,2026-02-18 11:30:20,2026-02-18 11:30:45,2026-02-18T10:30:20Z,2026-02-18T10:30:45Z,walking,,auto_review,Sugerencia heuristica por energia de acelerometro/giroscopio; revisar en Grafana.,25.0,25,4713,2,24.882430133778904,21.248804666480304,27.28630337931707,0.8516358443002381,117.91185963715557,0.0,19.937428825401447
IECHUG029-9,IECHUG029_9_block0001_2026_02_18_112011_2026_02_18_115011,salidas_test/new_influx_labeling_batch/raw_blocks/IECHUG029_9_block0001_2026_02_18_112011_2026_02_18_115011_raw.parquet,2026-02-18 11:30:47,2026-02-18 11:31:11,2026-02-18T10:30:47Z,2026-02-18T10:31:11Z,walking,,auto_review,Sugerencia heuristica por energia de acelerometro/giroscopio; revisar en Grafana.,24.0,24,4501,2,24.76785461895783,20.80733438722916,27.79785454657702,0.8482367829338274,117.2546026331621,0.0,19.937428825401447
IECHUG029-9,IECHUG029_9_block0001_2026_02_18_112011_2026_02_18_115011,salidas_test/new_influx_labeling_batch/raw_blocks/IECHUG029_9_block0001_2026_02_18_112011_2026_02_18_115011_raw.parquet,2026-02-18 11:31:12,2026-02-18 11:31:37,2026-02-18T10:31:12Z,2026-02-18T10:31:37Z,walking,,auto_review,Sugerencia heuristica por energia de acelerometro/giroscopio; revisar en Grafana.,25.0,25,4674,2,24.66353216598304,21.716140512399434,27.71417186243411,0.8419037469162182,118.10047742393388,0.0,19.937428825401447
IECHUG029-9,IECHUG029_9_block0001_2026_02_18_112011_2026_02_18_115011,salidas_test/new_influx_labeling_batch/raw_blocks/IECHUG029_9_block0001_2026_02_18_112011_2026_02_18_115011_raw.parquet,2026-02-18 11:31:38,2026-02-18 11:32:02,2026-02-18T10:31:38Z,2026-02-18T10:32:02Z,walking,,auto_review,Sugerencia heuristica por energia de acelerometro/giroscopio; revisar en Grafana.,24.0,24,4481,2,24.51593845971189,21.837636711929377,28.224363427232944,0.8380691345102114,117.01117868509003,0.0,19.937428825401447
IECHUG029-9,IECHUG029_9_block0001_2026_02_18_112011_2026_02_18_115011,salidas_test/new_influx_labeling_batch/raw_blocks/IECHUG029_9_block0001_2026_02_18_112011_2026_02_18_115011_raw.parquet,2026-02-18 11:32:04,2026-02-18 11:32:30,2026-02-18T10:32:04Z,2026-02-18T10:32:30Z,walking,,auto_review,Sugerencia heuristica por energia de acelerometro/giroscopio; revisar en Grafana.,26.0,26,4694,2,23.738754756452856,20.90243310221248,26.114149689284723,0.8036111536187798,117.63837923149912,0.0,19.937428825401447
IECHUG029-9,IECHUG029_9_block0001_2026_02_18_112011_2026_02_18_115011,salidas_test/new_influx_labeling_batch/raw_blocks/IECHUG029_9_block0001_2026_02_18_112011_2026_02_18_115011_raw.parquet,2026-02-18 11:32:31,2026-02-18 11:32:56,2026-02-18T10:32:31Z,2026-02-18T10:32:56Z,walking,,auto_review,Sugerencia heuristica por energia de acelerometro/giroscopio; revisar en Grafana.,25.0,25,4639,2,24.751084861526202,20.408951886237965,27.33457862701607,0.8437092486285124,118.95592514355886,0.0,19.937428825401447
IECHUG029-9,IECHUG029_9_block0001_2026_02_18_112011_2026_02_18_115011,salidas_test/new_influx_labeling_batch/raw_blocks/IECHUG029_9_block0001_2026_02_18_112011_2026_02_18_115011_raw.parquet,2026-02-18 11:32:57,2026-02-18 11:33:23,2026-02-18T10:32:57Z,2026-02-18T10:33:23Z,walking,,auto_review,Sugerencia heuristica por energia de acelerometro/giroscopio; revisar en Grafana.,26.0,26,4803,2,24.657215833095247,20.621258378084228,27.749713175038025,0.8428331712016793,117.56611256591788,0.0,19.937428825401447
IECHUG029-9,IECHUG029_9_block0001_2026_02_18_112011_2026_02_18_115011,salidas_test/new_influx_labeling_batch/raw_blocks/IECHUG029_9_block0001_2026_02_18_112011_2026_02_18_115011_raw.parquet,2026-02-18 11:35:05,2026-02-18 11:35:15,2026-02-18T10:35:05Z,2026-02-18T10:35:15Z,not_walking,,auto_review,Sugerencia heuristica por energia de acelerometro/giroscopio; revisar en Grafana.,10.0,10,1731,2,0.0,0.0,0.0,0.0035714850198338235,2.3510864702093075,0.0,19.937428825401447
IECHUG029-9,IECHUG029_9_block0001_2026_02_18_112011_2026_02_18_115011,salidas_test/new_influx_labeling_batch/raw_blocks/IECHUG029_9_block0001_2026_02_18_112011_2026_02_18_115011_raw.parquet,2026-02-18 11:35:51,2026-02-18 11:37:20,2026-02-18T10:35:51Z,2026-02-18T10:37:20Z,not_walking,,auto_review,Sugerencia heuristica por energia de acelerometro/giroscopio; revisar en Grafana.,89.0,89,15543,2,0.0,0.0,0.0,0.004085252425343814,0.7771137671453895,0.0,19.937428825401447
IECHUG029-9,IECHUG029_9_block0001_2026_02_18_112011_2026_02_18_115011,salidas_test/new_influx_labeling_batch/raw_blocks/IECHUG029_9_block0001_2026_02_18_112011_2026_02_18_115011_raw.parquet,2026-02-18 11:37:32,2026-02-18 11:38:18,2026-02-18T10:37:32Z,2026-02-18T10:38:18Z,not_walking,,auto_review,Sugerencia heuristica por energia de acelerometro/giroscopio; revisar en Grafana.,46.0,46,8518,2,0.0,0.0,0.0,0.006757955741932187,0.971651558253062,0.0,19.937428825401447
IECHUG029-9,IECHUG029_9_block0001_2026_02_18_112011_2026_02_18_115011,salidas_test/new_influx_labeling_batch/raw_blocks/IECHUG029_9_block0001_2026_02_18_112011_2026_02_18_115011_raw.parquet,2026-02-18 11:38:56,2026-02-18 11:39:11,2026-02-18T10:38:56Z,2026-02-18T10:39:11Z,not_walking,,auto_review,Sugerencia heuristica por energia de acelerometro/giroscopio; revisar en Grafana.,15.0,15,2619,2,0.0,0.0,0.0,0.008312551100819998,2.837146131429455,0.0,19.937428825401447
IECHUG029-9,IECHUG029_9_block0001_2026_02_18_112011_2026_02_18_115011,salidas_test/new_influx_labeling_batch/raw_blocks/IECHUG029_9_block0001_2026_02_18_112011_2026_02_18_115011_raw.parquet,2026-02-18 11:39:28,2026-02-18 11:39:41,2026-02-18T10:39:28Z,2026-02-18T10:39:41Z,not_walking,,auto_review,Sugerencia heuristica por energia de acelerometro/giroscopio; revisar en Grafana.,13.0,13,2469,2,0.0,0.0,0.0,0.0022585406407043722,1.4836246215152782,0.0,19.937428825401447
IECHUG029-9,IECHUG029_9_block0001_2026_02_18_112011_2026_02_18_115011,salidas_test/new_influx_labeling_batch/raw_blocks/IECHUG029_9_block0001_2026_02_18_112011_2026_02_18_115011_raw.parquet,2026-02-18 11:39:44,2026-02-18 11:40:02,2026-02-18T10:39:44Z,2026-02-18T10:40:02Z,not_walking,,auto_review,Sugerencia heuristica por energia de acelerometro/giroscopio; revisar en Grafana.,18.0,18,3390,2,0.0,0.0,0.0,0.0050585762850873075,2.7579371205029086,0.0,19.937428825401447
IECHUG029-9,IECHUG029_9_block0001_2026_02_18_112011_2026_02_18_115011,salidas_test/new_influx_labeling_batch/raw_blocks/IECHUG029_9_block0001_2026_02_18_112011_2026_02_18_115011_raw.parquet,2026-02-18 11:40:07,2026-02-18 11:40:28,2026-02-18T10:40:07Z,2026-02-18T10:40:28Z,not_walking,,auto_review,Sugerencia heuristica por energia de acelerometro/giroscopio; revisar en Grafana.,21.0,21,3976,2,0.0,0.0,0.0,0.004545183667929498,2.989825780819475,0.0,19.937428825401447
IECHUG029-9,IECHUG029_9_block0001_2026_02_18_112011_2026_02_18_115011,salidas_test/new_influx_labeling_batch/raw_blocks/IECHUG029_9_block0001_2026_02_18_112011_2026_02_18_115011_raw.parquet,2026-02-18 11:40:29,2026-02-18 11:41:00,2026-02-18T10:40:29Z,2026-02-18T10:41:00Z,not_walking,,auto_review,Sugerencia heuristica por energia de acelerometro/giroscopio; revisar en Grafana.,31.0,31,5678,2,0.0,0.0,0.0,0.0018825424019763143,1.8780014884113345,0.0,19.937428825401447
IECHUG029-9,IECHUG029_9_block0001_2026_02_18_112011_2026_02_18_115011,salidas_test/new_influx_labeling_batch/raw_blocks/IECHUG029_9_block0001_2026_02_18_112011_2026_02_18_115011_raw.parquet,2026-02-18 11:41:02,2026-02-18 11:41:34,2026-02-18T10:41:02Z,2026-02-18T10:41:34Z,not_walking,,auto_review,Sugerencia heuristica por energia de acelerometro/giroscopio; revisar en Grafana.,32.0,32,5521,2,0.0,0.0,0.0,0.0014625057740702324,1.1318366740705588,0.0,19.937428825401447
IECHUG029-9,IECHUG029_9_block0001_2026_02_18_112011_2026_02_18_115011,salidas_test/new_influx_labeling_batch/raw_blocks/IECHUG029_9_block0001_2026_02_18_112011_2026_02_18_115011_raw.parquet,2026-02-18 11:41:35,2026-02-18 11:42:01,2026-02-18T10:41:35Z,2026-02-18T10:42:01Z,not_walking,,auto_review,Sugerencia heuristica por energia de acelerometro/giroscopio; revisar en Grafana.,26.0,26,4698,2,0.0,0.0,0.0,0.002815535517649566,1.2766787061610574,0.0,19.937428825401447
IECHUG029-9,IECHUG029_9_block0001_2026_02_18_112011_2026_02_18_115011,salidas_test/new_influx_labeling_batch/raw_blocks/IECHUG029_9_block0001_2026_02_18_112011_2026_02_18_115011_raw.parquet,2026-02-18 11:42:10,2026-02-18 11:43:30,2026-02-18T10:42:10Z,2026-02-18T10:43:30Z,not_walking,,auto_review,Sugerencia heuristica por energia de acelerometro/giroscopio; revisar en Grafana.,80.0,80,14480,2,0.0,0.0,0.0,0.0009279489884172718,0.7789601249574105,0.0,19.937428825401447
IECHUG029-9,IECHUG029_9_block0001_2026_02_18_112011_2026_02_18_115011,salidas_test/new_influx_labeling_batch/raw_blocks/IECHUG029_9_block0001_2026_02_18_112011_2026_02_18_115011_raw.parquet,2026-02-18 11:43:31,2026-02-18 11:44:55,2026-02-18T10:43:31Z,2026-02-18T10:44:55Z,not_walking,,auto_review,Sugerencia heuristica por energia de acelerometro/giroscopio; revisar en Grafana.,84.0,84,14857,2,0.0,0.0,0.0,0.002264790699292512,0.8675695212991071,0.0,19.937428825401447
IECHUG029-9,IECHUG029_9_block0001_2026_02_18_112011_2026_02_18_115011,salidas_test/new_influx_labeling_batch/raw_blocks/IECHUG029_9_block0001_2026_02_18_112011_2026_02_18_115011_raw.parquet,2026-02-18 11:45:00,2026-02-18 11:45:15,2026-02-18T10:45:00Z,2026-02-18T10:45:15Z,not_walking,,auto_review,Sugerencia heuristica por energia de acelerometro/giroscopio; revisar en Grafana.,15.0,15,2705,2,0.0,0.0,0.0,0.003695366317919007,1.6048681965944402,0.0,19.937428825401447
IECHUG029-9,IECHUG029_9_block0001_2026_02_18_112011_2026_02_18_115011,salidas_test/new_influx_labeling_batch/raw_blocks/IECHUG029_9_block0001_2026_02_18_112011_2026_02_18_115011_raw.parquet,2026-02-18 11:45:21,2026-02-18 11:45:38,2026-02-18T10:45:21Z,2026-02-18T10:45:38Z,not_walking,,auto_review,Sugerencia heuristica por energia de acelerometro/giroscopio; revisar en Grafana.,17.0,17,3174,2,0.0,0.0,0.0,0.003966405266239506,1.3444827071180907,0.0,19.937428825401447
IECHUG029-9,IECHUG029_9_block0001_2026_02_18_112011_2026_02_18_115011,salidas_test/new_influx_labeling_batch/raw_blocks/IECHUG029_9_block0001_2026_02_18_112011_2026_02_18_115011_raw.parquet,2026-02-18 11:48:10,2026-02-18 11:48:26,2026-02-18T10:48:10Z,2026-02-18T10:48:26Z,walking,,auto_review,Sugerencia heuristica por energia de acelerometro/giroscopio; revisar en Grafana.,16.0,16,3011,2,21.540318452849533,20.024947533424346,23.396160437073945,0.7248161605849692,111.08200816487513,0.0,19.937428825401447
IECHUG029-9,IECHUG029_9_block0001_2026_02_18_112011_2026_02_18_115011,salidas_test/new_influx_labeling_batch/raw_blocks/IECHUG029_9_block0001_2026_02_18_112011_2026_02_18_115011_raw.parquet,2026-02-18 11:48:37,2026-02-18 11:49:03,2026-02-18T10:48:37Z,2026-02-18T10:49:03Z,walking,,auto_review,Sugerencia heuristica por energia de acelerometro/giroscopio; revisar en Grafana.,26.0,26,4694,2,21.649083839551814,20.21719636972679,23.93787316585081,0.7308696631005412,110.44509063975245,0.0,19.937428825401447
IECHUG029-9,IECHUG029_9_block0001_2026_02_18_112011_2026_02_18_115011,salidas_test/new_influx_labeling_batch/raw_blocks/IECHUG029_9_block0001_2026_02_18_112011_2026_02_18_115011_raw.parquet,2026-02-18 11:49:40,2026-02-18 11:50:11,2026-02-18T10:49:40Z,2026-02-18T10:50:11Z,not_walking,,auto_review,Sugerencia heuristica por energia de acelerometro/giroscopio; revisar en Grafana.,31.0,31,5390,2,0.0,0.0,0.0,0.0030083890908344656,0.6640250375586197,0.0,19.937428825401447
IECHUG029-9,IECHUG029_9_block0002_2026_02_20_094030_2026_02_20_101030,salidas_test/new_influx_labeling_batch/raw_blocks/IECHUG029_9_block0002_2026_02_20_094030_2026_02_20_101030_raw.parquet,2026-02-20 09:41:29,2026-02-20 09:42:03,2026-02-20T08:41:29Z,2026-02-20T08:42:03Z,walking,,auto_review,Sugerencia heuristica por energia de acelerometro/giroscopio; revisar en Grafana.,34.0,34,6499,2,140.61897964631385,1.8020464564805154,365.4271406276866,0.2764594998135026,50.64142958890702,0.0384997894638779,1.6144869167979783
IECHUG029-9,IECHUG029_9_block0002_2026_02_20_094030_2026_02_20_101030,salidas_test/new_influx_labeling_batch/raw_blocks/IECHUG029_9_block0002_2026_02_20_094030_2026_02_20_101030_raw.parquet,2026-02-20 09:42:04,2026-02-20 09:42:21,2026-02-20T08:42:04Z,2026-02-20T08:42:21Z,walking,,auto_review,Sugerencia heuristica por energia de acelerometro/giroscopio; revisar en Grafana.,17.0,17,3245,2,133.3148858464577,4.6516061148267775,324.238804023532,0.2539982417517738,49.194533804912524,0.0384997894638779,1.6144869167979783
IECHUG029-9,IECHUG029_9_block0002_2026_02_20_094030_2026_02_20_101030,salidas_test/new_influx_labeling_batch/raw_blocks/IECHUG029_9_block0002_2026_02_20_094030_2026_02_20_101030_raw.parquet,2026-02-20 09:44:12,2026-02-20 09:44:22,2026-02-20T08:44:12Z,2026-02-20T08:44:22Z,not_walking,,auto_review,Sugerencia heuristica por energia de acelerometro/giroscopio; revisar en Grafana.,10.0,10,1932,2,0.0,0.0,0.0,0.0009040741064825327,0.1490754316420848,0.0384997894638779,1.6144869167979783
IECHUG029-9,IECHUG029_9_block0002_2026_02_20_094030_2026_02_20_101030,salidas_test/new_influx_labeling_batch/raw_blocks/IECHUG029_9_block0002_2026_02_20_094030_2026_02_20_101030_raw.parquet,2026-02-20 09:46:57,2026-02-20 09:47:08,2026-02-20T08:46:57Z,2026-02-20T08:47:08Z,not_walking,,auto_review,Sugerencia heuristica por energia de acelerometro/giroscopio; revisar en Grafana.,11.0,11,2081,2,0.003983776278388789,0.0,0.03028382127747501,0.0011402356494549285,0.11462143196798621,0.0384997894638779,1.6144869167979783
IECHUG029-9,IECHUG029_9_block0002_2026_02_20_094030_2026_02_20_101030,salidas_test/new_influx_labeling_batch/raw_blocks/IECHUG029_9_block0002_2026_02_20_094030_2026_02_20_101030_raw.parquet,2026-02-20 09:47:13,2026-02-20 09:47:24,2026-02-20T08:47:13Z,2026-02-20T08:47:24Z,walking,,auto_review,Sugerencia heuristica por energia de acelerometro/giroscopio; revisar en Grafana.,11.0,11,2103,2,31.557405255210494,2.118203899843624,90.48386914845398,0.047950185550209336,14.223168125569531,0.0384997894638779,1.6144869167979783
IECHUG029-9,IECHUG029_9_block0002_2026_02_20_094030_2026_02_20_101030,salidas_test/new_influx_labeling_batch/raw_blocks/IECHUG029_9_block0002_2026_02_20_094030_2026_02_20_101030_raw.parquet,2026-02-20 09:47:52,2026-02-20 09:48:44,2026-02-20T08:47:52Z,2026-02-20T08:48:44Z,walking,,auto_review,Sugerencia heuristica por energia de acelerometro/giroscopio; revisar en Grafana.,52.0,52,9917,2,148.81822128479874,2.852034263538165,347.8347402176845,0.27087019905946924,56.5198274651942,0.0384997894638779,1.6144869167979783
IECHUG029-9,IECHUG029_9_block0002_2026_02_20_094030_2026_02_20_101030,salidas_test/new_influx_labeling_batch/raw_blocks/IECHUG029_9_block0002_2026_02_20_094030_2026_02_20_101030_raw.parquet,2026-02-20 09:49:03,2026-02-20 09:49:15,2026-02-20T08:49:03Z,2026-02-20T08:49:15Z,walking,,auto_review,Sugerencia heuristica por energia de acelerometro/giroscopio; revisar en Grafana.,12.0,12,2319,2,10.66730165146401,2.1312607786087985,29.62880022067729,0.015567984534347162,5.679099600766715,0.0384997894638779,1.6144869167979783
IECHUG029-9,IECHUG029_9_block0002_2026_02_20_094030_2026_02_20_101030,salidas_test/new_influx_labeling_batch/raw_blocks/IECHUG029_9_block0002_2026_02_20_094030_2026_02_20_101030_raw.parquet,2026-02-20 09:49:46,2026-02-20 09:50:03,2026-02-20T08:49:46Z,2026-02-20T08:50:03Z,walking,,auto_review,Sugerencia heuristica por energia de acelerometro/giroscopio; revisar en Grafana.,17.0,17,3253,2,9.208127899919944,1.8625951579377267,19.59218603587223,0.016727929729190752,4.609280011117118,0.0384997894638779,1.6144869167979783
IECHUG029-9,IECHUG029_9_block0002_2026_02_20_094030_2026_02_20_101030,salidas_test/new_influx_labeling_batch/raw_blocks/IECHUG029_9_block0002_2026_02_20_094030_2026_02_20_101030_raw.parquet,2026-02-20 09:50:31,2026-02-20 09:50:53,2026-02-20T08:50:31Z,2026-02-20T08:50:53Z,walking,,auto_review,Sugerencia heuristica por energia de acelerometro/giroscopio; revisar en Grafana.,22.0,22,4207,2,118.80988464346386,4.753818085731867,326.5314005770364,0.21264433113822437,45.85834654763028,0.0384997894638779,1.6144869167979783
IECHUG029-9,IECHUG029_9_block0002_2026_02_20_094030_2026_02_20_101030,salidas_test/new_influx_labeling_batch/raw_blocks/IECHUG029_9_block0002_2026_02_20_094030_2026_02_20_101030_raw.parquet,2026-02-20 09:53:44,2026-02-20 09:53:55,2026-02-20T08:53:44Z,2026-02-20T08:53:55Z,not_walking,,auto_review,Sugerencia heuristica por energia de acelerometro/giroscopio; revisar en Grafana.,11.0,11,2104,2,0.0,0.0,0.0,1.1866305146607348e-06,0.1255974563259503,0.0384997894638779,1.6144869167979783
IECHUG029-9,IECHUG029_9_block0002_2026_02_20_094030_2026_02_20_101030,salidas_test/new_influx_labeling_batch/raw_blocks/IECHUG029_9_block0002_2026_02_20_094030_2026_02_20_101030_raw.parquet,2026-02-20 09:53:56,2026-02-20 09:54:06,2026-02-20T08:53:56Z,2026-02-20T08:54:06Z,not_walking,,auto_review,Sugerencia heuristica por energia de acelerometro/giroscopio; revisar en Grafana.,10.0,10,1932,2,0.0,0.0,0.0,0.0,0.00411834133841627,0.0384997894638779,1.6144869167979783
IECHUG029-9,IECHUG029_9_block0002_2026_02_20_094030_2026_02_20_101030,salidas_test/new_influx_labeling_batch/raw_blocks/IECHUG029_9_block0002_2026_02_20_094030_2026_02_20_101030_raw.parquet,2026-02-20 09:54:07,2026-02-20 09:54:21,2026-02-20T08:54:07Z,2026-02-20T08:54:21Z,not_walking,,auto_review,Sugerencia heuristica por energia de acelerometro/giroscopio; revisar en Grafana.,14.0,14,2679,2,0.0,0.0,0.0,0.0006420322010784636,0.09533231346620104,0.0384997894638779,1.6144869167979783
IECHUG029-9,IECHUG029_9_block0002_2026_02_20_094030_2026_02_20_101030,salidas_test/new_influx_labeling_batch/raw_blocks/IECHUG029_9_block0002_2026_02_20_094030_2026_02_20_101030_raw.parquet,2026-02-20 09:59:57,2026-02-20 10:00:08,2026-02-20T08:59:57Z,2026-02-20T09:00:08Z,not_walking,,auto_review,Sugerencia heuristica por energia de acelerometro/giroscopio; revisar en Grafana.,11.0,11,2071,2,0.001188889703820227,0.0,0.013077786742022496,0.0003743134002810157,0.19997435834302799,0.0384997894638779,1.6144869167979783
LFCMHUG070-78,LFCMHUG070_78_block0001_2026_05_20_114734_2026_05_20_121734,salidas_test/new_influx_labeling_batch/raw_blocks/LFCMHUG070_78_block0001_2026_05_20_114734_2026_05_20_121734_raw.parquet,2026-05-20 11:48:00,2026-05-20 11:49:03,2026-05-20T09:48:00Z,2026-05-20T09:49:03Z,walking,,auto_review,Sugerencia heuristica por energia de acelerometro/giroscopio; revisar en Grafana.,63.0,63,6231,2,109.06867159880854,21.061276040844593,234.5573560046555,0.13679058450067924,82.5549884817376,0.1764592640098495,15.143704965093251
LFCMHUG070-78,LFCMHUG070_78_block0001_2026_05_20_114734_2026_05_20_121734,salidas_test/new_influx_labeling_batch/raw_blocks/LFCMHUG070_78_block0001_2026_05_20_114734_2026_05_20_121734_raw.parquet,2026-05-20 11:49:05,2026-05-20 11:49:31,2026-05-20T09:49:05Z,2026-05-20T09:49:31Z,walking,,auto_review,Sugerencia heuristica por energia de acelerometro/giroscopio; revisar en Grafana.,26.0,26,2557,2,44.806623504649636,17.54906979050805,79.83437833938838,0.05588048266947364,35.81533426404451,0.1764592640098495,15.143704965093251
LFCMHUG070-78,LFCMHUG070_78_block0001_2026_05_20_114734_2026_05_20_121734,salidas_test/new_influx_labeling_batch/raw_blocks/LFCMHUG070_78_block0001_2026_05_20_114734_2026_05_20_121734_raw.parquet,2026-05-20 11:49:47,2026-05-20 11:49:57,2026-05-20T09:49:47Z,2026-05-20T09:49:57Z,walking,,auto_review,Sugerencia heuristica por energia de acelerometro/giroscopio; revisar en Grafana.,10.0,10,979,2,55.56213145094141,24.550854117969347,90.59231266265014,0.07489079123656152,38.650628323318394,0.1764592640098495,15.143704965093251
LFCMHUG070-78,LFCMHUG070_78_block0001_2026_05_20_114734_2026_05_20_121734,salidas_test/new_influx_labeling_batch/raw_blocks/LFCMHUG070_78_block0001_2026_05_20_114734_2026_05_20_121734_raw.parquet,2026-05-20 11:50:47,2026-05-20 11:51:07,2026-05-20T09:50:47Z,2026-05-20T09:51:07Z,walking,,auto_review,Sugerencia heuristica por energia de acelerometro/giroscopio; revisar en Grafana.,20.0,20,1940,2,118.4944464096955,22.70296560181324,175.104009638077,0.1837375569069441,57.36597823475226,0.1764592640098495,15.143704965093251
LFCMHUG070-78,LFCMHUG070_78_block0001_2026_05_20_114734_2026_05_20_121734,salidas_test/new_influx_labeling_batch/raw_blocks/LFCMHUG070_78_block0001_2026_05_20_114734_2026_05_20_121734_raw.parquet,2026-05-20 11:51:38,2026-05-20 11:52:00,2026-05-20T09:51:38Z,2026-05-20T09:52:00Z,walking,,auto_review,Sugerencia heuristica por energia de acelerometro/giroscopio; revisar en Grafana.,22.0,22,2163,2,93.92000992111693,15.251103928853436,150.41172615891725,0.1354103738031348,55.384314606890705,0.1764592640098495,15.143704965093251
LFCMHUG070-78,LFCMHUG070_78_block0001_2026_05_20_114734_2026_05_20_121734,salidas_test/new_influx_labeling_batch/raw_blocks/LFCMHUG070_78_block0001_2026_05_20_114734_2026_05_20_121734_raw.parquet,2026-05-20 11:53:40,2026-05-20 11:53:50,2026-05-20T09:53:40Z,2026-05-20T09:53:50Z,not_walking,,auto_review,Sugerencia heuristica por energia de acelerometro/giroscopio; revisar en Grafana.,10.0,10,982,2,0.0,0.0,0.0,0.0001792776307275052,0.4425873230319648,0.1764592640098495,15.143704965093251
LFCMHUG070-78,LFCMHUG070_78_block0001_2026_05_20_114734_2026_05_20_121734,salidas_test/new_influx_labeling_batch/raw_blocks/LFCMHUG070_78_block0001_2026_05_20_114734_2026_05_20_121734_raw.parquet,2026-05-20 11:54:05,2026-05-20 11:54:18,2026-05-20T09:54:05Z,2026-05-20T09:54:18Z,not_walking,,auto_review,Sugerencia heuristica por energia de acelerometro/giroscopio; revisar en Grafana.,13.0,13,1266,2,0.09206862352721967,0.0,0.13593408286976244,0.000926239943118425,0.5662453162553575,0.1764592640098495,15.143704965093251
LFCMHUG070-78,LFCMHUG070_78_block0001_2026_05_20_114734_2026_05_20_121734,salidas_test/new_influx_labeling_batch/raw_blocks/LFCMHUG070_78_block0001_2026_05_20_114734_2026_05_20_121734_raw.parquet,2026-05-20 11:55:47,2026-05-20 11:55:59,2026-05-20T09:55:47Z,2026-05-20T09:55:59Z,not_walking,,auto_review,Sugerencia heuristica por energia de acelerometro/giroscopio; revisar en Grafana.,12.0,12,1179,2,0.005892715069485923,0.0,0.07071258083383107,0.00010790043852638194,0.5184175618861141,0.1764592640098495,15.143704965093251
LFCMHUG070-78,LFCMHUG070_78_block0001_2026_05_20_114734_2026_05_20_121734,salidas_test/new_influx_labeling_batch/raw_blocks/LFCMHUG070_78_block0001_2026_05_20_114734_2026_05_20_121734_raw.parquet,2026-05-20 11:56:00,2026-05-20 11:56:15,2026-05-20T09:56:00Z,2026-05-20T09:56:15Z,not_walking,,auto_review,Sugerencia heuristica por energia de acelerometro/giroscopio; revisar en Grafana.,15.0,15,1488,2,0.0075691330269488395,0.0,0.05389263525310797,0.0003950603464399384,0.32220310481008857,0.1764592640098495,15.143704965093251
LFCMHUG070-78,LFCMHUG070_78_block0001_2026_05_20_114734_2026_05_20_121734,salidas_test/new_influx_labeling_batch/raw_blocks/LFCMHUG070_78_block0001_2026_05_20_114734_2026_05_20_121734_raw.parquet,2026-05-20 11:59:03,2026-05-20 11:59:14,2026-05-20T09:59:03Z,2026-05-20T09:59:14Z,not_walking,,auto_review,Sugerencia heuristica por energia de acelerometro/giroscopio; revisar en Grafana.,11.0,11,1033,2,0.004605799854806801,0.0,0.050663798402874806,0.0001525907696833855,0.36810133655858124,0.1764592640098495,15.143704965093251
LFCMHUG070-78,LFCMHUG070_78_block0001_2026_05_20_114734_2026_05_20_121734,salidas_test/new_influx_labeling_batch/raw_blocks/LFCMHUG070_78_block0001_2026_05_20_114734_2026_05_20_121734_raw.parquet,2026-05-20 12:00:44,2026-05-20 12:01:06,2026-05-20T10:00:44Z,2026-05-20T10:01:06Z,walking,,auto_review,Sugerencia heuristica por energia de acelerometro/giroscopio; revisar en Grafana.,22.0,22,2164,2,106.04863890116926,24.429579621306857,210.7976866792027,0.13988064096624953,73.91412262561252,0.1764592640098495,15.143704965093251
LFCMHUG070-78,LFCMHUG070_78_block0002_2026_05_30_085855_2026_05_30_092855,salidas_test/new_influx_labeling_batch/raw_blocks/LFCMHUG070_78_block0002_2026_05_30_085855_2026_05_30_092855_raw.parquet,2026-05-30 08:58:55,2026-05-30 08:59:38,2026-05-30T06:58:55Z,2026-05-30T06:59:38Z,walking,,auto_review,Sugerencia heuristica por energia de acelerometro/giroscopio; revisar en Grafana.,43.0,43,4269,2,49.46721053863413,14.406661867063157,62.004964601777516,0.2626830474366014,68.88103342857234,0.0,5.594827355563095
LFCMHUG070-78,LFCMHUG070_78_block0002_2026_05_30_085855_2026_05_30_092855,salidas_test/new_influx_labeling_batch/raw_blocks/LFCMHUG070_78_block0002_2026_05_30_085855_2026_05_30_092855_raw.parquet,2026-05-30 09:00:41,2026-05-30 09:00:53,2026-05-30T07:00:41Z,2026-05-30T07:00:53Z,not_walking,,auto_review,Sugerencia heuristica por energia de acelerometro/giroscopio; revisar en Grafana.,12.0,12,1186,2,0.0,0.0,0.0,0.00794301976211964,0.6251529928595829,0.0,5.594827355563095
LFCMHUG070-78,LFCMHUG070_78_block0002_2026_05_30_085855_2026_05_30_092855,salidas_test/new_influx_labeling_batch/raw_blocks/LFCMHUG070_78_block0002_2026_05_30_085855_2026_05_30_092855_raw.parquet,2026-05-30 09:00:55,2026-05-30 09:01:19,2026-05-30T07:00:55Z,2026-05-30T07:01:19Z,not_walking,,auto_review,Sugerencia heuristica por energia de acelerometro/giroscopio; revisar en Grafana.,24.0,24,2380,2,0.0,0.0,0.0,0.0054211683946235835,0.555629367471081,0.0,5.594827355563095
LFCMHUG070-78,LFCMHUG070_78_block0002_2026_05_30_085855_2026_05_30_092855,salidas_test/new_influx_labeling_batch/raw_blocks/LFCMHUG070_78_block0002_2026_05_30_085855_2026_05_30_092855_raw.parquet,2026-05-30 09:08:17,2026-05-30 09:08:36,2026-05-30T07:08:17Z,2026-05-30T07:08:36Z,not_walking,,auto_review,Sugerencia heuristica por energia de acelerometro/giroscopio; revisar en Grafana.,19.0,19,1890,2,0.0,0.0,0.0,0.005763993594445588,0.47481862215064513,0.0,5.594827355563095
LFCMHUG070-78,LFCMHUG070_78_block0002_2026_05_30_085855_2026_05_30_092855,salidas_test/new_influx_labeling_batch/raw_blocks/LFCMHUG070_78_block0002_2026_05_30_085855_2026_05_30_092855_raw.parquet,2026-05-30 09:14:16,2026-05-30 09:14:28,2026-05-30T07:14:16Z,2026-05-30T07:14:28Z,not_walking,,auto_review,Sugerencia heuristica por energia de acelerometro/giroscopio; revisar en Grafana.,12.0,12,1188,2,0.0,0.0,0.0,0.0057884198949759375,0.6191093392405463,0.0,5.594827355563095
LFCMHUG070-78,LFCMHUG070_78_block0002_2026_05_30_085855_2026_05_30_092855,salidas_test/new_influx_labeling_batch/raw_blocks/LFCMHUG070_78_block0002_2026_05_30_085855_2026_05_30_092855_raw.parquet,2026-05-30 09:15:30,2026-05-30 09:15:40,2026-05-30T07:15:30Z,2026-05-30T07:15:40Z,not_walking,,auto_review,Sugerencia heuristica por energia de acelerometro/giroscopio; revisar en Grafana.,10.0,10,989,2,0.0,0.0,0.0,0.0037435994341416174,0.42361426338572306,0.0,5.594827355563095
LFCMHUG070-78,LFCMHUG070_78_block0002_2026_05_30_085855_2026_05_30_092855,salidas_test/new_influx_labeling_batch/raw_blocks/LFCMHUG070_78_block0002_2026_05_30_085855_2026_05_30_092855_raw.parquet,2026-05-30 09:18:26,2026-05-30 09:18:37,2026-05-30T07:18:26Z,2026-05-30T07:18:37Z,walking,,auto_review,Sugerencia heuristica por energia de acelerometro/giroscopio; revisar en Grafana.,11.0,11,1082,2,43.132383323956816,19.96247684566762,69.30900167952215,0.19694552060892584,64.38332822809626,0.0,5.594827355563095
LFCMHUG070-78,LFCMHUG070_78_block0002_2026_05_30_085855_2026_05_30_092855,salidas_test/new_influx_labeling_batch/raw_blocks/LFCMHUG070_78_block0002_2026_05_30_085855_2026_05_30_092855_raw.parquet,2026-05-30 09:18:54,2026-05-30 09:19:04,2026-05-30T07:18:54Z,2026-05-30T07:19:04Z,walking,,auto_review,Sugerencia heuristica por energia de acelerometro/giroscopio; revisar en Grafana.,10.0,10,991,2,23.30148575087459,7.244237701465108,43.63369004410473,0.08910996168414362,38.369837422098,0.0,5.594827355563095
LFCMHUG070-78,LFCMHUG070_78_block0002_2026_05_30_085855_2026_05_30_092855,salidas_test/new_influx_labeling_batch/raw_blocks/LFCMHUG070_78_block0002_2026_05_30_085855_2026_05_30_092855_raw.parquet,2026-05-30 09:19:24,2026-05-30 09:20:02,2026-05-30T07:19:24Z,2026-05-30T07:20:02Z,walking,,auto_review,Sugerencia heuristica por energia de acelerometro/giroscopio; revisar en Grafana.,38.0,38,3767,2,43.71007776334416,12.98146942132241,66.56296117152132,0.2392713491511492,60.43652284005184,0.0,5.594827355563095
LFCMHUG070-78,LFCMHUG070_78_block0002_2026_05_30_085855_2026_05_30_092855,salidas_test/new_influx_labeling_batch/raw_blocks/LFCMHUG070_78_block0002_2026_05_30_085855_2026_05_30_092855_raw.parquet,2026-05-30 09:20:20,2026-05-30 09:20:31,2026-05-30T07:20:20Z,2026-05-30T07:20:31Z,walking,,auto_review,Sugerencia heuristica por energia de acelerometro/giroscopio; revisar en Grafana.,11.0,11,1093,2,32.32448293020915,11.584521393776406,56.213412210915905,0.16096269898152718,47.542262891044196,0.0,5.594827355563095
LFCMHUG070-78,LFCMHUG070_78_block0002_2026_05_30_085855_2026_05_30_092855,salidas_test/new_influx_labeling_batch/raw_blocks/LFCMHUG070_78_block0002_2026_05_30_085855_2026_05_30_092855_raw.parquet,2026-05-30 09:20:32,2026-05-30 09:20:45,2026-05-30T07:20:32Z,2026-05-30T07:20:45Z,walking,,auto_review,Sugerencia heuristica por energia de acelerometro/giroscopio; revisar en Grafana.,13.0,13,1296,2,40.75886453574862,6.42321400041511,55.07129545497495,0.1686868380642414,63.18899534094529,0.0,5.594827355563095
LFCMHUG070-78,LFCMHUG070_78_block0002_2026_05_30_085855_2026_05_30_092855,salidas_test/new_influx_labeling_batch/raw_blocks/LFCMHUG070_78_block0002_2026_05_30_085855_2026_05_30_092855_raw.parquet,2026-05-30 09:21:16,2026-05-30 09:21:26,2026-05-30T07:21:16Z,2026-05-30T07:21:26Z,walking,,auto_review,Sugerencia heuristica por energia de acelerometro/giroscopio; revisar en Grafana.,10.0,10,992,2,38.493108242073895,23.427551184933076,61.98190163901972,0.1608146014112031,59.696679365631,0.0,5.594827355563095
LFCMHUG070-78,LFCMHUG070_78_block0002_2026_05_30_085855_2026_05_30_092855,salidas_test/new_influx_labeling_batch/raw_blocks/LFCMHUG070_78_block0002_2026_05_30_085855_2026_05_30_092855_raw.parquet,2026-05-30 09:21:29,2026-05-30 09:21:44,2026-05-30T07:21:29Z,2026-05-30T07:21:44Z,walking,,auto_review,Sugerencia heuristica por energia de acelerometro/giroscopio; revisar en Grafana.,15.0,15,1489,2,21.971209950621027,10.213994024572937,40.869048065595656,0.08979915273775695,35.79475904597696,0.0,5.594827355563095
LFCMHUG070-78,LFCMHUG070_78_block0002_2026_05_30_085855_2026_05_30_092855,salidas_test/new_influx_labeling_batch/raw_blocks/LFCMHUG070_78_block0002_2026_05_30_085855_2026_05_30_092855_raw.parquet,2026-05-30 09:21:45,2026-05-30 09:22:30,2026-05-30T07:21:45Z,2026-05-30T07:22:30Z,walking,,auto_review,Sugerencia heuristica por energia de acelerometro/giroscopio; revisar en Grafana.,45.0,45,4473,2,31.14257672171728,6.946890220133016,51.49472049135761,0.15609115131239282,45.79819506391806,0.0,5.594827355563095
LFCMHUG070-78,LFCMHUG070_78_block0002_2026_05_30_085855_2026_05_30_092855,salidas_test/new_influx_labeling_batch/raw_blocks/LFCMHUG070_78_block0002_2026_05_30_085855_2026_05_30_092855_raw.parquet,2026-05-30 09:22:38,2026-05-30 09:22:50,2026-05-30T07:22:38Z,2026-05-30T07:22:50Z,walking,,auto_review,Sugerencia heuristica por energia de acelerometro/giroscopio; revisar en Grafana.,12.0,12,1182,2,27.79544068162741,8.03529289418749,48.177067162683,0.09466037544067162,46.52260418770226,0.0,5.594827355563095
LFCMHUG070-78,LFCMHUG070_78_block0002_2026_05_30_085855_2026_05_30_092855,salidas_test/new_influx_labeling_batch/raw_blocks/LFCMHUG070_78_block0002_2026_05_30_085855_2026_05_30_092855_raw.parquet,2026-05-30 09:23:09,2026-05-30 09:23:26,2026-05-30T07:23:09Z,2026-05-30T07:23:26Z,walking,,auto_review,Sugerencia heuristica por energia de acelerometro/giroscopio; revisar en Grafana.,17.0,17,1681,2,39.42863521519266,18.857553377072918,59.18986563482815,0.2060518529909082,56.03320065392608,0.0,5.594827355563095
LFCMHUG070-78,LFCMHUG070_78_block0002_2026_05_30_085855_2026_05_30_092855,salidas_test/new_influx_labeling_batch/raw_blocks/LFCMHUG070_78_block0002_2026_05_30_085855_2026_05_30_092855_raw.parquet,2026-05-30 09:24:17,2026-05-30 09:24:27,2026-05-30T07:24:17Z,2026-05-30T07:24:27Z,walking,,auto_review,Sugerencia heuristica por energia de acelerometro/giroscopio; revisar en Grafana.,10.0,10,990,2,29.47543150829329,7.8305672980216245,55.4670511717805,0.1393618463827932,44.585514769650715,0.0,5.594827355563095
LFCMHUG070-78,LFCMHUG070_78_block0002_2026_05_30_085855_2026_05_30_092855,salidas_test/new_influx_labeling_batch/raw_blocks/LFCMHUG070_78_block0002_2026_05_30_085855_2026_05_30_092855_raw.parquet,2026-05-30 09:24:37,2026-05-30 09:24:47,2026-05-30T07:24:37Z,2026-05-30T07:24:47Z,walking,,auto_review,Sugerencia heuristica por energia de acelerometro/giroscopio; revisar en Grafana.,10.0,10,995,2,41.63796520987431,17.4906321238817,59.044682912103866,0.17674999993700763,63.9086485922101,0.0,5.594827355563095
LFCMHUG070-78,LFCMHUG070_78_block0002_2026_05_30_085855_2026_05_30_092855,salidas_test/new_influx_labeling_batch/raw_blocks/LFCMHUG070_78_block0002_2026_05_30_085855_2026_05_30_092855_raw.parquet,2026-05-30 09:24:48,2026-05-30 09:25:13,2026-05-30T07:24:48Z,2026-05-30T07:25:13Z,walking,,auto_review,Sugerencia heuristica por energia de acelerometro/giroscopio; revisar en Grafana.,25.0,25,2469,2,38.02078442023369,6.265604084986629,59.675236416846204,0.17810249689133165,56.64634223963179,0.0,5.594827355563095
LFCMHUG070-78,LFCMHUG070_78_block0002_2026_05_30_085855_2026_05_30_092855,salidas_test/new_influx_labeling_batch/raw_blocks/LFCMHUG070_78_block0002_2026_05_30_085855_2026_05_30_092855_raw.parquet,2026-05-30 09:26:34,2026-05-30 09:27:03,2026-05-30T07:26:34Z,2026-05-30T07:27:03Z,walking,,auto_review,Sugerencia heuristica por energia de acelerometro/giroscopio; revisar en Grafana.,29.0,29,2878,2,36.4627602568168,6.29075985895106,56.866256229710494,0.18649972264174772,52.58097632688104,0.0,5.594827355563095
LFCMHUG070-78,LFCMHUG070_78_block0002_2026_05_30_085855_2026_05_30_092855,salidas_test/new_influx_labeling_batch/raw_blocks/LFCMHUG070_78_block0002_2026_05_30_085855_2026_05_30_092855_raw.parquet,2026-05-30 09:27:26,2026-05-30 09:27:38,2026-05-30T07:27:26Z,2026-05-30T07:27:38Z,walking,,auto_review,Sugerencia heuristica por energia de acelerometro/giroscopio; revisar en Grafana.,12.0,12,1186,2,34.7601192564058,15.19972175348916,55.67530225003678,0.1270258213730352,56.39161846912816,0.0,5.594827355563095
MGM-202406-79,MGM_202406_79_block0001_2024_06_16_130911_2024_06_16_133911,salidas_test/new_influx_labeling_batch/raw_blocks/MGM_202406_79_block0001_2024_06_16_130911_2024_06_16_133911_raw.parquet,2024-06-16 13:09:18,2024-06-16 13:10:01,2024-06-16T11:09:18Z,2024-06-16T11:10:01Z,not_walking,,auto_review,Sugerencia heuristica por energia de acelerometro/giroscopio; revisar en Grafana.,43.0,43,4061,2,0.0,0.0,0.0,0.0012096438710231625,0.6823232874738255,0.0,7.761787249479721
MGM-202406-79,MGM_202406_79_block0001_2024_06_16_130911_2024_06_16_133911,salidas_test/new_influx_labeling_batch/raw_blocks/MGM_202406_79_block0001_2024_06_16_130911_2024_06_16_133911_raw.parquet,2024-06-16 13:10:02,2024-06-16 13:10:47,2024-06-16T11:10:02Z,2024-06-16T11:10:47Z,not_walking,,auto_review,Sugerencia heuristica por energia de acelerometro/giroscopio; revisar en Grafana.,45.0,45,4300,2,0.0,0.0,0.0,0.0028997557885298226,0.9176228910090115,0.0,7.761787249479721
MGM-202406-79,MGM_202406_79_block0001_2024_06_16_130911_2024_06_16_133911,salidas_test/new_influx_labeling_batch/raw_blocks/MGM_202406_79_block0001_2024_06_16_130911_2024_06_16_133911_raw.parquet,2024-06-16 13:13:30,2024-06-16 13:13:49,2024-06-16T11:13:30Z,2024-06-16T11:13:49Z,not_walking,,auto_review,Sugerencia heuristica por energia de acelerometro/giroscopio; revisar en Grafana.,19.0,19,1846,2,0.0,0.0,0.0,0.007401206150503761,2.2392149542050017,0.0,7.761787249479721
MGM-202406-79,MGM_202406_79_block0001_2024_06_16_130911_2024_06_16_133911,salidas_test/new_influx_labeling_batch/raw_blocks/MGM_202406_79_block0001_2024_06_16_130911_2024_06_16_133911_raw.parquet,2024-06-16 13:16:20,2024-06-16 13:16:40,2024-06-16T11:16:20Z,2024-06-16T11:16:40Z,not_walking,,auto_review,Sugerencia heuristica por energia de acelerometro/giroscopio; revisar en Grafana.,20.0,20,1964,2,0.0,0.0,0.0,0.003478420273193723,2.144106086697545,0.0,7.761787249479721
MGM-202406-79,MGM_202406_79_block0001_2024_06_16_130911_2024_06_16_133911,salidas_test/new_influx_labeling_batch/raw_blocks/MGM_202406_79_block0001_2024_06_16_130911_2024_06_16_133911_raw.parquet,2024-06-16 13:17:26,2024-06-16 13:17:36,2024-06-16T11:17:26Z,2024-06-16T11:17:36Z,not_walking,,auto_review,Sugerencia heuristica por energia de acelerometro/giroscopio; revisar en Grafana.,10.0,10,979,2,0.0,0.0,0.0,0.0034721882899963682,3.0000748596597724,0.0,7.761787249479721
MGM-202406-79,MGM_202406_79_block0001_2024_06_16_130911_2024_06_16_133911,salidas_test/new_influx_labeling_batch/raw_blocks/MGM_202406_79_block0001_2024_06_16_130911_2024_06_16_133911_raw.parquet,2024-06-16 13:17:39,2024-06-16 13:17:55,2024-06-16T11:17:39Z,2024-06-16T11:17:55Z,not_walking,,auto_review,Sugerencia heuristica por energia de acelerometro/giroscopio; revisar en Grafana.,16.0,16,1581,2,0.0,0.0,0.0,0.005121815491151425,1.867880638988189,0.0,7.761787249479721
MGM-202406-79,MGM_202406_79_block0001_2024_06_16_130911_2024_06_16_133911,salidas_test/new_influx_labeling_batch/raw_blocks/MGM_202406_79_block0001_2024_06_16_130911_2024_06_16_133911_raw.parquet,2024-06-16 13:18:50,2024-06-16 13:19:06,2024-06-16T11:18:50Z,2024-06-16T11:19:06Z,not_walking,,auto_review,Sugerencia heuristica por energia de acelerometro/giroscopio; revisar en Grafana.,16.0,16,1588,2,0.0,0.0,0.0,0.002787863319918584,2.245197470296938,0.0,7.761787249479721
MGM-202406-79,MGM_202406_79_block0001_2024_06_16_130911_2024_06_16_133911,salidas_test/new_influx_labeling_batch/raw_blocks/MGM_202406_79_block0001_2024_06_16_130911_2024_06_16_133911_raw.parquet,2024-06-16 13:19:09,2024-06-16 13:19:19,2024-06-16T11:19:09Z,2024-06-16T11:19:19Z,not_walking,,auto_review,Sugerencia heuristica por energia de acelerometro/giroscopio; revisar en Grafana.,10.0,10,979,2,0.0,0.0,0.0,0.0033824487531997982,2.6817571739053947,0.0,7.761787249479721
MGM-202406-79,MGM_202406_79_block0001_2024_06_16_130911_2024_06_16_133911,salidas_test/new_influx_labeling_batch/raw_blocks/MGM_202406_79_block0001_2024_06_16_130911_2024_06_16_133911_raw.parquet,2024-06-16 13:21:47,2024-06-16 13:22:02,2024-06-16T11:21:47Z,2024-06-16T11:22:02Z,not_walking,,auto_review,Sugerencia heuristica por energia de acelerometro/giroscopio; revisar en Grafana.,15.0,15,1477,2,0.0,0.0,0.0,0.0019191428143115288,1.7474640743685206,0.0,7.761787249479721
MGM-202406-79,MGM_202406_79_block0001_2024_06_16_130911_2024_06_16_133911,salidas_test/new_influx_labeling_batch/raw_blocks/MGM_202406_79_block0001_2024_06_16_130911_2024_06_16_133911_raw.parquet,2024-06-16 13:24:03,2024-06-16 13:24:15,2024-06-16T11:24:03Z,2024-06-16T11:24:15Z,walking,,auto_review,Sugerencia heuristica por energia de acelerometro/giroscopio; revisar en Grafana.,12.0,12,1149,2,9.69504824110558,7.911979713167435,12.564732852222008,0.4922626578919373,74.201177865374,0.0,7.761787249479721
MGM-202406-79,MGM_202406_79_block0001_2024_06_16_130911_2024_06_16_133911,salidas_test/new_influx_labeling_batch/raw_blocks/MGM_202406_79_block0001_2024_06_16_130911_2024_06_16_133911_raw.parquet,2024-06-16 13:24:29,2024-06-16 13:24:41,2024-06-16T11:24:29Z,2024-06-16T11:24:41Z,walking,,auto_review,Sugerencia heuristica por energia de acelerometro/giroscopio; revisar en Grafana.,12.0,12,1174,2,11.023998905482856,8.927332393293103,12.731190055992645,0.5110301542323435,89.22830611337537,0.0,7.761787249479721
MGM-202406-79,MGM_202406_79_block0001_2024_06_16_130911_2024_06_16_133911,salidas_test/new_influx_labeling_batch/raw_blocks/MGM_202406_79_block0001_2024_06_16_130911_2024_06_16_133911_raw.parquet,2024-06-16 13:26:05,2024-06-16 13:26:15,2024-06-16T11:26:05Z,2024-06-16T11:26:15Z,walking,,auto_review,Sugerencia heuristica por energia de acelerometro/giroscopio; revisar en Grafana.,10.0,10,985,2,9.876010108634265,8.082053811833408,12.639836089965835,0.5154701881314162,73.09526142123165,0.0,7.761787249479721
MGM-202406-79,MGM_202406_79_block0001_2024_06_16_130911_2024_06_16_133911,salidas_test/new_influx_labeling_batch/raw_blocks/MGM_202406_79_block0001_2024_06_16_130911_2024_06_16_133911_raw.parquet,2024-06-16 13:26:35,2024-06-16 13:26:48,2024-06-16T11:26:35Z,2024-06-16T11:26:48Z,walking,,auto_review,Sugerencia heuristica por energia de acelerometro/giroscopio; revisar en Grafana.,13.0,13,1279,2,9.325815738653933,7.908770378727439,10.825070780302015,0.47233759226229716,72.27140178974471,0.0,7.761787249479721
MGM-202406-79,MGM_202406_79_block0001_2024_06_16_130911_2024_06_16_133911,salidas_test/new_influx_labeling_batch/raw_blocks/MGM_202406_79_block0001_2024_06_16_130911_2024_06_16_133911_raw.parquet,2024-06-16 13:26:58,2024-06-16 13:27:11,2024-06-16T11:26:58Z,2024-06-16T11:27:11Z,walking,,auto_review,Sugerencia heuristica por energia de acelerometro/giroscopio; revisar en Grafana.,13.0,13,1262,2,10.609015211938033,8.144777362114802,12.880127748612054,0.5309846261913038,80.59570357055526,0.0,7.761787249479721
MGM-202406-79,MGM_202406_79_block0001_2024_06_16_130911_2024_06_16_133911,salidas_test/new_influx_labeling_batch/raw_blocks/MGM_202406_79_block0001_2024_06_16_130911_2024_06_16_133911_raw.parquet,2024-06-16 13:27:13,2024-06-16 13:31:02,2024-06-16T11:27:13Z,2024-06-16T11:31:02Z,walking,,auto_review,Sugerencia heuristica por energia de acelerometro/giroscopio; revisar en Grafana.,229.0,229,22593,2,14.539622508040924,8.633103898520119,16.119991751149737,0.7062071033395451,106.76891498809175,0.0,7.761787249479721
MGM-202406-79,MGM_202406_79_block0001_2024_06_16_130911_2024_06_16_133911,salidas_test/new_influx_labeling_batch/raw_blocks/MGM_202406_79_block0001_2024_06_16_130911_2024_06_16_133911_raw.parquet,2024-06-16 13:31:57,2024-06-16 13:32:48,2024-06-16T11:31:57Z,2024-06-16T11:32:48Z,not_walking,,auto_review,Sugerencia heuristica por energia de acelerometro/giroscopio; revisar en Grafana.,51.0,51,4842,2,0.0,0.0,0.0,0.0024316228155423147,0.38108384154350494,0.0,7.761787249479721
MGM-202406-79,MGM_202406_79_block0001_2024_06_16_130911_2024_06_16_133911,salidas_test/new_influx_labeling_batch/raw_blocks/MGM_202406_79_block0001_2024_06_16_130911_2024_06_16_133911_raw.parquet,2024-06-16 13:32:49,2024-06-16 13:33:54,2024-06-16T11:32:49Z,2024-06-16T11:33:54Z,not_walking,,auto_review,Sugerencia heuristica por energia de acelerometro/giroscopio; revisar en Grafana.,65.0,65,6171,2,0.0,0.0,0.0,0.0014818819029327687,0.40739071766600404,0.0,7.761787249479721
MGM-202406-79,MGM_202406_79_block0001_2024_06_16_130911_2024_06_16_133911,salidas_test/new_influx_labeling_batch/raw_blocks/MGM_202406_79_block0001_2024_06_16_130911_2024_06_16_133911_raw.parquet,2024-06-16 13:34:05,2024-06-16 13:34:23,2024-06-16T11:34:05Z,2024-06-16T11:34:23Z,not_walking,,auto_review,Sugerencia heuristica por energia de acelerometro/giroscopio; revisar en Grafana.,18.0,18,1676,2,0.0,0.0,0.0,0.023496802457829823,3.2162444717826855,0.0,7.761787249479721
MGM-202406-79,MGM_202406_79_block0001_2024_06_16_130911_2024_06_16_133911,salidas_test/new_influx_labeling_batch/raw_blocks/MGM_202406_79_block0001_2024_06_16_130911_2024_06_16_133911_raw.parquet,2024-06-16 13:37:50,2024-06-16 13:38:01,2024-06-16T11:37:50Z,2024-06-16T11:38:01Z,not_walking,,auto_review,Sugerencia heuristica por energia de acelerometro/giroscopio; revisar en Grafana.,11.0,11,1046,2,0.0,0.0,0.0,0.04292884227991896,2.4268154223644127,0.0,7.761787249479721
MGM-202406-79,MGM_202406_79_block0001_2024_06_16_130911_2024_06_16_133911,salidas_test/new_influx_labeling_batch/raw_blocks/MGM_202406_79_block0001_2024_06_16_130911_2024_06_16_133911_raw.parquet,2024-06-16 13:38:40,2024-06-16 13:38:53,2024-06-16T11:38:40Z,2024-06-16T11:38:53Z,not_walking,,auto_review,Sugerencia heuristica por energia de acelerometro/giroscopio; revisar en Grafana.,13.0,13,1216,2,0.0,0.0,0.0,0.04152336631686753,2.4988303084014283,0.0,7.761787249479721
MGM-202406-79,MGM_202406_79_block0002_2024_10_08_133918_2024_10_08_140918,salidas_test/new_influx_labeling_batch/raw_blocks/MGM_202406_79_block0002_2024_10_08_133918_2024_10_08_140918_raw.parquet,2024-10-08 13:43:35,2024-10-08 13:43:48,2024-10-08T11:43:35Z,2024-10-08T11:43:48Z,walking,,auto_review,Sugerencia heuristica por energia de acelerometro/giroscopio; revisar en Grafana.,13.0,13,1271,2,2.820658611811758,2.620739728601704,3.0844001327099466,0.5463913021520159,78.2133155526737,0.0,2.6018986025831654
MGM-202406-79,MGM_202406_79_block0002_2024_10_08_133918_2024_10_08_140918,salidas_test/new_influx_labeling_batch/raw_blocks/MGM_202406_79_block0002_2024_10_08_133918_2024_10_08_140918_raw.parquet,2024-10-08 13:44:14,2024-10-08 13:44:26,2024-10-08T11:44:14Z,2024-10-08T11:44:26Z,walking,,auto_review,Sugerencia heuristica por energia de acelerometro/giroscopio; revisar en Grafana.,12.0,12,1167,2,2.8993923981906153,2.619645706420583,3.184240842887262,0.548711034545672,81.17314793205323,0.0,2.6018986025831654
MGM-202406-79,MGM_202406_79_block0002_2024_10_08_133918_2024_10_08_140918,salidas_test/new_influx_labeling_batch/raw_blocks/MGM_202406_79_block0002_2024_10_08_133918_2024_10_08_140918_raw.parquet,2024-10-08 13:45:57,2024-10-08 13:46:09,2024-10-08T11:45:57Z,2024-10-08T11:46:09Z,not_walking,,auto_review,Sugerencia heuristica por energia de acelerometro/giroscopio; revisar en Grafana.,12.0,12,1167,2,0.0,0.0,0.0,0.005856819113509569,6.311234688186715,0.0,2.6018986025831654
MGM-202406-79,MGM_202406_79_block0002_2024_10_08_133918_2024_10_08_140918,salidas_test/new_influx_labeling_batch/raw_blocks/MGM_202406_79_block0002_2024_10_08_133918_2024_10_08_140918_raw.parquet,2024-10-08 13:46:10,2024-10-08 13:46:21,2024-10-08T11:46:10Z,2024-10-08T11:46:21Z,not_walking,,auto_review,Sugerencia heuristica por energia de acelerometro/giroscopio; revisar en Grafana.,11.0,11,1069,2,0.0,0.0,0.0,0.0013199821741291745,2.0850945432425623,0.0,2.6018986025831654
MGM-202406-79,MGM_202406_79_block0002_2024_10_08_133918_2024_10_08_140918,salidas_test/new_influx_labeling_batch/raw_blocks/MGM_202406_79_block0002_2024_10_08_133918_2024_10_08_140918_raw.parquet,2024-10-08 13:46:46,2024-10-08 13:46:56,2024-10-08T11:46:46Z,2024-10-08T11:46:56Z,walking,,auto_review,Sugerencia heuristica por energia de acelerometro/giroscopio; revisar en Grafana.,10.0,10,966,2,2.834629074266579,2.624504637917818,3.061788546342596,0.534523527878936,82.00556422366166,0.0,2.6018986025831654
MGM-202406-79,MGM_202406_79_block0002_2024_10_08_133918_2024_10_08_140918,salidas_test/new_influx_labeling_batch/raw_blocks/MGM_202406_79_block0002_2024_10_08_133918_2024_10_08_140918_raw.parquet,2024-10-08 13:47:47,2024-10-08 13:54:49,2024-10-08T11:47:47Z,2024-10-08T11:54:49Z,not_walking,,auto_review,Sugerencia heuristica por energia de acelerometro/giroscopio; revisar en Grafana.,422.0,422,40510,2,0.0,0.0,0.0,0.00972224770022245,0.9134176063889116,0.0,2.6018986025831654
MGM-202406-79,MGM_202406_79_block0002_2024_10_08_133918_2024_10_08_140918,salidas_test/new_influx_labeling_batch/raw_blocks/MGM_202406_79_block0002_2024_10_08_133918_2024_10_08_140918_raw.parquet,2024-10-08 13:55:08,2024-10-08 13:56:07,2024-10-08T11:55:08Z,2024-10-08T11:56:07Z,not_walking,,auto_review,Sugerencia heuristica por energia de acelerometro/giroscopio; revisar en Grafana.,59.0,59,5682,2,0.0,0.0,0.0,0.008500840537515906,2.900564114141132,0.0,2.6018986025831654
MGM-202406-79,MGM_202406_79_block0002_2024_10_08_133918_2024_10_08_140918,salidas_test/new_influx_labeling_batch/raw_blocks/MGM_202406_79_block0002_2024_10_08_133918_2024_10_08_140918_raw.parquet,2024-10-08 13:56:10,2024-10-08 13:56:21,2024-10-08T11:56:10Z,2024-10-08T11:56:21Z,not_walking,,auto_review,Sugerencia heuristica por energia de acelerometro/giroscopio; revisar en Grafana.,11.0,11,1075,2,0.0,0.0,0.0,0.004404698435248235,3.312682684826893,0.0,2.6018986025831654
MGM-202406-79,MGM_202406_79_block0002_2024_10_08_133918_2024_10_08_140918,salidas_test/new_influx_labeling_batch/raw_blocks/MGM_202406_79_block0002_2024_10_08_133918_2024_10_08_140918_raw.parquet,2024-10-08 13:57:16,2024-10-08 13:57:27,2024-10-08T11:57:16Z,2024-10-08T11:57:27Z,not_walking,,auto_review,Sugerencia heuristica por energia de acelerometro/giroscopio; revisar en Grafana.,11.0,11,1074,2,0.0,0.0,0.0,0.0033122196106646113,7.526781813060588,0.0,2.6018986025831654
MGM-202406-79,MGM_202406_79_block0002_2024_10_08_133918_2024_10_08_140918,salidas_test/new_influx_labeling_batch/raw_blocks/MGM_202406_79_block0002_2024_10_08_133918_2024_10_08_140918_raw.parquet,2024-10-08 13:57:29,2024-10-08 13:57:40,2024-10-08T11:57:29Z,2024-10-08T11:57:40Z,not_walking,,auto_review,Sugerencia heuristica por energia de acelerometro/giroscopio; revisar en Grafana.,11.0,11,1063,2,0.0,0.0,0.0,0.0038587833761876715,6.636484054794215,0.0,2.6018986025831654
MGM-202406-79,MGM_202406_79_block0002_2024_10_08_133918_2024_10_08_140918,salidas_test/new_influx_labeling_batch/raw_blocks/MGM_202406_79_block0002_2024_10_08_133918_2024_10_08_140918_raw.parquet,2024-10-08 13:58:48,2024-10-08 13:59:00,2024-10-08T11:58:48Z,2024-10-08T11:59:00Z,walking,,auto_review,Sugerencia heuristica por energia de acelerometro/giroscopio; revisar en Grafana.,12.0,12,1161,2,2.778824375640967,2.6109756729435967,3.0244637023153835,0.5359545816790141,79.10226739511872,0.0,2.6018986025831654
MGM-202406-79,MGM_202406_79_block0002_2024_10_08_133918_2024_10_08_140918,salidas_test/new_influx_labeling_batch/raw_blocks/MGM_202406_79_block0002_2024_10_08_133918_2024_10_08_140918_raw.parquet,2024-10-08 14:01:13,2024-10-08 14:01:25,2024-10-08T12:01:13Z,2024-10-08T12:01:25Z,not_walking,,auto_review,Sugerencia heuristica por energia de acelerometro/giroscopio; revisar en Grafana.,12.0,12,1172,2,0.0,0.0,0.0,0.00149279494700638,2.5493350961632597,0.0,2.6018986025831654
MGM-202406-79,MGM_202406_79_block0002_2024_10_08_133918_2024_10_08_140918,salidas_test/new_influx_labeling_batch/raw_blocks/MGM_202406_79_block0002_2024_10_08_133918_2024_10_08_140918_raw.parquet,2024-10-08 14:01:46,2024-10-08 14:02:20,2024-10-08T12:01:46Z,2024-10-08T12:02:20Z,not_walking,,auto_review,Sugerencia heuristica por energia de acelerometro/giroscopio; revisar en Grafana.,34.0,34,3323,2,0.0,0.0,0.0,0.0024220349882984626,3.7715225017049865,0.0,2.6018986025831654
MGM-202406-79,MGM_202406_79_block0002_2024_10_08_133918_2024_10_08_140918,salidas_test/new_influx_labeling_batch/raw_blocks/MGM_202406_79_block0002_2024_10_08_133918_2024_10_08_140918_raw.parquet,2024-10-08 14:02:50,2024-10-08 14:03:07,2024-10-08T12:02:50Z,2024-10-08T12:03:07Z,not_walking,,auto_review,Sugerencia heuristica por energia de acelerometro/giroscopio; revisar en Grafana.,17.0,17,1604,2,0.0,0.0,0.0,0.002055528520200501,3.8547609570242702,0.0,2.6018986025831654
MGM-202406-79,MGM_202406_79_block0002_2024_10_08_133918_2024_10_08_140918,salidas_test/new_influx_labeling_batch/raw_blocks/MGM_202406_79_block0002_2024_10_08_133918_2024_10_08_140918_raw.parquet,2024-10-08 14:04:03,2024-10-08 14:04:20,2024-10-08T12:04:03Z,2024-10-08T12:04:20Z,walking,,auto_review,Sugerencia heuristica por energia de acelerometro/giroscopio; revisar en Grafana.,17.0,17,1661,2,2.8145689165105705,2.6283915592505833,3.1268011570338476,0.5305273486054917,82.05881215302936,0.0,2.6018986025831654
MGM-202406-79,MGM_202406_79_block0002_2024_10_08_133918_2024_10_08_140918,salidas_test/new_influx_labeling_batch/raw_blocks/MGM_202406_79_block0002_2024_10_08_133918_2024_10_08_140918_raw.parquet,2024-10-08 14:04:30,2024-10-08 14:04:41,2024-10-08T12:04:30Z,2024-10-08T12:04:41Z,walking,,auto_review,Sugerencia heuristica por energia de acelerometro/giroscopio; revisar en Grafana.,11.0,11,1071,2,2.829421710186391,2.6044204138720675,3.1713694793921112,0.5368835314438202,81.15461985647579,0.0,2.6018986025831654
MGM-202406-79,MGM_202406_79_block0002_2024_10_08_133918_2024_10_08_140918,salidas_test/new_influx_labeling_batch/raw_blocks/MGM_202406_79_block0002_2024_10_08_133918_2024_10_08_140918_raw.parquet,2024-10-08 14:05:16,2024-10-08 14:05:36,2024-10-08T12:05:16Z,2024-10-08T12:05:36Z,not_walking,,auto_review,Sugerencia heuristica por energia de acelerometro/giroscopio; revisar en Grafana.,20.0,20,1956,2,0.0,0.0,0.0,0.016935637041522764,19.682538475636488,0.0,2.6018986025831654
MGM-202406-79,MGM_202406_79_block0002_2024_10_08_133918_2024_10_08_140918,salidas_test/new_influx_labeling_batch/raw_blocks/MGM_202406_79_block0002_2024_10_08_133918_2024_10_08_140918_raw.parquet,2024-10-08 14:05:54,2024-10-08 14:06:12,2024-10-08T12:05:54Z,2024-10-08T12:06:12Z,not_walking,,auto_review,Sugerencia heuristica por energia de acelerometro/giroscopio; revisar en Grafana.,18.0,18,1769,2,0.0,0.0,0.0,0.0052099029803537155,7.180848132008454,0.0,2.6018986025831654
MGM-202406-79,MGM_202406_79_block0002_2024_10_08_133918_2024_10_08_140918,salidas_test/new_influx_labeling_batch/raw_blocks/MGM_202406_79_block0002_2024_10_08_133918_2024_10_08_140918_raw.parquet,2024-10-08 14:06:57,2024-10-08 14:07:14,2024-10-08T12:06:57Z,2024-10-08T12:07:14Z,not_walking,,auto_review,Sugerencia heuristica por energia de acelerometro/giroscopio; revisar en Grafana.,17.0,17,1662,2,0.0,0.0,0.0,0.00683535949211502,7.161483195287634,0.0,2.6018986025831654
